6640805,23914
6647165,23911
6658337,23914
6664504,23913
6670649,23915
6676792,23918
6682966,23914
6689757,23913
6695912,23920
6702123,23915
6708333,23922
6714518,23912
6720683,23916
6726867,23911
6733036,23917
6739218,23916
6744430,23921
6750566,23911
6756778,23916
6762924,23917
6768331,23915
6774502,23916
6780665,23914
6792046,23913
6798221,23908
6804406,23909
6810574,23915
6816762,23910
6822950,23909
6829145,23914
6835349,23913
6841525,23912
6847756,23911
6853934,23911
6860087,23911
6866278,23909
6872464,23904
6877887,23906
6884060,23913
6890224,23903
6897061,23918
6902278,23917
6908430,23913
6914614,23908
6925292,23903
6931480,23911
6937690,23908
6943913,23911
6950085,23903
6956221,23911
6962392,23905
6968572,23905
6974740,23913
6980905,23909
6987085,23907
6993310,23905
6999478,23912
7005648,23906
7011840,23907
7017310,23907
7023512,23908
7029719,23907
7034968,23913
7041175,23910
7047416,23907
7053596,23911
7064537,23906
7070709,23916
7076881,23910
7083071,23908
7089281,23912
7095464,23905
7101582,23908
7108398,23911
7114538,23908
7120729,23910
7133512,23904
7139734,23908
7146014,23912
7152210,23911
7158407,23907
7164621,23901
7170855,23905
7177027,23901
7183185,23909
7194054,23912
7200239,23912
7206461,23914
7212575,23912
7218767,23918
7224965,23910
7231165,23908
7237417,23913
7243587,23915
7249788,23914
7256019,23910
7262222,23905
7268406,23914
7274576,23909
7280762,23914
7286001,23910
7292198,23910
7298367,23913
7304552,23917
7310755,23915
7316960,23906
7328534,23918
7334696,23921
7340891,23919
7347077,23918
7353208,23915
7359410,23913
7365548,23917
7371747,23915
7377951,23917
7384160,23915
7390363,23914
7396582,23913
7402762,23918
7408949,23913
7415117,23918
7421304,23915
7427520,23912
7433704,23919
7438933,23915
7445101,23914
7451321,23914
7462147,23922
7468345,23917
7474509,23911
7480624,23924
7486780,23921
7492972,23925
7499153,23926
7505322,23926
7511498,23918
7517658,23917
7523832,23920
7530044,23926
7536847,23919
7543024,23922
7549211,23923
7555420,23926
7561603,23930
7567795,23920
7572961,23925
7579116,23919
7585303,23928
7596188,23923
7602417,23925
7608565,23923
7614715,23925
7620895,23928
7627066,23924
7633246,23929
7639437,23920
7645606,23925
7651777,23926
7657999,23927
7664174,23925
7670396,23925
7676555,23929
7682761,23927
7688921,23926
7695101,23921
7700338,23927
7706494,23922
7711956,23924
7718174,23933
7724443,23928
7735175,23930
7741364,23921
7748147,23920
7754326,23922
7760546,23921
7766744,23918
7772951,23923
7779107,23923
7785292,23920
7791479,23919
7797669,23926
7803852,23929
7809999,23924
7816160,23925
7822353,23922
7828552,23921
7834009,23925
7840187,23921
7845449,23923
7851625,23925
7857860,23922
7868693,23924
7874861,23917
7881032,23917
7887196,23921
7893403,23919
7899598,23924
7905798,23927
7911986,23929
7918144,23923
7924339,23918
7930507,23924
7936601,23919
7942790,23927
7948981,23921
7955757,23926
7961980,23931
7968179,23927
7973376,23927
7979548,23926
7985777,23923
7991992,23929
8002833,23925
8009004,23927
8015194,23925
8021445,23925
8027628,23921
8033795,23921
8040011,23924
8046201,23928
8052455,23927
8058628,23923
8064806,23924
8070965,23922
8077128,23926
8083354,23929
8089556,23924
8095749,23927
8101939,23924
8107162,23932
8113345,23927
8118797,23927
8125020,23924
8131207,23927
8137430,23929
8143566,23930
8149676,23933
8155887,23927
8162622,23932
8168832,23928
8175025,23927
8181193,23930
8187408,23930
8193553,23928
8199700,23926
8205898,23936
8212040,23929
8218229,23931
8224447,23935
8230609,23931
8236792,23927
8242014,23932
8248170,23930
8253587,23931
8259768,23929
8265971,23935
8276665,23931
8282867,23931
8289051,23936
8295240,23933
8301458,23932
8307664,23934
8313848,23936
8319986,23934
8326161,23937
8332371,23931
8338543,23937
8344722,23933
8350936,23934
8357165,23939
8363363,23940
8369578,23936
8382243,23935
8388480,23935
8394760,23937
8406414,23938
8412565,23941
8418733,23936
8424919,23933
8431088,23934
8437305,23935
8443530,23942
8449710,23942
8455876,23937
8462055,23936
8468237,23940
8474459,23937
8480613,23939
8486796,23943
8492955,23934
8499111,23942
8505347,23943
8511514,23937
8516725,23941
8522923,23944
8529059,23940
8539665,23948
8545858,23940
8551975,23942
8558092,23943
8564252,23938
8570450,23946
8576656,23935
8582854,23943
8589624,23942
8595863,23945
8602021,23940
8608172,23947
8614394,23943
8620504,23947
8626653,23941
8632871,23942
8639055,23940
8645267,23945
8651497,23945
8657680,23952
8663911,23944
8669306,23945
8675525,23942
8681666,23941
8687816,23945
8694013,23942
8700160,23944
8706442,23941
8712621,23946
8718829,23945
8725041,23944
8731215,23936
8737414,23941
8743559,23942
8749701,23943
8755882,23945
8762086,23947
8768258,23942
8774457,23942
8780586,23946
8786790,23946
8791348,23945
8798106,23947
8804360,23943
8815963,23945
8822154,23947
8828347,23945
8834525,23941
8840733,23940
8846883,23943
8853080,23937
8859239,23940
8865476,23948
8871576,23943
8877775,23942
8883956,23947
8890148,23942
8896354,23943
8902556,23945
8908759,23945
8914954,23944
8921171,23946
8926371,23943
8931782,23937
8937948,23939
8949312,23945
8955477,23939
8961627,23932
8967873,23938
8974039,23940
8980256,23942
8986474,23941
8992651,23940
8998886,23947
9005600,23935
9011856,23942
9018019,23944
9024159,23940
9030361,23941
9036556,23939
9042756,23940
9048946,23940
9055120,23942
9060591,23946
9065766,23938
9071967,23940
9078161,23941
9084386,23940
9090537,23955
9096734,23943
9102930,23944
9109116,23949
9115284,23947
9121469,23943
9127676,23946
9133868,23947
9140015,23941
9146164,23944
9152360,23945
9158545,23946
9164720,23946
9170932,23943
9177058,23948
9183249,23948
9189450,23947
9194888,23943
9200111,23944
9206264,23944
9212437,23942
9218482,23951
9224616,23954
9230810,23947
9237002,23950
9243203,23954
9249421,23950
9255573,23954
9261810,23948
9268046,23945
9274221,23950
9280436,23944
9286581,23950
9292775,23952
9298966,23950
9305184,23949
9311447,23946
9317623,23952
9323769,23951
9328988,23946
9335143,23954
9341376,23953
9347559,23951
9358437,23950
9364575,23956
9370735,23955
9376908,23958
9383105,23957
9389312,23948
9395509,23949
9401650,23954
9407828,23956
9414010,23957
9420169,23956
9426969,23951
9433184,23956
9439421,23959
9445598,23956
9451830,23952
9458009,23952
9463214,23953
9469371,23954
9474766,23959
9480968,23966
9491604,23960
9497802,23965
9504014,23966
9510201,23966
9516453,23960
9522604,23964
9528800,23970
9535013,23962
9541175,23962
9547384,23960
9553546,23964
9559711,23969
9565932,23963
9572118,23965
9578344,23962
9584519,23958
9590656,23963
9596853,23963
9602063,23966
9608253,23967
9613677,23961
9626434,23966
9632612,23968
9638902,23959
9645725,23963
9651935,23970
9658134,23967
9664323,23966
9670542,23963
9676736,23967
9682945,23969
9689150,23966
9695362,23966
9701566,23970
9707792,23966
9713990,23961
9720156,23972
9726377,23970
9731824,23967
9738037,23970
9743218,23963
9749367,23964
9755564,23961
9761780,23965
9767962,23972
9774107,23964
9780270,23964
9786498,23965
9792710,23961
9798921,23967
9805054,23962
9811250,23960
9817446,23967
9823635,23960
9829853,23960
9836016,23962
9842228,23963
9848446,23966
9855286,23959
9861495,23960
9867689,23965
9873116,23969
9879262,23963
9885460,23963
9891639,23962
9902387,23967
9908558,23958
9914769,23963
9920921,23964
9927118,23960
9933285,23961
9939453,23964
9945602,23962
9951785,23962
9957967,23960
9964167,23963
9970370,23964
9976556,23956
9982763,23963
9989005,23956
9995152,23969
10001314,23958
10007498,23968
10013679,23958
10019881,23961
10026032,23962
10036897,23959
10043107,23960
10049346,23964
10055535,23968
10062316,23961
10068536,23964
10074689,23960
10080866,23963
10087053,23967
10093217,23971
10099459,23963
10105634,23962
10111791,23964
10117982,23971
10124198,23969
10130462,23973
10136619,23963
10141850,23958
10147972,23966
10154155,23962
10160346,23965
10171183,23965
10177391,23967
10183554,23966
10189708,23967
10195908,23962
10202118,23972
10208327,23973
10214498,23960
10220699,23968
10226838,23970
10233029,23963
10239212,23971
10245435,23962
10251595,23967
10257791,23971
10263968,23963
10270728,23968
10275955,23970
10282146,23974
10288324,23969
10294531,23963
10305403,23966
10311561,23965
10317723,23963
10323881,23969
10330085,23968
10336272,23969
10342437,23969
10348580,23964
10354704,23964
10360880,23971
10367070,23970
10373291,23970
10379475,23971
10385671,23970
10391869,23966
10398047,23971
10404242,23965
10409490,23969
10415659,23965
10421904,23961
10427370,23966
10433564,23967
10439728,23975
10445909,23973
10452123,23972
10458349,23974
10464534,23973
10470705,23973
10476864,23972
10483624,23974
10489781,23966
10495959,23980
10502152,23974
10508393,23974
10514598,23970
10520749,23971
10526944,23978
10533161,23974
10539341,23979
10544562,23975
10550747,23976
10556965,23977
10562415,23978
10568586,23969
10579246,23977
10585428,23974
10591594,23969
10597806,23981
10603999,23975
10610184,23979
10616347,23976
10622536,23971
10628691,23975
10634903,23983
10641060,23980
10647249,23973
10653450,23978
10659685,23978
10665919,23977
10672116,23973
10678299,23979
10684524,23979
10691322,23982
10696762,23979
10702964,23976
10713736,23976
10719951,23972
10726182,23974
10732403,23970
10738601,23979
10744827,23965
10750987,23978
10757151,23967
10763291,23976
10769503,23978
10775670,23971
10781879,23975
10788098,23968
10794276,23975
10800468,23971
10806603,23970
10812811,23980
10818249,23974
10824464,23974
10830607,23969
10836804,23974
10841992,23972
10848181,23976
10854408,23971
10860581,23976
10873639,23968
10879868,23969
10886090,23973
10892322,23969
10898521,23965
10904726,23972
10911543,23971
10917725,23973
10923904,23970
10930109,23968
10936300,23964
10942563,23972
10947737,23971
10953940,23971
10960088,23968
10966277,23969
10971741,23968
10983097,23969
10989280,23972
10995478,23974
11001676,23977
11007888,23974
11014040,23976
11020164,23970
11026344,23970
11032477,23974
11038680,23971
11044920,23974
11051065,23977
11057266,23974
11063471,23973
11069688,23970
11075883,23972
11082012,23970
11088142,23968
11094315,23976
11100553,23974
11106018,23978
11117917,23984
11124068,23980
11130303,23984
11136503,23986
11142661,23974
11148888,23984
11155049,23985
11161214,23986
11167394,23985
11173553,23988
11179784,23988
11185977,23989
11192113,23985
11198303,23983
11204525,23995
11210687,23987
11216883,23988
11222316,23992
11228493,23991
11234682,23997
11240896,23999
11246137,23989
11252311,24020
11258538,24014
11264705,24017
11270910,24022
11277099,24017
11283255,24015
11289417,24024
11295578,24028
11301778,24026
11307975,24029
11314156,24025
11320342,24033
11327116,24029
11333384,24035
11339553,24033
11345718,24036
11351911,24038
11357331,24042
11363505,24048
11369703,24047
11375910,24048
11380337,24049
11386548,24123
11392673,24122
11398877,24111
11405072,24129
11411239,24127
11417439,24125
11423583,24125
11429737,24127
11435912,24130
11442119,24136
11448300,24130
11454526,24132
11460652,24134
11466845,24135
11473055,24139
11479234,24140
11485479,24144
11490693,24146
11496906,24144
11503085,24144
11509382,24146
11514813,24151
11520363,24155
11526555,24189
11532743,24192
11539577,24196
11545748,24202
11551927,24190
11558115,24198
11564267,24195
11570519,24203
11576720,24201
11582904,24204
11589109,24205
11595266,24203
11601479,24206
11607622,24209
11613774,24211
11619968,24206
11625161,24212
11631310,24217
11637514,24213
11643700,24210
11649140,24218
11654632,24220
11660780,24261
11666973,24265
11673195,24264
11679416,24266
11685563,24269
11691668,24267
11697848,24266
11704084,24272
11710269,24261
11716485,24272
11722718,24271
11728930,24275
11735137,24272
11741318,24269
11748146,24274
11754382,24273
11759566,24275
11765807,24277
11772026,24276
11778207,24278
11783638,24273
11789189,24281
11800646,24302
11806851,24314
11812991,24304
11819140,24310
11825335,24309
11831524,24309
11837672,24314
11843883,24311
11850070,24312
11856217,24316
11862427,24315
11868606,24314
11874819,24317
11881033,24317
11887203,24318
11893379,24314
11898816,24318
11904978,24320
11911153,24316
11917376,24320
11922583,24327
11928010,24317
11934191,24359
11940375,24362
11946575,24365
11952723,24355
11959485,24365
11965681,24366
11971876,24366
11978094,24372
11984289,24368
11990493,24370
11996666,24371
12002849,24372
12009033,24375
12015215,24373
12021404,24365
12027569,24379
12032760,24372
12039021,24378
12045192,24374
12051397,24375
12056821,24372
12062389,24385
12068562,24379
12074707,24401
12080899,24406
12087075,24406
12093245,24407
12099472,24405
12105675,24411
12118510,24407
12124727,24412
12130983,24424
12137192,24410
12143422,24415
12149575,24410
12155725,24412
12160936,24416
12167069,24409
12173848,24418
12180102,24414
12185595,24418
12191749,24424
12197923,24420
12204155,24434
12210297,24439
12216511,24431
12222615,24436
12228769,24432
12234948,24439
12241152,24438
12247300,24439
12253493,24435
12259642,24434
12265829,24434
12272058,24440
12278235,24444
12284487,24442
12290701,24443
12295909,24441
12302048,24444
12308260,24440
12314449,24447
12319870,24445
12326072,24437
12332259,24449
12343708,24455
12349942,24457
12356053,24459
12362189,24460
12368326,24461
12374529,24458
12380702,24463
12387539,24457
12393692,24466
12399908,24456
12406106,24466
12412256,24461
12418444,24458
12424599,24462
12430020,24464
12436202,24464
12442439,24461
12448632,24462
12453859,24466
12460035,24471
12466228,24466
12477897,24473
12484083,24471
12490269,24474
12496467,24471
12502613,24471
12508798,24468
12515006,24479
12521174,24477
12527364,24475
12533563,24472
12539696,24473
12545853,24475
12552028,24477
12558202,24480
12564414,24475
12570587,24477
12576765,24478
12582953,24473
12589136,24475
12595932,24470
12602142,24482
12612794,24475
12618966,24468
12625150,24473
12631353,24465
12637507,24466
12643765,24470
12649936,24472
12656165,24467
12662378,24467
12668569,24466
12674749,24472
12680922,24466
12687107,24471
12693276,24464
12699493,24465
12704730,24460
12710951,24466
12717081,24466
12723232,24464
12728641,24468
12734859,24463
12741086,24457
12751643,24446
12757811,24448
12763988,24452
12770155,24450
12776371,24446
12782576,24450
12788737,24444
12794979,24459
12801149,24456
12807977,24451
12814196,24448
12820419,24446
12826619,24445
12832779,24447
12838014,24455
12844197,24452
12850410,24451
12856677,24449
12862892,24451
12869114,24449
12875309,24447
12885946,24432
12892177,24427
12898319,24429
12904524,24433
12910750,24430
12916970,24432
12923127,24429
12929307,24433
12935494,24426
12941691,24425
12947904,24425
12954030,24432
12960245,24427
12966402,24428
12972630,24425
12978848,24425
12985022,24426
12991173,24422
12997337,24431
13003519,24430
13009731,24426
13021365,24419
13027596,24417
13033758,24422
13039933,24408
13046119,24418
13052324,24416
13058526,24419
13064633,24418
13070822,24417
13077028,24418
13083219,24420
13089358,24421
13095537,24422
13101650,24419
13107859,24410
13113081,24420
13119292,24413
13125510,24419
13131686,24418
13137911,24420
13144079,24416
13150264,24416
13156420,24415
13162601,24420
13168823,24418
13175046,24418
13181236,24409
13187400,24418
13193587,24418
13199790,24410
13206012,24414
13212135,24408
13218305,24415
13224984,24411
13231200,24417
13237397,24416
13243582,24410
13249768,24418
13255977,24415
13262096,24412
13268276,24416
13274436,24422
13280583,24422
13291532,24419
13297684,24423
13303858,24412
13310046,24419
13316217,24417
13322440,24416
13328581,24419
13334733,24414
13340919,24421
13347145,24420
13359963,24416
13366141,24423
13372424,24416
13378626,24415
13384871,24414
13391030,24410
13397195,24417
13403363,24415
13409565,24417
13420523,24426
13426667,24422
13432842,24422
13438990,24421
13445718,24424
13451920,24425
13458123,24423
13464296,24423
13470501,24424
13476673,24417
13482844,24416
13489002,24430
13495196,24423
13501382,24421
13507536,24423
13513672,24414
13518858,24423
13525050,24422
13531230,24421
13537438,24424
13542882,24428
13554271,24430
13559677,24424
13565857,24423
13572040,24419
13578254,24426
13584496,24427
13590655,24428
13596827,24427
13603012,24427
13609202,24425
13615428,24427
13621547,24425
13627660,24421
13633860,24421
13640053,24418
13646263,24423
13653110,24420
13659324,24420
13665547,24423
13671801,24420
13676970,24423
13688585,24419
13693779,24422
13699967,24417
13706105,24423
13712276,24421
13718490,24416
13724662,24417
13730867,24420
13737025,24422
13743210,24418
13749400,24418
13755573,24415
13761739,24409
13767940,24421
13774105,24415
13780328,24412
13786544,24419
13792001,24415
13798210,24417
13804458,24417
13810598,24416
13815797,24415
13827474,24415
13833611,24414
13839709,24412
13845917,24406
13852103,24409
13858285,24401
13865129,24414
13871338,24411
13877550,24412
13883678,24404
13889830,24409
13896023,24411
13902227,24410
13908423,24409
13914611,24413
13920810,24406
13926027,24407
13932194,24406
13938390,24407
13944595,24409
13950074,24403
13961449,24413
13967600,24406
13973764,24405
13979970,24410
13986121,24408
13992295,24411
13998490,24403
14004654,24408
14010871,24406
14017022,24406
14023152,24409
14029322,24406
14035520,24404
14041710,24408
14047946,24400
14054105,24407
14060336,24408
14066566,24411
14073376,24402
14079609,24401
14085081,24410
14096475,24407
14102615,24404
14108051,24404
14114244,24406
14120446,24407
14126643,24397
14132832,24409
14139053,24408
14145234,24412
14151435,24408
14157634,24404
14163827,24399
14169996,24402
14176171,24401
14182388,24408
14188572,24400
14194732,24401
14200873,24400
14207065,24402
14213238,24400
14218446,24410
14230026,24401
14236218,24406
14242425,24404
14247630,24402
14253861,24398
14260067,24405
14266240,24403
14272434,24400
14278609,24408
14285412,24400
14291651,24405
14297853,24401
14304045,24409
14310234,24409
14316452,24403
14322640,24399
14328840,24399
14335003,24406
14340407,24407
14346571,24401
14352779,24406
14364131,24403
14370274,24401
14376471,24405
14381895,24403
14388069,24401
14394227,24401
14400429,24403
14406621,24402
14412757,24401
14418888,24396
14425062,24402
14431241,24404
14437430,24398
14443604,24404
14449731,24401
14455943,24407
14462094,24405
14468292,24403
14474534,24400
14480656,24399
14486822,24403
14492022,24402
14498833,24404
14504577,24404
14510744,24403
14516241,24410
14522477,24405
14528612,24401
14534831,24404
14541047,24403
14547185,24403
14553376,24403
14559593,24400
14565740,24396
14571938,24403
14578131,24408
14584335,24403
14590532,24397
14603254,24402
14608744,24405
14614995,24406
14621221,24409
14627451,24403
14633614,24394
14639764,24400
14645949,24401
14652123,24399
14658305,24396
14664517,24400
14670697,24396
14676917,24400
14683117,24400
14689286,24407
14695512,24402
14701663,24398
14707847,24400
14714617,24399
14720810,24397
14726961,24404
14733164,24394
14739385,24405
14744664,24399
14750862,24399
14757051,24397
14762448,24404
14773860,24398
14780072,24405
14786248,24401
14792491,24403
14798666,24403
14804866,24401
14811056,24400
14817194,24397
14823373,24402
14829541,24399
14835673,24400
14841890,24397
14848042,24394
14854170,24405
14860382,24401
14866578,24402
14872767,24398
14878226,24396
14884424,24400
14890612,24398
14895780,24406
14907467,24402
14913587,24400
14919769,24400
14926590,24399
14932752,24397
14938965,24399
14945186,24403
14951334,24403
14957549,24406
14963716,24404
14969882,24398
14976034,24404
14982212,24405
14988424,24401
14994596,24404
15000777,24404
15006937,24405
15012131,24396
15018282,24400
15024469,24405
15029898,24400
15036075,24406
15042251,24405
15048445,24406
15054623,24400
15060810,24407
15066980,24407
15073161,24404
15079348,24409
15085556,24404
15091637,24403
15097787,24407
15103951,24402
15110126,24412
15116317,24410
15122546,24403
15128718,24406
15135540,24404
15141721,24410
15146926,24404
15153062,24405
15159196,24411
15164636,24407
15175957,24407
15182190,24409
15188357,24409
15194592,24408
15200764,24408
15207032,24405
15213168,24407
15219324,24407
15225497,24410
15231637,24404
15237845,24406
15244046,24413
15250221,24409
15256437,24407
15262623,24410
15268848,24411
15275061,24407
15281256,24406
15287417,24406
15293576,24412
15298993,24407
15310381,24408
15316602,24405
15322883,24409
15329080,24411
15335255,24410
15341918,24412
15348140,24411
15354376,24417
15360587,24416
15366774,24410
15373001,24413
15379191,24408
15385350,24409
15391529,24413
15397714,24413
15403967,24418
15410099,24412
15416249,24410
15421657,24412
15427818,24408
15433969,24414
15445385,24415
15451561,24417
15457762,24417
15463979,24417
15470104,24413
15476285,24412
15481721,24412
15487907,24417
15494048,24418
15500282,24413
15506519,24416
15512675,24410
15518882,24415
15525093,24418
15531296,24414
15537523,24418
15543671,24411
15549804,24411
15555671,24410
15561860,24414
15568034,24413
15573525,24418
15579699,24414
15585897,24421
15592078,24419
15598264,24415
15604476,24412
15610613,24417
15616722,24411
15622883,24416
15629091,24413
15635228,24414
15641426,24412
15647618,24412
15653810,24418
15660029,24417
15666217,24417
15672414,24412
15678618,24415
15684722,24414
15689937,24415
15696039,24411
15702204,24407
15707646,24413
15713800,24408
15719959,24417
15726134,24411
15732306,24413
15738538,24415
15744688,24409
15750857,24413
15757034,24413
15763829,24415
15770006,24410
15776228,24414
15782455,24413
15788610,24410
15794784,24411
15800964,24409
15807184,24408
15813312,24414
15819521,24410
15824712,24409
15830893,24416
15837048,24413
15855256,24417
15861489,24415
15867694,24408
15873923,24414
15880103,24414
15886280,24413
15891671,24413
15897841,24409
15904005,24410
15910212,24413
15916441,24411
15922651,24409
15928830,24409
15935015,24410
15941207,24412
15947425,24410
15953615,24407
15959753,24410
15965944,24408
15972094,24411
15978229,24415
15989736,24414
15995942,24412
16002105,24418
16008249,24410
16014488,24413
16020651,24413
16026830,24417
16033047,24416
16039225,24420
16045404,24414
16051593,24412
16057780,24420
16063992,24418
16070144,24412
16076314,24420
16082501,24418
16088674,24415
16094114,24422
16100282,24416
16106464,24415
16111663,24415
16123315,24419
16129526,24418
16135687,24416
16141888,24416
16148086,24417
16154268,24416
16160445,24419
16166647,24423
16171823,24418
16177975,24415
16184154,24418
16190972,24417
16197177,24417
16203367,24416
16209571,24416
16215744,24423
16221991,24417
16228205,24420
16234385,24422
16240567,24417
16246035,24417
16257458,24421
16263637,24425
16269850,24422
16276032,24427
16282178,24421
16288358,24427
16294514,24427
16300680,24415
16306087,24425
16312269,24423
16318472,24432
16324651,24424
16330835,24426
16337020,24420
16343230,24421
16349443,24428
16355675,24424
16361858,24422
16368055,24422
16374231,24422
16380477,24422
16391887,24427
16398675,24431
16404908,24428
16411085,24430
16417250,24428
16423467,24424
16429633,24432
16435783,24430
16441264,24433
16447489,24429
16453617,24425
16459811,24426
16466008,24436
16472222,24427
16478419,24427
16484623,24432
16490746,24423
16496929,24429
16502145,24432
16508327,24428
16514541,24433
16519995,24430
16526160,24427
16532334,24423
16538564,24426
16544705,24428
16550871,24430
16557025,24426
16563222,24428
16569387,24428
16574611,24432
16580784,24430
16587009,24424
16593206,24432
16599362,24428
16605556,24431
16612336,24427
16618500,24435
16624675,24427
16630876,24425
16636366,24423
16642578,24426
16648725,24424
16654923,24421
16666345,24422
16672544,24429
16678753,24428
16684952,24430
16691078,24425
16697215,24429
16703385,24425
16709556,24424
16715777,24422
16721982,24423
16728143,24421
16734335,24426
16740507,24431
16746736,24427
16752984,24427
16759144,24429
16765284,24422
16770740,24429
16776911,24429
16783105,24428
16789318,24430
16794568,24420
16800750,24423
16806980,24427
16813164,24418
16819931,24425
16826164,24420
16832339,24421
16838545,24419
16844776,24421
16850220,24432
16856434,24429
16862608,24421
16868754,24419
16874971,24423
16881146,24417
16887307,24427
16893517,24426
16899630,24428
16904820,24426
16911032,24426
16917157,24422
16923336,24424
16928779,24425
16940169,24415
16946345,24417
16952531,24415
16958715,24420
16964931,24417
16971101,24427
16977260,24421
16983425,24421
16988878,24425
16995046,24416
17001261,24421
17007496,24422
17013648,24423
17019759,24424
17025937,24419
17032639,24425
17038760,24424
17043976,24426
17050127,24422
17056301,24424
17062464,24422
17067893,24419
17079320,24419
17085505,24420
17098277,24426
17104501,24424
17110705,24423
17116926,24417
17122370,24424
17128638,24419
17134762,24420
17140946,24425
17147152,24423
17153337,24424
17159553,24419
17165725,24420
17171923,24423
17178122,24423
17184312,24422
17190564,24417
17195745,24425
17207460,24421
17213637,24421
17219792,24415
17225950,24422
17232121,24424
17238300,24421
17244549,24418
17251437,24420
17256642,24422
17262858,24421
17269074,24423
17275243,24422
17281415,24419
17287628,24421
17293811,24427
17300035,24421
17306165,24422
17311608,24414
17317749,24424
17323930,24424
17330141,24428
17341547,24422
17347703,24423
17353943,24429
17360058,24421
17366166,24422
17372331,24424
17378516,24426
17384740,24425
17390217,24426
17396474,24425
17402662,24422
17408854,24426
17415041,24419
17421269,24426
17427480,24424
17433659,24425
17439821,24422
17445997,24424
17452193,24424
17458378,24420
17464199,24424
17475802,24425
17481962,24419
17488157,24416
17494305,24420
17500470,24419
17506653,24419
17512819,24423
17519005,24414
17525232,24419
17531457,24419
17537633,24420
17543771,24419
17549979,24419
17556157,24417
17562323,24419
17568549,24418
17574707,24422
17580879,24422
17586108,24416
17592241,24419
17598418,24417
17604628,24418
17610807,24418
17617047,24423
17623162,24415
17629333,24418
17635505,24417
17641679,24422
17647883,24417
17654097,24412
17660326,24418
17665725,24420
17672583,24417
17678756,24414
17684935,24419
17691114,24412
17697305,24418
17703498,24414
17709657,24423
17715835,24418
17721035,24414
17727252,24415
17733475,24418
17738894,24422
17750268,24421
17756452,24416
17762611,24414
17768813,24419
17775051,24412
17781191,24418
17787394,24420
17793642,24418
17799851,24415
17805337,24412
17811572,24421
17817732,24420
17823905,24420
17830081,24419
17836224,24420
17842437,24426
17848644,24421
17853852,24419
17860068,24414
17866249,24415
17872424,24415
17878628,24415
17885450,24416
17891638,24411
17897763,24415
17903951,24419
17910089,24423
17916317,24414
17922513,24418
17928707,24415
17934926,24414
17940380,24421
17946615,24419
17952755,24420
17958960,24418
17965115,24418
17971301,24420
17977508,24420
17983674,24414
17988842,24417
17995088,24417
18001250,24415
18007418,24419
18012820,24412
18024203,24419
18030368,24419
18036552,24420
18042717,24418
18048920,24420
18055119,24414
18061305,24419
18067510,24417
18073690,24415
18079896,24417
18086073,24415
18092809,24412
18099067,24421
18105246,24416
18111391,24417
18117597,24409
18123081,24411
18129284,24416
18135509,24417
18141681,24418
18147239,24416
18158666,24424
18164866,24425
18171064,24416
18177210,24419
18183389,24416
18189604,24424
18195781,24422
18201991,24422
18208178,24421
18213612,24420
18219812,24420
18225980,24419
18232155,24418
18238323,24415
18244470,24418
18250669,24421
18256851,24418
18262052,24422
18268192,24420
18274426,24418
18280673,24424
18286112,24421
18297480,24418
18304206,24423
18310403,24430
18316607,24418
18322833,24427
18329055,24422
18341774,24423
18347270,24424
18353530,24426
18359702,24422
18365861,24418
18372085,24423
18378261,24424
18384479,24421
18389677,24422
18395920,24421
18402118,24424
18408333,24421
18413736,24421
18425128,24419
18431280,24421
18437461,24418
18443657,24420
18449858,24419
18456077,24417
18462240,24417
18468405,24423
18474590,24424
18480748,24417
18486966,24421
18493124,24419
18499284,24417
18505468,24421
18511621,24428
18517791,24423
18524023,24422
18530194,24416
18536391,24416
18542590,24418
18548004,24420
18554226,24418
18560395,24415
18566618,24416
18572699,24416
18578875,24410
18585008,24418
18591174,24415
18597350,24413
18603593,24411
18609745,24411
18615946,24416
18621138,24408
18627292,24414
18633490,24413
18639648,24419
18645787,24411
18652009,24413
18658147,24407
18664305,24410
18670515,24421
18676701,24411
18682927,24413
18694643,24413
18700857,24411
18707021,24408
18713246,24410
18719458,24406
18725651,24412
18732478,24407
18738682,24410
18744836,24409
18751004,24412
18756223,24408
18762383,24408
18768583,24409
18774781,24407
18781022,24407
18787223,24414
18793496,24409
18798953,24407
18805162,24408
18811372,24407
18817603,24410
18828989,24402
18835149,24406
18841286,24404
18847458,24414
18853635,24405
18859814,24408
18866017,24408
18872162,24409
18878376,24410
18884559,24401
18890747,24409
18896973,24402
18903096,24402
18909240,24407
18915399,24402
18921601,24403
18927781,24410
18933226,24402
18939404,24406
18946198,24403
18952386,24409
18957624,24408
18963785,24408
18969995,24401
18976175,24403
18982335,24406
18988563,24405
18994767,24406
19001016,24409
19007195,24407
19013395,24402
19019609,24403
19025823,24403
19031294,24407
19037480,24408
19043706,24405
19049919,24403
19056111,24406
19062365,24404
19067622,24409
19073841,24403
19080038,24405
19086230,24400
19091670,24408
19103028,24404
19109191,24407
19115348,24410
19121542,24406
19127698,24407
19133886,24409
19140086,24410
19146205,24411
19152979,24412
19159211,24414
19165369,24411
19170775,24404
19176955,24406
19183130,24406
19189261,24410
19195489,24407
19201664,24405
19207830,24409
19214023,24407
19220246,24407
19225446,24408
19231671,24410
19237843,24411
19244032,24406
19250172,24412
19256350,24407
19262573,24408
19268800,24409
19275009,24411
19281177,24408
19287365,24409
19293541,24404
19299734,24413
19305078,24411
19311141,24413
19317320,24405
19323496,24408
19329671,24415
19335840,24414
19341038,24412
19347190,24412
19353371,24410
19359574,24408
19366359,24419
19378011,24414
19384170,24411
19390314,24406
19396573,24410
19402740,24408
19408910,24410
19415059,24413
19421289,24406
19427527,24410
19433673,24407
19439820,24412
19445989,24412
19452189,24411
19458389,24411
19464615,24411
19470725,24414
19475956,24412
19482124,24414
19488302,24412
19494496,24411
19499918,24411
19506058,24416
19512227,24407
19518406,24411
19524649,24405
19530768,24406
19536956,24406
19543101,24405
19549307,24402
19555537,24404
19561688,24405
19567841,24403
19574652,24408
19586442,24399
19592622,24403
19598902,24405
19605128,24406
19611309,24405
19617506,24395
19623713,24407
19629206,24410
19635398,24408
19646787,24396
19653034,24400
19659157,24395
19665299,24402
19671440,24399
19677651,24402
19683809,24394
19690040,24404
19696193,24402
19702370,24399
19708520,24395
19713941,24394
19720102,24393
19726283,24399
19732492,24398
19738686,24402
19744846,24397
19751010,24395
19757195,24402
19763387,24394
19769593,24395
19780984,24397
19787142,24392
19793987,24397
19800156,24400
19806314,24397
19812473,24399
19818654,24398
19824846,24396
19831059,24402
19837169,24398
19843313,24395
19848696,24399
19854873,24397
19861078,24403
19867286,24394
19873522,24402
19878736,24395
19884959,24394
19891171,24398
19897367,24399
19903554,24400
19915151,24395
19921339,24400
19927592,24390
19933751,24403
19939947,24391
19946118,24393
19952308,24399
19958524,24395
19964690,24389
19970841,24393
19977030,24391
19982216,24392
19988395,24398
19994614,24389
20001368,24396
20007626,24396
20013813,24396
20020001,24396
20026174,24386
20032295,24396
20038510,24395
20043940,24391
20050075,24396
20056246,24394
20062457,24394
20068708,24395
20074856,24396
20081056,24401
20087250,24394
20093418,24393
20099619,24394
20105760,24394
20111907,24392
20117079,24395
20123208,24395
20129399,24388
20135599,24398
20141774,24398
20148014,24395
20154158,24401
20160358,24396
20166552,24391
20172756,24399
20178217,24400
20189661,24395
20195851,24401
20202060,24402
20208191,24399
20215017,24396
20221203,24393
20227395,24399
20233574,24396
20239729,24395
20245943,24394
20252148,24395
20258314,24394
20264537,24395
20270736,24399
20276959,24396
20283149,24393
20288597,24394
20294741,24397
20300912,24398
20307101,24402
20312301,24395
20323851,24402
20330060,24396
20336240,24394
20342405,24398
20348648,24396
20354784,24397
20360963,24396
20367094,24396
20373286,24397
20379496,24392
20385667,24394
20391849,24395
20397069,24393
20403236,24396
20409409,24390
20415591,24396
20422382,24397
20428614,24397
20434797,24396
20441001,24399
20446429,24397
20452623,24389
20458770,24394
20464964,24396
20471184,24390
20477402,24391
20483621,24393
20489804,24394
20495989,24395
20502169,24394
20508344,24394
20514596,24394
20520699,24393
20526916,24387
20532132,24392
20538328,24389
20544507,24392
20550710,24391
20556962,24393
20562392,24392
20568620,24391
20574754,24386
20580925,24392
20587109,24388
20598523,24390
20604718,24387
20610946,24388
20617105,24382
20623342,24383
20629509,24390
20636207,24391
20642353,24385
20648519,24382
20654705,24394
20660919,24385
20666370,24382
20672590,24385
20678775,24383
20684943,24378
20691139,24383
20696353,24386
20702568,24382
20708725,24387
20714923,24383
20721121,24383
20732700,24391
20738834,24380
20745020,24389
20751214,24383
20757400,24381
20763625,24382
20769770,24387
20775958,24385
20782094,24381
20788284,24383
20794492,24386
20800685,24381
20806860,24379
20813059,24385
20819253,24381
20832075,24385
20838283,24384
20844491,24380
20851349,24374
20862068,24380
20868233,24380
20874421,24385
20880643,24378
20886836,24380
20893079,24381
20899220,24377
20905402,24385
20911597,24384
20917749,24377
20923957,24382
20930159,24380
20935593,24375
20941764,24382
20947949,24387
20954158,24383
20960345,24387
20965547,24385
20971711,24382
20977909,24378
20984137,24381
20989565,24382
21000992,24384
21007153,24384
21013322,24384
21019499,24376
21025658,24381
21031855,24383
21038065,24386
21044245,24389
21050421,24386
21056630,24383
21063438,24384
21069647,24385
21075845,24378
21082049,24392
21088201,24380
21094425,24377
21099854,24384
21106023,24387
21112214,24385
21118435,24387
21124649,24383
21130799,24378
21136957,24385
21143120,24387
21149307,24383
21155508,24382
21161699,24384
21167823,24384
21174000,24385
21180176,24384
21186316,24385
21192513,24384
21198680,24386
21204860,24384
21211038,24381
21217242,24384
21223400,24379
21229604,24384
21234793,24388
21241012,24388
21247166,24384
21253289,24380
21259461,24384
21264898,24389
21271676,24385
21277800,24384
21284011,24388
21290211,24391
21296346,24388
21302538,24383
21308731,24390
21314855,24395
21320956,24386
21327151,24386
21333367,24386
21339560,24389
21345755,24390
21351926,24390
21358139,24386
21364370,24379
21369599,24386
21375795,24389
21382010,24388
21388148,24387
21394353,24386
21399772,24383
21411093,24380
21417198,24385
21423405,24390
21429611,24387
21435790,24391
21441981,24381
21448179,24383
21454329,24379
21460544,24387
21466747,24386
21472960,24382
21479738,24379
21485972,24379
21492192,24382
21498375,24382
21503821,24384
21509998,24382
21516205,24378
21522403,24378
21528621,24370
21534185,24379
21545554,24374
21551775,24377
21557986,24373
21564115,24373
21570284,24371
21576458,24374
21582655,24372
21588842,24372
21595045,24376
21601221,24369
21607421,24373
21613600,24371
21619792,24377
21625277,24371
21631447,24376
21637671,24378
21643844,24364
21650025,24376
21656236,24374
21662437,24373
21667688,24380
21679344,24370
21685560,24368
21692384,24372
21698628,24371
21704812,24373
21710957,24376
21717113,24373
21723315,24373
21729537,24370
21735714,24370
21741890,24372
21748093,24377
21754307,24371
21759549,24378
21765754,24373
21771962,24372
21778144,24371
21784240,24370
21790395,24367
21796621,24373
21802044,24371
21808251,24378
21814404,24374
21820646,24375
21826775,24373
21832924,24377
21839123,24371
21845294,24375
21851486,24375
21857706,24377
21863896,24372
21870095,24373
21876279,24362
21882538,24372
21888705,24370
21893917,24371
21900734,24374
21906945,24369
21912390,24370
21918615,24368
21924843,24372
21931021,24371
21937229,24377
21948592,24368
21954770,24369
21961004,24373
21967140,24376
21973255,24374
21979407,24369
21985605,24371
21991777,24369
21998016,24370
22004129,24367
22010311,24370
22016473,24376
22022679,24369
22028967,24367
22035135,24377
22041298,24370
22046716,24372
22052883,24370
22059053,24373
22065214,24371
22078017,24376
22084268,24378
22090453,24373
22096663,24372
22102809,24372
22108997,24369
22115178,24371
22121938,24380
22128107,24370
22134312,24377
22140537,24373
22146727,24373
22152889,24377
22159077,24372
22165268,24368
22171430,24374
22176689,24377
22182870,24374
22189088,24376
22195228,24371
22201390,24371
22206807,24374
22218194,24376
22224369,24378
22230557,24370
22236737,24376
22242946,24379
22249111,24375
22255232,24375
22261438,24374
22267602,24373
22273794,24377
22279992,24375
22286151,24378
22292296,24376
22298516,24378
22304673,24375
22310116,24378
22316273,24375
22322430,24377
22329276,24376
22335440,24374
22340694,24375
22352321,24375
22358554,24374
22364735,24371
22370880,24373
22377022,24380
22383200,24372
22389406,24376
22395634,24375
22401803,24375
22407969,24378
22414166,24369
22420352,24379
22426538,24378
22432735,24377
22438884,24372
22444065,24375
22450220,24380
22456370,24373
22462574,24370
22468747,24376
22474940,24372
22486713,24374
22492922,24373
22499176,24374
22505337,24377
22511537,24368
22517684,24371
22523825,24376
22530045,24368
22536805,24373
22543070,24367
22549228,24367
22555426,24369
22561631,24371
22567837,24369
22574058,24362
22578745,24372
22584935,24371
22591079,24378
22597272,24362
22603507,24371
22609717,24365
22621112,24364
22627237,24365
22633394,24361
22639596,24369
22645785,24373
22651986,24368
22658155,24367
22664352,24361
22670513,24365
22676715,24374
22682867,24365
22689067,24368
22695246,24369
22701451,24370
22707620,24365
22713040,24363
22718232,24369
22724406,24366
22730609,24364
22736799,24360
22743030,24368
22749102,24370
22755305,24367
22761542,24366
22767701,24370
22773853,24366
22780040,24364
22786238,24364
22792444,24367
22798687,24368
22804855,24371
22811021,24366
22817176,24360
22823350,24361
22829568,24364
22835736,24363
22841874,24366
22848052,24362
22853232,24363
22859373,24368
22865594,24365
22871772,24364
22877992,24362
22883449,24365
22889678,24367
22895850,24370
22902012,24362
22908185,24363
22914378,24365
22920582,24368
22926787,24366
22932977,24363
22939185,24364
22945349,24362
22951558,24371
22958391,24364
22964645,24366
22970813,24361
22976948,24361
22983130,24365
22987697,24370
22993877,24365
23000099,24360
23006328,24365
23012587,24359
23017988,24361
23024201,24367
23030389,24369
23036612,24358
23042741,24364
23048858,24371
23055026,24365
23061215,24367
23067433,24364
23073668,24367
23079822,24368
23086014,24375
23092213,24372
23098430,24368
23104647,24369
23110804,24371
23116976,24373
23121524,24367
23127722,24369
23133949,24369
23140142,24370
23146267,24369
23152467,24372
23158687,24370
23170991,24371
23177154,24374
23183352,24367
23189528,24369
23195779,24376
23201979,24375
23208182,24368
23214339,24365
23220563,24366
23226783,24371
23232947,24370
23239128,24372
23245318,24368
23251523,24371
23256046,24366
23262226,24372
23268403,24375
23274577,24374
23280773,24373
23286982,24371
23292392,24376
23303829,24371
23310053,24362
23323065,24373
23329301,24365
23335530,24364
23341765,24368
23347909,24364
23354093,24372
23360287,24370
23366516,24363
23372742,24367
23378927,24363
23385713,24365
23390270,24366
23396471,24365
23402712,24365
23408957,24365
23415154,24366
23421325,24366
23427497,24369
23433707,24362
23439833,24365
23446045,24363
23452244,24364
23458448,24365
23464658,24359
23470829,24362
23477073,24366
23483228,24362
23489393,24360
23495637,24367
23501822,24362
23508024,24363
23514178,24366
23520345,24359
23525780,24363
23531832,24365
23537609,24361
23543791,24360
23550035,24359
23556222,24359
23561409,24359
23573078,24359
23579252,24358
23585425,24352
23591644,24360
23598524,24357
23604714,24353
23610923,24362
23617074,24357
23623260,24353
23629430,24358
23635673,24360
23641814,24359
23648012,24354
23654178,24354
23658725,24354
23664891,24360
23671128,24357
23677269,24356
23683468,24361
23689671,24351
23695824,24358
23707460,24361
23713667,24358
23719810,24356
23725976,24362
23732147,24356
23738339,24357
23744546,24355
23750761,24361
23756930,24360
23763077,24360
23769292,24356
23775515,24357
23781758,24355
23787923,24363
23793120,24354
23798577,24362
23805441,24357
23811671,24357
23817824,24361
23824007,24362
23830172,24364
23835375,24362
23846984,24367
23853171,24360
23859362,24362
23865560,24359
23871731,24359
23877929,24359
23884120,24360
23890322,24362
23896562,24358
23902716,24359
23908910,24366
23915090,24365
23921286,24361
23926533,24361
23931985,24362
23938199,24361
23944445,24362
23950681,24363
23956862,24366
23963031,24366
23969218,24364
23979972,24363
23986151,24365
23992275,24369
23998436,24362
24004637,24364
24010816,24364
24017630,24365
24023857,24367
24030092,24371
24036313,24368
24042531,24363
24048697,24366
24054922,24360
24060391,24368
24066644,24365
24071842,24375
24078056,24367
24084217,24368
24090387,24366
24096570,24370
24102739,24365
24113639,24373
24119794,24369
24125943,24369
24132118,24371
24138342,24372
24144553,24367
24150712,24366
24156900,24365
24163070,24367
24169242,24370
24175400,24365
24181603,24364
24187737,24366
24193933,24374
24199135,24362
24204593,24373
24210739,24369
24216889,24365
24223068,24376
24229833,24372
24236015,24370
24241230,24363
24252816,24367
24259001,24370
24265209,24369
24271434,24369
24277632,24370
24283792,24373
24289986,24370
24296197,24374
24302388,24370
24308579,24369
24314743,24371
24320977,24375
24327135,24367
24332370,24366
24338625,24367
24344077,24366
24350251,24367
24356470,24366
24362657,24363
24368812,24368
24374948,24372
24385661,24364
24391803,24363
24398007,24367
24404157,24360
24410300,24367
24416493,24360
24422677,24363
24428914,24362
24435739,24363
24442008,24364
24448166,24362
24454293,24363
24460493,24360
24466697,24363
24472889,24367
24478374,24362
24484596,24361
24490769,24359
24496924,24359
24503140,24365
24509314,24361
24520058,24362
24526222,24365
24532373,24355
24538572,24364
24544759,24359
24550983,24360
24563763,24363
24570027,24364
24576287,24365
24582502,24361
24588726,24364
24594915,24365
24601139,24365
24607293,24361
24613517,24358
24619742,24366
24625977,24356
24632204,24367
24638366,24362
24649244,24365
24656048,24359
24662204,24362
24668379,24371
24674612,24362
24680782,24363
24686946,24363
24693170,24357
24699380,24366
24705604,24365
24711745,24363
24717880,24360
24724067,24362
24730260,24362
24735425,24365
24741603,24363
24747809,24358
24754008,24365
24760183,24364
24766361,24365
24772485,24365
24777911,24362
24784084,24362
24790306,24364
24796432,24365
24802650,24360
24808797,24365
24814948,24371
24821133,24367
24827335,24367
24833541,24363
24839774,24365
24845929,24359
24852123,24366
24858302,24370
24865122,24364
24870340,24367
24876555,24368
24882743,24365
24888946,24371
24895130,24369
24901241,24363
24907454,24365
24912907,24368
24924253,24375
24930426,24373
24936601,24368
24942823,24373
24949047,24373
24955238,24368
24961426,24373
24967632,24381
24973821,24376
24980012,24372
24986199,24374
24992324,24371
24998513,24370
25004689,24373
25010860,24372
25017097,24374
25022569,24374
25028729,24369
25034862,24374
25041108,24377
25046332,24375
25057946,24373
25064102,24382
25070284,24374
25077104,24375
25083314,24378
25089540,24381
25095731,24381
25101861,24380
25108025,24376
25114259,24373
25120437,24376
25126664,24385
25132804,24376
25138983,24380
25144178,24379
25150355,24375
25156551,24375
25161981,24381
25168143,24375
25174356,24371
25180558,24380
25186741,24378
25192895,24379
25199085,24379
25205257,24379
25211433,24381
25217674,24378
25223832,24383
25230069,24384
25236243,24386
25242408,24377
25248602,24385
25254760,24382
25260879,24383
25267068,24381
25273243,24376
25278451,24385
25285198,24382
25291381,24383
25296759,24377
25302922,24378
25309155,24383
25315372,24379
25320578,24380
25332212,24376
25338442,24381
25344685,24375
25350819,24375
25356988,24384
25363173,24377
25369394,24381
25375639,24374
25381781,24373
25387866,24382
25394022,24382
25400186,24379
25406349,24380
25412555,24372
25418739,24380
25424876,24379
25431078,24381
25437275,24382
25443455,24382
25449677,24379
25454891,24377
25461084,24382
25467243,24384
25473432,24380
25479625,24379
25485831,24376
25492624,24384
25498836,24380
25505044,24375
25511225,24380
25517389,24383
25523559,24385
25529738,24386
25535919,24379
25542146,24383
25548328,24387
25553753,24383
25559916,24384
25566115,24384
25571366,24379
25577554,24380
25583710,24387
25589115,24383
25595282,24383
25606649,24384
25612863,24378
25619126,24371
25625216,24380
25631411,24378
25637599,24385
25643747,24385
25649932,24379
25656155,24382
25662321,24387
25668519,24383
25674747,24379
25681004,24386
25687192,24387
25693358,24371
25699574,24388
25706336,24380
25712537,24384
25718704,24385
25724120,24383
25730283,24378
25741665,24382
25747856,24381
25754107,24385
25760311,24387
25766505,24384
25772727,24381
25778934,24380
25785143,24383
25791266,24383
25797406,24383
25810440,24384
25816691,24387
25822903,24383
25829120,24385
25835319,24385
25841484,24390
25847674,24384
25852899,24385
25859091,24377
25870660,24388
25876804,24389
25882991,24390
25889183,24393
25895376,24381
25901539,24385
25907731,24387
25913891,24383
25920690,24389
25926876,24384
25933032,24381
25939272,24384
25945484,24391
25951688,24384
25956919,24393
25963127,24388
25969261,24390
25975464,24390
25981652,24386
25987817,24389
25993991,24395
26005628,24391
26011777,24396
26017919,24392
26024056,24390
26030300,24396
26036464,24396
26042704,24396
26048848,24400
26055027,24391
26061214,24390
26067392,24391
26073592,24392
26079778,24395
26085944,24392
26091175,24393
26097314,24391
26103503,24397
26109683,24399
26115883,24396
26122106,24390
26128889,24400
26140583,24399
26146815,24396
26152990,24398
26159173,24398
26165379,24396
26171564,24399
26177766,24398
26183933,24400
26190108,24396
26196273,24397
26202441,24398
26208611,24396
26214791,24392
26220995,24395
26226186,24393
26232358,24398
26238560,24400
26244779,24404
26250975,24399
26256424,24397
26261621,24397
26267754,24398
26273911,24397
26280146,24400
26286252,24398
26292431,24397
26298641,24398
26304827,24395
26311050,24399
26317213,24402
26323382,24395
26329538,24399
26335728,24397
26342493,24399
26348692,24394
26354853,24403
26360274,24394
26366450,24396
26372699,24398
26378812,24394
26384980,24396
26391147,24400
26396323,24397
26402490,24390
26414139,24399
26420346,24398
26426528,24399
26432742,24397
26438860,24401
26445058,24394
26451241,24398
26457402,24393
26463602,24397
26469790,24394
26475963,24400
26482167,24395
26488394,24387
26493610,24394
26499809,24395
26506022,24393
26512198,24399
26518319,24396
26524516,24397
26530720,24400
26535524,24391
26541735,24397
26547875,24400
26554692,24389
26560842,24405
26566990,24401
26573173,24398
26579359,24401
26585568,24393
26591810,24398
26597942,24398
26604104,24398
26610297,24399
26616498,24396
26622723,24398
26627894,24392
26634105,24400
26640261,24395
26646412,24403
26652576,24399
26658756,24397
26665007,24403
26669801,24393
26676011,24404
26687400,24400
26693600,24404
26699772,24398
26705929,24400
26712150,24400
26718378,24404
26724532,24396
26730715,24403
26736915,24404
26743146,24398
26749255,24398
26755441,24400
26762219,24405
26768368,24401
26774559,24403
26780758,24405
26786916,24400
26793113,24405
26799271,24406
26804010,24402
26810173,24404
26816358,24397
26822570,24408
26828781,24406
26834966,24412
26841142,24405
26847324,24410
26853484,24413
26859705,24406
26865824,24414
26871965,24403
26878118,24410
26884303,24411
26890557,24410
26896781,24408
26901999,24407
26908249,24406
26914414,24410
26920598,24415
26926773,24407
26932942,24405
26938404,24402
26943962,24407
26950206,24409
26961613,24419
26967796,24418
26974571,24410
26980742,24409
26986914,24411
26993081,24413
26999225,24416
27005385,24421
27011604,24417
27017777,24411
27023998,24416
27030192,24413
27036348,24416
27042544,24412
27055535,24421
27061746,24414
27066980,24414
27072449,24420
27078699,24412
27084821,24411
27091005,24419
27097197,24420
27103410,24421
27109586,24413
27115782,24418
27121936,24419
27128158,24424
27134350,24421
27140511,24417
27146716,24418
27152839,24423
27159055,24418
27165251,24422
27171415,24420
27177646,24424
27184377,24417
27190601,24413
27196760,24417
27201943,24418
27207375,24423
27213618,24415
27219800,24415
27231191,24419
27237320,24423
27243506,24422
27249683,24419
27255873,24421
27262097,24416
27268223,24419
27274368,24422
27280544,24420
27286736,24424
27292917,24421
27299123,24415
27305262,24420
27310703,24422
27316895,24417
27323048,24416
27329204,24421
27335363,24420
27341561,24420
27347780,24415
27353922,24415
27365314,24417
27371483,24421
27377692,24417
27383903,24415
27390117,24412
27396958,24416
27403150,24419
27409350,24419
27415527,24421
27421698,24420
27427922,24421
27434140,24418
27440310,24423
27445808,24426
27451977,24421
27458138,24413
27464354,24413
27470555,24422
27475782,24421
27482007,24417
27488231,24423
27499827,24416
27506031,24420
27512227,24420
27518413,24418
27524602,24419
27530803,24419
27536951,24423
27543153,24417
27549369,24419
27555580,24420
27561794,24420
27567950,24420
27574113,24417
27579317,24416
27585510,24419
27591693,24421
27597857,24423
27604602,24423
27610079,24418
27616243,24417
27622445,24425
27628672,24418
27634782,24422
27640996,24419
27647169,24430
27653323,24426
27659499,24418
27665715,24420
27671891,24419
27678067,24422
27684274,24417
27690447,24421
27696673,24418
27702812,24421
27708999,24422
27714229,24415
27720398,24424
27726584,24417
27732764,24419
27738904,24414
27744362,24423
27750604,24421
27756804,24421
27762051,24423
27768210,24422
27774369,24427
27780574,24423
27786723,24431
27792899,24425
27799111,24423
27805261,24433
27811446,24426
27818235,24427
27824398,24423
27830589,24431
27836781,24428
27842995,24425
27848454,24425
27854669,24428
27860889,24428
27867093,24428
27873319,24430
27878546,24427
27884751,24429
27890954,24424
27897151,24435
27903290,24433
27914866,24434
27921013,24432
27927215,24427
27933379,24427
27939581,24428
27945805,24427
27951991,24429
27958185,24431
27964367,24433
27970520,24444
27976773,24428
27982911,24438
27989071,24429
27995289,24430
28001441,24433
28007637,24433
28012857,24432
28019083,24428
28025861,24432
28032133,24433
28037604,24437
28049042,24435
28055206,24440
28061321,24431
28067485,24432
28073679,24436
28079889,24433
28086133,24434
28092324,24437
28098503,24436
28104717,24441
28110922,24443
28117138,24438
28122552,24441
28128755,24434
28134864,24442
28141026,24438
28147214,24440
28153420,24436
28159654,24443
28165859,24439
28172049,24434
28182687,24439
28188811,24441
28194914,24445
28201099,24436
28207269,24443
28213516,24434
28219722,24436
28225915,24445
28232107,24446
28238830,24437
28245029,24441
28251216,24440
28257380,24445
28263595,24443
28269785,24440
28275956,24441
28282147,24440
28287392,24438
28300459,24443
28305687,24436
28311902,24434
28318143,24438
28324310,24438
28330482,24437
28336684,24436
28342864,24442
28349043,24444
28355227,24444
28361403,24435
28367619,24438
28373784,24439
28380014,24441
28386212,24444
28391639,24439
28397816,24441
28404016,24442
28410210,24441
28416442,24439
28422666,24440
28428861,24437
28435054,24440
28440248,24437
28451937,24436
28458827,24440
28465032,24442
28471214,24444
28477394,24446
28483590,24441
28489791,24441
28495990,24441
28502209,24440
28508415,24441
28514646,24443
28520791,24437
28525987,24437
28532213,24434
28538349,24439
28544519,24439
28550731,24445
28556154,24430
28562350,24441
28568528,24438
28574809,24443
28586208,24436
28592376,24439
28598523,24435
28604737,24441
28610924,24436
28617155,24439
28623271,24438
28629430,24438
28635655,24440
28641844,24433
28648076,24436
28654267,24440
28660422,24439
28667214,24441
28673384,24439
28679554,24439
28685746,24436
28691187,24442
28697384,24438
28703615,24439
28709791,24440
28721188,24440
28727316,24438
28733522,24437
28739695,24445
28745842,24442
28752034,24437
28758241,24439
28764421,24441
28770621,24443
28776840,24435
28783050,24437
28789238,24439
28795403,24441
28800853,24441
28807028,24439
28813207,24441
28819409,24445
28825650,24439
28831785,24438
28837913,24441
28844075,24443
28855459,24447
28861649,24444
28867800,24443
28874551,24441
28880771,24438
28886946,24450
28893163,24443
28899296,24448
28905490,24443
28911660,24440
28917836,24444
28924042,24449
28930205,24439
28935619,24443
28941790,24446
28947928,24441
28954132,24447
28960378,24446
28965591,24447
28971794,24448
28978029,24444
28984282,24445
28990469,24447
28995877,24440
29002022,24453
29008219,24450
29014426,24447
29020653,24448
29026827,24448
29032997,24446
29039172,24453
29045371,24454
29051546,24448
29057768,24445
29063921,24450
29069093,24443
29075223,24448
29081431,24443
29088227,24447
29094400,24448
29099827,24449
29105975,24448
29112194,24448
29118397,24450
29129816,24457
29135231,24459
29141407,24446
29147541,24445
29153781,24452
29159894,24456
29166093,24452
29172323,24449
29178515,24447
29184735,24450
29190864,24441
29196989,24446
29203148,24442
29209320,24448
29215509,24441
29221710,24448
29227867,24444
29234035,24448
29240283,24442
29246467,24443
29252665,24443
29264085,24451
29269509,24444
29275708,24448
29281883,24455
29288069,24446
29294249,24444
29300974,24452
29307160,24439
29313351,24448
29319509,24450
29325768,24447
29331965,24448
29338123,24444
29343306,24448
29349528,24443
29355730,24446
29361918,24449
29368155,24446
29373577,24449
29379797,24448
29385992,24448
29392155,24452
29398329,24445
29403548,24442
29409703,24443
29415902,24441
29422158,24440
29428397,24446
29434575,24448
29440768,24447
29446964,24445
29453175,24447
29459306,24442
29465485,24442
29471673,24446
29477856,24445
29484064,24440
29490250,24440
29496436,24444
29502635,24442
29508631,24450
29514818,24447
29520964,24439
29527148,24440
29545424,24444
29551661,24437
29557889,24443
29564109,24445
29570289,24446
29576450,24446
29582705,24445
29588923,24435
29595122,24445
29601310,24444
29606509,24442
29612735,24450
29618917,24440
29625189,24435
29631334,24444
29637522,24439
29643714,24447
29649875,24445
29656109,24443
29667711,24443
29673889,24440
29680065,24445
29686257,24444
29692492,24449
29698710,24443
29704939,24446
29711110,24438
29717273,24443
29724077,24441
29730236,24445
29736432,24441
29741654,24443
29747804,24441
29753989,24445
29760187,24444
29766350,24445
29772527,24447
29777953,24447
29784160,24446
29790354,24443
29796485,24438
29802712,24445
29808870,24442
29814076,24441
29820235,24436
29826375,24435
29832562,24444
29838764,24443
29844939,24442
29851169,24439
29857380,24442
29863556,24438
29869731,24440
29875873,24442
29882087,24435
29888252,24443
29894441,24441
29900621,24441
29906777,24443
29912218,24447
29918388,24446
29924551,24442
29930759,24442
29942841,24440
29949045,24441
29955245,24437
29961448,24443
29967663,24443
29973848,24445
29980063,24444
29986236,24437
29992354,24449
29998488,24440
30004698,24441
30010865,24445
30016296,24437
30022509,24443
30028722,24447
30034895,24442
30041047,24446
30046242,24443
30052450,24444
30058644,24443
30064816,24450
30076381,24440
30082537,24446
30087751,24447
30093929,24441
30100144,24442
30106259,24446
30112428,24440
30118619,24443
30124795,24442
30130970,24446
30137213,24447
30143922,24437
30150171,24444
30156321,24443
30162507,24443
30168719,24443
30174876,24438
30180380,24443
30186554,24443
30192737,24444
30198938,24446
30205135,24439
30211367,24440
30217518,24436
30222726,24438
30228921,24438
30235193,24441
30241333,24434
30247514,24433
30253719,24438
30259877,24435
30266081,24431
30272236,24436
30278381,24440
30284525,24438
30289974,24432
30296144,24436
30302354,24440
30308524,24437
30314739,24436
30320876,24437
30327083,24434
30333265,24433
30339458,24439
30350869,24432
30357092,24435
30363304,24428
30369457,24430
30375669,24432
30381891,24431
30388082,24429
30394301,24434
30400467,24429
30406703,24435
30412871,24431
30419064,24435
30424475,24430
30430679,24436
30436813,24431
30442954,24433
30449132,24434
30455296,24429
30461462,24428
30467684,24429
30473807,24425
30485183,24428
30491292,24432
30497453,24428
30503642,24429
30509816,24422
30516002,24425
30522191,24431
30528340,24425
30534501,24425
30540665,24430
30546835,24428
30553066,24428
30558536,24422
30565410,24429
30571621,24430
30577824,24421
30583980,24423
30590179,24426
30595406,24428
30601625,24424
30607813,24423
30613957,24424
30620162,24426
30626339,24427
30631768,24429
30637935,24431
30644109,24425
30650292,24427
30656476,24425
30662689,24419
30668853,24424
30675001,24424
30681163,24422
30687366,24423
30692607,24424
30698811,24429
30704989,24423
30711224,24418
30717416,24428
30723604,24427
30729043,24431
30735205,24429
30741388,24430
30747619,24428
30759084,24422
30765266,24419
30770708,24423
30777524,24430
30790339,24423
30796516,24425
30802768,24431
30808955,24423
30815126,24425
30821349,24416
30826581,24415
30832781,24423
30839015,24425
30845251,24425
30851437,24424
30857662,24423
30863837,24424
30869995,24424
30876185,24426
30882318,24422
30888467,24430
30894679,24423
30900111,24426
30906290,24418
30912484,24426
30918697,24427
30924851,24427
30931008,24425
30937184,24426
30943374,24426
30949547,24424
30955769,24423
30960975,24429
30967190,24427
30973390,24425
30979605,24423
30985790,24427
30992562,24425
30998046,24426
31004222,24425
31010379,24423
31016555,24423
31022759,24430
31028926,24422
31034138,24421
31040304,24417
31046487,24424
31052685,24422
31058870,24420
31065103,24420
31071282,24427
31077444,24421
31083639,24418
31089824,24418
31095264,24421
31101454,24426
31107661,24426
31113849,24422
31120008,24419
31126210,24421
31132373,24424
31138525,24419
31144724,24420
31150881,24421
31157069,24417
31163278,24421
31169456,24425
31175697,24416
31181884,24420
31188106,24415
31194303,24417
31200498,24415
31207360,24418
31213546,24413
31219750,24418
31225921,24420
31232122,24420
31238300,24420
31244504,24416
31250667,24417
31256869,24421
31263067,24416
31269216,24419
31275396,24417
31281533,24418
31287749,24418
31293908,24418
31300077,24416
31306261,24417
31311478,24413
31317681,24416
31323873,24417
31330056,24413
31336249,24423
31342372,24415
31348557,24409
31354726,24412
31360929,24409
31366370,24410
31372571,24415
31378774,24417
31384899,24415
31391063,24413
31397262,24415
31403431,24413
31408645,24418
31415366,24416
31421553,24418
31427772,24411
31433979,24413
31440133,24415
31445571,24408
31451766,24409
31457972,24412
31464137,24414
31470310,24408
31476510,24411
31482737,24406
31488868,24406
31495038,24411
31500239,24412
31506371,24410
31512532,24406
31518753,24408
31524901,24411
31531097,24409
31537285,24409
31543449,24410
31549642,24402
31555824,24406
31561994,24404
31568203,24410
31579786,24407
31585908,24413
31592084,24414
31598240,24415
31604418,24407
31610575,24404
31616781,24406
31623642,24407
31629846,24412
31635041,24410
31641256,24413
31647453,24406
31653605,24412
31659781,24408
31665951,24405
31672164,24410
31678370,24411
31683814,24411
31689978,24408
31696164,24407
31702347,24405
31713687,24405
31719869,24403
31726104,24398
31732300,24404
31738470,24403
31744692,24404
31750858,24406
31757076,24406
31763287,24404
31768756,24404
31774945,24403
31781125,24403
31787315,24403
31793473,24401
31799656,24401
31805821,24403
31811947,24403
31818133,24404
31824317,24408
31830508,24397
31837332,24403
31848736,24400
31854937,24407
31860373,24407
31866518,24405
31872736,24410
31878878,24409
31885062,24406
31891257,24404
31897492,24403
31903738,24402
31909902,24410
31916055,24408
31922237,24405
31928424,24407
31934577,24400
31940782,24406
31946887,24405
31953061,24408
31958244,24403
31964494,24406
31970696,24406
31976912,24404
31983098,24404
31989259,24405
31995376,24407
32001520,24406
32007679,24401
32013853,24403
32020071,24403
32032864,24405
32039152,24400
32045402,24398
32052226,24404
32058433,24408
32064655,24398
32070829,24403
32076991,24399
32083191,24404
32088622,24402
32094899,24402
32101089,24401
32107269,24399
32118673,24399
32124832,24394
32130249,24394
32136437,24398
32142616,24399
32148779,24392
32154943,24394
32161140,24388
32167357,24396
32172588,24401
32178778,24393
32184983,24397
32191213,24394
32197363,24394
32203545,24394
32209745,24392
32215933,24398
32221399,24391
32227559,24395
32233785,24394
32239978,24390
32246159,24392
32252338,24385
32258557,24388
32265402,24389
32271586,24382
32277784,24393
32283920,24395
32290073,24389
32296254,24387
32302455,24392
32307658,24387
32313881,24393
32320112,24384
32326263,24391
32332430,24384
32338629,24388
32344833,24393
32350999,24389
32356462,24387
32362647,24385
32368874,24391
32375018,24390
32381202,24392
32392596,24381
32398792,24383
32405012,24382
32411188,24383
32417345,24376
32423539,24382
32429760,24385
32435947,24382
32441422,24386
32447585,24381
32453773,24383
32459929,24384
32466091,24382
32472869,24384
32479036,24382
32485180,24376
32490388,24385
32496587,24381
32502771,24381
32508977,24385
32515215,24383
32526820,24375
32532947,24380
32539108,24381
32545250,24384
32551428,24383
32557571,24380
32563795,24387
32569934,24385
32576099,24379
32582290,24383
32588504,24385
32594731,24390
32600854,24383
32607008,24384
32613209,24386
32619381,24380
32624607,24381
32630835,24387
32637034,24379
32643256,24383
32649395,24384
32660994,24379
32667181,24386
32673381,24372
32679555,24380
32686372,24383
32692575,24382
32698788,24383
32705011,24382
32711188,24377
32716400,24377
32722573,24377
32728789,24378
32734964,24382
32741181,24382
32747338,24383
32753505,24380
32758987,24380
32765180,24381
32771395,24379
32777582,24385
32783807,24379
32795144,24385
32801271,24375
32807396,24382
32813539,24382
32819694,24389
32825134,24383
32831339,24375
32837537,24381
32843774,24383
32849988,24381
32856183,24387
32862375,24385
32868540,24380
32874754,24384
32880866,24384
32886992,24384
32893773,24384
32899919,24384
32906094,24378
32912295,24380
32918464,24382
32929938,24383
32936156,24384
32942290,24387
32948477,24382
32954696,24387
32960130,24384
32966328,24388
32972492,24383
32978693,24380
32984881,24385
32990087,24379
32996262,24382
33002412,24382
33008588,24378
33014802,24383
33020999,24384
33027193,24376
33033356,24381
33039538,24378
33045729,24385
33051923,24390
33058116,24381
33064277,24377
33070446,24378
33076629,24376
33082817,24371
33088980,24379
33094446,24369
33100646,24377
33107455,24380
33113597,24374
33119791,24376
33125021,24380
33131212,24371
33137378,24377
33143581,24371
33149829,24377
33155996,24371
33162196,24371
33168357,24377
33173756,24372
33179932,24372
33186113,24367
33192295,24371
33203732,24371
33209894,24369
33216103,24372
33222279,24369
33228454,24367
33234693,24367
33240873,24367
33247097,24367
33253294,24371
33258721,24367
33264877,24374
33277652,24373
33283906,24370
33290144,24366
33296349,24370
33302536,24370
33308722,24366
33314917,24374
33321709,24373
33333384,24368
33339577,24364
33345787,24364
33351936,24368
33358119,24367
33364322,24369
33370544,24365
33376758,24369
33382954,24363
33388140,24367
33394315,24371
33400500,24370
33406670,24367
33412845,24363
33419046,24371
33425262,24368
33431461,24363
33436855,24359
33442987,24367
33449145,24362
33455297,24363
33461482,24364
33467675,24363
33473877,24359
33480038,24365
33486237,24365
33492458,24361
33498646,24358
33503871,24365
33510044,24365
33516300,24366
33522471,24366
33529207,24368
33535400,24360
33541607,24366
33547796,24360
33553954,24362
33560168,24360
33566382,24370
33571834,24365
33578028,24366
33584211,24365
33590379,24363
33596555,24362
33608000,24371
33614186,24364
33620334,24367
33626440,24362
33632613,24360
33638838,24365
33645031,24366
33651226,24359
33656626,24367
33662826,24367
33668967,24369
33675147,24364
33681291,24368
33687516,24363
33693760,24359
33699952,24368
33706130,24368
33712357,24361
33718541,24366
33724767,24364
33730927,24364
33743181,24367
33749336,24370
33755539,24370
33761779,24376
33768021,24372
33774202,24367
33779450,24364
33785627,24368
33791067,24368
33797265,24371
33803479,24378
33809659,24372
33815806,24371
33821966,24368
33828159,24365
33834330,24368
33840540,24365
33845747,24370
33851910,24368
33858124,24368
33864309,24370
33870422,24368
33876611,24372
33882785,24368
33888943,24375
33895153,24372
33901346,24375
33907543,24375
33913732,24374
33919900,24372
33925334,24371
33931531,24368
33937687,24370
33943876,24376
33950605,24375
33956839,24375
33962996,24366
33969197,24369
33975411,24370
33980627,24368
33986839,24369
33993030,24378
33999239,24368
34005350,24371
34016940,24360
34023093,24369
34029265,24366
34035447,24366
34041694,24369
34047885,24370
34053110,24368
34059325,24371
34064760,24373
34070885,24370
34077064,24374
34083208,24373
34089369,24362
34095569,24371
34101794,24372
34107944,24374
34114108,24365
34120264,24367
34126482,24366
34132694,24367
34138869,24363
34145036,24365
34151212,24361
34157417,24369
34164282,24372
34170471,24368
34176658,24367
34182831,24362
34188052,24362
34194260,24367
34200409,24362
34206552,24364
34212741,24363
34218906,24366
34225128,24367
34231336,24370
34237491,24359
34243689,24366
34249877,24361
34255375,24365
34261555,24366
34267789,24360
34273936,24358
34280104,24358
34291483,24364
34297696,24359
34303864,24362
34310040,24364
34316256,24368
34321707,24360
34327901,24362
34334037,24359
34340230,24362
34346410,24362
34352574,24361
34358776,24364
34364943,24357
34371768,24365
34377959,24366
34384128,24362
34389319,24363
34395524,24355
34401707,24359
34407909,24362
34414080,24362
34425742,24360
34431902,24360
34438051,24357
34444279,24362
34450452,24362
34456678,24361
34462867,24364
34469009,24362
34474213,24359
34480348,24358
34486507,24357
34492707,24360
34498892,24362
34505123,24357
34511298,24361
34524315,24361
34530513,24360
34536762,24356
34542936,24363
34554264,24358
34560404,24362
34566625,24356
34572829,24364
34578978,24359
34585806,24353
34592059,24360
34598272,24359
34603666,24364
34609859,24353
34615969,24355
34622163,24357
34628368,24364
34634570,24361
34640814,24364
34646965,24361
34653180,24358
34658423,24358
34664584,24359
34670764,24357
34676914,24367
34683084,24355
34689298,24358
34695462,24356
34701651,24362
34707811,24363
34714002,24363
34720230,24359
34726429,24357
34732605,24363
34738080,24359
34744299,24359
34750490,24353
34756694,24361
34762887,24365
34768988,24362
34775178,24368
34781337,24364
34787516,24362
34792746,24364
34799547,24360
34805757,24356
34811947,24359
34818138,24365
34829770,24357
34835933,24362
34842088,24363
34848272,24357
34854471,24364
34860684,24360
34866898,24363
34872097,24370
34878321,24360
34884446,24365
34890568,24361
34896752,24365
34902913,24364
34909161,24365
34915343,24359
34921494,24361
34926942,24365
34933138,24364
34939298,24367
34945454,24363
34951638,24367
34963082,24361
34969298,24359
34975472,24365
34981664,24363
34987844,24358
34994011,24362
35000251,24360
35006960,24360
35012422,24358
35018606,24358
35024791,24363
35030985,24363
35037143,24363
35043366,24366
35049514,24356
35055730,24359
35060928,24364
35067131,24363
35073297,24364
35079494,24358
35085659,24354
35091825,24358
35097994,24362
35104248,24360
35110392,24358
35116588,24357
35122748,24358
35128951,24362
35135177,24361
35141361,24354
35146797,24353
35152006,24348
35158223,24357
35164391,24361
35170534,24350
35176724,24362
35182887,24354
35189077,24358
35195285,24357
35201445,24354
35207613,24355
35213830,24358
35220569,24361
35232270,24351
35238445,24358
35244654,24348
35250882,24358
35257059,24352
35263231,24353
35269411,24356
35275592,24355
35280848,24353
35286266,24361
35292483,24351
35298701,24359
35304893,24355
35311040,24352
35317202,24348
35323405,24355
35329571,24357
35335799,24355
35341945,24356
35348124,24354
35354268,24350
35360471,24352
35366685,24355
35372936,24359
35379091,24360
35385262,24347
35391440,24358
35397624,24358
35403834,24358
35409954,24358
35415178,24355
35420619,24354
35426864,24352
35433709,24355
35439938,24352
35446117,24355
35452309,24357
35458515,24362
35464697,24359
35470869,24355
35476044,24355
35482237,24355
35488405,24355
35494573,24356
35506193,24355
35512402,24364
35518595,24353
35524818,24354
35531019,24352
35537176,24353
35543371,24354
35549552,24357
35555770,24356
35561930,24355
35568088,24357
35574249,24358
35580435,24363
35586626,24354
35592848,24358
35599002,24360
35605147,24356
35610342,24363
35616499,24362
35622704,24353
35628879,24351
35635066,24357
35641942,24361
35648168,24365
35654395,24365
35660590,24362
35666815,24366
35672988,24360
35679188,24360
35685367,24358
35690807,24359
35696004,24362
35702227,24358
35708386,24361
35714582,24359
35720749,24365
35726959,24363
35733177,24360
35739346,24361
35744740,24357
35750919,24366
35757016,24360
35769818,24368
35776003,24361
35782280,24367
35788491,24362
35794708,24369
35800940,24372
35807123,24366
35813300,24366
35818501,24361
35824662,24364
35830057,24365
35836277,24365
35842497,24368
35848728,24362
35854929,24364
35861806,24367
35867975,24369
35873165,24366
35879367,24365
35885517,24365
35891666,24367
35897833,24365
35904018,24360
35910262,24364
35916460,24366
35922635,24370
35928838,24367
35935035,24363
35941234,24363
35947372,24369
35952795,24360
35958935,24368
35964129,24362
35970341,24365
35976506,24360
35982722,24359
35988909,24364
35995116,24363
36001330,24357
36007455,24358
36013650,24362
36019898,24358
36026038,24357
36032236,24366
36038419,24361
36044597,24362
36050800,24357
36056966,24359
36063177,24357
36070040,24365
36076257,24359
36082418,24355
36087846,24358
36094008,24362
36099558,24357
36105802,24360
36111989,24355
36118190,24361
36124364,24355
36130566,24359
36136814,24361
36142973,24356
36148177,24360
36154352,24354
36160510,24355
36166727,24356
36172931,24357
36184592,24358
36190795,24358
36196960,24358
36203142,24357
36209311,24361
36215473,24359
36221685,24357
36227890,24355
36233096,24364
36239308,24360
36245507,24356
36251716,24357
36257890,24355
36264042,24354
36270275,24364
36276985,24363
36282516,24356
36288732,24357
36294891,24357
36301040,24357
36307192,24358
36318589,24358
36324806,24360
36330969,24353
36337155,24355
36343340,24363
36349497,24362
36355674,24356
36361116,24366
36367309,24360
36372534,24355
36378722,24360
36384920,24361
36391134,24363
36397367,24359
36403546,24354
36409744,24359
36415941,24357
36421410,24358
36427573,24362
36433809,24359
36439990,24359
36446155,24360
36457559,24357
36463740,24366
36469907,24365
36476057,24370
36482272,24361
36489019,24361
36495267,24359
36501454,24363
36506898,24359
36513032,24362
36519223,24360
36525417,24364
36531598,24365
36537822,24364
36544022,24367
36550198,24364
36555401,24367
36561517,24360
36567748,24363
36573913,24360
36580079,24364
36591740,24366
36597914,24363
36604132,24370
36610305,24367
36616479,24367
36622623,24363
36628811,24372
36634991,24370
36641172,24369
36647379,24367
36653572,24359
36659820,24370
36666026,24368
36672210,24370
36678359,24369
36684532,24364
36689747,24363
36695932,24369
36702719,24367
36708916,24366
36715117,24370
36726804,24371
36732936,24376
36739082,24363
36745243,24360
36751449,24366
36757592,24368
36763823,24371
36769987,24371
36775208,24370
36781349,24366
36787490,24367
36793682,24373
36799872,24373
36806051,24366
36812268,24374
36818410,24376
36823815,24373
36829986,24366
36836162,24378
36842379,24374
36848555,24367
36860039,24368
36866246,24365
36872363,24367
36878538,24367
36884737,24364
36890918,24367
36897090,24364
36903283,24364
36910021,24372
36916288,24368
36922451,24363
36928620,24364
36934796,24364
36940953,24367
36947164,24367
36953340,24363
36958714,24368
36964943,24362
36971111,24368
36977294,24364
36983485,24369
36994947,24363
37001170,24363
37014174,24360
37020358,24357
37026596,24361
37032812,24361
37038980,24373
37044178,24370
37050371,24365
37055816,24369
37061990,24364
37068145,24366
37074410,24367
37080642,24369
37086865,24367
37092996,24364
37099196,24365
37105408,24363
37111598,24367
37123074,24364
37129955,24368
37136202,24365
37142328,24365
37148534,24366
37154652,24359
37160826,24361
37167017,24360
37173233,24357
37178688,24363
37184932,24364
37190130,24362
37196362,24358
37202528,24361
37208717,24363
37214879,24364
37221050,24365
37226508,24357
37232727,24369
37238913,24360
37245091,24357
37251255,24365
37257442,24366
37263645,24366
37269859,24363
37276017,24365
37282165,24365
37288331,24366
37294544,24367
37300732,24362
37306909,24360
37313065,24364
37319248,24369
37324442,24365
37330616,24363
37337311,24360
37343501,24358
37349705,24364
37355882,24365
37361269,24365
37367502,24359
37373725,24367
37379932,24364
37386085,24363
37397522,24370
37403737,24371
37409935,24361
37416084,24363
37422274,24367
37428434,24358
37434588,24365
37440766,24363
37446975,24365
37453186,24368
37459373,24366
37465579,24366
37471777,24371
37477928,24362
37484098,24367
37490285,24367
37495752,24365
37501913,24367
37508081,24366
37514267,24368
37520433,24370
37531855,24366
37538031,24367
37544266,24367
37551072,24373
37557318,24369
37563476,24371
37569684,24367
37575870,24367
37582052,24375
37587513,24363
37593723,24372
37598936,24373
37605094,24370
37611273,24369
37617394,24368
37623520,24370
37629732,24369
37635947,24363
37642150,24372
37648376,24369
37654510,24368
37660700,24368
37666883,24371
37673064,24371
37679270,24379
37685452,24374
37691615,24371
37697788,24377
37703978,24369
37710184,24373
37716370,24372
37721797,24372
37727967,24372
37734138,24376
37740286,24375
37746434,24377
37752616,24379
37759398,24372
37765595,24377
37770831,24371
37776986,24376
37783222,24376
37789385,24371
37795522,24369
37807191,24368
37813379,24379
37819529,24367
37825701,24370
37831916,24368
37838076,24374
37844285,24371
37850494,24370
37855700,24371
37861916,24370
37868146,24372
37874365,24373
37880506,24365
37886683,24374
37892875,24368
37899032,24372
37904513,24373
37910757,24366
37916924,24368
37923075,24367
37929247,24367
37940656,24369
37946823,24366
37953004,24371
37959191,24370
37965375,24372
37972187,24373
37978373,24369
37984521,24372
37990783,24368
37996996,24366
38003213,24368
38009387,24364
38014851,24369
38021008,24367
38027166,24370
38033373,24370
38038595,24373
38044800,24367
38051000,24369
38057181,24365
38063384,24371
38074931,24369
38081088,24372
38087258,24373
38093426,24374
38099627,24369
38105867,24370
38112026,24369
38118220,24370
38124472,24371
38129700,24367
38135914,24371
38142134,24366
38148334,24371
38153751,24370
38159930,24358
38166115,24369
38172355,24369
38177573,24362
38184386,24369
38190575,24366
38196772,24366
38202943,24364
38209155,24369
38215379,24371
38221522,24370
38227676,24373
38233874,24383
38240063,24375
38246278,24379
38259030,24370
38265297,24379
38271517,24374
38277720,24371
38283164,24380
38289333,24376
38295521,24369
38301731,24371
38306935,24370
38313170,24370
38319359,24374
38325513,24373
38331704,24378
38337894,24375
38344072,24370
38350288,24378
38356427,24377
38362538,24384
38368702,24373
38374900,24381
38381068,24373
38387283,24374
38393446,24376
38399624,24381
38405861,24380
38412037,24374
38417532,24375
38423667,24378
38429875,24378
38436042,24380
38441266,24378
38447478,24379
38453662,24378
38459878,24378
38466053,24382
38472276,24385
38483891,24382
38490045,24387
38496234,24380
38502400,24376
38508610,24381
38514849,24382
38521007,24374
38527190,24385
38533375,24383
38539583,24381
38545780,24379
38551941,24384
38558056,24387
38564220,24382
38570397,24382
38575646,24384
38581827,24382
38587971,24383
38594202,24381
38600398,24382
38607154,24380
38618832,24384
38624989,24380
38631181,24382
38637370,24387
38643586,24380
38649854,24383
38655956,24384
38662148,24377
38668310,24383
38673544,24391
38679786,24380
38685991,24377
38692180,24382
38698366,24371
38704493,24388
38709936,24382
38716125,24389
38722334,24386
38728524,24382
38734777,24381
38740958,24383
38747055,24379
38753229,24379
38759425,24378
38765594,24373
38771781,24380
38777966,24377
38784145,24379
38790372,24381
38796563,24386
38802757,24384
38807989,24379
38814184,24374
38821047,24387
38827254,24384
38832665,24375
38838881,24377
38844087,24377
38850313,24379
38856463,24378
38862634,24377
38868848,24381
38875045,24381
38881282,24373
38892880,24379
38899019,24377
38905167,24377
38911362,24376
38917534,24378
38923794,24375
38930006,24379
38936197,24375
38941418,24376
38947574,24370
38953778,24378
38959955,24374
38966112,24376
38971586,24374
38977806,24380
38984021,24374
38990220,24376
38996400,24379
39002608,24374
39008822,24379
39014974,24380
39021157,24379
39027316,24382
39034063,24377
39040241,24373
39046466,24371
39052632,24379
39058857,24376
39065054,24373
39071248,24379
39076432,24387
39082564,24379
39088740,24377
39094949,24376
39101118,24379
39106586,24376
39112792,24377
39117988,24376
39124197,24379
39130414,24378
39136561,24374
39142752,24377
39148945,24372
39155162,24376
39166781,24374
39172978,24380
39179159,24375
39185362,24376
39191519,24377
39197741,24375
39203924,24379
39210074,24376
39215277,24380
39221447,24379
39227607,24376
39233776,24386
39240562,24379
39246785,24383
39252224,24380
39258417,24378
39264583,24387
39270826,24384
39277004,24379
39283170,24384
39289339,24380
39295490,24379
39301621,24384
39307871,24381
39313998,24380
39320171,24383
39326358,24386
39332551,24384
39338780,24380
39345006,24382
39351148,24384
39357332,24384
39363498,24384
39369733,24378
39375983,24381
39381179,24386
39386657,24382
39392892,24384
39399089,24383
39405273,24390
39411462,24387
39417626,24385
39423851,24389
39430017,24382
39441378,24388
39447533,24388
39454327,24388
39460490,24389
39466656,24390
39472854,24387
39479014,24386
39485199,24388
39491346,24389
39504059,24393
39510286,24389
39515839,24393
39522021,24397
39528200,24386
39534389,24391
39540616,24391
39546870,24391
39553064,24385
39559221,24398
39570530,24392
39576718,24397
39582940,24389
39589123,24395
39595323,24394
39601494,24395
39607677,24394
39613880,24392
39620030,24392
39626220,24387
39632417,24391
39638542,24387
39644768,24384
39650180,24389
39655749,24388
39661975,24392
39668784,24391
39674946,24386
39681121,24395
39687314,24386
39693513,24389
39704892,24387
39711065,24389
39717308,24389
39723485,24387
39729682,24390
39735884,24393
39742084,24395
39748281,24393
39753710,24393
39759902,24388
39766016,24396
39772197,24388
39778360,24394
39784543,24394
39788989,24392
39795211,24388
39801387,24390
39807604,24393
39813799,24392
39819983,24387
39826164,24389
39832312,24392
39843751,24386
39849964,24388
39856163,24386
39862375,24389
39868500,24392
39874693,24394
39881490,24388
39887629,24392
39893813,24388
39899996,24384
39906192,24386
39912397,24394
39918533,24386
39923316,24384
39929537,24387
39935670,24384
39941875,24392
39948084,24385
39954275,24389
39960444,24390
39966588,24389
39978066,24393
39984305,24392
39990497,24391
39996681,24396
40002857,24393
40009073,24392
40015309,24390
40021498,24391
40027654,24397
40033864,24393
40040023,24389
40046246,24391
40052415,24390
40057815,24389
40063333,24394
40069542,24399
40075752,24389
40081973,24389
40088619,24392
40094880,24391
40101053,24396
40112410,24393
40118567,24398
40124722,24394
40130902,24397
40137072,24392
40143302,24385
40149505,24395
40155664,24387
40161858,24388
40167290,24387
40173482,24389
40179660,24393
40185873,24388
40191088,24395
40196516,24401
40202703,24395
40208902,24392
40215091,24389
40221267,24394
40227426,24398
40233610,24398
40239809,24396
40245989,24403
40252141,24404
40258332,24400
40264506,24397
40270698,24396
40276922,24398
40283073,24398
40289261,24393
40295447,24394
40302131,24392
40308300,24397
40314528,24396
40320693,24396
40325933,24401
40331387,24396
40337565,24399
40343744,24393
40349964,24397
40356072,24397
40362242,24398
40368432,24396
40379858,24403
40386039,24403
40392258,24396
40398413,24400
40404549,24403
40410746,24416
40416950,24407
40423112,24399
40429339,24408
40435458,24402
40440902,24398
40447092,24402
40453279,24403
40459480,24401
40464674,24400
40470084,24404
40476236,24404
40482399,24408
40488603,24400
40494809,24409
40500965,24407
40507097,24395
40519177,24401
40525362,24404
40531500,24405
40537681,24403
40543885,24408
40550098,24399
40556322,24408
40562465,24401
40568623,24404
40574058,24403
40580230,24401
40586430,24401
40592627,24400
40597858,24400
40604038,24403
40610247,24399
40616432,24403
40622584,24401
40628757,24405
40634940,24405
40641137,24403
40652768,24404
40658976,24404
40665130,24400
40671284,24399
40677498,24400
40683675,24401
40689880,24403
40696014,24397
40702141,24402
40708311,24402
40714526,24402
40721325,24401
40727528,24405
40732741,24399
40738948,24403
40751027,24406
40757242,24399
40763461,24400
40769641,24406
40781284,24398
40787522,24403
40793759,24402
40799965,24403
40806141,24397
40812389,24402
40818613,24401
40824810,24402
40831004,24401
40837155,24405
40842364,24402
40848477,24400
40854682,24403
40860890,24403
40867085,24404
40873298,24401
40878807,24405
40884969,24404
40891083,24409
40897247,24406
40903434,24402
40909620,24404
40915808,24405
40921979,24399
40928129,24400
40934310,24399
40941074,24402
40947276,24405
40953447,24394
40959630,24404
40965901,24404
40972047,24399
40977273,24399
40983472,24406
40989700,24401
40995942,24404
41001371,24407
41007529,24401
41012740,24404
41018948,24405
41025126,24405
41031312,24404
41037452,24406
41043595,24405
41055213,24401
41061364,24405
41067591,24398
41073747,24403
41079961,24402
41086123,24398
41092331,24401
41098512,24407
41104688,24401
41110889,24402
41117075,24408
41123268,24409
41129449,24399
41135639,24406
41141865,24400
41147647,24411
41153911,24411
41160083,24410
41166297,24408
41172448,24403
41178603,24408
41190178,24405
41196363,24412
41202536,24408
41208721,24409
41214978,24410
41221138,24413
41227309,24406
41233477,24407
41239651,24407
41245879,24414
41251102,24414
41257339,24409
41263473,24411
41269692,24415
41275137,24411
41281309,24412
41286508,24415
41292679,24405
41298896,24407
41305078,24407
41311305,24409
41317459,24409
41329054,24409
41335205,24407
41341380,24416
41347533,24410
41353749,24413
41360581,24413
41366776,24416
41372976,24416
41379104,24418
41385301,24416
41391495,24412
41397688,24415
41403915,24418
41410097,24411
41416275,24414
41421478,24414
41427654,24414
41433839,24416
41439992,24423
41446211,24418
41452388,24412
41458556,24419
41464782,24418
41470961,24418
41477188,24417
41483436,24423
41489588,24411
41495737,24416
41501914,24418
41508101,24419
41514333,24418
41520526,24421
41525979,24421
41532149,24417
41538345,24417
41544541,24425
41550789,24415
41555979,24419
41562181,24416
41569029,24416
41575268,24418
41581474,24411
41587646,24418
41599286,24415
41605475,24416
41611681,24416
41617890,24417
41624034,24412
41630186,24422
41636363,24414
41642543,24414
41648765,24415
41654961,24414
41660156,24417
41666339,24415
41672547,24414
41678764,24414
41684190,24415
41689737,24418
41695924,24416
41702130,24417
41708282,24417
41714470,24417
41720645,24421
41726894,24412
41733058,24417
41739228,24414
41745425,24411
41751623,24410
41757823,24417
41763969,24412
41770107,24418
41776283,24411
41783089,24414
41789282,24418
41794496,24412
41800688,24417
41806892,24415
41813084,24411
41818592,24415
41824789,24414
41830979,24420
41837114,24412
41843289,24417
41849491,24419
41855642,24416
41861910,24412
41873321,24420
41879503,24414
41885690,24415
41891874,24408
41898063,24417
41904264,24415
41910456,24416
41916650,24414
41922855,24416
41928298,24416
41934531,24419
41940692,24421
41946881,24410
41953013,24413
41959161,24413
41965335,24420
41971469,24417
41977598,24414
41983796,24419
42002773,24418
42009033,24421
42015252,24420
42021458,24420
42027658,24420
42033821,24423
42039996,24420
42046161,24414
42052368,24418
42057839,24425
42064040,24417
42070237,24421
42076423,24415
42082629,24424
42087823,24424
42094024,24423
42099440,24417
42105623,24418
42111817,24424
42117978,24409
42124180,24420
42130322,24421
42136518,24428
42142681,24425
42148892,24424
42155060,24424
42161236,24421
42167400,24420
42173646,24423
42179825,24425
42186033,24425
42192236,24425
42198399,24433
42205165,24431
42211360,24430
42217564,24424
42222788,24419
42228972,24423
42234424,24427
42240587,24421
42246770,24422
42253010,24422
42259165,24425
42265344,24424
42276735,24433
42282944,24434
42289127,24428
42295347,24431
42301512,24432
42307690,24431
42313876,24429
42320057,24429
42326289,24434
42331728,24422
42337953,24427
42344090,24427
42350272,24429
42356481,24431
42362665,24426
42367856,24431
42374018,24425
42380230,24429
42386401,24434
42392598,24427
42398800,24428
42405017,24432
42411230,24434
42418089,24440
42424319,24432
42430484,24433
42436628,24435
42442862,24434
42449020,24441
42455214,24437
42461397,24432
42466824,24433
42473020,24438
42479200,24438
42485396,24441
42491589,24433
42496739,24440
42502936,24429
42509086,24432
42515275,24428
42521454,24426
42527629,24430
42533860,24431
42545459,24434
42551656,24440
42557888,24434
42564050,24435
42570207,24446
42576363,24436
42582548,24431
42588794,24431
42595018,24433
42601189,24434
42607379,24438
42613565,24438
42619782,24435
42626646,24432
42631863,24432
42638003,24434
42644185,24438
42650410,24437
42656571,24435
42662749,24439
42668902,24432
42680542,24437
42686727,24430
42692943,24435
42699089,24438
42705272,24432
42711423,24434
42717602,24433
42723837,24431
42730036,24439
42736218,24433
42741406,24430
42747587,24435
42753747,24439
42759947,24431
42765377,24438
42771576,24435
42777722,24432
42783916,24427
42790031,24431
42796207,24431
42802379,24441
42808597,24430
42814769,24436
42820994,24435
42827186,24430
42833326,24431
42840086,24430
42846248,24432
42852421,24433
42858609,24434
42864834,24433
42871006,24438
42876204,24439
42882440,24436
42888579,24434
42894760,24432
42900179,24432
42906370,24438
42912564,24435
42917778,24431
42923990,24433
42930259,24434
42936473,24438
42942682,24432
42954336,24434
42960524,24441
42966712,24439
42972943,24438
42979108,24441
42985292,24431
42991488,24434
42997658,24437
43003864,24437
43009066,24434
43015267,24434
43021481,24433
43027618,24435
43033871,24436
43040024,24438
43046781,24438
43053036,24439
43059252,24433
43065433,24439
43071585,24434
43077803,24435
43089434,24435
43095607,24450
43101812,24437
43107991,24439
43114126,24439
43120299,24434
43126542,24444
43132783,24437
43139021,24444
43144205,24433
43150454,24432
43156626,24446
43162805,24435
43168960,24441
43174330,24443
43180519,24439
43186701,24440
43192935,24440
43199088,24445
43205266,24437
43211460,24438
43222886,24441
43229084,24440
43241867,24438
43248068,24442
43254348,24439
43260550,24439
43267376,24438
43273564,24438
43279757,24439
43285925,24440
43292146,24442
43298319,24442
43303715,24443
43309945,24439
43316121,24442
43322314,24443
43328491,24439
43334675,24438
43340940,24444
43352347,24440
43358496,24443
43364637,24440
43370774,24445
43376955,24449
43383118,24441
43389362,24444
43395551,24440
43401730,24453
43407919,24438
43414118,24451
43420324,24439
43426505,24441
43432671,24446
43438092,24445
43444282,24451
43450437,24443
43456585,24446
43462796,24444
43468969,24445
43475748,24446
43487144,24437
43493376,24443
43499546,24443
43505710,24437
43511889,24437
43518021,24437
43524189,24448
43530398,24437
43536585,24446
43542772,24439
43548256,24449
43554468,24445
43560642,24446
43566863,24441
43572045,24447
43578264,24446
43584413,24444
43590562,24443
43596757,24443
43602957,24438
43608374,24449
43614578,24446
43626011,24440
43632166,24444
43638352,24440
43644538,24440
43650714,24444
43656919,24442
43663094,24444
43669342,24437
43675495,24439
43681684,24445
43688467,24441
43694628,24438
43700810,24441
43706966,24447
43713114,24437
43719336,24441
43725474,24440
43731667,24444
43737871,24444
43744015,24437
43750176,24437
43756384,24444
43762464,24440
43768627,24444
43774794,24439
43780960,24441
43787140,24442
43793381,24446
43799540,24448
43805758,24440
43811948,24439
43818200,24439
43824397,24440
43830531,24443
43836735,24436
43842920,24437
43848341,24447
43854527,24442
43860720,24445
43866947,24439
43873121,24446
43879309,24441
43884488,24445
43896733,24440
43902931,24442
43909051,24444
43915190,24439
43921367,24445
43927569,24442
43933737,24439
43939915,24436
43946070,24449
43952245,24441
43958432,24443
43964639,24444
43970854,24443
43977025,24440
43982252,24439
43988444,24442
43994601,24440
44000755,24449
44006979,24445
44013152,24446
44019353,24440
44030940,24440
44037113,24445
44043282,24444
44049453,24446
44055691,24446
44061903,24444
44068082,24446
44074248,24442
44080411,24441
44086611,24448
44092820,24450
44098076,24443
44104864,24444
44111090,24446
44116573,24442
44122804,24444
44129016,24444
44135138,24443
44141316,24448
44147491,24441
44153666,24450
44158868,24441
44165035,24447
44171231,24446
44177432,24452
44183590,24444
44189756,24448
44195948,24448
44202113,24452
44208370,24453
44214521,24444
44220695,24446
44226877,24447
44232286,24452
44238470,24452
44244677,24452
44249858,24448
44256060,24447
44262292,24450
44268444,24449
44274596,24452
44280791,24455
44286981,24446
44293143,24450
44298625,24449
44304809,24450
44311010,24447
44317822,24451
44324015,24442
44330184,24452
44336333,24454
44342524,24450
44348704,24447
44354948,24453
44361099,24447
44366297,24448
44372481,24448
44378597,24449
44384032,24448
44390203,24453
44396431,24449
44402641,24443
44408860,24450
44415089,24451
44421303,24450
44427464,24446
44432664,24444
44444311,24448
44450500,24453
44456687,24448
44462900,24446
44469073,24452
44475231,24450
44488022,24453
44494237,24448
44499446,24443
44505643,24445
44511789,24449
44517264,24451
44523451,24445
44529655,24445
44536451,24447
44542640,24443
44548884,24445
44555050,24447
44561180,24449
44566393,24442
44578007,24450
44584202,24451
44590359,24446
44596570,24441
44602751,24441
44608985,24440
44615172,24446
44621370,24445
44627554,24445
44632755,24443
44638959,24438
44645111,24446
44651291,24447
44657456,24443
44663648,24447
44669834,24435
44676023,24439
44682200,24442
44688426,24443
44694527,24448
44699965,24441
44711295,24442
44717470,24443
44723638,24443
44729818,24444
44736013,24445
44742216,24446
44749058,24444
44755290,24443
44761511,24445
44767653,24437
44773854,24443
44780033,24447
44785438,24438
44791639,24444
44797864,24437
44804046,24441
44810206,24442
44816382,24442
44822580,24438
44828759,24437
44834973,24440
44846360,24437
44852513,24439
44858684,24440
44864936,24435
44871124,24436
44877355,24441
44883527,24444
44889688,24439
44895878,24448
44902037,24446
44907470,24444
44913633,24438
44919850,24440
44926018,24437
44932157,24440
44938313,24441
44944481,24443
44950668,24436
44957480,24441
44963689,24439
44969932,24444
44980557,24436
44986694,24444
44992943,24438
44999116,24436
45005277,24441
45011442,24439
45017645,24445
45023876,24434
45030023,24440
45036184,24439
45041407,24438
45047483,24443
45053627,24437
45059781,24439
45065995,24441
45072140,24444
45078374,24439
45084556,24437
45090735,24442
45096935,24438
45103078,24437
45114020,24442
45120141,24442
45126354,24439
45132547,24445
45138720,24444
45144922,24443
45151104,24442
45157305,24438
45163540,24444
45170313,24439
45176489,24436
45182698,24441
45188910,24441
45195041,24444
45200234,24442
45206459,24441
45212643,24444
45218843,24443
45225005,24445
45231171,24440
45237391,24435
45248303,24445
45254486,24439
45260702,24449
45266953,24445
45273091,24438
45279259,24439
45285435,24439
45291645,24443
45297841,24444
45304019,24440
45310145,24447
45316304,24443
45322484,24444
45328713,24442
45333945,24445
45340109,24443
45346303,24440
45352459,24439
45358682,24442
45364877,24448
45371014,24445
45382529,24438
45388706,24440
45394948,24438
45401160,24437
45407344,24438
45413579,24439
45419756,24437
45425979,24445
45432124,24442
45438309,24436
45444443,24438
45450634,24433
45456820,24442
45463068,24439
45468272,24438
45474483,24436
45480641,24443
45486843,24440
45493051,24444
45499242,24438
45505420,24438
45511550,24440
45517720,24433
45523907,24431
45530100,24431
45536350,24428
45542475,24434
45548686,24432
45554859,24435
45561048,24431
45567272,24430
45573463,24434
45579630,24431
45585759,24430
45591983,24436
45598164,24431
45603649,24432
45609868,24435
45616037,24434
45622240,24437
45628427,24435
45634588,24433
45640738,24434
45646953,24434
45657598,24431
45663814,24428
45670026,24431
45676194,24428
45682390,24431
45688608,24429
45694832,24433
45701064,24428
45707260,24431
45713411,24428
45719585,24431
45732382,24433
45738608,24429
45744851,24430
45751045,24429
45757223,24426
45763412,24430
45769622,24428
45775852,24435
45786482,24429
45792648,24426
45798820,24435
45805638,24428
45811816,24423
45818033,24431
45824175,24424
45830415,24428
45836592,24431
45842722,24428
45848920,24427
45855079,24424
45861285,24420
45867488,24434
45872968,24429
45879141,24428
45885313,24431
45891539,24433
45897709,24427
45903956,24427
45910108,24429
45920699,24422
45926887,24430
45933063,24425
45939258,24424
45945462,24429
45951640,24420
45957830,24430
45964029,24428
45970199,24425
45976401,24429
45982535,24424
45987997,24427
45994141,24423
46000362,24426
46006542,24429
46013302,24421
46019534,24430
46025708,24424
46031960,24425
46038096,24429
46044285,24429
46050468,24429
46055689,24427
46061875,24428
46068040,24424
46074205,24430
46080411,24424
46086528,24430
46092670,24429
46098894,24426
46105065,24425
46111271,24426
46117455,24426
46122874,24428
46129068,24433
46135249,24426
46141446,24427
46146705,24426
46152886,24429
46159058,24433
46165284,24428
46171435,24428
46177546,24430
46183725,24430
46189892,24421
46196066,24429
46202308,24424
46208474,24424
46214628,24428
46221412,24435
46227604,24433
46233797,24430
46239971,24430
46246144,24427
46252392,24423
46257826,24423
46264050,24423
46270212,24434
46276383,24427
46281617,24427
46287769,24424
46293959,24426
46300124,24427
46306315,24424
46312491,24423
46318663,24429
46330260,24422
46336458,24421
46342627,24420
46348836,24423
46355036,24425
46361169,24430
46367338,24423
46373490,24424
46379651,24429
46385847,24422
46392053,24424
46398229,24424
46404424,24423
46410627,24424
46415855,24426
46422027,24427
46428750,24427
46434982,24433
46441128,24421
46447319,24421
46453487,24425
46465063,24422
46470269,24424
46476484,24424
46482661,24428
46488879,24420
46495048,24422
46501218,24420
46507408,24420
46513549,24423
46519691,24420
46525871,24418
46531309,24424
46537502,24421
46543713,24425
46549924,24422
46556075,24423
46562259,24418
46568420,24422
46574591,24423
46580774,24419
46586991,24422
46593169,24420
46599342,24423
46605524,24417
46611712,24415
46617974,24409
46624128,24420
46630347,24420
46636549,24415
46643300,24415
46649470,24417
46655639,24423
46661855,24416
46667102,24413
46673316,24416
46679492,24419
46684932,24417
46691170,24417
46697355,24417
46703564,24418
46709669,24413
46715865,24414
46722054,24416
46728232,24421
46739602,24418
46745807,24415
46751985,24420
46758160,24416
46764404,24413
46770568,24415
46776730,24410
46782912,24416
46789051,24414
46795303,24411
46800755,24414
46806961,24414
46813128,24410
46818345,24413
46824547,24418
46830735,24412
46836908,24409
46843064,24408
46849831,24418
46856087,24408
46862313,24414
46873928,24416
46880081,24413
46886226,24413
46892392,24413
46898561,24412
46904749,24413
46910957,24415
46917079,24414
46923258,24410
46929451,24411
46934665,24412
46940859,24412
46947039,24414
46953244,24409
46959447,24410
46972126,24412
46978408,24412
46984584,24409
46990769,24409
46996987,24413
47003183,24404
47009452,24410
47015611,24408
47021057,24413
47027242,24410
47033439,24410
47039624,24411
47045835,24409
47052071,24409
47058211,24408
47064404,24410
47071203,24413
47077413,24408
47083649,24410
47088848,24412
47095023,24408
47101222,24412
47107459,24409
47113592,24417
47119769,24412
47125955,24406
47132164,24416
47143880,24412
47150061,24415
47156222,24410
47162405,24409
47168586,24413
47174767,24409
47180982,24408
47187102,24413
47193279,24411
47198500,24407
47204695,24413
47210900,24411
47217075,24419
47222484,24413
47228714,24411
47234964,24406
47241130,24412
47247318,24412
47253435,24410
47259595,24412
47265766,24411
47277750,24406
47283977,24411
47290154,24409
47296393,24404
47302560,24410
47308703,24404
47314875,24409
47321039,24406
47327210,24405
47332718,24408
47338964,24411
47345112,24409
47351310,24401
47356496,24406
47362711,24404
47368978,24405
47375137,24406
47381306,24404
47387493,24411
47393660,24411
47399818,24405
47406005,24397
47412170,24398
47418431,24390
47424594,24402
47430791,24401
47436209,24401
47442363,24396
47448533,24398
47454699,24394
47460893,24399
47467082,24400
47473249,24394
47479432,24400
47485620,24397
47491415,24399
47497599,24398
47503797,24400
47509967,24400
47516125,24393
47522338,24394
47528475,24400
47534635,24400
47540807,24398
47552468,24392
47558643,24392
47564876,24392
47571073,24394
47577191,24392
47583342,24391
47589515,24395
47595678,24394
47601898,24393
47607071,24390
47613267,24399
47619479,24395
47625586,24395
47631788,24396
47637996,24389
47644177,24394
47650418,24398
47656578,24386
47662707,24396
47668888,24395
47675055,24386
47686666,24391
47692860,24389
47699741,24392
47705964,24385
47712085,24392
47718285,24393
47724462,24392
47730696,24384
47736909,24394
47742104,24390
47748343,24386
47754571,24389
47760789,24390
47766234,24389
47772422,24388
47778628,24391
47784869,24391
47791083,24388
47797244,24386
47803420,24389
47809624,24385
47821008,24381
47827164,24391
47833409,24387
47839538,24390
47845667,24392
47851084,24385
47857238,24388
47863398,24387
47869585,24383
47875771,24384
47881986,24384
47888161,24387
47894335,24383
47900542,24388
47906712,24382
47913529,24387
47919698,24388
47925916,24381
47932161,24390
47938370,24392
47944573,24391
47955989,24389
47962162,24384
47968363,24385
47974504,24387
47980616,24383
47986004,24392
47992119,24385
47998253,24379
48004403,24387
48010605,24384
48015806,24386
48022015,24387
48028213,24385
48034444,24390
48040538,24390
48046714,24389
48052901,24387
48059086,24384
48065302,24385
48071513,24390
48077664,24384
48089300,24389
48095485,24391
48101653,24387
48107805,24391
48114027,24391
48119782,24390
48126044,24397
48132212,24388
48138427,24389
48144636,24389
48150109,24385
48156287,24392
48162437,24387
48168630,24392
48173802,24388
48179979,24388
48186133,24379
48192327,24388
48198520,24389
48204655,24396
48222989,24384
48229229,24386
48235468,24385
48241590,24385
48247765,24391
48253176,24386
48259374,24388
48265575,24384
48271780,24389
48278007,24387
48283207,24389
48289412,24385
48295572,24380
48301737,24387
48307172,24380
48313353,24380
48319557,24384
48325727,24382
48331924,24384
48338760,24383
48345024,24380
48356470,24379
48362611,24384
48368776,24378
48374957,24376
48381150,24378
48387322,24379
48393500,24381
48399678,24374
48405844,24379
48412041,24376
48417475,24380
48423668,24379
48429898,24381
48436099,24376
48441284,24379
48447498,24382
48453673,24373
48459801,24375
48466004,24376
48472131,24374
48478342,24385
48484502,24379
48490657,24380
48496839,24372
48503055,24373
48509226,24375
48515412,24376
48521613,24376
48527033,24377
48533166,24375
48539380,24367
48545577,24371
48551365,24374
48557525,24370
48563693,24372
48569896,24365
48575339,24367
48581488,24365
48587685,24369
48593870,24371
48600077,24366
48606237,24372
48612423,24363
48618621,24367
48630032,24372
48636234,24374
48642439,24364
48648554,24373
48654714,24368
48660897,24368
48666328,24363
48672492,24371
48678715,24364
48684912,24369
48691090,24366
48697232,24364
48703451,24367
48709648,24373
48715852,24366
48722063,24366
48728210,24364
48734385,24365
48740602,24372
48746761,24368
48753011,24374
48765058,24370
48771258,24371
48777445,24367
48783583,24373
48789720,24364
48795898,24371
48801326,24370
48807508,24367
48813735,24367
48819972,24365
48825170,24365
48831397,24371
48837560,24369
48843706,24367
48849119,24360
48855247,24368
48861401,24368
48867609,24364
48873793,24366
48880000,24362
48886145,24364
48892310,24369
48903693,24366
48909909,24369
48916098,24370
48922272,24372
48928468,24378
48934652,24369
48940837,24368
48947052,24369
48953256,24370
48959474,24375
48965699,24365
48972481,24367
48978607,24362
48984052,24368
48990193,24370
48996351,24367
49002541,24370
49008693,24372
49014917,24367
49021102,24367
49027255,24369
49033446,24373
49039641,24364
49045876,24373
49052063,24370
49058194,24366
49064361,24368
49070553,24378
49075761,24373
49081973,24372
49088145,24371
49094361,24363
49099803,24369
49106030,24373
49112165,24371
49118342,24373
49124509,24373
49130706,24371
49136907,24362
49143077,24375
49149236,24371
49155402,24373
49161583,24371
49172980,24374
49179722,24374
49185959,24374
49192124,24374
49198321,24373
49204519,24376
49209946,24370
49216125,24376
49222312,24373
49228510,24380
49233730,24375
49239919,24376
49246097,24369
49252242,24370
49257661,24381
49263879,24375
49270109,24373
49276235,24373
49282423,24373
49288625,24371
49294828,24373
49301063,24367
49312436,24369
49318565,24369
49324722,24372
49330900,24366
49337087,24364
49343320,24366
49348754,24372
49354980,24369
49361157,24372
49367341,24372
49373534,24365
49379707,24375
49385927,24373
49392725,24370
49398958,24365
49405134,24363
49411258,24367
49417472,24366
49423664,24367
49429873,24370
49436076,24365
49442265,24366
49448467,24362
49461246,24364
49467488,24366
49473712,24364
49479137,24365
49485337,24365
49491511,24367
49497701,24361
49502900,24365
49509094,24363
49515280,24364
49521470,24363
49526861,24358
49533059,24361
49539190,24364
49545333,24363
49551532,24367
49557711,24367
49563929,24362
49570097,24359
49581476,24354
49587636,24359
49593822,24360
49599994,24362
49606713,24354
49612933,24359
49619132,24359
49625334,24361
49631510,24359
49636948,24355
49643133,24354
49649306,24359
49655468,24356
49661646,24351
49667824,24356
49674054,24351
49680167,24357
49686336,24356
49692522,24358
49698692,24360
49704925,24358
49711091,24356
49717273,24358
49723478,24349
49729681,24356
49735832,24358
49742061,24359
49748222,24365
49753790,24356
49760042,24353
49766194,24359
49771413,24353
49777595,24356
49783774,24358
49789958,24354
49796125,24359
49801596,24357
49807777,24354
49814005,24362
49820878,24355
49827100,24357
49833235,24358
49839440,24355
49850783,24350
49856971,24351
49863118,24352
49869255,24358
49875488,24353
49881658,24354
49887864,24357
49894044,24359
49900234,24357
49905751,24360
49911938,24360
49918109,24353
49924277,24355
49930453,24355
49935692,24354
49941904,24359
49948093,24361
49954260,24366
49960472,24356
49966648,24355
49972830,24361
49979008,24354
49985187,24362
49991411,24353
49997561,24355
50003747,24358
50009927,24363
50016113,24360
50022310,24359
50029201,24362
50035425,24363
50040863,24362
50047065,24360
50053186,24358
50059363,24360
50065537,24354
50070733,24364
50076872,24357
50083076,24361
50089225,24360
50095455,24362
50101594,24360
50107787,24362
50113965,24362
50125593,24359
50131759,24359
50137977,24355
50144135,24353
50150280,24348
50156458,24356
50162667,24359
50168924,24358
50175102,24355
50181224,24347
50187375,24350
50193510,24357
50199692,24355
50204906,24353
50211074,24354
50217285,24355
50223504,24357
50229693,24357
50236442,24356
50242606,24352
50248773,24357
50260405,24349
50266602,24356
50272826,24353
50279055,24350
50285233,24350
50291408,24352
50297593,24347
50303784,24352
50310016,24349
50315199,24345
50321419,24351
50327564,24359
50333704,24351
50339149,24347
50345329,24354
50351494,24351
50357704,24349
50363912,24345
50370110,24351
50376252,24353
50382436,24357
50388620,24356
50394782,24342
50401036,24336
50407191,24345
50413437,24343
50419635,24349
50425826,24347
50432038,24346
50438201,24345
50443469,24347
50449574,24346
50455700,24345
50461880,24340
50468066,24342
50473495,24344
50479663,24346
50485819,24345
50492060,24346
50498228,24347
50504434,24346
50510614,24346
50516772,24344
50522958,24342
50534355,24339
50540546,24348
50546733,24344
50552930,24346
50559106,24344
50565327,24347
50571532,24345
50577645,24341
50583090,24344
50589252,24341
50595407,24342
50601551,24341
50607749,24338
50613976,24347
50620178,24342
50626366,24339
50632573,24343
50638726,24337
50644929,24342
50651113,24341
50657895,24344
50669355,24347
50675538,24345
50681700,24348
50687913,24343
50694118,24343
50706935,24346
50712379,24342
50717602,24344
50723793,24344
50729976,24343
50736167,24345
50742388,24342
50748623,24340
50754821,24346
50761003,24347
50767207,24346
50773471,24340
50779644,24346
50785828,24344
50792019,24341
50798223,24342
50804454,24345
50810616,24346
50816796,24340
50822994,24347
50829176,24346
50835400,24344
50841568,24342
50846990,24342
50852179,24340
50858365,24344
50864517,24347
50870636,24349
50877471,24339
50882854,24342
50889051,24348
50895207,24350
50901405,24351
50907581,24343
50913792,24347
50920007,24340
50926174,24345
50937530,24347
50943678,24343
50949942,24351
50956098,24356
50962265,24350
50968498,24346
50974621,24348
50980806,24344
50986973,24348
50993172,24350
50999343,24348
51005538,24348
51011667,24346
51017133,24349
51023308,24347
51029519,24350
51035733,24343
51041961,24346
51048162,24348
51054322,24349
51060488,24348
51071837,24350
51078054,24351
51084818,24347
51091073,24339
51097260,24344
51103491,24344
51109724,24343
51115881,24345
51121330,24347
51126525,24338
51132652,24347
51138795,24345
51145008,24343
51151152,24346
51157335,24338
51163540,24342
51169657,24341
51175843,24341
51182072,24338
51188258,24341
51194474,24341
51200627,24341
51206781,24336
51212974,24335
51219145,24341
51225324,24340
51231512,24344
51237672,24344
51243856,24340
51250062,24331
51256232,24343
51261691,24340
51267908,24342
51274122,24336
51280289,24336
51286453,24336
51291674,24340
51298475,24343
51304668,24335
51310878,24337
51317051,24335
51323203,24337
51329424,24339
51335603,24340
51347197,24336
51353355,24340
51359557,24335
51365741,24337
51371979,24330
51378115,24331
51384274,24342
51390482,24339
51395712,24336
51401131,24334
51407290,24339
51413470,24339
51419624,24332
51425780,24340
51432001,24330
51438164,24333
51444328,24335
51450498,24334
51456696,24341
51462824,24338
51469021,24332
51480421,24335
51486599,24331
51492740,24334
51498887,24336
51505644,24335
51511862,24332
51518070,24334
51524216,24330
51529672,24326
51534884,24332
51541089,24347
51547316,24341
51553536,24337
51559636,24332
51565077,24334
51571247,24337
51577406,24330
51583580,24338
51589764,24338
51595969,24331
51602160,24327
51608344,24331
51619719,24332
51625885,24339
51632065,24335
51638234,24337
51644467,24339
51650627,24336
51656830,24335
51663059,24343
51668482,24339
51673702,24336
51679864,24329
51686031,24330
51692241,24339
51698463,24338
51703857,24334
51710098,24341
51716294,24336
51723050,24333
51729209,24336
51735405,24330
51741561,24332
51752983,24334
51759194,24336
51765401,24336
51771597,24338
51777785,24336
51783993,24334
51790176,24339
51796362,24339
51801812,24336
51807030,24332
51813236,24344
51819427,24338
51825541,24337
51831685,24340
51837132,24332
51843268,24334
51849420,24339
51855606,24342
51861784,24344
51867983,24337
51874176,24338
51880391,24345
51886569,24342
51892763,24340
51898951,24346
51905099,24344
51911333,24348
51917501,24344
51923680,24336
51930510,24344
51935734,24339
51941894,24344
51954999,24347
51961224,24344
51966459,24343
51972621,24344
51978798,24343
51985011,24344
51991191,24349
51997359,24341
52003539,24344
52009671,24348
52015864,24348
52022057,24349
52028231,24345
52034483,24341
52040680,24349
52046858,24346
52053044,24347
52059226,24347
52065420,24348
52071573,24344
52077040,24341
52083210,24344
52089430,24347
52095612,24347
52100855,24348
52107082,24349
52113299,24344
52119515,24344
52125647,24346
52131820,24346
52138007,24343
52144720,24348
52150988,24339
52162620,24343
52168798,24343
52175043,24342
52181234,24341
52187444,24340
52193620,24345
52199812,24344
52205051,24341
52211246,24336
52216740,24343
52222952,24336
52229150,24342
52235340,24341
52241518,24341
52247719,24340
52253891,24346
52260088,24347
52266197,24341
52272393,24341
52278565,24336
52284787,24345
52296246,24337
52302493,24341
52308647,24338
52314842,24338
52321056,24345
52327257,24335
52333470,24334
52339625,24329
52345794,24337
52351198,24333
52357970,24335
52364159,24333
52370327,24335
52375505,24341
52381722,24333
52387844,24336
52394028,24339
52400221,24332
52406428,24346
52412584,24336
52418718,24340
52430337,24340
52436539,24337
52442722,24338
52448946,24342
52455138,24336
52461237,24341
52467396,24337
52473553,24337
52478779,24341
52485004,24332
52491166,24338
52497355,24339
52503535,24330
52509684,24342
52515863,24345
52522044,24337
52528224,24336
52534462,24341
52540631,24344
52546812,24336
52553002,24340
52564645,24340
52571412,24338
52577592,24338
52583770,24342
52589973,24343
52596145,24335
52602297,24339
52608500,24333
52613742,24337
52619954,24340
52625385,24345
52631558,24344
52637771,24338
52643970,24340
52650175,24340
52656295,24344
52662440,24338
52668635,24343
52674795,24341
52681053,24343
52687200,24345
52693383,24342
52699557,24341
52705778,24347
52712012,24351
52718151,24335
52724326,24342
52730499,24342
52736672,24340
52742830,24345
52748069,24340
52754214,24340
52760437,24348
52766641,24344
52772819,24343
52779614,24344
52785043,24339
52791188,24340
52797316,24346
52803483,24345
52809645,24345
52815854,24344
52822041,24344
52828193,24348
52839603,24351
52845757,24353
52851950,24349
52858126,24348
52864302,24349
52870469,24349
52876618,24350
52882033,24355
52888201,24352
52894411,24353
52900620,24354
52906805,24350
52913031,24346
52918227,24356
52924408,24348
52930575,24354
52936758,24346
52942905,24350
52949129,24348
52955319,24346
52961520,24350
52967650,24350
52973808,24347
52980031,24355
52986764,24354
52992981,24350
52999155,24353
53005361,24351
53011575,24348
53016978,24346
53023153,24347
53029330,24343
53035480,24345
53040702,24348
53046880,24345
53052274,24350
53058428,24347
53064642,24347
53070815,24348
53077052,24343
53083209,24344
53089367,24347
53095547,24344
53101771,24348
53107979,24343
53114161,24346
53120342,24352
53126492,24348
53132692,24354
53138874,24348
53145127,24353
53151278,24347
53157463,24347
53163665,24348
53169866,24350
53176086,24351
53182278,24351
53187488,24345
53200288,24340
53207207,24344
53213419,24347
53219584,24347
53225743,24349
53231937,24346
53243625,24348
53249810,24348
53256044,24342
53262189,24349
53268313,24345
53274474,24345
53280632,24346
53285869,24344
53292060,24349
53298236,24340
53304456,24351
53310617,24347
53316781,24352
53322964,24344
53329145,24348
53335337,24346
53341554,24345
53347697,24350
53353913,24347
53360079,24345
53366250,24343
53377975,24346
53384162,24352
53390310,24349
53396466,24348
53402616,24353
53408797,24346
53415672,24352
53420885,24353
53427106,24345
53433261,24349
53439504,24352
53445726,24347
53451170,24345
53457333,24347
53463483,24345
53469679,24350
53475833,24352
53482065,24348
53488224,24343
53494407,24345
53500592,24347
53511986,24357
53518166,24354
53524374,24358
53530589,24359
53536756,24355
53542903,24359
53549137,24352
53554595,24357
53560795,24357
53567042,24357
53573217,24354
53579419,24361
53585627,24356
53590812,24357
53597003,24359
53603187,24353
53609392,24355
53615599,24360
53621771,24355
53628582,24355
53634757,24356
53646338,24362
53652514,24361
53658713,24362
53664900,24355
53671085,24373
53677207,24363
53683414,24360
53689620,24360
53695808,24362
53702053,24360
53708235,24363
53714418,24368
53720611,24359
53725805,24359
53731980,24366
53738125,24365
53744270,24359
53750506,24360
53756645,24363
53762829,24358
53769027,24362
53780689,24367
53786875,24361
53793064,24369
53799257,24370
53805450,24370
53811639,24371
53817861,24367
53824053,24367
53829278,24368
53836104,24369
53842338,24365
53848562,24365
53854694,24369
53860103,24370
53865650,24370
53871857,24366
53878064,24370
53884249,24363
53890440,24365
53896634,24369
53902806,24365
53909036,24371
53915220,24369
53921399,24362
53927569,24367
53933716,24366
53939898,24363
53946119,24370
53952306,24365
53958469,24362
53963634,24368
53969758,24364
53975967,24360
53982163,24363
53988366,24365
53994564,24360
53999990,24364
54006148,24365
54012279,24365
54018470,24367
54024650,24369
54030824,24366
54037053,24364
54043211,24360
54055240,24364
54061433,24368
54067612,24367
54073747,24366
54079907,24368
54086083,24371
54092259,24362
54097726,24367
54103973,24365
54110165,24361
54116277,24370
54122426,24369
54128580,24361
54133810,24358
54140001,24362
54146186,24362
54152389,24364
54158592,24359
54164726,24362
54170918,24363
54177117,24369
54183324,24368
54189533,24364
54195626,24356
54201735,24361
54207887,24365
54214056,24360
54220249,24364
54226455,24362
54232636,24365
54238791,24362
54244978,24367
54251175,24367
54258014,24364
54264189,24361
54269663,24358
54274855,24360
54281060,24368
54287269,24364
54293511,24359
54299694,24362
54305875,24366
54312084,24363
54318261,24360
54329820,24371
54335993,24360
54342180,24362
54348373,24365
54354578,24365
54360773,24369
54366995,24367
54372221,24367
54378421,24363
54384607,24360
54390747,24369
54396914,24368
54403105,24367
54408547,24367
54414713,24369
54420879,24366
54427082,24368
54439859,24364
54446117,24371
54452354,24367
54458573,24365
54464759,24365
54471520,24366
54477701,24373
54483909,24369
54490119,24371
54496312,24362
54501772,24370
54508028,24368
54514203,24370
54520405,24374
54526555,24373
54532763,24372
54537199,24373
54543337,24368
54549500,24376
54555700,24369
54561889,24368
54568125,24373
54574260,24375
54580459,24379
54586683,24372
54598088,24369
54604261,24375
54610511,24379
54616641,24376
54622816,24379
54629005,24378
54635169,24377
54641384,24380
54647627,24379
54653802,24377
54659931,24375
54666106,24381
54671537,24376
54677728,24382
54684508,24370
54690705,24373
54696893,24384
54703125,24383
54709281,24381
54715454,24377
54721665,24379
54733049,24385
54739243,24382
54745463,24384
54751641,24390
54757817,24388
54763999,24386
54770186,24384
54775616,24382
54781798,24387
54788054,24383
54794232,24385
54800393,24387
54806585,24384
54811784,24389
54817930,24388
54824139,24388
54830333,24386
54836566,24380
54842698,24388
54848876,24392
54855026,24391
54861187,24385
54867405,24392
54873579,24387
54879700,24388
54885885,24387
54892598,24389
54898797,24394
54904987,24394
54910457,24393
54916715,24395
54922878,24391
54929078,24390
54935230,24393
54941364,24388
54946567,24386
54952715,24388
54958919,24391
54965146,24394
54971344,24389
54977546,24386
54983687,24387
54989874,24394
54996034,24394
55007606,24392
55013805,24386
55020017,24391
55026188,24395
55032370,24389
55038562,24391
55043768,24389
55049932,24394
55056173,24393
55062359,24393
55068540,24383
55074689,24387
55080882,24389
55087054,24388
55093215,24392
55099416,24387
55106273,24392
55112510,24388
55118654,24388
55124836,24391
55131036,24391
55142589,24397
55148743,24395
55154914,24397
55161150,24392
55167302,24395
55173500,24389
55178704,24396
55184904,24394
55191063,24394
55197232,24396
55203410,24397
55209601,24387
55215762,24392
55221165,24393
55227317,24393
55233498,24392
55239672,24393
55245827,24392
55252069,24393
55258243,24380
55264401,24392
55275801,24389
55281976,24404
55288173,24396
55294337,24392
55300550,24393
55306682,24400
55313434,24402
55319676,24392
55325832,24399
55332005,24402
55338194,24400
55344352,24395
55350554,24392
55356001,24394
55362199,24394
55367388,24394
55373576,24400
55379710,24397
55385853,24392
55392062,24397
55398223,24394
55404418,24401
55410581,24401
55416696,24399
55422852,24399
55429070,24401
55435237,24403
55441508,24399
55447686,24395
55453134,24402
55459247,24403
55465404,24404
55471588,24401
55477778,24399
55483999,24399
55489206,24402
55495429,24401
55501618,24398
55507077,24408
55513239,24406
55519407,24408
55526153,24402
55532313,24407
55538488,24399
55549900,24412
55556158,24415
55562408,24406
55568641,24406
55574861,24404
55581056,24404
55587273,24410
55593477,24407
55599663,24407
55605842,24400
55612034,24409
55618248,24406
55623708,24410
55629907,24405
55636148,24405
55641352,24407
55647594,24406
55653755,24411
55659929,24410
55666121,24412
55672323,24405
55685133,24410
55691341,24411
55697615,24410
55703796,24421
55710009,24411
55716186,24411
55721648,24412
55727833,24404
55734037,24414
55740200,24414
55747028,24419
55753171,24416
55759333,24408
55765516,24417
55770718,24413
55776907,24411
55783117,24417
55789315,24414
55795527,24411
55801710,24413
55807897,24416
55819503,24416
55825716,24419
55831898,24417
55838127,24418
55844260,24415
55850485,24415
55855703,24416
55861916,24421
55868111,24414
55874264,24419
55880442,24415
55886613,24417
55892748,24416
55898902,24415
55905085,24418
55911336,24420
55917556,24414
55923677,24412
55929842,24417
55935998,24416
55942180,24417
55954328,24416
55960509,24415
55966753,24416
55972931,24414
55979140,24419
55985343,24417
55990559,24417
55996648,24416
56002822,24417
56009017,24417
56015197,24421
56021438,24426
56027600,24417
56032997,24420
56039179,24418
56045350,24420
56051513,24417
56057721,24422
56063887,24423
56070115,24418
56076289,24420
56082511,24421
56088682,24416
56094886,24417
56101104,24420
56107271,24418
56113452,24424
56119638,24418
56124869,24424
56131078,24412
56137247,24421
56143420,24415
56149579,24419
56155778,24413
56162520,24416
56167957,24421
56174163,24419
56180326,24416
56185540,24420
56191690,24411
56197863,24419
56204017,24422
56210182,24416
56216385,24422
56228058,24418
56234255,24420
56240456,24417
56246665,24416
56252900,24423
56259101,24419
56265241,24419
56271372,24424
56277523,24422
56283705,24422
56289879,24422
56296087,24420
56301262,24423
56307465,24418
56313630,24416
56319811,24417
56325219,24415
56331394,24423
56337569,24422
56343743,24417
56349931,24423
56356168,24422
56362302,24427
56368475,24423
56375207,24423
56381398,24426
56387602,24420
56393774,24424
56398991,24422
56405137,24425
56411325,24427
56417541,24427
56423767,24425
56429933,24426
56436144,24427
56442321,24429
56448544,24429
56454715,24429
56460122,24423
56466262,24430
56472369,24422
56478547,24432
56484754,24424
56490955,24431
56502416,24429
56508626,24433
56514813,24426
56521035,24430
56527169,24426
56533339,24431
56539515,24431
56545681,24435
56551867,24434
56558049,24434
56564248,24434
56570460,24428
56575883,24431
56582100,24432
56588997,24431
56594179,24438
56600362,24434
56606561,24431
56612699,24432
56618897,24432
56625093,24433
56636713,24438
56642891,24436
56649136,24436
56655350,24437
56661534,24433
56667696,24433
56672891,24437
56679024,24434
56685183,24440
56691366,24435
56697562,24444
56703706,24442
56709885,24440
56716080,24440
56722287,24439
56728480,24442
56734646,24440
56740826,24445
56747024,24446
56753178,24436
56759361,24445
56771075,24443
56777220,24443
56783388,24443
56789561,24439
56796286,24443
56802496,24444
56807692,24441
56813828,24442
56819998,24442
56826201,24447
56832398,24440
56838605,24443
56844752,24441
56850217,24448
56856413,24437
56862565,24444
56868760,24441
56874983,24444
56881193,24445
56887370,24446
56893551,24446
56899776,24443
56906008,24439
56912190,24435
56918358,24439
56931146,24436
56937331,24438
56943591,24437
56949830,24439
56956026,24438
56962230,24439
56968403,24437
56974588,24438
56979823,24434
56986026,24438
56992203,24439
56998460,24436
57003892,24438
57010083,24432
57016913,24442
57023128,24442
57029285,24437
57040649,24436
57046809,24442
57052979,24430
57059190,24434
57065337,24435
57071555,24437
57076971,24441
57083149,24438
57089296,24438
57095476,24438
57101669,24434
57107843,24435
57114078,24430
57120251,24432
57126417,24436
57132594,24434
57138784,24439
57145003,24438
57151205,24434
57157366,24439
57163542,24437
57174915,24439
57181125,24438
57187304,24435
57193562,24437
57199720,24440
57205886,24438
57211317,24439
57217480,24433
57224243,24434
57230471,24437
57236641,24438
57242878,24438
57249138,24438
57254333,24440
57260531,24437
57266674,24442
57272816,24435
57278970,24441
57285181,24444
57291362,24440
57297561,24436
57309161,24440
57315338,24449
57321498,24440
57327682,24445
57333857,24444
57340068,24444
57345257,24446
57351508,24446
57357668,24447
57363811,24439
57370000,24445
57376196,24448
57382422,24442
57387874,24443
57394070,24446
57400253,24442
57406408,24454
57412570,24439
57417810,24442
57423978,24440
57430185,24444
57436967,24440
57448622,24437
57454819,24448
57461037,24447
57467251,24453
57473432,24450
57479625,24442
57485788,24445
57491938,24445
57498167,24448
57504353,24444
57510537,24447
57516712,24444
57522913,24444
57529129,24447
57535284,24445
57541459,24447
57547615,24444
57552820,24449
57558991,24442
57565180,24453
57571376,24442
57583014,24453
57589192,24451
57595324,24453
57601481,24447
57607647,24457
57613827,24446
57620066,24453
57626222,24455
57632395,24454
57638588,24459
57645354,24458
57651552,24450
57657744,24451
57662912,24455
57669076,24452
57675235,24449
57681411,24454
57686856,24451
57693103,24455
57699279,24454
57705463,24452
57716853,24460
57723052,24464
57729225,24467
57735447,24457
57741650,24456
57747799,24457
57754027,24460
57760223,24457
57766455,24451
57772651,24466
57778820,24465
57784978,24462
57791174,24457
57796594,24459
57802765,24455
57808956,24457
57815143,24460
57821364,24458
57827536,24463
57833743,24460
57839909,24460
57851368,24461
57858248,24459
57864470,24456
57870639,24460
57876790,24464
57882952,24462
57889163,24455
57894602,24455
57900820,24457
57906997,24462
57913232,24461
57919399,24462
57925564,24457
57930780,24451
57936952,24457
57943148,24458
57949317,24457
57955516,24455
57961684,24454
57967852,24449
57974043,24456
57985704,24455
57991893,24462
57998119,24456
58004257,24457
58010422,24453
58016628,24458
58022814,24456
58028021,24453
58034209,24462
58040393,24462
58046612,24460
58052776,24458
58058985,24457
58065742,24462
58071943,24467
58078116,24460
58084284,24461
58090494,24458
58096696,24459
58102157,24459
58108377,24458
58119788,24459
58125952,24457
58132125,24456
58138302,24457
58144491,24455
58150649,24455
58156787,24458
58162971,24457
58176013,24453
58182215,24456
58188517,24458
58194753,24461
58199957,24454
58206154,24460
58212317,24462
58218550,24454
58224709,24465
58230874,24460
58236297,24457
58242484,24458
58248641,24463
58254848,24458
58261107,24456
58267245,24458
58273385,24461
58279559,24458
58286333,24455
58292497,24463
58298708,24458
58304900,24461
58311150,24458
58317371,24460
58323547,24456
58329755,24458
58334952,24458
58341140,24459
58347314,24459
58353518,24465
58359660,24464
58365795,24455
58371229,24455
58377394,24456
58388827,24456
58395035,24462
58401212,24464
58407394,24453
58413617,24457
58419764,24461
58425962,24456
58432174,24458
58438376,24460
58444585,24461
58450745,24460
58456917,24456
58463145,24456
58469313,24462
58475519,24465
58481667,24464
58487808,24456
58494612,24461
58500744,24460
58506153,24463
58512311,24465
58523747,24466
58529916,24462
58536103,24458
58542303,24463
58548494,24462
58554660,24464
58560820,24462
58566259,24461
58572492,24465
58578697,24461
58584896,24470
58591119,24465
58597268,24465
58603421,24467
58608616,24459
58614756,24458
58620949,24464
58627163,24462
58633339,24461
58639565,24458
58645701,24463
58657314,24463
58663480,24467
58669653,24464
58675821,24462
58682046,24467
58688217,24465
58694364,24464
58700533,24469
58707320,24466
58713483,24464
58719695,24469
58725898,24470
58732115,24466
58738295,24466
58743477,24467
58749678,24466
58755836,24467
58762022,24469
58768211,24468
58774374,24471
58779840,24469
58786054,24473
58792216,24468
58798391,24460
58804542,24468
58810722,24464
58816886,24464
58823098,24464
58829287,24461
58835478,24470
58840683,24460
58846836,24463
58853066,24466
58859255,24468
58865446,24463
58871668,24462
58877787,24462
58883941,24462
58890140,24461
58896301,24467
58902522,24461
58908700,24466
58915523,24465
58921678,24460
58933222,24469
58939354,24462
58945510,24466
58951674,24465
58957861,24459
58964072,24458
58970229,24460
58975437,24465
58981679,24459
58987851,24465
58994022,24462
59000204,24461
59006424,24457
59012609,24462
59018095,24458
59024253,24464
59030430,24465
59036645,24462
59042816,24461
59049044,24460
59055257,24460
59066670,24464
59072787,24467
59078961,24463
59085162,24462
59091345,24458
59097564,24460
59103712,24466
59109143,24462
59115306,24459
59121494,24456
59128263,24462
59134416,24459
59140581,24461
59146778,24462
59151976,24464
59158166,24460
59164379,24464
59170623,24462
59176772,24461
59182964,24461
59189161,24465
59200134,24464
59206316,24461
59212450,24463
59218616,24464
59224844,24459
59231019,24463
59237226,24461
59243421,24463
59249608,24465
59255860,24465
59262077,24457
59268269,24464
59274442,24457
59280616,24461
59286838,24461
59293031,24458
59299231,24468
59305361,24464
59311550,24463
59317739,24453
59323901,24459
59335179,24463
59341334,24466
59347537,24463
59353696,24460
59359884,24463
59366091,24463
59372309,24464
59378522,24464
59383989,24462
59390233,24463
59396407,24463
59402595,24462
59408747,24468
59420777,24466
59427031,24463
59433300,24460
59439539,24457
59445738,24465
59451957,24464
59458183,24468
59468858,24467
59475036,24463
59481223,24458
59487346,24458
59493511,24463
59499706,24465
59505867,24468
59512055,24466
59518254,24464
59524411,24462
59530596,24469
59536783,24465
59542934,24465
59549764,24467
59555974,24467
59562207,24466
59568370,24463
59574553,24469
59580773,24462
59586929,24470
59593148,24469
59603818,24469
59609965,24473
59616163,24469
59622311,24469
59628512,24469
59634739,24468
59640928,24466
59647152,24469
59652354,24474
59658591,24465
59664757,24468
59670935,24468
59677082,24469
59683230,24466
59689387,24469
59695616,24464
59701789,24469
59707935,24470
59714170,24471
59720375,24473
59726608,24468
59737537,24487
59743705,24475
59749878,24472
59756140,24469
59762926,24471
59769162,24470
59775310,24471
59781518,24474
59786723,24472
59792868,24469
59799071,24473
59805284,24470
59811499,24474
59817672,24471
59823835,24477
59829993,24473
59836179,24476
59842343,24471
59848578,24471
59854743,24474
59860942,24471
59871953,24471
59878176,24464
59884297,24471
59890464,24472
59896640,24475
59902835,24472
59908988,24471
59915165,24471
59921303,24472
59927463,24473
59933617,24476
59939792,24476
59945955,24476
59952158,24467
59958281,24466
59964465,24471
59971323,24469
59977481,24464
59983651,24463
59989820,24469
59996042,24464
60002184,24465
60007408,24467
60013564,24464
60019722,24465
60025906,24470
60032129,24465
60038309,24461
60044496,24466
60050685,24469
60056876,24472
60062316,24465
60068497,24467
60074679,24465
60080855,24469
60087094,24468
60093299,24467
60099461,24464
60104664,24463
60110850,24464
60117056,24462
60123255,24468
60129426,24459
60135602,24460
60146284,24460
60152499,24463
60158674,24464
60164862,24459
60171052,24460
60177793,24458
60184004,24462
60190188,24462
60195658,24461
60201861,24471
60208030,24465
60214227,24460
60220393,24462
60226553,24463
60232757,24465
60237934,24459
60244122,24467
60250312,24458
60256540,24461
60262690,24462
60268824,24459
60279721,24458
60285904,24461
60292151,24462
60298322,24463
60304529,24461
60310714,24459
60316909,24468
60323140,24463
60329333,24460
60335465,24466
60341634,24461
60347851,24461
60354075,24461
60360261,24464
60366407,24460
60372590,24463
60378770,24460
60384964,24455
60391725,24463
60397903,24460
60404081,24467
60414658,24462
60420814,24462
60427011,24466
60433224,24458
60439449,24463
60445680,24461
60451849,24461
60458081,24463
60464242,24463
60469683,24457
60475892,24463
60482084,24464
60488250,24462
60494437,24468
60500633,24464
60506843,24454
60513051,24460
60519256,24462
60525430,24462
60531593,24469
60537743,24466
60548327,24467
60554545,24466
60560699,24463
60566901,24452
60573070,24463
60579266,24468
60585496,24468
60591682,24469
60598447,24466
60603888,24463
60610098,24471
60616248,24466
60622351,24462
60628517,24462
60634722,24471
60640888,24465
60647114,24467
60652344,24468
60665416,24470
60671621,24471
60677868,24469
60683089,24461
60689265,24475
60695465,24471
60701675,24468
60707880,24464
60714076,24467
60720296,24472
60726501,24476
60732708,24475
60738902,24476
60745065,24475
60751244,24469
60757408,24473
60763607,24471
60769766,24467
60775950,24475
60781415,24477
60787635,24465
60793842,24474
60800076,24470
60806277,24469
60817476,24472
60823673,24472
60829808,24467
60836031,24475
60842201,24463
60848367,24466
60854589,24466
60860763,24464
60866928,24478
60873115,24469
60879275,24468
60885491,24473
60891702,24469
60897863,24473
60904055,24467
60910259,24469
60915746,24471
60921935,24472
60928121,24479
60934332,24471
60940494,24468
60951123,24459
60957286,24465
60963497,24464
60969677,24467
60975830,24465
60982028,24465
60988174,24465
60994371,24461
61000609,24465
61006749,24459
61012897,24466
61019082,24460
61025814,24466
61031985,24469
61038203,24457
61044354,24460
61050575,24466
61056751,24472
61062907,24464
61069099,24461
61075314,24463
61086907,24458
61093129,24464
61099311,24462
61105478,24467
61111644,24456
61117848,24458
61124052,24462
61130251,24458
61136358,24457
61142517,24459
61147719,24460
61153919,24456
61160065,24461
61166254,24463
61172426,24456
61178656,24458
61184811,24464
61190266,24460
61196407,24459
61202585,24461
61208736,24465
61214873,24459
61221065,24464
61227228,24463
61234019,24459
61240241,24461
61246348,24464
61252560,24459
61258778,24461
61264964,24457
61271175,24459
61277331,24462
61282522,24461
61288707,24460
61294881,24457
61301104,24461
61307267,24456
61313466,24459
61319689,24463
61325131,24466
61331316,24465
61337480,24458
61343651,24459
61349851,24457
61361292,24463
61367472,24455
61373716,24462
61379854,24460
61386071,24457
61392265,24456
61398512,24455
61404696,24455
61410817,24460
61416259,24452
61422456,24459
61428630,24460
61434827,24459
61440982,24463
61447790,24459
61454022,24461
61459221,24465
61465389,24458
61471616,24464
61477756,24458
61483892,24465
61495565,24459
61501816,24461
61508063,24464
61514282,24463
61520455,24454
61526684,24462
61532891,24460
61539084,24456
61545266,24454
61550457,24458
61556663,24459
61562788,24460
61568953,24464
61575180,24462
61581343,24463
61587556,24459
61593705,24465
61599865,24458
61606045,24463
61612239,24456
61618410,24462
61630095,24465
61636259,24466
61642432,24464
61648639,24465
61655378,24466
61661602,24465
61667804,24466
61673974,24467
61680193,24464
61685386,24466
61691607,24467
61697756,24467
61703926,24465
61710122,24470
61716310,24464
61722535,24467
61728726,24468
61734132,24461
61740272,24460
61746395,24467
61752563,24462
61763935,24469
61770106,24468
61776283,24469
61781714,24466
61787890,24473
61794087,24474
61800273,24477
61806407,24470
61812563,24474
61818783,24472
61824941,24469
61831178,24468
61837301,24467
61843480,24470
61849682,24469
61855887,24473
61862073,24467
61867912,24466
61874098,24472
61880250,24467
61886421,24471
61892599,24475
61898758,24470
61911538,24476
61917690,24464
61923948,24473
61930177,24468
61936347,24474
61942530,24468
61948686,24473
61954211,24470
61960382,24468
61966599,24474
61972767,24468
61978972,24472
61985186,24465
61991384,24465
61997605,24463
62003740,24465
62009896,24464
62016113,24466
62022313,24465
62033936,24465
62040125,24462
62046276,24462
62051464,24462
62057721,24464
62063855,24468
62070087,24464
62076276,24460
62083120,24463
62088535,24466
62094730,24465
62100958,24468
62107202,24471
62113336,24468
62119489,24464
62125695,24462
62131872,24464
62138121,24467
62144282,24461
62150387,24466
62156543,24465
62167909,24467
62174100,24467
62180265,24465
62185707,24462
62191896,24457
62198118,24467
62204284,24465
62210384,24460
62216529,24472
62222701,24467
62228898,24471
62235167,24464
62241367,24465
62247531,24467
62253698,24466
62259878,24463
62266120,24461
62271350,24459
62277570,24462
62283709,24463
62290426,24467
62296684,24462
62302860,24470
62309030,24461
62315260,24462
62320667,24457
62326855,24458
62333073,24470
62339283,24465
62345398,24464
62351593,24468
62357777,24463
62362986,24464
62369197,24470
62375353,24472
62381578,24465
62387754,24467
62393930,24468
62400146,24459
62406316,24469
62412523,24462
62418725,24463
62424901,24459
62431099,24459
62442698,24465
62448900,24459
62455128,24466
62461290,24463
62467419,24466
62473589,24462
62479769,24461
62485933,24457
62492129,24468
62497359,24462
62504167,24466
62510398,24464
62516631,24463
62522816,24462
62529002,24469
62535189,24469
62541354,24462
62546779,24464
62552963,24467
62559206,24464
62565370,24468
62576741,24460
62582903,24468
62589110,24469
62595282,24463
62601495,24469
62607660,24464
62613781,24465
62619944,24469
62626140,24464
62631567,24463
62637738,24463
62643933,24467
62650132,24474
62656287,24464
62662468,24469
62668681,24469
62674885,24462
62680081,24466
62686265,24472
62692432,24466
62698610,24471
62704762,24467
62711527,24467
62717723,24472
62723898,24473
62730093,24472
62735526,24474
62741688,24474
62747846,24470
62754016,24474
62760237,24471
62765423,24472
62771620,24477
62777742,24472
62783871,24471
62790054,24469
62796247,24471
62802444,24467
62808615,24474
62814778,24476
62820956,24469
62827148,24466
62833321,24471
62839544,24475
62851174,24465
62857321,24465
62863518,24467
62869737,24464
62874965,24460
62881138,24460
62887307,24467
62893455,24468
62899665,24467
62905884,24460
62912106,24464
62918309,24470
62925089,24464
62931288,24469
62937453,24460
62943663,24472
62949775,24464
62955202,24468
62961385,24463
62967554,24463
62973721,24461
62985135,24459
62991338,24459
62997559,24464
63003751,24463
63009189,24458
63015333,24462
63021455,24459
63027639,24460
63033829,24463
63040022,24461
63046232,24457
63052368,24468
63058576,24468
63064770,24460
63070922,24457
63077086,24467
63083277,24460
63089400,24467
63095614,24460
63101793,24464
63107979,24455
63114216,24460
63120370,24461
63126511,24452
63133314,24457
63139515,24448
63144703,24458
63157716,24456
63163904,24460
63169137,24459
63175334,24462
63181530,24463
63187732,24457
63193935,24459
63200133,24457
63206311,24461
63212516,24455
63217968,24461
63224193,24460
63230363,24461
63236533,24462
63242718,24453
63254083,24456
63260281,24458
63266482,24454
63272685,24461
63278796,24455
63284956,24456
63291176,24454
63297337,24456
63303535,24454
63309732,24453
63315892,24452
63322097,24450
63328277,24456
63334470,24463
63340703,24458
63347453,24458
63352959,24458
63359119,24452
63365301,24462
63371459,24461
63377629,24460
63389038,24460
63395222,24459
63401381,24456
63407600,24457
63413026,24459
63419229,24463
63425369,24461
63431555,24455
63437745,24461
63442986,24460
63449152,24454
63455361,24458
63461557,24455
63467753,24461
63473914,24456
63480144,24461
63486288,24460
63491770,24463
63497917,24459
63504135,24461
63510307,24460
63516476,24456
63527881,24461
63534095,24458
63540291,24461
63546470,24459
63551935,24460
63558114,24457
63564936,24456
63571123,24457
63577282,24467
63583449,24458
63589635,24456
63595835,24464
63602063,24454
63608298,24462
63614437,24461
63620602,24459
63625832,24459
63632020,24456
63638203,24462
63644375,24461
63650573,24462
63662316,24465
63668520,24461
63674726,24457
63680855,24458
63686275,24459
63692397,24457
63698560,24462
63704718,24463
63710913,24464
63717139,24462
63723327,24460
63729527,24466
63735731,24468
63741932,24463
63748131,24464
63754306,24464
63759472,24466
63765672,24459
63772485,24458
63778680,24467
63784937,24463
63796590,24474
63802840,24470
63809003,24469
63815210,24464
63821378,24469
63827535,24475
63833718,24468
63839887,24468
63846074,24463
63852299,24467
63857523,24462
63863757,24462
63869945,24465
63876171,24467
63882364,24467
63888568,24466
63893994,24468
63900234,24459
63906405,24465
63912572,24463
63918756,24462
63930165,24465
63936361,24462
63942519,24455
63948732,24460
63954852,24461
63961015,24461
63967177,24463
63973369,24453
63980186,24456
63986375,24458
63991812,24458
63997984,24458
64004219,24455
64010381,24461
64016566,24460
64022798,24455
64027978,24458
64034151,24463
64040364,24456
64046578,24461
64052811,24460
64064470,24450
64070654,24463
64076813,24460
64082998,24456
64089206,24460
64095351,24459
64101512,24454
64107685,24451
64113878,24460
64120085,24458
64125328,24452
64131535,24453
64137774,24448
64143899,24460
64150075,24458
64156252,24453
64162376,24457
64168587,24449
64174764,24455
64180925,24453
64187124,24455
64199417,24460
64205645,24456
64211807,24457
64217973,24455
64224153,24465
64230286,24455
64236485,24458
64241970,24457
64248151,24455
64254354,24454
64260568,24456
64266741,24454
64272914,24457
64279090,24457
64285289,24455
64291419,24455
64297626,24454
64302823,24453
64309010,24456
64315206,24456
64321401,24455
64327629,24461
64333791,24452
64339934,24456
64346084,24449
64352248,24453
64358374,24456
64364580,24462
64370733,24452
64376857,24451
64383030,24459
64389243,24462
64402322,24457
64409140,24455
64415356,24454
64421524,24453
64427698,24456
64432900,24461
64439093,24457
64445294,24461
64451508,24457
64463216,24456
64469405,24459
64475572,24461
64481731,24459
64487964,24461
64494172,24457
64500328,24462
64506465,24456
64511668,24458
64517794,24458
64523967,24456
64530171,24460
64535586,24458
64541765,24455
64547943,24463
64554112,24463
64560331,24460
64566474,24463
64572633,24459
64578809,24455
64584998,24459
64591215,24465
64597378,24465
64603575,24460
64609714,24465
64616577,24459
64622764,24465
64628943,24461
64635156,24460
64641386,24461
64646930,24466
64653126,24456
64659329,24466
64665506,24466
64671690,24458
64677851,24459
64684004,24462
64690225,24459
64696395,24458
64702615,24466
64707853,24465
64714036,24460
64720206,24465
64726381,24462
64738037,24463
64744280,24462
64750411,24464
64756587,24467
64762725,24463
64768885,24466
64775097,24470
64781298,24466
64786510,24464
64792694,24470
64798821,24471
64805040,24468
64810504,24466
64816712,24464
64822858,24472
64829630,24465
64835857,24465
64841080,24466
64847293,24463
64853415,24465
64859660,24473
64865810,24465
64872006,24462
64878193,24467
64884343,24463
64890536,24467
64896725,24462
64902814,24464
64909018,24462
64915223,24463
64920661,24469
64926844,24467
64933046,24468
64939263,24471
64944469,24457
64950705,24462
64956838,24468
64963018,24466
64969202,24465
64974618,24461
64980793,24465
64986994,24467
64993254,24464
64999369,24459
65005550,24461
65011706,24456
65017895,24461
65024096,24460
65030277,24460
65037131,24462
65043309,24460
65049451,24470
65054667,24460
65060847,24456
65067047,24461
65073238,24460
65078654,24460
65084854,24462
65091020,24460
65097224,24457
65103366,24457
65109574,24462
65115754,24455
65121987,24462
65128237,24459
65134408,24458
65145804,24462
65151968,24460
65158160,24454
65164368,24455
65170558,24454
65176731,24451
65182864,24454
65189028,24456
65194447,24456
65200674,24456
65206854,24455
65212049,24454
65218255,24452
65224413,24453
65230595,24453
65236749,24450
65242911,24455
65249028,24461
65255267,24457
65261435,24457
65267658,24457
65273864,24456
65279997,24455
65286216,24455
65292416,24458
65298608,24456
65304819,24457
65311019,24453
65317230,24456
65323387,24456
65328605,24454
65334770,24451
65340966,24455
65346375,24458
65352534,24458
65358712,24459
65364861,24457
65371025,24450
65377227,24457
65383404,24459
65389577,24458
65395815,24457
65402002,24454
65408229,24463
65419603,24457
65425783,24459
65431934,24458
65438136,24452
65444293,24459
65450440,24459
65457319,24460
65462783,24458
65468972,24449
65475213,24456
65480428,24456
65486622,24455
65492791,24457
65498998,24461
65505180,24455
65511397,24452
65517605,24456
65523088,24453
65529301,24459
65535429,24465
65541603,24457
65547812,24461
65553993,24458
65560234,24459
65566425,24457
65572644,24459
65578838,24462
65585008,24461
65591234,24464
65597432,24463
65603624,24454
65609816,24455
65615017,24453
65621220,24458
65627385,24459
65633603,24455
65646423,24456
65652680,24459
65658923,24462
65665139,24462
65671334,24460
65678103,24456
65689759,24468
65695918,24462
65702118,24459
65708334,24467
65714540,24464
65720727,24466
65726940,24466
65733155,24459
65739342,24461
65744546,24465
65750736,24463
65756888,24465
65763017,24469
65769226,24460
65775373,24473
65781592,24463
65787760,24460
65793137,24459
65799316,24461
65805447,24468
65811630,24460
65817808,24468
65823982,24467
65830165,24459
65836357,24465
65842567,24457
65848764,24461
65854983,24462
65861185,24464
65867360,24464
65873564,24467
65878816,24458
65885533,24462
65891778,24464
65897965,24467
65904104,24462
65910303,24467
65916500,24462
65922758,24462
65928196,24460
65934345,24458
65940559,24456
65946735,24462
65952920,24465
65964268,24466
65970437,24466
65976672,24463
65982851,24458
65989011,24462
65995219,24460
66001402,24458
66007634,24458
66013790,24462
66019946,24453
66026129,24456
66032304,24463
66038460,24462
66044680,24460
66050815,24463
66057006,24462
66062466,24461
66068678,24460
66074870,24461
66081042,24463
66087240,24463
66099610,24459
66105795,24462
66111993,24459
66118213,24463
66124375,24459
66130552,24459
66136734,24462
66142933,24459
66148155,24459
66154321,24459
66160581,24458
66166739,24460
66172929,24460
66179147,24458
66185322,24458
66191490,24463
66196962,24461
66203165,24454
66209359,24454
66215526,24464
66221679,24460
66233070,24460
66239281,24461
66245461,24460
66251674,24462
66257831,24461
66264043,24455
66270281,24465
66276471,24461
66282676,24459
66288076,24455
66294270,24461
66300496,24460
66307331,24454
66313463,24455
66319631,24452
66325847,24459
66331030,24457
66337227,24457
66343444,24454
66349675,24455
66355816,24453
66367478,24458
66373704,24464
66379976,24454
66386184,24462
66392369,24467
66398529,24468
66404710,24461
66410890,24460
66417056,24454
66422287,24464
66427727,24462
66433913,24459
66440092,24462
66446276,24465
66452416,24462
66458566,24458
66464757,24464
66470947,24460
66477158,24467
66483330,24463
66489475,24460
66495610,24464
66501813,24463
66508028,24467
66514260,24470
66521082,24470
66527324,24473
66533524,24471
66539727,24464
66545916,24467
66552067,24469
66557302,24467
66562722,24461
66568906,24465
66575127,24461
66581339,24466
66587516,24465
66593676,24474
66599867,24465
66605064,24463
66611266,24464
66617472,24458
66623710,24465
66629856,24465
66636041,24475
66642248,24467
66648429,24470
66654696,24464
66660800,24472
66666986,24472
66673212,24468
66679420,24469
66685658,24469
66691061,24463
66696293,24470
66702448,24470
66708676,24475
66714856,24471
66721022,24470
66727770,24471
66733951,24472
66739420,24472
66745626,24472
66751796,24466
66757961,24465
66764174,24466
66775616,24475
66781791,24469
66787941,24467
66794165,24468
66800322,24471
66806511,24470
66812733,24471
66818857,24469
66825023,24472
66831200,24470
66837379,24474
66843571,24465
66849782,24470
66855924,24470
66862131,24469
66868321,24476
66873752,24471
66879933,24469
66892727,24463
66898927,24468
66905175,24470
66911366,24467
66917535,24464
66923734,24467
66929953,24462
66936158,24465
66942397,24466
66949242,24467
66955432,24471
66960650,24467
66966141,24473
66972360,24469
66978511,24464
66984692,24470
66990880,24465
66997041,24467
67003241,24469
67009397,24462
67015584,24471
67021767,24469
67027964,24467
67034160,24474
67045553,24467
67051772,24466
67057905,24468
67064084,24469
67070250,24470
67076413,24467
67082631,24470
67088795,24466
67094219,24468
67100419,24471
67105645,24470
67111773,24465
67117961,24461
67124169,24468
67130372,24464
67136624,24478
67142815,24466
67149025,24465
67155753,24469
67161977,24464
67168163,24466
67179787,24466
67185999,24465
67192223,24463
67198403,24461
67204550,24460
67210721,24460
67216906,24462
67223045,24460
67229242,24463
67235384,24464
67240572,24461
67246801,24463
67252982,24464
67259165,24464
67265371,24463
67271568,24467
67277016,24463
67283244,24469
67289419,24464
67295542,24464
67301691,24462
67307871,24468
67314018,24465
67320243,24461
67326435,24470
67332617,24466
67338826,24462
67344989,24462
67351167,24465
67357334,24462
67363498,24465
67369376,24460
67374837,24463
67380983,24463
67387205,24461
67393346,24468
67399541,24460
67405710,24463
67411884,24467
67418067,24470
67424249,24468
67430372,24474
67436554,24470
67447902,24469
67454084,24463
67460239,24465
67466479,24467
67472717,24468
67478818,24463
67484973,24463
67491175,24467
67497355,24468
67502766,24469
67508939,24472
67515161,24463
67521364,24468
67527482,24473
67533669,24471
67539865,24466
67546052,24469
67552267,24471
67558411,24474
67564577,24466
67570763,24473
67582677,24475
67588843,24475
67595039,24474
67601252,24478
67607473,24474
67613702,24477
67619825,24479
67625988,24469
67632193,24470
67637649,24468
67643788,24478
67649030,24473
67655223,24470
67661414,24480
67667635,24472
67673829,24479
67680000,24478
67685434,24478
67691591,24475
67697764,24480
67703941,24474
67710126,24477
67721567,24476
67727782,24479
67733952,24480
67740116,24477
67746328,24475
67752510,24483
67758712,24483
67764866,24477
67771019,24484
67776461,24482
67782668,24478
67788446,24480
67794699,24478
67800870,24480
67807047,24480
67813284,24469
67819429,24478
67825618,24479
67831783,24479
67837941,24474
67844094,24474
67855710,24478
67861888,24473
67868042,24476
67874287,24480
67880481,24477
67886662,24475
67892838,24478
67899023,24475
67905226,24475
67910396,24480
67916623,24475
67922063,24477
67928280,24478
67934489,24478
67940688,24481
67946893,24483
67953043,24481
67959262,24481
67965412,24478
67971555,24474
67977749,24485
67989190,24478
67995385,24483
68002221,24477
68008427,24475
68014617,24480
68020786,24480
68026894,24484
68033068,24479
68039265,24481
68044698,24484
68050917,24479
68057154,24480
68063354,24481
68069505,24478
68075678,24479
68081872,24482
68088027,24481
68094237,24475
68099429,24473
68105632,24474
68111787,24475
68123368,24485
68136145,24473
68142369,24477
68148657,24476
68154815,24469
68160985,24481
68167209,24481
68172677,24483
68178856,24478
68185021,24479
68191281,24479
68196512,24471
68202738,24477
68208870,24476
68215615,24475
68221860,24476
68228027,24475
68233459,24481
68239623,24477
68245774,24478
68257213,24482
68263422,24482
68269595,24484
68275825,24475
68281999,24480
68288215,24475
68294387,24484
68300544,24480
68306753,24480
68312884,24479
68319042,24478
68325217,24484
68330650,24482
68336861,24475
68343074,24477
68349291,24473
68355498,24486
68361670,24481
68366888,24473
68373061,24480
68379233,24475
68390855,24481
68397040,24476
68403278,24480
68409447,24485
68415632,24482
68421822,24482
68428615,24480
68434779,24477
68440963,24485
68447170,24482
68453419,24486
68459549,24484
68464778,24480
68470912,24486
68477107,24482
68483303,24484
68489528,24482
68495785,24484
68501157,24486
68507334,24478
68513433,24492
68524782,24488
68530933,24486
68537109,24486
68543300,24485
68549488,24481
68555687,24486
68561844,24487
68568006,24486
68574178,24488
68580336,24490
68585766,24489
68591969,24484
68598207,24490
68603423,24495
68609620,24494
68615802,24483
68622050,24487
68628253,24483
68634420,24485
68641249,24487
68647399,24489
68659009,24496
68665245,24486
68671424,24491
68677650,24491
68683857,24490
68690040,24490
68696252,24493
68702396,24491
68708545,24493
68714680,24491
68719882,24490
68726110,24492
68732326,24494
68737825,24496
68744019,24491
68750253,24493
68756491,24492
68762699,24492
68768892,24492
68775056,24493
68781279,24485
68787440,24487
68793620,24492
68799789,24487
68805978,24491
68812219,24493
68818453,24493
68824596,24491
68830749,24491
68836928,24493
68843108,24488
68849988,24490
68856204,24489
68862397,24491
68868562,24489
68873739,24489
68879893,24490
68886081,24489
68892288,24494
68898484,24492
68904724,24491
68910107,24490
68916299,24491
68922425,24493
68933806,24489
68939980,24491
68946176,24497
68952389,24486
68958578,24487
68964763,24492
68970875,24497
68977025,24492
68983229,24492
68989428,24487
68995624,24497
69001817,24486
69007280,24490
69013456,24493
69019634,24492
69025791,24494
69031978,24491
69038176,24495
69043379,24494
69049543,24489
69055739,24486
69068041,24490
69074275,24486
69080517,24490
69086751,24491
69092997,24494
69099222,24486
69105401,24496
69111545,24487
69117745,24494
69123932,24493
69129147,24496
69135372,24492
69141535,24492
69147008,24484
69153245,24496
69159370,24493
69165496,24496
69171670,24495
69177855,24491
69184015,24495
69190217,24499
69196365,24495
69202482,24497
69208660,24492
69214852,24494
69221046,24489
69227282,24497
69233415,24491
69239577,24494
69245753,24494
69251980,24498
69258181,24497
69264384,24489
69271240,24497
69277391,24496
69283547,24491
69289686,24496
69295842,24490
69302002,24497
69308208,24494
69314373,24497
69319579,24498
69325789,24488
69331963,24498
69343591,24497
69349793,24501
69355970,24492
69362166,24496
69368341,24502
69381129,24498
69387334,24498
69393593,24490
69399830,24499
69405995,24499
69412204,24503
69418395,24504
69424607,24500
69430800,24499
69436964,24504
69443170,24500
69448624,24497
69454790,24500
69460991,24500
69472393,24503
69478582,24501
69485427,24505
69491690,24504
69497843,24505
69503979,24509
69510170,24505
69516361,24507
69522577,24502
69528807,24503
69534230,24496
69540423,24501
69546632,24499
69552815,24505
69558998,24500
69565186,24509
69571407,24502
69577551,24506
69582784,24509
69588984,24499
69595140,24503
69606805,24509
69613022,24511
69619220,24516
69625410,24514
69631560,24509
69637730,24511
69643891,24515
69650063,24508
69656303,24505
69662444,24506
69667662,24513
69673839,24514
69680034,24514
69686233,24513
69692421,24510
69699276,24500
69705444,24509
69711655,24514
69717105,24510
69723308,24512
69729454,24512
69740850,24509
69746995,24512
69753190,24510
69759393,24511
69765587,24514
69771797,24513
69777969,24506
69784158,24516
69790368,24515
69796591,24505
69802038,24508
69808220,24509
69814401,24501
69820567,24505
69826753,24508
69832922,24510
69839093,24511
69845315,24510
69850522,24507
69856711,24506
69862869,24507
69869011,24505
69875247,24511
69881436,24511
69887664,24510
69893845,24513
69899981,24511
69906778,24507
69913010,24502
69919196,24509
69925394,24500
69931566,24507
69937016,24507
69943258,24505
69949401,24508
69955559,24505
69961728,24511
69967927,24506
69973107,24503
69979339,24511
69985522,24505
69991756,24505
69997889,24513
70004074,24512
70015720,24507
70021929,24505
70028101,24506
70034338,24499
70040519,24505
70046685,24506
70052948,24510
70059192,24507
70065449,24500
70070676,24507
70076903,24508
70083191,24509
70089455,24513
70095709,24502
70101881,24504
70108072,24506
70114238,24509
70121016,24511
70126435,24503
70132640,24505
70138838,24508
70150290,24511
70156489,24504
70162720,24506
70168878,24508
70175035,24512
70181257,24515
70187428,24508
70193671,24510
70199825,24508
70205231,24513
70211415,24511
70217560,24514
70223748,24511
70229947,24508
70236106,24511
70242309,24509
70248462,24508
70254638,24507
70259849,24499
70266065,24502
70272271,24513
70283882,24509
70290080,24511
70296313,24512
70302440,24514
70308556,24513
70314712,24514
70320925,24512
70327097,24514
70333901,24519
70340088,24513
70346307,24516
70352506,24514
70358731,24510
70364939,24511
70371115,24510
70377335,24515
70383541,24513
70389099,24513
70394310,24518
70400537,24517
70406783,24513
70418391,24516
70424565,24525
70430772,24519
70436958,24521
70443182,24515
70449386,24516
70455510,24518
70461707,24518
70467909,24521
70474102,24519
70480315,24520
70486463,24524
70492621,24523
70498820,24522
70505063,24517
70511295,24519
70517511,24516
70523756,24520
70529004,24519
70535204,24521
70541938,24519
70553596,24524
70559771,24522
70565916,24523
70572123,24518
70578338,24522
70584494,24526
70590685,24533
70596883,24524
70603063,24525
70609302,24528
70614496,24532
70627341,24522
70633527,24520
70639795,24528
70645920,24522
70652103,24527
70657547,24531
70663077,24527
70669302,24527
70675470,24524
70686841,24525
70693020,24519
70699249,24521
70705418,24522
70711604,24525
70717802,24523
70723976,24525
70730160,24520
70736433,24528
70742604,24526
70748805,24529
70755513,24530
70761816,24527
70768009,24522
70774180,24528
70780346,24526
70786491,24527
70792721,24526
70798223,24526
70804414,24526
70810586,24523
70816795,24524
70822988,24528
70829206,24527
70835383,24522
70841548,24529
70847721,24523
70853886,24528
70860074,24524
70866305,24523
70872518,24529
70878757,24525
70884003,24523
70890239,24524
70896501,24523
70902745,24528
70908920,24525
70915076,24527
70921262,24525
70927426,24527
70932222,24520
70938403,24531
70944606,24530
70955960,24527
70962130,24530
70968861,24524
70975025,24524
70981215,24527
70987373,24529
70993515,24527
70999761,24526
71005980,24522
71012171,24522
71017644,24530
71023887,24527
71030063,24524
71036338,24524
71042536,24521
71048698,24529
71054892,24529
71061078,24528
71066303,24527
71072483,24525
71078688,24526
71084874,24531
71091062,24527
71097234,24521
71103390,24526
71109566,24531
71115741,24530
71121876,24523
71128009,24531
71134205,24529
71140404,24534
71146644,24521
71152076,24528
71158327,24528
71164550,24529
71170747,24530
71177548,24522
71183731,24529
71189976,24530
71196251,24532
71201470,24530
71206910,24531
71213154,24536
71219394,24530
71230802,24528
71236935,24525
71243106,24527
71249280,24527
71255460,24527
71261663,24528
71267850,24528
71274006,24530
71280229,24525
71286430,24520
71292679,24536
71298884,24531
71305107,24531
71311339,24530
71317545,24526
71323753,24527
71329942,24531
71335348,24530
71341570,24531
71347733,24527
71353968,24533
71365435,24529
71371574,24531
71377756,24533
71383909,24533
71390753,24526
71396930,24531
71403091,24531
71409312,24533
71415486,24533
71421706,24533
71427180,24529
71433388,24533
71439545,24527
71445763,24534
71451966,24536
71458149,24532
71464355,24534
71470548,24536
71476775,24527
71481977,24535
71488242,24537
71499931,24535
71506103,24537
71512312,24535
71518490,24532
71524622,24532
71530825,24531
71537026,24536
71543224,24535
71549401,24538
71555597,24535
71560827,24537
71567012,24539
71573160,24539
71579346,24544
71585590,24538
71591803,24536
71598680,24542
71604946,24531
71611147,24540
71617341,24537
71623528,24540
71635209,24534
71641466,24537
71647634,24541
71653788,24541
71659997,24541
71666140,24538
71672347,24536
71678478,24534
71684646,24541
71690839,24534
71696044,24544
71702253,24542
71708380,24535
71714539,24537
71720765,24540
71726937,24538
71733099,24535
71739311,24539
71744719,24545
71750933,24540
71757102,24538
71768558,24542
71774731,24536
71780900,24534
71786997,24538
71793228,24538
71799439,24537
71805657,24534
71812569,24536
71818781,24534
71824921,24534
71830373,24539
71836578,24536
71842768,24534
71848923,24542
71855107,24535
71861344,24538
71873412,24537
71879620,24535
71885876,24537
71892057,24538
71898292,24539
71904502,24532
71910694,24534
71916873,24537
71923061,24530
71929252,24532
71935424,24532
71941576,24533
71947760,24532
71953976,24535
71959150,24534
71965327,24529
71971539,24537
71977773,24533
71983922,24534
71990097,24535
71996327,24536
72002515,24540
72008001,24529
72014219,24538
72020427,24543
72027268,24539
72038002,24538
72044178,24537
72050372,24535
72056572,24533
72062816,24533
72068974,24539
72075188,24534
72081393,24528
72087577,24535
72093038,24536
72099237,24536
72105420,24537
72111591,24540
72117753,24534
72123929,24541
72130115,24534
72136336,24540
72142512,24534
72148711,24541
72154953,24533
72161222,24531
72171927,24543
72178121,24535
72184368,24539
72190613,24545
72196821,24536
72203015,24542
72209219,24540
72215393,24542
72221603,24535
72227846,24538
72233982,24540
72240792,24535
72246938,24543
72253096,24540
72259292,24542
72265468,24537
72271678,24543
72277854,24541
72283281,24537
72289506,24538
72295719,24539
72306378,24544
72312542,24546
72318744,24544
72324903,24539
72331076,24546
72337256,24543
72343458,24541
72349660,24542
72355865,24546
72362072,24539
72368277,24547
72374486,24541
72380669,24545
72386849,24543
72392989,24544
72399161,24543
72405364,24539
72411528,24546
72417011,24550
72423249,24547
72429475,24546
72435648,24546
72440851,24550
72447595,24550
72453805,24553
72459982,24544
72466178,24545
72472386,24547
72478581,24548
72484816,24549
72490964,24552
72497184,24551
72502652,24542
72508832,24549
72514996,24553
72521152,24545
72527343,24545
72533490,24551
72539649,24547
72545848,24547
72551075,24548
72557276,24550
72563456,24550
72569676,24552
72580296,24549
72586459,24545
72592638,24555
72598858,24556
72605042,24554
72611292,24550
72617520,24548
72623773,24542
72629988,24547
72636236,24549
72642398,24551
72648562,24547
72655401,24546
72661670,24550
72667855,24551
72673989,24547
72680194,24547
72685627,24548
72691821,24553
72698019,24547
72704216,24550
72710427,24549
72716595,24551
72722740,24552
72728922,24542
72735097,24548
72741336,24544
72747465,24554
72753625,24550
72759816,24554
72766019,24553
72772222,24547
72777465,24545
72783639,24549
72789907,24549
72796061,24547
72802259,24544
72808416,24548
72814589,24543
72820048,24553
72826266,24549
72832474,24552
72838639,24545
72850002,24547
72856171,24548
72862364,24540
72869178,24543
72875399,24545
72881597,24543
72887805,24545
72894012,24540
72900146,24550
72906331,24554
72911798,24551
72917981,24547
72924140,24549
72930377,24543
72936597,24543
72942767,24549
72948972,24550
72955160,24551
72961394,24548
72967517,24545
72973670,24549
72985047,24550
72990482,24550
72996605,24539
73002791,24548
73008999,24546
73015188,24547
73021416,24547
73027559,24546
73033717,24554
73039885,24551
73045102,24546
73051307,24545
73057481,24544
73063691,24542
73069860,24549
73076555,24548
73082817,24544
73089012,24546
73094410,24545
73100560,24543
73106725,24549
73119523,24548
73124771,24549
73130985,24544
73137173,24550
73143350,24552
73149519,24547
73155768,24544
73161965,24543
73168172,24550
73174441,24550
73180669,24545
73186892,24549
73193109,24547
73199336,24550
73205535,24542
73211768,24549
73217936,24546
73224118,24553
73230322,24550
73236533,24555
73242739,24553
73254399,24550
73259578,24555
73265781,24550
73271894,24551
73278071,24555
73284261,24554
73290463,24550
73297300,24548
73303505,24554
73309702,24549
73315126,24558
73321337,24556
73327487,24557
73333611,24549
73339794,24547
73346011,24553
73352234,24554
73358443,24550
73364013,24552
73370230,24549
73376427,24551
73382572,24558
73388739,24546
73393928,24552
73400065,24553
73406251,24554
73412411,24554
73418589,24556
73424803,24550
73430967,24557
73437158,24555
73443350,24557
73448774,24557
73454966,24560
73461164,24555
73467376,24552
73473538,24556
73479722,24559
73485947,24556
73492146,24556
73498372,24551
73505250,24554
73511466,24560
73517682,24555
73528379,24556
73534594,24553
73540828,24557
73546982,24560
73553162,24558
73559390,24559
73565552,24555
73571778,24562
73577969,24562
73583354,24562
73589543,24561
73595684,24561
73601909,24561
73608123,24561
73614344,24558
73620502,24564
73626673,24559
73632857,24566
73638104,24561
73644290,24556
73650481,24562
73656686,24559
73662872,24559
73668358,24558
73674548,24558
73680747,24561
73686935,24554
73693132,24557
73699372,24554
73705516,24555
73711678,24556
73717567,24554
73723845,24563
73730072,24548
73736304,24550
73742490,24558
73748706,24562
73754908,24555
73761127,24559
73767369,24555
73772822,24562
73779042,24558
73785266,24557
73791457,24564
73802139,24555
73808387,24556
73814590,24554
73820818,24554
73827037,24549
73833279,24554
73839492,24550
73845703,24545
73851882,24553
73858075,24551
73864292,24554
73870469,24553
73876723,24554
73882907,24549
73889053,24561
73895265,24558
73901439,24554
73906890,24555
73913053,24551
73919255,24560
73926126,24550
73936799,24549
73942964,24554
73949158,24552
73955344,24552
73961544,24555
73967773,24553
73973914,24554
73980044,24547
73986224,24551
73992414,24555
73998582,24552
74004797,24551
74011022,24551
74017222,24548
74023443,24552
74029683,24547
74035894,24546
74041316,24549
74047485,24554
74053647,24549
74059827,24549
74071226,24553
74077414,24552
74083591,24547
74089817,24555
74095970,24552
74102176,24557
74108384,24557
74114563,24547
74120782,24559
74126199,24550
74132393,24553
74139197,24550
74145433,24550
74151642,24551
74157874,24550
74164097,24553
74170308,24558
74175490,24552
74181690,24558
74187901,24549
74194055,24556
74205608,24553
74211772,24554
74217949,24552
74224126,24555
74230358,24553
74236539,24548
74242702,24552
74248898,24548
74255070,24548
74260275,24551
74266438,24553
74272635,24549
74278847,24551
74285003,24550
74291205,24552
74297404,24550
74303664,24554
74309886,24548
74315983,24549
74322147,24548
74328355,24549
74339953,24550
74346791,24557
74352027,24552
74364888,24559
74371174,24555
74377493,24549
74383723,24556
74389236,24552
74395481,24556
74401707,24556
74407906,24550
74414105,24550
74420337,24555
74426513,24554
74432719,24554
74438930,24555
74445131,24554
74451345,24553
74457522,24556
74463690,24555
74469894,24553
74476109,24554
74481318,24556
74487508,24553
74493770,24556
74499974,24548
74506146,24554
74512389,24555
74518555,24549
74524003,24558
74530198,24558
74536387,24555
74542553,24554
74548737,24555
74554900,24553
74561108,24555
74567979,24558
74574197,24556
74580404,24552
74585558,24560
74591747,24553
74597913,24555
74609499,24555
74615761,24556
74620957,24557
74627169,24554
74633461,24553
74639679,24552
74645943,24555
74652142,24554
74658302,24548
74664480,24545
74670709,24556
74676915,24552
74683090,24548
74689286,24552
74695459,24546
74701691,24555
74707888,24554
74714050,24552
74719466,24550
74725607,24548
74731804,24553
74737967,24554
74744160,24549
74750365,24549
74755571,24559
74761799,24549
74767951,24551
74774706,24544
74780961,24550
74787127,24553
74793332,24549
74798757,24552
74804907,24549
74811075,24549
74817330,24550
74823524,24547
74829694,24547
74835889,24547
74842095,24549
74848286,24550
74853489,24546
74859714,24547
74865884,24549
74872025,24547
74883660,24550
74889839,24552
74896023,24552
74902201,24551
74908404,24554
74914602,24546
74920770,24551
74926939,24551
74932143,24544
74938331,24546
74944485,24551
74950668,24550
74956888,24549
74963073,24551
74969288,24544
74975486,24547
74981706,24550
74987827,24543
74993996,24543
75000249,24552
75006446,24551
75017806,24546
75023971,24543
75029441,24547
75035621,24549
75041863,24548
75048061,24545
75054284,24549
75060473,24546
75066641,24548
75072798,24547
75078999,24553
75085187,24549
75091381,24543
75097538,24551
75103726,24547
75109913,24554
75116098,24539
75122264,24547
75128464,24547
75134604,24550
75140772,24544
75152160,24553
75158386,24547
75164583,24546
75170804,24546
75176971,24545
75183126,24544
75189311,24536
75196018,24547
75202220,24551
75207687,24546
75213895,24545
75220080,24548
75226301,24548
75232506,24546
75238728,24551
75244894,24545
75251070,24547
75257327,24547
75262500,24545
75268702,24545
75274937,24556
75281076,24545
75287263,24549
75293487,24547
75299724,24542
75305185,24549
75311429,24554
75317564,24547
75323733,24551
75329940,24548
75336131,24549
75341367,24551
75347567,24556
75353787,24546
75359929,24550
75366086,24550
75372313,24554
75378573,24550
75384817,24551
75391052,24549
75396535,24550
75402739,24550
75409477,24541
75415653,24544
75427012,24544
75433176,24550
75439377,24548
75445583,24545
75451799,24545
75457972,24546
75464114,24555
75470292,24549
75475744,24550
75481963,24549
75488130,24551
75494371,24547
75500518,24553
75506663,24551
75512864,24551
75519036,24547
75525217,24548
75531418,24557
75537529,24552
75543683,24555
75549855,24555
75561218,24543
75567420,24545
75573579,24542
75579834,24548
75585944,24546
75592103,24546
75598285,24548
75611297,24546
75617515,24549
75624392,24542
75630610,24546
75636837,24548
75643047,24546
75649269,24543
75655495,24538
75661736,24550
75666964,24544
75673149,24546
75679361,24546
75691011,24538
75697197,24541
75703417,24535
75709638,24535
75714884,24544
75720999,24544
75727157,24542
75733362,24540
75739547,24540
75744967,24536
75751161,24547
75757407,24541
75763593,24544
75769766,24540
75776000,24533
75782165,24540
75788374,24543
75794530,24543
75800721,24538
75806908,24539
75813064,24535
75819295,24539
75825490,24545
75831666,24542
75838495,24539
75844655,24535
75849879,24540
75856017,24541
75862177,24540
75868375,24534
75874523,24536
75879977,24543
75886171,24538
75892396,24546
75898547,24544
75904721,24536
75910896,24542
75917085,24541
75923265,24543
75929486,24533
75935037,24538
75941264,24544
75947455,24537
75953620,24539
75965116,24538
75971381,24538
75977636,24534
75983863,24538
75989329,24535
75995558,24532
76001737,24535
76007913,24536
76013103,24536
76019282,24540
76025484,24539
76031694,24532
76037917,24535
76044715,24535
76050932,24539
76057098,24543
76063219,24536
76069421,24533
76075615,24540
76081811,24530
76087966,24535
76099619,24539
76105804,24543
76111977,24535
76118122,24539
76123328,24540
76129505,24538
76135693,24537
76141905,24535
76148061,24538
76154278,24537
76160468,24539
76166658,24534
76172868,24538
76179065,24539
76185322,24540
76191492,24537
76197696,24535
76203921,24536
76209374,24541
76215607,24538
76221822,24541
76228035,24537
76234285,24536
76240501,24537
76246700,24538
76252878,24537
76258928,24534
76265078,24542
76271299,24538
76277452,24539
76283574,24536
76288782,24538
76294985,24538
76301173,24538
76307405,24535
76313594,24535
76319820,24536
76325989,24544
76332152,24540
76338347,24538
76343746,24540
76349943,24542
76356162,24536
76362395,24540
76373769,24534
76379903,24542
76386130,24542
76392381,24544
76398625,24543
76404825,24534
76411060,24538
76417212,24535
76422677,24541
76428868,24544
76435078,24541
76441290,24543
76447524,24544
76453718,24548
76459848,24542
76466562,24537
76472754,24541
76477944,24542
76484178,24538
76490391,24539
76496579,24541
76508348,24538
76514555,24542
76520733,24544
76526919,24540
76533091,24539
76539279,24539
76545469,24543
76551599,24541
76556785,24539
76562977,24538
76569149,24538
76575378,24539
76581536,24534
76587720,24540
76593922,24534
76600101,24536
76606291,24537
76612442,24534
76618642,24543
76624855,24530
76630993,24538
76642580,24534
76648799,24540
76654983,24538
76661157,24537
76667386,24539
76673539,24537
76680380,24542
76686530,24544
76691767,24534
76697979,24531
76704138,24532
76710337,24533
76716522,24534
76722748,24539
76728963,24535
76735187,24537
76741368,24536
76747559,24534
76753016,24532
76759205,24536
76765420,24535
76776800,24534
76782949,24532
76789121,24536
76795303,24533
76801465,24540
76807644,24534
76813845,24534
76819970,24531
76825404,24534
76831535,24531
76837718,24532
76843938,24527
76856724,24529
76862883,24529
76869058,24532
76875228,24533
76881400,24532
76887596,24533
76894495,24532
76900719,24533
76906919,24528
76913035,24527
76919227,24538
76925427,24530
76931607,24543
76937829,24539
76943983,24529
76949410,24531
76954663,24534
76960894,24530
76967036,24532
76973215,24531
76979391,24527
76985547,24529
76991735,24535
76997885,24530
77004022,24530
77010159,24530
77016358,24526
77021782,24536
77027974,24530
77034150,24522
77040386,24531
77046605,24537
77052846,24528
77059102,24532
77065316,24531
77071498,24525
77077690,24530
77083842,24530
77089077,24532
77095223,24533
77101969,24526
77108171,24527
77114409,24527
77120611,24529
77126825,24532
77132972,24526
77139161,24525
77145340,24529
77151527,24521
77156979,24523
77163134,24526
77169314,24526
77180723,24525
77186937,24529
77193098,24529
77199242,24525
77205433,24529
77211641,24528
77217831,24529
77223978,24529
77230181,24529
77236430,24526
77242618,24531
77248808,24531
77254968,24532
77261114,24529
77267276,24530
77273449,24530
77279620,24534
77285832,24531
77291260,24526
77297495,24522
77303675,24529
77315975,24526
77322154,24530
77328376,24523
77334514,24530
77340632,24529
77346790,24527
77353012,24532
77359212,24525
77364470,24524
77370655,24530
77376865,24528
77383033,24530
77389215,24528
77395438,24531
77401616,24532
77407846,24533
77413969,24534
77420138,24526
77425578,24525
77431768,24533
77437977,24531
77444235,24530
77450469,24537
77456673,24529
77462890,24531
77469085,24532
77475280,24531
77481489,24534
77487626,24533
77493831,24530
77498384,24532
77504568,24526
77510791,24528
77516935,24531
77523684,24529
77529885,24535
77536045,24527
77542219,24534
77548399,24532
77554547,24533
77560002,24528
77566170,24525
77572403,24530
77578553,24528
77589966,24534
77596116,24530
77602316,24528
77608485,24530
77614723,24523
77620937,24524
77627113,24526
77632522,24525
77637728,24530
77643940,24528
77650078,24523
77656321,24526
77662531,24526
77668743,24522
77674965,24533
77681200,24523
77687496,24527
77693670,24522
77699904,24529
77706098,24527
77712329,24532
77723936,24526
77730100,24523
77736873,24525
77743035,24521
77749209,24520
77755442,24526
77761629,24519
77766843,24523
77772331,24524
77778506,24524
77784715,24518
77790897,24525
77797049,24529
77803228,24522
77809449,24526
77815591,24518
77821759,24527
77827987,24521
77833186,24523
77839364,24521
77845622,24526
77851868,24527
77863500,24520
77869733,24523
77875921,24522
77882108,24525
77888370,24516
77894530,24519
77900679,24523
77906877,24528
77913091,24521
77919251,24518
77925480,24526
77931611,24527
77937784,24524
77944529,24521
77950699,24526
77956890,24522
77963099,24523
77968295,24522
77974485,24527
77980639,24525
77986831,24521
77993021,24526
77999169,24521
78005337,24523
78011523,24524
78017705,24524
78023932,24518
78030103,24518
78036369,24525
78041821,24519
78047005,24522
78053169,24526
78059346,24524
78065485,24524
78071672,24525
78077868,24523
78083975,24518
78090126,24525
78103161,24528
78109444,24532
78115639,24526
78121838,24519
78128009,24521
78134185,24523
78140436,24520
78146564,24527
78152770,24522
78159542,24526
78165726,24525
78171001,24522
78177258,24524
78183559,24522
78189799,24529
78195983,24528
78202134,24528
78208346,24525
78214517,24524
78220698,24529
78226917,24520
78233061,24525
78238450,24525
78244640,24528
78250802,24529
78262205,24528
78268389,24533
78274540,24527
78280725,24530
78286933,24529
78293161,24528
78299426,24533
78304917,24530
78311169,24532
78317418,24530
78323682,24524
78329847,24528
78336031,24526
78342202,24526
78348424,24525
78354608,24531
78360780,24529
78366959,24528
78372701,24528
78378939,24525
78385097,24533
78396687,24532
78402864,24525
78409101,24530
78415303,24529
78421524,24535
78427661,24533
78433861,24533
78439066,24531
78445275,24531
78451438,24528
78457604,24531
78463832,24534
78469961,24534
78476145,24532
78482304,24525
78488516,24526
78494685,24530
78500956,24527
78506373,24533
78512578,24532
78518753,24531
78524966,24529
78531145,24531
78537371,24532
78543523,24532
78549711,24533
78555839,24528
78562071,24530
78568222,24534
78573459,24532
78580270,24532
78586514,24525
78592726,24524
78598208,24528
78604432,24531
78610564,24527
78616697,24526
78622847,24524
78629013,24528
78635203,24529
78640427,24526
78646705,24527
78652895,24524
78659155,24529
78670824,24524
78677050,24530
78683186,24517
78689385,24525
78695530,24518
78701693,24524
78707919,24527
78714159,24524
78720371,24526
78726607,24524
78732820,24524
78739079,24522
78745240,24524
78751428,24528
78757640,24520
78763826,24524
78770005,24522
78775232,24528
78781431,24523
78787608,24526
78794463,24523
78806080,24520
78812320,24522
78818517,24521
78824682,24524
78830879,24521
78837082,24523
78843327,24523
78848546,24519
78854790,24528
78860996,24523
78867176,24524
78872580,24527
78878766,24523
78884954,24519
78891156,24519
78897426,24518
78903620,24520
78909850,24518
78916070,24522
78922247,24524
78928450,24524
78939864,24528
78946017,24534
78952173,24520
78958382,24519
78964560,24527
78970768,24526
78976963,24529
78982381,24521
78988567,24523
78994703,24518
79000883,24525
79007622,24520
79013821,24524
79019995,24529
79026171,24529
79032378,24525
79038551,24526
79044755,24528
79049969,24521
79056171,24524
79062385,24521
79068571,24523
79074766,24525
79080968,24527
79087070,24525
79093268,24529
79099463,24528
79105664,24527
79111884,24525
79117316,24526
79123526,24530
79129736,24535
79135907,24533
79142174,24528
79148387,24528
79154595,24532
79160820,24528
79167088,24530
79173363,24525
79179538,24522
79184766,24526
79191038,24528
79197204,24526
79203339,24526
79215539,24532
79221742,24528
79227931,24527
79234163,24530
79240406,24532
79246556,24530
79251735,24536
79257970,24527
79264151,24531
79270376,24528
79276574,24526
79282779,24523
79288948,24535
79295107,24529
79301294,24532
79307491,24522
79313677,24533
79319144,24531
79325369,24536
79331536,24527
79337701,24521
79350472,24535
79356700,24540
79362999,24539
79369224,24536
79375440,24541
79380668,24539
79386948,24536
79393173,24538
79399337,24542
79405499,24535
79411735,24537
79417969,24531
79424116,24535
79430870,24529
79437129,24535
79443339,24531
79448777,24534
79454955,24532
79461192,24536
79467439,24535
79473624,24532
79484984,24531
79491128,24533
79497310,24534
79503514,24532
79509672,24538
79515115,24529
79521326,24531
79527523,24527
79533749,24535
79539950,24534
79546148,24530
79552392,24532
79558632,24532
79564840,24532
79571050,24530
79577265,24538
79582523,24531
79588743,24531
79594968,24537
79601118,24533
79607295,24533
79618927,24530
79625140,24525
79631324,24532
79637530,24527
79644348,24530
79649623,24529
79655867,24532
79662109,24528
79668288,24532
79674488,24532
79680665,24529
79686858,24531
79693041,24531
79698463,24531
79704598,24527
79710778,24527
79716978,24527
79723190,24537
79729398,24535
79735553,24531
79741730,24527
79753184,24525
79759440,24527
79765641,24529
79771898,24529
79778117,24525
79783548,24533
79789713,24528
79795929,24528
79802083,24536
79808245,24526
79814349,24531
79820529,24530
79826667,24527
79832863,24532
79838090,24527
79844270,24529
79850466,24529
79856524,24529
79862679,24521
79868863,24527
79875071,24535
79886466,24531
79892627,24535
79898853,24530
79905022,24531
79911247,24526
79917467,24535
79922920,24533
79929143,24523
79935306,24532
79941468,24527
79947627,24528
79953780,24529
79959977,24530
79966202,24531
79971402,24526
79977578,24532
79983792,24526
79989958,24527
79995413,24530
80001552,24535
80007722,24537
80013902,24529
80025277,24526
80031470,24534
80037655,24530
80043865,24527
80050024,24534
80055475,24531
80061640,24533
80068444,24536
80074650,24527
80080799,24530
80086948,24534
80093101,24529
80099332,24527
80105547,24529
80110740,24532
80116925,24532
80123080,24530
80128570,24530
80134736,24529
80140901,24537
80147095,24530
80158461,24530
80164632,24532
80170866,24533
80177053,24529
80183221,24528
80189402,24530
80195608,24535
80201823,24527
80208018,24537
80214186,24532
80220380,24535
80226545,24537
80232719,24536
80238939,24539
80244439,24531
80250599,24539
80256816,24536
80262989,24533
80269155,24533
80275366,24534
80282187,24540
80293649,24537
80299878,24535
80306028,24538
80312176,24535
80318356,24535
80324554,24536
80330013,24538
80336189,24541
80342373,24540
80348557,24536
80354681,24542
80360836,24542
80367033,24540
80373229,24540
80378447,24539
80384655,24540
80390871,24543
80397034,24536
80402456,24541
80408641,24534
80414819,24541
80421032,24532
80427180,24538
80433390,24539
80439542,24538
80445745,24542
80451922,24540
80458150,24539
80463332,24538
80469512,24535
80475652,24542
80481890,24544
80488638,24537
80494913,24539
80501041,24532
80507215,24537
80513409,24537
80519584,24538
80525850,24537
80532111,24536
80537603,24534
80543808,24536
80550029,24539
80556271,24542
80567697,24541
80573904,24540
80580109,24531
80586275,24540
80599345,24535
80605577,24535
80611810,24535
80618000,24535
80624178,24539
80630391,24540
80636551,24537
80642712,24539
80648910,24536
80655099,24534
80661317,24533
80666559,24535
80672716,24533
80678919,24533
80685104,24537
80696736,24531
80702953,24542
80709766,24530
80716003,24538
80722246,24538
80728474,24537
80733641,24538
80739879,24537
80746058,24541
80752249,24537
80758456,24532
80764596,24539
80770813,24531
80777007,24533
80783151,24536
80789392,24539
80795584,24532
80801059,24541
80807225,24536
80813471,24535
80819623,24538
80831024,24539
80837184,24535
80843397,24533
80849572,24533
80855756,24535
80861947,24542
80867330,24541
80873552,24533
80879657,24533
80885797,24538
80892037,24533
80898249,24537
80904479,24535
80910673,24538
80917541,24534
80923792,24535
80929976,24541
80935197,24538
80941383,24538
80947566,24537
80953791,24536
80959987,24538
80966127,24538
80972295,24542
80978508,24537
80984729,24542
80990971,24545
80997176,24540
81002613,24534
81008837,24544
81015039,24545
81021219,24543
81027465,24540
81033594,24535
81039761,24536
81045937,24538
81052110,24540
81058346,24542
81064557,24545
81069727,24540
81075875,24542
81082058,24542
81088235,24533
81094445,24537
81106041,24538
81112244,24543
81118454,24546
81124680,24540
81131593,24547
81136822,24547
81143076,24543
81149249,24549
81155459,24544
81161660,24535
81167898,24544
81174139,24547
81180359,24544
81186548,24540
81192784,24550
81199014,24541
81204434,24542
81210582,24547
81216724,24543
81222901,24540
81229086,24544
81240465,24537
81246660,24544
81252873,24542
81259045,24548
81265216,24548
81270641,24544
81276804,24548
81282985,24541
81289169,24546
81295350,24541
81301539,24542
81307675,24543
81313875,24541
81320096,24540
81326305,24546
81332515,24545
81339327,24541
81344562,24546
81350780,24544
81357002,24540
81363196,24543
81374953,24551
81381167,24555
81387387,24546
81393587,24549
81399769,24547
81405003,24544
81411170,24549
81417357,24550
81423536,24553
81429724,24555
81435932,24552
81442073,24546
81448272,24550
81454489,24551
81460683,24549
81466907,24551
81473083,24551
81478503,24548
81484002,24549
81490203,24548
81496391,24545
81502586,24538
81508791,24556
81514966,24547
81521164,24547
81527392,24552
81533587,24551
81539760,24549
81545928,24544
81552660,24548
81558847,24551
81565033,24548
81571234,24552
81577466,24549
81583638,24545
81589817,24547
81596002,24547
81602193,24550
81608382,24547
81613554,24555
81618961,24547
81625153,24545
81631351,24547
81637539,24550
81648892,24545
81655059,24547
81661288,24550
81667536,24548
81673735,24549
81679224,24548
81685477,24545
81691681,24543
81697879,24544
81704055,24550
81710282,24541
81716486,24545
81722634,24540
81728838,24545
81735041,24547
81741220,24552
81747469,24540
81751938,24544
81758117,24541
81764901,24551
81771100,24547
81777269,24546
81783477,24544
81789645,24537
81795822,24545
81802040,24542
81808181,24547
81813428,24543
81819600,24548
81825822,24547
81831998,24541
81844771,24551
81850982,24544
81857249,24544
81863464,24541
81869665,24548
81875888,24546
81881325,24549
81886856,24546
81893053,24548
81899239,24545
81905483,24538
81911628,24550
81917809,24541
81923988,24543
81930171,24541
81936373,24543
81942567,24543
81948693,24544
81954868,24542
81961057,24542
81967220,24548
81973456,24547
81980360,24551
81986530,24545
81992749,24545
81998949,24548
82005143,24551
82011313,24551
82017495,24543
82023642,24544
82029831,24549
82036015,24549
82042191,24552
82048379,24548
82054588,24547
82060759,24548
82066944,24547
82073144,24548
82079297,24543
82084535,24547
82090700,24549
82096946,24550
82103040,24552
82109195,24548
82115341,24548
82121513,24550
82127769,24549
82133992,24548
82140210,24547
82146450,24545
82151960,24548
82157521,24552
82163730,24550
82169899,24542
82176104,24547
82182303,24545
82194301,24545
82200499,24547
82206703,24552
82212912,24547
82218364,24547
82224559,24546
82230707,24549
82236852,24550
82243055,24554
82249257,24549
82255479,24552
82261659,24550
82267854,24544
82274065,24553
82280261,24555
82285513,24548
82291674,24553
82297134,24551
82303283,24556
82309500,24546
82315673,24553
82321864,24554
82333286,24555
82339501,24550
82345681,24550
82351877,24556
82358050,24556
82364223,24558
82370415,24556
82376585,24550
82382790,24554
82389012,24555
82395755,24551
82402047,24556
82408247,24554
82414404,24560
82419784,24552
82425944,24555
82431211,24551
82437446,24549
82443623,24557
82449850,24555
82456032,24556
82467618,24551
82473810,24559
82479985,24554
82486144,24554
82491303,24551
82497459,24551
82503667,24554
82509912,24552
82516081,24552
82522284,24560
82528546,24550
82534748,24555
82540967,24552
82547174,24559
82553378,24558
82558854,24554
82565054,24554
82571197,24556
82577410,24554
82583579,24557
82589775,24558
82601186,24552
82607893,24553
82614117,24551
82620286,24554
82625722,24555
82631911,24555
82638102,24550
82644296,24553
82650496,24549
82656636,24551
82662843,24552
82669055,24551
82675239,24550
82681427,24552
82687582,24549
82692748,24547
82698936,24552
82705057,24557
82711212,24552
82717427,24551
82723611,24553
82735284,24546
82741497,24551
82747633,24550
82753751,24554
82759913,24543
82766103,24552
82772234,24549
82778443,24548
82784659,24550
82790823,24553
82796995,24552
82803174,24542
82809415,24545
82815615,24549
82822497,24547
82827699,24549
82833941,24549
82840163,24553
82845566,24552
82851684,24547
82857896,24549
82864090,24554
82870258,24547
82876493,24550
82882604,24546
82888731,24556
82894891,24553
82900098,24551
82906286,24548
82912529,24548
82918762,24552
82925010,24551
82931252,24549
82937534,24549
82943776,24555
82949976,24548
82956079,24550
82961560,24550
82967703,24555
82973883,24547
82980064,24553
82986253,24552
82992490,24551
82998658,24551
83010060,24558
83016223,24555
83022380,24549
83029127,24556
83034580,24551
83040780,24548
83046957,24557
83053126,24552
83059305,24550
83065525,24555
83071688,24560
83077870,24559
83089878,24554
83096104,24557
83102381,24559
83108576,24555
83114768,24553
83119993,24556
83126228,24553
83132461,24551
83138659,24558
83144879,24552
83151017,24560
83157192,24559
83163369,24564
83169549,24564
83175744,24559
83182034,24554
83188275,24552
83194523,24558
83200798,24556
83207033,24556
83213221,24563
83219399,24551
83224818,24557
83231006,24561
83237193,24564
83243394,24557
83250206,24556
83256379,24556
83262579,24551
83268750,24553
83280158,24567
83286325,24560
83292527,24560
83298725,24560
83304192,24567
83310373,24563
83316595,24564
83322760,24557
83328978,24564
83335220,24561
83341440,24560
83347599,24562
83353746,24559
83358939,24563
83365108,24558
83371280,24561
83377490,24566
83383657,24563
83389878,24566
83395371,24562
83401632,24566
83413070,24570
83419296,24567
83425460,24565
83431658,24571
83437854,24569
83444008,24570
83450187,24573
83456941,24575
83463194,24566
83469428,24570
83475639,24564
83481856,24568
83488080,24566
83493556,24564
83499738,24567
83505991,24566
83512139,24569
83518299,24567
83524558,24568
83529730,24565
83535940,24566
83547576,24568
83553698,24573
83559864,24563
83566041,24567
83572225,24567
83577417,24570
83583627,24567
83589826,24568
83596041,24569
83602204,24566
83608405,24564
83614610,24566
83620843,24565
83627016,24568
83632460,24559
83638631,24572
83644747,24563
83650939,24565
83657125,24567
83663296,24562
83670163,24566
83676399,24564
83682637,24561
83688812,24566
83694977,24566
83701145,24571
83707314,24571
83712576,24569
83718765,24565
83724962,24567
83731155,24567
83737328,24571
83743516,24566
83749692,24573
83755932,24565
83762067,24558
83768203,24566
83774371,24569
83780570,24570
83786738,24566
83792965,24573
83799103,24564
83804580,24569
83810761,24560
83822103,24569
83828249,24571
83834437,24564
83840609,24566
83846046,24570
83852235,24566
83858458,24567
83864629,24562
83870808,24562
83877052,24563
83883811,24566
83890022,24566
83896224,24565
83902404,24567
83908604,24570
83914753,24562
83920918,24563
83927099,24567
83933294,24562
83938524,24565
83944701,24560
83956429,24573
83962583,24567
83968709,24570
83974894,24563
83980126,24567
83986276,24566
83992445,24561
83998615,24565
84004816,24561
84011027,24570
84017191,24565
84023330,24564
84029482,24561
84035691,24562
84041917,24569
84048058,24571
84054267,24565
84060479,24564
84066669,24561
84072887,24560
84078358,24564
84084576,24560
84091411,24566
84097647,24566
84103865,24568
84110104,24566
84115326,24566
84121518,24569
84127733,24566
84133951,24569
84140148,24562
84146354,24565
84152530,24568
84158685,24571
84164936,24568
84171079,24564
84177250,24575
84182690,24561
84188891,24571
84195135,24567
84201321,24569
84207528,24560
84212743,24558
84218944,24565
84230528,24560
84236716,24556
84242902,24555
84249110,24558
84255287,24551
84261519,24558
84267706,24552
84273881,24565
84280075,24563
84286242,24559
84292424,24564
84298580,24561
84305446,24562
84311629,24559
84316815,24565
84322991,24561
84335796,24560
84341306,24557
84347580,24560
84353783,24560
84359950,24566
84366111,24568
84372296,24561
84378488,24568
84383711,24568
84389941,24572
84396149,24569
84402351,24567
84408599,24570
84414844,24566
84421051,24567
84427283,24564
84433496,24567
84439671,24570
84445161,24564
84451332,24568
84457573,24569
84463778,24562
84469962,24572
84476170,24566
84482318,24569
84488518,24566
84499845,24565
84506069,24565
84512238,24564
84518956,24562
84525185,24564
84531334,24565
84537536,24558
84543765,24563
84549988,24567
84556113,24564
84562285,24565
84568468,24568
84574632,24560
84580102,24567
84586340,24566
84592555,24563
84598751,24565
84604953,24565
84611164,24566
84616360,24566
84622533,24557
84634104,24561
84640291,24558
84646509,24557
84652674,24564
84657899,24564
84664107,24555
84670347,24558
84676601,24559
84682810,24568
84689020,24560
84695157,24560
84701317,24562
84707519,24566
84713712,24559
84719935,24565
84726153,24566
84733002,24565
84739125,24564
84745299,24565
84751512,24565
84757678,24565
84769307,24569
84775531,24557
84781684,24562
84787868,24563
84793086,24565
84799295,24567
84805475,24561
84811650,24558
84817867,24556
84824021,24560
84830196,24567
84836322,24565
84842578,24567
84848826,24561
84854318,24558
84860567,24561
84866797,24563
84873001,24563
84879219,24564
84885433,24562
84891626,24566
84902963,24564
84909076,24563
84915251,24559
84921475,24563
84926891,24562
84933072,24561
84939259,24560
84946060,24563
84952258,24562
84958459,24563
84964612,24555
84970768,24556
84976961,24562
84983135,24562
84988301,24556
84994513,24557
85000664,24561
85006871,24556
85013050,24561
85019177,24563
85025342,24562
85031498,24556
85037657,24562
85043862,24558
85050037,24558
85056199,24559
85061643,24567
85067807,24562
85073992,24561
85080188,24569
85086402,24566
85092596,24564
85098788,24561
85104984,24564
85111140,24565
85117311,24553
85123528,24560
85129713,24558
85135877,24556
85142053,24560
85148274,24561
85155131,24559
85161297,24562
85167521,24559
85178140,24564
85184302,24565
85190550,24568
85195800,24564
85202028,24564
85208204,24563
85214432,24567
85220610,24566
85226734,24566
85232929,24565
85239073,24564
85245227,24564
85251439,24562
85257618,24568
85263115,24569
85269302,24562
85275547,24562
85281685,24558
85287873,24566
85294028,24568
85300209,24558
85310901,24569
85317026,24572
85323152,24572
85329426,24568
85334864,24568
85341030,24567
85347210,24568
85353432,24569
85359577,24567
85366421,24567
85372619,24565
85378804,24571
85384966,24571
85391210,24573
85397444,24569
85403649,24568
85409854,24570
85416047,24568
85422236,24572
85428426,24567
85434592,24570
85440742,24574
85446288,24568
85452530,24569
85458761,24568
85464935,24567
85471129,24569
85477328,24571
85483588,24574
85489750,24561
85495967,24563
85502176,24569
85508338,24567
85514538,24560
85520679,24567
85526865,24575
85533045,24568
85538257,24562
85544455,24564
85550658,24562
85556842,24567
85563034,24565
85569750,24562
85582615,24566
85588870,24564
85595071,24560
85600522,24564
85606688,24558
85612872,24559
85619105,24560
85625361,24562
85631563,24561
85637731,24556
85643952,24564
85650138,24561
85656329,24557
85662563,24563
85667734,24556
85673971,24557
85680117,24565
85686328,24559
85692561,24557
85698694,24557
85704915,24559
85715878,24560
85722045,24553
85728255,24553
85733498,24561
85739682,24556
85745890,24559
85752094,24555
85758318,24552
85764515,24561
85770654,24562
85776815,24560
85783014,24559
85789874,24555
85796089,24557
85801552,24556
85807741,24559
85813948,24559
85820173,24559
85826410,24562
85832552,24560
85838696,24555
85850044,24558
85856252,24555
85862467,24563
85868685,24562
85874930,24553
85881074,24555
85887250,24552
85893440,24559
85899598,24557
85905758,24554
85911967,24554
85918101,24552
85924228,24556
85930438,24558
85935866,24554
85942121,24557
85948376,24554
85954621,24557
85960856,24559
85967036,24556
85973223,24557
85984629,24561
85990069,24558
85996307,24560
86003167,24555
86008393,24557
86014597,24560
86020822,24553
86027057,24559
86033229,24557
86039425,24555
86045618,24558
86051781,24557
86057994,24562
86064173,24562
86069639,24559
86075807,24554
86082014,24558
86088224,24553
86094443,24560
86100665,24558
86106819,24560
86112994,24554
86119247,24554
86125480,24559
86131641,24553
86137761,24554
86142955,24555
86149144,24555
86155333,24558
86161505,24556
86167689,24556
86173830,24560
86180044,24556
86186171,24558
86192353,24555
86198552,24559
86204701,24562
86211576,24565
86217740,24561
86223991,24555
86230147,24555
86236343,24562
86242546,24555
86248710,24566
86260346,24565
86265522,24560
86271689,24558
86277107,24557
86283289,24555
86289525,24565
86295702,24562
86301908,24564
86308124,24558
86314291,24554
86320510,24557
86326687,24559
86332849,24565
86339035,24561
86344264,24557
86350464,24563
86356658,24557
86362873,24556
86369028,24566
86375166,24561
86381362,24559
86387523,24561
86393734,24565
86399972,24564
86406107,24564
86411540,24568
86417715,24562
86424554,24565
86430737,24562
86436872,24561
86443054,24564
86449243,24563
86455461,24566
86461655,24562
86467819,24558
86474006,24561
86479246,24561
86485499,24559
86491657,24561
86497864,24560
86504048,24559
86510238,24565
86516417,24562
86522608,24568
86534264,24559
86540460,24558
86545675,24555
86551879,24557
86558054,24560
86564233,24557
86570369,24558
86576619,24558
86582832,24557
86589070,24556
86595312,24557
86601584,24559
86607823,24552
86613291,24559
86619528,24549
86625688,24554
86632475,24555
86638679,24559
86644906,24559
86651117,24559
86657287,24555
86668738,24556
86674975,24551
86680443,24555
86686631,24554
86692791,24552
86698950,24552
86705116,24555
86711275,24550
86717457,24555
86723641,24559
86729796,24550
86735986,24555
86742179,24551
86747372,24559
86753560,24556
86759753,24554
86765979,24548
86772141,24548
86778359,24556
86784539,24554
86790735,24556
86802435,24553
86808665,24547
86814826,24547
86826873,24547
86833095,24547
86839339,24544
86845580,24552
86852460,24552
86858636,24549
86864803,24551
86870984,24544
86877200,24547
86883434,24549
86889649,24556
86895882,24546
86902048,24553
86908222,24546
86914438,24544
86920629,24550
86932027,24545
86938182,24550
86944381,24554
86949820,24550
86955028,24554
86961160,24549
86967348,24554
86973539,24549
86979704,24545
86985922,24544
86992078,24545
86998186,24549
87004370,24550
87010563,24550
87016787,24550
87023026,24550
87029217,24551
87035385,24549
87041579,24555
87047790,24549
87053996,24547
87066316,24543
87072544,24549
87078692,24542
87083918,24543
87089372,24543
87095595,24550
87101752,24543
87107930,24546
87114098,24542
87120280,24551
87126495,24545
87132675,24546
87138822,24543
87144985,24543
87151141,24546
87156362,24544
87162553,24548
87168731,24550
87174950,24543
87181103,24545
87187310,24542
87193482,24545
87205098,24546
87211315,24544
87217536,24548
87222737,24545
87228968,24548
87235126,24546
87241282,24548
87247469,24542
87253612,24543
87259817,24553
87266040,24549
87272882,24547
87279075,24547
87285248,24548
87290707,24549
87296863,24548
87302991,24549
87309179,24547
87315346,24550
87321536,24547
87327695,24550
87339054,24548
87345215,24551
87351459,24553
87356875,24546
87363075,24548
87369253,24544
87375374,24553
87381598,24545
87387751,24551
87393944,24549
87400099,24547
87406310,24551
87412537,24549
87418724,24551
87424892,24553
87431091,24547
87437270,24548
87443468,24550
87449650,24546
87455833,24550
87461989,24550
87473350,24546
87480094,24549
87486333,24550
87491753,24543
87497934,24546
87503112,24545
87509293,24546
87515472,24545
87521613,24543
87527819,24542
87534049,24547
87540195,24545
87546390,24548
87552608,24543
87558795,24537
87565009,24539
87571123,24547
87577253,24538
87583453,24544
87589623,24548
87595819,24540
87607453,24542
87613660,24540
87619842,24540
87626058,24537
87632300,24538
87637533,24540
87643741,24539
87649975,24539
87656122,24539
87662313,24531
87668508,24535
87674687,24535
87680908,24537
87687099,24540
87693917,24537
87700090,24537
87705467,24537
87711633,24539
87717759,24538
87723941,24536
87730148,24537
87741560,24534
87747783,24540
87753980,24536
87760159,24542
87766333,24541
87771757,24538
87777945,24536
87784125,24537
87790298,24535
87796554,24543
87802702,24538
87808857,24537
87815040,24536
87821235,24535
87827438,24540
87833643,24536
87838833,24540
87845018,24535
87851208,24533
87857380,24531
87863614,24535
87869822,24532
87876043,24532
87882270,24528
87888465,24525
87894698,24537
87901486,24539
87906192,24540
87912392,24536
87918582,24538
87924765,24528
87930952,24535
87937138,24536
87943301,24528
87949532,24532
87955688,24530
87961864,24534
87968047,24535
87973254,24531
87979397,24529
87985574,24530
87991737,24532
87997961,24531
88004095,24534
88015693,24535
88021848,24528
88028028,24528
88034196,24533
88040374,24530
88044897,24529
88051076,24530
88057244,24535
88070004,24535
88076316,24532
88082637,24531
88088887,24534
88095113,24537
88101358,24533
88106854,24527
88113098,24538
88119875,24533
88126079,24532
88132266,24540
88138468,24532
88144660,24528
88150866,24530
88157071,24532
88163262,24532
88169469,24532
88173997,24534
88180111,24536
88186296,24529
88192491,24532
88198674,24534
88204868,24529
88211081,24535
88217249,24537
88223440,24536
88229661,24534
88235892,24532
88241332,24534
88247553,24537
88253701,24538
88259885,24535
88266049,24535
88272257,24535
88278500,24536
88284728,24531
88290945,24536
88297234,24535
88303506,24534
88308032,24531
88314252,24538
88320474,24530
88326713,24536
88333544,24538
88339709,24534
88345897,24538
88352099,24536
88358261,24532
88364467,24540
88370689,24541
88376073,24535
88382248,24540
88388459,24536
88394652,24532
88400888,24537
88407078,24537
88413280,24534
88424749,24535
88431013,24535
88437151,24531
88442572,24530
88447775,24531
88454006,24538
88460157,24536
88466328,24526
88472537,24532
88478722,24536
88484899,24532
88491114,24529
88497365,24528
88503624,24533
88509108,24529
88515334,24534
88521589,24534
88527747,24534
88533919,24540
88540074,24533
88546819,24533
88553001,24530
88559192,24524
88565432,24529
88571645,24528
88576810,24525
88582246,24529
88588383,24527
88594596,24522
88600733,24523
88606911,24526
88613140,24528
88619309,24522
88625501,24526
88631680,24521
88637829,24525
88644044,24523
88650279,24526
88656513,24527
88662724,24523
88668945,24524
88675228,24524
88681496,24534
88687697,24527
88699123,24525
88705297,24526
88710747,24522
88716886,24526
88723052,24521
88729251,24525
88735440,24520
88741662,24518
88747828,24524
88754655,24525
88760829,24523
88767003,24520
88773198,24525
88779374,24524
88784623,24521
88790816,24521
88797064,24519
88803241,24521
88809402,24522
88815594,24522
88821828,24516
88833459,24517
88839627,24519
88844844,24519
88851032,24521
88857176,24519
88863370,24522
88869565,24514
88875753,24520
88881974,24524
88888141,24522
88894333,24520
88900509,24522
88906704,24518
88912900,24523
88918353,24520
88924555,24526
88930696,24523
88936914,24524
88943216,24524
88949442,24524
88955673,24529
88961941,24522
88968781,24517
88974938,24519
88980118,24514
88986300,24517
88992481,24519
88997874,24516
89004051,24516
89010308,24521
89016571,24515
89022739,24519
89028896,24518
89035080,24517
89041275,24515
89047462,24520
89052656,24518
89058859,24524
89065050,24521
89071165,24518
89077348,24518
89083581,24523
89089757,24520
89096031,24515
89102169,24519
89108261,24517
89113690,24510
89119856,24515
89126023,24521
89132209,24511
89138399,24515
89144606,24514
89150746,24510
89156925,24513
89163156,24510
89169340,24518
89176166,24518
89182335,24515
89187567,24517
89193726,24515
89199930,24518
89206114,24517
89212283,24518
89218503,24514
89224717,24516
89230946,24515
89242575,24519
89247760,24518
89253941,24519
89260123,24516
89266287,24513
89272474,24518
89278668,24515
89284902,24513
89291092,24508
89297273,24513
89303482,24519
89309641,24513
89322683,24515
89328956,24520
89335158,24516
89341363,24512
89347598,24524
89353809,24519
89360002,24511
89371403,24518
89377644,24524
89383815,24516
89390636,24520
89396882,24521
89402378,24518
89408576,24520
89414792,24523
89421011,24515
89427271,24519
89433535,24521
89439694,24517
89445904,24521
89452097,24521
89457340,24514
89463533,24522
89469654,24521
89475827,24518
89482040,24522
89488233,24524
89494437,24522
89506049,24519
89512231,24516
89517467,24519
89523644,24511
89529857,24518
89536068,24513
89541581,24519
89547750,24512
89553897,24517
89560063,24515
89566234,24508
89572442,24517
89578669,24516
89584809,24516
89589970,24512
89596166,24507
89602847,24508
89609104,24510
89615306,24511
89621494,24508
89627703,24513
89633880,24515
89640131,24515
89646278,24511
89651704,24509
89657821,24508
89664006,24513
89670172,24513
89675380,24503
89681610,24509
89687773,24511
89693981,24507
89700140,24512
89706332,24512
89712516,24508
89718666,24509
89724867,24511
89731064,24511
89737200,24509
89743377,24512
89749567,24508
89755722,24508
89761964,24508
89768134,24508
89779733,24507
89785888,24506
89792105,24499
89798342,24513
89804574,24503
89809828,24511
89816717,24503
89822929,24504
89829125,24504
89835345,24513
89841568,24500
89847736,24506
89853944,24510
89860151,24505
89865569,24501
89871728,24503
89877868,24500
89884074,24504
89890289,24514
89896508,24505
89902690,24504
89914084,24512
89920197,24506
89925654,24502
89931869,24499
89938105,24508
89944345,24508
89949575,24509
89955830,24506
89962055,24503
89968269,24507
89974484,24506
89980659,24505
89986816,24503
89993037,24510
89999208,24503
90005364,24504
90011565,24501
90017741,24500
90024562,24504
90030831,24506
90037049,24502
90043172,24507
90049369,24505
90055555,24502
90060992,24509
90067233,24508
90073481,24507
90079715,24510
90085951,24501
90092149,24507
90098343,24513
90104564,24503
90110752,24504
90116898,24508
90123084,24505
90129292,24503
90135493,24502
90140710,24504
90146931,24500
90153112,24504
90159297,24508
90165489,24498
90171684,24508
90183295,24507
90189485,24508
90194743,24510
90200958,24504
90207122,24506
90213318,24507
90219504,24510
90224927,24511
90231089,24511
90237825,24506
90244013,24503
90250206,24506
90256373,24506
90262586,24512
90268735,24511
90274280,24505
90280526,24501
90286686,24508
90292858,24501
90299064,24513
90305269,24505
90311472,24503
90317669,24509
90323771,24502
90328977,24509
90335129,24510
90341291,24507
90347509,24507
90353776,24508
90359307,24505
90365564,24511
90371814,24508
90378083,24510
90384280,24515
90390493,24507
90396656,24508
90402829,24515
90407999,24513
90414198,24511
90420380,24508
90426580,24511
90432777,24508
90439023,24506
90445775,24505
90452039,24508
90458165,24510
90463590,24504
90469786,24505
90475966,24504
90482171,24510
90488327,24509
90493557,24507
90499737,24510
90505965,24507
90512150,24502
90518282,24507
90524455,24506
90530670,24506
90536919,24503
90542418,24508
90548659,24501
90554869,24502
90567694,24510
90573918,24503
90580238,24505
90586457,24498
90592684,24505
90598839,24503
90605070,24497
90611211,24503
90617415,24504
90622875,24499
90629101,24503
90635307,24494
90641539,24500
90647702,24504
90653805,24501
90659961,24505
90666780,24500
90671983,24498
90678190,24498
90684366,24503
90690557,24505
90696718,24505
90702926,24499
90709118,24506
90715292,24495
90726991,24499
90732196,24501
90738360,24503
90744568,24499
90750754,24491
90756979,24499
90762374,24500
90768587,24498
90774712,24501
90780907,24503
90787062,24494
90793234,24501
90799397,24496
90805605,24494
90811746,24494
90817936,24500
90824143,24501
90830323,24501
90836531,24496
90842730,24499
90848889,24502
90855070,24506
90861267,24496
90867422,24496
90874276,24495
90880503,24504
90886685,24492
90892847,24491
90899021,24494
90905202,24494
90911371,24494
90917604,24501
90923746,24486
90929925,24496
90936115,24496
90942314,24493
90947550,24492
90953738,24494
90959930,24491
90966130,24497
90972294,24488
90978453,24493
90984627,24489
90990792,24495
91001453,24491
91007652,24490
91013816,24491
91020058,24491
91026193,24496
91032415,24487
91037853,24489
91044012,24490
91050199,24495
91056377,24497
91062599,24492
91068749,24497
91074996,24488
91080280,24492
91087166,24499
91093401,24493
91099672,24487
91105883,24488
91112100,24489
91118282,24491
91124437,24491
91136021,24493
91142203,24495
91148360,24492
91154596,24491
91160788,24489
91167001,24490
91172219,24494
91178419,24495
91184594,24492
91190748,24498
91196942,24493
91203148,24493
91209298,24495
91214736,24493
91220910,24492
91227097,24494
91233304,24493
91239539,24496
91245713,24500
91251832,24494
91258035,24498
91264213,24496
91270394,24495
91275601,24493
91281792,24501
91288043,24496
91294888,24489
91301190,24493
91306631,24490
91312834,24491
91318985,24491
91325170,24495
91331346,24494
91337545,24499
91343732,24498
91348923,24498
91355151,24492
91361327,24494
91367556,24494
91373798,24496
91380059,24493
91386195,24494
91392365,24497
91398538,24503
91410178,24494
91416355,24501
91422601,24488
91428748,24491
91434918,24494
91441102,24488
91447344,24498
91453549,24491
91459724,24488
91465891,24493
91472044,24491
91478244,24491
91483433,24487
91489614,24496
91495782,24487
91502023,24491
91508863,24489
91515052,24489
91521178,24492
91527336,24490
91533534,24490
91545118,24488
91550325,24489
91556502,24493
91562742,24492
91568970,24486
91575136,24495
91581341,24495
91587549,24496
91593714,24495
91599936,24492
91606124,24494
91612276,24488
91618453,24493
91624660,24490
91630870,24495
91637070,24490
91643260,24487
91649473,24492
91655642,24495
91661784,24490
91667961,24490
91679665,24502
91684897,24494
91691109,24486
91697319,24497
91703521,24491
91709780,24495
91716588,24494
91722036,24488
91728211,24498
91734378,24495
91740605,24493
91746786,24497
91752972,24492
91758209,24494
91764407,24493
91770613,24496
91776800,24493
91783024,24492
91789169,24493
91795318,24489
91801515,24493
91813565,24494
91819777,24499
91826053,24497
91832237,24495
91838428,24492
91844600,24494
91850824,24487
91857059,24494
91863228,24492
91869377,24493
91875606,24488
91881801,24494
91887305,24501
91893521,24497
91899709,24493
91905915,24498
91912088,24499
91918282,24506
91924486,24495
91930705,24499
91937571,24488
91948256,24494
91954410,24498
91960593,24493
91966757,24497
91972963,24495
91979186,24501
91985392,24495
91991575,24498
91997740,24499
92003923,24497
92010127,24507
92016239,24495
92021644,24494
92027834,24494
92034067,24500
92040304,24495
92046531,24499
92052774,24505
92058907,24494
92065053,24492
92071264,24495
92082648,24496
92088824,24494
92095058,24499
92101260,24500
92107437,24496
92113660,24503
92119837,24496
92126056,24494
92132182,24496
92138348,24496
92145119,24501
92151377,24498
92156902,24498
92163143,24498
92169405,24500
92175651,24503
92181890,24501
92188058,24497
92194295,24499
92200495,24501
92206706,24501
92218070,24495
92223500,24508
92229713,24505
92235893,24506
92242073,24506
92248291,24502
92254509,24501
92260688,24502
92266845,24505
92273024,24506
92279201,24503
92285400,24504
92290634,24509
92296838,24506
92303094,24506
92309219,24505
92315371,24505
92321545,24500
92327706,24509
92333870,24505
92340093,24501
92351637,24503
92357490,24512
92363696,24508
92369898,24501
92376154,24504
92382317,24509
92388525,24510
92394697,24502
92400873,24505
92407099,24503
92413272,24499
92419457,24500
92425664,24507
92431851,24500
92438077,24503
92444223,24493
92450434,24501
92456637,24502
92462831,24498
92469069,24500
92475223,24495
92486779,24502
92491977,24500
92498150,24500
92504323,24501
92510485,24498
92516645,24503
92522844,24499
92529062,24498
92535208,24498
92541411,24503
92546838,24499
92553027,24500
92559194,24502
92565327,24500
92571608,24497
92577787,24500
92583987,24502
92590127,24496
92596301,24495
92602496,24493
92608714,24492
92614908,24498
92621104,24495
92626301,24497
92632451,24494
92638649,24491
92644840,24493
92651070,24493
92657215,24491
92663377,24492
92669578,24493
92675746,24492
92681966,24491
92688134,24494
92694305,24500
92699745,24494
92705910,24491
92712087,24494
92718300,24487
92724477,24490
92730681,24492
92736831,24490
92743027,24493
92749255,24491
92759983,24492
92766161,24493
92772309,24493
92779128,24493
92785296,24494
92791518,24497
92797697,24493
92803880,24490
92810123,24489
92816352,24496
92821828,24493
92828047,24492
92834314,24491
92840596,24490
92846812,24493
92852986,24493
92859131,24485
92865294,24490
92871446,24489
92877678,24481
92883833,24493
92894567,24487
92900763,24488
92906956,24486
92913218,24492
92919401,24487
92925590,24491
92931756,24490
92937944,24489
92944147,24495
92950315,24487
92956498,24490
92962692,24488
92968882,24494
92974386,24494
92980636,24491
92987429,24496
92993639,24482
92999789,24485
93005997,24491
93012185,24494
93018379,24490
93029152,24493
93035307,24490
93041520,24488
93047701,24492
93060450,24488
93066688,24491
93072974,24494
93079193,24486
93085340,24490
93091570,24495
93097775,24492
93103247,24496
93109428,24496
93115648,24494
93121864,24496
93128055,24491
93134183,24489
93140376,24493
93146597,24493
93152724,24490
93163379,24491
93169566,24492
93175738,24497
93181971,24493
93188166,24494
93194306,24496
93201072,24493
93207257,24501
93213440,24495
93219657,24494
93225817,24501
93232066,24496
93237475,24502
93243705,24495
93249885,24495
93256078,24490
93262266,24497
93268434,24499
93274665,24495
93280856,24498
93287045,24495
93293234,24497
93299408,24494
93305624,24496
93311802,24491
93318017,24494
93324224,24495
93330451,24491
93336701,24496
93342921,24497
93349136,24493
93355390,24492
93361637,24499
93367824,24497
93372317,24491
93378528,24497
93384733,24497
93390876,24496
93397054,24500
93403218,24494
93409408,24492
93416280,24500
93422471,24497
93433216,24489
93439390,24491
93445586,24494
93451785,24485
93458002,24484
93464177,24493
93470342,24486
93476537,24492
93482720,24487
93488919,24487
93495125,24489
93501323,24490
93506779,24486
93512327,24487
93518572,24488
93524763,24492
93530905,24489
93537045,24490
93543225,24496
93549405,24490
93555600,24493
93566336,24483
93572529,24491
93578711,24488
93584890,24485
93591117,24486
93597212,24486
93603362,24487
93609546,24486
93615717,24492
93622512,24482
93628708,24486
93634888,24483
93641089,24484
93645849,24487
93652039,24485
93658247,24486
93664420,24489
93670651,24485
93676820,24485
93682996,24481
93689197,24481
93695406,24485
93706208,24480
93712395,24485
93718561,24477
93724733,24483
93730920,24483
93737089,24479
93743248,24485
93749423,24486
93755623,24489
93761806,24484
93768017,24485
93774186,24487
93779593,24478
93785118,24481
93791296,24477
93797466,24485
93803668,24482
93809794,24487
93815957,24483
93822135,24477
93828324,24486
93839664,24477
93845868,24481
93852081,24479
93858239,24479
93864420,24478
93870594,24479
93876757,24485
93882951,24484
93889116,24481
93895356,24483
93901539,24484
93907758,24485
93913217,24475
93918736,24487
93924916,24481
93931111,24480
93937256,24479
93943433,24481
93949658,24483
93955812,24480
93961980,24485
93973366,24487
93979547,24488
93985731,24481
93991949,24488
93998185,24475
94004387,24487
94010630,24484
94016851,24480
94023102,24485
94029241,24482
94035408,24481
94042123,24482
94047599,24482
94053129,24483
94059311,24482
94065523,24482
94071734,24478
94077871,24484
94084057,24479
94090255,24483
94096438,24484
94107184,24488
94113359,24485
94119517,24488
94125692,24489
94131866,24489
94138063,24483
94144196,24488
94150337,24485
94156515,24487
94162715,24484
94168949,24483
94175161,24485
94181360,24486
94187519,24483
94193711,24481
94199856,24485
94206099,24486
94212264,24487
94218460,24486
94224655,24488
94230845,24489
94241530,24485
94247738,24481
94254549,24482
94260702,24487
94266915,24480
94273130,24486
94279269,24480
94285414,24493
94291592,24484
94304618,24475
94310858,24480
94316150,24492
94322353,24479
94327807,24482
94333947,24479
94340139,24479
94346359,24484
94352544,24481
94358751,24483
94364917,24478
94375703,24478
94381895,24479
94388108,24474
94394246,24478
94400447,24478
94406644,24484
94412834,24481
94419062,24475
94425229,24483
94431428,24478
94437640,24482
94443831,24482
94450045,24476
94455502,24479
94461033,24475
94467220,24485
94473914,24480
94480071,24477
94486250,24479
94492411,24476
94498673,24478
94509367,24469
94515539,24474
94521731,24477
94527950,24479
94534155,24473
94540318,24479
94546526,24469
94552705,24471
94558868,24471
94565092,24473
94571275,24479
94577472,24473
94583757,24471
94589243,24467
94595495,24475
94601727,24471
94607868,24471
94614073,24467
94620291,24471
94626471,24468
94632683,24473
94643364,24472
94649552,24481
94655762,24477
94661989,24472
94668165,24463
94674319,24468
94681159,24474
94687282,24469
94693487,24470
94699695,24469
94705894,24474
94712111,24466
94718279,24474
94723723,24477
94729868,24467
94736046,24469
94742243,24472
94748416,24473
94754606,24477
94760792,24467
94766972,24468
94777681,24475
94783881,24470
94790116,24474
94796252,24467
94802426,24464
94808609,24472
94814794,24466
94820998,24476
94827206,24473
94833360,24476
94839571,24473
94845784,24477
94852012,24470
94857484,24474
94863693,24472
94869790,24472
94875994,24478
94882202,24473
94888957,24470
94895136,24473
94901316,24472
94912097,24474
94918308,24475
94924474,24477
94930644,24476
94936839,24473
94943008,24479
94949165,24475
94955311,24472
94961488,24477
94967726,24475
94973944,24477
94980181,24474
94986394,24474
94991920,24470
94998131,24477
95004383,24480
95010623,24479
95016776,24475
95022926,24467
95029066,24476
95035237,24478
95041396,24480
95052108,24474
95058294,24477
95064473,24471
95070660,24473
95076828,24467
95083056,24480
95089201,24473
95095351,24467
95102132,24474
95108304,24475
95114477,24468
95120692,24470
95126117,24474
95132311,24477
95138449,24474
95144698,24472
95150858,24479
95156071,24467
95162248,24472
95168389,24469
95174588,24475
95186167,24466
95192366,24469
95198543,24465
95204760,24470
95210889,24470
95217110,24466
95223316,24468
95229557,24467
95235771,24472
95241945,24469
95248115,24468
95254305,24469
95260476,24463
95266679,24474
95272839,24469
95279007,24467
95285148,24467
95290364,24461
95296524,24466
95302740,24459
95309582,24460
95320355,24451
95326570,24450
95332787,24452
95338976,24458
95345148,24454
95351300,24448
95357494,24457
95363682,24460
95369879,24460
95376150,24455
95382335,24455
95388514,24456
95394711,24457
95400166,24452
95406357,24453
95412571,24452
95418739,24454
95423961,24458
95430155,24455
95436292,24458
95442498,24460
95453225,24462
95459420,24461
95465686,24460
95471884,24460
95478121,24457
95484295,24458
95490531,24454
95496738,24457
95502897,24462
95509102,24463
95515301,24460
95522048,24460
95528250,24460
95534433,24459
95540614,24462
95553375,24457
95559614,24459
95565868,24462
95572101,24461
95583119,24456
95589343,24458
95595532,24455
95601762,24460
95607936,24461
95614139,24456
95620353,24461
95626558,24456
95632756,24462
95638938,24459
95645126,24461
95651310,24463
95657470,24453
95663709,24454
95668934,24459
95675136,24462
95681289,24458
95687514,24456
95693717,24457
95699918,24462
95706120,24457
95717142,24460
95723342,24459
95729538,24461
95735732,24459
95742474,24461
95748678,24461
95754867,24463
95761027,24461
95767233,24458
95773417,24458
95779648,24464
95785822,24460
95792010,24469
95798217,24458
95803422,24463
95809585,24466
95815796,24466
95821988,24457
95828189,24461
95834364,24464
95840572,24466
95851219,24463
95857390,24462
95863577,24463
95869756,24472
95875931,24461
95882107,24462
95888253,24471
95894379,24465
95900557,24470
95906754,24468
95912986,24468
95919187,24467
95925315,24469
95931503,24466
95937663,24467
95943857,24469
95950662,24465
95956850,24468
95963100,24473
95969262,24462
95974741,24467
95980905,24466
95986115,24465
95992285,24465
95998494,24464
96004689,24464
96010828,24462
96017005,24465
96023205,24466
96029364,24470
96035593,24464
96041807,24460
96047999,24469
96054212,24457
96060454,24461
96066655,24464
96072861,24463
96078338,24463
96084545,24462
96090755,24469
96096920,24462
96103092,24463
96109260,24466
96115448,24463
96120697,24465
96126866,24461
96133109,24459
96139284,24462
96145451,24463
96151591,24465
96158332,24461
96164586,24457
96170742,24464
96176914,24464
96183146,24462
96189273,24461
96195495,24463
96201731,24456
96207933,24459
96213378,24467
96219612,24461
96225764,24460
96231927,24456
96238100,24458
96244327,24463
96250500,24456
96261229,24458
96267389,24463
96273603,24460
96279808,24460
96286022,24462
96292194,24461
96298318,24461
96304512,24459
96310712,24463
96316863,24460
96323100,24459
96329268,24460
96335436,24459
96341611,24460
96347049,24459
96353287,24462
96359442,24458
96365677,24463
96372575,24456
96378774,24460
96384945,24459
96395707,24460
96401841,24463
96408057,24463
96414233,24461
96420397,24464
96426583,24464
96432784,24464
96438996,24461
96445206,24465
96451388,24463
96457590,24466
96463769,24469
96469940,24467
96476124,24463
96481522,24459
96487749,24459
96493923,24461
96500128,24466
96506336,24465
96512558,24462
96518794,24465
96524012,24459
96529443,24459
96535688,24466
96541914,24461
96548160,24462
96554425,24463
96560657,24466
96566920,24462
96573095,24463
96579843,24467
96586025,24463
96592178,24463
96598377,24461
96604586,24469
96610795,24463
96615959,24457
96622134,24463
96628290,24467
96634503,24459
96640715,24465
96646886,24464
96653106,24469
96658520,24469
96669146,24467
96675316,24467
96681497,24465
96687720,24469
96693858,24462
96700049,24469
96706231,24465
96712414,24469
96718618,24463
96724774,24469
96730969,24462
96737150,24463
96743320,24470
96749487,24467
96754740,24470
96760929,24467
96767132,24470
96773345,24464
96779539,24472
96785741,24468
96798715,24469
96804944,24465
96811181,24469
96817357,24468
96823580,24469
96829796,24466
96836008,24474
96842209,24472
96848449,24468
96854693,24470
96860900,24468
96867106,24467
96873254,24464
96879437,24477
96884622,24472
96890818,24466
96897004,24470
96903210,24473
96909397,24468
96915617,24471
96921035,24468
96927222,24466
96937843,24469
96944034,24470
96950194,24465
96956372,24468
96962579,24461
96968747,24470
96974975,24469
96981205,24471
96987453,24472
96993682,24475
96999851,24472
97006693,24469
97012921,24467
97018084,24474
97024213,24464
97030351,24470
97036529,24474
97042748,24469
97048889,24465
97055124,24474
97061291,24471
97067491,24465
97073636,24470
97079823,24473
97086022,24465
97092201,24472
97098327,24464
97104514,24469
97110695,24471
97116855,24473
97123062,24466
97129201,24470
97135415,24472
97141608,24475
97147792,24468
97153268,24467
97159476,24466
97165684,24471
97171914,24475
97178160,24468
97184407,24468
97190657,24471
97195862,24469
97207516,24468
97213693,24463
97220577,24456
97226741,24469
97232919,24464
97239085,24463
97245305,24463
97251516,24472
97257743,24458
97263889,24469
97270082,24467
97276327,24464
97282500,24467
97287714,24465
97293884,24467
97300121,24467
97306279,24469
97312498,24463
97318697,24464
97324863,24474
97330337,24472
97336528,24463
97342717,24469
97347921,24465
97354133,24471
97360271,24466
97366403,24464
97372626,24470
97378823,24468
97385051,24468
97391251,24468
97397440,24469
97403729,24474
97409975,24467
97416174,24469
97421655,24470
97428469,24471
97434684,24466
97440874,24473
97447076,24474
97453298,24472
97459569,24467
97464821,24468
97470964,24475
97477165,24478
97483352,24476
97489530,24478
97495744,24476
97501932,24483
97508154,24477
97514274,24478
97520445,24482
97526652,24478
97532852,24479
97539065,24479
97545207,24476
97551421,24484
97556921,24478
97563143,24482
97569439,24478
97575672,24483
97581860,24484
97588028,24484
97594198,24481
97599401,24486
97605613,24481
97617205,24485
97622440,24484
97628628,24491
97634816,24485
97641641,24487
97647809,24485
97654071,24489
97660257,24483
97666466,24481
97672642,24487
97678837,24487
97685014,24485
97690442,24486
97696678,24486
97702876,24484
97709046,24486
97715289,24486
97721456,24486
97727702,24487
97732891,24487
97739124,24487
97745254,24494
97751418,24488
97756860,24485
97763081,24491
97769318,24490
97775574,24488
97781806,24485
97788003,24489
97794199,24489
97800437,24485
97806643,24485
97812824,24482
97818996,24484
97824199,24490
97830376,24487
97836548,24488
97842751,24491
97849514,24488
97855762,24489
97861974,24488
97867419,24487
97873602,24491
97879845,24489
97890462,24492
97896709,24494
97902878,24491
97909082,24486
97915287,24490
97921436,24486
97927633,24491
97933799,24494
97940010,24499
97946214,24489
97952344,24496
97958523,24491
97964716,24494
97970902,24492
97977148,24494
97983352,24492
97989563,24491
97995775,24489
98001924,24501
98008121,24490
98014265,24495
98025808,24502
98031943,24503
98044722,24500
98050955,24503
98057227,24502
98063479,24499
98070325,24500
98076523,24503
98082733,24507
98088929,24501
98094153,24498
98100322,24509
98106490,24502
98112723,24505
98118900,24506
98125121,24507
98131313,24502
98136759,24504
98142913,24502
98154221,24507
98160326,24509
98166492,24512
98172667,24507
98178849,24510
98185096,24511
98191316,24511
98197595,24506
98203853,24515
98210096,24515
98216229,24509
98222364,24516
98227771,24506
98233917,24510
98240097,24511
98246295,24509
98252455,24513
98258638,24509
98264836,24516
98270979,24512
98277814,24511
98289150,24520
98295281,24520
98301435,24526
98307606,24521
98313787,24517
98320026,24517
98326240,24517
98332368,24523
98338603,24515
98344786,24516
98350944,24520
98357141,24514
98362553,24517
98368729,24514
98374859,24516
98381051,24521
98387211,24522
98393403,24520
98399594,24517
98405805,24524
98410969,24518
98417190,24522
98423306,24524
98429485,24532
98435669,24532
98441840,24525
98448038,24525
98454203,24526
98460369,24521
98466566,24527
98472758,24524
98478894,24529
98485686,24527
98491882,24530
98497366,24528
98503534,24524
98509741,24527
98515958,24522
98522136,24525
98528351,24527
98534528,24519
98540750,24524
98545945,24527
98552140,24526
98563709,24530
98569912,24524
98576169,24525
98582436,24528
98588681,24527
98594918,24532
98601101,24528
98607263,24528
98613437,24528
98619640,24519
98625796,24526
98631990,24529
98638163,24528
98644346,24522
98650589,24528
98656782,24525
98662944,24529
98669135,24526
98675325,24526
98680521,24526
98686738,24528
98698885,24533
98705053,24533
98711256,24526
98716504,24539
98722675,24536
98728874,24527
98735077,24529
98741277,24534
98747463,24541
98753650,24535
98759816,24536
98766010,24534
98771470,24528
98777710,24535
98783894,24532
98790090,24536
98796300,24534
98802500,24536
98808731,24528
98813940,24531
98820157,24534
98826286,24535
98832418,24532
98838587,24534
98844795,24534
98850703,24529
98856135,24531
98862322,24533
98868495,24534
98874703,24532
98880857,24535
98887012,24536
98893190,24534
98899392,24538
98905573,24533
98912449,24531
98918690,24530
98924926,24533
98931162,24529
98937440,24529
98943665,24535
98948866,24534
98955057,24534
98961238,24536
98972840,24538
98979016,24538
98985204,24538
98990415,24542
98996613,24533
99002807,24541
99009027,24532
99015264,24541
99021400,24537
99027552,24541
99033748,24539
99039916,24536
99045422,24537
99051650,24548
99057858,24542
99064045,24542
99070225,24535
99076421,24540
99082641,24537
99088789,24536
99094969,24541
99106307,24546
99112494,24545
99119181,24539
99124704,24546
99130834,24542
99137006,24547
99143193,24549
99149374,24543
99155537,24545
99161744,24546
99167900,24543
99174073,24549
99180268,24541
99186468,24548
99192734,24543
99198924,24543
99205113,24543
99211332,24549
99217524,24548
99222781,24549
99228982,24549
99235184,24542
99241341,24540
99247510,24544
99253707,24547
99259135,24547
99265335,24549
99271509,24550
99277718,24549
99290511,24544
99296709,24545
99302940,24545
99309137,24552
99314588,24547
99320809,24544
99326979,24549
99333190,24544
99339989,24551
99346179,24549
99351382,24548
99357562,24554
99363767,24545
99375381,24545
99381543,24550
99387743,24544
99392949,24547
99399165,24543
99405334,24543
99411501,24544
99417667,24544
99423823,24551
99429959,24546
99436159,24541
99442308,24554
99448473,24549
99454704,24548
99460870,24548
99467103,24549
99473257,24552
99479420,24555
99485584,24549
99491014,24544
99497249,24547
99508672,24550
99514853,24554
99521093,24547
99526527,24554
99532729,24555
99538930,24546
99545131,24553
99551900,24555
99558059,24550
99564184,24551
99570357,24552
99576496,24558
99582739,24556
99588912,24553
99595092,24553
99601253,24554
99607445,24554
99613656,24553
99619816,24553
99625014,24555
99631214,24556
99642746,24554
99648904,24554
99655097,24553
99661300,24549
99666499,24558
99672698,24549
99678899,24551
99685119,24552
99691303,24558
99697467,24551
99703683,24556
99709855,24554
99716077,24556
99722273,24556
99728458,24562
99734667,24555
99740904,24558
99747163,24556
99753451,24557
99759681,24561
99766004,24559
99777648,24560
99783842,24559
99790043,24562
99796217,24565
99801435,24563
99807649,24557
99813798,24560
99820032,24558
99826180,24566
99832366,24560
99838526,24558
99844711,24562
99850899,24564
99857120,24566
99862611,24562
99868834,24567
99875052,24555
99881315,24569
99887541,24563
99892772,24564
99898969,24560
99905148,24565
99911292,24570
99917491,24563
99923704,24566
99929910,24569
99935391,24567
99941617,24563
99947824,24571
99953963,24574
99960181,24563
99966429,24570
99973307,24571
99979543,24564
99985742,24569
99991916,24565
99997137,24563
100003341,24569
100009554,24569
100015782,24571
100021939,24568
100027381,24565
100033618,24569
100039841,24570
100051288,24572
100057495,24579
100063765,24575
100070010,24578
100076295,24573
100082443,24573
100088688,24575
100094865,24571
100101057,24569
100107276,24574
100113498,24575
100119711,24572
100125881,24569
100131402,24573
100137634,24573
100143843,24568
100150088,24566
100156244,24579
100161445,24571
100167658,24569
100173832,24573
100186147,24572
100192324,24573
100198534,24579
100204728,24579
100210150,24576
100216339,24577
100222467,24575
100228674,24580
100234849,24582
100241079,24572
100247233,24578
100253431,24569
100259623,24566
100265827,24576
100271994,24572
100278218,24575
100284419,24576
100290624,24573
100295896,24579
100302128,24575
100308307,24577
100320025,24576
100326231,24575
100332497,24576
100338764,24573
100344979,24578
100351244,24575
100357438,24573
100363654,24568
100369885,24575
100376062,24575
100382246,24573
100388482,24577
100395328,24579
100401490,24578
100406687,24576
100412893,24569
100419090,24578
100425327,24573
100430742,24578
100436919,24577
100443108,24576
100454467,24582
100460671,24581
100466854,24576
100473078,24574
100479274,24573
100485441,24580
100491627,24576
100497799,24574
100503983,24575
100510192,24575
100516359,24583
100522547,24576
100535336,24582
100541567,24581
100547834,24574
100554068,24575
100559503,24574
100565703,24584
100571855,24576
100577990,24577
100584132,24580
100590329,24580
100596526,24581
100602762,24580
100609662,24583
100614913,24583
100621167,24579
100627392,24581
100633587,24579
100639790,24582
100645972,24584
100652173,24574
100658353,24577
100664534,24576
100670806,24575
100676243,24577
100682450,24583
100688696,24582
100693879,24581
100700065,24578
100706302,24582
100712464,24584
100724063,24582
100730279,24583
100736432,24586
100742636,24584
100748839,24577
100754039,24584
100760256,24583
100766434,24589
100772643,24583
100778822,24580
100785005,24581
100791195,24580
100797424,24587
100803592,24587
100809046,24583
100815207,24581
100821987,24584
100828172,24582
100834317,24588
100840491,24581
100846690,24584
100858096,24588
100864278,24584
100870425,24586
100876637,24585
100882810,24595
100888231,24590
100894395,24585
100900626,24584
100906827,24588
100912956,24589
100919146,24586
100925343,24582
100931520,24587
100937754,24588
100943949,24587
100950143,24589
100956321,24591
100962494,24585
100967686,24592
100973856,24586
100980078,24595
100986247,24592
100992333,24598
100998526,24589
101004706,24597
101010890,24601
101017093,24596
101022533,24595
101028731,24596
101035568,24594
101041775,24595
101047880,24594
101054054,24596
101060240,24590
101066429,24596
101072622,24602
101078851,24603
101084004,24604
101090187,24598
101096356,24590
101102537,24599
101108713,24597
101114901,24594
101121099,24596
101132756,24598
101138914,24599
101145099,24597
101151319,24593
101157500,24594
101163689,24593
101169841,24603
101176011,24597
101182184,24597
101188369,24600
101194554,24599
101200766,24601
101206906,24593
101213074,24593
101218262,24595
101224427,24593
101230609,24602
101236799,24603
101242912,24597
101249157,24594
101255325,24592
101266883,24595
101273032,24608
101279204,24595
101285425,24602
101291561,24600
101297780,24600
101303902,24599
101310030,24595
101316232,24598
101322427,24593
101328673,24602
101334859,24598
101341010,24597
101347198,24598
101352414,24599
101358594,24601
101364801,24592
101370985,24591
101376454,24598
101382637,24597
101388836,24600
101395002,24594
101401186,24598
101407342,24596
101413550,24599
101419769,24595
101425900,24599
101432072,24602
101438238,24601
101444424,24599
101451193,24593
101457391,24600
101463582,24600
101469796,24604
101475938,24600
101482138,24608
101487366,24603
101493535,24602
101499740,24603
101505945,24604
101511414,24606
101517580,24603
101523776,24596
101529950,24600
101541339,24596
101547499,24600
101553686,24596
101559852,24600
101566042,24600
101572256,24592
101578396,24600
101584556,24593
101590754,24604
101596934,24600
101603193,24604
101609327,24598
101615464,24595
101621654,24601
101627799,24605
101633971,24604
101640200,24598
101645639,24599
101651819,24598
101657946,24603
101664766,24601
101676156,24600
101682294,24603
101688457,24603
101694660,24602
101700821,24601
101707005,24604
101713201,24608
101718724,24602
101724888,24602
101731061,24601
101737262,24602
101743448,24603
101749670,24604
101755835,24602
101761002,24603
101767183,24602
101779926,24605
101786176,24602
101792384,24601
101798581,24600
101804793,24608
101810971,24605
101817210,24606
101823372,24606
101829524,24607
101835733,24605
101841862,24609
101848077,24601
101854299,24614
101860408,24604
101866572,24603
101872782,24604
101879626,24608
101885810,24606
101891271,24609
101897477,24605
101903680,24602
101909859,24609
101915024,24605
101921285,24610
101927467,24607
101933703,24612
101945331,24613
101951522,24617
101957792,24615
101963936,24616
101970126,24612
101976286,24616
101982487,24614
101988707,24614
101994888,24617
102001121,24605
102007281,24607
102013528,24606
102019774,24615
102024970,24611
102031154,24617
102037309,24615
102043442,24611
102048868,24610
102055032,24611
102061233,24611
102067461,24612
102073677,24610
102079841,24622
102086004,24611
102092850,24618
102098985,24608
102105181,24608
102111392,24612
102117530,24609
102123774,24612
102128978,24610
102135215,24609
102141389,24609
102147561,24611
102153800,24607
102159252,24604
102165430,24609
102171615,24608
102177799,24609
102183002,24609
102189191,24612
102195340,24611
102201496,24610
102207714,24610
102219336,24609
102225503,24617
102231707,24608
102237886,24617
102244012,24610
102250233,24615
102256442,24608
102262681,24610
102267863,24612
102274089,24605
102280272,24609
102286447,24613
102292644,24615
102298762,24612
102304991,24614
102311199,24614
102317351,24613
102323514,24604
102329696,24614
102335890,24612
102342124,24610
102353854,24611
102360062,24611
102366250,24609
102372419,24612
102378603,24611
102384758,24606
102390994,24613
102397212,24612
102402688,24613
102408848,24610
102415037,24609
102421219,24606
102427380,24611
102432601,24615
102438766,24611
102444908,24610
102451099,24613
102457283,24611
102463451,24610
102469624,24603
102475825,24613
102482076,24609
102488338,24612
102494558,24608
102500782,24611
102507622,24616
102513838,24613
102520021,24606
102526215,24617
102532431,24610
102537913,24611
102544107,24608
102550306,24609
102556558,24607
102562759,24609
102568938,24606
102575098,24610
102581286,24609
102587519,24612
102593766,24611
102599011,24619
102605212,24610
102611365,24611
102617549,24611
102629218,24613
102635387,24613
102641547,24616
102647785,24612
102653963,24612
102660153,24612
102666356,24613
102671558,24612
102677748,24611
102683919,24616
102690143,24614
102696309,24611
102702482,24610
102708629,24616
102714780,24612
102721583,24611
102727796,24611
102733230,24614
102739401,24611
102745613,24611
102751839,24615
102763197,24615
102769349,24622
102775532,24616
102781717,24616
102787895,24621
102794100,24619
102800310,24618
102806458,24616
102812611,24614
102818802,24611
102824944,24616
102831171,24615
102837338,24619
102842721,24620
102848918,24617
102855104,24617
102861266,24616
102866489,24618
102872642,24617
102878835,24614
102885016,24617
102891214,24619
102897362,24621
102903516,24616
102909650,24623
102915847,24621
102922018,24623
102928840,24616
102935115,24614
102941295,24618
102946753,24617
102952896,24621
102959070,24623
102965240,24621
102971434,24614
102976623,24623
102982771,24622
102988954,24622
102995174,24620
103000609,24618
103006833,24617
103012961,24623
103025717,24626
103031943,24617
103038210,24622
103044394,24629
103050592,24625
103056769,24624
103062970,24619
103069231,24622
103075404,24624
103080856,24626
103087044,24626
103093241,24616
103099414,24618
103105571,24619
103110784,24619
103116938,24622
103123164,24622
103129342,24623
103135539,24618
103141727,24624
103148529,24621
103154730,24622
103166305,24619
103172496,24619
103178692,24623
103184861,24622
103190962,24618
103197193,24618
103203404,24620
103209574,24618
103214792,24616
103220967,24614
103227233,24614
103233442,24623
103239606,24627
103245059,24622
103251230,24617
103257415,24619
103263564,24627
103269764,24621
103275923,24621
103282075,24615
103288254,24615
103294457,24619
103300685,24614
103306873,24615
103313047,24617
103319219,24622
103325400,24620
103331591,24620
103337805,24613
103343950,24619
103350175,24617
103356901,24619
103363099,24624
103369290,24619
103375511,24624
103381689,24625
103387889,24619
103394016,24620
103400199,24620
103405422,24618
103411579,24616
103417786,24627
103424003,24619
103430216,24619
103441782,24624
103447948,24624
103454101,24621
103460282,24623
103466476,24620
103472676,24617
103478870,24620
103485047,24623
103490239,24620
103496351,24620
103502527,24615
103508729,24622
103514909,24625
103521120,24625
103527287,24624
103533449,24617
103538894,24623
103545053,24623
103551247,24624
103557458,24619
103563655,24619
103575722,24618
103581896,24617
103588114,24625
103594297,24620
103600442,24627
103606645,24619
103612865,24622
103619096,24622
103625283,24622
103631401,24623
103637590,24622
103643762,24623
103649972,24620
103655463,24620
103661704,24627
103667893,24626
103673071,24627
103679278,24623
103685497,24621
103691712,24620
103697872,24625
103709458,24623
103715658,24623
103721850,24624
103728052,24621
103734233,24624
103740464,24627
103746654,24626
103752868,24626
103759068,24630
103765264,24630
103771462,24630
103778232,24634
103784436,24628
103789597,24622
103795784,24629
103801956,24630
103807394,24623
103813610,24627
103819811,24626
103826001,24623
103832134,24626
103843520,24622
103849722,24629
103855883,24629
103862082,24631
103868246,24622
103874389,24630
103880580,24630
103886783,24628
103892964,24627
103899189,24627
103905310,24626
103911474,24630
103917646,24625
103923807,24624
103929983,24625
103936213,24626
103941613,24626
103947819,24632
103953953,24625
103960163,24627
103966343,24627
103972544,24631
103978711,24625
103984878,24621
103991756,24629
103997947,24624
104004163,24624
104010353,24620
104016539,24623
104022757,24626
104028929,24620
104035087,24622
104041290,24625
104046529,24623
104052739,24624
104058159,24616
104064371,24625
104070534,24625
104075754,24624
104081962,24622
104088157,24623
104094288,24629
104100425,24623
104106601,24623
104118247,24621
104124431,24616
104130637,24618
104136837,24621
104142958,24622
104149161,24625
104155374,24618
104161541,24620
104167782,24621
104173925,24619
104180105,24618
104186285,24624
104192471,24618
104199281,24620
104205505,24620
104210685,24622
104216879,24617
104223073,24624
104229277,24624
104235497,24614
104241716,24625
104253308,24623
104259494,24619
104272300,24621
104278530,24623
104284820,24620
104290985,24616
104297183,24619
104303369,24628
104309541,24620
104315792,24616
104321970,24619
104327180,24628
104333367,24619
104339540,24618
104345717,24624
104351920,24622
104358143,24622
104364338,24614
104370486,24622
104382092,24616
104388279,24620
104394463,24617
104400717,24618
104406897,24623
104413086,24619
104419902,24616
104426084,24620
104432252,24618
104438425,24620
104444579,24623
104450781,24619
104455980,24622
104461471,24622
104467724,24617
104473904,24619
104480049,24617
104486275,24613
104492475,24616
104498677,24617
104504864,24617
104510980,24614
104517152,24617
104523347,24619
104529549,24617
104535803,24617
104541958,24618
104548164,24617
104554356,24618
104560578,24624
104566807,24614
104572956,24617
104579160,24621
104585382,24615
104590636,24620
104596107,24616
104602304,24616
104608487,24622
104614745,24620
104619924,24622
104626693,24613
104632927,24615
104639182,24620
104645352,24612
104656986,24620
104663156,24621
104669351,24619
104675524,24622
104681724,24618
104687922,24618
104694106,24620
104700282,24621
104706454,24622
104712620,24619
104718806,24623
104724967,24620
104730136,24620
104736304,24621
104742475,24619
104748678,24618
104754130,24620
104760318,24615
104766478,24624
104772627,24621
104778832,24617
104784954,24615
104791108,24622
104797282,24624
104803500,24622
104809741,24619
104815928,24625
104822105,24621
104828261,24623
104834456,24623
104841263,24620
104847449,24622
104853599,24620
104859806,24627
104865010,24620
104870472,24621
104876684,24617
104882892,24618
104888079,24617
104894270,24611
104900399,24610
104906572,24619
104912760,24612
104918970,24620
104930580,24618
104936807,24613
104942973,24613
104949183,24613
104955399,24619
104961566,24616
104967830,24619
104973972,24612
104980137,24614
104986336,24613
104992534,24616
104998744,24620
105004904,24614
105011083,24618
105017278,24612
105022480,24618
105028668,24620
105034881,24622
105041042,24622
105047868,24616
105054084,24617
105065706,24619
105071902,24614
105078067,24619
105084222,24618
105090430,24617
105096605,24615
105102797,24613
105108937,24611
105115101,24616
105121285,24615
105127521,24616
105133756,24620
105138978,24609
105144442,24608
105150646,24613
105156862,24616
105163046,24609
105169209,24613
105175396,24612
105181558,24612
105187779,24615
105193929,24607
105200091,24613
105206269,24614
105212471,24618
105218692,24613
105224888,24613
105231021,24608
105237208,24615
105243426,24618
105249583,24612
105255801,24614
105262605,24611
105268798,24616
105274020,24611
105279480,24617
105285721,24613
105291907,24607
105297074,24613
105303262,24610
105309449,24618
105315653,24612
105321816,24611
105327998,24610
105334228,24611
105340385,24606
105346556,24607
105352772,24616
105358938,24609
105365161,24610
105371350,24602
105377488,24609
105383657,24613
105389873,24610
105396033,24606
105402235,24612
105408399,24607
105413800,24608
105419967,24608
105426155,24611
105431360,24613
105437536,24606
105443725,24607
105449927,24603
105456138,24610
105462350,24602
105474632,24610
105480830,24610
105487013,24608
105493267,24607
105499432,24607
105505593,24603
105518641,24610
105524879,24609
105531146,24607
105537348,24607
105543558,24608
105549803,24606
105555999,24611
105561208,24606
105567418,24610
105573560,24602
105579750,24602
105585927,24610
105592163,24608
105603817,24603
105609970,24604
105616164,24609
105622328,24601
105628541,24609
105634763,24602
105640908,24607
105647079,24607
105653257,24611
105659437,24606
105665636,24604
105671819,24605
105677969,24606
105684822,24604
105690958,24608
105696165,24608
105702322,24609
105708504,24603
105714759,24605
105720991,24613
105727211,24612
105738888,24602
105745104,24605
105751296,24600
105757484,24600
105763690,24604
105769914,24604
105776106,24607
105782236,24600
105788417,24604
105794601,24602
105800826,24604
105806990,24611
105813191,24602
105818418,24606
105824573,24604
105830074,24605
105836308,24608
105842529,24605
105848759,24610
105854964,24604
105861122,24602
105872478,24598
105878670,24601
105884861,24597
105891055,24607
105897851,24602
105904036,24599
105910250,24604
105916388,24596
105922564,24597
105928750,24600
105934937,24599
105941164,24603
105947394,24598
105952859,24598
105958997,24602
105964184,24601
105970385,24601
105976520,24598
105982730,24597
105988880,24595
105995034,24600
106001241,24598
106007408,24596
106013597,24596
106019804,24587
106025981,24593
106032167,24597
106038319,24593
106044466,24595
106050647,24596
106056826,24594
106062996,24600
106069253,24595
106075403,24594
106081581,24590
106087040,24598
106093238,24598
106099421,24598
106105579,24594
106111809,24592
106117960,24596
106124093,24591
106130245,24601
106141635,24589
106147812,24593
106153978,24588
106160203,24590
106166378,24589
106172533,24591
106178721,24591
106184899,24591
106191059,24592
106197288,24589
106203472,24587
106209667,24589
106215847,24585
106221303,24591
106227498,24586
106233722,24590
106238931,24594
106244345,24587
106250484,24589
106256648,24585
106262865,24588
106269005,24591
106280376,24588
106286575,24586
106292771,24592
106298934,24588
106305121,24591
106311319,24583
106318152,24590
106324339,24587
106330475,24587
106336620,24587
106342826,24586
106349023,24590
106355240,24589
106361394,24585
106367552,24582
106372969,24582
106378149,24584
106384361,24588
106390492,24589
106396664,24589
106402902,24589
106414523,24588
106420733,24588
106426937,24584
106433085,24589
106439243,24584
106445399,24582
106451598,24585
106457804,24587
106463992,24587
106470179,24587
106476373,24587
106482587,24584
106488835,24588
106494982,24587
106501199,24586
106507376,24581
106513579,24591
106519754,24590
106526562,24585
106532768,24588
106538893,24587
106545011,24590
106551203,24588
106557383,24592
106563547,24588
106569742,24584
106575924,24592
106582051,24581
106588226,24581
106594409,24590
106600590,24590
106606838,24584
106613068,24586
106619240,24585
106625435,24592
106631612,24589
106637828,24588
106643034,24585
106648500,24583
106654727,24584
106660920,24591
106667125,24584
106673304,24583
106684734,24585
106690900,24590
106697075,24588
106703245,24582
106709417,24589
106715563,24583
106721741,24590
106727910,24587
106734644,24586
106740875,24579
106747043,24588
106753251,24587
106766352,24583
106770838,24583
106777135,24581
106783363,24584
106789540,24584
106795784,24585
106801969,24582
106808194,24581
106814370,24583
106820549,24576
106826757,24582
106832964,24584
106839168,24578
106845350,24579
106851483,24585
106857642,24582
106863841,24573
106870035,24580
106876249,24578
106882410,24573
106888647,24582
106894828,24582
106901021,24576
106905815,24580
106911933,24573
106918089,24571
106924250,24575
106930430,24575
106936607,24573
106942856,24576
106955117,24571
106961319,24575
106967528,24570
106973727,24573
106979946,24567
106986164,24579
106992329,24572
106998554,24574
107004752,24574
107010933,24570
107017110,24568
107023330,24571
107029540,24567
107035766,24567
107040959,24567
107047165,24574
107053380,24568
107058822,24573
107065014,24568
107071207,24572
107077403,24573
107088837,24568
107095009,24567
107101275,24567
107107427,24564
107113612,24568
107119811,24563
107125988,24564
107132158,24568
107138378,24567
107144492,24567
107150655,24566
107156871,24563
107163664,24568
107169851,24568
107175277,24566
107181475,24560
107187636,24566
107192837,24566
107199016,24568
107205212,24565
107211379,24565
107223021,24565
107229218,24565
107235414,24565
107241620,24568
107247831,24563
107253984,24562
107260129,24561
107266274,24567
107272509,24563
107278721,24555
107284903,24558
107291097,24562
107297260,24564
107303442,24566
107308663,24562
107314826,24557
107321010,24566
107327170,24563
107332645,24562
107338890,24565
107345056,24561
107351236,24556
107357444,24557
107363610,24557
107369868,24561
107376667,24559
107382874,24563
107389014,24564
107395215,24558
107401435,24565
107407583,24561
107413820,24560
107419989,24563
107426165,24561
107432339,24558
107438534,24557
107443763,24561
107449925,24556
107455350,24554
107461540,24557
107466746,24558
107472927,24561
107479146,24561
107485324,24554
107491474,24558
107497632,24563
107503844,24560
107509978,24557
107516189,24563
107522348,24560
107528466,24559
107534626,24557
107540828,24561
107547009,24558
107553252,24561
107559430,24557
107565604,24556
107571776,24561
107577944,24554
107584765,24554
107590194,24550
107596342,24559
107601581,24564
107607785,24554
107613946,24553
107620190,24553
107626402,24554
107637931,24551
107644091,24559
107650241,24557
107656420,24558
107662570,24557
107668782,24557
107674924,24555
107681051,24557
107687216,24558
107693447,24559
107699590,24549
107705790,24553
107711944,24556
107718128,24560
107723315,24551
107729492,24556
107735688,24556
107741892,24555
107748050,24557
107754281,24554
107760452,24552
107772032,24552
107778194,24554
107784363,24554
107790550,24552
107797315,24548
107803502,24551
107809662,24552
107815856,24550
107822046,24551
107828231,24549
107834406,24551
107840594,24549
107846824,24555
107852050,24550
107857531,24544
107863671,24544
107869870,24550
107876092,24546
107882266,24550
107888449,24552
107894625,24544
107906024,24542
107912214,24539
107918398,24539
107924537,24542
107930748,24542
107936920,24534
107943118,24542
107949353,24536
107955539,24536
107961719,24536
107967918,24544
107974096,24540
107980308,24542
107986489,24540
107992661,24535
107998888,24549
108011886,24540
108018092,24540
108024302,24539
108035725,24530
108041917,24540
108048090,24533
108054298,24536
108060488,24535
108066669,24540
108072919,24537
108079118,24538
108085324,24536
108091461,24532
108097616,24534
108103850,24533
108110023,24540
108116218,24541
108121669,24541
108127880,24534
108133998,24543
108140133,24542
108146317,24535
108152523,24532
108158707,24536
108170138,24530
108176309,24536
108182417,24531
108188599,24531
108194780,24536
108200923,24528
108207094,24533
108213299,24534
108220168,24540
108226382,24533
108232542,24533
108238765,24536
108244949,24530
108251106,24533
108256513,24533
108261716,24538
108267928,24533
108274157,24530
108280371,24533
108286546,24533
108292698,24539
108298887,24538
108305070,24535
108311282,24530
108317434,24537
108323598,24527
108329777,24534
108335953,24530
108342189,24530
108348358,24533
108354535,24535
108360758,24532
108366941,24530
108373121,24529
108379333,24537
108385484,24529
108390913,24527
108396077,24533
108402265,24532
108408398,24531
108414585,24538
108420827,24533
108427561,24533
108433782,24535
108445383,24528
108451545,24524
108457740,24536
108463901,24533
108470041,24535
108476230,24528
108482430,24531
108488593,24531
108494813,24532
108500984,24525
108507147,24534
108513301,24536
108519487,24530
108524700,24532
108530105,24530
108536276,24533
108542472,24532
108548642,24535
108554882,24535
108560996,24531
108567197,24534
108578595,24533
108584748,24534
108590945,24527
108597111,24525
108603303,24534
108609488,24527
108615701,24525
108621951,24529
108628214,24531
108634429,24532
108641320,24524
108647519,24532
108653718,24523
108659193,24525
108665358,24528
108671571,24524
108677795,24525
108683997,24523
108690204,24528
108696392,24519
108701646,24524
108713215,24526
108719384,24523
108725552,24521
108731735,24524
108737939,24524
108744073,24523
108750249,24526
108756458,24516
108762639,24523
108768848,24526
108774973,24522
108781129,24525
108787299,24519
108793451,24525
108799628,24521
108804821,24523
108811028,24519
108817309,24520
108823466,24527
108829655,24518
108835876,24518
108842084,24518
108848925,24512
108855188,24513
108861370,24517
108867529,24517
108873720,24519
108879914,24512
108886158,24515
108892391,24520
108898542,24513
108904694,24518
108910860,24517
108917088,24508
108923305,24519
108929453,24516
108935662,24514
108941110,24516
108947320,24514
108953509,24514
108959669,24517
108965890,24513
108972032,24509
108977250,24518
108988863,24506
108995011,24519
109001210,24516
109007423,24510
109013635,24515
109019871,24508
109026056,24513
109032245,24511
109038411,24512
109044616,24516
109050803,24513
109056957,24516
109063799,24509
109070007,24513
109075205,24514
109081430,24515
109087573,24513
109093836,24511
109100063,24515
109106300,24509
109111781,24515
109123119,24511
109129272,24513
109135442,24509
109141596,24514
109147805,24516
109153994,24513
109160201,24512
109166354,24515
109172473,24508
109178708,24508
109184887,24515
109191043,24511
109197255,24507
109203433,24511
109208856,24514
109215021,24507
109221208,24512
109227377,24509
109233606,24511
109239786,24510
109252576,24516
109258770,24513
109265003,24519
109271234,24513
109278130,24518
109284343,24514
109290495,24509
109296696,24514
109302906,24514
109309088,24506
109315327,24506
109321500,24509
109327709,24510
109333933,24510
109338688,24516
109344895,24512
109351042,24508
109357208,24509
109363448,24509
109369609,24508
109375821,24513
109381983,24510
109393333,24512
109399454,24512
109405601,24512
109411790,24511
109417964,24515
109424134,24513
109430334,24513
109436496,24513
109442708,24506
109448908,24505
109455078,24510
109461295,24512
109467439,24511
109472236,24509
109478429,24514
109485184,24513
109491365,24510
109497564,24511
109503777,24512
109509943,24508
109516146,24517
109527510,24498
109533649,24505
109539843,24504
109546038,24508
109552252,24510
109558403,24508
109564552,24509
109570756,24501
109576930,24514
109583104,24511
109589322,24503
109595431,24506
109601586,24505
109607040,24508
109613212,24505
109619407,24508
109625613,24509
109631847,24501
109638034,24499
109644195,24501
109650410,24502
109661812,24495
109667986,24503
109674185,24502
109680378,24500
109686578,24496
109693271,24500
109699453,24498
109705588,24498
109711783,24505
109717971,24502
109724125,24501
109730348,24504
109736470,24500
109741916,24504
109747122,24508
109753328,24501
109759500,24499
109765690,24496
109771868,24503
109778044,24503
109784232,24502
109795870,24497
109802049,24501
109808255,24494
109814459,24496
109820661,24495
109826883,24495
109833021,24496
109839185,24501
109845358,24495
109851560,24499
109857769,24492
109863974,24499
109870045,24495
109876231,24492
109881403,24498
109887584,24494
109893746,24498
109899923,24498
109906715,24501
109912891,24491
109919096,24494
109930780,24491
109936963,24493
109943152,24490
109949345,24496
109955543,24496
109961755,24495
109967930,24492
109974046,24493
109980206,24500
109986407,24499
109992583,24495
109998725,24491
110004975,24495
110010160,24501
110016359,24501
110022546,24490
110028724,24492
110034935,24494
110041194,24497
110047383,24482
110053579,24493
110065215,24489
110071426,24493
110077623,24488
110082855,24493
110089005,24495
110095216,24491
110101405,24490
110107574,24496
110114302,24490
110120474,24495
110126675,24494
110132826,24490
110138993,24491
110144455,24491
110150674,24490
110156892,24493
110163065,24495
110169218,24496
110175396,24490
110181576,24490
110187778,24497
110199184,24493
110205368,24489
110211542,24491
110217727,24494
110223921,24488
110230058,24492
110236306,24489
110242462,24486
110248608,24487
110254788,24492
110260977,24495
110267198,24490
110273428,24488
110278849,24496
110285001,24490
110290191,24492
110296384,24492
110302523,24493
110308669,24494
110314893,24493
110321090,24490
110333309,24485
110339482,24484
110345680,24485
110351876,24488
110358028,24483
110364154,24487
110370331,24482
110376470,24485
110382628,24485
110388809,24484
110394969,24484
110401142,24485
110407344,24485
110413547,24484
110419724,24484
110424993,24490
110431175,24488
110437390,24485
110443496,24490
110449647,24485
110455860,24483
110461997,24489
110468211,24478
110474393,24478
110480530,24477
110486747,24477
110499575,24478
110505841,24476
110512082,24484
110518318,24479
110524480,24478
110530656,24481
110536850,24481
110543726,24484
110549165,24476
110554381,24476
110560526,24476
110566732,24478
110572933,24482
110579095,24481
110585306,24482
110591459,24478
110603071,24475
110609269,24475
110615490,24471
110621688,24478
110627896,24470
110633136,24477
110639346,24472
110645481,24473
110651674,24473
110657900,24479
110664042,24476
110670204,24476
110676403,24473
110682569,24473
110688759,24470
110694962,24473
110701139,24476
110707352,24472
110713457,24474
110719659,24463
110725853,24471
110737466,24468
110743668,24472
110749873,24462
110756681,24474
110762901,24475
110768135,24474
110774365,24473
110780470,24470
110786661,24468
110792855,24472
110799017,24470
110805179,24475
110811392,24467
110817585,24470
110823014,24478
110828217,24476
110834448,24479
110840660,24470
110846834,24471
110853014,24468
110859194,24478
110865383,24468
110871537,24470
110877740,24468
110883931,24468
110890125,24468
110896322,24468
110902470,24466
110907894,24473
110914110,24473
110920307,24464
110926503,24470
110932698,24470
110938925,24467
110945138,24472
110951301,24470
110957548,24472
110963663,24463
110969879,24472
110976064,24465
110982251,24468
110988462,24467
110994652,24464
111000895,24469
111012309,24476
111018541,24475
111024719,24466
111030903,24472
111037113,24468
111042580,24468
111048777,24475
111055003,24463
111061180,24470
111067339,24471
111073519,24468
111079715,24469
111085926,24472
111091109,24470
111097324,24472
111103495,24478
111109672,24470
111115873,24471
111122056,24472
111128279,24473
111134433,24474
111146011,24466
111152189,24474
111158371,24477
111164541,24476
111170781,24475
111176958,24472
111183099,24476
111189280,24477
111195434,24474
111201603,24477
111207840,24473
111213990,24475
111220189,24470
111226379,24474
111231608,24470
111237805,24475
111243960,24478
111250113,24475
111256320,24473
111262497,24469
111268684,24473
111280359,24470
111286561,24473
111292782,24474
111299043,24470
111305206,24467
111311400,24471
111317597,24470
111323829,24469
111329976,24472
111336132,24470
111342300,24475
111348472,24474
111354668,24475
111360895,24474
111366122,24472
111372338,24472
111378469,24468
111385269,24469
111391452,24474
111397644,24474
111403845,24468
111415440,24467
111421646,24469
111427896,24463
111434047,24469
111440207,24475
111446388,24469
111451563,24470
111457724,24462
111463938,24463
111470121,24460
111476341,24472
111482544,24470
111488692,24467
111494897,24460
111500323,24469
111506517,24464
111512669,24469
111518885,24468
111525046,24463
111531207,24462
111537382,24463
111548807,24460
111554967,24471
111561140,24462
111567331,24461
111573475,24465
111579651,24462
111585848,24457
111592607,24464
111598818,24466
111605009,24461
111611166,24470
111617413,24461
111623534,24467
111629680,24462
111635114,24467
111640309,24462
111646467,24462
111652609,24462
111658782,24462
111664970,24468
111671173,24463
111677360,24470
111683513,24468
111689712,24459
111695915,24466
111702096,24457
111708328,24461
111714502,24460
111720642,24465
111726817,24467
111732977,24464
111745757,24462
111751973,24468
111758291,24464
111764456,24467
111769870,24457
111776035,24464
111782190,24458
111788377,24468
111794569,24463
111800784,24465
111807028,24464
111819216,24464
111825456,24464
111831689,24463
111837950,24472
111844221,24467
111850442,24468
111856623,24469
111862847,24467
111869098,24469
111875344,24467
111881561,24466
111887793,24471
111894046,24468
111900270,24466
111905058,24469
111911254,24467
111917382,24466
111923605,24472
111929836,24468
111935993,24464
111942126,24468
111953550,24472
111959759,24466
111965965,24473
111972140,24475
111978353,24473
111984524,24475
111990687,24474
111996862,24469
112003037,24468
112009237,24478
112015467,24470
112022283,24472
112028470,24476
112034653,24473
112039433,24470
112045627,24472
112051807,24469
112057986,24467
112064109,24466
112070238,24472
112076419,24472
112087826,24479
112093989,24483
112100206,24474
112106429,24481
112112587,24481
112118724,24475
112124908,24477
112131082,24480
112137317,24472
112143453,24470
112149627,24476
112155814,24474
112161998,24482
112168165,24477
112172947,24479
112179062,24476
112185210,24476
112191339,24474
112197514,24476
112203665,24479
112209910,24481
112216077,24475
112222237,24473
112228980,24474
112235177,24471
112241337,24470
112247536,24479
112253660,24470
112259863,24465
112266048,24473
112272207,24477
112278406,24478
112284605,24473
112290791,24477
112297008,24474
112303182,24473
112307622,24472
112313782,24474
112319931,24479
112326119,24471
112332343,24478
112338486,24468
112344664,24477
112356363,24470
112362554,24468
112368813,24469
112375001,24468
112381116,24472
112387283,24466
112393466,24466
112399672,24473
112405870,24473
112411079,24470
112417316,24473
112423491,24473
112429658,24473
112435864,24471
112442027,24467
112448243,24469
112454417,24466
112460540,24471
112466719,24469
112472864,24469
112479056,24478
112490740,24470
112496949,24472
112503159,24471
112509342,24470
112515543,24475
112521714,24474
112527921,24473
112534112,24467
112540320,24467
112545524,24468
112551720,24468
112557943,24470
112564123,24473
112570365,24467
112576512,24472
112581974,24470
112588117,24468
112594315,24466
112600504,24466
112606684,24470
112612903,24475
112619073,24475
112625288,24475
112631503,24467
112637695,24471
112643901,24476
112650696,24473
112656911,24476
112663054,24470
112669239,24475
112675450,24476
112680671,24474
112686887,24470
112693094,24474
112699294,24470
112705455,24470
112711650,24479
112716426,24472
112722613,24469
112728799,24471
112734970,24473
112741123,24477
112747292,24475
112753507,24474
112764909,24481
112771133,24481
112777354,24474
112783509,24480
112789693,24476
112795878,24479
112802040,24480
112808227,24474
112814455,24475
112820625,24477
112826833,24479
112833006,24485
112839172,24475
112845394,24478
112850778,24478
112857537,24478
112863716,24476
112869932,24478
112876105,24480
112882246,24481
112888333,24482
112899725,24482
112905933,24478
112912128,24481
112918367,24487
112924534,24487
112930698,24481
112936916,24481
112943102,24476
112949329,24484
112954801,24479
112961003,24484
112967156,24484
112973371,24485
112979555,24483
112992344,24482
112998539,24486
113004718,24481
113010894,24488
113017083,24486
113023321,24483
113029471,24485
113035638,24491
113041825,24487
113047988,24486
113054178,24482
113060384,24486
113066520,24491
113073244,24486
113079456,24486
113084913,24482
113091088,24484
113097271,24490
113103472,24489
113109678,24486
113115861,24484
113120283,24483
113126499,24482
113132683,24486
113138875,24488
113145044,24481
113151250,24489
113157451,24485
113163632,24480
113169827,24490
113176030,24488
113182259,24483
113188495,24489
113194680,24487
113200879,24481
113207033,24487
113213256,24485
113219484,24482
113225620,24480
113231846,24477
113238034,24476
113244264,24489
113250453,24482
113255230,24484
113261368,24483
113267547,24483
113273713,24477
113279928,24491
113286845,24479
113293018,24484
113304375,24485
113310526,24486
113316705,24491
113322954,24484
113329105,24484
113335310,24484
113341464,24486
113347619,24483
113353778,24487
113360008,24479
113366235,24487
113372452,24485
113378642,24487
113384850,24488
113389610,24484
113395795,24486
113401989,24486
113408130,24482
113414315,24490
113420487,24489
113426689,24491
113438115,24489
113444365,24491
113450516,24489
113456683,24486
113462868,24492
113469020,24488
113475183,24489
113481383,24490
113487542,24488
113494367,24487
113500582,24494
113506744,24493
113512941,24485
113519154,24491
113523952,24487
113530076,24489
113536209,24492
113542388,24493
113548573,24488
113554805,24493
113560995,24488
113572371,24497
113578520,24499
113584717,24492
113590942,24490
113597151,24489
113603359,24491
113609516,24492
113615666,24495
113621871,24493
113628040,24498
113634260,24501
113640417,24493
113646573,24495
113652762,24498
113657541,24498
113663711,24499
113669930,24493
113676079,24498
113682281,24496
113688442,24498
113694639,24498
113706588,24505
113712757,24503
113718956,24498
113725165,24497
113731355,24498
113737493,24501
113743682,24503
113749866,24502
113756031,24500
113762228,24501
113768437,24505
113774584,24503
113780738,24505
113786901,24504
113792340,24497
113798541,24497
113804716,24504
113810949,24508
113817069,24502
113823202,24499
113829395,24505
113835593,24500
113841821,24506
113848020,24511
113854213,24510
113860386,24511
113866577,24511
113872711,24519
113878933,24516
113885163,24518
113891369,24507
113897571,24518
113903831,24504
113910676,24513
113916882,24512
113922077,24514
113927504,24521
113932714,24516
113938905,24512
113945117,24515
113951326,24508
113957557,24511
113963732,24514
113969906,24512
113976077,24502
113982283,24510
113988473,24510
113994655,24513
114000850,24507
114007011,24511
114013249,24512
114019472,24513
114025641,24513
114031842,24512
114038030,24514
114044273,24522
114050462,24510
114055888,24512
114061088,24516
114066563,24512
114072727,24510
114078998,24511
114085151,24515
114091314,24512
114097514,24508
114103698,24506
114109896,24509
114116019,24501
114122829,24509
114129012,24507
114135150,24516
114141348,24515
114147561,24502
114153802,24508
114160040,24505
114166216,24507
114172396,24511
114178563,24510
114184755,24510
114190950,24505
114196159,24508
114201622,24508
114207856,24508
114214051,24511
114220256,24506
114226449,24512
114239332,24511
114245579,24512
114251831,24508
114258048,24515
114264174,24516
114270366,24517
114276570,24512
114282807,24508
114289040,24513
114295220,24509
114301408,24511
114307638,24512
114313887,24513
114320121,24512
114325312,24513
114330745,24515
114336977,24511
114343862,24514
114350070,24510
114356340,24510
114362602,24510
114368853,24510
114375076,24516
114386451,24520
114392676,24509
114398859,24520
114405023,24520
114411179,24516
114417404,24511
114423616,24518
114429861,24514
114436125,24517
114442304,24520
114448491,24521
114454686,24523
114460124,24516
114465377,24515
114470800,24517
114476999,24516
114483117,24523
114489326,24524
114495453,24518
114501657,24516
114507873,24515
114519245,24527
114525433,24524
114531606,24520
114537805,24523
114543938,24517
114550701,24519
114556970,24521
114563179,24521
114569438,24523
114575577,24518
114581764,24521
114587998,24520
114593443,24524
114598672,24521
114604069,24528
114610256,24523
114616457,24526
114622653,24523
114628867,24522
114635072,24521
114641233,24528
114647454,24527
114653630,24527
114659863,24526
114666038,24530
114672155,24531
114678346,24525
114684537,24533
114690708,24520
114696956,24528
114703112,24531
114709283,24533
114715476,24532
114721660,24534
114727867,24538
114734055,24532
114739220,24528
114745402,24536
114751582,24532
114757760,24528
114764477,24535
114770661,24529
114776865,24536
114783035,24531
114794730,24541
114800954,24536
114807097,24534
114813246,24541
114819439,24539
114825631,24542
114831849,24542
114838036,24543
114844229,24538
114850434,24542
114856597,24536
114862760,24541
114868004,24539
114873391,24541
114878933,24540
114885096,24543
114891286,24541
114897449,24540
114903637,24546
114909851,24546
114916080,24543
114922221,24547
114928377,24541
114934573,24542
114940741,24538
114946973,24535
114953145,24536
114959314,24539
114965512,24540
114972298,24539
114978525,24542
114984687,24542
114990942,24540
114997095,24547
115002276,24539
115007717,24540
115013227,24537
115019410,24545
115025626,24533
115031836,24540
115038039,24539
115044163,24541
115050351,24544
115056577,24543
115062786,24543
115069002,24539
115075118,24545
115081291,24536
115087470,24544
115093659,24541
115099930,24545
115106055,24544
115112216,24541
115118410,24545
115124626,24545
115130857,24544
115136119,24544
115142329,24538
115147104,24540
115153308,24541
115159500,24544
115165696,24543
115171911,24545
115178071,24540
115184843,24541
115191055,24546
115202474,24546
115208628,24548
115214781,24544
115221005,24548
115227155,24546
115233397,24542
115239596,24546
115245793,24544
115251980,24551
115258163,24542
115264408,24542
115270579,24542
115276729,24544
115281518,24541
115287725,24548
115293948,24548
115300120,24546
115306248,24544
115312429,24551
115318615,24551
115324791,24547
115330963,24548
115337116,24551
115343309,24554
115349493,24550
115355732,24548
115361961,24553
115368103,24553
115374268,24552
115380491,24552
115386657,24551
115393480,24553
115399707,24555
115405919,24554
115411143,24551
115415975,24554
115422180,24554
115428337,24552
115434558,24554
115440743,24558
115446954,24549
115453093,24551
115459242,24557
115465408,24552
115483418,24550
115489601,24551
115495861,24560
115502039,24560
115508229,24556
115514458,24559
115520636,24555
115526802,24559
115533019,24557
115539187,24559
115544670,24554
115550248,24554
115556433,24559
115562634,24560
115568811,24560
115575053,24557
115581252,24563
115587450,24555
115593607,24555
115599834,24559
115606036,24564
115612885,24562
115619052,24569
115625172,24570
115631345,24565
115637528,24561
115643753,24564
115649966,24568
115656132,24570
115662294,24568
115668495,24561
115674687,24561
115679143,24565
115684563,24569
115690751,24566
115696987,24567
115703216,24563
115709407,24567
115715628,24567
115721794,24565
115727989,24565
115734129,24567
115745476,24573
115751644,24575
115757825,24571
115764024,24575
115770212,24575
115776420,24571
115782562,24575
115788701,24569
115794913,24576
115801114,24572
115807331,24572
115812733,24573
115818761,24571
115824299,24573
115830452,24572
115836652,24573
115842846,24569
115849033,24573
115855170,24577
115861374,24571
115867563,24572
115873742,24569
115879958,24576
115886112,24577
115892302,24578
115898497,24579
115904717,24571
115910980,24576
115917195,24573
115923374,24571
115929563,24573
115935739,24580
115941970,24572
115947136,24571
115952584,24576
115957812,24579
115964051,24577
115970219,24574
115976410,24571
115982555,24579
115988719,24576
115994876,24575
116001061,24576
116007257,24573
116013455,24567
116019612,24584
116025803,24574
116032603,24577
116038802,24576
116044966,24579
116051137,24572
116057361,24580
116063501,24575
116069653,24575
116075817,24578
116081979,24582
116087422,24583
116092629,24580
116098821,24567
116105055,24577
116111276,24583
116117487,24576
116123693,24576
116129881,24572
116136044,24577
116142154,24579
116148396,24578
116160084,24578
116166260,24574
116172471,24581
116178668,24579
116184937,24580
116191097,24575
116197238,24576
116203398,24585
116209556,24576
116215727,24579
116220200,24577
116226413,24582
116231873,24583
116238633,24584
116244895,24577
116251072,24583
116257216,24576
116263375,24573
116269536,24584
116275709,24579
116281923,24583
116288098,24578
116294254,24587
116300469,24582
116306645,24577
116312881,24585
116319100,24583
116325268,24583
116331429,24580
116337615,24582
116343778,24579
116349981,24584
116354452,24582
116360666,24578
116366072,24578
116372268,24585
116378445,24578
116384637,24583
116390800,24581
116397019,24579
116403169,24583
116409363,24583
116415546,24582
116421736,24579
116427986,24582
116434211,24576
116440439,24584
116447294,24587
116453586,24585
116459842,24585
116466053,24586
116472299,24588
116478465,24587
116484675,24588
116489083,24583
116495263,24584
116500752,24587
116506977,24589
116513145,24581
116519295,24581
116525465,24585
116531646,24589
116537847,24584
116544057,24585
116550217,24594
116556405,24583
116567814,24590
116574002,24591
116580158,24589
116586412,24589
116592558,24590
116598700,24592
116604871,24598
116611071,24589
116617272,24587
116622765,24596
116628982,24593
116635143,24592
116641341,24591
116647550,24590
116653750,24593
116660534,24589
116666679,24589
116672882,24589
116679059,24594
116685231,24591
116691399,24590
116702788,24595
116708984,24598
116715136,24595
116728156,24593
116734352,24596
116740611,24595
116746769,24598
116751967,24597
116757409,24606
116763610,24596
116769786,24598
116775991,24591
116782169,24598
116788346,24595
116794503,24602
116800702,24599
116806933,24598
116813088,24597
116819244,24601
116825466,24600
116831675,24595
116837905,24599
116844076,24595
116850265,24594
116856472,24593
116862661,24592
116868812,24593
116875609,24601
116881769,24599
116886979,24598
116892426,24594
116898609,24596
116904835,24589
116910055,24592
116916283,24593
116922503,24596
116928635,24600
116934805,24592
116940975,24588
116947144,24597
116953337,24596
116959488,24595
116965665,24591
116971836,24597
116978009,24597
116984199,24593
116990413,24596
116996528,24591
117002674,24595
117008858,24592
117015011,24595
117021177,24591
117026626,24595
117032870,24591
117039055,24591
117045241,24594
117051424,24592
117057637,24597
117063861,24594
117070062,24599
117076184,24599
117082993,24605
117089168,24596
117095360,24592
117101548,24592
117112950,24597
117119084,24597
117125228,24593
117131435,24592
117137551,24599
117143700,24590
117149902,24597
117156125,24603
117160938,24596
117167125,24600
117173283,24596
117179450,24596
117185654,24597
117191865,24588
117198081,24592
117204270,24590
117210460,24596
117216614,24592
117222818,24594
117229053,24602
117235246,24596
117246609,24593
117252773,24597
117258976,24592
117265145,24590
117271303,24600
117277512,24597
117283608,24598
117290356,24594
117295196,24600
117301414,24599
117307628,24597
117313831,24599
117320046,24600
117326162,24595
117332383,24597
117338552,24595
117344711,24600
117350900,24598
117357069,24598
117363235,24593
117369453,24596
117380874,24600
117387093,24600
117393297,24597
117399499,24601
117405667,24598
117411822,24601
117418021,24599
117424186,24603
117429676,24599
117435879,24604
117442093,24597
117448263,24595
117454399,24599
117460589,24598
117465801,24593
117471975,24599
117478156,24603
117484378,24594
117490580,24599
117496761,24596
117503546,24604
117515171,24597
117521371,24603
117527528,24603
117533717,24607
117539934,24603
117546103,24606
117552311,24607
117558497,24607
117563724,24608
117569959,24609
117576167,24608
117582390,24604
117588561,24611
117594689,24606
117600881,24605
117607083,24611
117613306,24603
117619515,24610
117625675,24610
117631858,24607
117638052,24606
117649675,24609
117655905,24608
117662097,24612
117668250,24607
117674423,24607
117680571,24614
117686730,24607
117692978,24606
117698193,24613
117704415,24605
117711182,24606
117717435,24607
117723615,24609
117729817,24612
117736019,24606
117741445,24608
117747640,24608
117753807,24608
117760012,24614
117766156,24604
117772351,24614
117783718,24608
117789984,24609
117796175,24607
117802402,24613
117808581,24611
117814769,24604
117820981,24607
117827172,24604
117833386,24616
117839534,24609
117844984,24606
117851144,24601
117857287,24603
117863442,24601
117869665,24608
117875886,24610
117882090,24606
117888230,24601
117894419,24605
117900593,24600
117906742,24604
117918200,24602
117925039,24610
117931215,24610
117937420,24610
117943584,24605
117949742,24601
117955929,24609
117962113,24607
117974309,24602
117980524,24608
117986756,24600
117992994,24602
117999191,24607
118005432,24606
118011596,24607
118017792,24601
118023951,24604
118030131,24607
118036378,24605
118047992,24600
118054190,24608
118060374,24611
118066554,24608
118072729,24608
118078956,24604
118085131,24604
118091314,24609
118097515,24609
118103732,24607
118108149,24608
118114350,24602
118120519,24609
118126713,24603
118132907,24607
118139661,24601
118145838,24607
118152044,24605
118158222,24608
118164432,24601
118170588,24601
118176763,24605
118182959,24610
118189124,24608
118195364,24604
118201546,24592
118207716,24607
118213904,24604
118220063,24610
118226258,24605
118232476,24607
118238632,24601
118243396,24597
118249575,24602
118255731,24602
118261988,24607
118268174,24599
118274335,24606
118280505,24605
118286694,24600
118292934,24605
118299093,24607
118305315,24603
118316677,24601
118322862,24608
118329057,24607
118335248,24605
118341456,24599
118348173,24611
118354381,24606
118360546,24606
118366722,24605
118372948,24604
118377723,24606
118383931,24606
118390096,24607
118396242,24605
118402428,24608
118408614,24609
118414764,24604
118421009,24606
118427187,24610
118433385,24609
118439605,24608
118445770,24610
118452003,24608
118458170,24606
118464307,24605
118470478,24610
118476667,24610
118482872,24615
118489077,24611
118495256,24615
118501412,24613
118507571,24615
118512027,24613
118518218,24606
118524446,24610
118530621,24611
118536813,24608
118543002,24610
118549203,24609
118556104,24612
118562348,24606
118567805,24614
118574026,24616
118580178,24617
118586350,24610
118592503,24611
118598668,24613
118604834,24614
118611037,24615
118617172,24609
118623361,24611
118629549,24614
118635724,24614
118641944,24608
118646391,24621
118652614,24611
118658794,24617
118664957,24621
118671155,24608
118677342,24611
118683531,24615
118689649,24616
118695845,24619
118702058,24616
118708218,24611
118714420,24612
118726013,24606
118732160,24613
118738358,24611
118744507,24606
118750669,24604
118756902,24609
118763088,24608
118769950,24612
118776110,24611
118780524,24616
118786694,24612
118792838,24621
118799028,24613
118805204,24614
118811439,24618
118817565,24614
118823770,24611
118829998,24611
118836165,24617
118842387,24610
118848547,24614
118860111,24612
118866267,24608
118872482,24605
118878685,24608
118884922,24612
118891087,24612
118897214,24602
118903395,24610
118909600,24609
118914045,24612
118920221,24608
118926453,24611
118932616,24612
118938785,24614
118944997,24613
118951163,24610
118957380,24603
118963536,24610
118969695,24608
118976518,24610
118982681,24605
118988876,24606
118995063,24611
119001271,24605
119007480,24610
119013579,24607
119019746,24607
119025930,24610
119032119,24609
119038345,24608
119044539,24605
119049279,24611
119055451,24604
119061616,24608
119067752,24610
119073976,24603
119080122,24609
119086334,24611
119092511,24610
119098753,24613
119104949,24606
119111117,24606
119117287,24613
119123453,24612
119134872,24607
119141058,24610
119147207,24603
119153434,24605
119159602,24605
119165775,24600
119171963,24604
119178144,24604
119184207,24607
119190379,24602
119196543,24601
119202756,24604
119208951,24598
119221739,24605
119228048,24596
119234291,24605
119240498,24605
119246697,24610
119252906,24610
119264325,24603
119270511,24602
119276652,24598
119282833,24601
119289037,24601
119295224,24609
119301463,24607
119307655,24601
119313088,24602
119318279,24611
119324488,24602
119330637,24605
119336824,24605
119343032,24608
119349198,24601
119355444,24597
119361639,24602
119367825,24603
119374008,24606
119380175,24603
119386382,24608
119392543,24601
119399271,24606
119405499,24599
119411683,24604
119417842,24611
119424027,24611
119430203,24607
119436439,24601
119442606,24607
119448044,24610
119453238,24610
119459425,24604
119465553,24600
119471699,24609
119477862,24604
119484022,24598
119490184,24601
119496406,24602
119502624,24600
119508797,24597
119514991,24607
119521166,24608
119527339,24603
119537999,24602
119544167,24610
119550338,24606
119556534,24606
119562705,24608
119568885,24602
119575096,24610
119581364,24603
119586826,24605
119593036,24605
119599147,24610
119605292,24607
119612111,24599
119618253,24599
119624444,24605
119630659,24604
119636847,24606
119643038,24607
119649178,24609
119655385,24601
119661519,24608
119672107,24601
119678317,24608
119684551,24606
119690765,24602
119696952,24603
119703115,24603
119709257,24604
119715443,24602
119721594,24604
119727731,24598
119733934,24598
119740125,24602
119746326,24596
119752516,24597
119758667,24601
119764834,24598
119771001,24600
119777192,24597
119783428,24604
119789655,24601
119795844,24607
119806752,24599
119812941,24602
119819689,24601
119825941,24605
119832130,24604
119838311,24599
119844458,24598
119850659,24603
119855899,24599
119861367,24601
119867531,24597
119873707,24598
119879925,24597
119886123,24599
119892305,24598
119898502,24597
119904740,24594
119910975,24601
119917205,24595
119923388,24604
119929537,24599
119935743,24600
119946409,24597
119952599,24606
119958790,24602
119965014,24590
119971174,24604
119977360,24601
119983535,24598
119989742,24604
119995973,24600
120002161,24596
120008319,24595
120014479,24598
120020650,24594
120026845,24600
120033667,24603
120039854,24603
120046086,24598
120052205,24600
120058382,24596
120064542,24599
120075161,24597
120081372,24598
120087581,24600
120093806,24604
120100016,24601
120106214,24606
120112454,24605
120118592,24601
120124756,24599
120130185,24598
120135320,24603
120141524,24598
120147656,24604
120153858,24595
120160059,24608
120166267,24600
120172477,24602
120178616,24601
120184823,24602
120191034,24600
120197187,24596
120203371,24596
120214288,24600
120220455,24598
120226661,24601
120232840,24601
120239642,24604
120245814,24600
120252021,24599
120258165,24595
120264327,24602
120269522,24607
120275634,24601
120281786,24599
120287963,24592
120294144,24603
120300405,24603
120306567,24603
120312727,24596
120318911,24600
120325097,24601
120331275,24603
120337460,24597
120348451,24601
120354660,24607
120360869,24598
120367116,24596
120373295,24599
120379497,24603
120385690,24603
120391873,24601
120398098,24600
120403282,24598
120408731,24595
120414948,24607
120421131,24607
120427282,24602
120433449,24605
120439658,24601
120445848,24603
120452644,24605
120465446,24606
120471632,24600
120477938,24600
120484120,24595
120490286,24607
120496520,24598
120502675,24602
120508845,24605
120515035,24601
120521234,24605
120527481,24601
120532879,24600
120538089,24608
120544277,24598
120550457,24601
120556659,24607
120562830,24599
120569019,24604
120575201,24600
120581420,24600
120587604,24602
120593775,24602
120599956,24598
120606168,24604
120617803,24594
120623018,24598
120629188,24590
120635402,24599
120641544,24600
120647700,24593
120653879,24596
120660105,24599
120666916,24599
120671741,24597
120677927,24601
120684121,24599
120690297,24589
120696505,24597
120702711,24591
120708929,24595
120715147,24594
120721316,24598
120727477,24600
120733686,24595
120739907,24595
120751332,24593
120756788,24596
120762974,24590
120769140,24595
120775317,24589
120781514,24593
120787700,24594
120793906,24598
120800114,24596
120805282,24589
120811497,24598
120817604,24596
120823793,24596
120829981,24595
120836183,24595
120842403,24592
120848607,24591
120854765,24596
120861001,24594
120867189,24588
120873379,24599
120880164,24593
120886363,24591
120891816,24592
120898044,24588
120904203,24593
120910417,24588
120916613,24593
120922802,24590
120929037,24583
120935194,24590
120940391,24596
120945795,24594
120952034,24594
120958211,24590
120964383,24585
120970551,24596
120976800,24592
120983031,24598
120989180,24594
120995335,24590
121001516,24598
121007689,24591
121013881,24590
121020092,24588
121026197,24587
121032345,24590
121038513,24590
121044708,24595
121050957,24588
121057132,24589
121063304,24590
121069465,24588
121074670,24591
121080066,24588
121086943,24597
121093122,24588
121099285,24591
121105468,24590
121111649,24594
121117843,24588
121124063,24597
121130226,24593
121136399,24594
121142537,24595
121148719,24585
121154947,24591
121166360,24593
121172546,24591
121178694,24591
121184882,24592
121191088,24591
121197296,24586
121203548,24594
121208962,24593
121214159,24595
121220349,24589
121226529,24590
121232687,24596
121238844,24595
121245030,24593
121251199,24595
121257405,24592
121263568,24591
121269705,24588
121275869,24593
121282038,24595
121288225,24599
121300598,24597
121306737,24596
121312908,24596
121319086,24594
121325304,24598
121331488,24596
121337623,24599
121343052,24599
121349197,24596
121355374,24602
121361544,24598
121367751,24600
121373946,24603
121380160,24601
121386319,24594
121392509,24594
121398715,24600
121404911,24599
121411103,24601
121417292,24604
121423452,24599
121434824,24593
121441017,24596
121447211,24596
121453385,24599
121459566,24595
121465686,24593
121471829,24593
121477255,24593
121483390,24595
121488563,24594
121494739,24598
121500923,24603
121507680,24596
121513856,24598
121520043,24600
121526189,24594
121532414,24597
121538611,24593
121544801,24594
121551017,24594
121557202,24598
121563438,24599
121569604,24588
121575773,24593
121581981,24592
121588147,24589
121594343,24591
121600563,24591
121606738,24590
121612144,24587
121618284,24590
121623466,24590
121629622,24592
121635791,24593
121641974,24591
121648193,24591
121654408,24591
121660578,24590
121666728,24590
121672893,24590
121679071,24592
121685223,24589
121691471,24589
121697620,24593
121710694,24584
121715919,24588
121722711,24585
121728957,24587
121735141,24588
121741291,24585
121747514,24588
121752932,24586
121759110,24584
121765276,24587
121771470,24589
121777685,24589
121783874,24593
121790114,24590
121796278,24586
121802427,24587
121808612,24591
121814797,24593
121821030,24593
121827198,24589
121833356,24586
121844758,24586
121850164,24584
121856372,24585
121862568,24587
121868760,24591
121874981,24590
121880187,24586
121886387,24582
121892525,24588
121898646,24591
121904850,24586
121911075,24583
121917243,24588
121923470,24589
121930205,24583
121936513,24585
121942636,24592
121948819,24586
121955055,24589
121961201,24587
121967404,24586
121979064,24585
121984277,24589
121990479,24589
121996660,24588
122002857,24585
122009073,24589
122015245,24587
122021437,24578
122026839,24586
122033076,24588
122039263,24583
122045498,24581
122051705,24586
122057893,24589
122064110,24577
122070282,24578
122076444,24585
122082603,24587
122088805,24589
122095054,24581
122101213,24586
122112579,24588
122118760,24589
122124986,24585
122131159,24590
122137374,24584
122144243,24590
122150470,24584
122155872,24588
122161090,24587
122167277,24586
122173472,24588
122179633,24589
122185795,24585
122191972,24588
122198170,24581
122204372,24582
122210572,24588
122216677,24591
122222851,24589
122229042,24590
122235209,24585
122246929,24582
122253130,24586
122259304,24590
122265526,24594
122271719,24594
122277896,24595
122284074,24590
122289266,24589
122295452,24588
122301581,24586
122307695,24593
122313853,24590
122320067,24588
122326221,24590
122332437,24584
122338613,24587
122344762,24584
122351485,24588
122357677,24590
122363849,24586
122370043,24588
122381668,24585
122387851,24591
122394078,24583
122399311,24587
122405511,24586
122411737,24583
122417887,24588
122423408,24587
122429565,24589
122434787,24587
122440971,24584
122447183,24583
122453358,24584
122459567,24587
122465719,24595
122471868,24589
122478061,24587
122484222,24587
122490423,24583
122496581,24587
122502720,24586
122508898,24585
122520534,24586
122526726,24583
122532935,24584
122538141,24587
122544302,24587
122550483,24576
122556617,24583
122562070,24584
122568936,24585
122574166,24585
122580372,24581
122586583,24586
122592769,24587
122598958,24578
122605098,24575
122611266,24578
122617464,24584
122623614,24588
122629757,24583
122635890,24581
122642125,24584
122653747,24583
122659952,24582
122666169,24582
122672322,24584
122678500,24582
122684702,24582
122690846,24583
122696101,24582
122702311,24590
122707806,24589
122714012,24582
122720201,24583
122726361,24584
122732525,24588
122738700,24586
122744862,24581
122751066,24589
122757205,24583
122763383,24590
122769564,24584
122776384,24586
122787847,24588
122794057,24586
122800237,24581
122806444,24584
122812578,24585
122818711,24587
122824852,24586
122830260,24584
122836470,24586
122841651,24583
122847822,24586
122854023,24586
122860243,24586
122866474,24588
122872626,24585
122878801,24585
122884976,24586
122891149,24584
122897331,24595
122903527,24589
122909682,24582
122915822,24585
122922038,24587
122928234,24589
122934454,24587
122940593,24592
122953364,24589
122958826,24586
122965072,24587
122970237,24588
122976484,24591
122982649,24587
122988859,24594
122995629,24588
123001776,24587
123007963,24588
123014162,24592
123020424,24594
123026592,24587
123032720,24587
123038866,24585
123045037,24587
123051207,24590
123057420,24584
123063631,24591
123069801,24595
123076020,24589
123082200,24589
123087633,24589
123092856,24597
123099026,24589
123105219,24596
123111455,24589
123117592,24590
123123792,24592
123129977,24595
123136155,24600
123142333,24593
123148511,24587
123154664,24588
123160848,24590
123167030,24589
123173225,24595
123179434,24591
123185591,24589
123191731,24590
123197921,24595
123204677,24594
123210856,24592
123217036,24598
123222476,24597
123227660,24593
123233805,24592
123239216,24594
123245411,24593
123251607,24598
123257781,24600
123263980,24590
123270131,24584
123276226,24596
123282383,24598
123288570,24591
123294759,24596
123300952,24589
123307163,24590
123313270,24588
123319465,24591
123330866,24596
123337115,24590
123343273,24587
123349467,24586
123355617,24591
123361073,24589
123366267,24589
123372501,24587
123377887,24596
123384104,24579
123390227,24590
123396423,24590
123402601,24586
123408802,24592
123415581,24589
123421789,24589
123428004,24592
123434171,24591
123440270,24590
123446408,24593
123452595,24590
123458790,24590
123470246,24589
123476427,24584
123482586,24591
123488721,24586
123494879,24588
123500334,24589
123506523,24585
123511720,24584
123517900,24586
123524109,24593
123530271,24589
123536507,24592
123542649,24585
123548789,24584
123554985,24586
123561127,24580
123567307,24584
123573519,24586
123579678,24585
123585859,24585
123592053,24587
123603613,24583
123609809,24584
123616023,24588
123622202,24581
123629077,24585
123634284,24585
123639750,24590
123645964,24585
123652160,24587
123658287,24583
123664463,24587
123670617,24588
123676814,24585
123682976,24587
123689170,24585
123695299,24584
123701477,24582
123707666,24590
123713862,24585
123720094,24591
123726265,24591
123737630,24583
123743791,24586
123749994,24593
123756174,24586
123762396,24584
123768590,24587
123774079,24580
123780268,24585
123785492,24587
123791650,24582
123797822,24590
123803974,24590
123810163,24585
123816347,24584
123822532,24587
123828656,24586
123835376,24589
123841597,24582
123847750,24590
123853912,24583
123860099,24592
123871758,24590
123877973,24594
123884159,24587
123890269,24591
123896440,24590
123902655,24583
123908843,24591
123915069,24587
123920264,24594
123926488,24590
123932642,24599
123938833,24587
123945011,24592
123951164,24593
123957325,24587
123963552,24592
123969714,24590
123975888,24591
123982073,24594
123988239,24588
123994413,24589
124000639,24592
124006784,24596
124012994,24600
124019188,24594
124025372,24601
124031568,24600
124037718,24595
124043140,24595
124049324,24597
124054544,24593
124060711,24590
124066879,24598
124073072,24587
124079227,24590
124085423,24597
124091654,24600
124097825,24594
124104027,24595
124110218,24593
124116415,24597
124122649,24596
124128821,24596
124135026,24600
124146676,24602
124152858,24606
124159099,24601
124165245,24596
124171450,24594
124176653,24596
124182818,24604
124194795,24602
124201019,24602
124207249,24597
124213479,24597
124219613,24603
124225772,24593
124231948,24599
124238125,24597
124244330,24607
124250583,24604
124256826,24602
124263700,24603
124275526,24603
124281678,24601
124287849,24600
124294090,24599
124300224,24591
124306413,24599
124312605,24598
124317869,24601
124323393,24599
124329578,24591
124335823,24597
124342054,24595
124348188,24597
124354371,24596
124360524,24591
124366709,24597
124372887,24596
124379120,24596
124385249,24596
124391401,24597
124397579,24596
124403763,24602
124409986,24599
124416153,24598
124422296,24595
124428482,24603
124434650,24600
124440794,24600
124446999,24591
124452184,24600
124457660,24596
124463857,24602
124470099,24594
124476932,24596
124483117,24600
124489271,24595
124495441,24599
124501619,24595
124507807,24599
124513980,24590
124520209,24598
124526359,24593
124532547,24593
124538761,24599
124550137,24604
124556322,24600
124562523,24593
124568679,24599
124574862,24593
124580331,24601
124586503,24600
124592687,24601
124598843,24596
124605051,24594
124611191,24603
124617359,24603
124623537,24595
124629715,24599
124635919,24595
124642166,24600
124648344,24596
124654538,24598
124660732,24601
124666965,24594
124673182,24598
124685454,24598
124691645,24602
124697830,24598
124704039,24597
124710212,24597
124715418,24602
124721588,24601
124727077,24602
124732243,24600
124738470,24602
124744691,24600
124750831,24605
124757010,24600
124763193,24601
124769396,24604
124775605,24605
124781739,24598
124787930,24600
124794164,24599
124800347,24598
124806579,24599
124812675,24607
124818849,24604
124825027,24607
124831187,24596
124837354,24605
124843579,24594
124849056,24601
124855211,24606
124861392,24601
124866572,24599
124872763,24593
124878910,24601
124885120,24600
124891857,24605
124898100,24606
124904274,24605
124910527,24601
124916710,24598
124922881,24604
124929063,24605
124935251,24604
124941480,24602
124947655,24602
124959212,24609
124965356,24608
124971527,24599
124977708,24606
124983886,24610
124990104,24608
124996263,24610
125000730,24607
125006915,24600
125013110,24606
125019231,24606
125025393,24607
125031572,24610
125037772,24612
125043981,24608
125050176,24609
125056379,24609
125062568,24614
125068761,24615
125074986,24605
125081222,24612
125092601,24608
125098744,24605
125105530,24606
125111720,24612
125117897,24613
125123381,24612
125129577,24607
125135745,24602
125140211,24615
125146425,24615
125152589,24615
125158757,24614
125164918,24608
125171131,24612
125177266,24616
125183443,24612
125189680,24611
125195881,24611
125202106,24613
125208313,24614
125214496,24614
125220685,24618
125232071,24610
125238242,24610
125244473,24617
125250635,24615
125256806,24612
125262231,24616
125268404,24613
125273594,24617
125279770,24612
125285964,24615
125292173,24609
125298340,24617
125304528,24610
125310740,24614
125317529,24620
125323693,24613
125329883,24610
125336092,24612
125342311,24613
125348520,24612
125354723,24612
125366351,24612
125372532,24608
125378726,24614
125384901,24616
125391110,24610
125396311,24609
125402527,24608
125407957,24615
125414143,24615
125420294,24614
125426442,24607
125432614,24609
125445453,24613
125451708,24607
125457911,24616
125464120,24614
125470320,24611
125476537,24616
125482733,24616
125494116,24613
125500302,24615
125506566,24621
125512748,24611
125518885,24611
125524319,24616
125530501,24612
125536314,24613
125542524,24612
125548645,24613
125554086,24611
125560229,24617
125566315,24615
125572490,24612
125578692,24618
125584899,24609
125591140,24604
125597351,24615
125603579,24614
125609779,24611
125615995,24615
125622197,24612
125628370,24619
125634515,24614
125640714,24611
125646903,24607
125653134,24609
125658335,24615
125664537,24614
125670685,24618
125676879,24613
125683093,24611
125688538,24607
125694730,24613
125700867,24613
125707051,24613
125713202,24617
125719374,24615
125725574,24614
125731805,24619
125738053,24614
125744924,24617
125751129,24613
125757281,24612
125768650,24621
125774807,24620
125780980,24621
125787179,24617
125793350,24613
125799555,24616
125805723,24615
125811196,24623
125817371,24622
125822563,24619
125828725,24623
125834909,24622
125841115,24615
125847285,24619
125853512,24620
125859671,24623
125865836,24617
125872047,24628
125878267,24615
125884445,24617
125890608,24618
125896731,24621
125902897,24626
125909098,24627
125915249,24618
125921473,24626
125927657,24621
125933046,24623
125939215,24629
125945399,24624
125951547,24621
125957730,24623
125963895,24626
125970144,24620
125976261,24617
125982451,24625
125988621,24622
125994834,24621
126001065,24623
126007215,24625
126013347,24628
126019476,24620
126025630,24625
126031811,24626
126043239,24629
126049455,24627
126055674,24627
126061836,24625
126067288,24628
126073506,24631
126079686,24629
126084878,24620
126091104,24628
126096556,24628
126102771,24631
126108909,24628
126115146,24627
126121359,24628
126127530,24632
126133716,24628
126139897,24628
126146110,24627
126152274,24625
126158447,24627
126165213,24627
126171359,24624
126177570,24630
126183772,24625
126189965,24629
126196195,24629
126201397,24627
126207590,24625
126213749,24628
126219180,24627
126225420,24623
126230643,24626
126236819,24626
126243005,24627
126249202,24626
126255408,24626
126261659,24629
126267792,24627
126273961,24627
126280144,24624
126286342,24625
126292556,24628
126298730,24628
126304880,24627
126311095,24629
126317286,24632
126323522,24631
126329680,24625
126335846,24630
126342013,24625
126348205,24631
126353582,24633
126359756,24629
126364935,24624
126371147,24631
126378005,24629
126384192,24628
126390390,24627
126396618,24627
126402734,24632
126408956,24628
126415140,24634
126421301,24631
126427480,24630
126433622,24631
126439793,24629
126451427,24633
126457604,24633
126463807,24632
126470015,24634
126475240,24632
126481458,24631
126487596,24631
126492992,24635
126499170,24633
126504384,24633
126510590,24635
126516777,24636
126522984,24633
126529171,24633
126535355,24635
126541559,24628
126547712,24634
126553900,24634
126560096,24631
126566266,24633
126572411,24627
126578614,24633
126585319,24636
126591625,24634
126597765,24629
126603966,24634
126610189,24633
126616390,24636
126622615,24634
126628796,24643
126634977,24631
126641151,24634
126647354,24628
126653563,24633
126659731,24636
126665896,24634
126672078,24630
126684830,24636
126691064,24639
126697268,24635
126703461,24628
126709667,24630
126721276,24641
126727444,24635
126733653,24635
126739864,24639
126745055,24643
126751264,24642
126757471,24638
126763626,24634
126769831,24642
126775974,24637
126782161,24640
126788367,24639
126794551,24640
126801290,24634
126807545,24634
126813689,24642
126819915,24640
126826112,24635
126832293,24635
126838493,24638
126844669,24645
126856326,24636
126862512,24645
126868680,24639
126874844,24641
126880063,24644
126886300,24642
126892570,24643
126897979,24647
126904167,24643
126910310,24643
126916471,24642
126922698,24641
126928853,24641
126935056,24646
126941231,24641
126947401,24648
126953559,24645
126959760,24635
126965939,24637
126972130,24639
126978278,24645
126989680,24646
126995837,24643
127002058,24654
127008264,24642
127014407,24645
127020636,24644
127026764,24645
127032181,24643
127038368,24644
127044564,24645
127050794,24639
127057024,24649
127063238,24644
127069409,24648
127075590,24642
127081792,24645
127087930,24643
127094140,24641
127100303,24643
127106458,24644
127112637,24645
127124041,24643
127130206,24647
127136446,24638
127142660,24648
127148106,24646
127154284,24647
127160449,24647
127166611,24642
127172782,24645
127178995,24644
127185190,24645
127190395,24643
127196599,24646
127202733,24642
127208916,24644
127215160,24644
127221879,24646
127228117,24650
127234278,24642
127240472,24643
127246645,24644
127252812,24643
127259017,24643
127265207,24641
127271424,24643
127277594,24644
127282967,24645
127289165,24640
127295330,24636
127300529,24642
127306666,24639
127312831,24643
127319036,24637
127325191,24640
127331364,24642
127337611,24645
127343755,24647
127349948,24640
127356124,24641
127362294,24648
127368497,24642
127374660,24643
127380817,24639
127387019,24640
127398658,24642
127404825,24645
127411071,24642
127417252,24639
127423387,24639
127429611,24645
127435700,24642
127441887,24638
127448108,24644
127454284,24644
127460470,24641
127465682,24638
127471874,24642
127478075,24636
127484236,24640
127490416,24644
127496612,24643
127502770,24643
127508929,24640
127515143,24637
127521332,24633
127532960,24638
127539176,24638
127545308,24636
127551518,24639
127556722,24638
127562877,24639
127569047,24644
127575227,24638
127581460,24639
127587634,24634
127593788,24638
127599983,24642
127605408,24636
127611560,24638
127617742,24643
127623903,24641
127630115,24641
127636290,24642
127643092,24644
127649290,24638
127655484,24637
127661686,24643
127667884,24646
127674096,24636
127680292,24636
127686489,24639
127691690,24639
127697884,24639
127704078,24637
127709482,24639
127715666,24631
127721851,24639
127728051,24637
127734230,24639
127739411,24642
127745598,24642
127751714,24643
127757869,24636
127764054,24641
127770259,24638
127776434,24634
127782658,24641
127788829,24639
127795013,24640
127806650,24639
127812863,24640
127819061,24638
127825237,24641
127831350,24638
127837510,24629
127843711,24643
127849887,24640
127856748,24640
127862928,24642
127869134,24640
127874357,24638
127880546,24641
127886718,24638
127892878,24641
127899051,24645
127905241,24638
127911444,24642
127917644,24640
127936001,24638
127942261,24641
127948469,24639
127954671,24640
127960037,24642
127966229,24643
127972368,24640
127978546,24644
127984743,24637
127990916,24637
127997141,24639
128003361,24639
128009606,24641
128015890,24639
128022101,24646
128028313,24644
128034550,24639
128040742,24643
128046909,24646
128053156,24644
128059323,24645
128065509,24640
128072373,24641
128078585,24641
128084796,24639
128090968,24641
128096209,24643
128102378,24640
128108557,24640
128114695,24638
128120873,24646
128127079,24643
128133251,24638
128139463,24638
128144952,24637
128151160,24642
128157294,24637
128163441,24641
128169609,24643
128175791,24642
128181980,24640
128188221,24644
128194352,24642
128205703,24639
128211868,24640
128218052,24633
128224236,24638
128229661,24644
128235939,24644
128242181,24643
128248391,24635
128254626,24635
128260864,24639
128267116,24639
128273294,24642
128280130,24637
128286274,24635
128292414,24642
128298583,24638
128304777,24631
128310958,24640
128317168,24643
128323363,24636
128329567,24636
128340948,24634
128347136,24635
128353330,24637
128359578,24632
128365002,24640
128371193,24643
128377323,24634
128383502,24637
128389715,24633
128394924,24632
128401131,24632
128407289,24637
128413483,24633
128418937,24637
128425179,24633
128431320,24632
128437511,24646
128443670,24633
128449828,24636
128455977,24634
128462205,24634
128468371,24629
128474544,24640
128480748,24641
128486999,24642
128493864,24642
128499066,24639
128505327,24638
128511560,24639
128517793,24639
128524008,24634
128529458,24638
128535662,24632
128541907,24641
128548135,24637
128554295,24640
128560457,24632
128566634,24637
128572776,24640
128578961,24636
128585164,24633
128591356,24641
128597534,24638
128603757,24631
128615139,24646
128621307,24639
128627524,24636
128632971,24635
128639172,24643
128645282,24643
128651466,24643
128657653,24637
128663841,24637
128670061,24633
128676237,24640
128682414,24644
128688566,24635
128694786,24639
128701581,24636
128707766,24642
128713938,24643
128720169,24639
128726361,24639
128732556,24637
128738783,24640
128750137,24639
128756312,24647
128762511,24643
128767920,24640
128774147,24641
128780321,24640
128786502,24641
128792698,24638
128798905,24639
128804162,24641
128810344,24640
128816595,24639
128822799,24647
128828966,24641
128835156,24638
128841294,24632
128847488,24642
128853669,24637
128859838,24643
128866019,24644
128872268,24644
128884028,24642
128890231,24641
128896452,24642
128901695,24644
128907907,24641
128914748,24640
128920921,24646
128927103,24648
128933290,24637
128938780,24640
128944949,24641
128951156,24644
128957318,24640
128963484,24646
128969683,24641
128975807,24642
128981990,24641
128988196,24642
128994357,24646
129000535,24642
129006713,24639
129018111,24646
129024301,24639
129030512,24641
129035952,24643
129042171,24643
129048297,24645
129054442,24640
129060595,24640
129066781,24643
129072002,24642
129078242,24645
129084481,24640
129090642,24632
129096778,24645
129102960,24641
129109144,24646
129115286,24638
129122115,24638
129128373,24630
129134571,24638
129140730,24638
129152313,24636
129158467,24636
129164644,24638
129176462,24644
129182694,24636
129188926,24639
129195167,24637
129201358,24642
129207633,24647
129213844,24643
129220025,24637
129226201,24636
129232374,24639
129238598,24639
129244765,24642
129250891,24639
129257058,24638
129263234,24642
129269390,24636
129275627,24633
129281727,24633
129287918,24634
129294115,24637
129299556,24632
129305716,24633
129311892,24640
129318078,24642
129324233,24632
129330421,24636
129336599,24635
129342442,24633
129348644,24640
129354801,24637
129360951,24645
129367157,24640
129373364,24641
129379571,24634
129384961,24636
129391178,24638
129397353,24640
129403522,24633
129409747,24634
129415917,24637
129422167,24636
129428320,24643
129434497,24643
129440682,24636
129446861,24634
129453057,24641
129459250,24635
129465394,24636
129471554,24641
129476752,24640
129482944,24639
129489104,24637
129495268,24634
129501407,24634
129507609,24641
129513759,24642
129519954,24639
129526202,24635
129532358,24637
129538596,24638
129544747,24638
129551593,24641
129563188,24633
129568361,24641
129574578,24631
129580735,24638
129586892,24635
129593070,24633
129599267,24628
129605493,24629
129610928,24630
129617145,24632
129623299,24631
129629453,24638
129635618,24632
129641806,24640
129647980,24630
129654183,24642
129660304,24640
129666519,24635
129672719,24641
129678906,24634
129685184,24637
129696604,24634
129702778,24632
129708972,24633
129715140,24634
129721352,24633
129727585,24630
129733757,24628
129739925,24633
129745386,24638
129751578,24638
129757781,24634
129764583,24637
129770774,24635
129776940,24639
129783167,24633
129789339,24632
129795524,24636
129800720,24638
129806894,24632
129813103,24636
129819271,24637
129830909,24641
129837091,24635
129842285,24635
129848519,24633
129854689,24642
129860862,24635
129867060,24634
129873281,24639
129879504,24639
129885688,24639
129891863,24640
129898038,24632
129904234,24637
129910407,24637
129916608,24641
129922768,24635
129928938,24635
129935138,24635
129941362,24635
129947555,24639
129953727,24639
129965367,24635
129972165,24631
129977357,24627
129983585,24631
129989744,24631
129995899,24632
130002099,24634
130008268,24639
130014488,24635
130019994,24633
130026183,24634
130032327,24633
130038487,24638
130044663,24632
130050849,24630
130057102,24634
130063281,24639
130069451,24636
130075658,24635
130081872,24639
130088074,24635
130099404,24634
130105609,24627
130111750,24628
130117901,24634
130124111,24633
130130303,24634
130136485,24635
130142677,24628
130148866,24626
130154291,24627
130160449,24630
130166601,24632
130172777,24632
130178955,24627
130185753,24633
130191947,24634
130198169,24634
130204324,24630
130210523,24630
130215722,24630
130221745,24627
130227855,24637
130234038,24630
130240263,24631
130246515,24628
130251955,24632
130258193,24631
130264355,24630
130270562,24630
130276712,24629
130282896,24632
130288125,24633
130294315,24631
130300519,24630
130306703,24630
130312849,24634
130319064,24628
130325257,24628
130331431,24630
130337630,24631
130343811,24629
130349993,24628
130355416,24630
130361560,24629
130367730,24626
130373916,24626
130380154,24626
130385356,24625
130392202,24630
130398439,24631
130404651,24627
130410792,24628
130423631,24631
130429800,24629
130436059,24629
130442236,24629
130448392,24633
130454617,24633
130460798,24622
130466985,24628
130473205,24627
130479390,24624
130484843,24627
130491075,24625
130497227,24631
130508569,24623
130514722,24630
130520854,24628
130527001,24629
130533219,24628
130539404,24629
130545615,24624
130551783,24619
130557214,24628
130563319,24628
130569496,24627
130575656,24624
130581833,24628
130588041,24625
130594264,24622
130600429,24627
130606606,24627
130613355,24626
130618553,24622
130624741,24626
130630913,24618
130637090,24624
130643230,24632
130649392,24631
130654865,24627
130661079,24630
130667259,24630
130673463,24630
130679703,24627
130685920,24627
130692175,24629
130698330,24618
130704525,24627
130710699,24624
130716891,24622
130723095,24624
130729286,24626
130735456,24626
130741685,24628
130747901,24629
130754123,24632
130760266,24628
130766372,24633
130777720,24632
130783854,24626
130789267,24622
130795402,24629
130801604,24632
130807824,24627
130813992,24626
130820773,24629
130825966,24627
130832120,24636
130838280,24629
130844467,24630
130850663,24627
130856833,24629
130863047,24626
130869226,24632
130875454,24633
130881645,24632
130887854,24629
130894026,24633
130900208,24630
130911837,24635
130918061,24633
130923322,24634
130929543,24640
130935707,24636
130941865,24630
130948053,24632
130954232,24638
130960424,24630
130966644,24637
130972777,24636
130978937,24632
130985067,24629
130991250,24631
130997489,24632
131003703,24631
131009858,24627
131016037,24629
131022243,24630
131028966,24630
131035186,24633
131046777,24625
131052956,24630
131058204,24619
131064380,24624
131070631,24624
131076807,24630
131082988,24622
131089194,24630
131095350,24626
131100809,24625
131106976,24623
131113173,24622
131119316,24633
131125545,24624
131131717,24628
131137901,24627
131144106,24627
131150302,24625
131156475,24627
131162652,24625
131168843,24628
131174992,24618
131181236,24627
131187381,24627
131192582,24626
131198788,24628
131205010,24623
131211184,24623
131217360,24626
131223564,24624
131229788,24621
131235212,24627
131242081,24625
131248259,24626
131254368,24619
131260567,24615
131266760,24626
131272939,24624
131279193,24623
131285378,24627
131291606,24620
131297817,24624
131304025,24625
131309241,24631
131320863,24628
131327082,24625
131333280,24632
131339488,24619
131345693,24620
131351888,24621
131358089,24629
131364270,24628
131369464,24625
131375618,24625
131381755,24624
131387894,24624
131394104,24629
131400277,24631
131406436,24621
131412654,24623
131418772,24622
131424949,24623
131431116,24623
131437333,24627
131443518,24623
131455902,24617
131462114,24624
131467546,24621
131473714,24618
131479885,24625
131486117,24622
131492280,24620
131498462,24617
131503687,24626
131509879,24616
131516037,24620
131522269,24624
131528464,24626
131534699,24621
131540862,24620
131547040,24625
131553265,24626
131559446,24622
131565644,24621
131571788,24622
131577961,24619
131588911,24614
131595140,24622
131601334,24627
131607520,24622
131613725,24620
131619946,24618
131626131,24616
131632274,24622
131638416,24624
131644569,24618
131650773,24625
131656958,24621
131670401,24621
131676663,24624
131682905,24626
131689109,24623
131695319,24626
131701526,24620
131707754,24621
131718354,24616
131724539,24617
131730766,24614
131736229,24614
131742403,24618
131748568,24622
131754752,24611
131760913,24614
131767086,24625
131773289,24617
131779443,24625
131785570,24616
131791749,24622
131797927,24623
131804120,24619
131810301,24621
131816485,24617
131822652,24616
131828855,24619
131835016,24617
131841215,24613
131847363,24620
131857962,24624
131864206,24621
131870404,24617
131877248,24623
131883418,24614
131889591,24621
131895788,24624
131901962,24623
131908208,24619
131913380,24621
131919624,24621
131925809,24620
131931990,24620
131938205,24621
131944377,24622
131950591,24619
131956788,24622
131962954,24618
131969121,24617
131975293,24625
131981516,24612
131992190,24620
131998361,24621
132004602,24620
132010741,24617
132016912,24615
132023099,24616
132029282,24618
132035450,24617
132041669,24618
132047070,24620
132053283,24622
132059416,24616
132065614,24612
132071802,24615
132078001,24616
132084226,24620
132091079,24619
132097280,24610
132103467,24613
132109625,24621
132115797,24614
132126500,24613
132132706,24614
132138830,24612
132144265,24612
132150428,24614
132156632,24615
132162795,24615
132168947,24614
132175122,24612
132181291,24606
132187470,24617
132193619,24606
132199799,24610
132205982,24613
132212182,24612
132218356,24611
132224502,24609
132230653,24609
132236856,24610
132243072,24615
132249264,24610
132259941,24611
132266177,24612
132272370,24610
132278575,24608
132284779,24612
132290944,24612
132297739,24615
132303874,24611
132310055,24613
132316224,24611
132321642,24607
132327855,24613
132334063,24608
132340253,24612
132346449,24605
132352642,24612
132358848,24614
132365015,24609
132371265,24612
132377410,24614
132383576,24608
132394989,24608
132401204,24609
132407372,24609
132413551,24610
132418971,24610
132425197,24606
132431358,24605
132437498,24606
132443663,24608
132449852,24610
132456015,24604
132462232,24608
132468384,24602
132474615,24607
132480824,24611
132487002,24606
132493236,24606
132499407,24607
132506204,24606
132512362,24610
132518498,24609
132529910,24606
132535317,24612
132541498,24610
132547679,24613
132552898,24608
132559098,24612
132565259,24604
132571414,24611
132577626,24607
132583749,24605
132589881,24612
132595322,24609
132601497,24609
132607681,24616
132613882,24611
132620084,24612
132626312,24609
132632481,24612
132638625,24609
132644813,24612
132650971,24608
132657204,24609
132663353,24612
132669520,24614
132675686,24610
132681871,24601
132687070,24612
132693249,24606
132699397,24609
132705623,24615
132711773,24616
132718582,24617
132724805,24612
132730207,24612
132736362,24609
132742576,24612
132748746,24607
132754961,24604
132761199,24613
132767330,24614
132773516,24609
132779682,24611
132785858,24612
132792014,24609
132803435,24613
132809647,24612
132815807,24615
132822002,24616
132828228,24612
132834384,24615
132840581,24614
132846727,24613
132852872,24612
132859063,24613
132864476,24618
132870688,24612
132876907,24610
132883109,24613
132889290,24614
132895423,24611
132901576,24611
132914334,24608
132920498,24611
132926705,24617
132933570,24609
132939775,24607
132945010,24610
132951230,24612
132956691,24612
132962889,24610
132969105,24613
132975289,24615
132981473,24608
132987667,24608
132993824,24609
132999997,24610
133006213,24609
133012372,24608
133018514,24609
133024693,24604
133030929,24603
133037118,24601
133043310,24603
133049468,24607
133055677,24607
133061856,24608
133073248,24606
133079447,24608
133084924,24598
133091138,24608
133097311,24605
133103470,24610
133109677,24610
133115834,24597
133121994,24605
133128218,24605
133133408,24608
133139648,24603
133146496,24599
133152718,24603
133158866,24597
133165062,24598
133171265,24599
133177448,24600
133183654,24601
133189814,24601
133196011,24598
133207634,24597
133213827,24595
133219024,24598
133225203,24600
133230668,24598
133236836,24598
133243043,24600
133249282,24601
133255379,24598
133261555,24597
133267749,24600
133273924,24600
133280161,24597
133286318,24600
133292537,24597
133298724,24603
133304908,24602
133311134,24593
133317302,24598
133323488,24594
133329698,24599
133341053,24595
133347276,24601
133352737,24595
133359482,24604
133364681,24604
133370889,24604
133377049,24599
133383227,24600
133389395,24602
133395604,24604
133401784,24597
133407957,24601
133414128,24604
133420280,24601
133426428,24598
133432659,24601
133438786,24595
133444999,24602
133451158,24604
133457331,24598
133463540,24600
133469749,24596
133475955,24598
133482171,24597
133487616,24595
133493837,24595
133499019,24600
133505178,24596
133511363,24603
133517552,24599
133523709,24600
133529837,24601
133536019,24598
133542246,24593
133548424,24600
133554647,24602
133560837,24601
133567674,24600
133573822,24604
133580001,24602
133586175,24598
133592369,24598
133598554,24605
133604717,24603
133616326,24600
133622480,24597
133627690,24604
133633794,24602
133639947,24595
133646124,24604
133652326,24598
133658529,24604
133664744,24601
133670918,24598
133677150,24600
133682598,24599
133688783,24598
133694979,24603
133701177,24594
133707366,24598
133713505,24604
133719680,24604
133725875,24604
133732048,24608
133738292,24602
133749620,24598
133755783,24604
133761250,24602
133767399,24596
133773548,24598
133780313,24601
133786438,24599
133792636,24600
133798834,24600
133805024,24604
133811246,24600
133816408,24598
133822659,24607
133828846,24602
133835040,24597
133841225,24599
133847436,24601
133853649,24604
133859809,24602
133866008,24598
133872211,24595
133878371,24603
133884585,24597
133890776,24597
133896211,24597
133902349,24592
133907524,24595
133913730,24605
133919857,24602
133926071,24600
133932272,24597
133938443,24601
133944660,24601
133950804,24600
133956968,24591
133963204,24598
133969374,24598
133975592,24598
133981781,24596
133988614,24595
133994748,24595
134000927,24594
134007142,24603
134013304,24596
134024960,24591
134031193,24593
134037319,24593
134042515,24592
134048722,24592
134054871,24593
134061077,24589
134067261,24596
134073441,24589
134079684,24597
134085862,24590
134091321,24597
134097495,24598
134103655,24590
134109866,24596
134116031,24592
134122229,24594
134128398,24596
134134612,24593
134140799,24595
134147007,24592
134159772,24589
134166056,24599
134171329,24592
134177551,24590
134183752,24595
134189927,24593
134196137,24593
134202921,24595
134209177,24594
134215351,24591
134220881,24588
134227034,24593
134233258,24585
134239383,24586
134245551,24594
134251701,24591
134257872,24592
134264038,24586
134270259,24591
134276435,24596
134282630,24599
134294064,24589
134300265,24592
134305730,24589
134311921,24586
134318127,24592
134324284,24589
134330400,24587
134336583,24586
134342766,24594
134348949,24593
134355179,24587
134361325,24593
134367499,24595
134373672,24590
134379873,24592
134386047,24591
134392287,24588
134398415,24588
134404609,24593
134410793,24589
134417509,24595
134428840,24591
134435035,24586
134441221,24587
134446675,24586
134452866,24586
134459041,24591
134465278,24585
134471408,24592
134477629,24585
134483858,24593
134490039,24590
134495275,24587
134501480,24582
134507693,24591
134513787,24581
134519934,24590
134526149,24599
134532293,24588
134538544,24593
134544751,24592
134550868,24587
134562447,24586
134568621,24588
134574795,24584
134580018,24590
134586191,24592
134592386,24597
134598590,24588
134604795,24591
134611038,24591
134617244,24595
134624030,24590
134629531,24588
134635682,24589
134641840,24588
134648018,24590
134654226,24593
134660406,24592
134666622,24584
134672851,24592
134679026,24589
134685254,24592
134696651,24585
134702867,24587
134709054,24588
134714470,24592
134719643,24594
134725814,24588
134732011,24587
134738220,24586
134744440,24589
134750659,24590
134756858,24585
134763050,24590
134769262,24590
134775445,24591
134781672,24591
134787826,24592
134793994,24593
134800195,24590
134806375,24593
134812582,24587
134818782,24588
134824952,24589
134831147,24588
134837846,24585
134844012,24582
134849418,24583
134854602,24591
134860785,24581
134866953,24583
134873142,24584
134879357,24583
134885556,24585
134891734,24584
134897868,24584
134903264,24581
134909498,24582
134915680,24585
134921844,24587
134928019,24583
134934239,24581
134940377,24586
134946537,24586
134952722,24581
134958909,24587
134965121,24587
134971295,24582
134977413,24588
134983563,24590
134988725,24587
134994848,24587
135001020,24589
135007266,24585
135013465,24587
135019721,24584
135025897,24588
135032107,24586
135037561,24582
135043740,24585
135050420,24580
135056603,24585
135062792,24583
135068971,24583
135075173,24579
135081341,24585
135087483,24582
135093671,24581
135105049,24585
135111239,24586
135117433,24588
135122898,24578
135128088,24587
135134282,24583
135140441,24583
135146676,24584
135152839,24584
135159001,24580
135165165,24587
135171349,24582
135177584,24588
135183763,24585
135189903,24580
135196041,24585
135202223,24584
135208406,24583
135214623,24578
135220830,24584
135227011,24589
135233211,24583
135244764,24581
135250923,24584
135257732,24586
135262319,24583
135268508,24584
135274715,24582
135280864,24583
135287042,24582
135293235,24584
135299427,24585
135305648,24585
135311791,24580
135317932,24587
135324053,24588
135330237,24584
135336453,24586
135342697,24580
135348817,24588
135354990,24580
135361180,24584
135367353,24583
135378974,24589
135385155,24589
135391346,24586
135404186,24585
135410436,24589
135416632,24583
135422859,24590
135429026,24590
135435270,24590
135441421,24587
135447572,24585
135453742,24585
135459923,24580
135466079,24587
135472981,24587
135479210,24590
135485389,24590
135491604,24588
135497794,24587
135503989,24593
135510222,24590
135516366,24591
135522518,24589
135527702,24587
135533154,24586
135539369,24591
135545558,24587
135551742,24591
135557963,24591
135564198,24587
135570384,24591
135576566,24589
135581761,24592
135587953,24587
135594144,24586
135600315,24589
135606532,24594
135612750,24588
135618932,24588
135625132,24588
135631345,24592
135637486,24590
135643683,24589
135649821,24595
135655953,24592
135661374,24591
135666551,24590
135672797,24590
135679009,24591
135685798,24594
135692037,24596
135698217,24593
135704388,24589
135710609,24591
135716028,24594
135722273,24590
135728428,24592
135734601,24600
135740787,24594
135746982,24588
135753201,24588
135759371,24589
135765527,24587
135771739,24594
135783133,24588
135789349,24587
135795582,24589
135801769,24590
135807957,24587
135814127,24590
135820297,24584
135826501,24590
135832700,24586
135838834,24581
135845005,24589
135850430,24588
135856558,24589
135862718,24588
135868928,24587
135875130,24587
135881348,24590
135887453,24588
135894263,24595
135900449,24583
135906617,24587
135917963,24584
135924160,24586
135930371,24584
135935794,24589
135942071,24587
135948275,24592
135954408,24588
135960583,24584
135966798,24587
135972990,24588
135979190,24587
135984398,24583
135990652,24584
135996819,24581
136003013,24592
136009198,24583
136015387,24584
136021590,24587
136027817,24582
136033970,24582
136040204,24582
136046359,24586
136052574,24587
136058797,24587
136064962,24587
136070412,24581
136076622,24588
136082825,24585
136089034,24589
136095251,24587
136101399,24585
136108258,24586
136114427,24589
136119651,24589
136125833,24593
136131994,24591
136138213,24592
136144418,24588
136150623,24588
136156786,24586
136162959,24591
136169118,24592
136175295,24585
136181453,24588
136193128,24593
136199346,24596
136204528,24589
136210720,24596
136216850,24592
136222996,24586
136229136,24592
136235370,24590
136241581,24590
136247784,24594
136253175,24591
136259388,24600
136265551,24591
136271717,24597
136277921,24592
136284083,24596
136290318,24590
136296480,24587
136302652,24592
136308830,24593
136315625,24593
136327076,24595
136333325,24590
136338774,24600
136344930,24589
136351157,24592
136357380,24598
136363554,24593
136369699,24595
136375891,24590
136382059,24593
136388271,24594
136394422,24596
136400613,24597
136406821,24597
136412986,24601
136419201,24595
136425371,24587
136431567,24595
136437759,24592
136443978,24600
136450172,24594
136461520,24595
136467754,24598
136473194,24601
136479389,24604
136485544,24605
136491688,24595
136497878,24597
136504056,24597
136510256,24602
136516416,24599
136522587,24599
136529344,24600
136535521,24603
136541688,24605
136547892,24604
136554081,24601
136560315,24603
136566457,24606
136572678,24600
136578891,24602
136585063,24600
136596502,24601
136602730,24600
136608126,24601
136614321,24601
136620409,24606
136626564,24605
136632789,24603
136644613,24606
136650820,24602
136657018,24598
136663219,24599
136669420,24607
136675634,24600
136681834,24604
136688025,24594
136694222,24604
136700421,24608
136706647,24602
136712822,24607
136718988,24604
136725219,24605
136731356,24601
136736792,24608
136743621,24603
136749867,24600
136756072,24605
136762307,24603
136767503,24605
136773722,24600
136779870,24603
136786033,24597
136792224,24599
136797670,24608
136803827,24600
136810008,24603
136816249,24600
136822429,24608
136828617,24598
136834804,24599
136841033,24601
136847259,24605
136853418,24604
136864778,24604
136870910,24597
136877104,24597
136883298,24601
136889494,24595
136895730,24599
136901915,24603
136907379,24599
136913531,24601
136919720,24605
136925879,24598
136931080,24604
136937265,24602
136943482,24603
136949732,24599
136956591,24602
136962764,24602
136968967,24600
136975126,24607
136981301,24603
136987513,24604
136999154,24605
137005352,24604
137010563,24605
137016769,24602
137022946,24596
137029151,24606
137035345,24601
137040821,24594
137046995,24598
137053214,24600
137059370,24604
137065514,24604
137071677,24598
137077930,24595
137084155,24596
137090352,24603
137096517,24598
137102692,24602
137108878,24604
137115034,24597
137121224,24602
137127351,24601
137133446,24607
137139621,24607
137145864,24603
137152043,24608
137158273,24605
137165061,24606
137171301,24613
137176497,24609
137182693,24603
137188845,24609
137195021,24609
137201236,24607
137206685,24607
137212869,24605
137219069,24605
137225280,24598
137231469,24603
137237671,24602
137243853,24609
137250043,24604
137256254,24601
137262383,24611
137273730,24609
137279943,24612
137285365,24610
137291541,24611
137297752,24610
137303972,24610
137310195,24612
137316379,24607
137322541,24611
137328674,24610
137334852,24611
137340063,24607
137346296,24610
137352531,24606
137358798,24606
137364934,24612
137371100,24614
137377853,24609
137384001,24608
137390175,24609
137396366,24613
137408031,24614
137414258,24613
137419432,24609
137425651,24623
137431811,24621
137437968,24618
137444168,24609
137450329,24615
137456487,24618
137462704,24623
137468857,24613
137474278,24612
137480431,24611
137486572,24608
137492753,24615
137498950,24610
137505163,24615
137511355,24614
137517512,24611
137523678,24619
137529881,24616
137536087,24619
137542301,24619
137548451,24625
137553661,24627
137559845,24623
137565989,24625
137572238,24622
137578422,24629
137585217,24627
137590694,24626
137596901,24619
137603065,24631
137609279,24623
137615470,24627
137621669,24625
137627887,24623
137634091,24627
137640339,24623
137646466,24627
137652602,24622
137658732,24624
137664899,24618
137671082,24613
137682474,24626
137688697,24624
137694879,24619
137701061,24622
137707256,24620
137713472,24624
137719681,24622
137725810,24619
137731940,24624
137738140,24631
137744340,24627
137749789,24623
137755958,24618
137762156,24624
137768396,24627
137774555,24623
137780712,24633
137786882,24626
137793105,24628
137799949,24624
137806194,24625
137817592,24628
137823810,24630
137829203,24626
137835406,24625
137841579,24618
137847758,24624
137853973,24630
137860163,24631
137866358,24630
137872500,24628
137878688,24626
137890513,24620
137896738,24620
137902940,24625
137909179,24626
137915369,24623
137921540,24623
137927754,24626
137933861,24626
137940048,24623
137946244,24627
137952435,24626
137957902,24626
137964112,24623
137970318,24627
137976537,24631
137982693,24624
137988831,24628
137995013,24623
138001236,24626
138007411,24626
138013522,24622
138019718,24625
138025956,24622
138032204,24625
138038398,24617
138044523,24624
138050676,24633
138056834,24625
138063014,24631
138069244,24620
138075416,24623
138086824,24627
138092294,24628
138098478,24634
138104691,24632
138110918,24632
138117111,24634
138123332,24633
138129481,24630
138135652,24628
138141876,24627
138147083,24630
138153288,24633
138159492,24627
138165723,24636
138171881,24634
138178051,24633
138184227,24641
138190416,24631
138196592,24632
138202788,24630
138208919,24633
138220537,24631
138226422,24629
138232650,24640
138238796,24635
138244915,24633
138251071,24634
138257230,24630
138263436,24633
138269658,24632
138275843,24635
138281280,24632
138287442,24637
138293654,24638
138299855,24638
138306042,24638
138312283,24637
138318429,24634
138324590,24637
138330762,24636
138336933,24639
138343101,24639
138354529,24638
138360733,24640
138366905,24642
138373049,24641
138379279,24638
138385469,24648
138391714,24640
138397825,24644
138403971,24643
138410209,24641
138416424,24642
138421909,24645
138428093,24640
138434944,24644
138441106,24638
138447295,24636
138453421,24640
138459580,24638
138465752,24644
138471933,24642
138478110,24637
138489513,24649
138495730,24643
138501176,24651
138507431,24642
138513604,24646
138519802,24645
138525988,24645
138532206,24646
138538381,24653
138544537,24644
138550743,24647
138555971,24648
138562170,24648
138568403,24649
138574612,24652
138580816,24646
138586979,24648
138593129,24648
138599295,24646
138605457,24652
138611654,24646
138617803,24648
138623960,24651
138630153,24648
138635646,24651
138641836,24644
138648573,24646
138654739,24649
138660941,24653
138667183,24648
138673383,24648
138679567,24645
138685764,24645
138690983,24653
138697186,24652
138703366,24649
138709586,24650
138715784,24647
138721907,24653
138728075,24650
138734245,24651
138740413,24648
138746640,24648
138752822,24654
138764407,24641
138769597,24647
138775864,24653
138782003,24647
138788206,24651
138794392,24653
138800508,24654
138806731,24643
138812885,24646
138819057,24642
138824480,24645
138830684,24651
138836847,24646
138843016,24646
138849214,24642
138856053,24651
138862283,24643
138868435,24649
138874582,24650
138880751,24653
138886940,24648
138898362,24658
138903808,24656
138909967,24650
138916190,24650
138922354,24655
138928511,24651
138934715,24655
138940890,24656
138947073,24654
138953301,24654
138959466,24652
138965617,24656
138971805,24653
138977037,24653
138983231,24651
138989393,24656
138995606,24650
139001789,24650
139007888,24654
139014083,24658
139020299,24653
139026482,24653
139032727,24656
139038174,24652
139044356,24657
139050474,24657
139056614,24660
139062764,24655
139069449,24657
139075650,24657
139081818,24652
139088030,24650
139094274,24658
139099458,24653
139105686,24656
139111851,24656
139117971,24656
139124132,24656
139137160,24653
139143391,24657
139149631,24659
139155816,24656
139167258,24660
139173471,24657
139179715,24653
139185916,24666
139192096,24657
139198296,24664
139204482,24663
139210737,24652
139216909,24658
139223065,24663
139228519,24659
139234681,24660
139240880,24659
139247089,24660
139253302,24659
139259439,24661
139265610,24656
139271793,24662
139277945,24660
139284771,24656
139290975,24660
139302359,24663
139307800,24669
139313980,24667
139320200,24665
139326397,24673
139332545,24669
139338703,24666
139344905,24666
139351083,24664
139357350,24667
139362537,24658
139368723,24662
139374887,24665
139381052,24665
139387275,24665
139393456,24660
139399651,24668
139405831,24670
139411979,24668
139418159,24669
139424349,24663
139430487,24669
139436729,24677
139442168,24678
139448396,24675
139454500,24678
139460715,24673
139466898,24673
139473073,24676
139479301,24676
139485483,24675
139492309,24671
139498470,24671
139504651,24677
139510853,24682
139517059,24678
139523245,24677
139528403,24675
139534550,24680
139540736,24670
139546901,24674
139553047,24678
139559265,24676
139565443,24673
139576074,24676
139582297,24679
139588486,24675
139594700,24682
139600831,24674
139606991,24673
139613182,24670
139619397,24671
139625607,24675
139631825,24674
139637941,24679
139644122,24677
139650346,24671
139656531,24674
139662716,24674
139668873,24673
139675004,24672
139681176,24668
139687348,24677
139693523,24679
139700328,24673
139711032,24675
139717194,24680
139723394,24677
139729605,24677
139735798,24669
139741926,24676
139748096,24676
139754286,24676
139760456,24670
139766660,24674
139772092,24670
139778333,24670
139784468,24674
139790627,24676
139796813,24666
139802987,24674
139809142,24671
139815362,24674
139821486,24670
139827663,24676
139833853,24672
139845261,24678
139851402,24671
139857579,24675
139863768,24671
139869895,24675
139876049,24676
139882285,24672
139888515,24670
139894730,24675
139900905,24671
139906333,24675
139913200,24674
139919373,24674
139925557,24669
139931750,24675
139937934,24677
139943154,24679
139949333,24672
139955497,24671
139961728,24671
139967900,24670
139979526,24674
139984720,24676
139990885,24674
139997092,24672
140003244,24680
140009434,24671
140015637,24676
140021838,24675
140028003,24675
140034144,24676
140040382,24673
140046561,24669
140052783,24670
140058891,24674
140065021,24672
140071208,24681
140077379,24671
140083591,24670
140089799,24665
140095998,24674
140102167,24679
140113758,24677
140118945,24677
140125761,24677
140131891,24677
140138059,24675
140144269,24673
140150445,24671
140156689,24680
140162867,24678
140169039,24679
140175228,24676
140180683,24680
140186864,24675
140193054,24687
140199245,24684
140205396,24678
140211557,24679
140217748,24683
140223942,24677
140230110,24681
140236346,24675
140242504,24671
140248663,24681
140253852,24678
140260006,24681
140266191,24688
140272344,24678
140278578,24678
140284789,24682
140290927,24683
140297128,24681
140303354,24688
140309563,24686
140315024,24684
140321223,24680
140327397,24677
140334220,24683
140340434,24681
140346597,24686
140352770,24685
140357965,24678
140364126,24687
140370334,24684
140383136,24686
140389371,24684
140395660,24683
140401816,24682
140407963,24686
140414174,24682
140420383,24684
140426627,24688
140432829,24685
140438967,24687
140444413,24690
140450591,24681
140456759,24682
140462956,24685
140469149,24691
140475346,24693
140481488,24683
140487694,24692
140492927,24691
140499115,24685
140505292,24689
140511472,24688
140523144,24687
140529334,24691
140535474,24685
140541639,24687
140547855,24688
140554597,24688
140560824,24690
140567003,24689
140573244,24689
140578419,24688
140584606,24693
140590808,24691
140596961,24687
140603120,24696
140609297,24682
140615465,24692
140621679,24693
140627130,24689
140633331,24694
140639482,24688
140645644,24690
140657027,24685
140663192,24684
140669373,24688
140675521,24684
140681753,24684
140687962,24686
140694189,24686
140700407,24683
140706619,24685
140712838,24689
140718952,24685
140725126,24690
140731298,24685
140737453,24687
140743652,24683
140749815,24690
140755939,24684
140762069,24690
140768267,24683
140774429,24683
140780651,24686
140792430,24687
140797885,24687
140804048,24688
140810256,24688
140816429,24690
140822603,24683
140828745,24692
140834902,24683
140841079,24684
140847321,24684
140852509,24681
140858716,24686
140864857,24684
140871019,24682
140877210,24681
140883396,24684
140889571,24684
140895839,24683
140901997,24688
140908150,24685
140914376,24686
140920562,24679
140926788,24684
140932173,24683
140938366,24676
140944521,24685
140950710,24676
140956903,24683
140963074,24679
140969846,24683
140976044,24677
140982285,24682
140987476,24680
140993692,24678
140999864,24682
141005958,24683
141012182,24684
141018364,24691
141024541,24684
141030755,24681
141036212,24685
141042421,24679
141048601,24684
141054774,24681
141060955,24680
141066138,24685
141072336,24683
141078491,24683
141084738,24684
141090895,24683
141097091,24684
141103284,24685
141109459,24684
141115674,24683
141121812,24690
141127976,24683
141134149,24683
141140353,24679
141146576,24682
141152777,24683
141158949,24681
141165108,24681
141171306,24681
141178037,24685
141184273,24682
141190463,24685
141201108,24686
141207270,24683
141213475,24678
141219707,24682
141225883,24685
141232059,24682
141238248,24682
141244420,24685
141250556,24686
141256742,24680
141262135,24684
141268332,24687
141274504,24678
141280710,24689
141286907,24677
141293098,24693
141299316,24684
141305516,24676
141311668,24685
141317876,24683
141324049,24681
141334873,24688
141341016,24679
141347257,24677
141353466,24686
141359678,24685
141365841,24685
141372049,24680
141378254,24684
141384409,24685
141391165,24687
141396597,24690
141402761,24689
141408963,24685
141415128,24683
141421334,24683
141427475,24686
141433694,24681
141439923,24687
141446057,24689
141451254,24689
141457414,24683
141463583,24691
141474225,24695
141480406,24689
141486561,24685
141492814,24682
141498938,24686
141505122,24692
141511335,24689
141517520,24685
141523729,24686
141529891,24685
141536023,24693
141542202,24684
141548423,24689
141554617,24687
141560808,24679
141566967,24684
141573126,24686
141579337,24687
141585502,24683
141590918,24684
141597141,24680
141603903,24686
141610130,24687
141616367,24682
141629157,24683
141635422,24689
141641648,24688
141647836,24692
141654009,24682
141660267,24683
141665499,24682
141671704,24683
141677906,24686
141684082,24689
141690281,24683
141696430,24684
141702653,24680
141708905,24682
141715085,24682
141720469,24678
141726651,24676
141732826,24684
141738030,24676
141744191,24672
141750361,24682
141756546,24685
141762743,24681
141768887,24685
141775038,24673
141781186,24674
141787388,24689
141793572,24678
141799787,24686
141805907,24680
141812050,24685
141818887,24682
141825100,24685
141831295,24683
141837484,24684
141843708,24679
141849906,24676
141855337,24682
141861467,24677
141872853,24676
141878959,24684
141885152,24684
141891354,24678
141897529,24679
141903791,24674
141909919,24683
141916093,24683
141922322,24678
141928499,24680
141933979,24675
141940143,24676
141946351,24682
141952492,24675
141958708,24675
141964946,24677
141971124,24674
141977364,24678
141983514,24678
141989731,24677
141995900,24673
142002049,24677
142008250,24679
142013454,24681
142019686,24677
142026497,24674
142032790,24673
142038985,24677
142045149,24678
142051325,24674
142057542,24675
142063774,24673
142069174,24683
142075380,24681
142081546,24682
142087727,24682
142093916,24665
142100087,24678
142106325,24677
142112517,24677
142118684,24682
142124828,24678
142130052,24679
142136260,24678
142142405,24677
142147809,24677
142154023,24681
142160230,24678
142166465,24682
142172625,24683
142178798,24675
142185011,24679
142191217,24678
142197438,24682
142203611,24685
142209760,24683
142215957,24678
142222141,24678
142228341,24678
142234518,24678
142241363,24678
142247516,24679
142253650,24682
142259834,24680
142265078,24681
142271246,24682
142281882,24683
142288044,24679
142294311,24681
142300512,24675
142306714,24678
142312926,24680
142319094,24676
142325337,24684
142331516,24676
142337698,24672
142343124,24683
142349342,24677
142355508,24683
142361683,24688
142367853,24676
142374077,24682
142380309,24686
142386518,24683
142392716,24685
142398880,24680
142404070,24680
142410257,24674
142420868,24684
142427003,24681
142433182,24679
142439391,24680
142445572,24683
142452391,24679
142458584,24676
142464822,24670
142470932,24680
142477089,24679
142483282,24677
142489465,24675
142495710,24672
142501876,24674
142508056,24682
142514267,24677
142520430,24681
142526651,24682
142532861,24680
142538292,24683
142544458,24680
142555216,24674
142561409,24673
142567630,24673
142573823,24668
142579971,24682
142586158,24681
142592336,24675
142598494,24671
142604699,24678
142610888,24677
142617065,24675
142623258,24681
142629426,24674
142635642,24679
142641824,24680
142648011,24682
142654166,24679
142660916,24672
142667123,24678
142672573,24672
142678733,24671
142690117,24673
142696323,24673
142702510,24673
142708709,24670
142714911,24673
142721134,24668
142727316,24673
142733475,24672
142739665,24671
142745848,24670
142751240,24677
142757466,24675
142763647,24675
142769820,24677
142776060,24671
142782276,24673
142788436,24675
142794640,24671
142800790,24671
142806970,24668
142813182,24675
142823978,24669
142830208,24670
142836404,24668
142842556,24667
142848797,24666
142854992,24666
142861142,24668
142874787,24670
142881035,24673
142887279,24662
142893479,24670
142899658,24668
142905888,24667
142912088,24664
142918305,24669
142924481,24669
142930631,24670
142936834,24664
142942048,24670
142952766,24665
142958923,24668
142965134,24671
142971331,24672
142977535,24668
142983773,24667
142989951,24666
142996132,24667
143002305,24669
143008460,24662
143014652,24666
143020127,24663
143026340,24668
143032508,24664
143038656,24665
143044880,24664
143051065,24666
143057263,24667
143063467,24667
143069621,24670
143075795,24663
143086302,24666
143092512,24661
143098679,24668
143104897,24667
143111085,24663
143117295,24664
143123531,24666
143129674,24664
143135880,24661
143142073,24666
143148280,24667
143154462,24661
143159634,24655
143165860,24662
143171993,24664
143178176,24662
143184375,24666
143190580,24665
143196806,24666
143202978,24662
143209125,24660
143215288,24665
143220701,24663
143226912,24660
143233134,24664
143239354,24668
143245508,24662
143251698,24662
143257898,24662
143264085,24662
143270268,24664
143276464,24665
143282603,24664
143288801,24665
143295519,24662
143301723,24668
143307947,24668
143314126,24663
143320360,24663
143326540,24666
143332705,24666
143338858,24667
143345079,24666
143350269,24661
143360978,24663
143367154,24662
143373286,24666
143379450,24667
143385634,24663
143391794,24663
143397945,24664
143404095,24661
143410318,24671
143416501,24666
143422728,24664
143428906,24666
143435056,24664
143441269,24664
143447428,24665
143453618,24662
143459836,24666
143465987,24666
143472163,24663
143478348,24662
143484510,24663
143495148,24665
143501326,24668
143508156,24665
143514336,24666
143520549,24662
143526718,24664
143532884,24665
143539071,24668
143545289,24659
143551491,24659
143557701,24660
143563856,24658
143569303,24664
143575492,24666
143581662,24665
143587793,24659
143593985,24666
143600155,24663
143606358,24662
143612502,24661
143618655,24664
143623863,24669
143629365,24667
143635551,24660
143641685,24662
143647868,24666
143654084,24670
143660267,24663
143666437,24660
143672580,24667
143678738,24659
143684900,24663
143691101,24663
143697329,24662
143703486,24664
143709662,24666
143716467,24661
143722627,24661
143728821,24668
143734992,24662
143741141,24664
143747361,24661
143753528,24662
143758699,24656
143769353,24656
143775560,24657
143781786,24655
143787961,24656
143794167,24652
143800378,24654
143806577,24656
143812791,24654
143818922,24652
143825118,24652
143831270,24652
143837437,24655
143842908,24654
143849076,24653
143855298,24651
143861471,24651
143867611,24655
143873748,24653
143879917,24657
143886102,24649
143892307,24654
143903715,24652
143909884,24648
143916023,24652
143922201,24654
143928949,24653
143935114,24655
143941309,24650
143947465,24649
143953703,24654
143959940,24649
143966132,24654
143972338,24653
143977778,24648
143983974,24652
143990135,24649
143996349,24650
144002527,24649
144008657,24643
144014846,24648
144021073,24645
144027294,24651
144032512,24648
144043149,24652
144049336,24650
144055522,24648
144061730,24645
144067902,24648
144074053,24646
144080218,24650
144086396,24649
144092572,24648
144098821,24643
144104972,24642
144117765,24650
144123932,24642
144130161,24646
144136373,24644
144143190,24646
144149422,24647
144155624,24642
144161844,24648
144167980,24648
144174155,24644
144180396,24651
144186561,24648
144192776,24646
144198954,24642
144205108,24644
144211297,24649
144217503,24642
144223723,24646
144229900,24644
144236057,24651
144242262,24649
144247705,24647
144253915,24651
144260107,24645
144266308,24651
144272471,24650
144278626,24645
144284836,24643
144291023,24643
144297259,24647
144308026,24646
144314172,24647
144320385,24644
144326577,24649
144332820,24643
144338961,24642
144345102,24646
144351771,24647
144357960,24645
144364127,24647
144370335,24647
144376515,24646
144382003,24644
144388216,24645
144394435,24653
144400602,24644
144406758,24647
144412926,24651
144419098,24641
144425337,24651
144431528,24648
144442260,24645
144448475,24650
144454702,24644
144460891,24643
144466997,24649
144473139,24647
144479313,24651
144485486,24641
144491683,24646
144497846,24644
144503976,24643
144510172,24645
144515640,24646
144521820,24646
144528042,24645
144534250,24646
144540480,24650
144546647,24641
144552809,24646
144558992,24648
144565832,24647
144576604,24640
144582799,24642
144588242,24637
144594514,24641
144600693,24638
144606863,24639
144613037,24633
144619188,24636
144625436,24639
144631589,24643
144637772,24639
144643950,24642
144650126,24635
144656405,24637
144662559,24640
144668739,24639
144674914,24633
144681056,24637
144687207,24638
144693422,24640
144699590,24638
144704797,24634
144710983,24628
144717126,24633
144723332,24637
144729450,24638
144735631,24633
144741824,24634
144747991,24633
144754179,24635
144760392,24633
144766587,24640
144773443,24639
144779610,24638
144785841,24640
144791236,24632
144797433,24635
144803624,24638
144809806,24637
144815988,24630
144822181,24629
144828387,24635
144834541,24641
144839735,24636
144851349,24634
144857495,24632
144863639,24632
144869786,24624
144875961,24632
144882126,24635
144888349,24633
144894484,24632
144900656,24632
144906815,24628
144913015,24630
144919221,24639
144924457,24632
144930680,24632
144936903,24637
144943062,24636
144949220,24632
144955410,24638
144961635,24628
144967854,24634
144973253,24636
144979473,24627
144986343,24630
144992545,24629
144998706,24628
145003954,24629
145010154,24627
145016360,24628
145022535,24632
145028739,24632
145034931,24633
145041087,24626
145047311,24625
145053475,24628
145058878,24631
145065094,24627
145071302,24626
145077461,24627
145083615,24626
145089771,24631
145095981,24632
145102180,24634
145107424,24635
145113634,24634
145125269,24629
145131442,24631
145137558,24629
145142748,24634
145148906,24625
145155086,24628
145161328,24630
145167522,24628
145173722,24630
145179928,24626
145186092,24636
145192793,24623
145198971,24628
145205120,24629
145211298,24632
145217476,24630
145223711,24630
145229915,24633
145236113,24633
145242311,24629
145248512,24629
145260170,24635
145266376,24632
145272547,24627
145277739,24630
145283899,24634
145290034,24630
145296192,24635
145302381,24627
145308581,24630
145314802,24630
145320962,24632
145327097,24632
145332532,24632
145338739,24635
145344864,24641
145351059,24637
145363900,24631
145370145,24634
145376398,24631
145382556,24622
145388777,24630
145394991,24624
145401201,24635
145406398,24632
145413216,24630
145419391,24640
145425586,24630
145431841,24627
145438064,24630
145444302,24637
145450512,24626
145456729,24630
145462209,24630
145468427,24632
145474572,24631
145480790,24625
145486938,24631
145493140,24630
145499376,24630
145505569,24635
145511777,24630
145517004,24635
145528647,24632
145534818,24633
145540994,24631
145546187,24628
145552376,24628
145558566,24628
145564791,24630
145570964,24629
145577151,24628
145583349,24626
145589540,24624
145595766,24622
145601179,24627
145607382,24621
145613598,24626
145619800,24627
145626661,24624
145632825,24624
145639031,24624
145645257,24620
145650502,24624
145656752,24624
145662927,24624
145669105,24615
145675297,24620
145680759,24622
145686976,24623
145693185,24621
145699421,24616
145705603,24622
145711803,24618
145717967,24624
145724149,24622
145730351,24620
145735544,24617
145741738,24622
145747900,24626
145754000,24615
145760142,24624
145766307,24624
145772517,24624
145778737,24620
145784921,24616
145791066,24618
145802788,24620
145808935,24620
145814137,24619
145820316,24624
145826482,24619
145833283,24616
145839507,24617
145845705,24619
145851941,24615
145858120,24613
145864302,24621
145869718,24619
145875876,24618
145882097,24623
145888310,24620
145894538,24616
145900697,24617
145906880,24614
145913091,24614
145919293,24617
145924519,24617
145930710,24618
145936930,24612
145943082,24622
145949238,24614
145955438,24616
145961608,24622
145967861,24613
145973992,24615
145980121,24610
145986315,24610
145992498,24618
145998660,24621
146004116,24620
146010317,24611
146016475,24615
146022610,24616
146028808,24615
146034983,24618
146041147,24613
146048013,24619
146054194,24613
146059432,24612
146065614,24613
146077237,24621
146083430,24621
146089567,24624
146095774,24618
146101994,24614
146108167,24621
146114407,24620
146120565,24627
146126768,24616
146132939,24617
146138148,24617
146144325,24613
146150475,24620
146156659,24615
146162883,24620
146169047,24619
146175215,24620
146181441,24612
146187642,24618
146193925,24613
146200045,24618
146211675,24617
146217831,24627
146223990,24617
146230190,24624
146236390,24616
146242551,24623
146248749,24626
146255511,24617
146261701,24617
146267885,24621
146273080,24618
146279266,24623
146285458,24617
146291664,24618
146297907,24622
146304125,24624
146310296,24615
146316479,24623
146322621,24623
146328839,24616
146334284,24620
146345648,24617
146351866,24621
146358022,24629
146364234,24621
146370401,24627
146376597,24622
146382851,24618
146388995,24626
146395168,24630
146401382,24627
146406833,24621
146413056,24620
146419268,24627
146425413,24624
146431661,24627
146437833,24625
146444007,24620
146450207,24622
146456438,24626
146462572,24622
146468460,24625
146474590,24622
146480799,24616
146486966,24622
146493143,24624
146499360,24616
146504764,24617
146510933,24622
146517148,24621
146523383,24618
146529565,24614
146535750,24623
146540929,24622
146547091,24622
146553266,24622
146559474,24619
146565647,24622
146571871,24616
146578033,24626
146584208,24619
146590422,24620
146596649,24619
146614920,24616
146621143,24612
146627341,24609
146633526,24614
146638975,24609
146645168,24616
146651413,24620
146657588,24612
146663760,24615
146669976,24612
146675189,24612
146681947,24615
146688134,24610
146694324,24621
146700516,24617
146706725,24618
146712913,24620
146719082,24621
146725275,24614
146731504,24614
146736944,24609
146743108,24615
146749294,24615
146755505,24621
146761628,24620
146767801,24617
146773006,24609
146779189,24609
146785421,24616
146791591,24613
146797863,24613
146804018,24614
146809436,24604
146815579,24615
146821757,24614
146827933,24609
146834133,24615
146840367,24618
146846562,24615
146852703,24611
146858855,24617
146865095,24619
146871338,24615
146877509,24614
146888913,24614
146895746,24613
146901930,24607
146907373,24610
146913505,24616
146919654,24614
146925843,24615
146932035,24613
146938189,24614
146943398,24609
146949572,24615
146955774,24615
146961960,24616
146968111,24610
146974277,24615
146980468,24619
146986682,24615
146992916,24612
146999089,24614
147005228,24615
147010687,24614
147016887,24610
147023109,24617
147029334,24618
147035501,24615
147041662,24617
147046875,24616
147053070,24613
147059260,24615
147065480,24615
147071678,24622
147077174,24617
147083401,24618
147089559,24619
147095716,24613
147101915,24616
147108612,24615
147114815,24622
147120995,24611
147127184,24615
147133424,24612
147139612,24618
147144799,24617
147150959,24621
147157128,24618
147163295,24609
147169471,24616
147175673,24611
147181134,24620
147187311,24614
147193528,24613
147199693,24612
147205874,24619
147211102,24616
147217276,24620
147223470,24615
147229678,24620
147235892,24617
147242010,24617
147248176,24620
147254355,24615
147260567,24622
147266791,24619
147272968,24621
147279102,24619
147284540,24617
147290658,24618
147296833,24621
147303006,24613
147309179,24616
147316052,24617
147322239,24612
147328448,24620
147334575,24619
147340728,24617
147345962,24613
147352119,24607
147358291,24614
147364503,24620
147370687,24620
147376923,24619
147383084,24619
147389275,24613
147395508,24620
147401722,24627
147407933,24618
147414117,24617
147420296,24618
147426479,24621
147432632,24616
147444362,24614
147450544,24611
147455786,24612
147461967,24611
147468163,24611
147474350,24612
147480530,24617
147486740,24618
147492935,24621
147499090,24616
147505275,24617
147511487,24618
147517656,24613
147524502,24612
147530741,24614
147536940,24613
147543058,24617
147549210,24625
147554643,24610
147560802,24614
147566983,24615
147578357,24612
147584562,24614
147590752,24613
147596948,24614
147603095,24612
147609275,24607
147614709,24613
147620868,24614
147627063,24605
147633235,24608
147639410,24611
147645564,24615
147651706,24612
147657923,24613
147664112,24611
147670315,24612
147676507,24605
147682608,24615
147688769,24615
147694980,24619
147701183,24614
147712639,24610
147718866,24618
147725012,24609
147730468,24616
147737264,24617
147743506,24608
147749662,24610
147755836,24614
147761993,24619
147768228,24615
147774466,24612
147780594,24610
147786768,24615
147792949,24616
147799153,24604
147805374,24611
147811507,24613
147817684,24618
147823889,24614
147829115,24619
147835353,24618
147853583,24622
147859833,24616
147865364,24620
147871554,24620
147877703,24614
147882877,24617
147889050,24615
147895228,24614
147901452,24615
147907638,24617
147913862,24614
147920069,24617
147926247,24621
147932420,24615
147938605,24615
147944825,24615
147951584,24615
147957070,24615
147963210,24623
147969450,24613
147975586,24620
147981755,24616
147987974,24619
147994109,24620
147999346,24623
148005553,24621
148011770,24619
148017152,24621
148023355,24620
148029516,24619
148035691,24615
148041859,24620
148048051,24620
148054222,24620
148060445,24618
148066603,24624
148072781,24620
148078935,24618
148085121,24618
148091369,24620
148097558,24619
148103747,24626
148115172,24628
148121368,24623
148127544,24626
148133747,24618
148139963,24627
148146087,24626
148151538,24625
148157696,24622
148164492,24620
148170654,24624
148176811,24622
148183015,24625
148189207,24628
148195440,24621
148201607,24622
148207777,24628
148213968,24621
148220137,24631
148226376,24628
148231593,24630
148237841,24630
148244013,24622
148250187,24621
148256396,24622
148262575,24630
148268781,24629
148274943,24633
148281088,24626
148286502,24628
148292659,24631
148298801,24627
148304984,24631
148311190,24630
148317421,24624
148323562,24623
148329740,24622
148335932,24628
148342123,24631
148348318,24637
148354526,24624
148360682,24625
148365869,24621
148372643,24631
148384378,24621
148390618,24623
148396811,24621
148403027,24628
148409218,24623
148415437,24623
148420610,24625
148426786,24623
148432952,24624
148439138,24631
148445314,24630
148451484,24623
148457678,24622
148463872,24624
148470014,24624
148476186,24622
148482378,24622
148488559,24624
148494741,24619
148500215,24618
148506427,24617
148512598,24621
148518805,24627
148525018,24630
148531201,24623
148537464,24626
148543583,24628
148549751,24626
148554907,24626
148561072,24624
148567223,24626
148573454,24619
148579646,24626
148586509,24624
148592699,24627
148598931,24620
148605087,24619
148611267,24628
148617428,24624
148623574,24622
148629779,24624
148635239,24625
148641431,24621
148647644,24629
148659030,24621
148665187,24624
148671392,24627
148677620,24626
148683863,24623
148689304,24621
148695553,24625
148701722,24619
148707884,24630
148714091,24619
148720258,24621
148726425,24622
148732594,24622
148738801,24623
148744987,24624
148751187,24622
148757385,24627
148763552,24618
148769720,24624
148775891,24625
148782116,24621
148794127,24623
148800403,24629
148806579,24627
148812786,24623
148818942,24626
148823705,24623
148829927,24620
148836125,24627
148842325,24626
148848560,24631
148854727,24627
148860944,24627
148867176,24628
148873376,24631
148879541,24627
148885679,24635
148891859,24627
148898014,24621
148904219,24626
148909471,24626
148915672,24620
148927361,24630
148933549,24629
148939754,24627
148945911,24629
148952091,24631
148957289,24630
148962720,24629
148968874,24623
148975024,24629
148981216,24628
148987443,24626
148993634,24633
148999838,24629
149006555,24632
149012697,24628
149018850,24636
149025004,24634
149031171,24628
149037402,24634
149043582,24633
149049747,24630
149055940,24628
149062103,24631
149068329,24624
149074561,24631
149080753,24631
149086898,24630
149099704,24625
149105894,24632
149112109,24632
149118267,24633
149124478,24633
149130686,24628
149136882,24627
149143083,24633
149149289,24637
149155492,24638
149161681,24638
149167867,24631
149174072,24642
149179299,24632
149185494,24637
149197175,24632
149203368,24632
149209536,24634
149215642,24636
149222453,24636
149227686,24639
149233123,24636
149239328,24631
149245530,24634
149251717,24638
149257907,24640
149264120,24642
149270308,24633
149276517,24636
149282634,24636
149288823,24631
149295000,24635
149301194,24636
149307445,24642
149312668,24632
149318863,24637
149325033,24632
149331219,24638
149337436,24630
149343647,24640
149349847,24642
149356005,24642
149361427,24634
149366963,24630
149373145,24643
149379351,24640
149385523,24635
149391707,24637
149397936,24637
149404157,24642
149410392,24641
149416531,24638
149422686,24637
149428865,24641
149435644,24634
149441819,24643
149447006,24639
149453170,24645
149459369,24644
149471005,24636
149477205,24634
149483383,24634
149489545,24634
149495674,24636
149501821,24636
149508012,24637
149514184,24639
149520382,24638
149526551,24630
149532673,24635
149538859,24636
149545038,24635
149551222,24642
149557406,24637
149563588,24634
149569742,24634
149575909,24640
149581112,24637
149587314,24642
149593517,24637
149605158,24639
149611360,24636
149617562,24633
149623715,24639
149629852,24637
149635058,24638
149641825,24632
149648047,24641
149654227,24634
149660387,24637
149666587,24634
149672791,24635
149678958,24633
149685141,24634
149691301,24638
149697469,24633
149703650,24629
149709860,24637
149716002,24633
149722193,24638
149728359,24634
149739984,24639
149746161,24638
149752350,24635
149758524,24643
149764647,24640
149769866,24639
149776049,24637
149782210,24641
149788397,24634
149794561,24637
149800763,24641
149806973,24633
149813146,24631
149819303,24636
149825475,24632
149831624,24640
149837818,24639
149844001,24638
149850777,24644
149857012,24637
149863190,24638
149874841,24645
149881002,24641
149887222,24640
149893434,24645
149899622,24645
149904809,24641
149911003,24638
149917176,24641
149922573,24646
149928706,24640
149934942,24644
149941157,24641
149947372,24642
149953541,24640
149959741,24639
149965915,24639
149972150,24643
149978370,24648
149984546,24644
149989722,24641
149995937,24645
150002103,24648
150008296,24646
150014483,24642
150020640,24648
150026865,24651
150033011,24654
150038398,24649
150044576,24645
150050743,24647
150056933,24653
150062753,24651
150068972,24651
150075131,24645
150081284,24650
150087454,24645
150093595,24651
150099780,24652
150105998,24653
150112201,24647
150118386,24650
150124577,24652
150130749,24649
150137004,24650
150148562,24653
150154736,24651
150160910,24643
150167099,24652
150173248,24652
150179460,24654
150185642,24656
150191831,24648
150197021,24652
150203208,24652
150209414,24650
150215581,24656
150221778,24654
150227952,24656
150234086,24649
150240259,24654
150246465,24651
150252657,24653
150258867,24648
150264319,24650
150270562,24651
150282596,24653
150288790,24651
150294969,24649
150301130,24651
150307365,24660
150312843,24654
150319075,24654
150325229,24649
150330453,24654
150343271,24653
150349479,24655
150355703,24653
150361939,24653
150368056,24653
150374220,24657
150380432,24650
150386618,24657
150392854,24647
150398982,24654
150405173,24648
150416857,24651
150423044,24645
150429203,24651
150435394,24649
150441542,24654
150446711,24657
150452917,24650
150459084,24654
150464561,24651
150470735,24651
150476953,24653
150483179,24644
150489376,24648
150496182,24653
150502389,24647
150508561,24644
150514756,24654
150520965,24658
150527176,24648
150532353,24655
150538546,24653
150550208,24649
150556377,24650
150562562,24659
150568740,24654
150574910,24656
150580142,24654
150586369,24652
150592525,24648
150597970,24653
150604160,24650
150610379,24657
150616551,24648
150622724,24649
150628921,24651
150635120,24649
150641362,24650
150647587,24657
150653732,24652
150659930,24653
150666123,24646
150671351,24650
150677533,24646
150683753,24662
150689951,24656
150696078,24651
150702805,24653
150708996,24655
150714449,24661
150720655,24660
150726852,24659
150733065,24656
150739227,24656
150745476,24649
150751646,24661
150757810,24660
150763969,24658
150770178,24655
150776385,24654
150782562,24658
150788740,24652
150794929,24653
150801166,24656
150807393,24654
150813566,24657
150824895,24663
150831061,24662
150837238,24657
150843434,24657
150848899,24659
150855084,24657
150861285,24659
150867504,24659
150872721,24659
150878958,24662
150885079,24656
150891249,24658
150897424,24659
150903601,24662
150909801,24665
150916632,24662
150922856,24660
150929074,24658
150935267,24664
150941475,24659
150947681,24661
150959361,24669
150965570,24669
150971714,24667
150977952,24665
150983192,24667
150989409,24665
150995606,24666
151001790,24666
151007980,24665
151014152,24664
151020354,24660
151026523,24665
151032718,24668
151038940,24668
151045146,24661
151051332,24666
151057541,24662
151063718,24665
151069919,24666
151076071,24659
151081516,24662
151092918,24671
151099064,24670
151105252,24670
151111434,24670
151117643,24678
151124500,24673
151130756,24674
151136965,24670
151143190,24665
151148638,24672
151154795,24671
151160963,24669
151167171,24666
151173372,24671
151179569,24668
151185755,24672
151191947,24672
151198169,24668
151204393,24667
151210587,24665
151215767,24667
151227400,24662
151233585,24665
151239727,24661
151245927,24663
151252126,24669
151257339,24660
151263533,24668
151269715,24669
151275931,24666
151282103,24662
151287536,24670
151293684,24664
151299842,24660
151305997,24669
151312174,24668
151318394,24662
151324584,24660
151330725,24663
151337549,24672
151343715,24662
151349907,24669
151356076,24664
151362239,24660
151368479,24662
151374626,24667
151380805,24672
151386973,24664
151392200,24670
151398414,24664
151404573,24667
151410809,24672
151416977,24660
151422416,24662
151428571,24665
151434726,24669
151440880,24667
151447078,24667
151453287,24667
151459502,24667
151465667,24667
151471893,24668
151478123,24667
151484297,24663
151489528,24669
151495668,24669
151501886,24662
151508108,24666
151514293,24669
151520487,24667
151525893,24666
151532067,24662
151538232,24663
151544462,24666
151551278,24669
151556495,24670
151562654,24669
151568859,24668
151575044,24665
151588082,24674
151594296,24665
151600617,24669
151606815,24666
151613018,24666
151618253,24667
151624469,24676
151630598,24667
151636812,24670
151642983,24668
151649119,24665
151655349,24666
151661534,24665
151667723,24676
151673934,24672
151680086,24664
151685555,24667
151691673,24669
151697838,24669
151704012,24666
151710190,24664
151716367,24666
151722561,24674
151728699,24669
151734915,24673
151741165,24672
151747403,24672
151753589,24672
151759711,24669
151771817,24667
151778015,24676
151784186,24675
151790373,24673
151795808,24674
151802060,24669
151808256,24666
151814488,24672
151820618,24671
151826767,24676
151832967,24669
151839107,24675
151845249,24675
151851487,24673
151857620,24668
151863781,24675
151869944,24674
151876122,24674
151882294,24673
151888513,24679
151893682,24680
151905324,24675
151911539,24678
151917677,24675
151923834,24678
151930029,24675
151936213,24674
151942446,24677
151948614,24683
151954742,24674
151960912,24675
151967057,24676
151973840,24674
151980024,24683
151986203,24679
151992402,24679
151998564,24678
152004801,24678
152011024,24674
152017266,24675
152023453,24674
152028699,24678
152040395,24678
152046569,24681
152052730,24677
152058902,24681
152065104,24676
152070316,24682
152076499,24684
152082711,24676
152088921,24677
152095056,24677
152101200,24682
152107396,24683
152113589,24673
152119806,24676
152125969,24675
152132150,24681
152138348,24676
152144585,24682
152150792,24679
152156984,24673
152162396,24681
152173861,24678
152180043,24684
152186849,24674
152192993,24682
152199144,24678
152204556,24683
152210749,24679
152216993,24675
152223140,24674
152229313,24685
152235517,24675
152241611,24680
152247769,24674
152253962,24676
152260152,24675
152266321,24675
152272518,24671
152278666,24678
152284826,24679
152290995,24678
152296175,24676
152302337,24679
152308546,24674
152314742,24676
152320974,24677
152327119,24677
152333280,24672
152338720,24676
152344921,24676
152351076,24677
152357241,24679
152363431,24675
152369598,24676
152375779,24669
152381984,24676
152388184,24674
152394970,24671
152401163,24674
152407318,24675
152413562,24675
152419799,24674
152425951,24673
152431133,24674
152437300,24674
152448952,24681
152455160,24680
152461372,24676
152467568,24676
152472755,24679
152478950,24682
152485099,24681
152491266,24673
152497464,24674
152503614,24678
152509822,24678
152515975,24682
152522117,24675
152528320,24676
152534494,24677
152540664,24679
152546885,24678
152553011,24674
152559163,24678
152565316,24677
152571479,24677
152583112,24669
152589293,24681
152595507,24681
152601652,24682
152607518,24678
152613735,24675
152619923,24678
152626046,24680
152632208,24680
152638392,24676
152644588,24682
152650835,24678
152656996,24681
152663164,24682
152669329,24675
152675519,24676
152681680,24677
152687912,24675
152694055,24674
152700232,24677
152705652,24683
152717064,24680
152723322,24691
152729553,24684
152735742,24682
152741994,24679
152748176,24678
152754349,24685
152760535,24689
152766706,24685
152772929,24683
152779145,24685
152785356,24683
152791578,24686
152797022,24680
152803220,24684
152809426,24682
152816261,24678
152822503,24674
152834343,24679
152840527,24687
152846756,24691
152853010,24684
152859221,24686
152865439,24688
152871613,24683
152877076,24689
152883268,24690
152889505,24692
152895669,24690
152901832,24685
152908014,24688
152914230,24686
152920453,24691
152926619,24689
152932775,24688
152938964,24685
152945137,24682
152951393,24688
152957585,24689
152963766,24692
152968963,24685
152975108,24689
152986697,24691
152992903,24689
152999052,24694
153005261,24695
153011520,24689
153017692,24690
153023832,24693
153029997,24691
153036687,24692
153042839,24692
153049022,24695
153055265,24690
153061498,24688
153067668,24690
153073878,24688
153080122,24696
153086320,24697
153092495,24688
153098628,24689
153103813,24698
153110025,24693
153121596,24688
153127726,24685
153133908,24688
153140093,24684
153146277,24688
153151518,24686
153157667,24685
153163861,24691
153170025,24687
153176131,24691
153182312,24687
153188518,24689
153194670,24684
153200889,24690
153206322,24689
153212505,24688
153218676,24685
153224855,24687
153231050,24684
153237254,24693
153244015,24687
153255431,24679
153261617,24682
153267842,24687
153274022,24685
153280197,24683
153285673,24683
153291838,24684
153298003,24689
153304154,24679
153310292,24675
153316513,24683
153322690,24687
153328878,24682
153335075,24681
153340282,24683
153346451,24687
153352605,24685
153358736,24689
153364914,24684
153371030,24681
153377210,24688
153383386,24680
153389570,24682
153395728,24680
153401945,24684
153408117,24685
153414330,24685
153419800,24682
153425972,24687
153432179,24687
153438339,24685
153444572,24689
153450782,24688
153457572,24681
153463776,24687
153469932,24684
153475149,24687
153481334,24685
153487540,24685
153493725,24684
153499946,24685
153506093,24683
153512266,24687
153517710,24688
153523888,24684
153530087,24685
153536257,24682
153542483,24681
153548629,24680
153553794,24682
153559944,24684
153566029,24680
153572108,24682
153578241,24688
153584451,24684
153590616,24682
153596852,24685
153603017,24684
153609187,24682
153614612,24691
153620729,24684
153626873,24688
153633078,24686
153639268,24684
153645492,24679
153650704,24687
153656934,24686
153663666,24687
153669923,24693
153676100,24687
153682306,24682
153688548,24688
153694704,24687
153700930,24685
153707082,24691
153713252,24686
153719471,24686
153725622,24688
153731840,24683
153738038,24689
153744192,24685
153749643,24694
153755812,24695
153761961,24689
153768147,24692
153774318,24691
153780519,24682
153785730,24683
153791949,24691
153798139,24689
153804348,24693
153810554,24681
153816713,24693
153822919,24695
153828300,24693
153834508,24688
153840659,24688
153846813,24688
153853024,24694
153859205,24685
153865387,24693
153871575,24691
153878423,24686
153883627,24686
153889830,24692
153896023,24695
153902171,24696
153908356,24692
153914540,24685
153919999,24689
153926179,24684
153932347,24691
153943753,24689
153949972,24683
153956075,24684
153962233,24685
153968435,24692
153974608,24688
153980831,24688
153987034,24686
153993178,24686
153999380,24694
154005578,24687
154011727,24692
154017982,24690
154024090,24688
154030244,24692
154036447,24688
154042600,24687
154048774,24692
154054963,24688
154061131,24685
154067349,24690
154080115,24687
154086357,24688
154093130,24683
154098534,24685
154104671,24692
154110854,24677
154117034,24686
154123268,24684
154129485,24685
154135627,24682
154141810,24685
154148045,24684
154153288,24690
154159465,24687
154165621,24688
154171846,24683
154178033,24687
154184145,24688
154190375,24682
154196575,24689
154202759,24683
154214457,24679
154220597,24683
154226699,24686
154231930,24684
154238092,24684
154244262,24683
154250425,24685
154256579,24677
154262746,24690
154268957,24686
154275120,24682
154281318,24678
154287528,24686
154293700,24686
154300504,24680
154306738,24685
154312931,24684
154319089,24681
154324541,24682
154330656,24677
154336819,24678
154348204,24684
154354353,24684
154360507,24682
154366671,24684
154372889,24681
154379036,24682
154385205,24681
154391441,24683
154397595,24682
154403817,24676
154410003,24684
154416180,24682
154422350,24681
154427786,24679
154433971,24678
154440155,24677
154446318,24680
154452536,24688
154457738,24685
154463968,24679
154470074,24686
154481644,24689
154487802,24686
154493946,24681
154500133,24681
154506358,24685
154513217,24682
154519425,24684
154525603,24681
154531736,24686
154537938,24686
154544167,24682
154550403,24685
154556583,24680
154562773,24683
154568954,24687
154575149,24683
154581412,24685
154587638,24685
154592838,24685
154599023,24685
154605163,24685
154616782,24682
154622944,24687
154629149,24687
154635304,24682
154640535,24683
154646721,24690
154652968,24683
154659154,24684
154665333,24683
154671565,24682
154677751,24684
154683953,24689
154690078,24682
154696297,24682
154702533,24680
154707970,24685
154714144,24687
154720317,24682
154727118,24683
154733321,24685
154739551,24684
154750973,24696
154757139,24687
154763291,24688
154769437,24690
154774842,24682
154781042,24685
154787260,24695
154793479,24684
154799638,24690
154805797,24688
154812019,24687
154818244,24684
154824458,24691
154830646,24687
154836813,24691
154842012,24688
154848197,24688
154854375,24692
154860592,24687
154866764,24686
154872971,24687
154879134,24693
154885323,24693
154891540,24691
154897690,24685
154903889,24685
154909303,24687
154915562,24690
154921771,24693
154928000,24689
154934733,24695
154940943,24691
154947165,24682
154953367,24688
154959572,24688
154965731,24679
154971889,24683
154977080,24687
154983269,24687
154989474,24683
154995673,24686
155001174,24683
155007353,24690
155013582,24688
155024975,24688
155031102,24690
155037249,24683
155043425,24682
155049607,24687
155055833,24686
155062066,24689
155068232,24682
155074394,24689
155080588,24684
155086779,24688
155092994,24687
155099174,24685
155105309,24687
155110694,24683
155116866,24688
155123059,24679
155129235,24683
155135468,24681
155141672,24686
155148542,24686
155159947,24684
155166166,24683
155172323,24679
155178562,24683
155184068,24684
155190278,24685
155196514,24687
155202707,24688
155208900,24681
155215152,24685
155221323,24683
155227518,24681
155233681,24685
155239878,24681
155246020,24685
155252229,24683
155258441,24678
155264648,24684
155270839,24684
155276081,24676
155282226,24680
155293882,24683
155300079,24677
155306280,24680
155312473,24681
155325300,24679
155331554,24681
155337717,24676
155343914,24682
155350093,24682
155356279,24684
155363062,24684
155369216,24684
155375411,24685
155381586,24681
155387719,24675
155393940,24682
155400076,24683
155405323,24679
155411519,24680
155417675,24683
155423886,24684
155430084,24678
155436234,24690
155442375,24679
155448572,24679
155453989,24680
155460203,24677
155466414,24681
155472611,24679
155478755,24681
155484902,24681
155491104,24681
155497293,24677
155503506,24674
155509642,24684
155515815,24689
155521008,24677
155527183,24684
155533359,24674
155538822,24684
155545006,24687
155551220,24681
155557446,24678
155563662,24677
155569829,24685
155576646,24686
155582781,24679
155587993,24680
155594193,24687
155600364,24691
155606554,24689
155612728,24684
155618944,24678
155625133,24685
155631306,24678
155637501,24684
155643650,24682
155649869,24682
155656086,24686
155662265,24684
155668442,24684
155673880,24686
155680127,24686
155686307,24680
155697794,24685
155704006,24688
155710177,24685
155716376,24687
155721803,24689
155727988,24690
155734184,24689
155740347,24685
155746575,24690
155752688,24690
155758856,24688
155765012,24683
155771160,24690
155777342,24684
155784207,24686
155790428,24690
155796597,24689
155802733,24686
155807942,24687
155814142,24688
155820323,24691
155826523,24687
155832670,24686
155838862,24693
155845047,24687
155851186,24690
155856614,24687
155862751,24689
155868928,24691
155875128,24686
155881320,24683
155887555,24692
155893708,24690
155899887,24691
155906057,24688
155912241,24691
155918417,24690
155924627,24692
155930790,24691
155936956,24692
155942153,24687
155948339,24690
155954556,24696
155960730,24691
155966968,24682
155973109,24679
155979260,24686
155985430,24687
155991566,24689
155997772,24687
156003978,24686
156010160,24686
156016344,24687
156022539,24688
156028724,24688
156034947,24684
156041127,24689
156047296,24685
156053509,24689
156059701,24683
156065916,24691
156072072,24685
156076732,24683
156082917,24684
156089096,24681
156095259,24687
156106650,24682
156112809,24679
156118992,24686
156125182,24683
156131368,24680
156137578,24685
156143739,24683
156149972,24688
156156137,24683
156162281,24682
156168452,24682
156174624,24686
156180826,24685
156187040,24688
156193203,24688
156199942,24689
156206173,24680
156211641,24683
156217765,24680
156223926,24684
156230125,24692
156241514,24684
156247744,24684
156253972,24689
156260128,24683
156265537,24682
156271749,24679
156277953,24677
156284176,24685
156290352,24683
156296566,24680
156302759,24682
156308927,24681
156315123,24682
156321315,24681
156327544,24676
156333738,24683
156339907,24680
156346122,24681
156350661,24681
156356890,24680
156363056,24681
156369264,24691
156375412,24676
156381628,24683
156387809,24681
156394015,24682
156399470,24685
156405656,24676
156412442,24672
156418652,24680
156424792,24685
156430937,24678
156437125,24674
156443283,24683
156449505,24687
156455685,24678
156461844,24679
156468059,24678
156474262,24682
156480493,24684
156485038,24678
156491172,24683
156497369,24679
156503528,24683
156515152,24685
156521343,24685
156527559,24684
156533723,24683
156539937,24680
156546160,24684
156552361,24689
156565144,24684
156571352,24685
156577576,24686
156583760,24682
156590002,24685
156596121,24682
156602307,24682
156608535,24677
156613966,24680
156619187,24688
156625364,24684
156632156,24680
156638358,24681
156644578,24683
156650779,24683
156656970,24694
156663124,24681
156668551,24684
156674720,24681
156680923,24684
156687064,24680
156693241,24682
156699447,24682
156705632,24681
156711735,24686
156717862,24684
156724045,24680
156730272,24685
156736467,24689
156742655,24686
156747817,24687
156753305,24673
156759572,24680
156765767,24688
156771927,24685
156778146,24682
156784311,24688
156790540,24692
156796738,24687
156802894,24681
156809074,24688
156815229,24685
156821433,24686
156827663,24685
156833754,24681
156840582,24687
156846709,24682
156852855,24683
156859055,24688
156865260,24684
156871473,24689
156877641,24689
156882878,24686
156888324,24686
156894558,24680
156900714,24683
156906870,24687
156913008,24681
156924409,24687
156930619,24691
156936790,24687
156943009,24682
156949149,24684
156955336,24692
156961567,24690
156967753,24689
156973986,24686
156980157,24686
156986335,24687
156992518,24685
156998701,24682
157004866,24681
157011074,24689
157016506,24684
157022671,24687
157028876,24683
157035037,24685
157041200,24688
157048003,24691
157059408,24682
157065610,24688
157071784,24683
157077246,24679
157083472,24682
157089623,24676
157095827,24680
157102038,24682
157108206,24676
157114361,24685
157120596,24677
157126790,24677
157132990,24681
157139174,24679
157145354,24681
157150616,24676
157156817,24679
157162296,24683
157168526,24681
157174689,24688
157180854,24681
157187043,24680
157193254,24678
157199448,24678
157205674,24683
157211838,24682
157218019,24684
157224239,24681
157230442,24683
157236620,24680
157242766,24684
157248970,24684
157255175,24681
157261953,24679
157268152,24683
157274328,24679
157280552,24676
157285797,24682
157292045,24676
157297460,24680
157303644,24679
157309749,24680
157315898,24688
157327232,24688
157333459,24684
157339637,24676
157345851,24685
157351304,24686
157357533,24690
157363729,24684
157369949,24682
157376132,24681
157382358,24679
157388568,24682
157394738,24682
157400946,24678
157407151,24679
157413347,24680
157419579,24681
157425745,24684
157431919,24679
157437112,24676
157443266,24680
157449389,24681
157455586,24679
157461743,24681
157468581,24686
157474778,24687
157480975,24681
157486410,24686
157492620,24683
157498788,24690
157504975,24687
157511151,24687
157517324,24683
157523569,24682
157529754,24675
157535907,24687
157542053,24683
157548265,24690
157554497,24687
157559711,24684
157565908,24682
157571362,24684
157577590,24690
157583717,24678
157589911,24687
157601257,24691
157607463,24692
157613638,24685
157619818,24690
157626052,24688
157632179,24689
157638365,24694
157644519,24687
157650718,24687
157656934,24688
157663139,24690
157669348,24694
157675562,24691
157682383,24689
157688606,24684
157694010,24689
157700185,24689
157705355,24694
157711504,24690
157717694,24684
157723925,24690
157730133,24685
157736322,24686
157742539,24686
157748765,24685
157754972,24685
157760377,24693
157766574,24690
157772730,24685
157778904,24682
157785079,24686
157791312,24694
157797566,24686
157810319,24688
157816616,24685
157822912,24688
157829170,24685
157835328,24690
157841519,24691
157847686,24681
157853906,24691
157865579,24684
157871750,24687
157877937,24684
157884156,24684
157889397,24683
157896223,24685
157902397,24686
157908573,24682
157914739,24683
157920963,24686
157927122,24681
157933287,24688
157939534,24680
157945707,24689
157951914,24682
157957375,24686
157963616,24687
157969751,24687
157975890,24692
157982035,24685
157988243,24687
157999702,24678
158005951,24684
158012103,24682
158018264,24682
158023697,24684
158029907,24682
158036075,24682
158042261,24678
158048395,24688
158054585,24677
158060733,24686
158066911,24689
158073098,24685
158079338,24683
158085555,24680
158091730,24681
158097942,24674
158104128,24685
158110885,24684
158117055,24682
158123203,24681
158134590,24680
158140765,24670
158147008,24676
158153246,24680
158158678,24681
158164822,24676
158170985,24673
158177180,24676
158183343,24682
158189566,24681
158195712,24680
158201934,24683
158208111,24682
158214330,24681
158220563,24679
158226734,24681
158231943,24682
158238142,24680
158244307,24682
158249737,24677
158255840,24679
158262005,24682
158273426,24680
158279614,24680
158285829,24675
158292062,24680
158297560,24676
158303771,24678
158309945,24676
158316122,24676
158322850,24679
158329003,24679
158335194,24679
158341369,24688
158347605,24681
158353761,24680
158359965,24670
158365155,24678
158371310,24684
158377488,24682
158382899,24677
158389087,24677
158395318,24683
158406770,24681
158412997,24679
158419153,24680
158425344,24675
158430786,24683
158436968,24680
158443149,24678
158449346,24680
158455565,24680
158461698,24682
158467884,24679
158474053,24677
158480250,24677
158486409,24679
158492616,24681
158498757,24677
158503976,24678
158510171,24677
158516306,24684
158521724,24684
158527922,24682
158534781,24681
158540960,24683
158547166,24681
158553345,24687
158559588,24681
158564813,24687
158571008,24681
158577170,24683
158583376,24684
158589582,24681
158595736,24680
158601968,24679
158608130,24679
158614287,24688
158620419,24683
158626597,24681
158632809,24680
158638255,24682
158644472,24684
158650675,24682
158655884,24682
158662107,24689
158668344,24684
158674545,24689
158680751,24684
158686979,24679
158693170,24685
158699362,24683
158705541,24685
158711695,24688
158717927,24686
158724137,24690
158730306,24685
158736518,24679
158743369,24688
158749574,24683
158755786,24690
158762016,24679
158768212,24690
158773632,24685
158779733,24686
158785962,24689
158791207,24687
158797421,24688
158803613,24686
158809760,24687
158821460,24687
158827695,24688
158833848,24685
158839014,24681
158845166,24686
158851349,24687
158857546,24684
158863714,24679
158869943,24686
158876102,24683
158882277,24684
158888472,24681
158894652,24687
158900810,24685
158906276,24678
158912433,24684
158918659,24682
158924771,24685
158930011,24686
158936163,24683
158942319,24678
158948510,24683
158955297,24680
158961471,24682
158967658,24677
158973105,24674
158979263,24683
158985433,24683
158991656,24685
158997772,24681
159004025,24676
159010222,24681
159016470,24687
159022696,24677
159028872,24678
159035077,24682
159040297,24680
159046466,24684
159059265,24679
159065445,24677
159071707,24681
159077966,24677
159089595,24677
159095777,24679
159101959,24675
159107180,24676
159113370,24674
159119582,24679
159125734,24678
159131890,24684
159138095,24676
159144258,24679
159150413,24683
159156648,24679
159162836,24678
159169725,24674
159176022,24676
159182204,24678
159188342,24677
159194546,24676
159199951,24679
159206181,24684
159212383,24672
159223807,24676
159230036,24678
159236255,24675
159241725,24680
159247854,24683
159254021,24681
159260217,24674
159266390,24674
159272593,24676
159278739,24674
159284953,24682
159291160,24676
159297362,24676
159303606,24678
159309742,24678
159315893,24676
159322047,24678
159328207,24682
159333411,24676
159339591,24679
159345782,24676
159351999,24676
159358166,24676
159364308,24684
159370531,24679
159375992,24681
159382697,24679
159388871,24678
159395011,24677
159401209,24683
159407385,24674
159413620,24675
159419822,24678
159425992,24677
159432197,24673
159438376,24680
159444573,24680
159449741,24671
159455918,24673
159462106,24680
159468253,24675
159474406,24678
159480614,24673
159486780,24672
159498498,24677
159504704,24683
159509869,24678
159516050,24678
159522178,24682
159528354,24678
159534531,24681
159540720,24683
159546906,24680
159553096,24683
159559242,24681
159565453,24685
159571631,24679
159577821,24684
159583266,24684
159589427,24677
159596184,24683
159602358,24676
159608593,24679
159614774,24680
159620935,24677
159632340,24683
159638522,24686
159643922,24677
159650120,24682
159656311,24676
159662498,24685
159668695,24681
159674831,24681
159681021,24683
159687204,24680
159693366,24676
159699604,24686
159705813,24683
159711997,24681
159718167,24677
159724338,24683
159730539,24680
159736732,24685
159742929,24683
159749152,24689
159755368,24680
159766810,24685
159773031,24680
159778466,24681
159784691,24676
159790802,24683
159796958,24687
159803742,24681
159809905,24681
159816113,24680
159822312,24676
159828542,24685
159834725,24686
159840917,24684
159847047,24674
159853243,24681
159858430,24682
159864615,24680
159870785,24686
159877032,24678
159883191,24678
159889369,24682
159895579,24675
159901799,24679
159908047,24681
159913438,24681
159919627,24678
159925769,24677
159931934,24679
159938105,24681
159944314,24674
159950556,24679
159956733,24681
159962877,24675
159969075,24680
159975243,24676
159981436,24679
159987617,24684
159992831,24679
159999052,24682
160005196,24678
160011985,24677
160018248,24682
160024468,24679
160029906,24684
160036092,24674
160042251,24678
160047434,24682
160053597,24681
160059761,24678
160065956,24676
160072151,24678
160078317,24678
160084531,24674
160090717,24675
160096925,24674
160103118,24683
160109292,24679
160115441,24675
160121601,24679
160127030,24676
160133240,24682
160139470,24680
160145682,24678
160151913,24685
160158100,24675
160164283,24676
160175694,24679
160181096,24675
160187294,24679
160193513,24677
160199659,24679
160205807,24676
160211999,24676
160218205,24674
160225051,24685
160231239,24676
160237382,24686
160243618,24679
160249796,24678
160255999,24672
160261163,24678
160267323,24678
160273533,24676
160279692,24682
160285873,24678
160292101,24672
160305118,24671
160311323,24680
160317547,24675
160323686,24679
160329848,24677
160336020,24679
160342214,24675
160348417,24678
160354630,24679
160360760,24679
160366962,24680
160373187,24680
160379339,24682
160385551,24678
160390747,24686
160396922,24675
160403136,24684
160409316,24675
160415556,24685
160421755,24681
160427938,24680
160434128,24680
160445677,24675
160451104,24683
160457259,24679
160463428,24674
160469667,24675
160475859,24675
160482011,24677
160488163,24677
160494324,24678
160500521,24671
160506702,24678
160512857,24681
160519025,24680
160525204,24680
160531407,24675
160537609,24678
160543752,24679
160549982,24680
160556161,24678
160562379,24676
160568628,24677
160579227,24679
160584651,24678
160590768,24680
160596919,24685
160603103,24678
160609307,24681
160615512,24680
160621714,24686
160627870,24683
160634062,24686
160640242,24682
160646404,24682
160653215,24690
160659364,24680
160665532,24689
160671690,24686
160677881,24687
160684047,24683
160690236,24682
160696435,24676
160702645,24685
160713178,24677
160719342,24686
160725544,24688
160731714,24688
160737905,24687
160744115,24682
160750264,24685
160756499,24686
160762670,24679
160768845,24681
160775071,24680
160781204,24687
160787370,24688
160793559,24682
160798955,24686
160805133,24688
160811380,24683
160817617,24685
160823767,24683
160829933,24683
160836116,24681
160842281,24688
160852897,24681
160859670,24677
160865810,24676
160871960,24688
160878132,24676
160884296,24681
160890517,24679
160896713,24680
160902894,24679
160909063,24683
160915242,24675
160921406,24682
160927620,24678
160933808,24673
160939991,24682
160946175,24679
160952331,24677
160958570,24679
160964780,24675
160971005,24683
160982391,24681
160988537,24677
160994671,24672
161000088,24673
161006280,24674
161012486,24678
161018697,24674
161024878,24675
161031078,24675
161037300,24678
161043485,24683
161049662,24677
161055803,24675
161061998,24678
161068727,24674
161073919,24672
161080125,24670
161086308,24671
161092513,24677
161098738,24671
161104945,24679
161111124,24672
161117284,24671
161122731,24672
161128888,24673
161134096,24677
161140253,24665
161146457,24669
161152652,24675
161158802,24675
161165039,24673
161171216,24676
161177390,24667
161183546,24670
161189709,24682
161195929,24678
161202122,24675
161207541,24674
161213698,24675
161219826,24677
161226004,24667
161232229,24671
161238417,24671
161244619,24670
161250769,24676
161256911,24674
161262068,24673
161267491,24678
161273709,24677
161280517,24673
161286707,24673
161292890,24670
161299073,24671
161305283,24678
161311493,24672
161317674,24673
161323803,24670
161329965,24675
161336150,24676
161342383,24671
161348610,24670
161354797,24674
161360983,24674
161367181,24676
161373366,24674
161379548,24675
161385697,24671
161396327,24674
161402455,24682
161408639,24674
161414845,24676
161421049,24679
161427227,24679
161433410,24675
161439611,24677
161445753,24675
161451958,24676
161458104,24675
161464218,24679
161470388,24673
161476562,24675
161482721,24680
161489513,24678
161495717,24677
161501950,24676
161508122,24672
161514234,24675
161520415,24675
161531361,24682
161537565,24682
161550401,24683
161556680,24678
161562838,24684
161569091,24688
161575309,24681
161581449,24681
161587674,24683
161593808,24689
161600030,24678
161606212,24687
161611438,24682
161617643,24680
161623820,24684
161630064,24682
161636238,24684
161642447,24678
161648629,24682
161654800,24684
161660220,24690
161666415,24687
161672620,24687
161677829,24688
161684035,24691
161690204,24682
161696368,24684
161703062,24687
161709260,24683
161715424,24688
161721619,24691
161727787,24685
161734014,24685
161740193,24689
161745637,24685
161751853,24686
161758065,24689
161764260,24685
161770433,24686
161776641,24688
161782800,24683
161788965,24683
161799600,24678
161805818,24677
161811300,24684
161817509,24683
161823710,24675
161829886,24680
161836060,24686
161842234,24683
161848420,24683
161854634,24680
161860761,24683
161866917,24682
161873094,24684
161879279,24680
161884491,24683
161890687,24684
161896853,24678
161903081,24683
161909272,24682
161916096,24682
161922253,24680
161928433,24678
161939062,24675
161945245,24685
161951453,24678
161957654,24676
161963829,24682
161970044,24674
161976181,24681
161982377,24679
161988552,24683
161994743,24684
162000963,24686
162007142,24681
162013250,24677
162018682,24677
162024843,24678
162031033,24684
162037201,24678
162043418,24680
162049614,24674
162055698,24679
162061845,24677
162072496,24681
162078684,24681
162084874,24682
162091073,24685
162097268,24679
162103443,24680
162109663,24683
162115821,24680
162122646,24682
162128874,24686
162135092,24677
162141237,24678
162147400,24680
162152822,24680
162159007,24678
162165163,24678
162171383,24677
162177599,24674
162183784,24678
162189965,24677
162196160,24678
162206777,24675
162213016,24672
162219147,24672
162224574,24676
162230766,24669
162236943,24673
162243149,24674
162249361,24673
162255582,24675
162261724,24667
162267857,24679
162274052,24679
162280219,24673
162286403,24676
162292630,24670
162298871,24671
162305056,24679
162311240,24681
162317441,24675
162323624,24678
162329774,24677
162341092,24678
162347249,24677
162353419,24676
162359617,24674
162365789,24677
162372003,24678
162378136,24680
162384260,24678
162390398,24679
162396585,24673
162402791,24682
162409010,24677
162415175,24675
162421337,24676
162426797,24674
162432992,24680
162439208,24674
162445394,24675
162451625,24676
162457741,24676
162463896,24679
162475213,24679
162480647,24680
162486807,24672
162492997,24675
162498218,24675
162504414,24682
162510607,24678
162516764,24679
162522968,24678
162529159,24677
162535278,24682
162542038,24686
162548231,24684
162554454,24680
162559913,24680
162566125,24678
162572345,24679
162578559,24683
162584753,24680
162590897,24686
162597081,24678
162603303,24682
162609544,24675
162614751,24675
162620960,24675
162627191,24675
162632610,24678
162638787,24680
162645000,24674
162651136,24682
162657322,24679
162663535,24685
162669735,24679
162675897,24677
162682048,24682
162688223,24682
162694409,24681
162700645,24678
162706840,24678
162713004,24681
162719212,24684
162725387,24682
162731583,24685
162737732,24681
162748297,24677
162755102,24681
162761300,24685
162766752,24681
162772954,24681
162779135,24685
162791956,24683
162798168,24677
162804425,24679
162810659,24677
162816855,24684
162823046,24688
162829273,24688
162835534,24681
162841759,24685
162847913,24683
162854099,24684
162860293,24682
162866518,24684
162872696,24682
162878852,24683
162885063,24683
162891241,24682
162896468,24684
162902646,24679
162908796,24676
162914988,24681
162921164,24676
162927289,24685
162933461,24683
162939637,24681
162945825,24678
162952026,24681
162958185,24679
162964417,24678
162970530,24681
162976785,24676
162983013,24677
162989182,24679
162995363,24682
163001558,24676
163007708,24682
163018706,24681
163024852,24678
163030045,24681
163036243,24684
163042441,24681
163048652,24676
163054794,24679
163060959,24676
163067171,24680
163073274,24672
163079458,24678
163085663,24681
163091824,24677
163098032,24675
163103487,24678
163109685,24683
163115835,24684
163121980,24678
163128145,24677
163134319,24676
163140477,24682
163146720,24680
163152890,24673
163158114,24668
163164272,24678
163170444,24672
163176628,24680
163183402,24677
163189584,24682
163195767,24678
163201973,24673
163208159,24671
163214318,24677
163220489,24676
163226714,24677
163232890,24678
163238358,24673
163244598,24675
163250768,24688
163256911,24679
163263064,24671
163269255,24679
163275453,24680
163281654,24677
163292265,24681
163298427,24678
163304645,24675
163310835,24674
163317033,24679
163323188,24682
163329330,24673
163335486,24676
163341660,24673
163347863,24680
163354089,24681
163360263,24676
163366437,24678
163371897,24678
163378098,24679
163384267,24675
163391021,24675
163397204,24677
163403375,24685
163409577,24679
163415740,24678
163426372,24678
163432532,24683
163437969,24682
163444211,24678
163450419,24674
163456628,24678
163462797,24679
163468958,24685
163475140,24677
163481368,24678
163487565,24679
163493793,24679
163499956,24678
163506133,24677
163512346,24684
163518528,24682
163524750,24676
163530914,24675
163537084,24676
163543257,24679
163549444,24680
163555642,24678
163561805,24683
163567958,24682
163573138,24681
163579334,24676
163585572,24691
163591748,24683
163598526,24690
163604718,24678
163610902,24680
163617122,24680
163623309,24686
163629499,24680
163635718,24689
163641893,24681
163647359,24684
163653574,24681
163659782,24686
163665931,24687
163672092,24679
163678295,24685
163684484,24683
163690685,24684
163702083,24682
163707501,24689
163713724,24685
163719840,24686
163726004,24697
163732205,24688
163738340,24682
163744533,24677
163750749,24690
163756891,24686
163763077,24682
163769301,24677
163775489,24680
163780739,24686
163786961,24689
163793168,24688
163799302,24680
163806079,24680
163812288,24685
163818469,24684
163824646,24685
163836285,24692
163841495,24689
163847680,24686
163853872,24684
163860071,24684
163866271,24683
163872445,24683
163878709,24682
163884905,24677
163891095,24681
163897296,24680
163903493,24685
163909702,24679
163915127,24684
163921343,24680
163927488,24679
163933689,24681
163939812,24679
163946003,24675
163952195,24685
163958395,24678
163964638,24674
163970798,24686
163976024,24682
163981473,24679
163987651,24683
163993775,24677
163999976,24684
164006126,24678
164012361,24676
164019133,24680
164025322,24682
164038168,24677
164044347,24678
164050644,24676
164056855,24677
164063050,24678
164069283,24675
164075459,24679
164081695,24681
164087830,24676
164094060,24680
164100241,24675
164105679,24679
164110860,24681
164117079,24675
164123252,24677
164129402,24674
164135568,24674
164141747,24674
164147912,24681
164154154,24679
164160290,24673
164166525,24677
164172755,24675
164178993,24682
164184435,24672
164190667,24673
164196830,24669
164203037,24673
164209228,24675
164215419,24671
164221628,24679
164227805,24671
164239125,24675
164245230,24671
164251371,24669
164257524,24674
164263720,24672
164269897,24674
164276116,24677
164282297,24691
164288471,24678
164294664,24674
164300858,24674
164307093,24674
164313255,24676
164318684,24676
164324802,24672
164330925,24673
164337065,24679
164343239,24681
164349464,24673
164355701,24676
164361848,24676
164368035,24676
164374251,24672
164380442,24670
164385659,24676
164391808,24676
164398017,24678
164404232,24674
164410454,24676
164416682,24670
164422879,24678
164429122,24679
164435333,24670
164442087,24681
164448289,24669
164453713,24674
164459879,24682
164466066,24679
164472255,24674
164478443,24679
164484669,24679
164490828,24681
164496995,24672
164503190,24678
164514621,24670
164520037,24672
164526211,24673
164532384,24675
164538597,24674
164544760,24673
164550907,24676
164557064,24670
164563249,24679
164569442,24670
164575671,24668
164581834,24676
164587009,24680
164593171,24679
164599340,24677
164605506,24675
164611743,24679
164617917,24674
164624123,24679
164630266,24680
164636451,24675
164642649,24674
164648849,24677
164654866,24674
164661050,24678
164667215,24677
164673408,24682
164679643,24675
164685796,24676
164691962,24676
164698154,24682
164704384,24681
164710635,24678
164716769,24682
164721964,24676
164728157,24681
164734278,24682
164740451,24678
164746660,24683
164752878,24679
164759130,24681
164765227,24680
164771391,24686
164777597,24682
164788170,24675
164794330,24678
164800505,24676
164806669,24684
164812813,24671
164819036,24678
164825211,24682
164831405,24672
164837627,24677
164843829,24680
164850049,24681
164856228,24675
164862968,24679
164869239,24680
164875392,24683
164881533,24674
164887763,24675
164893919,24682
164900135,24682
164906299,24678
164912460,24678
164923083,24667
164929199,24667
164935378,24668
164941576,24673
164947790,24672
164954018,24672
164960187,24672
164966393,24666
164972585,24669
164978772,24669
164984981,24674
164991200,24671
164996628,24671
165002753,24675
165009020,24671
165015225,24666
165021392,24674
165027581,24669
165033756,24675
165039922,24669
165046100,24670
165057472,24670
165063667,24668
165069850,24668
165075985,24662
165082200,24668
165088384,24668
165094585,24667
165100745,24668
165106910,24668
165113137,24666
165119239,24666
165125384,24669
165130819,24661
165137001,24674
165143201,24667
165149452,24667
165155674,24663
165161848,24669
165168018,24672
165174212,24673
165180355,24673
165191742,24664
165197179,24669
165203374,24666
165209618,24663
165214832,24668
165221022,24670
165227216,24665
165233410,24667
165239580,24664
165245771,24666
165251916,24670
165258122,24666
165264243,24663
165269620,24665
165282408,24668
165289159,24665
165295431,24663
165301660,24667
165307844,24672
165314075,24667
165325684,24676
165330929,24666
165337132,24668
165342627,24662
165348834,24667
165355010,24665
165361209,24665
165367401,24673
165373616,24667
165379798,24669
165385976,24668
165392107,24666
165397310,24672
165403495,24665
165409682,24667
165415871,24665
165422088,24675
165428250,24669
165434410,24672
165440621,24666
165446794,24670
165458463,24661
165463670,24663
165469884,24670
165476094,24671
165481561,24670
165487789,24668
165493947,24667
165500139,24662
165506876,24665
165513035,24668
165519214,24665
165525411,24667
165531636,24668
165537797,24666
165543946,24668
165550164,24671
165556386,24664
165562515,24674
165568742,24675
165574878,24667
165581026,24668
165592420,24674
165597814,24672
165603989,24665
165610143,24677
165615372,24672
165621597,24673
165627766,24667
165633961,24668
165640153,24670
165646279,24670
165652446,24673
165658598,24668
165664758,24672
165670916,24673
165677129,24674
165683256,24676
165689404,24671
165695609,24672
165701794,24673
165707996,24670
165714865,24669
165721073,24669
165727209,24676
165732610,24670
165738768,24672
165744928,24678
165751170,24674
165757357,24675
165763586,24675
165769786,24670
165775956,24668
165782139,24673
165788331,24675
165794521,24675
165800718,24677
165806835,24673
165812016,24672
165818231,24673
165824431,24672
165830620,24670
165836796,24669
165843045,24675
165849261,24673
165855390,24677
165866998,24677
165873176,24677
165879349,24677
165885607,24679
165890815,24678
165897062,24675
165903254,24673
165909415,24671
165915617,24670
165922405,24678
165928647,24671
165934805,24672
165940943,24671
165946432,24672
165952699,24669
165958870,24673
165965038,24670
165971252,24667
165977451,24671
165983702,24670
165989862,24669
166001227,24671
166006671,24676
166012813,24663
166019026,24669
166025191,24673
166030425,24672
166036629,24675
166042819,24675
166049056,24673
166055227,24668
166061397,24667
166067603,24672
166073774,24670
166079201,24668
166085394,24662
166091589,24667
166097782,24669
166103955,24666
166110165,24670
166116360,24670
166122587,24665
166128806,24665
166135653,24667
166141859,24665
166148031,24664
166154216,24667
166160385,24663
166165586,24664
166171775,24660
166178008,24665
166184230,24664
166190392,24667
166196561,24669
166202765,24663
166208914,24666
166214406,24665
166220626,24666
166226776,24666
166232944,24669
166239126,24660
166245318,24661
166251526,24661
166257685,24666
166263868,24666
166275322,24657
166281521,24668
166287693,24665
166293863,24661
166299294,24663
166305461,24660
166311686,24664
166317872,24661
166324048,24669
166330275,24664
166336472,24659
166342700,24665
166348563,24665
166354752,24665
166360992,24659
166367198,24661
166373358,24666
166379561,24660
166385746,24664
166391896,24661
166398128,24660
166404281,24664
166410460,24667
166415942,24663
166422143,24661
166428291,24669
166433493,24668
166439636,24664
166445809,24662
166452039,24668
166458225,24663
166464384,24665
166470527,24661
166476733,24665
166482905,24666
166489142,24669
166495286,24661
166501467,24663
166507677,24660
166513877,24667
166526950,24659
166533160,24662
166539429,24664
166544659,24668
166550825,24665
166557051,24665
166563935,24668
166570163,24670
166576327,24666
166582490,24663
166588710,24660
166594915,24665
166601152,24670
166607302,24666
166613452,24671
166618877,24675
166625049,24669
166631240,24668
166637428,24668
166643632,24667
166649842,24661
166656016,24664
166662198,24661
166668407,24668
166679835,24668
166686039,24670
166692224,24676
166698363,24667
166703784,24664
166709988,24664
166716177,24669
166722388,24665
166728607,24667
166734763,24669
166740909,24666
166747076,24670
166752285,24669
166758480,24671
166764667,24675
166771404,24667
166777643,24669
166783815,24668
166790041,24670
166796208,24669
166802328,24667
166813890,24659
166820104,24659
166826316,24658
166832522,24660
166838758,24667
166844890,24663
166851068,24656
166857254,24659
166863435,24661
166869651,24664
166875821,24662
166881994,24659
166887186,24660
166893352,24660
166899546,24657
166905741,24661
166911891,24660
166918143,24659
166924313,24659
166930493,24658
166936656,24659
166948267,24661
166953499,24661
166959685,24662
166965857,24659
166972068,24657
166978232,24659
166985084,24654
166991273,24658
166997434,24657
167003589,24656
167009773,24654
167015919,24658
167021414,24657
167027603,24651
167033816,24653
167039973,24662
167046168,24659
167052363,24655
167058527,24652
167064737,24652
167070929,24655
167077104,24655
167083289,24647
167088516,24654
167094713,24648
167100886,24651
167107102,24655
167113245,24656
167119432,24649
167125623,24654
167131840,24652
167138009,24652
167144179,24649
167150306,24654
167155760,24652
167161894,24650
167168073,24654
167174266,24653
167180474,24652
167186717,24655
167193539,24657
167199786,24650
167205951,24650
167212112,24654
167222782,24648
167228924,24653
167235123,24642
167241288,24645
167247486,24641
167253737,24645
167258910,24648
167265142,24655
167271273,24650
167277431,24642
167283638,24642
167289821,24645
167296013,24649
167302198,24650
167308390,24652
167314567,24654
167320755,24652
167326923,24648
167333133,24645
167339295,24652
167345448,24647
167357140,24652
167363330,24643
167369541,24647
167375739,24648
167381933,24650
167388141,24650
167394327,24650
167400475,24645
167407308,24651
167413500,24644
167419729,24647
167425838,24650
167431034,24651
167437254,24647
167443433,24650
167449650,24653
167455834,24653
167462070,24649
167468220,24651
167474318,24649
167480460,24651
167492102,24646
167497340,24651
167503511,24653
167509720,24655
167515885,24651
167522136,24655
167528291,24647
167534443,24651
167540643,24655
167546817,24644
167553034,24655
167559212,24652
167564617,24652
167570778,24652
167576930,24654
167583106,24658
167589283,24655
167595434,24657
167601633,24658
167607819,24656
167614614,24655
167626024,24654
167631472,24655
167637646,24660
167643833,24662
167650053,24657
167656194,24661
167662346,24662
167668512,24659
167674712,24661
167680874,24658
167687041,24658
167693211,24651
167698442,24654
167704663,24654
167710823,24655
167717051,24655
167723221,24653
167729368,24656
167735558,24656
167741733,24657
167747891,24661
167754107,24656
167760264,24653
167773019,24656
167779270,24652
167785486,24654
167791734,24652
167797895,24647
167804116,24645
167809575,24651
167815802,24649
167822041,24647
167828243,24649
167835048,24648
167841287,24657
167847472,24648
167853711,24647
167859902,24648
167866089,24650
167872266,24650
167878431,24642
167884624,24647
167896033,24652
167901507,24650
167907720,24647
167913936,24646
167920173,24642
167926396,24646
167932612,24650
167938805,24647
167944908,24649
167951038,24638
167957259,24648
167962480,24645
167968657,24646
167974857,24644
167981070,24645
167987242,24647
167993389,24648
167999570,24642
168005742,24645
168011898,24646
168018167,24643
168029807,24641
168034989,24639
168041790,24647
168048012,24647
168054238,24648
168060427,24649
168066629,24643
168072796,24645
168078980,24644
168085176,24638
168091353,24647
168096807,24643
168102996,24645
168109200,24644
168115430,24650
168121667,24644
168127843,24643
168133991,24639
168140141,24640
168146323,24649
168152543,24643
168163993,24647
168169451,24652
168175656,24648
168181848,24646
168188029,24640
168194182,24644
168200354,24647
168206491,24640
168212740,24645
168218888,24647
168224088,24642
168230309,24646
168235878,24645
168242068,24645
168248232,24643
168255004,24648
168261217,24645
168267396,24647
168273540,24637
168279738,24643
168285953,24643
168297649,24642
168303877,24647
168310051,24649
168316264,24643
168322478,24643
168328707,24646
168334850,24648
168341023,24644
168347196,24649
168353380,24649
168358619,24640
168364793,24648
168370216,24648
168376474,24648
168382715,24649
168388904,24648
168395066,24649
168401233,24647
168407426,24645
168413612,24637
168419806,24647
168431222,24644
168437368,24647
168443577,24647
168449775,24645
168455994,24643
168462801,24648
168469024,24647
168475247,24644
168481422,24646
168487640,24644
168493084,24646
168499288,24647
168504511,24644
168510725,24647
168516907,24645
168523149,24651
168529321,24645
168535495,24644
168541680,24653
168547841,24643
168554054,24649
168565735,24651
168571909,24656
168578095,24652
168583297,24655
168589517,24654
168595749,24651
168601896,24654
168608089,24644
168614247,24658
168620431,24659
168626618,24658
168632061,24660
168637239,24651
168643425,24659
168649601,24661
168655794,24656
168661966,24655
168668172,24655
168674934,24655
168681156,24655
168687363,24654
168693551,24656
168699775,24654
168705967,24649
168712182,24653
168717665,24655
168723878,24655
168730023,24655
168736217,24649
168742432,24655
168748644,24646
168754796,24651
168760967,24652
168766180,24654
168771615,24655
168777826,24649
168784019,24647
168790192,24644
168796394,24653
168802591,24653
168808800,24653
168814961,24653
168821148,24645
168827376,24652
168833602,24648
168839794,24646
168845918,24645
168852101,24653
168858282,24646
168864449,24645
168870632,24644
168876835,24645
168882998,24641
168889806,24643
168896006,24645
168901186,24641
168906630,24641
168912819,24645
168918994,24647
168925245,24642
168931465,24653
168937728,24648
168943892,24650
168950087,24642
168956306,24644
168962491,24646
168973936,24641
168980151,24643
168986295,24640
168991737,24641
168997865,24642
169004002,24644
169016763,24645
169022961,24642
169029211,24641
169034639,24644
169039842,24643
169046070,24642
169052273,24643
169058446,24646
169064645,24647
169070827,24639
169076985,24640
169083200,24644
169089343,24647
169095528,24645
169107873,24647
169114073,24647
169120251,24640
169125630,24641
169131818,24644
169137972,24647
169144150,24645
169150358,24645
169156547,24645
169162776,24645
169168006,24647
169173461,24642
169179690,24640
169185880,24642
169192108,24645
169198300,24640
169204462,24651
169210677,24641
169216888,24644
169223049,24648
169229214,24640
169240607,24648
169246802,24647
169252933,24637
169258417,24645
169264644,24650
169270801,24642
169276926,24642
169283084,24644
169289245,24640
169295415,24642
169301629,24642
169306848,24645
169313673,24644
169319919,24646
169326164,24646
169332298,24644
169338479,24645
169344657,24642
169350816,24646
169356996,24648
169363209,24642
169369328,24643
169375497,24642
169381686,24650
169387858,24647
169393324,24644
169399518,24644
169405770,24643
169411908,24640
169418060,24636
169424240,24646
169430435,24649
169436694,24643
169441857,24653
169447277,24652
169453465,24644
169459666,24649
169465854,24644
169472020,24651
169478176,24651
169484336,24652
169490514,24647
169496768,24646
169502935,24648
169509082,24652
169515240,24646
169521434,24653
169527256,24655
169533444,24654
169539631,24654
169545783,24654
169551939,24653
169558159,24654
169564334,24649
169570541,24644
169576023,24649
169581219,24654
169587407,24646
169593601,24651
169599818,24655
169605999,24652
169612151,24647
169618325,24647
169624489,24653
169630669,24650
169636830,24649
169643040,24652
169649247,24651
169655397,24653
169661550,24646
169667730,24653
169673926,24647
169680112,24644
169686280,24651
169692414,24652
169698609,24648
169704822,24652
169710987,24651
169716439,24644
169722651,24649
169728850,24646
169735633,24649
169741823,24646
169748002,24648
169754176,24652
169760341,24654
169766506,24644
169772744,24642
169778919,24654
169790347,24655
169796527,24654
169801965,24654
169808162,24648
169814344,24655
169820503,24655
169826733,24651
169832909,24646
169839097,24649
169845271,24649
169850480,24652
169856674,24653
169862898,24648
169869085,24648
169875281,24651
169881468,24653
169887685,24650
169893870,24645
169900093,24654
169906336,24653
169912567,24658
169924218,24642
169930437,24654
169936633,24651
169942850,24650
169949694,24654
169955872,24648
169962031,24653
169968214,24647
169974450,24650
169980666,24646
169986901,24653
169993065,24651
169999234,24648
170005432,24654
170011565,24649
170017785,24647
170023942,24655
170030124,24657
170036275,24650
170042465,24647
170048662,24652
170054831,24653
170061010,24647
170067177,24652
170072421,24652
170078565,24652
170084769,24660
170090947,24653
170097220,24645
170103384,24652
170109533,24652
170115748,24655
170121172,24655
170126404,24654
170132586,24653
170138748,24654
170144915,24653
170151110,24658
170157970,24659
170164200,24650
170170345,24654
170176547,24648
170182748,24647
170188924,24651
170195147,24662
170201323,24664
170206790,24660
170212939,24657
170219139,24661
170225296,24656
170231450,24659
170237639,24659
170243844,24654
170249998,24662
170262777,24662
170268955,24659
170275214,24655
170281429,24656
170287626,24655
170293863,24657
170300031,24655
170306226,24657
170312425,24658
170318635,24661
170330096,24661
170335543,24664
170341745,24663
170347905,24666
170354075,24667
170360254,24661
170366417,24666
170373237,24665
170379441,24665
170385640,24667
170390867,24661
170396329,24658
170402513,24664
170408704,24664
170414847,24666
170420960,24666
170427149,24667
170433345,24664
170439525,24666
170445769,24657
170451974,24664
170458192,24666
170464418,24663
170469617,24676
170475803,24672
170482006,24668
170488239,24669
170494352,24675
170500543,24668
170506792,24667
170512964,24670
170519187,24671
170525362,24666
170530036,24668
170536262,24668
170542429,24671
170548632,24662
170554821,24665
170560993,24664
170567164,24666
170573348,24675
170579520,24667
170586379,24665
170592545,24667
170598773,24668
170603971,24665
170610158,24667
170616299,24666
170622491,24667
170628646,24662
170634828,24661
170641041,24668
170647263,24664
170653369,24668
170659548,24661
170664976,24665
170671128,24670
170677333,24663
170683537,24665
170689754,24666
170695946,24656
170702165,24659
170708349,24666
170714528,24659
170720754,24664
170726923,24664
170738300,24660
170744454,24664
170750613,24665
170756773,24659
170762960,24655
170769185,24659
170775324,24660
170781488,24664
170787666,24660
170794372,24657
170799820,24663
170805026,24663
170811209,24658
170817372,24663
170823546,24658
170829731,24660
170835932,24663
170842148,24652
170848303,24663
170854468,24659
170860651,24657
170866841,24656
170873015,24657
170878454,24661
170884580,24662
170890788,24664
170896928,24661
170903090,24660
170909287,24660
170915503,24662
170921728,24662
170927898,24664
170934095,24661
170939277,24663
170945352,24663
170951497,24664
170957664,24665
170963834,24663
170970071,24661
170976264,24665
170982437,24655
170988619,24663
170994814,24668
171001572,24668
171012287,24656
171018442,24668
171024590,24663
171030761,24657
171036928,24667
171043118,24660
171049298,24669
171055498,24659
171061696,24663
171067865,24665
171073307,24668
171078512,24661
171084682,24665
171090866,24662
171097073,24664
171103309,24665
171109476,24665
171115674,24668
171121850,24667
171128018,24662
171134209,24658
171140348,24669
171146477,24669
171152661,24665
171158856,24669
171165020,24667
171171239,24672
171177372,24672
171183582,24674
171189774,24669
171195916,24668
171202123,24669
171207550,24675
171213259,24673
171219463,24675
171225622,24675
171231824,24673
171238018,24668
171244218,24667
171250353,24674
171256547,24674
171262764,24677
171268938,24673
171275128,24674
171286718,24669
171292883,24674
171299057,24675
171305238,24673
171311436,24681
171317643,24679
171323858,24680
171330038,24673
171336251,24681
171342419,24679
171346966,24677
171353173,24676
171359350,24676
171365511,24687
171371739,24677
171377900,24679
171384114,24678
171390320,24682
171396509,24681
171402675,24683
171408855,24680
171414987,24678
171421839,24689
171427353,24690
171433580,24688
171439821,24688
171446022,24686
171452168,24689
171458385,24688
171464586,24689
171470818,24683
171476949,24687
171481500,24680
171487710,24686
171493907,24690
171506700,24692
171512899,24685
171519214,24678
171525383,24688
171531570,24686
171537775,24685
171543948,24695
171555560,24689
171561780,24684
171567923,24686
171574157,24684
171580366,24684
171586552,24686
171592789,24686
171598936,24683
171605119,24681
171610319,24686
171615735,24687
171621875,24687
171628034,24686
171634217,24684
171640946,24684
171647160,24686
171653378,24686
171659571,24683
171665788,24683
171671973,24681
171678155,24687
171684343,24689
171690514,24686
171695682,24687
171701845,24681
171708087,24685
171714300,24683
171720453,24690
171726679,24683
171732854,24680
171739008,24685
171744476,24686
171749675,24693
171755834,24682
171761987,24686
171768209,24678
171774408,24680
171780576,24681
171786788,24688
171792970,24679
171799218,24685
171805412,24686
171811589,24688
171817806,24689
171823958,24683
171830210,24684
171836378,24689
171842561,24685
171849245,24684
171855447,24685
171861679,24680
171867895,24686
171874097,24687
171879574,24684
171884790,24687
171890959,24684
171897181,24684
171903380,24684
171909527,24686
171915723,24687
171921921,24684
171928154,24682
171934360,24687
171940561,24692
171946730,24680
171952892,24690
171964509,24686
171970725,24690
171976866,24678
171983000,24686
171989189,24688
171995362,24687
172001582,24692
172007769,24686
172012970,24692
172019191,24688
172025368,24686
172031558,24691
172037791,24690
172043978,24687
172050204,24687
172056349,24690
172063167,24690
172069349,24688
172075502,24688
172081712,24688
172087907,24694
172099520,24696
172104754,24693
172110908,24690
172117126,24695
172123328,24694
172129502,24694
172135722,24696
172141921,24696
172147320,24697
172153484,24693
172159683,24696
172165877,24692
172172056,24691
172178228,24699
172184423,24690
172190577,24695
172196797,24690
172202954,24696
172209091,24692
172215256,24697
172221444,24699
172227580,24691
172233766,24705
172238975,24698
172245161,24701
172251359,24700
172257514,24695
172263710,24697
172270450,24709
172276676,24709
172282133,24701
172288315,24700
172294510,24694
172299714,24700
172305890,24707
172312125,24705
172318316,24702
172324459,24698
172330664,24703
172336869,24702
172343048,24702
172349253,24705
172355429,24703
172361634,24702
172373260,24711
172379473,24710
172385665,24705
172391850,24712
172397978,24712
172404138,24716
172410304,24706
172415496,24706
172421648,24712
172427837,24715
172434013,24709
172439500,24711
172445680,24702
172451857,24714
172458004,24710
172464181,24709
172470465,24713
172476663,24707
172483524,24710
172489725,24709
172495908,24713
172507290,24708
172512696,24711
172518877,24708
172525072,24716
172531280,24717
172537487,24709
172543683,24700
172549896,24713
172556031,24713
172562201,24715
172568419,24708
172573627,24706
172579849,24705
172586017,24715
172592243,24708
172598393,24713
172604582,24706
172610791,24709
172616965,24707
172623183,24709
172629288,24704
172635406,24713
172647023,24719
172653202,24714
172659387,24711
172665555,24705
172671788,24711
172677977,24708
172684185,24712
172689395,24710
172696224,24712
172702435,24710
172707877,24710
172714001,24711
172720156,24706
172726355,24709
172732563,24708
172738782,24708
172751551,24710
172757766,24710
172764024,24706
172775696,24713
172781873,24709
172788056,24717
172794265,24705
172800467,24715
172806688,24719
172812873,24717
172819042,24715
172825223,24713
172831382,24713
172837560,24716
172843797,24709
172849980,24713
172856157,24708
172862371,24712
172868568,24709
172874801,24714
172880945,24713
172887105,24713
172893283,24711
172899466,24713
172905697,24713
172912487,24711
172918714,24721
172924913,24718
172931154,24716
172937371,24714
172943547,24715
172949767,24713
172955915,24723
172962094,24721
172968256,24725
172974444,24714
172979635,24719
172985863,24715
172992057,24715
172998287,24715
173004482,24719
173010683,24719
173016864,24711
173023113,24712
173029310,24720
173035439,24720
173047107,24721
173053297,24725
173058511,24724
173064725,24728
173070938,24725
173077099,24721
173083279,24729
173089410,24725
173095569,24726
173101798,24720
173107966,24720
173113412,24726
173120211,24727
173126433,24734
173132631,24725
173138847,24726
173144988,24721
173151153,24729
173157360,24729
173163554,24728
173169785,24726
173181183,24727
173187354,24733
173192768,24729
173198955,24733
173205103,24730
173211272,24733
173217457,24726
173223622,24726
173229834,24727
173235044,24729
173241243,24732
173247367,24728
173253573,24729
173259799,24731
173265992,24730
173272239,24726
173278411,24727
173284567,24732
173290763,24729
173296890,24728
173303102,24738
173314788,24742
173320954,24736
173327109,24741
173333904,24737
173340078,24739
173346247,24740
173352434,24742
173358596,24740
173364821,24744
173370025,24742
173376241,24737
173382430,24745
173387877,24734
173394074,24745
173400271,24749
173406488,24746
173412681,24737
173418891,24741
173425026,24740
173431222,24742
173437424,24748
173443624,24740
173449859,24747
173456076,24745
173462251,24739
173467465,24740
173473659,24740
173479850,24741
173486006,24747
173492216,24740
173498420,24746
173504603,24743
173510825,24745
173517029,24734
173523244,24749
173529410,24743
173535570,24746
173542342,24742
173548542,24742
173554746,24740
173560924,24750
173567138,24742
173573307,24739
173585071,24738
173591291,24743
173597572,24741
173603080,24741
173609270,24746
173615428,24737
173621626,24740
173627819,24742
173633952,24738
173639169,24734
173645369,24741
173651554,24738
173657741,24740
173663906,24738
173670129,24745
173676327,24737
173682484,24751
173688732,24741
173694928,24740
173701123,24740
173707313,24737
173718909,24742
173725049,24744
173731231,24739
173736450,24744
173742625,24743
173749326,24745
173755488,24746
173761672,24748
173767835,24746
173773297,24738
173779488,24748
173785709,24746
173791908,24751
173798093,24739
173804289,24745
173810455,24745
173816633,24740
173822852,24739
173828946,24745
173835126,24741
173841290,24748
173852709,24744
173858888,24737
173865111,24740
173870577,24739
173876796,24731
173882924,24743
173889135,24737
173895320,24740
173901525,24741
173907743,24739
173913986,24742
173920176,24748
173926367,24747
173932539,24742
173938733,24745
173944908,24745
173951107,24744
173957337,24744
173964090,24749
173970320,24748
173976510,24745
173987918,24745
173999930,24742
174006139,24744
174012414,24748
174018635,24745
174024754,24753
174030949,24751
174037179,24751
174042399,24750
174048660,24750
174054871,24748
174061025,24751
174067253,24748
174073439,24756
174079617,24748
174085798,24751
174091963,24757
174098138,24753
174104300,24753
174110432,24743
174116621,24751
174122816,24751
174128978,24754
174134459,24761
174140638,24759
174146869,24748
174153018,24750
174159179,24756
174165363,24756
174171549,24758
174177696,24752
174183892,24754
174190060,24758
174196271,24757
174202455,24754
174208720,24752
174213911,24754
174220098,24753
174226285,24756
174232415,24765
174238592,24759
174244806,24759
174250980,24761
174257187,24767
174263356,24765
174268783,24763
174274957,24765
174281124,24766
174287238,24759
174293427,24767
174299592,24761
174305807,24763
174311030,24763
174317233,24767
174323394,24763
174329571,24768
174335771,24763
174341932,24768
174348096,24767
174354318,24768
174360432,24768
174366586,24767
174372758,24759
174378941,24766
174391281,24778
174397500,24772
174403705,24777
174409889,24767
174416120,24775
174422316,24770
174428464,24771
174434639,24769
174440873,24770
174446310,24770
174452494,24777
174458717,24775
174464896,24770
174471091,24769
174477274,24770
174483453,24772
174488658,24766
174494834,24773
174501015,24774
174507232,24778
174513366,24773
174519560,24776
174525712,24779
174531880,24775
174538089,24775
174543564,24773
174549782,24772
174555914,24777
174562070,24768
174568188,24777
174574353,24771
174580535,24775
174586769,24769
174592956,24765
174599811,24774
174605959,24775
174612140,24775
174618311,24771
174623542,24768
174629724,24769
174635925,24771
174642111,24777
174648314,24775
174654500,24771
174666142,24778
174672390,24774
174677596,24771
174683768,24775
174689934,24775
174696124,24772
174702325,24775
174708509,24775
174714673,24768
174720869,24774
174727037,24774
174733273,24768
174739469,24774
174745673,24772
174751862,24767
174758007,24770
174763438,24774
174769602,24777
174775838,24771
174782009,24766
174788202,24774
174799647,24772
174806409,24773
174812645,24772
174818818,24778
174824966,24776
174831173,24777
174837355,24774
174843527,24771
174849702,24783
174855140,24769
174861315,24777
174867563,24776
174873835,24771
174879967,24775
174886136,24773
174892299,24775
174897528,24773
174903728,24778
174909912,24769
174916109,24771
174922304,24775
174928448,24775
174934640,24778
174940852,24778
174947009,24778
174953227,24775
174959340,24777
174965536,24779
174971754,24780
174977953,24779
174984183,24777
174989645,24775
174995861,24778
175001995,24778
175008169,24778
175014333,24782
175021112,24778
175027255,24778
175032485,24781
175038753,24781
175045031,24780
175051242,24778
175057463,24775
175063649,24778
175075302,24788
175081501,24783
175086708,24784
175092872,24776
175099043,24779
175105246,24787
175111423,24783
175117629,24782
175123085,24790
175129296,24788
175135508,24789
175141737,24788
175147906,24780
175154032,24789
175160190,24791
175166362,24786
175172599,24791
175178833,24792
175185002,24788
175191228,24781
175197483,24786
175208920,24791
175215109,24795
175221303,24790
175228007,24795
175234242,24787
175247276,24791
175252498,24795
175258718,24793
175264937,24802
175271130,24794
175277379,24785
175283606,24792
175289777,24796
175295944,24801
175301392,24794
175307575,24796
175313855,24797
175319979,24798
175326170,24793
175332351,24795
175338551,24800
175344791,24793
175350971,24802
175356164,24798
175362327,24798
175368465,24799
175374639,24805
175380838,24801
175387031,24805
175393239,24805
175399446,24798
175405659,24798
175411857,24806
175418084,24805
175424283,24809
175430425,24804
175436569,24801
175443273,24797
175449539,24806
175455741,24807
175462007,24805
175473730,24812
175479981,24806
175486179,24809
175491367,24809
175497599,24807
175503855,24806
175510031,24810
175516249,24806
175522412,24810
175527859,24806
175534080,24810
175540271,24810
175546474,24809
175552651,24809
175558877,24805
175565026,24801
175571227,24806
175577422,24810
175583627,24806
175589837,24802
175596022,24806
175607381,24799
175613566,24806
175619755,24802
175625154,24802
175631331,24802
175637507,24799
175643700,24800
175649936,24796
175656718,24801
175661926,24802
175668082,24804
175674317,24799
175680519,24805
175686733,24801
175692907,24805
175699144,24806
175705355,24807
175711555,24810
175716996,24802
175723208,24803
175729381,24810
175735600,24805
175741827,24805
175747977,24802
175754133,24807
175759330,24805
175765483,24809
175771688,24807
175777891,24802
175784103,24806
175790330,24807
175795794,24812
175802034,24812
175808247,24803
175814433,24807
175820600,24804
175826824,24807
175832988,24807
175839136,24805
175845315,24811
175851567,24811
175856803,24808
175862949,24804
175869800,24806
175881477,24806
175887656,24811
175893831,24806
175899958,24809
175906092,24806
175912217,24804
175918410,24806
175924593,24809
175929849,24808
175936041,24807
175942259,24804
175948441,24805
175954648,24810
175960859,24811
175967041,24805
175973275,24807
175979444,24804
175985650,24807
175991086,24809
175997328,24813
176003507,24812
176009696,24815
176015920,24815
176022083,24808
176028219,24810
176033462,24816
176039643,24816
176045867,24812
176052077,24817
176058289,24815
176064408,24814
176070586,24814
176077284,24813
176083412,24811
176089546,24811
176095753,24810
176101951,24812
176108130,24810
176114357,24814
176120532,24811
176125938,24818
176132125,24813
176138317,24815
176144565,24811
176155988,24812
176162211,24813
176167657,24812
176173865,24821
176180035,24812
176186217,24813
176192427,24818
176198608,24812
176203861,24815
176210049,24822
176216294,24818
176222469,24813
176228622,24819
176234805,24815
176240969,24822
176247178,24819
176253339,24818
176259480,24817
176265695,24822
176271910,24811
176278130,24817
176290443,24821
176296639,24823
176302882,24829
176308986,24824
176315160,24824
176321353,24820
176327551,24824
176333802,24830
176338980,24829
176345180,24821
176351372,24828
176357518,24828
176363687,24825
176369859,24825
176376010,24822
176382241,24831
176388385,24828
176394559,24820
176399954,24831
176406141,24826
176412357,24829
176418536,24826
176424772,24842
176430917,24837
176437101,24841
176442316,24842
176448514,24845
176454713,24839
176460914,24843
176467141,24846
176473375,24842
176479504,24845
176492524,24841
176498742,24848
176505630,24841
176511873,24851
176518059,24846
176524272,24848
176530505,24842
176536677,24844
176542893,24852
176549081,24851
176560518,24865
176566660,24862
176572086,24856
176578267,24857
176584455,24862
176590652,24860
176596862,24862
176602974,24856
176608148,24865
176614370,24861
176620536,24859
176626723,24858
176632858,24859
176639042,24861
176645272,24861
176651442,24866
176657642,24863
176663865,24861
176670039,24858
176676245,24861
176682438,24865
176694035,24851
176700219,24854
176706414,24856
176712640,24857
176719507,24856
176725727,24857
176731938,24852
176738181,24852
176743416,24856
176749583,24858
176755786,24857
176761976,24855
176768157,24859
176774374,24859
176780567,24859
176786791,24859
176792996,24862
176799262,24853
176805449,24853
176810903,24854
176817035,24860
176828431,24860
176834591,24861
176840749,24855
176846930,24859
176853088,24860
176859292,24858
176865451,24863
176871639,24859
176877098,24865
176883281,24866
176889446,24855
176895605,24859
176901858,24859
176907947,24857
176914129,24855
176920311,24855
176927069,24859
176933283,24862
176939462,24860
176945662,24859
176951866,24859
176963259,24862
176969414,24860
176975561,24859
176980975,24861
176987161,24864
176993364,24861
176999561,24865
177005784,24860
177011010,24862
177017224,24862
177022993,24868
177029168,24861
177035338,24869
177041464,24867
177047611,24859
177053805,24859
177060011,24862
177066224,24862
177072384,24868
177078511,24861
177084685,24867
177090111,24863
177101430,24873
177107581,24871
177113744,24871
177119237,24871
177125459,24870
177131636,24864
177138453,24869
177144629,24871
177149898,24872
177156056,24865
177162288,24870
177168429,24870
177174595,24871
177180786,24877
177186977,24871
177193213,24873
177199390,24869
177205530,24867
177211715,24871
177217893,24864
177223314,24865
177234686,24874
177240872,24882
177247074,24873
177252544,24872
177258775,24876
177264942,24879
177271128,24877
177277319,24887
177282571,24872
177288818,24868
177294971,24876
177301165,24878
177307332,24876
177313464,24877
177319643,24872
177325851,24875
177332049,24878
177338297,24876
177344445,24875
177351274,24876
177357436,24872
177362892,24878
177369017,24876
177375178,24874
177381352,24882
177386604,24884
177392853,24885
177399025,24878
177405263,24875
177411451,24874
177416883,24884
177423048,24877
177429224,24880
177435437,24875
177441599,24877
177447780,24878
177453986,24882
177460129,24885
177466278,24881
177472465,24880
177478643,24882
177484871,24883
177491015,24875
177496201,24876
177502368,24877
177508513,24876
177514684,24875
177520924,24874
177527135,24876
177533336,24876
177539532,24883
177545759,24877
177551923,24876
177558646,24875
177564868,24878
177571060,24875
177577300,24873
177583496,24878
177589747,24873
177595937,24873
177602164,24874
177608388,24880
177614562,24882
177620796,24878
177626971,24873
177632389,24869
177638570,24875
177650006,24873
177655494,24881
177661675,24874
177667879,24872
177674022,24867
177680238,24870
177686444,24871
177692621,24872
177698806,24873
177704984,24879
177711130,24875
177717312,24874
177723494,24873
177736311,24874
177742466,24881
177748691,24874
177754945,24871
177761134,24871
177767338,24867
177779595,24870
177785023,24870
177791213,24868
177797416,24870
177803629,24873
177809857,24868
177815983,24878
177821218,24873
177827419,24869
177833561,24876
177839754,24865
177845938,24873
177852081,24873
177858304,24873
177864454,24870
177870607,24873
177876805,24868
177882999,24876
177889249,24875
177895394,24866
177901542,24875
177913139,24871
177919302,24869
177925492,24870
177931625,24870
177937858,24873
177944050,24873
177950236,24878
177955442,24872
177961578,24876
177967743,24876
177973888,24875
177980071,24875
177986927,24870
177993176,24872
177999357,24874
178005514,24875
178011736,24879
178017957,24883
178024177,24876
178030381,24879
178036480,24881
178048103,24874
178054255,24879
178059457,24874
178065629,24877
178071831,24873
178078010,24877
178084213,24875
178089637,24878
178095843,24878
178101985,24879
178108175,24874
178114382,24882
178120566,24881
178126781,24877
178132980,24875
178139201,24877
178145376,24874
178151544,24883
178157785,24875
178163948,24874
178170102,24877
178180710,24877
178186910,24881
178193655,24882
178199925,24883
178206119,24882
178212325,24884
178218536,24879
178223983,24881
178230188,24885
178236368,24883
178242577,24877
178248770,24884
178254939,24879
178261113,24880
178267268,24886
178273463,24884
178279630,24884
178285836,24882
178291998,24881
178298153,24884
178304327,24881
178314943,24882
178321139,24881
178327339,24881
178332738,24871
178338944,24878
178345111,24884
178351275,24876
178357438,24874
178362641,24880
178368857,24875
178375040,24879
178381253,24871
178387438,24876
178393600,24876
178399787,24881
178406543,24880
178412782,24877
178418986,24881
178425156,24879
178431373,24877
178437532,24882
178443746,24883
178454359,24878
178460481,24879
178466675,24877
178472149,24875
178478318,24870
178484498,24879
178490667,24878
178495912,24879
178502095,24878
178508279,24877
178514412,24882
178520576,24872
178526770,24879
178532992,24879
178539218,24874
178545399,24875
178551605,24877
178557835,24872
178564019,24874
178570209,24878
178576388,24874
178587357,24871
178593577,24878
178599813,24876
178604993,24866
178611217,24876
178618063,24873
178624305,24875
178629732,24869
178635889,24875
178642022,24877
178648152,24876
178654292,24872
178660453,24880
178666627,24878
178672809,24872
178678958,24874
178685174,24876
178691379,24873
178697563,24879
178703749,24869
178709948,24868
178716072,24873
178722258,24882
178728450,24876
178734613,24880
178739819,24879
178746002,24877
178752230,24879
178758376,24879
178764531,24880
178770714,24881
178776907,24876
178783086,24877
178789286,24881
178795469,24884
178801644,24879
178807820,24877
178814007,24878
178820242,24878
178827049,24880
178833235,24878
178839423,24883
178845586,24877
178851826,24879
178862438,24883
178868675,24885
178874146,24881
178880383,24886
178886604,24881
178892805,24885
178898973,24882
178904137,24882
178910351,24880
178916469,24880
178922640,24884
178928831,24887
178934994,24881
178941224,24884
178947389,24888
178953569,24886
178959767,24879
178965972,24887
178978743,24886
178984976,24890
178995696,24888
179001870,24890
179007316,24885
179013521,24887
179019739,24885
179025964,24893
179032152,24892
179037391,24891
179044195,24892
179050431,24893
179056563,24883
179062796,24888
179069034,24889
179075254,24892
179081411,24889
179087555,24884
179093765,24887
179099969,24884
179106160,24890
179112336,24889
179118463,24886
179129432,24891
179135604,24890
179140775,24891
179147014,24895
179153221,24895
179159380,24893
179165556,24894
179170988,24890
179177125,24890
179183299,24890
179189492,24890
179195650,24888
179201892,24889
179208049,24894
179214236,24890
179220426,24888
179226632,24892
179232867,24892
179239020,24895
179245204,24892
179251391,24894
179262509,24892
179268692,24892
179274885,24891
179281071,24896
179287326,24886
179293515,24888
179299701,24886
179305161,24891
179311350,24890
179317523,24888
179323686,24884
179329896,24891
179336029,24888
179342216,24896
179348387,24888
179354600,24890
179360834,24888
179367015,24886
179373162,24886
179379358,24887
179385561,24890
179396952,24889
179403148,24891
179409375,24897
179414771,24892
179420966,24889
179427136,24888
179433310,24883
179439472,24888
179445630,24887
179451842,24891
179458008,24886
179464822,24884
179471024,24889
179477202,24890
179483352,24894
179489568,24888
179495759,24885
179501934,24890
179508154,24891
179514399,24893
179520613,24891
179532055,24892
179537499,24894
179543692,24894
179548918,24889
179555113,24892
179561336,24895
179567440,24895
179573573,24896
179579005,24891
179585150,24888
179591295,24896
179597483,24890
179603695,24892
179609920,24888
179616109,24894
179622283,24894
179628471,24894
179634653,24896
179640892,24892
179647060,24896
179653225,24887
179659387,24892
179670852,24895
179676991,24895
179683184,24897
179689399,24893
179695595,24893
179701812,24893
179708016,24896
179713425,24893
179719610,24894
179725785,24895
179731957,24892
179738111,24896
179744317,24900
179750527,24896
179756764,24896
179762968,24894
179769141,24895
179775365,24892
179781507,24887
179787665,24898
179793890,24899
179805276,24893
179810726,24896
179816971,24906
179823099,24896
179829283,24896
179835538,24897
179841665,24902
179847881,24898
179854015,24899
179860179,24898
179866381,24906
179872580,24907
179878812,24909
179885648,24902
179891887,24903
179898115,24902
179904353,24898
179910567,24909
179916772,24900
179922970,24907
179929145,24896
179935332,24900
179941533,24903
179946742,24900
179952981,24906
179959160,24905
179964628,24907
179970812,24905
179977030,24905
179983210,24900
179988385,24899
179994503,24903
180000676,24912
180006862,24899
180013017,24906
180019248,24911
180025434,24910
180031578,24906
180037759,24911
180043949,24908
180050189,24899
180056387,24907
180062535,24910
180068707,24904
180074895,24901
180080341,24903
180086497,24903
180092700,24901
180098569,24901
180104761,24901
180110935,24903
180117099,24902
180122518,24899
180128665,24900
180134957,24895
180141136,24903
180147314,24902
180153524,24896
180159677,24901
180165895,24900
180172070,24899
180178234,24908
180184414,24904
180190620,24902
180196863,24895
180203073,24901
180214445,24897
180226478,24903
180232684,24902
180238933,24896
180245124,24896
180251323,24898
180257476,24903
180263615,24901
180269873,24897
180276139,24900
180282387,24901
180288649,24900
180294912,24900
180301090,24895
180307335,24905
180314252,24900
180320408,24905
180326559,24903
180332741,24903
180344432,24903
180349689,24903
180355901,24901
180362094,24909
180367587,24906
180373812,24904
180379968,24907
180386107,24907
180391308,24909
180397417,24901
180403613,24899
180409811,24900
180415991,24900
180422203,24903
180428455,24907
180434622,24900
180440825,24905
180447013,24903
180453203,24904
180459363,24906
180465496,24900
180471682,24901
180483357,24907
180489547,24909
180495719,24902
180500964,24905
180507159,24909
180513356,24913
180519481,24908
180525578,24905
180531765,24909
180537940,24908
180544117,24910
180550320,24904
180556487,24900
180562670,24909
180568871,24904
180575056,24904
180581257,24908
180587424,24910
180593612,24902
180599826,24899
180606028,24909
180617696,24913
180622918,24911
180629094,24911
180635331,24913
180641448,24909
180647621,24913
180653746,24918
180659911,24912
180666087,24911
180672327,24912
180678510,24907
180684706,24913
180690923,24913
180697111,24913
180703334,24915
180709507,24914
180715686,24912
180721891,24915
180728011,24916
180734828,24916
180741019,24919
180752655,24915
180757904,24918
180764102,24915
180770319,24919
180775750,24919
180781952,24917
180788141,24911
180794328,24918
180799510,24919
180805690,24920
180811891,24913
180818036,24914
180824251,24912
180830401,24913
180836575,24913
180842713,24914
180848903,24917
180855033,24916
180861212,24916
180867459,24912
180873618,24912
180885235,24912
180891405,24912
180896628,24919
180902844,24915
180909002,24916
180915157,24916
180921353,24913
180927520,24915
180933699,24916
180939897,24911
180946657,24913
180952858,24913
180959014,24906
180965211,24914
180971418,24907
180977553,24911
180983716,24909
180989911,24914
180996067,24920
181002323,24914
181008470,24915
181020082,24923
181026267,24918
181031492,24916
181037629,24918
181043817,24917
181049237,24917
181055418,24917
181061601,24917
181067813,24913
181074009,24915
181080206,24912
181086401,24915
181092605,24915
181098841,24913
181104977,24911
181111106,24915
181117300,24918
181123442,24913
181129616,24920
181135856,24910
181142001,24911
181148227,24917
181155001,24908
181161132,24919
181166342,24919
181172529,24920
181178675,24916
181184125,24911
181190288,24914
181196447,24919
181202641,24916
181207854,24917
181214027,24917
181220238,24911
181226471,24918
181232625,24919
181238792,24918
181244986,24917
181251161,24912
181257349,24917
181263511,24912
181269689,24914
181275891,24912
181282050,24917
181293694,24920
181299935,24917
181305133,24921
181311332,24916
181317474,24923
181323638,24925
181329844,24920
181336061,24924
181342299,24920
181348440,24921
181354607,24915
181360822,24922
181367502,24919
181373696,24917
181379887,24920
181386037,24918
181392241,24922
181398471,24918
181404676,24920
181410858,24919
181417079,24916
181428696,24922
181434901,24921
181440100,24918
181446278,24927
181452460,24923
181457835,24931
181470644,24921
181476854,24920
181483085,24930
181489293,24925
181495486,24932
181501671,24922
181507915,24924
181514058,24928
181520217,24926
181526381,24925
181532626,24928
181538873,24925
181545044,24923
181551233,24922
181557400,24931
181563625,24929
181568867,24934
181575048,24932
181581854,24932
181587318,24931
181593496,24929
181599679,24927
181605926,24929
181612092,24929
181617278,24929
181623476,24932
181629676,24934
181635901,24938
181642077,24938
181648259,24936
181654433,24932
181660614,24926
181666760,24921
181672950,24929
181679143,24928
181685348,24930
181691504,24930
181697646,24931
181703842,24932
181710005,24929
181716226,24927
181721686,24935
181727920,24931
181734060,24931
181740262,24924
181746455,24921
181751691,24932
181757860,24929
181764046,24930
181770254,24929
181776449,24928
181782612,24930
181788809,24931
181795527,24935
181801709,24933
181807892,24930
181814080,24928
181820283,24927
181826444,24932
181838137,24924
181844340,24926
181850491,24925
181856650,24929
181862844,24922
181869033,24929
181875240,24929
181881428,24920
181886856,24933
181892996,24932
181899157,24925
181905341,24930
181911551,24925
181917702,24924
181923931,24921
181930088,24927
181936310,24920
181942523,24916
181948717,24927
181954921,24921
181961068,24926
181972470,24920
181978625,24923
181984776,24920
181990931,24921
181997089,24918
182003892,24925
182010121,24926
182016352,24921
182021802,24924
182028028,24916
182034246,24927
182040425,24924
182046619,24921
182052838,24926
182059004,24923
182065136,24930
182071316,24927
182077506,24923
182083703,24930
182089932,24919
182096120,24925
182107474,24926
182113621,24930
182119023,24925
182125170,24933
182130353,24932
182136510,24930
182142696,24928
182148925,24932
182154388,24923
182160568,24936
182166751,24931
182172956,24923
182179096,24926
182185273,24934
182191475,24928
182197631,24931
182203841,24932
182210015,24929
182216861,24929
182223005,24921
182229182,24934
182240530,24933
182246688,24929
182252888,24928
182258349,24934
182264521,24935
182270738,24929
182276953,24932
182283128,24926
182289297,24931
182295496,24923
182301682,24931
182307890,24932
182314039,24930
182320200,24928
182326361,24932
182332531,24934
182338745,24925
182344985,24933
182351148,24933
182357325,24941
182363510,24933
182374900,24938
182381070,24933
182387258,24935
182392665,24937
182398870,24932
182405044,24936
182411242,24934
182417434,24935
182424225,24940
182429455,24937
182435615,24939
182441765,24938
182447921,24936
182454083,24937
182460282,24936
182466449,24941
182472631,24932
182478791,24939
182484987,24934
182491194,24942
182497420,24935
182503625,24934
182509815,24940
182515986,24944
182522177,24947
182527657,24944
182533897,24939
182539094,24945
182545327,24943
182551508,24946
182557633,24946
182563101,24945
182569283,24949
182575470,24945
182581649,24944
182587824,24944
182593991,24943
182600125,24940
182606341,24946
182612534,24951
182618714,24947
182624923,24944
182631082,24950
182637930,24949
182649295,24952
182655473,24944
182661672,24944
182667866,24943
182673335,24953
182679552,24946
182685783,24941
182692008,24946
182697229,24944
182703446,24947
182716191,24950
182722420,24945
182728674,24951
182734873,24945
182741032,24945
182747285,24945
182753473,24946
182759648,24943
182765836,24943
182772025,24943
182783686,24944
182789923,24946
182796070,24940
182801279,24941
182806679,24940
182812904,24941
182819084,24946
182825181,24946
182830412,24942
182836524,24939
182842699,24948
182848875,24945
182855692,24943
182861893,24951
182868069,24944
182874300,24944
182880500,24942
182886639,24938
182892841,24945
182899031,24944
182905247,24937
182916891,24945
182923042,24938
182929206,24939
182934396,24943
182939770,24947
182945996,24938
182952144,24941
182958325,24941
182963532,24945
182969715,24947
182975926,24933
182982092,24951
182988265,24944
182994426,24945
183000603,24944
183006763,24943
183012965,24941
183019211,24945
183025453,24942
183031647,24945
183037847,24942
183044047,24947
183050262,24947
183056475,24947
183063212,24942
183069453,24940
183074897,24944
183081075,24950
183087210,24942
183093392,24945
183098607,24945
183104792,24941
183110985,24947
183117118,24952
183123320,24949
183129455,24946
183135568,24946
183141739,24943
183147947,24949
183154161,24953
183160386,24945
183166541,24943
183172741,24944
183178928,24943
183190389,24948
183196611,24950
183202811,24952
183209035,24953
183213454,24954
183219616,24959
183225805,24954
183232019,24950
183237179,24950
183243379,24955
183249500,24955
183255673,24947
183261852,24948
183268044,24950
183274773,24952
183281009,24953
183287169,24954
183293383,24948
183299588,24958
183305758,24953
183311954,24949
183318134,24953
183324373,24959
183330524,24963
183336704,24962
183342911,24959
183347695,24956
183353922,24960
183360089,24961
183366254,24962
183371457,24951
183377629,24953
183383767,24963
183389930,24963
183396143,24957
183402338,24958
183408491,24960
183414648,24957
183420824,24955
183427020,24965
183433236,24960
183439445,24968
183445615,24962
183451777,24958
183457958,24957
183464118,24967
183470313,24965
183476480,24974
183481881,24965
183488676,24966
183494864,24959
183501060,24961
183506527,24967
183512699,24967
183518944,24966
183525128,24964
183531294,24970
183537445,24966
183543633,24970
183549837,24970
183556028,24975
183562247,24968
183568447,24967
183574632,24969
183580852,24972
183587005,24971
183593111,24969
183604477,24967
183610682,24970
183616081,24969
183622218,24969
183628415,24970
183634610,24974
183639824,24979
183646018,24976
183652176,24968
183658401,24972
183664550,24971
183670748,24969
183676961,24977
183683137,24973
183689351,24972
183696162,24971
183702401,24975
183708591,24974
183714783,24970
183720964,24969
183727137,24973
183738866,24967
183745083,24975
183750287,24967
183756503,24971
183762682,24971
183768879,24974
183774306,24964
183780458,24968
183786664,24981
183792876,24971
183799020,24973
183805161,24969
183811346,24967
183817523,24971
183823746,24966
183829958,24967
183836137,24976
183842323,24967
183848507,24967
183854697,24969
183860903,24972
183867054,24971
183873238,24970
183879435,24970
183884658,24966
183890844,24960
183897041,24965
183902481,24968
183908243,24975
183914435,24964
183920626,24963
183926781,24968
183932989,24966
183939178,24972
183945364,24969
183958136,24973
183964382,24972
183970606,24969
183976847,24971
183983046,24968
183989274,24966
183995464,24965
184001615,24966
184007765,24963
184013948,24967
184020137,24967
184026394,24969
184032561,24967
184037960,24969
184044093,24966
184050251,24967
184056454,24969
184062622,24972
184068790,24971
184075000,24966
184081152,24966
184087352,24970
184093553,24968
184099732,24977
184105948,24968
184112169,24976
184118324,24971
184125099,24964
184131221,24969
184142540,24968
184148726,24966
184154937,24964
184161087,24972
184167317,24972
184171989,24975
184178145,24972
184184313,24970
184190456,24972
184196646,24970
184202844,24970
184209001,24968
184215150,24964
184221300,24970
184227478,24971
184233660,24974
184239884,24970
184246062,24969
184252216,24975
184258372,24975
184264551,24974
184270697,24971
184276956,24975
184283151,24978
184288333,24981
184294518,24974
184300702,24969
184306144,24980
184311341,24973
184317482,24978
184323644,24975
184330345,24977
184336552,24976
184342729,24971
184348907,24979
184355094,24981
184361318,24979
184367482,24976
184373666,24975
184379868,24973
184386009,24976
184392150,24981
184398389,24975
184404553,24983
184410709,24975
184416914,24976
184422313,24977
184428500,24974
184434682,24979
184440909,24974
184445453,24981
184451600,24976
184457768,24984
184463949,24978
184470106,24985
184476343,24987
184482534,24987
184488697,24981
184494876,24986
184501054,24987
184507268,24986
184513487,24988
184519634,24979
184525825,24979
184532020,24983
184538751,24989
184544983,24981
184551185,24987
184557392,24990
184563563,24981
184569718,24984
184575160,24990
184580401,24985
184586536,24992
184592713,24986
184598884,24988
184605058,24989
184611278,24995
184617477,24988
184623626,24992
184629824,24985
184636024,24986
184642230,24990
184648439,24983
184654542,24987
184660693,24986
184666890,24988
184673055,24990
184679283,24983
184685494,24984
184691677,24986
184697859,24989
184704049,24990
184709485,24988
184715667,24988
184721859,24980
184728042,24986
184734157,24980
184740352,24981
184746544,24986
184753289,24979
184759466,24983
184765662,24983
184771841,24978
184778043,24982
184784201,24985
184790350,24990
184796562,24989
184802757,24987
184808973,24984
184815136,24992
184826491,24982
184831899,24982
184838104,24992
184844278,24981
184850420,24983
184855605,24985
184861770,24984
184867930,24982
184874102,24983
184880285,24978
184886464,24985
184892591,24983
184898771,24980
184904998,24985
184911178,24986
184917401,24985
184923564,24983
184929703,24985
184935912,24987
184942089,24985
184948305,24982
184960516,24979
184965721,24979
184971912,24980
184978103,24978
184983524,24986
184989719,24988
184994911,24983
185001086,24978
185007310,24982
185013490,24975
185019685,24983
185025883,24984
185032064,24981
185038276,24979
185044520,24978
185050665,24977
185056804,24982
185062970,24983
185069137,24978
185075376,24983
185081552,24984
185087738,24985
185093954,24985
185100160,24985
185106397,24981
185112552,24977
185117988,24981
185124143,24978
185129343,24986
185135478,24987
185141607,24986
185147814,24984
185154044,24984
185160245,24985
185166453,24982
185173283,24984
185179496,24984
185185697,24978
185191876,24981
185204894,24987
185211127,24982
185217424,24991
185228881,24989
185235063,24992
185241274,24989
185247500,24989
185253615,24982
185259019,24991
185265145,24992
185271360,24989
185277539,24993
185283732,24986
185289967,24993
185296124,24993
185302278,24986
185308474,24986
185314691,24990
185320867,24988
185327038,24984
185333187,24989
185339347,24993
185345537,24988
185351712,24991
185363202,24994
185369422,24991
185374922,24992
185381151,24990
185387993,24992
185394195,24992
185400368,24988
185406539,24990
185412732,24992
185418967,24993
185425102,24991
185431275,24996
185437435,24992
185443612,24991
185449760,24989
185455956,24998
185462084,24994
185468257,25000
185474442,24994
185480661,25002
185486885,25001
185498295,25000
185504478,24997
185509862,25005
185516046,25001
185522213,24999
185527423,24997
185533572,25004
185539741,24996
185545944,25003
185552154,24995
185558371,25003
185564494,25003
185570658,24997
185576804,25002
185583041,25002
185589238,25003
185596083,25001
185602351,24997
185608520,25002
185614747,25000
185620962,25005
185632601,24999
185638764,24998
185643987,24994
185650165,25008
185656394,25009
185661841,24998
185668055,25000
185674180,25001
185680361,25000
185686548,24999
185692719,25000
185698929,24993
185705096,24998
185711281,25002
185717459,25006
185723714,25005
185729878,24999
185736097,24999
185742247,24995
185748414,24995
185754610,25003
185760808,24992
185767036,25002
185773172,24997
185778394,24995
185784604,24992
185790772,25000
185796232,25003
185802396,25000
185809073,24995
185814293,24991
185820476,24997
185826694,24996
185832887,25001
185839065,25001
185845275,24995
185851467,24992
185857575,24992
185863726,24996
185869882,24998
185876037,24997
185882220,24993
185888435,24990
185894565,24999
185906228,24986
185912441,24999
185918614,24989
185924808,24995
185930052,24990
185936212,24992
185942417,24997
185948576,24996
185954758,24996
185960978,24996
185967175,24993
185973376,24988
185979518,24993
185985729,24988
185991915,24998
185998071,24994
186004231,24989
186010426,24990
186017256,24993
186023536,24992
186029754,24992
186041417,24998
186047609,24996
186052775,24997
186058977,24990
186064402,24994
186070580,24994
186076717,24990
186082937,24994
186089093,24993
186095275,24991
186101448,24988
186107689,25000
186113909,25003
186120096,24999
186126306,24998
186132450,24991
186138645,24995
186144883,25000
186151090,24999
186157242,25000
186163435,25001
186169615,24985
186175793,24989
186182009,24998
186187197,24990
186193393,24998
186199523,25002
186205662,25003
186211848,24992
186218040,24993
186224225,25000
186230415,24996
186236585,25007
186242780,24998
186248979,24996
186255172,24999
186261397,24995
186267543,24998
186273729,24999
186279954,25001
186286150,25006
186292373,24998
186298555,25003
186310231,25001
186316425,25001
186321630,25002
186327783,24997
186333984,25007
186340202,25003
186346442,24995
186352554,25001
186358757,25003
186364144,25001
186370319,25003
186376497,25001
186382674,25001
186388803,25002
186394995,25002
186401141,25004
186407288,25006
186413500,25008
186419689,25004
186425895,24994
186432108,25007
186450826,25007
186457009,25001
186463248,25009
186468727,25006
186474884,25011
186481076,25004
186487316,25005
186493509,24998
186498775,25001
186504965,25004
186511186,25005
186517451,25003
186523635,25004
186529829,25011
186535988,25004
186542150,25006
186548379,25000
186554518,25011
186560687,25012
186566831,25009
186578536,25004
186584729,24998
186590941,25009
186597103,25004
186602276,25005
186608501,25004
186614665,25007
186620861,24999
186627044,25010
186632443,25012
186638598,25007
186644790,25011
186650995,25008
186657838,25003
186664062,25008
186670200,25006
186676383,25010
186682626,25010
186688847,25012
186695022,25007
186701193,25002
186712555,25004
186718735,25002
186724907,25002
186731112,25008
186737342,25006
186743510,25005
186749689,25009
186755913,25005
186762119,24998
186767561,25007
186773762,25004
186780003,25007
186786170,25001
186792329,25003
186798487,25004
186804713,24999
186810918,25006
186817098,25005
186823276,25003
186829403,25007
186835568,25003
186846949,25004
186853160,24999
186859371,25003
186866155,25004
186871655,25004
186877858,24998
186884071,24997
186890253,25003
186896434,25000
186902629,25005
186908873,24994
186915092,25005
186921255,24999
186927450,25004
186933623,24997
186939772,24999
186946010,25000
186952156,25005
186958359,25005
186964541,25005
186970728,25004
186982139,25005
186988343,25002
186994520,25000
186999943,24997
187006104,25007
187012270,24999
187018488,25002
187024699,25002
187030930,24998
187037104,24998
187043294,24995
187049494,25001
187055708,24997
187061910,24995
187068095,24997
187074269,24997
187081077,25004
187087245,25001
187093387,25002
187099567,25002
187105759,25000
187112007,25004
187118171,25003
187124365,24997
187130500,25001
187136686,25001
187142910,25001
187149130,24999
187155333,24994
187161477,24997
187167682,25003
187173863,25001
187179048,24993
187185246,25000
187191455,24993
187197551,24997
187203715,24996
187209891,24998
187216110,24995
187222321,24995
187228511,24998
187234706,24995
187240881,25003
187252588,25003
187258754,25004
187264983,25004
187270187,25004
187276433,25004
187282602,25001
187289403,25005
187295557,24997
187301722,24999
187307946,24999
187313377,25002
187319553,25004
187325736,24996
187331966,24997
187338174,25005
187344362,24996
187350561,24995
187356746,24999
187362993,24999
187369170,24994
187375387,24994
187386814,25008
187392993,25003
187399186,24993
187405406,25002
187411544,25000
187417720,25002
187423168,24998
187429351,24997
187435516,24993
187441717,25008
187447921,25006
187454084,24998
187460216,25002
187466399,24997
187472560,24995
187478746,25008
187484994,24999
187491191,25001
187498023,25005
187504161,25007
187510379,25003
187521773,25003
187527947,24999
187534093,25006
187540307,25011
187545781,25008
187552000,25004
187557217,25005
187563411,25008
187569563,25001
187575773,25003
187582006,25005
187587460,25005
187593598,24999
187599737,25003
187605949,25000
187612143,25001
187618280,25002
187624469,25005
187630699,24999
187636923,25004
187643083,25002
187649270,25000
187655446,25006
187661621,24998
187667798,25003
187673997,24998
187679196,25000
187685395,25008
187698388,24998
187704624,25005
187710821,25003
187717666,25001
187723852,24998
187730070,24998
187736228,25006
187742434,24995
187748629,25000
187754805,24996
187761073,25001
187767228,25003
187773387,25005
187779564,24996
187790960,24999
187797113,24997
187803269,24997
187808728,25002
187814922,25001
187821140,25001
187826334,25007
187832530,24997
187838721,25000
187844931,24999
187851099,24997
187857289,25003
187863475,25000
187869623,24997
187875816,24997
187881988,25002
187888171,24992
187894373,24998
187900549,24999
187906709,24997
187912904,24993
187925095,25003
187931263,24994
187937431,25002
187943601,24996
187949773,24998
187956016,24989
187961198,24998
187967446,24991
187973622,24997
187979790,24994
187985991,24994
187992151,24992
187998352,24998
188004516,24991
188010711,24996
188016910,24997
188023120,24988
188029370,24994
188035578,24990
188041743,24990
188047949,24999
188059577,24985
188065736,24997
188071957,24996
188078114,24990
188083293,24994
188089456,24990
188094863,24984
188101100,24998
188107240,24987
188113425,24991
188119620,24989
188125777,24989
188131989,24996
188138146,24994
188144291,24996
188150451,24996
188156654,24986
188162832,24992
188169058,25003
188175175,24992
188181318,24997
188187495,24989
188193668,24997
188199890,25000
188206091,24992
188212261,24991
188217466,25001
188223674,24998
188229117,24992
188235233,24995
188241433,24996
188247634,24995
188253790,25000
188260010,24994
188266182,24994
188271376,24997
188277538,24996
188283746,24988
188289952,24996
188296127,25002
188302335,24994
188308547,24995
188314677,24996
188320916,24999
188327092,24996
188333265,25002
188339445,24998
188346271,24997
188351757,24996
188357995,24997
188363198,25000
188369440,25000
188375600,24996
188381810,24998
188388046,24998
188394177,24996
188400336,25009
188405786,25000
188412012,25003
188418175,24998
188424371,24994
188430533,24996
188436740,24999
188442965,25001
188449132,25003
188455310,25003
188461444,25000
188472830,25000
188479028,25005
188485244,24997
188490725,24996
188496943,24999
188502156,25003
188508380,24998
188514560,24999
188520726,25004
188526920,25007
188533070,25002
188539248,24997
188544724,24998
188550950,25003
188557790,25001
188564018,24998
188570212,24995
188576431,24997
188582648,24996
188588799,24995
188595024,24997
188601177,24999
188607378,24992
188613520,24991
188619668,25000
188624884,24992
188631069,24994
188636519,24996
188642732,24994
188648963,24996
188655166,24997
188661308,24994
188667450,24996
188673615,24994
188678779,24994
188684979,24999
188691180,24994
188697399,24992
188703583,24999
188709778,24992
188716007,24998
188722192,24993
188728392,24995
188734567,24995
188740693,24986
188746871,24989
188753042,24987
188758453,24990
188764659,24982
188770495,24983
188776698,24989
188782884,24987
188789090,24989
188795251,24989
188801447,24990
188807617,24988
188813774,24982
188819973,24984
188826205,24990
188832432,24990
188838625,24987
188844815,24986
188851027,24985
188857207,24982
188863428,24986
188869545,24994
188875709,24985
188887305,24986
188892506,24989
188898677,24984
188904129,24986
188910351,24978
188916495,24984
188922690,24983
188928894,24982
188941723,24987
188947149,24982
188953441,24985
188959701,24981
188965907,24983
188972143,24983
188978330,24979
188985153,24985
188991354,24986
188997521,24986
189003741,24987
189009962,24985
189016126,24977
189022325,24972
189028505,24981
189033718,24978
189039922,24980
189046122,24979
189052327,24984
189058573,24980
189064766,24982
189070924,24983
189077089,24981
189082517,24977
189088740,24985
189094961,24980
189101143,24979
189107312,24981
189113488,24986
189119695,24976
189125921,24981
189132094,24983
189138210,24978
189144397,24983
189155805,24978
189161224,24978
189167371,24981
189173574,24978
189179843,24982
189186098,24982
189192360,24981
189199174,24979
189205363,24979
189211511,24977
189216735,24981
189222962,24976
189229145,24978
189235325,24971
189241574,24976
189247700,24980
189253878,24979
189260105,24980
189266259,24976
189272436,24978
189278605,24983
189290265,24984
189296453,24980
189302650,24978
189307851,24983
189314067,24983
189320251,24991
189326488,24981
189332675,24978
189338867,24985
189345056,24976
189351230,24984
189357479,24989
189363680,24982
189369848,24982
189376041,24988
189382270,24979
189388529,24981
189394740,24988
189401003,24981
189407869,24984
189414027,24985
189425668,24983
189431901,24989
189437129,24985
189442571,24979
189448743,24987
189454950,24980
189461138,24991
189467248,24981
189473391,24991
189479585,24984
189485771,24988
189491992,24985
189498154,24991
189504307,24987
189510492,24985
189516707,24991
189522948,24986
189529125,24989
189535278,24995
189541472,24988
189547661,24987
189559088,24988
189565262,24989
189570757,24989
189576967,24995
189583140,24990
189589298,24990
189595428,24982
189601633,24992
189607779,24992
189613944,24986
189620763,24988
189626973,24985
189632186,24992
189638373,24989
189644561,24989
189650769,24989
189656955,24982
189663132,24989
189669316,24994
189675530,24991
189681655,24991
189687836,24990
189694044,24987
189700216,24988
189705734,24986
189711965,24993
189717193,24984
189723393,24988
189729553,24993
189735674,24989
189741865,24984
189748125,24978
189754369,24986
189760621,24987
189766878,24988
189773122,24979
189779335,24973
189785524,24983
189791722,24976
189797879,24986
189804034,24981
189810185,24982
189816378,24986
189822577,24980
189829491,24979
189835636,24978
189841089,24977
189847225,24979
189852453,24979
189858644,24980
189864819,24974
189870969,24975
189877163,24975
189883399,24972
189889565,24981
189895742,24978
189901970,24977
189907438,24976
189913646,24979
189919907,24980
189926149,24972
189932407,24979
189938633,24974
189944849,24981
189951057,24977
189957280,24973
189968742,24978
189974189,24979
189980407,24981
189985643,24975
189991856,24978
189998035,24973
190004182,24971
190010392,24970
190016590,24975
190022723,24971
190028955,24974
190035125,24968
190041903,24972
190048136,24973
190054346,24970
190060587,24970
190066747,24972
190072966,24978
190079145,24976
190085371,24974
190091580,24979
190103136,24972
190108368,24976
190114563,24977
190120028,24976
190126219,24978
190132395,24973
190138614,24973
190144789,24976
190151030,24975
190157273,24965
190163536,24975
190169763,24973
190176011,24976
190188826,24974
190195109,24972
190201407,24972
190207591,24972
190213742,24981
190219879,24973
190226028,24977
190232218,24982
190237737,24977
190243942,24972
190249157,24978
190255946,24976
190262184,24978
190268349,24975
190274549,24975
190280706,24973
190286858,24977
190293042,24981
190299207,24979
190305451,24979
190311651,24972
190317111,24972
190323324,24979
190329508,24975
190335716,24976
190341931,24976
190348141,24971
190354295,24972
190360445,24973
190366645,24973
190372838,24976
190379064,24974
190384301,24969
190390505,24969
190396665,24974
190402842,24973
190408988,24974
190415172,24973
190421354,24980
190427574,24977
190433792,24977
190440052,24981
190446316,24986
190452549,24978
190458736,24978
190465474,24975
190471693,24986
190477853,24974
190484041,24981
190490210,24986
190496419,24974
190508069,24975
190513299,24975
190518748,24981
190525009,24984
190531192,24981
190537306,24982
190543446,24982
190549628,24978
190555824,24976
190562039,24978
190568194,24975
190574370,24983
190580521,24974
190586742,24971
190592940,24973
190599138,24979
190605298,24975
190611507,24976
190617777,24976
190624005,24979
190630240,24976
190641707,24977
190647117,24974
190652281,24975
190658498,24978
190664633,24972
190670834,24976
190677522,24973
190683724,24972
190689869,24980
190696103,24969
190702267,24975
190708509,24972
190714694,24974
190720906,24980
190727128,24980
190733381,24976
190739550,24978
190745738,24975
190751912,24974
190758061,24977
190764249,24977
190775944,24968
190781165,24970
190787373,24966
190793568,24968
190799713,24965
190805860,24968
190812076,24971
190818248,24972
190824440,24971
190830590,24967
190836730,24975
190842933,24973
190849109,24972
190855308,24975
190861496,24966
190867678,24968
190873851,24970
190880055,24971
190886770,24972
190892998,24970
190899207,24966
190910830,24965
190916077,24964
190921534,24962
190927745,24963
190933935,24973
190940104,24962
190946250,24965
190952430,24967
190958629,24965
190964815,24965
190971044,24963
190977210,24966
190983425,24963
190989627,24965
190995812,24965
191002040,24970
191008153,24968
191014307,24966
191020468,24964
191026718,24965
191032983,24961
191044471,24965
191049961,24969
191056158,24968
191062318,24964
191068469,24964
191074653,24970
191080822,24966
191087044,24964
191093218,24964
191100054,24967
191106294,24969
191112487,24965
191118695,24963
191124928,24966
191131133,24966
191137273,24963
191142481,24964
191148677,24966
191154862,24966
191161117,24964
191167295,24963
191178978,24967
191184161,24968
191190388,24969
191196571,24967
191202690,24964
191208903,24966
191215167,24969
191221424,24966
191227653,24969
191233891,24967
191240157,24967
191246291,24972
191252509,24967
191258615,24963
191264809,24964
191270987,24966
191277173,24968
191283400,24966
191289553,24965
191295685,24967
191301863,24969
191314169,24967
191319645,24970
191325838,24969
191331092,24971
191337273,24970
191343476,24968
191349626,24963
191355807,24962
191362013,24970
191368224,24969
191374437,24965
191380616,24962
191386808,24968
191393039,24968
191399220,24969
191405427,24971
191411561,24972
191417715,24969
191423970,24968
191437064,24972
191443357,24982
191448651,24975
191454900,24974
191460440,24979
191466716,24983
191472966,24975
191479190,24973
191485421,24979
191491560,24971
191497775,24976
191504011,24981
191510176,24969
191516364,24974
191522558,24978
191529372,24972
191535543,24973
191541723,24970
191547891,24973
191553089,24976
191559272,24976
191565481,24976
191571660,24973
191583293,24969
191589487,24971
191594730,24968
191600939,24969
191607139,24968
191613306,24964
191619505,24974
191625697,24967
191631867,24963
191638077,24970
191644265,24964
191650488,24969
191656648,24968
191662901,24968
191669159,24974
191675346,24964
191681549,24966
191687767,24965
191694002,24969
191700164,24964
191706391,24966
191718041,24957
191723228,24964
191728691,24962
191734867,24962
191741646,24964
191747775,24968
191753942,24966
191760155,24961
191766308,24962
191772521,24962
191778688,24967
191784865,24965
191791090,24964
191797271,24964
191803452,24960
191809623,24960
191815765,24958
191821969,24968
191828135,24961
191834257,24964
191840453,24962
191851854,24958
191857322,24958
191862526,24961
191868711,24961
191874856,24966
191881056,24960
191887208,24965
191893415,24965
191899584,24965
191905749,24964
191911960,24966
191918175,24959
191924373,24962
191930595,24955
191936765,24957
191942956,24964
191949639,24957
191955759,24953
191961946,24961
191968152,24961
191974377,24961
191986030,24962
191992197,24963
191997379,24970
192003548,24963
192009680,24962
192015850,24950
192022051,24957
192028219,24962
192034391,24956
192040585,24963
192046721,24959
192052905,24956
192059071,24962
192065263,24960
192071489,24966
192077658,24963
192083816,24962
192090046,24960
192096274,24959
192102541,24955
192108794,24956
192115055,24958
192121279,24959
192127482,24960
192132279,24957
192138435,24960
192144595,24967
192150792,24963
192157600,24962
192163812,24959
192170060,24961
192176221,24959
192182401,24959
192188587,24950
192194803,24965
192201025,24956
192207210,24957
192213378,24961
192219547,24965
192225756,24962
192231967,24966
192238155,24960
192243337,24964
192249544,24963
192255770,24968
192261987,24965
192266774,24967
192272962,24962
192279163,24967
192285264,24965
192291480,24964
192297723,24972
192303959,24968
192310213,24964
192316492,24966
192322736,24966
192328956,24968
192335141,24962
192341323,24966
192347499,24962
192353643,24962
192359811,24966
192366595,24964
192372799,24970
192378988,24961
192385215,24962
192396631,24964
192401403,24967
192407643,24965
192413828,24968
192420041,24962
192426187,24976
192432346,24973
192438571,24964
192444761,24973
192450999,24971
192457213,24969
192463415,24975
192469598,24972
192475776,24976
192481906,24967
192488127,24969
192494312,24971
192500480,24969
192506694,24974
192512865,24974
192519079,24972
192530516,24970
192535293,24973
192541442,24972
192547585,24970
192553751,24974
192559955,24970
192566168,24970
192572322,24965
192579137,24975
192585299,24969
192591501,24969
192597682,24971
192603857,24973
192610063,24972
192616261,24965
192622434,24977
192628645,24975
192634830,24973
192641091,24968
192647256,24965
192653449,24975
192664126,24962
192669294,24963
192682140,24969
192688381,24970
192694654,24961
192700892,24964
192707178,24970
192713460,24966
192719648,24966
192725770,24971
192731969,24967
192738146,24971
192744412,24971
192750621,24968
192756769,24977
192762980,24973
192769146,24966
192775398,24962
192781602,24968
192793124,24960
192799320,24968
192804534,24961
192810746,24964
192816930,24960
192823118,24958
192829270,24964
192835506,24969
192841669,24957
192847854,24964
192854026,24965
192860247,24958
192866468,24959
192872631,24960
192878809,24966
192884994,24967
192891153,24965
192897329,24964
192903556,24957
192909782,24965
192915971,24961
192922153,24968
192927593,24958
192933802,24959
192938227,24960
192944471,24960
192950634,24961
192956756,24966
192962933,24958
192969138,24958
192975345,24965
192981598,24961
192987828,24957
192994119,24960
193000333,24961
193007203,24962
193013357,24960
193019564,24959
193025693,24961
193031895,24964
193038157,24958
193044394,24960
193050627,24960
193062237,24963
193068454,24960
193072882,24960
193079081,24966
193085239,24964
193091457,24967
193097613,24956
193103790,24957
193109998,24960
193116181,24967
193122374,24965
193128615,24964
193134818,24962
193141025,24956
193147256,24966
193153491,24963
193159680,24966
193165896,24964
193172099,24955
193178310,24963
193184511,24964
193190753,24965
193196903,24961
193202356,24955
193207561,24962
193214282,24958
193220496,24966
193226650,24962
193232831,24966
193239044,24960
193245210,24955
193251436,24960
193257668,24964
193263846,24964
193270066,24959
193276218,24963
193282423,24963
193288578,24955
193294714,24959
193300908,24961
193307172,24964
193313457,24965
193319697,24960
193325976,24968
193337005,24963
193342236,24962
193347732,24966
193353893,24970
193360102,24969
193366242,24966
193372398,24962
193378595,24972
193384775,24969
193390983,24967
193397222,24964
193403378,24961
193409577,24966
193415763,24965
193422539,24966
193428798,24966
193435011,24960
193441221,24965
193447388,24963
193453584,24966
193459765,24966
193471233,24963
193476624,24970
193481814,24969
193488001,24969
193494221,24961
193500407,24969
193506630,24962
193512799,24968
193519051,24977
193525302,24977
193531559,24970
193537805,24962
193544025,24968
193550235,24964
193556441,24973
193562618,24967
193568748,24968
193574940,24971
193581116,24963
193587285,24970
193593512,24967
193599707,24966
193605934,24963
193611336,24968
193616502,24958
193622656,24964
193628786,24971
193635604,24967
193641800,24966
193647977,24962
193654193,24960
193660426,24956
193666619,24967
193672777,24969
193678920,24961
193685099,24964
193691277,24965
193697485,24958
193703646,24962
193709830,24963
193716059,24958
193722240,24967
193728439,24959
193734592,24963
193745443,24961
193750675,24958
193756076,24957
193762224,24963
193768367,24958
193774536,24960
193780726,24958
193786890,24960
193793118,24959
193799249,24959
193805436,24963
193811597,24957
193817767,24957
193823970,24963
193830169,24958
193836365,24962
193843133,24957
193849273,24965
193855430,24962
193861622,24960
193867844,24962
193874078,24958
193880279,24966
193885488,24961
193890937,24970
193897147,24956
193903283,24958
193909449,24961
193915624,24961
193928407,24958
193934649,24959
193940930,24958
193947218,24970
193953429,24956
193959651,24960
193965893,24961
193972156,24958
193978337,24963
193984549,24961
193990720,24959
193996961,24959
194003164,24961
194014804,24960
194019970,24961
194026156,24950
194032323,24956
194038537,24956
194044706,24959
194050899,24961
194057572,24961
194063778,24956
194069952,24965
194076139,24961
194082300,24956
194088568,24957
194094739,24958
194100922,24954
194107127,24961
194113285,24960
194119525,24963
194125680,24960
194131864,24962
194138056,24955
194148756,24956
194154234,24954
194159801,24966
194165982,24960
194172180,24955
194178427,24957
194184679,24954
194190870,24957
194197101,24955
194203269,24959
194209457,24963
194215631,24954
194221809,24958
194228008,24959
194234177,24958
194240343,24963
194246546,24964
194252777,24949
194258997,24960
194265179,24958
194272046,24953
194283442,24959
194288872,24961
194294411,24960
194300571,24959
194306758,24960
194312991,24961
194319196,24960
194325363,24966
194331515,24959
194337730,24956
194343918,24958
194350130,24954
194356285,24961
194362420,24964
194368592,24957
194374762,24964
194380971,24956
194387191,24959
194393421,24963
194399680,24964
194405926,24957
194412166,24957
194418301,24957
194423460,24966
194428231,24967
194434396,24967
194440557,24967
194446744,24965
194452911,24961
194459136,24967
194465268,24965
194471467,24970
194478255,24967
194484467,24968
194490654,24961
194496818,24961
194503004,24964
194509228,24970
194515382,24960
194521587,24967
194527757,24965
194533962,24966
194540185,24969
194546349,24962
194557736,24962
194562499,24969
194568673,24968
194574845,24964
194581095,24956
194587211,24971
194593425,24971
194599594,24964
194605783,24962
194611983,24962
194618173,24966
194624319,24968
194630496,24967
194636676,24972
194642829,24972
194649048,24968
194655257,24969
194661482,24966
194667675,24959
194673870,24966
194680117,24964
194692333,24961
194696106,24960
194702250,24967
194708474,24963
194714676,24963
194720849,24966
194727020,24962
194733205,24963
194739401,24955
194745606,24953
194751728,24964
194757884,24961
194764088,24963
194770237,24953
194776432,24960
194782688,24961
194788916,24962
194795194,24966
194801434,24958
194807662,24965
194813898,24962
194820103,24959
194826244,24956
194831001,24955
194836225,24954
194842412,24957
194848637,24960
194854832,24955
194861058,24959
194867255,24955
194873457,24955
194879591,24960
194885728,24954
194891891,24954
194898669,24955
194904836,24956
194911033,24951
194917217,24954
194923395,24952
194929604,24953
194935736,24961
194941944,24956
194948143,24957
194954296,24953
194960520,24949
194970468,24948
194976650,24953
194982827,24956
194989014,24951
194995247,24956
195001448,24950
195007650,24950
195013782,24950
195019934,24950
195026124,24949
195032278,24955
195038465,24959
195044667,24950
195050858,24943
195057069,24952
195063277,24949
195069488,24953
195075645,24953
195081804,24946
195087958,24953
195094166,24949
195104008,24946
195110828,24947
195117105,24951
195123327,24944
195129555,24944
195135768,24949
195141951,24947
195148141,24946
195154332,24948
195160575,24952
195173575,24951
195179805,24953
195186095,24947
195192257,24951
195198428,24950
195204614,24950
195210799,24944
195217018,24943
195223224,24947
195233212,24943
195239365,24953
195245560,24949
195251767,24946
195257919,24954
195264147,24946
195270284,24947
195276466,24953
195282653,24951
195288861,24948
195295067,24945
195301217,24952
195307328,24948
195313494,24954
195319650,24946
195326418,24951
195332644,24954
195338844,24953
195345079,24953
195351261,24951
195357448,24953
195367452,24955
195373628,24954
195379805,24952
195386006,24950
195392196,24948
195398345,24953
195404548,24957
195410737,24955
195416945,24952
195423099,24955
195429260,24951
195435451,24955
195441716,24958
195447933,24954
195454182,24952
195460414,24952
195466642,24954
195472896,24954
195479126,24954
195485298,24948
195491457,24956
195501436,24953
195507627,24956
195513830,24953
195520011,24962
195526232,24961
195532438,24957
195539287,24957
195545509,24959
195551742,24958
195557931,24959
195564174,24957
195570330,24950
195576479,24956
195582757,24959
195588932,24956
195595180,24958
195601369,24957
195607612,24958
195613901,24959
195620171,24958
195626339,24959
195636387,24948
195642542,24955
195648738,24959
195654920,24953
195661146,24951
195666355,24956
195672546,24954
195678800,24952
195685026,24952
195691213,24948
195697436,24954
195703661,24954
195709837,24955
195716017,24952
195722186,24958
195728368,24947
195734561,24953
195740781,24953
195747562,24955
195753701,24954
195759863,24948
195769771,24947
195775958,24953
195782157,24949
195788347,24950
195794573,24949
195800762,24943
195806999,24948
195813191,24954
195819359,24951
195825550,24948
195831670,24946
195837761,24946
195843929,24952
195850105,24948
195856337,24945
195862552,24947
195868720,24939
195874945,24950
195881148,24942
195887318,24952
195893574,24949
195899791,24949
195904557,24942
195910738,24944
195916944,24946
195923177,24945
195929333,24939
195935488,24943
195941693,24949
195947874,24948
195954631,24939
195960827,24948
195967022,24948
195973242,24942
195979468,24944
195985716,24944
195991968,24947
195998207,24949
196004448,24947
196010651,24938
196016819,24947
196023025,24944
196029181,24945
196039153,24942
196045333,24938
196051544,24937
196057725,24942
196063913,24946
196070161,24945
196076342,24940
196081568,24946
196087733,24946
196093901,24943
196100104,24939
196106249,24937
196112423,24940
196118640,24946
196124824,24940
196131009,24941
196137205,24933
196143374,24938
196149606,24938
196155747,24946
196161900,24940
196168693,24936
196173454,24938
196179617,24946
196185816,24940
196192048,24939
196198261,24937
196204439,24940
196210644,24935
196216876,24942
196223114,24936
196229256,24939
196235443,24945
196241589,24945
196247804,24945
196254035,24940
196260226,24945
196266397,24941
196272608,24939
196278790,24939
196285009,24939
196291201,24940
196297380,24938
196308015,24936
196314232,24937
196320399,24940
196326623,24943
196332833,24943
196339075,24948
196345291,24942
196351509,24945
196356752,24942
196362962,24941
196369211,24939
196376076,24945
196382265,24944
196388463,24940
196394662,24938
196400837,24942
196407013,24947
196419821,24942
196426013,24943
196432288,24938
196443165,24948
196449326,24944
196455538,24943
196461767,24938
196467994,24945
196474188,24952
196480316,24945
196486519,24950
196492729,24950
196498945,24951
196505145,24950
196511353,24951
196517609,24954
196523863,24948
196530118,24948
196536283,24943
196542487,24944
196548685,24946
196554876,24948
196561139,24944
196567276,24948
196577219,24947
196583393,24951
196589606,24951
196596308,24952
196602474,24956
196608709,24938
196614918,24948
196621122,24947
196627324,24954
196633461,24955
196639596,24946
196645803,24950
196652032,24950
196658206,24955
196664350,24954
196670546,24955
196676748,24947
196682958,24950
196689179,24951
196695328,24951
196701497,24949
196712236,24953
196718442,24947
196724673,24952
196730813,24948
196736962,24947
196743194,24945
196749391,24949
196755593,24948
196761734,24948
196767149,24948
196773280,24944
196779437,24942
196785650,24947
196791851,24944
196798074,24943
196804932,24943
196811141,24944
196817343,24950
196823528,24946
196829701,24944
196835874,24942
196846550,24938
196852699,24948
196858865,24941
196865000,24944
196871227,24948
196877414,24942
196883654,24946
196889813,24947
196896029,24946
196902214,24943
196908380,24944
196914606,24944
196920746,24941
196926944,24944
196933136,24942
196939322,24945
196945544,24943
196951733,24946
196957910,24946
196964121,24939
196970274,24939
196981223,24937
196986477,24942
196992708,24940
196998940,24945
197005210,24938
197012136,24936
197018317,24944
197024558,24935
197030698,24942
197036836,24941
197042276,24944
197048430,24945
197054612,24942
197060812,24946
197067017,24941
197073224,24938
197079414,24941
197085601,24935
197091808,24938
197098029,24939
197104226,24936
197114949,24940
197120440,24930
197126651,24939
197132835,24933
197139076,24938
197145246,24938
197151413,24940
197157622,24936
197163808,24942
197170017,24935
197176265,24932
197181794,24938
197187978,24937
197194190,24934
197200331,24934
197206514,24940
197212715,24942
197218899,24936
197225690,24936
197231872,24940
197238088,24935
197248812,24942
197254996,24937
197261203,24936
197267358,24938
197273584,24938
197279775,24938
197285963,24939
197292177,24940
197298307,24937
197304473,24936
197310636,24942
197316074,24941
197322297,24932
197328465,24933
197334676,24937
197340877,24939
197347085,24938
197353227,24939
197359361,24937
197365559,24942
197371768,24940
197383180,24940
197389381,24932
197394864,24934
197401084,24941
197407247,24938
197413459,24941
197419649,24939
197425826,24941
197432599,24946
197438801,24943
197444975,24938
197450184,24931
197456374,24944
197462578,24938
197468764,24940
197474993,24939
197481205,24946
197487362,24937
197493570,24940
197499716,24937
197505874,24939
197517542,24945
197523756,24947
197528970,24940
197535197,24946
197541380,24942
197547585,24943
197553709,24943
197559876,24945
197566071,24937
197572238,24939
197578467,24945
197584674,24943
197590831,24943
197597060,24945
197603246,24950
197609485,24940
197615659,24940
197621825,24942
197628006,24944
197634159,24945
197640940,24944
197652592,24946
197657794,24943
197670825,24937
197677101,24940
197683325,24938
197689530,24942
197695746,24939
197701933,24941
197708146,24940
197714314,24939
197720519,24945
197726731,24940
197732909,24935
197739174,24942
197745358,24937
197751563,24935
197757748,24938
197763910,24927
197770150,24934
197781477,24937
197786911,24936
197793161,24934
197798362,24935
197804580,24933
197810716,24942
197816901,24939
197823101,24942
197829250,24938
197835462,24938
197841622,24942
197847753,24935
197853918,24937
197860740,24942
197866917,24939
197873104,24933
197879303,24942
197885495,24939
197891721,24931
197897853,24933
197904014,24937
197910217,24937
197916386,24935
197921856,24929
197928075,24927
197933259,24939
197939487,24938
197945662,24932
197951842,24940
197958051,24941
197964232,24930
197970397,24939
197976564,24939
197982717,24930
197988907,24935
197995161,24933
198000610,24930
198006837,24934
198013062,24935
198019248,24937
198025446,24938
198031636,24930
198037809,24932
198043972,24930
198055350,24940
198061614,24937
198067034,24933
198073824,24928
198080028,24930
198086238,24934
198092410,24933
198098549,24933
198104731,24929
198110929,24929
198117154,24934
198123330,24932
198129517,24935
198135726,24938
198141895,24925
198148080,24936
198154262,24933
198160394,24941
198166590,24931
198172782,24932
198178958,24920
198190373,24925
198195825,24934
198201046,24936
198207238,24933
198213457,24939
198219684,24937
198225912,24935
198232143,24937
198238335,24939
198244528,24934
198250692,24933
198256892,24934
198263081,24928
198269265,24936
198275482,24938
198282340,24931
198288570,24936
198294754,24935
198300922,24933
198307087,24942
198313254,24932
198324904,24928
198330085,24939
198336274,24941
198342509,24938
198348678,24943
198354830,24937
198360992,24935
198367209,24947
198373355,24938
198379573,24940
198385716,24935
198391909,24929
198398122,24934
198404299,24940
198410521,24941
198415964,24939
198422188,24936
198428336,24937
198434515,24939
198440685,24938
198446853,24938
198453055,24936
198459238,24945
198464391,24942
198470572,24935
198476754,24945
198482942,24939
198489621,24939
198495852,24948
198502003,24946
198508159,24940
198514344,24940
198520571,24945
198526780,24950
198532975,24942
198539185,24943
198545376,24938
198550867,24939
198557080,24940
198563281,24944
198569399,24938
198575595,24943
198581773,24938
198587932,24937
198598665,24944
198604840,24938
198610015,24942
198616216,24945
198622402,24944
198628596,24946
198634799,24942
198640984,24947
198647217,24943
198653438,24949
198659679,24942
198665863,24943
198672038,24948
198678215,24945
198684419,24948
198689877,24944
198696079,24934
198702878,24939
198709081,24940
198715235,24945
198721414,24942
198727667,24937
198732876,24941
198739096,24937
198744572,24940
198750780,24942
198756965,24940
198763166,24934
198769312,24940
198775472,24936
198781659,24944
198787865,24936
198794058,24936
198800264,24939
198806428,24936
198812627,24936
198818836,24939
198824067,24933
198830242,24938
198836388,24937
198842580,24939
198848735,24934
198854922,24941
198861122,24942
198867304,24933
198873516,24936
198878955,24932
198885155,24937
198891381,24940
198897550,24934
198903744,24930
198916505,24936
198923369,24938
198929628,24933
198935890,24940
198942073,24935
198948343,24932
198953891,24940
198960159,24936
198966344,24940
198972504,24938
198978680,24936
198984876,24936
198991092,24945
199001791,24930
199007950,24937
199014162,24936
199020336,24931
199026514,24933
199032680,24933
199038812,24932
199044948,24938
199051183,24937
199057357,24925
199063601,24941
199069840,24939
199076077,24936
199082291,24932
199088504,24934
199094737,24940
199100946,24937
199107161,24941
199113269,24934
199119418,24937
199125610,24941
199136808,24932
199142978,24932
199148215,24936
199154383,24938
199160622,24938
199166779,24934
199172922,24936
199179188,24938
199185338,24938
199191553,24937
199197758,24938
199203942,24940
199210114,24937
199216298,24931
199222556,24934
199228710,24935
199234864,24936
199241065,24937
199247207,24937
199253356,24933
199259590,24938
199265782,24936
199271173,24935
199277398,24938
199282624,24936
199288865,24937
199295134,24936
199301309,24938
199307518,24939
199313683,24936
199319791,24940
199325984,24940
199332156,24938
199338889,24942
199345148,24937
199351321,24934
199357563,24943
199363764,24937
199369229,24946
199375396,24936
199381553,24939
199387731,24939
199393912,24946
199400113,24940
199405308,24940
199411503,24951
199416969,24948
199423219,24950
199429405,24944
199435563,24947
199441743,24949
199447912,24945
199454091,24946
199460289,24944
199466431,24950
199472606,24951
199478749,24952
199484932,24948
199491175,24947
199497361,24943
199503516,24943
199508715,24942
199514914,24946
199521078,24949
199527272,24950
199533491,24941
199539736,24946
199545947,24952
199552028,24947
199558235,24949
199564392,24953
199570587,24952
199576732,24945
199582876,24947
199589060,24949
199595242,24951
199601429,24949
199607651,24948
199613871,24948
199620046,24955
199626230,24948
199632397,24945
199638586,24946
199644719,24953
199650888,24948
199657101,24945
199663278,24946
199669493,24950
199675689,24949
199685541,24947
199691696,24940
199697884,24945
199704109,24943
199710318,24952
199716572,24950
199722778,24955
199729035,24941
199735272,24947
199741515,24942
199747750,24948
199753912,24950
199760746,24947
199766943,24946
199773107,24941
199779278,24941
199785447,24947
199791650,24947
199797844,24945
199804081,24946
199810327,24945
199820324,24950
199826553,24942
199832685,24937
199838870,24941
199845039,24949
199851264,24940
199857389,24946
199863622,24944
199869728,24946
199875890,24946
199882092,24943
199888301,24942
199894528,24949
199900716,24944
199906865,24944
199913080,24947
199919258,24945
199925489,24944
199931715,24945
199937849,24942
199944016,24944
199954884,24942
199961131,24940
199967273,24943
199974138,24941
199980279,24939
199986427,24938
199992639,24939
199998852,24943
200005057,24944
200011288,24941
200017468,24933
200023666,24945
200029911,24937
200036093,24945
200042292,24946
200048482,24939
200054675,24943
200059924,24938
200066109,24943
200072268,24937
200078437,24947
200089324,24950
200094505,24949
200100717,24939
200106868,24946
200113063,24948
200119223,24947
200125359,24945
200131607,24944
200137781,24946
200144041,24938
200150277,24946
200163367,24944
200169676,24948
200175946,24942
200182176,24943
200189052,24948
200194296,24944
200200516,24941
200206723,24947
200218297,24948
200223506,24951
200229748,24949
200235914,24951
200242122,24942
200248283,24953
200254476,24952
200260693,24950
200266900,24949
200273087,24946
200279275,24946
200285518,24945
200291667,24950
200297852,24952
200304008,24944
200310196,24946
200316382,24948
200322588,24951
200328065,24947
200334292,24948
200340433,24946
200346606,24941
200357319,24944
200362740,24952
200368931,24953
200375178,24957
200381350,24958
200387503,24957
200393684,24951
200400498,24951
200406706,24956
200412917,24951
200419144,24955
200425326,24949
200431502,24952
200437653,24956
200443830,24952
200450001,24957
200456225,24951
200462437,24956
200468621,24957
200474795,24953
200480954,24953
200491733,24962
200497180,24955
200503331,24957
200509480,24958
200515634,24954
200521846,24956
200528054,24958
200534289,24953
200540519,24963
200546773,24955
200552984,24957
200559223,24953
200565368,24959
200571515,24956
200577684,24958
200583860,24960
200590085,24955
200596291,24957
200602454,24961
200609318,24957
200615482,24962
200626254,24951
200631692,24958
200637881,24958
200644044,24951
200650224,24955
200656377,24949
200662570,24949
200668774,24950
200674965,24954
200681199,24949
200687324,24953
200693482,24955
200699691,24954
200705870,24953
200712043,24947
200718273,24948
200724477,24952
200730726,24956
200736969,24946
200743233,24951
200749435,24947
200760249,24948
200765690,24949
200771885,24949
200778009,24951
200784214,24955
200790355,24953
200796502,24946
200802670,24944
200808858,24952
200815057,24954
200821894,24954
200828165,24952
200834312,24947
200840439,24948
200846607,24953
200852807,24952
200858984,24953
200865223,24953
200871395,24941
200877589,24950
200882770,24949
200893635,24949
200898870,24947
200905015,24954
200911205,24949
200917433,24953
200923678,24951
200929920,24949
200936186,24961
200942369,24950
200948598,24952
200954761,24953
200960970,24944
200967153,24953
200973376,24949
200979622,24950
200985852,24952
200992049,24948
200998319,24951
201004565,24954
201010790,24957
201016971,24945
201022422,24952
201029236,24954
201034411,24954
201040654,24953
201046814,24954
201053016,24955
201059178,24953
201065380,24954
201071615,24949
201077774,24954
201083950,24951
201090201,24955
201096414,24958
201102640,24952
201108788,24960
201114948,24950
201121149,24952
201127354,24952
201133593,24951
201139755,24952
201145884,24957
201152041,24949
201161941,24956
201168178,24958
201174333,24958
201180514,24957
201186672,24957
201192871,24959
201199071,24952
201205271,24957
201211462,24950
201217659,24948
201223858,24954
201230091,24955
201236294,24958
201243115,24959
201249284,24950
201255428,24961
201261613,24956
201267840,24957
201274065,24958
201280279,24953
201286419,24965
201296075,24968
201302243,24962
201307647,24963
201313813,24968
201319988,24954
201326216,24970
201332387,24959
201338573,24967
201344754,24962
201350947,24965
201357160,24960
201363353,24959
201369519,24963
201375681,24960
201381875,24962
201388070,24965
201394277,24967
201407142,24970
201413392,24973
201419719,24970
201429460,24966
201435651,24964
201441064,24969
201447283,24974
201453468,24965
201460249,24971
201466385,24966
201472560,24964
201478809,24967
201484991,24969
201491222,24964
201497405,24964
201503601,24967
201509780,24970
201515960,24963
201522185,24969
201528332,24965
201534548,24967
201540727,24961
201546953,24963
201553195,24967
201562893,24968
201569108,24968
201574536,24963
201580687,24960
201586861,24967
201593060,24967
201599274,24965
201605423,24970
201611629,24966
201617804,24967
201623978,24965
201630169,24962
201636325,24963
201642497,24963
201648658,24965
201654816,24961
201660978,24966
201667207,24958
201674089,24963
201680283,24971
201686410,24963
201697045,24965
201703220,24967
201708652,24973
201714824,24968
201720990,24965
201727213,24967
201733364,24967
201739512,24967
201745691,24964
201751874,24966
201758023,24964
201764233,24965
201770410,24962
201776558,24965
201782711,24967
201788926,24964
201795120,24966
201801285,24968
201807450,24969
201813732,24964
201819987,24966
201826255,24968
201836970,24967
201843190,24963
201849385,24961
201855550,24969
201861678,24964
201867839,24967
201874009,24971
201880843,24963
201887090,24961
201893317,24971
201899466,24964
201905662,24967
201911876,24965
201918040,24965
201924232,24967
201930379,24959
201936555,24967
201942739,24965
201948961,24969
201955203,24965
201961416,24963
201972114,24971
201976601,24967
201982771,24961
201988951,24970
201995137,24963
202001320,24965
202007518,24966
202013717,24970
202019911,24965
202026136,24966
202032317,24970
202038530,24969
202044732,24968
202050885,24961
202057032,24966
202063241,24971
202069402,24969
202075650,24964
202081802,24968
202088548,24968
202094815,24964
202105812,24970
202110975,24974
202117165,24976
202123323,24973
202129461,24975
202135635,24970
202141864,24975
202148027,24975
202154260,24978
202160447,24976
202166671,24971
202172819,24973
202179015,24973
202185218,24970
202191375,24969
202197596,24969
202203774,24974
202209934,24971
202216137,24974
202222291,24975
202228482,24973
202239548,24978
202245744,24986
202252008,24978
202258237,24982
202264445,24970
202270653,24978
202276848,24982
202283087,24988
202289314,24984
202295497,24981
202302302,24978
202308426,24981
202314599,24977
202320788,24984
202326956,24988
202333136,24980
202339323,24980
202345505,24984
202351722,24984
202357901,24982
202364115,24984
202374762,24988
202380917,24985
202385687,24984
202391888,24988
202398041,24993
202404269,24989
202410463,24990
202416701,24979
202422931,24982
202429189,24988
202435401,24984
202441576,24981
202447721,24983
202453891,24988
202460080,24988
202466269,24977
202472420,24989
202478589,24989
202484781,24988
202490963,24981
202497166,24991
202509231,24986
202515441,24989
202520228,24990
202526400,24994
202532577,24991
202538807,24984
202545031,24993
202551245,24991
202557499,24990
202563729,24992
202569957,24990
202576170,24985
202582314,24989
202588440,24993
202594604,24986
202600785,24994
202606984,24994
202613214,24991
202619403,24987
202625560,24994
202631752,24991
202643133,24994
202656181,24988
202662390,24987
202668598,24992
202674781,24988
202680990,24988
202687234,24992
202693423,24990
202699622,24990
202705820,24989
202712011,24992
202718218,24990
202724963,24989
202731210,24994
202737369,24989
202743609,24985
202749802,24995
202755972,24989
202762160,24993
202773589,24990
202779008,24987
202785215,24988
202789633,24991
202795815,24995
202801982,24990
202808198,24992
202814440,24994
202820673,24994
202826856,24995
202833016,24988
202839230,24988
202845403,24992
202851630,24990
202857754,24984
202863901,24986
202870060,24989
202876308,24990
202882559,24991
202888773,24994
202894996,24993
202906735,24995
202912973,24992
202918199,24988
202923644,24989
202929825,24992
202936529,24997
202942725,24996
202948913,24993
202955107,24994
202961303,24996
202967460,24988
202973639,24991
202979805,24993
202985966,24991
202992175,24985
202998348,24993
203004530,24992
203010736,24995
203016952,24989
203023138,24994
203029357,24993
203040751,24995
203046911,24993
203052311,24994
203057516,24994
203062948,24979
203069148,24991
203075308,24987
203081463,24993
203087639,24992
203093818,24998
203099998,24990
203106204,24993
203112401,24994
203118595,24994
203124774,24997
203130964,24993
203137186,24996
203143344,24995
203150230,24989
203156432,24995
203162625,24994
203168793,25003
203180163,24994
203186316,24993
203192493,24993
203198717,24994
203204851,24999
203211078,24999
203217268,24996
203223450,25000
203229658,24995
203235816,24997
203242012,24991
203248209,24999
203254379,24994
203260613,25001
203266740,24991
203272853,24997
203279012,24997
203285238,25001
203291420,24996
203297655,25004
203303845,24996
203310050,25002
203316208,24998
203322379,25003
203327147,24992
203332362,24998
203338545,24997
203344753,24997
203350925,25007
203357739,24999
203363933,24997
203370155,25004
203376379,25000
203382606,24998
203388811,25000
203395047,24997
203401243,25005
203407448,25002
203413638,24995
203419816,25001
203425999,24998
203432247,25002
203438431,25008
203450113,25001
203456285,25004
203461470,25005
203466909,24994
203473060,25001
203479301,24998
203485429,25000
203491660,25002
203497913,24996
203504145,25006
203510394,24995
203516632,24999
203522869,24997
203529051,25002
203535278,24999
203541386,25003
203547584,24996
203553744,24995
203559958,24995
203566711,25002
203572940,25001
203584356,25003
203590551,25003
203595970,24997
203601181,25000
203606640,25001
203612888,25005
203619029,24994
203625224,24998
203631391,25001
203637575,24999
203643756,25000
203649950,25000
203656135,24998
203662298,24999
203668445,25000
203674659,25013
203680873,25002
203687091,24995
203693326,25004
203699512,24996
203705705,24999
203711938,24990
203723333,24997
203729546,25005
203735766,25006
203740425,25006
203746612,25003
203752806,25001
203758981,25003
203765239,24997
203771415,25007
203778273,25000
203784423,25005
203790574,24998
203796755,24998
203802951,25006
203809188,25002
203815378,25006
203821549,24999
203827741,24998
203833935,25003
203840150,24999
203846317,24998
203857697,25007
203863861,25008
203870032,25012
203873700,25005
203879916,25004
203886095,24998
203899115,25009
203905357,24999
203911649,25007
203917940,24998
203924178,24999
203930384,25006
203936640,25004
203942895,25003
203949146,25006
203955337,25007
203961541,25001
203967714,25005
203973918,25008
203985331,25012
203991483,25017
203998345,25011
204003144,25009
204008340,25006
204014535,25012
204020765,25015
204026933,25005
204033136,25010
204039342,25003
204045498,25011
204051707,24999
204057819,25009
204064025,25011
204070232,25011
204076398,25009
204082610,25003
204088748,25012
204094921,25013
204101135,25010
204107332,25003
204113511,25014
204119761,25019
204125917,25007
204132094,25011
204136898,25014
204142103,25017
204148258,25014
204154398,25016
204160600,25011
204166747,25015
204172883,25015
204179027,25021
204185219,25018
204191368,25012
204197539,25011
204204329,25012
204210556,25013
204216735,25011
204222882,25021
204229053,25006
204235273,25007
204241462,25023
204247676,25014
204253854,25012
204259998,25020
204266189,25019
204270949,25015
204277160,25022
204283312,25018
204289484,25010
204295694,25026
204301890,25014
204308069,25010
204314299,25018
204320452,25019
204326621,25015
204332813,25023
204338959,25023
204345144,25006
204351350,25021
204357550,25019
204363739,25023
204369924,25020
204376186,25022
204382344,25017
204393681,25022
204399825,25019
204405209,25020
204411378,25017
204418236,25019
204424376,25026
204430537,25025
204436724,25021
204442885,25021
204449064,25020
204455251,25021
204461423,25023
204467588,25002
204473769,25020
204479985,25010
204486232,25013
204492446,25024
204498647,25015
204504827,25014
204511008,25018
204517207,25008
204528533,25017
204534746,25017
204540151,25015
204545346,25014
204551558,25018
204556991,25010
204563213,25018
204569401,25017
204575607,25020
204581765,25023
204587908,25017
204594114,25009
204600312,25005
204606443,25014
204612597,25015
204618814,25016
204625606,25018
204631840,25012
204638029,25014
204644241,25019
204650389,25014
204656557,25021
204662766,25020
204668940,25022
204674141,25013
204679621,25017
204685851,25010
204691044,25023
204697265,25019
204703440,25020
204709666,25016
204715847,25015
204722018,25018
204728236,25024
204734394,25017
204740586,25019
204746779,25009
204752936,25014
204759113,25018
204765296,25015
204771481,25018
204777681,25019
204783865,25019
204790082,25021
204796271,25019
204802460,25011
204808674,25012
204813442,25021
204819634,25027
204825850,25017
204832019,25010
204838843,25021
204845054,25021
204851252,25019
204857386,25018
204863589,25016
204869762,25023
204875965,25020
204882173,25024
204888347,25022
204894514,25026
204900671,25022
204906888,25015
204913090,25028
204919288,25024
204925442,25029
204931579,25023
204942946,25020
204949156,25024
204955345,25021
204961567,25025
204967029,25023
204973274,25026
204979429,25023
204985592,25027
204991768,25024
204997944,25021
205004136,25024
205010328,25026
205016528,25020
205022741,25016
205028918,25023
205035092,25029
205041314,25019
205048212,25028
205054344,25023
205060513,25026
205066760,25023
205078253,25029
205083738,25030
205088965,25030
205095215,25035
205100730,25036
205106939,25029
205113188,25027
205119368,25021
205125528,25029
205131697,25036
205144487,25032
205150692,25024
205156930,25036
205163180,25024
205169345,25025
205175504,25036
205181715,25027
205187897,25031
205194065,25026
205200249,25029
205206372,25029
205212541,25035
205216965,25035
205223164,25025
205229371,25029
205234799,25033
205240974,25032
205247204,25024
205253354,25044
205259508,25034
205266305,25033
205272490,25034
205278633,25039
205284799,25042
205291007,25040
205297267,25041
205303440,25036
205309654,25029
205315857,25031
205322052,25037
205328268,25034
205334420,25038
205345760,25032
205351162,25033
205356388,25033
205362596,25035
205368020,25040
205374237,25034
205380424,25033
205386612,25042
205392804,25036
205398996,25035
205405248,25040
205411466,25032
205417669,25039
205423919,25037
205430080,25033
205436315,25031
205442526,25040
205448722,25038
205454951,25037
205461183,25036
205467366,25036
205474160,25037
205480316,25039
205485489,25034
205490936,25029
205497070,25035
205503278,25030
205509448,25029
205515637,25035
205521834,25037
205528042,25037
205534258,25037
205540389,25037
205546528,25041
205552702,25037
205558922,25035
205565071,25036
205571291,25037
205577450,25037
205583641,25032
205589831,25034
205595977,25040
205602184,25035
205608357,25032
205618968,25040
205624173,25040
205630352,25033
205636490,25030
205642708,25036
205648892,25036
205655078,25038
205661267,25039
205667431,25034
205673607,25032
205679764,25034
205686565,25033
205692787,25034
205698930,25033
205705176,25040
205711363,25035
205717596,25035
205723740,25035
205729930,25033
205736100,25036
205742292,25028
205748488,25032
205758429,25031
205764655,25033
205770798,25037
205776951,25034
205783152,25036
205789317,25031
205795475,25028
205801683,25036
205807821,25036
205813983,25034
205820115,25032
205826317,25029
205832486,25035
205838706,25040
205844851,25031
205851034,25031
205857249,25038
205863414,25036
205869624,25033
205875823,25037
205881968,25035
205893503,25030
205899719,25044
205905917,25033
205912097,25029
205918325,25036
205923536,25028
205929747,25034
205935862,25039
205942025,25035
205948216,25030
205954402,25041
205960595,25032
205966787,25034
205972960,25034
205979163,25035
205985361,25034
205991547,25030
205997778,25035
206003919,25036
206010080,25035
206016253,25035
206026178,25032
206032405,25038
206038629,25033
206044828,25037
206051007,25039
206057193,25038
206062641,25039
206068859,25030
206075020,25037
206081202,25031
206087428,25037
206093629,25037
206099844,25032
206106622,25035
206112878,25031
206119068,25038
206125273,25039
206131416,25036
206137586,25034
206143786,25037
206149987,25035
206160669,25042
206165880,25041
206172067,25044
206178306,25038
206184501,25038
206190698,25039
206196106,25026
206202299,25042
206208425,25043
206214608,25040
206220765,25042
206226976,25042
206233164,25040
206239337,25043
206245479,25047
206251695,25049
206257863,25049
206264020,25043
206270242,25044
206276380,25039
206282532,25052
206288730,25039
206298797,25049
206305058,25048
206311289,25050
206318114,25036
206324311,25045
206330475,25044
206335672,25045
206341807,25049
206347982,25045
206354189,25046
206360377,25042
206366586,25048
206372793,25045
206379004,25046
206391794,25046
206398022,25043
206404256,25046
206410444,25042
206416663,25049
206427273,25044
206433470,25051
206439703,25043
206445891,25038
206452090,25038
206458330,25041
206463737,25041
206469939,25049
206476141,25039
206482361,25033
206488610,25035
206494899,25042
206501141,25037
206507338,25039
206513510,25041
206519717,25045
206525910,25045
206532685,25041
206538869,25040
206545039,25035
206551284,25038
206561962,25041
206568206,25040
206574373,25046
206580563,25043
206586770,25047
206592966,25045
206599186,25044
206605327,25043
206611484,25047
206617670,25038
206623878,25042
206630075,25041
206636299,25042
206642466,25036
206648710,25039
206654888,25034
206661101,25038
206667311,25036
206673459,25028
206679613,25031
206685797,25038
206696412,25030
206701606,25047
206707815,25037
206714005,25039
206720243,25038
206726485,25038
206732738,25033
206738915,25033
206745738,25042
206751862,25042
206758008,25034
206764195,25031
206770385,25033
206776621,25043
206782795,25042
206788915,25037
206795111,25036
206801274,25043
206807429,25042
206813626,25038
206819823,25038
206830439,25042
206836675,25045
206842835,25050
206849051,25035
206855247,25036
206861444,25039
206867656,25037
206873881,25038
206879345,25040
206885558,25045
206891761,25038
206898021,25038
206904265,25045
206910446,25043
206916652,25036
206922858,25034
206929036,25032
206935293,25046
206941449,25043
206947621,25045
206954379,25043
206965022,25040
206971263,25043
206976461,25040
206982688,25038
206988856,25045
206995018,25045
207001225,25033
207007388,25043
207013586,25041
207019072,25039
207025295,25040
207031460,25043
207037653,25041
207043837,25036
207050016,25038
207056274,25039
207062472,25043
207068614,25042
207074791,25040
207080975,25034
207087194,25040
207093424,25040
207104192,25042
207110433,25044
207116698,25048
207122917,25039
207129087,25049
207135272,25043
207141449,25042
207147655,25040
207153060,25043
207159279,25051
207166124,25041
207172332,25051
207178498,25044
207184702,25042
207190910,25049
207197092,25047
207203287,25038
207209428,25040
207215616,25046
207221751,25053
207227955,25045
207238691,25050
207244899,25049
207250351,25044
207256497,25052
207262653,25052
207268794,25046
207274963,25048
207281171,25047
207287382,25046
207293542,25051
207299720,25054
207305918,25056
207312072,25053
207318308,25055
207324544,25052
207330735,25052
207336940,25053
207343105,25047
207349305,25051
207355458,25056
207361633,25056
207373614,25046
207379909,25045
207385397,25046
207391549,25047
207397770,25045
207403913,25049
207410090,25046
207416307,25047
207422443,25044
207427614,25049
207433813,25042
207439977,25049
207446150,25041
207452353,25048
207458527,25044
207464723,25046
207470880,25051
207477044,25047
207483216,25051
207489378,25045
207495627,25050
207507352,25048
207513574,25037
207518826,25038
207525043,25038
207531268,25041
207537463,25048
207543665,25039
207549836,25047
207555989,25038
207562238,25044
207568460,25038
207574684,25050
207580877,25041
207587741,25044
207593911,25043
207600145,25045
207606386,25040
207612605,25043
207618847,25041
207625040,25044
207637095,25038
207643341,25040
207648641,25032
207654815,25039
207660983,25035
207667199,25040
207673363,25048
207679509,25035
207685715,25037
207691871,25036
207697366,25038
207703617,25036
207709836,25039
207716095,25037
207722320,25039
207728555,25037
207734791,25039
207740983,25040
207747192,25039
207753399,25048
207759550,25038
207765749,25037
207776524,25038
207782754,25035
207788941,25039
207795105,25038
207801927,25039
207808164,25040
207814336,25036
207820494,25040
207826708,25038
207832970,25033
207839178,25034
207845361,25034
207851554,25037
207857751,25041
207863905,25041
207870081,25038
207876256,25033
207882443,25040
207888662,25033
207894825,25043
207900998,25044
207911878,25032
207918081,25038
207923323,25034
207929479,25037
207935696,25037
207941862,25038
207948015,25043
207954215,25043
207960385,25037
207966544,25035
207972750,25037
207978935,25040
207985097,25038
207991316,25033
207997489,25038
208003697,25042
208010457,25041
208016718,25040
208022885,25036
208029070,25037
208035243,25040
208046076,25038
208052294,25036
208057501,25045
208063735,25035
208069886,25040
208076072,25041
208082223,25038
208088412,25040
208094598,25043
208100784,25037
208106957,25041
208113152,25040
208119371,25045
208125571,25040
208131794,25050
208137960,25040
208144243,25040
208150438,25043
208156686,25039
208162921,25037
208169204,25040
208180112,25046
208186345,25042
208191568,25046
208197785,25048
208203956,25047
208210123,25046
208216339,25042
208223094,25036
208229305,25045
208235539,25041
208241802,25046
208248010,25046
208253441,25038
208259590,25051
208265790,25044
208272009,25049
208278198,25048
208284409,25042
208290562,25047
208296737,25049
208302950,25051
208314401,25041
208320605,25048
208326101,25039
208332351,25043
208338550,25044
208344767,25041
208351023,25043
208357244,25049
208363390,25041
208369576,25047
208375775,25042
208381973,25042
208388184,25045
208394414,25045
208400595,25041
208406793,25040
208412960,25044
208419159,25045
208425349,25045
208432200,25046
208438426,25042
208449028,25039
208455254,25039
208460472,25046
208466698,25040
208472877,25046
208479017,25035
208485209,25050
208491398,25043
208497606,25043
208503840,25035
208509982,25033
208516167,25045
208522408,25042
208528641,25039
208534874,25035
208541038,25038
208547236,25036
208553415,25038
208559648,25043
208565811,25038
208571980,25042
208582597,25038
208588832,25038
208595027,25034
208601212,25040
208607387,25041
208613570,25040
208619792,25037
208625940,25038
208632125,25038
208638308,25036
208645135,25039
208651324,25041
208657502,25047
208663747,25040
208669901,25035
208676061,25033
208682241,25038
208688454,25043
208694650,25038
208700810,25034
208707006,25039
208717605,25029
208723817,25037
208730009,25035
208735464,25044
208741659,25036
208747835,25035
208753998,25039
208760217,25035
208766391,25032
208772542,25028
208778682,25031
208784892,25035
208791062,25031
208797328,25028
208803456,25026
208809609,25036
208815789,25037
208821965,25029
208828202,25029
208834407,25032
208840527,25036
208852504,25036
208858778,25036
208864932,25035
208870337,25032
208883100,25027
208889296,25034
208895531,25029
208901732,25027
208907952,25027
208914191,25030
208920390,25031
208926533,25032
208932752,25040
208938957,25037
208945130,25027
208951368,25030
208957482,25033
208963691,25028
208969912,25036
208981301,25034
208986733,25031
208992908,25036
208998106,25033
209004343,25032
209010522,25028
209016730,25034
209022855,25032
209029043,25027
209035253,25034
209041437,25033
209047630,25032
209053825,25032
209060005,25034
209066159,25031
209072908,25037
209078339,25034
209084458,25032
209090651,25025
209096837,25030
209103025,25030
209109204,25030
209115392,25025
209121575,25035
209127751,25036
209132979,25029
209139166,25034
209145400,25038
209151604,25038
209157826,25034
209163952,25026
209170164,25033
209176356,25034
209182519,25032
209188773,25037
209194930,25031
209201094,25047
209207271,25030
209213432,25039
209219616,25035
209225782,25036
209231945,25034
209238145,25033
209244351,25040
209255946,25033
209262138,25031
209267400,25035
209273592,25029
209280407,25033
209286632,25032
209292834,25032
209298981,25035
209305211,25036
209311375,25030
209317566,25028
209323765,25031
209329919,25039
209336099,25033
209342300,25027
209348446,25028
209353861,25030
209360033,25031
209366238,25030
209372428,25028
209378610,25030
209390049,25029
209395478,25027
209401693,25033
209407859,25024
209414020,25028
209420231,25032
209426380,25028
209432505,25023
209438700,25025
209444915,25030
209451084,25033
209457336,25035
209463498,25025
209469704,25032
209475899,25027
209482081,25027
209488299,25030
209495139,25032
209501339,25028
209507489,25024
209513688,25022
209525043,25021
209530512,25021
209536725,25020
209541915,25029
209548096,25023
209554289,25031
209560430,25022
209566558,25029
209572777,25022
209578986,25023
209585146,25024
209591333,25024
209597537,25023
209603736,25024
209609881,25027
209616093,25028
209622297,25023
209628454,25020
209634690,25028
209640847,25027
209647019,25031
209653279,25025
209659517,25020
209665012,25026
209671272,25024
209676499,25022
209682723,25020
209688860,25017
209695061,25024
209701790,25018
209708039,25018
209714235,25021
209720400,25022
209726615,25025
209732843,25024
209739000,25021
209745162,25025
209751336,25021
209757533,25018
209763762,25019
209769280,25024
209775427,25019
209781649,25025
209793060,25029
209798492,25019
209804658,25013
209810805,25018
209816956,25026
209823137,25030
209829348,25024
209835512,25024
209841685,25023
209847890,25019
209854071,25024
209860315,25022
209866507,25019
209872671,25019
209878802,25019
209884984,25020
209891221,25023
209897456,25018
209903666,25023
209908882,25020
209915782,25013
209921926,25024
209928112,25022
209933565,25022
209939729,25022
209945924,25022
209951128,25030
209957349,25022
209963513,25021
209969746,25027
209975911,25021
209982093,25027
209988265,25022
209994465,25016
210000658,25030
210006834,25023
210012983,25019
210019166,25023
210025354,25023
210031525,25024
210037746,25028
210043147,25029
210049351,25022
210055497,25025
210061676,25020
210067939,25021
210074169,25024
210080398,25021
210085633,25036
210091842,25021
210098061,25025
210104265,25023
210110428,25024
210116614,25029
210130095,25033
210136418,25026
210142714,25027
210148940,25026
210155205,25032
210161409,25023
210167626,25023
210173121,25025
210179381,25018
210185574,25028
210191781,25029
210202427,25023
210208613,25017
210213818,25025
210220012,25016
210226180,25026
210232377,25026
210238542,25029
210244772,25023
210250945,25029
210257164,25023
210263334,25025
210269547,25023
210275784,25016
210281932,25016
210288103,25026
210294270,25028
210300449,25024
210306666,25026
210312877,25015
210319085,25017
210325369,25023
210337128,25022
210344022,25015
210349222,25019
210355394,25021
210361555,25025
210367738,25018
210373889,25022
210380046,25018
210386231,25027
210392399,25021
210398585,25022
210404780,25022
210411001,25016
210417238,25027
210423399,25020
210429601,25016
210435801,25022
210441975,25013
210447434,25024
210453605,25017
210459784,25025
210471164,25025
210476617,25022
210482819,25015
210489027,25013
210495235,25018
210501389,25013
210507583,25023
210513803,25024
210519991,25012
210526187,25018
210532414,25017
210538597,25017
210544769,25024
210550972,25025
210557789,25018
210563947,25016
210570096,25015
210576330,25015
210582475,25018
210588627,25017
210594812,25015
210606360,25019
210611803,25013
210617971,25015
210623137,25009
210629354,25012
210635539,25015
210641751,25017
210647922,25013
210654111,25015
210660301,25015
210666525,25018
210672790,25019
210679014,25011
210685250,25014
210691471,25016
210697732,25017
210703892,25013
210710066,25015
210716274,25016
210722445,25007
210728632,25009
210740323,25016
210745537,25019
210751745,25012
210757166,25018
210763367,25019
210770225,25002
210776423,25010
210782548,25026
210788714,25017
210794907,25026
210801085,25010
210807334,25013
210813484,25018
210819596,25012
210825817,25015
210832017,25014
210838218,25010
210844416,25016
210850594,25010
210856816,25016
210863026,25015
210869259,25015
210875409,25020
210880603,25012
210886774,25013
210892206,25016
210898386,25016
210904491,25017
210910649,25017
210916815,25013
210923007,25013
210929206,25020
210935403,25024
210941552,25019
210947714,25018
210953897,25017
210960049,25018
210966258,25013
210972435,25017
210979310,25018
210985500,25018
210991695,25016
210997904,25008
211003125,25012
211014761,25016
211020931,25015
211026128,25017
211032163,25020
211038404,25014
211044638,25014
211050836,25013
211057028,25021
211063202,25016
211069363,25014
211075639,25011
211081858,25006
211088041,25015
211094251,25025
211100455,25015
211106656,25019
211112843,25015
211119048,25009
211125274,25018
211131425,25024
211137625,25021
211149289,25017
211154506,25020
211160718,25016
211166883,25018
211173065,25017
211179220,25016
211185983,25014
211192196,25023
211198405,25013
211204573,25013
211210783,25016
211217022,25017
211223232,25023
211229414,25019
211235672,25013
211241880,25017
211248051,25014
211254267,25022
211260430,25015
211266644,25021
211272837,25018
211283503,25011
211288971,25019
211295168,25016
211300412,25016
211306627,25014
211312870,25017
211319080,25015
211325287,25015
211331493,25015
211337706,25021
211343883,25022
211350036,25013
211356204,25018
211362383,25013
211375397,25016
211381607,25010
211387881,25016
211394067,25017
211400265,25020
211407109,25021
211417822,25014
211424002,25017
211429170,25015
211435364,25020
211441555,25017
211447756,25008
211453915,25010
211460103,25007
211466341,25014
211472514,25012
211478747,25015
211484943,25006
211491103,25024
211497310,25016
211503490,25017
211509716,25025
211515893,25021
211522073,25015
211528272,25016
211534467,25009
211540660,25015
211551389,25012
211557601,25007
211563840,25011
211570091,25019
211576301,25015
211582526,25009
211588729,25008
211594874,25012
211601040,25010
211607233,25016
211614002,25004
211620194,25018
211626343,25016
211632525,25012
211638743,25008
211644893,25012
211651045,25011
211657234,25011
211663412,25021
211669584,25016
211675779,25012
211686452,25011
211692660,25006
211698114,25014
211703380,25011
211709546,25016
211715772,25006
211721947,25015
211728115,25010
211734317,25015
211740516,25007
211746720,25011
211752851,25006
211758958,25011
211765139,25008
211771339,25013
211777514,25011
211783761,25015
211789931,25007
211796099,25005
211802341,25019
211808533,25012
211819499,25010
211826280,25010
211832482,25010
211837680,25011
211843852,25000
211850057,25013
211856189,25003
211862403,25007
211868578,25008
211874805,25009
211880935,25007
211887073,25009
211893223,25008
211899392,25007
211905555,25008
211911795,25007
211917990,25004
211924179,25009
211930420,25007
211936595,25017
211942804,25017
211953777,25003
211959960,25010
211966177,25014
211972403,25005
211978612,25008
211984837,25007
211991101,25006
211997334,25007
212003490,25011
212009637,25003
212015816,25006
212021998,25003
212028190,25010
212035034,25008
212041185,25010
212047406,25013
212053562,25010
212059709,25013
212065895,25009
212072144,25002
212078401,25004
212089030,25006
212095192,25003
212101413,25005
212106822,25014
212112007,25002
212118201,25010
212124381,25011
212130567,25009
212136792,25010
212142952,25007
212149099,25012
212155291,25008
212161457,25008
212167646,25009
212173846,25008
212180033,24999
212186189,25004
212192391,25007
212198588,25005
212204793,25005
212210961,25008
212217134,25014
212223313,25003
212229472,25006
212235676,25009
212241149,25005
212247295,25003
212253469,25006
212259668,25001
212265878,25006
212272042,25002
212278226,24996
212284446,25005
212290580,25002
212296789,25006
212302927,25008
212309079,25008
212315257,25003
212321418,25003
212327574,25003
212333764,25004
212339950,25006
212346100,24995
212352293,25002
212363874,25004
212370041,25016
212375244,25002
212380716,25007
212386966,25004
212393205,25005
212399448,25006
212405689,24999
212411958,25004
212418134,25006
212424351,25014
212430504,25015
212436640,25007
212442806,25008
212448962,25009
212455743,25006
212461937,25009
212468121,25010
212474347,25000
212480498,25012
212486637,25013
212498000,25007
212503469,25009
212509637,25012
212515841,25007
212522013,25011
212528176,25006
212534387,25009
212540512,25011
212546661,25018
212552822,25013
212558987,25011
212565241,25007
212571412,25005
212577576,25008
212583736,25012
212589929,25010
212596101,25008
212602286,25012
212608471,25006
212626439,25013
212632645,25006
212638138,25008
212644346,25013
212649539,25010
212655811,25010
212662043,25015
212668851,25008
212675107,25013
212681296,25012
212687503,25010
212693755,25013
212699936,25011
212706099,24999
212712269,25012
212718435,25008
212724577,25009
212730800,25009
212736983,25009
212743138,25013
212749360,25013
212760914,25014
212767116,25019
212772331,25016
212778501,25020
212783950,25017
212790120,25013
212796352,25016
212802510,25018
212808656,25024
212814849,25012
212821032,25016
212827183,25009
212833410,25018
212839595,25014
212845818,25018
212852067,25017
212858298,25011
212864482,25014
212870673,25010
212876874,25009
212883634,25016
212889866,25018
212896106,25017
212902335,25009
212907555,25014
212913783,25013
212919196,25021
212924473,25015
212930704,25014
212936845,25018
212942995,25012
212949186,25014
212955422,25014
212961645,25015
212967839,25013
212973952,25022
212980181,25011
212986381,25021
212992539,25008
212998772,25010
213004922,25009
213011095,25016
213017298,25007
213023479,25011
213029660,25010
213035849,25012
213041295,25021
213047492,25008
213052683,25011
213058910,25009
213065061,25004
213071257,25017
213077435,25009
213083606,25007
213090437,25019
213096679,25014
213102859,25010
213108943,25011
213115115,25015
213121341,25023
213127525,25012
213133756,25015
213139939,25009
213146086,25007
213152316,25014
213158501,25016
213170123,25004
213176320,25012
213182502,25013
213187685,25009
213193884,25013
213199295,25015
213205477,25010
213211659,25014
213217870,25007
213224075,25008
213230254,25005
213236458,25016
213242648,25013
213248891,25004
213255132,25014
213261395,25009
213267604,25012
213273792,25014
213280017,25014
213286247,25020
213292438,25011
213298585,25009
213305411,25005
213311556,25010
213316750,25011
213322180,25010
213328385,25012
213333581,25012
213339839,25012
213346008,25014
213352201,25008
213358377,25012
213364569,25013
213370795,25012
213376963,25009
213383154,25020
213389345,25009
213395555,25012
213401802,25019
213407942,25006
213414095,25010
213420297,25014
213426441,25011
213432621,25015
213444288,25009
213450475,25016
213455694,25009
213461927,25011
213467384,25014
213473613,25015
213479836,25012
213486081,25016
213492270,25013
213498458,25012
213504590,25011
213510777,25014
213517563,25012
213523734,25018
213529917,25011
213536101,25014
213542335,25009
213548533,25016
213554706,25016
213560875,25014
213567084,25013
213578507,25012
213584753,25018
213590201,25006
213596399,25007
213601625,25014
213607868,25016
213614008,25014
213620191,25008
213626380,25016
213632572,25017
213638786,25019
213644965,25011
213651157,25015
213657339,25021
213663542,25016
213669768,25019
213675902,25014
213682037,25019
213688196,25020
213694389,25019
213700574,25014
213706786,25011
213712904,25003
213719091,25012
213725242,25008
213731432,25005
213736229,25013
213742447,25022
213748593,25011
213754760,25005
213760912,25015
213767089,25012
213773289,25012
213779510,25019
213785658,25017
213791886,25010
213798090,25011
213804292,25010
213810461,25015
213816608,25007
213822802,25013
213828967,25016
213835143,25015
213841352,25015
213852771,24996
213865558,25006
213871816,25006
213878058,25015
213884232,25012
213890459,25012
213896642,25011
213902870,25008
213909069,25016
213915277,25003
213921452,25012
213927691,25007
213933922,25003
213940767,25013
213946945,25009
213953135,25016
213959327,25010
213965504,25004
213971690,25018
213983337,25011
213989497,25002
213994691,25005
214000898,25004
214005691,25014
214011857,25016
214018041,25007
214024209,25007
214030412,25008
214036560,25011
214042727,25009
214048929,25014
214055099,25003
214061303,25009
214067493,25007
214073668,25010
214079887,25012
214086159,25015
214092385,25011
214098567,25006
214104784,25012
214110975,25012
214117163,25019
214123383,25010
214129584,25011
214135787,25010
214140248,25018
214146445,25013
214153211,25019
214159406,25019
214165546,25013
214171776,25012
214177909,25010
214184049,25013
214190219,25015
214196414,25015
214202663,25010
214208862,25019
214215056,25013
214221263,25009
214227413,25015
214233581,25014
214239816,25019
214245934,25020
214257499,25016
214263672,25020
214269871,25016
214274329,25025
214280487,25015
214286733,25021
214292910,25016
214299056,25019
214305218,25012
214311382,25015
214317593,25018
214323843,25019
214329973,25018
214336147,25017
214342360,25015
214348553,25013
214354810,25013
214361589,25022
214367827,25017
214373979,25013
214380171,25015
214391834,25010
214398061,25016
214404290,25020
214408726,25018
214414177,25022
214420382,25018
214426551,25015
214432692,25024
214438844,25015
214445000,25018
214451156,25017
214457383,25026
214463554,25019
214469741,25022
214475972,25020
214482184,25014
214488464,25015
214494681,25020
214500918,25017
214507136,25021
214513385,25017
214519554,25019
214525729,25017
214531970,25030
214538167,25024
214542638,25018
214548084,25021
214554303,25020
214560432,25021
214566607,25027
214573450,25035
214579537,25022
214585718,25016
214591875,25021
214598070,25031
214604273,25017
214610493,25029
214616662,25018
214622838,25020
214629037,25022
214635224,25022
214641432,25014
214647571,25021
214653751,25021
214659930,25023
214666113,25024
214672325,25022
214677527,25022
214682979,25022
214689167,25017
214695393,25028
214701529,25019
214707727,25024
214713886,25022
214720087,25023
214726338,25021
214732505,25018
214738689,25021
214744878,25017
214751080,25024
214757295,25017
214763463,25028
214769594,25021
214775771,25025
214782577,25020
214788764,25025
214800154,25023
214806327,25026
214811760,25023
214816968,25017
214822424,25023
214828605,25022
214834744,25019
214840881,25017
214847076,25024
214853288,25019
214859461,25012
214865622,25020
214871798,25014
214878020,25022
214884201,25020
214890390,25013
214896534,25027
214902682,25026
214908849,25019
214915063,25020
214921303,25029
214927529,25021
214933770,25015
214940006,25027
214946242,25021
214951478,25023
214956949,25022
214963116,25020
214969293,25015
214975496,25018
214981646,25014
214987818,25030
214994568,25022
215000744,25022
215006935,25011
215013153,25018
215019418,25023
215025566,25019
215031760,25019
215037940,25017
215044143,25023
215050396,25026
215056543,25023
215062737,25020
215074114,25020
215080345,25019
215085791,25019
215090238,25019
215096438,25022
215102545,25021
215115350,25027
215121566,25023
215127832,25017
215134041,25021
215140204,25019
215146416,25017
215152568,25017
215158775,25029
215164969,25025
215171126,25018
215177331,25017
215183501,25017
215189665,25018
215195856,25021
215207847,25021
215214031,25021
215218793,25024
215223972,25021
215230132,25024
215236319,25020
215242486,25029
215248628,25022
215254812,25019
215260951,25024
215267099,25022
215273289,25035
215279499,25033
215285707,25030
215291904,25012
215298105,25022
215304261,25020
215310471,25023
215316648,25030
215322850,25016
215329019,25018
215340653,25026
215346844,25026
215352065,25022
215358245,25016
215364461,25026
215370599,25023
215376835,25020
215382983,25025
215389123,25027
215395313,25022
215401512,25030
215407733,25025
215413911,25032
215420660,25023
215426848,25025
215433024,25025
215439215,25022
215445406,25026
215451595,25024
215457854,25021
215464066,25026
215475795,25021
215482068,25026
215487262,25026
215492049,25023
215498232,25023
215504456,25029
215510544,25023
215516689,25027
215522847,25026
215529047,25022
215535229,25022
215541426,25018
215547588,25017
215553786,25027
215559978,25031
215566199,25018
215572408,25021
215578558,25025
215584680,25019
215590856,25018
215597073,25028
215603302,25024
215609466,25021
215615597,25023
215620823,25025
215626232,25028
215632299,25026
215638463,25023
215644659,25019
215650864,25021
215656977,25021
215663142,25019
215669349,25025
215675514,25016
215681756,25023
215687972,25028
215694138,25024
215700294,25018
215706444,25022
215712639,25034
215718837,25022
215724987,25030
215731192,25027
215737352,25033
215749009,25019
215755191,25026
215761395,25021
215766585,25026
215772814,25020
215778971,25024
215785103,25022
215791279,25027
215797461,25028
215803642,25024
215809857,25022
215816035,25025
215822219,25026
215828426,25022
215834588,25027
215841420,25027
215847599,25022
215853813,25021
215859982,25032
215866138,25018
215872341,25025
215884037,25026
215890239,25019
215895485,25019
215900911,25021
215907104,25022
215913296,25030
215919493,25018
215925621,25032
215931828,25024
215938007,25018
215944244,25030
215950452,25020
215956663,25022
215962906,25021
215969151,25025
215975342,25017
215981503,25024
215987627,25031
215993802,25023
216000012,25029
216006167,25021
216017615,25017
216023856,25031
216030007,25023
216036174,25023
216041574,25025
216048410,25030
216054559,25026
216060747,25022
216066934,25026
216073139,25023
216079368,25022
216085565,25023
216091746,25028
216097944,25035
216104118,25032
216110364,25032
216116497,25023
216122692,25030
216128905,25028
216135136,25026
216141348,25033
216152784,25020
216158931,25032
216165105,25037
216170558,25024
216175019,25027
216181196,25034
216187426,25027
216193575,25027
216199724,25032
216205907,25028
216212159,25030
216218424,25031
216224677,25030
216230922,25028
216237166,25033
216243406,25028
216249581,25030
216255772,25026
216262582,25030
216268722,25033
216274920,25036
216281081,25034
216287303,25031
216293493,25023
216299682,25035
216304909,25032
216310296,25036
216315803,25035
216321985,25035
216328162,25029
216334378,25038
216340553,25033
216346723,25034
216359505,25033
216365756,25038
216372005,25035
216378176,25033
216384408,25033
216390607,25033
216396838,25030
216403001,25032
216409188,25027
216415388,25030
216421591,25033
216427810,25025
216433263,25032
216438460,25035
216443886,25027
216450050,25038
216456218,25034
216462434,25031
216468627,25036
216475374,25030
216481625,25035
216487827,25031
216494077,25024
216500333,25025
216506563,25032
216512678,25026
216518876,25030
216525065,25024
216531223,25029
216537429,25029
216543597,25025
216549779,25027
216561170,25027
216567380,25028
216573535,25031
216578312,25031
216584497,25028
216590621,25026
216596783,25026
216602967,25028
216609183,25027
216615425,25031
216621548,25031
216627701,25029
216633900,25027
216640098,25024
216646271,25020
216652452,25024
216658609,25024
216664783,25029
216670988,25036
216677171,25025
216683979,25028
216695418,25031
216701584,25034
216707810,25024
216714011,25024
216720222,25030
216726417,25039
216732607,25030
216738841,25031
216745032,25026
216751194,25036
216757368,25030
216763538,25030
216769756,25034
216775943,25027
216782067,25034
216788261,25027
216794462,25029
216800662,25028
216806884,25026
216813069,25030
216819283,25031
216830913,25034
216837083,25028
216842265,25032
216847782,25037
216853316,25031
216859539,25032
216865752,25028
216871979,25030
216878196,25034
216884411,25025
216890610,25029
216897454,25035
216903568,25031
216909777,25028
216915937,25026
216922110,25037
216928306,25036
216934528,25031
216940714,25036
216946883,25031
216953088,25033
216964541,25028
216970749,25036
216976182,25045
216982423,25035
216987617,25036
216993858,25038
217000042,25037
217006193,25040
217012382,25037
217018582,25033
217024753,25030
217030956,25043
217037082,25028
217043210,25028
217049395,25037
217055575,25032
217061785,25036
217067984,25039
217074124,25035
217080298,25035
217086464,25041
217092640,25030
217098883,25040
217105725,25037
217111172,25047
217116357,25039
217121803,25042
217127962,25045
217134141,25041
217140343,25036
217146519,25037
217152700,25046
217158909,25045
217165138,25041
217171318,25037
217177520,25046
217183669,25033
217189849,25033
217196035,25045
217202186,25031
217208421,25041
217214596,25035
217220814,25036
217227020,25039
217233261,25034
217239511,25044
217245749,25042
217251000,25035
217256445,25049
217262657,25037
217268834,25039
217275036,25044
217281211,25047
217287439,25049
217293589,25038
217299744,25040
217305906,25043
217312109,25043
217318921,25041
217325127,25034
217331337,25040
217337521,25040
217343694,25036
217349875,25035
217356118,25035
217362352,25038
217373769,25048
217379952,25040
217385369,25037
217391540,25035
217397719,25043
217403883,25044
217410069,25045
217416240,25044
217422458,25043
217428631,25045
217434817,25049
217441006,25049
217447179,25045
217453391,25045
217459604,25037
217465836,25040
217472017,25042
217478215,25040
217484417,25050
217490577,25039
217496759,25047
217508130,25045
217514290,25036
217519771,25049
217526544,25041
217531809,25049
217538044,25040
217544252,25047
217550529,25043
217556776,25044
217563007,25039
217569185,25043
217575390,25043
217581576,25042
217587788,25048
217593953,25046
217606693,25043
217612875,25043
217619169,25042
217625374,25037
217631577,25049
217637803,25042
217643946,25048
217649357,25045
217654556,25054
217660769,25050
217666200,25049
217672456,25044
217678572,25047
217684772,25050
217690940,25048
217697147,25039
217703349,25041
217709521,25045
217715679,25048
217721852,25046
217728037,25034
217734213,25044
217740423,25040
217747316,25043
217753538,25049
217759693,25046
217765916,25053
217777242,25043
217783436,25044
217788834,25046
217795011,25037
217800183,25040
217806390,25044
217812579,25042
217818794,25048
217825015,25049
217831170,25048
217837388,25041
217843548,25042
217849738,25048
217855946,25042
217862056,25048
217868234,25048
217874450,25050
217880597,25046
217886811,25047
217892987,25039
217899201,25044
217905454,25042
217911668,25045
217917908,25045
217923460,25041
217929655,25041
217935108,25044
217941296,25049
217947498,25042
217954345,25045
217960531,25048
217966727,25052
217972913,25047
217979062,25049
217985202,25048
217991419,25049
217997577,25049
218003737,25053
218009955,25049
218016199,25046
218022292,25045
218028524,25048
218034716,25050
218040892,25047
218052284,25046
218057731,25043
218062939,25047
218069140,25049
218075356,25046
218081538,25051
218087744,25047
218093963,25044
218100129,25046
218106292,25049
218112498,25055
218118648,25055
218124869,25049
218131014,25049
218137169,25047
218143382,25046
218149578,25052
218155814,25057
218162620,25043
218168886,25048
218175102,25049
218186745,25049
218191964,25054
218197384,25053
218203592,25049
218209810,25047
218216012,25044
218222181,25051
218228414,25049
218234596,25051
218240756,25040
218246947,25046
218253108,25046
218259341,25045
218265550,25045
218271698,25041
218277868,25048
218284122,25047
218290399,25045
218296664,25044
218302926,25042
218309146,25048
218320578,25046
218326027,25041
218332193,25041
218338387,25053
218344600,25041
218350149,25046
218356387,25044
218362559,25041
218368731,25042
218375488,25036
218381683,25041
218387831,25042
218394059,25044
218400232,25046
218406465,25055
218412672,25043
218418826,25045
218424985,25044
218431230,25047
218437451,25048
218443618,25047
218454985,25042
218461124,25047
218467272,25046
218472731,25042
218478944,25041
218485158,25037
218491358,25044
218497610,25047
218503801,25036
218509963,25050
218516112,25041
218522314,25044
218528503,25041
218534635,25046
218540836,25037
218547040,25043
218553180,25054
218559354,25041
218565538,25044
218571727,25039
218577921,25043
218589856,25042
218596015,25036
218601587,25032
218607086,25051
218613248,25049
218619460,25039
218625641,25048
218631799,25039
218637991,25048
218644176,25048
218650371,25042
218656505,25034
218662646,25049
218668827,25046
218675037,25042
218681244,25039
218687463,25039
218693591,25043
218699781,25043
218705954,25043
218712122,25045
218723551,25043
218729797,25037
218735263,25041
218741486,25042
218747703,25047
218753963,25041
218760183,25039
218766423,25048
218772594,25044
218778763,25038
218784935,25037
218791129,25050
218797956,25050
218804116,25050
218810329,25047
218816542,25042
218822688,25040
218828877,25043
218835082,25047
218841257,25048
218854092,25048
218860332,25043
218865576,25052
218871817,25050
218877281,25040
218883536,25045
218889753,25039
218894977,25044
218901204,25043
218907428,25054
218913634,25046
218919849,25048
218925997,25043
218932157,25046
218938345,25051
218944527,25044
218950744,25042
218956980,25048
218963204,25048
218969459,25043
218975676,25045
218981894,25049
218993686,25048
218999151,25054
219005321,25048
219011509,25052
219017726,25056
219023881,25053
219030086,25052
219036269,25051
219042487,25044
219048642,25052
219054805,25050
219060933,25051
219067163,25053
219073352,25053
219079553,25042
219085689,25045
219091862,25056
219098028,25046
219104251,25049
219110465,25047
219116666,25052
219128052,25043
219133487,25046
219139663,25051
219144865,25048
219151034,25042
219157201,25040
219163388,25047
219169580,25050
219175022,25049
219181143,25043
219187344,25048
219193526,25050
219199696,25034
219205898,25047
219212085,25046
219218266,25046
219225107,25040
219231285,25035
219237513,25042
219243701,25043
219249923,25039
219256138,25044
219262323,25047
219267571,25045
219273764,25047
219279226,25046
219285443,25044
219291613,25044
219297808,25050
219303979,25049
219309213,25042
219315388,25044
219321541,25045
219327688,25045
219333907,25045
219340020,25045
219346159,25043
219352352,25038
219358521,25037
219364688,25042
219370914,25041
219377045,25035
219383189,25038
219389367,25046
219395547,25044
219401754,25043
219407953,25045
219413365,25048
219419551,25044
219425667,25033
219432491,25040
219438657,25042
219443866,25041
219450027,25042
219456165,25038
219462334,25034
219468550,25038
219474793,25037
219480994,25043
219487173,25036
219493366,25037
219499557,25043
219505756,25049
219511924,25039
219518064,25044
219524229,25046
219530425,25037
219542012,25041
219548225,25031
219554450,25032
219560624,25031
219566814,25032
219572977,25039
219578177,25042
219584352,25042
219590529,25042
219596684,25040
219602936,25042
219609087,25042
219615267,25040
219621460,25033
219627619,25040
219633842,25039
219640628,25036
219646862,25037
219653021,25032
219659181,25032
219665385,25036
219677044,25035
219682273,25033
219687715,25033
219693910,25039
219700123,25032
219706319,25034
219712489,25031
219717675,25034
219723903,25033
219730022,25036
219736152,25034
219742380,25028
219748612,25037
219754828,25031
219761001,25044
219767164,25044
219773414,25031
219779623,25033
219785877,25035
219792070,25026
219798321,25033
219804506,25040
219810692,25040
219816202,25039
219822473,25041
219828661,25028
219834854,25028
219841094,25032
219847285,25037
219853068,25033
219859290,25034
219865475,25033
219871650,25033
219877877,25033
219884035,25034
219890187,25031
219896385,25028
219902622,25031
219908853,25033
219915040,25031
219921214,25031
219927381,25030
219933579,25028
219939821,25033
219950499,25037
219956753,25041
219962258,25038
219968503,25038
219974754,25041
219980944,25036
219986180,25036
219992385,25034
219998549,25044
220004699,25033
220010939,25039
220017107,25028
220023243,25041
220029442,25033
220035663,25034
220041900,25035
220048039,25042
220054185,25036
220060384,25039
220067098,25033
220073305,25033
220084976,25036
220097763,25025
220103978,25036
220110274,25027
220115492,25038
220121644,25027
220127849,25036
220134026,25029
220140173,25036
220146373,25040
220152559,25036
220158791,25039
220165027,25032
220171220,25030
220177404,25026
220183590,25030
220189794,25034
220195985,25032
220202156,25032
220213837,25028
220219049,25020
220225242,25024
220230707,25027
220236899,25037
220243120,25032
220249298,25027
220254506,25029
220260709,25026
220266900,25028
220273059,25022
220279202,25018
220285990,25030
220292154,25027
220298316,25025
220304555,25028
220310756,25025
220316947,25023
220323142,25032
220329340,25028
220335520,25026
220341697,25026
220347923,25021
220354066,25023
220360262,25024
220365723,25027
220371919,25018
220378122,25030
220384374,25019
220389560,25020
220395727,25020
220401924,25020
220408024,25021
220414221,25020
220420423,25025
220426592,25017
220432803,25025
220439021,25024
220445180,25027
220451367,25026
220457552,25017
220463739,25026
220469960,25022
220476079,25033
220482287,25023
220488477,25027
220494644,25022
220500172,25018
220506421,25021
220512596,25027
220518790,25018
220523974,25022
220530099,25018
220536282,25023
220542467,25018
220548665,25026
220554908,25019
220561080,25023
220567268,25016
220573481,25012
220579645,25016
220585799,25011
220591971,25025
220598128,25015
220604308,25018
220610498,25023
220616677,25024
220622923,25011
220628349,25017
220634573,25008
220640724,25010
220646917,25022
220653077,25017
220658251,25015
220664475,25015
220670624,25016
220676812,25017
220682991,25018
220689153,25021
220695342,25020
220702097,25018
220708306,25024
220714506,25016
220720646,25016
220726826,25019
220733002,25018
220739150,25017
220745348,25017
220751540,25014
220762226,25011
220768426,25017
220773888,25017
220780082,25016
220786250,25013
220792477,25021
220797661,25027
220803900,25008
220810060,25017
220816200,25024
220822407,25014
220828571,25024
220834802,25019
220840982,25014
220847136,25018
220853286,25018
220859495,25016
220865637,25013
220871859,25015
220878011,25009
220884181,25010
220890422,25016
220896623,25012
220902806,25011
220908937,25010
220915762,25011
220921985,25016
220928135,25015
220934279,25012
220940455,25015
220946621,25020
220952829,25008
220959046,25016
220965179,25014
220971373,25015
220977580,25009
220983728,25017
220989906,25016
220996038,25015
221002225,25012
221008436,25013
221014636,25015
221020869,25014
221027064,25016
221037696,25016
221043944,25013
221049314,25014
221055506,25015
221061631,25009
221067821,25014
221073028,25006
221079189,25006
221085405,25006
221091583,25012
221097779,25012
221103992,25012
221110137,25015
221116309,25019
221123149,25010
221129375,25007
221135545,25013
221141713,25010
221147922,25008
221154106,25012
221160334,25019
221170998,25004
221177125,25009
221182529,25010
221188675,25012
221194830,25013
221200995,25006
221207150,25008
221213387,25006
221219594,25008
221225771,25011
221231956,25007
221238162,25001
221244379,25002
221250569,25003
221256724,25004
221262888,24999
221269070,25010
221275232,25010
221281461,25009
221287623,25010
221293791,25011
221305243,25003
221311464,25007
221316856,25007
221323023,25006
221329197,25012
221342577,25006
221348729,25000
221354988,25002
221361174,25001
221367400,25000
221373621,25005
221379811,24997
221386014,24998
221392206,25003
221398404,25006
221404591,25004
221410757,24996
221416935,25004
221423131,25000
221434514,25005
221439944,24996
221446114,25002
221451334,24999
221457526,25002
221463695,25003
221469901,24997
221476010,24999
221481447,25000
221487610,25004
221493823,25001
221500005,25001
221506197,24997
221512458,24998
221518633,24998
221524792,25000
221530973,25001
221537172,25005
221543373,24997
221549579,24993
221556474,25002
221562632,25000
221574002,25004
221580219,24999
221585624,24996
221591787,24993
221597990,25002
221604165,24992
221610372,24995
221616547,25003
221622680,25000
221628863,24994
221635062,24996
221641221,24996
221647426,24992
221653594,25000
221659692,24996
221665840,24988
221672044,24991
221678209,24987
221684434,24988
221690598,24998
221696767,24992
221708099,24994
221714266,24996
221719750,24994
221725936,24992
221732105,24991
221738287,24993
221744497,24997
221750679,24992
221756880,24995
221763598,24999
221769772,25003
221775920,25002
221782118,24994
221788304,24994
221794520,24988
221800675,25001
221806814,24996
221813043,24997
221819254,24997
221825461,24997
221831613,24996
221842995,24991
221849170,24989
221853902,24997
221860101,24988
221866247,24985
221872486,24993
221878617,24990
221884792,24990
221890963,24994
221897139,25001
221903356,24992
221909568,24991
221915732,24988
221921902,24993
221928068,24990
221934241,24998
221940441,24994
221946581,24989
221952718,24993
221958925,24991
221965153,24993
221977170,24992
221983342,24987
221988130,24992
221994315,24988
222000519,24991
222006649,24987
222012831,24994
222019028,24987
222025236,24989
222031507,24989
222037682,24985
222043834,24992
222050017,24981
222056200,24995
222062437,24985
222068615,24983
222074746,24987
222080973,24991
222087189,24989
222093400,24993
222099521,24985
222110979,24979
222117145,24979
222121929,24977
222128111,24986
222134295,24983
222140498,24982
222146644,24974
222152852,24984
222159051,24979
222165257,24976
222171504,24979
222177689,24979
222184527,24980
222190697,24977
222196877,24980
222203021,24978
222209174,24977
222215380,24976
222221571,24980
222227699,24970
222233875,24982
222245298,24972
222251502,24964
222256294,24971
222262492,24969
222268643,24966
222274826,24969
222280978,24967
222287149,24968
222293326,24968
222299561,24970
222305780,24971
222311966,24970
222318149,24967
222324326,24972
222330539,24971
222336689,24969
222342852,24972
222349056,24967
222355232,24972
222361442,24966
222367631,24975
222379048,24970
222385203,24971
222391196,24964
222397417,24965
222403573,24971
222409706,24966
222415879,24964
222422068,24963
222428248,24964
222434487,24965
222440659,24965
222446848,24959
222453049,24964
222458274,24964
222464440,24964
222470628,24963
222476838,24957
222483022,24968
222489180,24968
222495355,24967
222501540,24966
222507727,24959
222513954,24962
222520101,24961
222525555,24959
222530717,24966
222536899,24960
222543039,24967
222549184,24964
222555341,24970
222561546,24965
222567733,24964
222573944,24960
222586920,24956
222592126,24961
222598353,24960
222604543,24964
222611316,24962
222617519,24966
222623724,24963
222629929,24964
222636129,24962
222642312,24963
222648537,24961
222654726,24962
222659524,24960
222665716,24961
222671883,24954
222678098,24957
222684332,24963
222690553,24963
222696735,24951
222702898,24961
222709128,24958
222715328,24959
222721530,24961
222726737,24959
222732950,24960
222739103,24961
222745238,24957
222751453,24964
222757645,24963
222763862,24964
222770101,24959
222776308,24961
222787942,24953
222793166,24960
222798563,24959
222804668,24958
222810861,24957
222817619,24964
222823773,24955
222829954,24961
222836167,24959
222842377,24958
222848607,24961
222854819,24953
222860960,24960
222867168,24959
222873336,24966
222879534,24961
222885662,24956
222891812,24957
222897949,24962
222904148,24963
222910309,24958
222916551,24959
222922693,24957
222927879,24952
222933303,24962
222939494,24956
222945638,24958
222951842,24957
222958053,24956
222964253,24954
222970491,24955
222976663,24958
222982843,24956
222989033,24954
222995224,24954
223000437,24957
223006612,24960
223012814,24959
223019014,24957
223025779,24955
223032050,24958
223038250,24953
223044416,24957
223050609,24953
223061262,24950
223066677,24944
223072892,24947
223079055,24947
223085228,24939
223091448,24950
223097649,24949
223103842,24949
223110054,24943
223116217,24947
223122427,24948
223128603,24948
223134780,24951
223140004,24940
223146101,24941
223152251,24944
223158416,24945
223164601,24944
223170819,24944
223177018,24943
223183198,24944
223189379,24941
223200024,24940
223205495,24943
223211632,24934
223217796,24934
223223976,24927
223230172,24933
223236324,24937
223243148,24933
223249338,24933
223255561,24930
223261670,24941
223267857,24935
223273065,24945
223279245,24937
223285422,24927
223291580,24940
223297784,24932
223303987,24935
223310129,24934
223316319,24930
223322514,24936
223333156,24937
223338581,24942
223344713,24940
223350899,24945
223357100,24933
223363291,24938
223369517,24942
223375692,24938
223381875,24943
223388076,24945
223394235,24945
223400456,24946
223406618,24943
223411823,24948
223418041,24937
223424214,24942
223430423,24947
223436602,24946
223442844,24939
223449665,24942
223455973,24950
223462082,24944
223471857,24961
223478029,24964
223484165,24966
223490335,24975
223496539,24963
223502734,24967
223509020,24964
223515116,24972
223521281,24966
223527458,24970
223533652,24963
223539849,24973
223546021,24970
223552156,24971
223558347,24970
223564578,24970
223570777,24971
223577022,24974
223583187,24971
223589348,24969
223595513,24973
223606170,24986
223612352,24988
223618518,24992
223624702,24988
223630923,24986
223637096,24985
223643258,24987
223649496,24988
223655638,24987
223662415,24990
223668602,24993
223674785,24988
223681003,24985
223686482,24985
223692625,24984
223698792,24984
223704920,24985
223711138,24985
223717320,24987
223723513,24983
223729661,24983
223740290,24987
223746515,24984
223752670,24986
223758888,24992
223765077,24985
223771258,24987
223777470,24989
223783657,24990
223789864,24981
223796064,24987
223802298,24987
223808527,24994
223814719,24984
223820911,24987
223833697,24990
223839896,24989
223846136,24993
223852335,24981
223858579,24984
223869214,24991
223875399,24988
223881221,24984
223887413,24988
223893612,24984
223899793,24989
223906015,24985
223912208,24991
223918385,24992
223924598,24979
223930758,24989
223936946,24988
223943100,24988
223949239,24990
223955428,24981
223960851,24986
223967027,24988
223973202,24986
223979404,24990
223985639,24990
223991781,24982
223997940,24986
224008674,24981
224014887,24988
224021055,24987
224027199,24978
224033370,24982
224039574,24983
224045792,24985
224052008,24975
224058134,24986
224064314,24984
224070532,24985
224076682,24981
224082874,24984
224089706,24984
224095193,24982
224101457,24977
224107619,24982
224113788,24976
224119973,24977
224126156,24976
224132327,24980
224143086,24965
224149258,24976
224154711,24976
224160885,24973
224167083,24974
224173255,24970
224179488,24976
224185651,24974
224191786,24970
224197930,24970
224204128,24973
224210256,24973
224216429,24973
224222624,24972
224228797,24969
224234982,24971
224241186,24969
224247349,24971
224253565,24974
224259673,24972
224265813,24977
224277144,24968
224283291,24972
224289467,24970
224296223,24973
224302460,24972
224308609,24971
224314768,24971
224320984,24971
224327104,24973
224333301,24969
224339454,24973
224345617,24973
224351778,24967
224357963,24962
224364119,24968
224369575,24969
224375746,24967
224381922,24962
224388129,24968
224394283,24970
224400477,24964
224411098,24969
224417293,24962
224423534,24961
224428725,24964
224434957,24967
224441130,24971
224447296,24968
224453505,24959
224459696,24964
224465858,24964
224472039,24969
224478138,24971
224484284,24965
224490501,24967
224496700,24972
224502912,24967
224509026,24967
224515176,24969
224521389,24964
224527592,24966
224533724,24968
224545460,24960
224551632,24963
224557813,24963
224563039,24962
224569186,24962
224575378,24964
224581588,24967
224587773,24963
224593977,24968
224600129,24964
224606294,24963
224612476,24962
224618646,24966
224624861,24968
224631049,24963
224637181,24965
224642607,24963
224648727,24964
224654966,24969
224661160,24968
224667333,24971
224678738,24971
224684962,24969
224691133,24965
224697304,24962
224703504,24961
224709687,24964
224716509,24968
224722746,24969
224728972,24969
224735133,24966
224741299,24972
224747478,24961
224753652,24968
224759886,24961
224766101,24962
224772324,24971
224777800,24966
224783965,24969
224790172,24973
224796355,24969
224802558,24970
224813886,24969
224820042,24969
224825451,24966
224831637,24975
224837791,24976
224843961,24972
224850150,24963
224856328,24972
224862573,24966
224868779,24970
224874953,24969
224881137,24975
224887284,24974
224893548,24964
224899751,24970
224905932,24973
224912115,24969
224918263,24975
224924476,24971
224931298,24967
224937529,24968
224948918,24976
224955097,24974
224960525,24970
224966718,24969
224971902,24969
224978063,24967
224984229,24975
224990400,24976
224996576,24972
225002740,24972
225008958,24975
225015142,24975
225021305,24973
225027482,24976
225033677,24976
225039907,24970
225046091,24976
225052318,24970
225058526,24974
225064695,24973
225077477,24976
225083686,24974
225089217,24968
225095468,24972
225101631,24977
225107800,24969
225114002,24971
225120187,24979
225126407,24971
225132600,24969
225138787,24973
225145582,24977
225151733,24975
225157917,24979
225164148,24970
225170291,24974
225176536,24974
225182708,24975
225187918,24973
225194086,24973
225200236,24979
225206409,24971
225218056,24974
225223274,24979
225229457,24972
225235659,24976
225241878,24976
225248096,24973
225254243,24977
225260463,24968
225266609,24977
225272797,24976
225279006,24979
225285156,24969
225291315,24971
225297536,24977
225303734,24978
225309951,24973
225316086,24974
225322250,24972
225328462,24975
225334632,24970
225340798,24975
225352441,24972
225358282,24980
225364467,24985
225370648,24982
225376035,24977
225382214,24976
225388417,24980
225394623,24975
225400779,24983
225406970,24968
225413119,24978
225419304,24975
225425530,24983
225431718,24980
225437888,24981
225444062,24972
225450229,24976
225456442,24975
225462623,24978
225468768,24974
225474966,24977
225486339,24977
225492577,24974
225498730,24970
225504970,24979
225510418,24976
225516629,24979
225522764,24981
225529004,24978
225535197,24975
225541340,24976
225547540,24979
225553687,24981
225559864,24979
225566641,24977
225572835,24971
225579030,24981
225585206,24973
225591422,24973
225597612,24982
225602787,24973
225608980,24974
225615152,24980
225621318,24979
225627518,24978
225632946,24975
225639106,24982
225644327,24975
225650518,24980
225656713,24978
225662900,24975
225669104,24978
225675240,24972
225681425,24981
225687584,24979
225693783,24977
225699998,24981
225706171,24983
225712376,24984
225718575,24977
225724754,24973
225730984,24976
225737117,24985
225743282,24981
225749439,24968
225755599,24978
225761753,24975
225767248,24981
225773494,24973
225779399,24972
225785642,24968
225791915,24971
225798092,24975
225804285,24967
225810492,24971
225816661,24972
225822880,24975
225829121,24978
225835310,24968
225841518,24973
225847716,24964
225853951,24972
225860187,24970
225866389,24975
225872545,24974
225877950,24968
225884185,24966
225890373,24969
225896604,24970
225901801,24963
225908011,24969
225913448,24965
225919676,24971
225925892,24964
225932087,24967
225938260,24970
225944464,24973
225950635,24967
225956784,24975
225962944,24968
225969126,24974
225975297,24965
225981551,24974
225988368,24960
225994617,24970
226000727,24969
226006915,24971
226013072,24963
226024450,24971
226030633,24963
226036116,24968
226042311,24966
226047549,24968
226053720,24966
226059919,24967
226066070,24962
226072226,24969
226078389,24972
226084544,24967
226090734,24970
226096982,24966
226103151,24964
226109344,24966
226115529,24972
226121693,24967
226127933,24966
226134081,24962
226140211,24962
226146404,24964
226152574,24968
226158745,24965
226164986,24969
226170403,24966
226176622,24970
226182781,24969
226188974,24970
226195175,24965
226201981,24968
226208186,24961
226214376,24963
226220565,24963
226226705,24964
226232898,24968
226239083,24963
226245339,24971
226251561,24967
226257770,24963
226263934,24968
226270116,24970
226276306,24970
226282518,24976
226288666,24959
226299320,24971
226304562,24965
226310735,24964
226323550,24964
226329754,24965
226336094,24967
226342247,24960
226348422,24966
226354652,24966
226360844,24973
226367048,24968
226373194,24967
226379379,24965
226385645,24965
226391864,24963
226398110,24972
226404292,24968
226410497,24965
226417342,24963
226428957,24961
226434179,24965
226440372,24959
226446545,24967
226451965,24962
226458167,24960
226464360,24961
226470565,24960
226476727,24961
226482912,24961
226489106,24959
226495287,24961
226501448,24959
226507637,24959
226513786,24954
226520012,24961
226526238,24963
226532423,24960
226538593,24951
226544725,24960
226550876,24957
226562269,24954
226567709,24959
226572892,24951
226579065,24964
226585248,24957
226591400,24960
226597626,24957
226603885,24961
226610048,24956
226616205,24960
226622405,24959
226629112,24960
226635292,24956
226641486,24964
226647658,24956
226653864,24957
226660072,24964
226666214,24960
226672410,24953
226678588,24964
226684770,24953
226690999,24959
226697143,24956
226702551,24958
226707723,24957
226713901,24957
226720088,24957
226725502,24956
226731668,24953
226737822,24950
226743975,24959
226750167,24955
226756327,24962
226762532,24954
226768703,24953
226774887,24954
226781060,24953
226787256,24951
226793444,24955
226799634,24958
226805782,24962
226811954,24954
226818159,24951
226824350,24958
226830589,24960
226836377,24960
226841888,24958
226848059,24958
226854268,24957
226859474,24954
226865636,24953
226871816,24958
226878021,24959
226884194,24954
226890336,24955
226896499,24948
226902692,24955
226908905,24955
226915078,24951
226921265,24953
226927440,24949
226933648,24955
226939822,24950
226946007,24960
226952107,24957
226958235,24959
226964420,24959
226970627,24952
226976129,24957
226982319,24959
226988529,24951
226994657,24953
227000807,24955
227006989,24957
227013156,24956
227019311,24954
227025526,24954
227031719,24960
227037925,24958
227044094,24958
227050823,24954
227056987,24957
227063169,24952
227069364,24962
227075608,24956
227081746,24954
227087938,24955
227094118,24958
227100317,24954
227110277,24957
227116491,24954
227122641,24960
227128800,24961
227134983,24958
227141134,24957
227147293,24956
227153512,24958
227159645,24961
227165832,24954
227172000,24954
227178222,24959
227184462,24954
227190652,24949
227196784,24952
227202928,24955
227209159,24958
227215378,24956
227221564,24959
227227720,24956
227233883,24956
227244518,24955
227250059,24963
227256844,24956
227263075,24955
227268267,24954
227274436,24956
227280636,24956
227286817,24953
227293013,24958
227299202,24950
227305393,24952
227311606,24959
227317822,24955
227324014,24954
227330210,24957
227336395,24948
227342565,24952
227348748,24951
227354928,24944
227361097,24951
227367296,24953
227373481,24959
227384353,24952
227390574,24953
227396737,24945
227402872,24956
227409024,24952
227415235,24955
227421450,24953
227427687,24951
227433929,24950
227440199,24957
227446432,24953
227452706,24954
227458960,24945
227465824,24950
227472032,24950
227478206,24948
227484383,24953
227490604,24951
227496812,24953
227503012,24952
227513685,24946
227519888,24955
227525090,24955
227531209,24951
227537394,24948
227542856,24951
227549013,24955
227555179,24948
227567987,24949
227574179,24950
227580468,24943
227586716,24951
227592986,24948
227599211,24957
227605499,24954
227611733,24949
227617989,24953
227624176,24950
227630357,24950
227636600,24948
227648202,24947
227654392,24953
227660623,24955
227666799,24949
227672017,24948
227678137,24947
227685002,24949
227691162,24950
227697324,24952
227703502,24947
227709677,24947
227715895,24948
227722136,24948
227728340,24958
227734552,24956
227740734,24953
227746971,24950
227753121,24952
227759262,24951
227765479,24954
227771683,24949
227782284,24948
227788475,24954
227794685,24955
227800917,24950
227806353,24950
227812573,24957
227818677,24958
227824839,24957
227831034,24949
227837220,24956
227843386,24955
227849626,24953
227855782,24956
227861963,24952
227868182,24955
227874352,24950
227880584,24951
227886717,24944
227893481,24955
227899682,24960
227905788,24947
227916481,24956
227922679,24952
227928872,24951
227935102,24958
227941302,24961
227947531,24957
227953721,24958
227959876,24956
227966103,24959
227972270,24958
227978507,24959
227984669,24961
227990858,24960
227997022,24957
228003234,24956
228009406,24962
228015634,24958
228021823,24957
228027974,24958
228034169,24955
228040363,24957
228051023,24950
228057224,24957
228063451,24962
228069677,24960
228075819,24955
228081057,24952
228087237,24958
228093421,24955
228099611,24952
228106415,24954
228112597,24958
228118801,24957
228125025,24962
228131152,24954
228137353,24958
228143548,24962
228149715,24959
228155942,24954
228162125,24961
228168290,24959
228174488,24957
228186129,24961
228192332,24957
228198526,24961
228204689,24957
228209917,24957
228215377,24956
228221606,24964
228227707,24958
228233860,24956
228240028,24957
228246251,24959
228252470,24961
228258666,24954
228264838,24960
228271044,24954
228277256,24950
228283431,24960
228289633,24961
228295755,24960
228301943,24967
228308152,24963
228320215,24964
228325643,24958
228331866,24952
228338060,24955
228344240,24962
228349450,24958
228355649,24955
228361812,24952
228368030,24958
228374221,24954
228380407,24961
228386600,24956
228392767,24958
228399008,24953
228405178,24961
228411332,24956
228417541,24959
228423751,24958
228429963,24959
228436116,24959
228442278,24957
228453945,24963
228460112,24959
228466275,24964
228472454,24961
228478661,24963
228483872,24965
228489347,24960
228495548,24959
228501695,24964
228507865,24968
228514058,24967
228520264,24961
228527091,24962
228533310,24966
228539518,24965
228545684,24963
228551816,24967
228558023,24961
228564187,24956
228570415,24960
228576630,24966
228588088,24966
228594221,24964
228599678,24960
228605837,24964
228611976,24966
228618162,24969
228623397,24960
228629610,24967
228635774,24965
228642008,24974
228648171,24965
228654367,24967
228660552,24970
228666756,24973
228672916,24968
228679109,24966
228685238,24971
228691396,24970
228697627,24968
228703813,24962
228710046,24966
228716219,24966
228722386,24968
228728574,24966
228734741,24972
228740946,24969
228747149,24977
228753310,24970
228757959,24973
228764097,24974
228770298,24972
228776502,24972
228782672,24975
228788869,24971
228795028,24975
228801206,24970
228814022,24976
228820197,24968
228826434,24975
228832650,24973
228838850,24971
228845062,24975
228851206,24973
228857407,24978
228863613,24979
228869780,24985
228876003,24983
228882186,24978
228887595,24982
228893792,24978
228899991,24984
228906143,24977
228912325,24983
228918508,24987
228924689,24979
228930861,24981
228937027,24983
228943200,24980
228949920,24985
228956151,24979
228962335,24982
228968551,24992
228974777,24985
228980976,24985
228987204,24987
228997838,24988
229004000,24984
229010193,24983
229016351,24982
229021529,24994
229026933,24992
229033054,24989
229039252,24987
229045438,24984
229051648,24988
229057805,24986
229064000,24982
229070194,24993
229076355,24988
229082558,24981
229088734,24989
229094886,24987
229101053,24987
229107262,24985
229113514,24991
229119719,24988
229125902,24990
229132078,24992
229138277,24991
229144483,24997
229150700,24991
229156885,24998
229163700,24991
229169876,25000
229176047,24992
229182251,24996
229188482,24992
229194681,24991
229200855,24996
229207024,24989
229213222,24995
229219415,24992
229225602,24991
229231760,25001
229237944,24991
229244102,24998
229250256,24996
229256532,24994
229267963,24997
229273425,25000
229279645,24997
229285789,24995
229290969,24992
229297120,24997
229302557,24997
229308756,25000
229314972,24992
229321184,24990
229327379,24998
229333616,24997
229339747,25000
229345897,24996
229352091,24996
229358274,24998
229364471,24994
229371302,24993
229377512,24995
229383715,24999
229389881,24999
229401270,25004
229406701,25003
229412865,24998
229419064,24998
229425246,25007
229431419,24997
229436623,25002
229442821,24996
229449053,25000
229455210,24996
229461389,24996
229467625,25001
229473808,24997
229480037,25001
229486150,25000
229492291,25006
229498453,24998
229504610,24999
229510800,25002
229517047,25000
229523205,25005
229529376,24995
229535585,24997
229541020,25005
229547203,25005
229553437,25004
229559620,25010
229564848,25003
229571066,25010
229577203,25008
229584028,25007
229590254,25011
229596460,25011
229602616,25003
229608791,25012
229614959,25007
229621121,25004
229627281,25001
229633482,25007
229639687,25001
229645860,25007
229652072,25007
229658307,25008
229664462,25000
229676075,25018
229682254,25014
229688427,25013
229694638,25011
229699817,25008
229706044,25013
229712237,25022
229718418,25017
229724591,25007
229730816,25013
229737041,25009
229743175,25004
229749347,25012
229755534,25012
229761681,25010
229767864,25020
229774061,25009
229780224,25012
229786404,25009
229793147,25012
229799329,25008
229809976,25021
229816151,25021
229822295,25018
229828480,25018
229833965,25021
229840116,25021
229846316,25008
229852525,25019
229858705,25023
229864878,25020
229871062,25026
229877225,25015
229883401,25018
229889604,25018
229895736,25015
229901878,25022
229908079,25017
229914262,25015
229920407,25021
229926609,25016
229932775,25011
229944097,25013
229950233,25026
229956376,25025
229962543,25021
229968746,25018
229974952,25017
229981150,25019
229986624,25019
229992795,25014
229998982,25020
230005786,25010
230011932,25024
230018105,25020
230024285,25027
230030480,25022
230036673,25014
230042801,25015
230055533,25033
230061778,25031
230073617,25024
230079041,25031
230085262,25036
230091421,25031
230097635,25017
230103799,25025
230109988,25031
230116185,25030
230122393,25026
230128613,25032
230134842,25026
230141031,25026
230147225,25032
230153398,25032
230159603,25032
230165753,25030
230171905,25026
230178088,25026
230184316,25030
230190520,25031
230196685,25024
230208024,25032
230213443,25035
230220259,25038
230226460,25037
230232661,25038
230237815,25032
230244023,25030
230250173,25032
230256386,25030
230262575,25029
230268783,25038
230274971,25034
230281133,25028
230287290,25034
230293462,25033
230299650,25033
230305843,25026
230312056,25032
230318301,25029
230324496,25034
230330674,25033
230342277,25034
230348422,25034
230354639,25034
230360802,25036
230366992,25036
230372197,25037
230378377,25037
230384559,25042
230390731,25040
230396149,25037
230402358,25036
230408618,25034
230414801,25035
230420928,25043
230427673,25036
230433819,25038
230439993,25039
230446184,25033
230452381,25034
230458627,25040
230464767,25039
230470978,25036
230477111,25043
230483337,25038
230488547,25046
230494712,25044
230500868,25041
230506329,25037
230512546,25044
230518728,25047
230524934,25042
230531118,25039
230536372,25035
230542593,25048
230548793,25040
230554999,25044
230561105,25042
230567250,25045
230573404,25045
230579608,25049
230585782,25038
230591998,25045
230598150,25044
230604289,25042
230610472,25038
230616655,25047
230622080,25052
230628272,25051
230634497,25048
230641281,25049
230647438,25041
230653645,25043
230659776,25046
230665941,25045
230671152,25052
230677282,25047
230683454,25047
230689673,25046
230695860,25051
230702063,25053
230708258,25052
230714463,25055
230720667,25049
230726846,25056
230733074,25057
230739244,25059
230745455,25048
230757079,25059
230763259,25057
230769422,25052
230775647,25059
230780825,25058
230787080,25055
230793285,25058
230799477,25053
230804907,25064
230811097,25060
230817281,25065
230823434,25058
230829645,25068
230835790,25058
230841967,25055
230848745,25058
230854946,25062
230861139,25062
230867304,25062
230873436,25057
230879632,25051
230891031,25064
230896428,25066
230902629,25063
230908797,25062
230914991,25062
230921185,25066
230927337,25067
230933530,25063
230939723,25068
230945833,25071
230952015,25063
230958148,25065
230964336,25064
230970605,25057
230976753,25066
230982933,25071
230989125,25064
230995307,25071
231001522,25071
231007708,25069
231013839,25074
231025222,25077
231030651,25074
231036806,25076
231042995,25075
231049203,25072
231054386,25083
231061186,25071
231067371,25076
231073553,25077
231079723,25073
231085924,25080
231092118,25079
231098282,25078
231104472,25081
231110643,25080
231116824,25083
231123060,25081
231129195,25071
231135357,25081
231141559,25080
231147739,25082
231153939,25080
231160136,25086
231165547,25086
231171765,25083
231177950,25094
231184144,25091
231189359,25086
231195529,25088
231201756,25092
231207959,25088
231214128,25092
231219551,25085
231225723,25091
231231839,25091
231238018,25085
231244227,25089
231250404,25084
231256641,25095
231262804,25093
231269644,25085
231275804,25088
231281979,25093
231288139,25092
231300910,25095
231307076,25095
231313285,25096
231318772,25094
231324950,25093
231331134,25092
231337313,25097
231343539,25098
231349729,25098
231355846,25098
231362034,25097
231368249,25100
231374403,25096
231380639,25099
231386840,25102
231393029,25101
231399231,25093
231405414,25098
231411619,25103
231417786,25102
231423932,25098
231434589,25104
231440745,25106
231446892,25101
231453077,25103
231459280,25099
231465520,25110
231471712,25098
231477853,25104
231484644,25103
231489857,25106
231496072,25110
231502216,25103
231508376,25102
231514583,25103
231520800,25098
231527022,25098
231533155,25102
231539349,25103
231545531,25100
231551732,25101
231557920,25102
231569564,25109
231575716,25104
231581873,25102
231588079,25103
231593314,25109
231599509,25107
231605662,25107
231611860,25107
231618063,25106
231624223,25116
231629642,25112
231635804,25108
231642008,25106
231648195,25114
231654355,25106
231660573,25112
231666736,25108
231672882,25101
231679073,25109
231685243,25110
231691452,25107
231703405,25103
231709580,25117
231715773,25111
231722021,25117
231727445,25110
231733690,25112
231739832,25107
231746006,25109
231752216,25118
231758399,25114
231763600,25107
231769790,25114
231776006,25117
231782175,25114
231788339,25114
231794563,25115
231800747,25116
231806960,25108
231813177,25115
231819332,25116
231825498,25113
231831690,25111
231837853,25117
231843344,25115
231849546,25115
231855732,25110
231860928,25108
231867135,25114
231873263,25107
231879443,25118
231885638,25114
231891786,25114
231897974,25115
231904760,25114
231911032,25116
231917203,25113
231923420,25117
231929637,25109
231935833,25121
231942064,25113
231948220,25119
231954401,25114
231960579,25110
231972215,25116
231977416,25120
231983646,25112
231989844,25125
231996072,25120
232002284,25125
232008469,25123
232014659,25113
232020842,25119
232027061,25124
232033178,25122
232038608,25119
232044764,25123
232050926,25118
232057105,25122
232063303,25124
232069514,25117
232075727,25115
232081883,25115
232088031,25117
232094235,25117
232100443,25116
232106636,25120
232111837,25129
232118684,25129
232124868,25127
232131124,25122
232136542,25124
232142721,25129
232148902,25134
232155069,25127
232161270,25127
232167496,25119
232172739,25122
232178916,25123
232185125,25118
232191274,25128
232197444,25123
232203624,25122
232209808,25121
232216008,25124
232222155,25131
232228270,25128
232234457,25121
232246097,25124
232251345,25120
232257554,25122
232263747,25128
232269942,25132
232276143,25130
232282336,25129
232288495,25121
232294665,25127
232300844,25125
232307061,25131
232312515,25126
232318704,25124
232324858,25118
232331681,25125
232337823,25128
232343989,25125
232350143,25130
232356333,25124
232362535,25125
232368601,25130
232374906,25132
232381102,25128
232387323,25122
232393561,25134
232399768,25130
232405931,25128
232411113,25123
232417238,25123
232423408,25129
232429594,25129
232435763,25130
232442013,25133
232447440,25130
232453649,25131
232459781,25129
232465951,25134
232472141,25134
232478300,25131
232484462,25123
232490675,25139
232496840,25130
232503023,25137
232509226,25130
232515414,25141
232520616,25136
232526828,25140
232533075,25133
232546693,25138
232552857,25139
232559112,25134
232565307,25132
232571472,25137
232576674,25134
232582890,25138
232589114,25133
232595311,25131
232601513,25132
232607739,25133
232613935,25137
232620116,25134
232626258,25138
232632439,25138
232638644,25131
232650226,25134
232656423,25139
232662632,25133
232668761,25137
232674909,25141
232680114,25134
232686210,25136
232692356,25138
232698565,25138
232704722,25144
232710913,25137
232717115,25140
232723274,25142
232729445,25132
232735636,25138
232741803,25141
232748020,25137
232754872,25143
232761081,25137
232767233,25138
232773402,25137
232785091,25141
232790310,25136
232796495,25142
232802689,25143
232808868,25142
232814324,25145
232820576,25135
232826745,25139
232832861,25140
232838996,25140
232845172,25133
232851344,25134
232857532,25136
232863755,25140
232869925,25135
232876088,25141
232882275,25139
232888432,25140
232894644,25142
232900823,25140
232906954,25142
232913098,25140
232919306,25144
232924524,25144
232930719,25135
232936938,25146
232943153,25138
232948563,25146
232954732,25143
232960867,25139
232967704,25143
232973826,25146
232980030,25139
232986216,25141
232992394,25146
232998576,25137
233004739,25148
233010911,25147
233017076,25145
233023272,25143
233029430,25139
233035663,25141
233041812,25139
233053174,25145
233058580,25147
233064788,25141
233070971,25150
233077160,25143
233082349,25144
233088513,25142
233094704,25147
233100900,25146
233107106,25145
233113250,25145
233119464,25143
233125686,25148
233131839,25144
233138058,25146
233144251,25148
233150403,25145
233156624,25150
233162801,25143
233169008,25148
233175873,25139
233182111,25150
233188274,25141
233193718,25148
233199850,25143
233206012,25147
233212214,25140
233217419,25142
233223631,25147
233229818,25141
233235985,25142
233242207,25139
233248340,25143
233254491,25139
233260676,25143
233266135,25149
233272340,25146
233278534,25145
233284732,25144
233290899,25148
233297078,25143
233303253,25147
233309441,25149
233315660,25143
233327084,25144
233332487,25147
233338687,25152
233344828,25146
233350988,25148
233357162,25146
233363350,25148
233369542,25147
233375780,25147
233381949,25147
233388768,25147
233394950,25145
233401137,25145
233407349,25140
233413532,25138
233419743,25143
233425867,25142
233432062,25147
233438279,25145
233444488,25137
233450714,25144
233456872,25148
233463073,25146
233469233,25148
233475409,25147
233481604,25148
233487758,25146
233493908,25145
233500073,25142
233506248,25143
233512411,25146
233518651,25141
233524825,25144
233531008,25142
233537168,25140
233542398,25142
233548610,25139
233554764,25143
233560927,25148
233567151,25142
233573275,25145
233579446,25148
233585664,25146
233597253,25150
233603461,25152
233609694,25142
233615824,25141
233621995,25142
233627177,25145
233633354,25147
233639513,25151
233645708,25144
233651885,25146
233658070,25148
233664221,25149
233670383,25141
233676556,25147
233682721,25146
233688908,25142
233695109,25137
233701241,25149
233707388,25149
233713579,25148
233719788,25143
233731471,25147
233737648,25144
233743796,25144
233749975,25147
233756183,25148
233762342,25145
233768549,25147
233774737,25149
233780920,25138
233793732,25144
233799973,25144
233806175,25146
233812881,25155
233819022,25147
233825184,25145
233831391,25146
233837573,25153
233843787,25148
233849936,25148
233861334,25153
233866767,25146
233872989,25145
233879192,25148
233885410,25152
233891672,25156
233897785,25149
233903967,25152
233910112,25150
233916290,25149
233922445,25149
233928674,25149
233934829,25152
233940978,25157
233946164,25145
233952310,25150
233958495,25155
233964671,25153
233970804,25150
233976967,25147
233983201,25148
233989387,25149
233995583,25153
234001053,25154
234007255,25150
234013415,25154
234020225,25151
234026448,25151
234031709,25149
234037869,25152
234044119,25146
234050286,25149
234056504,25151
234062686,25148
234068886,25145
234075125,25146
234081244,25150
234087363,25149
234093560,25149
234099728,25148
234105924,25148
234112121,25151
234118281,25147
234129929,25150
234135158,25153
234141324,25147
234147509,25147
234153699,25146
234159891,25145
234165354,25154
234171558,25146
234177721,25150
234183868,25149
234190030,25147
234196244,25142
234202421,25143
234208641,25145
234214803,25148
234220986,25143
234226196,25140
234233008,25147
234239233,25145
234245448,25143
234251663,25149
234257856,25140
234264109,25140
234269530,25140
234275761,25134
234281924,25144
234288115,25145
234294287,25145
234300446,25141
234306631,25140
234312808,25137
234319012,25150
234325194,25141
234331386,25149
234337583,25140
234343753,25141
234349879,25142
234356048,25133
234361247,25136
234367409,25144
234373564,25139
234379730,25143
234385910,25139
234392113,25138
234403754,25133
234409880,25137
234416078,25134
234422262,25133
234428444,25128
234434679,25129
234441501,25129
234447741,25137
234453920,25134
234460132,25131
234466349,25128
234472501,25128
234478694,25131
234484882,25135
234491030,25131
234496195,25138
234502331,25131
234508504,25135
234514686,25133
234520882,25133
234527100,25135
234538749,25124
234543941,25127
234550105,25132
234556237,25126
234562385,25128
234568588,25126
234574013,25130
234580190,25126
234586393,25121
234592613,25122
234598836,25126
234605027,25125
234611210,25125
234617422,25124
234623614,25136
234629799,25122
234636010,25124
234642189,25129
234648371,25130
234655199,25128
234661375,25121
234672792,25118
234678286,25123
234684449,25114
234690665,25123
234696810,25115
234702984,25123
234708160,25117
234714282,25120
234720460,25114
234726620,25113
234732783,25122
234738997,25117
234745191,25115
234751336,25120
234757519,25121
234763698,25116
234769873,25120
234776112,25120
234782281,25117
234788486,25122
234794705,25125
234800922,25123
234807138,25112
234813236,25112
234819417,25114
234825606,25112
234831771,25116
234837942,25109
234843417,25116
234849680,25118
234855816,25117
234862630,25116
234868812,25117
234874979,25112
234881160,25122
234887327,25114
234893484,25113
234899681,25109
234904892,25108
234911121,25121
234917355,25116
234923534,25114
234929735,25110
234935897,25114
234947570,25107
234953750,25114
234959871,25111
234966089,25113
234972227,25107
234977444,25112
234983623,25106
234989825,25106
234996017,25107
235002197,25112
235008375,25112
235014586,25110
235020762,25110
235033563,25110
235039066,25114
235045314,25110
235051488,25116
235057738,25115
235063848,25105
235070048,25107
235076264,25109
235082009,25105
235088201,25104
235094344,25106
235100545,25110
235106732,25102
235112907,25104
235119127,25108
235125354,25115
235131529,25105
235137725,25111
235143899,25105
235150150,25102
235156310,25105
235162459,25112
235168638,25107
235174059,25105
235180225,25107
235186415,25106
235192656,25109
235198808,25106
235204979,25110
235216312,25099
235222442,25103
235228627,25099
235234804,25098
235241005,25096
235246482,25092
235252686,25097
235258847,25098
235265069,25101
235271266,25105
235277447,25102
235283702,25103
235290542,25094
235296751,25107
235302874,25101
235308037,25104
235314213,25104
235320362,25100
235326588,25102
235332764,25102
235338957,25095
235350628,25096
235355830,25092
235362035,25095
235368226,25092
235374382,25088
235380561,25090
235386733,25088
235392932,25084
235399135,25096
235405312,25090
235411500,25091
235417701,25091
235423877,25087
235430109,25091
235436250,25092
235442412,25083
235448607,25088
235454791,25091
235460996,25085
235467220,25093
235473400,25090
235479614,25093
235485773,25079
235491200,25086
235497367,25077
235504166,25086
235510352,25087
235516583,25080
235521786,25086
235527973,25089
235534181,25084
235540370,25084
235546550,25086
235552723,25085
235558856,25084
235565059,25088
235571223,25082
235577329,25080
235582791,25084
235588908,25080
235595095,25085
235601289,25089
235607444,25083
235613668,25079
235625034,25075
235631209,25076
235637377,25070
235643535,25071
235649766,25080
235655195,25079
235661375,25074
235667569,25072
235673805,25075
235679976,25072
235686131,25074
235692372,25075
235698622,25067
235704811,25075
235711700,25074
235717911,25077
235724162,25074
235730367,25074
235736594,25071
235742757,25075
235748931,25068
235760313,25071
235765747,25073
235771958,25065
235778141,25074
235784339,25074
235789538,25072
235795762,25072
235801974,25076
235808229,25071
235814463,25071
235820737,25070
235826974,25066
235833211,25070
235839386,25071
235845524,25073
235851733,25073
235857937,25067
235864173,25072
235870384,25069
235876554,25079
235882750,25065
235894329,25074
235899530,25071
235905762,25071
235911941,25079
235918177,25073
235924379,25079
235930545,25076
235936808,25071
235943009,25070
235949244,25068
235955403,25073
235961633,25082
235967796,25074
235973987,25066
235980204,25071
235986439,25067
235992630,25073
235998135,25076
236004339,25069
236010513,25072
236016749,25074
236028193,25081
236033598,25080
236039792,25084
236045948,25081
236052135,25085
236058309,25083
236064512,25082
236070737,25076
236076894,25087
236083112,25082
236089288,25085
236095465,25086
236101704,25081
236107876,25079
236114052,25083
236120295,25081
236126506,25078
236133343,25085
236139571,25075
236145783,25073
236151915,25084
236163351,25091
236168785,25090
236174962,25096
236181153,25094
236187372,25085
236193579,25089
236198820,25090
236205020,25087
236211213,25090
236217367,25086
236223591,25089
236229774,25086
236235943,25090
236242143,25093
236248307,25090
236254492,25094
236260705,25087
236266903,25085
236279725,25091
236285985,25097
236292244,25094
236297784,25095
236304018,25096
236310251,25098
236316496,25091
236322729,25096
236327946,25098
236334156,25106
236340338,25103
236346565,25097
236353319,25101
236359486,25097
236365718,25096
236371908,25101
236378129,25098
236384311,25093
236390487,25099
236396653,25102
236402893,25096
236408401,25095
236414665,25098
236420848,25096
236432219,25098
236438395,25096
236444621,25094
236450773,25099
236457007,25093
236462472,25100
236468720,25096
236474885,25090
236481032,25091
236487194,25099
236493386,25099
236499576,25095
236505780,25100
236511948,25094
236518103,25090
236524306,25091
236530465,25098
236536716,25089
236542879,25090
236549043,25090
236555221,25101
236567130,25087
236572559,25088
236578768,25098
236584974,25092
236591182,25087
236596371,25089
236602570,25091
236608778,25092
236614945,25098
236621185,25091
236627320,25090
236633504,25094
236639722,25094
236645890,25090
236652135,25102
236658253,25093
236664427,25090
236670635,25089
236676850,25083
236683064,25090
236689263,25090
236695402,25094
236701619,25088
236707051,25077
236713171,25082
236719350,25087
236725548,25088
236730811,25086
236737050,25084
236743218,25085
236749337,25084
236755511,25087
236761662,25086
236767824,25086
236774665,25092
236780865,25089
236787057,25092
236793210,25086
236799323,25084
236805500,25092
236811691,25093
236817886,25088
236823366,25088
236829620,25078
236835824,25079
236841036,25076
236847188,25081
236853361,25074
236859552,25085
236865753,25075
236871948,25076
236878191,25082
236884329,25077
236890521,25081
236896727,25080
236902893,25085
236909074,25079
236915224,25078
236921378,25085
236927564,25081
236933752,25085
236939908,25080
236946124,25081
236952316,25078
236958468,25085
236964667,25086
236975261,25076
236982010,25077
236988245,25072
236994420,25075
237000604,25078
237006052,25078
237012226,25080
237018433,25079
237024627,25078
237030785,25080
237036970,25080
237043162,25074
237049357,25077
237055602,25072
237061816,25080
237067988,25074
237074150,25068
237080343,25080
237086535,25079
237092750,25082
237098886,25071
237110222,25066
237116323,25068
237122497,25063
237128694,25073
237134860,25066
237140301,25070
237146461,25067
237152684,25065
237158841,25068
237164983,25073
237171161,25069
237177356,25065
237183530,25067
237189763,25064
237196627,25069
237202833,25067
237209052,25068
237215229,25065
237221432,25074
237227631,25067
237233827,25067
237244465,25054
237249656,25057
237255809,25063
237262008,25063
237268200,25062
237273737,25057
237279887,25052
237286084,25056
237292214,25059
237298346,25056
237304513,25054
237310655,25055
237316839,25050
237323051,25054
237329246,25060
237335411,25057
237341628,25062
237347813,25051
237354028,25047
237360224,25050
237366337,25056
237372532,25053
237383162,25033
237388588,25041
237394799,25036
237400974,25039
237407791,25040
237412957,25040
237419158,25039
237425315,25033
237431486,25042
237437676,25039
237443836,25040
237450032,25036
237456248,25040
237462422,25028
237468615,25035
237474819,25036
237481025,25031
237487236,25040
237493395,25043
237499603,25036
237505819,25038
237517384,25027
237530172,25029
237536439,25021
237541684,25029
237547860,25029
237554050,25035
237560254,25029
237566382,25025
237572576,25022
237578786,25029
237584947,25025
237591187,25017
237597420,25021
237603621,25029
237609782,25024
237615986,25020
237622840,25021
237629049,25025
237635240,25023
237646149,25016
237652337,25017
237657519,25013
237663744,25019
237669889,25012
237675344,25020
237681571,25021
237687775,25020
237693905,25019
237700069,25019
237706220,25016
237712399,25016
237718545,25022
237724763,25021
237730871,25022
237737036,25017
237743205,25020
237749394,25015
237755632,25014
237761817,25020
237768005,25011
237774182,25017
237779391,25020
237785563,25022
237790972,25020
237797153,25020
237803357,25022
237809539,25012
237815768,25017
237821853,25008
237828002,25019
237834816,25014
237840984,25020
237847143,25015
237853337,25013
237859530,25020
237865802,25013
237872036,25015
237878224,25021
237884432,25008
237890622,25012
237896803,25018
237902949,25012
237914278,25017
237920436,25018
237925879,25016
237932078,25014
237938289,25016
237943490,25018
237949695,25007
237955876,25020
237962110,25015
237968261,25010
237974422,25010
237980614,25009
237986822,25014
237992982,25013
237999189,25007
238005379,25014
238011575,25018
238017758,25020
238023967,25007
238030179,25009
238036303,25010
238043098,25005
238049251,25014
238054695,25012
238059882,25001
238066108,25008
238072267,25015
238078435,25013
238084618,25011
238090811,25011
238096988,25011
238103185,25009
238109356,25006
238115517,25008
238121712,25011
238127920,25004
238134177,25007
238140359,25009
238146561,25003
238152759,25003
238158965,25008
238165164,25002
238171317,25009
238177487,25002
238183666,25005
238189807,25008
238195239,25002
238201432,24996
238207687,25000
238213851,24998
238219039,24999
238225247,25001
238231371,24994
238237569,25003
238243742,25010
238250462,24993
238256694,25002
238262892,25003
238269100,24994
238275291,25000
238281482,24999
238287720,25000
238293894,24993
238300060,24995
238306235,25004
238312344,24995
238324000,24996
238329185,24993
238335353,24991
238341539,25000
238347760,25004
238353167,24994
238359340,24998
238365508,24993
238371743,24994
238377908,24991
238384081,24991
238390239,24995
238396406,24986
238402634,24994
238408821,24991
238415004,24992
238421251,24992
238427447,24991
238433661,24994
238439811,24985
238445926,25000
238457282,24981
238463328,24985
238468822,24984
238474959,24984
238481148,24983
238486335,24989
238492512,24991
238498688,24985
238504853,24992
238511039,24983
238517248,24987
238523425,24982
238529650,24986
238535844,24982
238542061,24985
238548291,24990
238554469,24979
238560664,24985
238566855,24982
238573076,24985
238579231,24982
238585395,24985
238597003,24984
238601452,24983
238607651,24979
238613818,24981
238620015,24983
238625229,24988
238631344,24984
238637556,24984
238643722,24975
238649860,24975
238656003,24984
238662228,24980
238668363,24986
238675133,24985
238681287,24975
238687493,24976
238693683,24983
238699869,24985
238706074,24986
238712232,24982
238718392,24980
238730030,24980
238735215,24970
238740699,24975
238746843,24977
238752994,24973
238758213,24978
238771186,24976
238777424,24977
238783718,24980
238789895,24976
238796064,24974
238802246,24979
238808480,24977
238814741,24975
238820930,24983
238827111,24985
238833332,24980
238839531,24982
238845746,24974
238851867,24973
238863257,24972
238869406,24972
238875623,24979
238881804,24977
238888577,24978
238894845,24974
238901013,24983
238907200,24978
238913353,24978
238919512,24973
238925677,24977
238931864,24979
238938074,24975
238944289,24976
238950490,24974
238956669,24975
238962862,24975
238969073,24977
238975247,24977
238981406,24973
238987598,24974
238993780,24975
238999963,24972
239005427,24966
239010944,24966
239017100,24965
239022309,24966
239028467,24964
239034653,24966
239040854,24970
239047055,24968
239053250,24974
239059452,24969
239065655,24964
239071816,24973
239077968,24965
239084172,24962
239090349,24966
239097095,24967
239103280,24967
239109442,24973
239115614,24967
239121783,24963
239133361,24959
239138610,24956
239144827,24952
239150997,24955
239156489,24955
239162734,24953
239168900,24954
239175082,24951
239181248,24957
239187445,24955
239193679,24958
239199862,24956
239206059,24958
239212243,24956
239218430,24957
239224631,24963
239230824,24956
239236936,24958
239243123,24958
239249316,24958
239255479,24953
239261707,24954
239267874,24950
239273072,24944
239279279,24950
239285413,24952
239291645,24946
239297807,24946
239303944,24949
239310792,24947
239316930,24946
239323171,24942
239329350,24943
239335559,24947
239341742,24947
239347944,24948
239354192,24952
239360361,24943
239366495,24947
239372643,24951
239378816,24949
239384958,24950
239391170,24950
239397311,24945
239407943,24938
239414168,24943
239420343,24944
239425757,24940
239430946,24948
239437168,24941
239443292,24940
239449468,24942
239455676,24945
239461818,24938
239467986,24936
239474196,24939
239480326,24940
239486497,24940
239492698,24936
239498864,24936
239505099,24944
239511271,24938
239517989,24939
239524217,24942
239530376,24948
239542040,24934
239548207,24938
239554378,24933
239560583,24938
239565795,24943
239572003,24942
239578197,24940
239584355,24936
239590537,24935
239596756,24938
239602950,24933
239609168,24935
239615342,24938
239621525,24938
239627734,24936
239633916,24931
239640137,24932
239646326,24938
239652510,24937
239658693,24943
239664896,24941
239676555,24935
239681773,24937
239687971,24934
239694187,24937
239699577,24931
239704794,24936
239710988,24935
239717193,24932
239723364,24937
239730117,24940
239736313,24933
239742479,24935
239748702,24936
239754855,24931
239761069,24935
239767261,24942
239773430,24938
239779585,24945
239785796,24937
239791965,24939
239798237,24934
239804394,24937
239810585,24934
239815994,24935
239822177,24928
239828359,24929
239834518,24934
239839738,24925
239845867,24933
239852091,24928
239858329,24932
239864502,24934
239870722,24927
239876868,24934
239883105,24929
239889268,24926
239895423,24926
239901604,24928
239907767,24930
239913932,24930
239920126,24926
239926266,24930
239932418,24931
239939194,24929
239950837,24922
239957018,24923
239963176,24919
239969404,24925
239973986,24919
239980165,24924
239986295,24923
239992473,24918
239998684,24924
240004867,24917
240017665,24921
240023901,24921
240030190,24923
240036371,24920
240042568,24922
240048752,24913
240054940,24917
240061197,24912
240067367,24918
240073525,24920
240079743,24917
240085942,24909
240092169,24914
240098320,24908
240102941,24911
240109139,24913
240115317,24912
240121503,24909
240127754,24915
240133901,24917
240140095,24916
240146305,24915
240152470,24913
240159261,24917
240165473,24909
240171721,24914
240177901,24910
240184077,24909
240190254,24908
240196443,24910
240202685,24907
240208924,24906
240219542,24903
240225785,24905
240231910,24900
240238039,24908
240244195,24908
240250374,24905
240256586,24898
240262779,24904
240268930,24905
240275102,24906
240281306,24907
240287518,24903
240293755,24899
240299936,24909
240306094,24901
240312276,24903
240318429,24905
240324589,24903
240330833,24901
240336987,24903
240343197,24901
240353896,24908
240360067,24908
240366845,24907
240372035,24901
240378238,24896
240384348,24901
240390466,24904
240396705,24895
240402900,24902
240409103,24898
240415301,24901
240421469,24905
240427704,24904
240433899,24899
240440100,24910
240446297,24902
240452435,24901
240458624,24902
240464822,24904
240471051,24901
240477233,24905
240488760,24897
240494916,24902
240501054,24898
240506261,24899
240512415,24906
240518568,24905
240524760,24902
240530951,24899
240537181,24901
240543342,24895
240549493,24896
240555676,24901
240561832,24897
240568030,24895
240574876,24897
240581117,24898
240587301,24905
240593393,24901
240599561,24900
240605777,24905
240611947,24899
240622640,24892
240628813,24898
240634989,24904
240641200,24896
240647351,24894
240653504,24898
240658917,24892
240665066,24896
240671248,24901
240677455,24901
240683659,24902
240689838,24899
240695998,24903
240702130,24897
240708269,24892
240714478,24898
240720666,24893
240726858,24895
240733013,24897
240739198,24900
240745366,24899
240751559,24894
240757784,24890
240763945,24896
240770154,24891
240776322,24891
240781500,24894
240788277,24897
240793709,24895
240799872,24893
240805990,24891
240812148,24892
240818308,24888
240824497,24896
240830719,24893
240836847,24897
240842978,24893
240849105,24887
240855303,24891
240861491,24886
240867716,24887
240873846,24891
240880037,24890
240886251,24887
240896901,24883
240903057,24884
240909240,24891
240915422,24882
240921640,24878
240927857,24880
240933074,24884
240939279,24879
240945410,24888
240951592,24880
240957799,24884
240963947,24888
240970183,24881
240976328,24884
240982496,24889
240988655,24887
240995417,24882
241001681,24885
241007896,24879
241014103,24883
241020280,24880
241031897,24876
241038128,24880
241044279,24880
241050455,24878
241055727,24872
241061924,24878
241067351,24875
241073502,24880
241079719,24877
241085856,24872
241092036,24875
241098212,24877
241104457,24880
241110655,24876
241116873,24877
241123024,24876
241129222,24871
241135398,24879
241141578,24884
241147808,24881
241153956,24881
241160149,24872
241166329,24878
241171532,24870
241177722,24874
241183897,24874
241189303,24876
241195478,24871
241201696,24874
241208528,24877
241214784,24875
241220919,24876
241227105,24875
241233313,24872
241239498,24876
241245684,24870
241258442,24876
241264657,24881
241270874,24871
241277146,24884
241283319,24879
241289518,24869
241301171,24866
241307364,24866
241313536,24868
241318772,24869
241325005,24870
241331222,24870
241336663,24871
241342849,24869
241348970,24874
241355157,24870
241361392,24875
241367549,24873
241373747,24871
241379896,24877
241386052,24865
241392206,24876
241398389,24868
241404574,24872
241410838,24869
241416937,24871
241423784,24873
241435180,24868
241441339,24871
241447493,24870
241452903,24866
241459078,24873
241465279,24870
241471534,24870
241477783,24868
241483933,24867
241490143,24874
241496339,24874
241502514,24878
241508703,24876
241514892,24870
241521011,24872
241527174,24873
241533381,24874
241539587,24868
241545797,24877
241551945,24866
241558178,24880
241569567,24868
241574994,24868
241581169,24863
241587347,24873
241593540,24872
241599782,24869
241605959,24868
241612162,24863
241618341,24864
241624511,24857
241630764,24871
241637602,24869
241643800,24862
241649961,24868
241656122,24862
241662278,24867
241668486,24866
241674703,24868
241680862,24867
241687045,24865
241693191,24875
241704590,24859
241710027,24864
241716172,24861
241722344,24860
241727574,24863
241733803,24864
241740023,24859
241746230,24857
241752351,24859
241758543,24858
241764769,24857
241770922,24859
241777124,24861
241783279,24863
241789398,24860
241795534,24858
241801734,24860
241807923,24859
241814139,24866
241820298,24855
241826505,24862
241832743,24855
241838884,24856
241844929,24848
241851102,24853
241857238,24849
241862444,24851
241868693,24850
241874885,24852
241881080,24848
241887292,24851
241892782,24853
241898961,24850
241905124,24852
241911355,24852
241917530,24850
241923716,24848
241929896,24853
241936044,24851
241942244,24853
241948426,24848
241954588,24850
241960812,24858
241966999,24855
241978382,24843
241984567,24845
241990786,24850
241996168,24849
242002339,24848
242008492,24852
242014712,24848
242020904,24851
242027097,24848
242033285,24849
242039456,24846
242045678,24844
242051845,24850
242058724,24850
242064882,24845
242071047,24848
242077284,24847
242083477,24848
242089721,24845
242095904,24856
242102090,24853
242113506,24852
242118944,24852
242125102,24848
242130298,24853
242136423,24848
242142597,24845
242148786,24848
242154988,24846
242161217,24844
242167384,24853
242173588,24851
242179755,24849
242185917,24857
242192130,24854
242198336,24852
242204496,24850
242210690,24848
242216842,24853
242222972,24849
242229221,24845
242235374,24850
242241574,24849
242247772,24856
242253164,24850
242259321,24848
242265467,24848
242271669,24852
242277888,24851
242284047,24850
242290200,24850
242296369,24850
242302575,24854
242307795,24855
242313941,24854
242320141,24856
242326294,24850
242332432,24850
242338612,24850
242344837,24853
242351050,24857
242357230,24855
242363409,24851
242369612,24850
242375806,24851
242387418,24848
242393586,24853
242399835,24853
242405943,24855
242412144,24856
242418319,24855
242424505,24852
242430701,24859
242436876,24858
242443014,24854
242449164,24853
242455359,24852
242461519,24851
242467695,24851
242474566,24854
242480786,24851
242486949,24854
242493115,24847
242505907,24857
242516583,24843
242522802,24848
242528959,24848
242535092,24850
242541318,24842
242547513,24845
242553734,24845
242559908,24845
242566089,24845
242572277,24850
242578463,24839
242584628,24841
242590794,24846
242596942,24854
242603115,24844
242609320,24843
242615519,24842
242621708,24842
242627868,24845
242634052,24850
242640245,24841
242650906,24837
242657066,24843
242663177,24838
242668393,24838
242674581,24840
242680762,24837
242686930,24845
242693776,24843
242699952,24839
242706197,24837
242712389,24840
242717816,24840
242723983,24842
242730150,24840
242736375,24840
242742574,24839
242748785,24848
242754937,24846
242761117,24840
242767291,24841
242773469,24845
242779672,24840
242785885,24833
242792045,24841
242798204,24847
242803440,24835
242809641,24836
242815822,24835
242821952,24843
242828150,24837
242834336,24841
242840481,24841
242846629,24836
242852811,24835
242858992,24841
242865226,24841
242871403,24840
242877602,24836
242883778,24835
242889955,24844
242896187,24846
242903080,24839
242909272,24839
242915409,24845
242926022,24843
242932196,24840
242937660,24845
242943884,24843
242950073,24845
242956242,24840
242962408,24850
242968564,24850
242974786,24847
242980924,24843
242987085,24845
242993270,24842
242999466,24852
243005664,24846
243011876,24844
243017996,24840
243024177,24843
243030380,24847
243036548,24846
243042760,24843
243048896,24845
243059521,24841
243065705,24847
243071906,24843
243078064,24846
243084287,24850
243090471,24848
243096666,24852
243102869,24843
243108979,24848
243115793,24845
243121923,24850
243128073,24845
243133308,24851
243139516,24844
243145692,24852
243151905,24852
243158121,24852
243164357,24850
243170524,24850
243176717,24843
243182872,24856
243194457,24858
243200674,24854
243206890,24854
243212062,24856
243218265,24854
243224436,24857
243230630,24861
243236860,24861
243243056,24859
243249237,24856
243255381,24854
243261566,24854
243267768,24859
243273221,24858
243279411,24861
243285617,24858
243291837,24857
243298050,24859
243304219,24857
243310400,24857
243316599,24859
243328659,24854
243334100,24851
243340281,24851
243345500,24848
243351717,24851
243357947,24849
243364177,24856
243370342,24852
243376545,24850
243382680,24856
243388866,24855
243395039,24852
243401257,24854
243406712,24851
243412908,24852
243419082,24853
243425262,24849
243431461,24854
243437682,24850
243443875,24853
243450018,24851
243456207,24849
243467674,24846
243473871,24847
243480060,24842
243486293,24848
243492436,24852
243498618,24848
243504788,24854
243510958,24853
243517163,24851
243523331,24849
243529501,24845
243536381,24855
243541834,24849
243547968,24847
243554170,24852
243560375,24847
243566592,24857
243572807,24848
243578950,24849
243585133,24846
243591305,24858
243597461,24851
243603629,24851
243608887,24853
243615091,24855
243620536,24854
243626816,24848
243633010,24855
243639207,24857
243645375,24849
243651555,24857
243657791,24862
243663913,24857
243670065,24847
243676315,24855
243682516,24856
243688763,24849
243694920,24861
243701053,24853
243707237,24858
243713376,24855
243719539,24851
243725738,24852
243737119,24862
243750769,24865
243756981,24860
243763248,24862
243769505,24862
243775705,24859
243781898,24859
243788079,24859
243794269,24859
243800430,24867
243806598,24863
243811819,24862
243818013,24859
243824203,24864
243830393,24870
243836596,24866
243842760,24861
243848913,24862
243855116,24866
243866786,24869
243873004,24867
243878212,24871
243884348,24872
243889823,24867
243896005,24875
243902188,24869
243908389,24869
243914525,24873
243920732,24868
243926865,24872
243933000,24868
243939175,24867
243945375,24869
243950594,24875
243956814,24872
243963597,24871
243969825,24872
243975980,24873
243982177,24872
243988306,24876
243994457,24878
244006075,24887
244011268,24885
244017457,24884
244023648,24884
244029849,24887
244036027,24883
244042237,24881
244048387,24886
244054524,24881
244060695,24883
244066860,24880
244073023,24880
244079254,24885
244084725,24881
244090893,24877
244097071,24877
244103262,24883
244109468,24887
244115610,24886
244121842,24882
244127972,24882
244139384,24886
244145533,24884
244151753,24882
244157923,24878
244163390,24883
244169568,24885
244176395,24886
244182582,24886
244188791,24885
244194929,24885
244201052,24887
244207262,24884
244213479,24889
244219712,24887
244225895,24878
244232059,24888
244238248,24882
244244418,24878
244250613,24880
244256818,24887
244262954,24879
244274348,24888
244280521,24885
244285972,24888
244292135,24885
244297344,24884
244303529,24884
244309735,24885
244315869,24881
244322016,24888
244328263,24887
244334454,24879
244340647,24890
244346859,24886
244353069,24882
244359312,24885
244365442,24890
244371634,24886
244377836,24889
244384595,24884
244390814,24888
244396979,24887
244408584,24894
244414817,24892
244420014,24899
244426243,24894
244432421,24891
244438631,24889
244444845,24895
244451023,24894
244457240,24896
244463442,24893
244469622,24892
244475793,24888
244481999,24890
244488224,24899
244494379,24895
244499797,24896
244505978,24891
244512146,24892
244518304,24890
244524466,24894
244530624,24891
244541999,24899
244548192,24906
244554364,24908
244560500,24903
244566712,24901
244572200,24907
244578386,24906
244584539,24904
244590741,24904
244597577,24901
244603814,24906
244609988,24903
244616195,24908
244622416,24905
244628585,24904
244634813,24908
244641034,24899
244647215,24906
244653387,24904
244659553,24909
244665739,24904
244677140,24915
244683352,24914
244689549,24914
244695008,24926
244701178,24929
244706409,24920
244712547,24918
244718742,24920
244724898,24922
244731048,24924
244737282,24917
244743438,24919
244749613,24917
244755807,24917
244762001,24919
244768262,24925
244774420,24921
244780576,24919
244786784,24922
244792953,24916
244799156,24922
244811462,24932
244817650,24934
244823875,24939
244829069,24933
244835270,24932
244840713,24930
244846908,24931
244853083,24936
244859292,24937
244865478,24937
244871709,24935
244877930,24935
244884062,24928
244890250,24937
244896445,24936
244902614,24941
244908837,24934
244915004,24936
244921177,24937
244927376,24940
244933545,24931
244939752,24940
244945963,24941
244952148,24932
244958351,24934
244963567,24931
244969769,24938
244975204,24937
244981391,24938
244994160,24941
245000356,24936
245006573,24938
245012768,24942
245019590,24941
245025846,24942
245032046,24937
245038247,24931
245044375,24937
245049844,24935
245056074,24938
245062294,24935
245068491,24942
245079963,24942
245086175,24943
245092344,24943
245098519,24939
245104668,24944
245110865,24942
245117034,24937
245123258,24942
245129432,24938
245135582,24938
245141794,24946
245147960,24945
245154168,24943
245160358,24943
245166523,24943
245172759,24945
245178915,24946
245185153,24951
245191379,24942
245197548,24942
245203708,24946
245215294,24946
245221488,24942
245227667,24944
245233511,24948
245238947,24947
245245156,24947
245251331,24952
245257528,24944
245263727,24947
245269940,24950
245276152,24951
245282359,24948
245288570,24946
245294785,24947
245300936,24950
245307096,24949
245313265,24947
245319472,24947
245325632,24950
245331836,24954
245338055,24953
245349410,24964
245355604,24958
245361809,24962
245367227,24965
245373456,24964
245379645,24964
245385839,24958
245391985,24960
245398154,24963
245404317,24961
245410503,24958
245416745,24974
245422989,24969
245429193,24966
245435400,24959
245442199,24962
245448384,24968
245454530,24969
245460709,24973
245465898,24963
245472106,24961
245483783,24976
245489942,24972
245496159,24977
245501365,24978
245507548,24978
245512968,24982
245519134,24978
245525289,24985
245531468,24978
245537627,24977
245543842,24985
245549991,24973
245556183,24972
245562360,24981
245568552,24977
245574788,24990
245580921,24979
245587039,24984
245593207,24987
245599374,24981
245604599,24985
245610814,24986
245622439,24991
245628608,25000
245634863,24999
245640064,25000
245646242,25000
245651674,24994
245658477,25001
245664623,25002
245670851,25001
245676989,24999
245683180,24999
245689399,25003
245695573,25000
245701813,25007
245707994,25002
245714137,24997
245720306,25003
245726477,25005
245732636,25009
245737835,25003
245744050,24999
245755741,25004
245761950,24992
245768110,25004
245773345,25002
245779509,25004
245784950,25002
245791115,25003
245797272,25002
245803443,25007
245809585,25004
245815841,25007
245822000,25005
245828176,25000
245834342,25002
245840526,25004
245846749,24999
245852935,24992
245859085,25003
245865888,25004
245872028,25006
245877265,25002
245883427,25007
245889633,25007
245895786,25006
245902001,25006
245907469,25000
245913665,25003
245918903,25009
245925025,25003
245931279,25007
245937425,25016
245943589,25002
245949752,24998
245955927,25008
245962155,25012
245968382,25008
245974536,25009
245980741,25007
245986912,25002
245993069,25012
245999296,25009
246005375,25008
246010862,25008
246017068,25010
246023276,25011
246029494,25015
246035706,25009
246041923,25014
246048052,25009
246053250,25018
246059387,25012
246065523,25015
246071670,25012
246078375,25019
246084548,25019
246090716,25016
246096951,25019
246103178,25019
246109352,25011
246115536,25014
246121719,25019
246127892,25016
246134079,25013
246140296,25015
246145764,25017
246151922,25023
246158044,25025
246169415,25024
246175603,25021
246181759,25020
246187941,25028
246194080,25025
246200304,25023
246206425,25024
246212598,25032
246218798,25035
246224969,25024
246237776,25021
246244009,25021
246250295,25028
246256510,25033
246262711,25032
246268906,25027
246275083,25028
246280563,25031
246286786,25030
246298873,25036
246305072,25044
246311293,25043
246316725,25038
246322924,25040
246329081,25032
246335255,25036
246341458,25042
246347622,25042
246353866,25038
246360053,25035
246366243,25037
246372395,25042
246378580,25048
246384787,25046
246390953,25037
246397128,25044
246403312,25039
246409508,25040
246414712,25046
246420930,25046
246427091,25047
246433293,25061
246439441,25063
246445641,25058
246451103,25059
246457310,25059
246462506,25058
246468671,25068
246474847,25063
246480997,25061
246487202,25062
246493361,25060
246499516,25060
246506330,25065
246512473,25063
246518655,25063
246524847,25066
246531041,25071
246537222,25063
246543387,25069
246548895,25068
246555106,25063
246561329,25064
246572783,25059
246579021,25070
246585280,25062
246591448,25068
246596876,25065
246603008,25067
246609156,25065
246615347,25066
246621543,25067
246627805,25068
246633973,25070
246640149,25066
246646335,25069
246652547,25067
246658744,25073
246664955,25068
246671103,25065
246677336,25068
246683530,25065
246689742,25068
246695946,25066
246707284,25085
246714021,25081
246720287,25078
246725648,25081
246730874,25074
246737068,25083
246743294,25081
246749467,25075
246755628,25079
246761829,25072
246767989,25079
246774198,25081
246780414,25082
246786561,25075
246792751,25081
246798942,25070
246805099,25079
246811309,25076
246817480,25079
246823677,25074
246829868,25075
246836072,25076
246842291,25095
246848449,25089
246854609,25096
246859998,25098
246865181,25094
246871364,25096
246877475,25088
246883668,25092
246889894,25092
246896074,25101
246902301,25093
246908434,25094
246914610,25092
246920806,25098
246927591,25097
246933761,25089
246939933,25092
246946157,25097
246952355,25092
246958536,25096
246963981,25091
246970171,25101
246981577,25109
246987759,25105
246993926,25113
247000114,25098
247006299,25097
247012465,25103
247018643,25102
247024826,25109
247030997,25108
247037220,25103
247043391,25108
247049558,25107
247055735,25107
247061912,25108
247068096,25110
247074316,25107
247080527,25107
247086750,25114
247092963,25111
247099144,25114
247105340,25108
247116960,25112
247123130,25113
247129289,25119
247135388,25118
247140599,25119
247146818,25120
247152994,25123
247159229,25124
247165403,25122
247171566,25129
247177762,25127
247183943,25124
247190113,25128
247196308,25129
247202455,25125
247208668,25129
247214877,25122
247221016,25132
247227210,25127
247233389,25125
247239557,25130
247251190,25137
247257381,25135
247263548,25137
247268716,25141
247274150,25126
247280332,25136
247286521,25144
247292744,25138
247298946,25139
247305075,25142
247311252,25144
247317423,25133
247323604,25145
247329800,25138
247336006,25141
247342177,25146
247348973,25144
247355221,25143
247361499,25141
247367740,25144
247374020,25142
247385505,25144
247391728,25140
247397888,25148
247403271,25143
247408524,25142
247414737,25141
247420925,25146
247427101,25144
247433297,25142
247439494,25145
247445695,25137
247451874,25144
247458036,25146
247464192,25141
247470371,25145
247483135,25142
247489356,25142
247495619,25146
247501810,25144
247508036,25149
247518732,25142
247524986,25153
247531221,25145
247536665,25148
247541915,25149
247548094,25149
247554290,25155
247560466,25151
247567290,25155
247573478,25152
247579676,25154
247585902,25151
247592090,25147
247598306,25146
247604471,25142
247610691,25149
247616886,25155
247623086,25158
247629326,25153
247635514,25153
247641687,25156
247652384,25158
247658552,25160
247664760,25159
247670207,25158
247675401,25160
247681544,25160
247687740,25162
247693941,25153
247700180,25158
247706389,25162
247712570,25164
247718780,25167
247724957,25162
247731208,25167
247737371,25173
247743561,25171
247749773,25162
247755963,25163
247762169,25159
247768348,25165
247775075,25164
247786077,25173
247792253,25171
247798417,25178
247803603,25173
247809808,25176
247815958,25176
247822186,25176
247828367,25174
247834526,25175
247840738,25172
247846965,25180
247853179,25172
247859357,25176
247865481,25178
247871637,25184
247877826,25180
247883995,25172
247890217,25181
247896381,25178
247902564,25190
247908795,25185
247914941,25182
247920367,25191
247926548,25191
247932695,25187
247937913,25189
247944097,25188
247950279,25186
247956420,25190
247962600,25198
247968789,25197
247974960,25197
247981113,25186
247987980,25194
247994166,25195
248000316,25186
248006447,25190
248012603,25194
248018800,25193
248024978,25192
248031185,25197
248037390,25194
248043588,25191
248049786,25197
248060388,25206
248066513,25209
248072673,25209
248078865,25203
248084290,25203
248090527,25210
248096718,25204
248102905,25209
248109071,25204
248115243,25199
248121460,25204
248127621,25198
248133853,25210
248140005,25207
248146161,25213
248152324,25206
248158525,25207
248164707,25209
248170932,25206
248177096,25208
248183290,25209
248194480,25207
248200684,25206
248206898,25207
248212286,25207
248217492,25213
248223708,25206
248229908,25209
248236095,25207
248242284,25204
248248420,25207
248254567,25207
248260754,25205
248266924,25205
248273101,25208
248279291,25210
248285435,25209
248291629,25206
248297847,25211
248304054,25214
248310307,25211
248316497,25212
248322674,25207
248333304,25206
248339412,25211
248345556,25215
248351005,25216
248356198,25211
248362424,25216
248368643,25213
248374871,25216
248381035,25217
248387247,25215
248393417,25215
248399577,25211
248406318,25213
248412478,25219
248418667,25212
248424843,25222
248431013,25218
248437217,25218
248443443,25221
248449608,25216
248455815,25218
248466857,25222
248473041,25226
248479221,25224
248484399,25223
248489870,25222
248496012,25220
248502176,25224
248508370,25225
248514550,25220
248520691,25218
248526888,25220
248532994,25229
248539141,25217
248545318,25230
248551469,25228
248557642,25224
248563877,25222
248570067,25224
248576260,25226
248582473,25222
248588653,25218
248594893,25220
248605512,25231
248611671,25237
248618518,25233
248623749,25238
248629937,25234
248636124,25238
248642301,25236
248648451,25240
248654630,25238
248660803,25236
248666960,25236
248673118,25234
248679320,25235
248685466,25233
248691628,25237
248697800,25231
248704013,25244
248710252,25243
248716417,25245
248733852,25250
248740067,25248
248746304,25244
248752459,25248
248757219,25247
248763423,25259
248769631,25252
248775878,25247
248782028,25251
248788223,25252
248794431,25250
248800656,25248
248806882,25251
248813039,25244
248819180,25243
248825362,25253
248831576,25249
248838402,25245
248844573,25249
248850796,25251
248856983,25254
248867582,25255
248873768,25268
248879951,25266
248886121,25264
248890904,25267
248897057,25262
248903252,25262
248909447,25263
248915636,25259
248921880,25270
248928039,25264
248934184,25266
248940382,25267
248946576,25269
248952786,25266
248958979,25271
248965165,25264
248971322,25269
248977512,25263
248983688,25263
248989919,25267
248996056,25267
249002209,25266
249008451,25266
249014610,25265
249020811,25269
249025246,25268
249031423,25270
249037595,25268
249044279,25265
249050447,25260
249056599,25257
249062783,25265
249068930,25272
249075101,25267
249081310,25268
249087491,25266
249093686,25268
249099904,25268
249106108,25269
249112297,25263
249118514,25260
249124703,25262
249130919,25269
249142501,25266
249148683,25265
249154915,25271
249159332,25273
249165492,25274
249171649,25272
249177825,25271
249183996,25272
249190142,25275
249196345,25277
249202439,25270
249208587,25272
249214750,25268
249220949,25271
249227131,25273
249233337,25272
249239483,25272
249245656,25270
249252372,25269
249258589,25271
249264763,25273
249276365,25281
249282527,25283
249288694,25269
249293188,25274
249299425,25277
249305591,25271
249311762,25283
249317947,25281
249324169,25272
249330375,25280
249336526,25278
249342698,25282
249348865,25289
249355073,25283
249361327,25281
249367494,25283
249373691,25279
249379899,25282
249386043,25278
249392284,25279
249398425,25281
249404587,25287
249410747,25288
249416910,25284
249423091,25291
249427917,25291
249434084,25290
249440247,25288
249446432,25289
249452636,25294
249458831,25292
249465609,25288
249471803,25289
249477980,25295
249484144,25292
249490354,25292
249496610,25300
249502832,25299
249509033,25297
249515195,25299
249521381,25291
249527579,25296
249533806,25289
249539991,25301
249551341,25308
249557466,25302
249562884,25306
249569036,25296
249575208,25303
249581385,25307
249587584,25307
249593800,25306
249599954,25305
249606087,25300
249612263,25304
249618426,25303
249624632,25308
249630844,25306
249637034,25300
249643193,25302
249649354,25310
249655541,25307
249661692,25306
249667918,25310
249674789,25307
249686204,25313
249692440,25318
249697850,25317
249702285,25311
249708484,25318
249714652,25321
249720900,25312
249727067,25309
249733238,25310
249739410,25314
249745621,25319
249751796,25318
249757986,25318
249764138,25316
249770302,25315
249776491,25321
249782686,25318
249788893,25325
249795061,25316
249801206,25322
249807401,25321
249813581,25330
249819804,25326
249825988,25326
249832118,25320
249836642,25321
249842833,25326
249849007,25322
249855214,25327
249861402,25328
249867513,25327
249873694,25331
249880422,25329
249886641,25326
249892857,25324
249899062,25326
249905270,25326
249911457,25331
249917639,25328
249923873,25330
249930069,25329
249936276,25332
249942468,25327
249948641,25325
249960297,25325
249973088,25328
249979305,25321
249985513,25328
249991698,25328
249997899,25326
250004099,25327
250010351,25322
250016467,25323
250022629,25328
250028846,25327
250035012,25331
250041220,25331
250047407,25330
250053571,25328
250059767,25333
250065904,25333
250072057,25332
250078229,25331
250089915,25327
250096786,25334
250102024,25333
250107416,25330
250112638,25338
250118832,25332
250124980,25327
250131215,25329
250137409,25336
250143595,25328
250149729,25336
250155897,25338
250162108,25340
250168354,25329
250174498,25328
250180658,25335
250186849,25332
250193053,25340
250199254,25338
250205429,25336
250211627,25333
250223237,25342
250229419,25342
250235612,25343
250240826,25344
250246239,25346
250252411,25339
250258638,25343
250264910,25336
250271082,25347
250277220,25334
250283367,25343
250289555,25341
250295792,25341
250301965,25341
250308801,25344
250315007,25343
250321149,25345
250327317,25342
250333468,25341
250339676,25343
250345897,25344
250357276,25347
250363432,25353
250369587,25354
250375813,25347
250381237,25345
250387435,25343
250393663,25347
250399886,25348
250406052,25348
250412258,25350
250418429,25349
250424632,25348
250430858,25348
250437058,25349
250443271,25348
250449465,25352
250455683,25347
250461898,25351
250468061,25356
250474191,25353
250480370,25349
250491808,25358
250497996,25353
250504204,25357
250509692,25358
250514942,25354
250521132,25362
250527365,25360
250533537,25353
250539707,25357
250545941,25364
250552089,25366
250558326,25358
250564482,25354
250570640,25357
250576800,25358
250583000,25361
250589218,25362
250595440,25361
250601617,25359
250607828,25364
250614012,25360
250620184,25358
250626407,25375
250632549,25366
250638727,25373
250644167,25367
250649396,25368
250654845,25359
250661004,25371
250667180,25376
250673363,25377
250679550,25373
250685731,25371
250691937,25372
250698063,25370
250704240,25372
250710400,25375
250716587,25368
250722820,25369
250729661,25371
250735914,25371
250742107,25363
250748281,25373
250754447,25371
250760651,25367
250766849,25366
250773028,25368
250778242,25367
250783675,25368
250789202,25370
250795375,25370
250801562,25375
250807750,25367
250813931,25366
250820056,25365
250826249,25364
250832452,25373
250838615,25367
250844835,25364
250850993,25370
250857158,25368
250863343,25375
250869551,25370
250875716,25367
250881952,25368
250888063,25369
250894209,25371
250900384,25372
250906587,25365
250912740,25373
250917966,25378
250924161,25376
250930363,25369
250937140,25375
250943413,25374
250949537,25373
250955710,25375
250961909,25371
250968073,25371
250974304,25382
250980446,25378
250986547,25378
250992735,25373
250998915,25378
251005077,25375
251011256,25380
251017440,25380
251023617,25376
251029821,25377
251041462,25382
251047665,25383
251052162,25376
251058390,25381
251064529,25385
251070726,25378
251076981,25379
251083121,25376
251089354,25380
251095528,25378
251101683,25381
251107863,25378
251114038,25380
251120290,25389
251126479,25376
251132640,25379
251138789,25382
251145520,25383
251151746,25381
251157983,25381
251164171,25384
251175821,25391
251182021,25388
251187192,25389
251193412,25389
251199598,25391
251205035,25392
251217778,25387
251224021,25388
251230247,25388
251236461,25390
251242605,25392
251248792,25386
251254983,25387
251261174,25383
251267406,25390
251273549,25387
251279725,25394
251285921,25391
251292115,25391
251298365,25384
251304549,25396
251310743,25398
251316192,25396
251321362,25397
251327558,25394
251333711,25391
251339150,25395
251345317,25400
251351472,25398
251357654,25402
251364427,25398
251370644,25399
251376853,25397
251383005,25401
251389138,25402
251395329,25402
251401507,25404
251407689,25402
251413910,25397
251420056,25402
251426246,25397
251432439,25395
251443858,25404
251450052,25405
251455515,25407
251461734,25407
251467921,25403
251473131,25405
251479342,25401
251485508,25404
251491646,25404
251497837,25406
251504031,25407
251510246,25411
251516407,25411
251522546,25406
251528750,25409
251534926,25404
251541124,25406
251547343,25410
251553500,25406
251559677,25403
251565858,25405
251572607,25401
251578854,25400
251585022,25401
251591242,25400
251596718,25403
251602932,25406
251608149,25404
251614326,25408
251620476,25402
251626653,25409
251632863,25404
251638995,25410
251645161,25406
251651351,25400
251657549,25408
251663748,25416
251669934,25410
251676109,25404
251682346,25404
251688507,25400
251694674,25404
251700886,25405
251707079,25407
251718809,25403
251725008,25399
251730185,25405
251736361,25405
251742532,25404
251748713,25407
251754917,25406
251761098,25401
251767303,25406
251773428,25395
251779581,25408
251786398,25400
251792611,25402
251798770,25402
251804956,25399
251811121,25403
251817338,25401
251823493,25404
251829644,25408
251835884,25404
251842091,25403
251853833,25405
251860031,25401
251864448,25406
251870624,25412
251876814,25410
251882989,25403
251889163,25400
251895394,25406
251901543,25405
251907692,25410
251913872,25408
251920038,25410
251926284,25404
251932461,25411
251938644,25410
251944842,25402
251951012,25403
251957138,25406
251963346,25406
251969522,25401
251975706,25409
251987341,25409
251994093,25410
251999323,25409
252005470,25411
252011608,25402
252017810,25405
252024024,25406
252030189,25411
252036426,25415
252042605,25407
252048782,25411
252054960,25414
252061157,25409
252067346,25414
252073497,25407
252079694,25407
252085878,25413
252092064,25411
252098309,25411
252104482,25411
252110665,25411
252122259,25407
252128426,25413
252133604,25409
252139037,25416
252145193,25409
252151350,25413
252156523,25411
252162709,25416
252168892,25411
252175089,25414
252181274,25415
252187458,25412
252193625,25417
252199785,25410
252206472,25418
252212687,25417
252218888,25411
252225087,25419
252231331,25418
252237479,25421
252243630,25420
252249813,25418
252255996,25424
252262185,25421
252267625,25421
252273798,25421
252279981,25420
252286121,25407
252291343,25426
252297563,25423
252303773,25425
252309948,25425
252316114,25422
252322356,25421
252328531,25421
252334687,25425
252340836,25424
252347018,25429
252353167,25428
252359348,25422
252365543,25427
252371711,25417
252377898,25421
252384103,25427
252390314,25425
252396501,25426
252402646,25420
252408797,25419
252414790,25424
252421016,25424
252426219,25424
252432415,25423
252438556,25423
252444772,25425
252450984,25428
252464036,25421
252470192,25424
252476440,25423
252482687,25424
252488862,25431
252494999,25424
252501159,25419
252507357,25426
252513559,25420
252519752,25419
252525997,25417
252531215,25420
252537383,25416
252542813,25420
252548988,25422
252555102,25417
252561290,25419
252567514,25417
252573725,25416
252579949,25416
252586100,25419
252592273,25421
252598451,25419
252604634,25417
252610839,25414
252617027,25425
252623183,25414
252629977,25418
252636120,25415
252642291,25416
252648447,25414
252654658,25415
252666133,25418
252672366,25419
252677781,25414
252683961,25418
252690106,25417
252695325,25418
252701515,25418
252707673,25419
252713875,25422
252720010,25414
252726218,25423
252732443,25418
252738558,25419
252744760,25422
252750934,25415
252757104,25421
252763307,25418
252769470,25416
252775685,25416
252781881,25419
252788070,25414
252799727,25420
252805959,25424
252811156,25410
252817348,25421
252823523,25418
252829701,25417
252835118,25421
252841940,25419
252848126,25418
252854281,25415
252860470,25417
252866683,25419
252872890,25419
252879062,25418
252885208,25418
252891381,25422
252897575,25419
252903745,25422
252909941,25418
252916154,25419
252922329,25414
252933732,25420
252939926,25423
252945331,25422
252950566,25423
252956742,25424
252962921,25422
252968364,25425
252974586,25428
252980815,25412
252987041,25425
252993227,25420
252999409,25428
253005594,25423
253011760,25418
253017967,25428
253024120,25432
253030276,25424
253036478,25422
253042668,25419
253048865,25424
253055714,25424
253061940,25425
253073375,25428
253079533,25425
253084976,25425
253091116,25424
253097344,25427
253103545,25423
253109714,25431
253115947,25424
253122093,25428
253128290,25423
253134450,25427
253140627,25428
253146844,25424
253153023,25425
253159197,25431
253165390,25430
253171589,25426
253177765,25431
253184002,25432
253190200,25432
253196391,25432
253207867,25431
253214015,25433
253218759,25433
253224960,25421
253231161,25434
253237381,25437
253243577,25433
253249714,25433
253255949,25431
253262786,25428
253269033,25430
253275176,25428
253281345,25422
253287520,25433
253293655,25434
253299896,25429
253306071,25431
253312236,25426
253318409,25435
253324640,25423
253330874,25433
253342296,25430
253348465,25431
253353215,25432
253359384,25437
253365575,25431
253371731,25428
253377944,25426
253384149,25430
253390330,25427
253396529,25432
253402719,25427
253408943,25436
253415070,25429
253421226,25431
253427393,25426
253433590,25430
253439833,25430
253446056,25428
253452210,25429
253458422,25432
253464617,25431
253476602,25423
253482761,25423
253487574,25429
253493733,25425
253499963,25422
253506136,25423
253512356,25424
253518527,25427
253524676,25430
253530905,25422
253537146,25425
253543352,25423
253549574,25422
253555744,25426
253561964,25425
253568175,25424
253574393,25423
253580595,25425
253586748,25429
253592983,25425
253599118,25425
253610467,25425
253616559,25418
253621952,25421
253627158,25419
253633394,25422
253639560,25420
253645735,25416
253651940,25418
253658143,25425
253664379,25419
253670498,25422
253676620,25425
253683452,25425
253689549,25426
253695719,25423
253708527,25422
253714728,25419
253720981,25422
253727139,25421
253738897,25418
253745152,25422
253750369,25423
253755810,25422
253762026,25421
253768181,25427
253774377,25419
253780608,25425
253786778,25420
253793038,25418
253798243,25418
253804490,25419
253810654,25422
253816804,25417
253822971,25424
253829106,25422
253835289,25416
253841491,25423
253847654,25428
253853810,25427
253860000,25420
253866130,25421
253877824,25422
253884027,25418
253888438,25420
253894627,25422
253901523,25416
253907702,25427
253913932,25418
253920113,25422
253926342,25425
253931770,25423
253937991,25426
253944189,25425
253950375,25422
253956564,25429
253962749,25423
253968956,25421
253975135,25423
253981328,25421
253987530,25420
253993692,25426
253999940,25430
254011337,25423
254017473,25420
254022883,25418
254028063,25426
254034292,25421
254040437,25420
254046633,25419
254052812,25423
254059028,25421
254065186,25415
254070646,25429
254076852,25426
254083008,25427
254089173,25418
254095340,25426
254101517,25422
254107711,25424
254114567,25429
254120772,25419
254126979,25422
254133110,25428
254144486,25424
254150628,25425
254156865,25425
254161634,25422
254167847,25428
254174060,25423
254180272,25426
254186446,25423
254192641,25428
254198857,25426
254204070,25419
254210299,25419
254216508,25425
254222660,25425
254228852,25425
254235045,25422
254241235,25422
254247436,25427
254253544,25426
254259746,25421
254265948,25426
254277556,25409
254283730,25416
254289963,25412
254294416,25416
254300565,25417
254306759,25417
254312965,25415
254319190,25416
254325981,25417
254332212,25415
254338419,25421
254343871,25418
254350040,25414
254356184,25414
254362383,25413
254368591,25414
254374836,25414
254381054,25416
254387229,25415
254393426,25416
254399631,25419
254405839,25408
254412032,25410
254418195,25411
254424365,25413
254428794,25409
254435026,25410
254441217,25406
254447472,25405
254453655,25413
254459894,25403
254466093,25406
254472302,25415
254477756,25407
254483986,25413
254490128,25413
254496272,25408
254502430,25405
254508615,25407
254514799,25412
254520986,25415
254527156,25408
254533958,25404
254540149,25410
254551495,25402
254557627,25397
254563061,25402
254568245,25411
254574471,25399
254580613,25404
254586869,25411
254593075,25405
254599275,25409
254605492,25406
254611646,25405
254617797,25401
254623942,25406
254630119,25402
254636329,25407
254642527,25408
254648705,25405
254654889,25412
254661087,25408
254667326,25404
254673490,25403
254679637,25406
254685808,25402
254692002,25398
254697456,25406
254702671,25407
254708893,25402
254715066,25401
254721270,25406
254727479,25408
254733651,25408
254740377,25404
254746567,25407
254752004,25410
254758116,25396
254764257,25402
254770450,25405
254776670,25407
254782915,25403
254789090,25407
254795313,25406
254801498,25404
254807719,25415
254813899,25412
254825318,25407
254831495,25406
254836240,25405
254842423,25407
254848610,25406
254854803,25407
254861006,25403
254867120,25405
254873307,25410
254879481,25401
254885689,25411
254890925,25397
254897068,25404
254903233,25402
254909442,25408
254915547,25410
254921687,25401
254927886,25409
254934094,25404
254940316,25402
254959229,25412
254964756,25408
254970998,25413
254977236,25413
254983436,25411
254989653,25409
254995878,25413
255002067,25411
255008242,25409
255014417,25415
255019624,25409
255025830,25406
255031989,25418
255038159,25414
255044391,25413
255050574,25407
255056719,25408
255062910,25409
255069101,25409
255075319,25410
255081503,25410
255093093,25410
255098256,25406
255104489,25404
255110670,25402
255116870,25408
255123060,25405
255129314,25402
255135517,25406
255141662,25403
255147888,25407
255154067,25407
255160275,25397
255167088,25403
255173341,25403
255179522,25403
255185680,25403
255191886,25403
255198085,25403
255204299,25406
255210530,25404
255216677,25403
255228323,25402
255233562,25398
255239712,25402
255245145,25401
255251315,25394
255257493,25393
255263679,25398
255269850,25404
255276121,25397
255282303,25395
255288484,25390
255294654,25402
255300792,25393
255307015,25396
255313151,25399
255319330,25395
255325522,25393
255331692,25396
255337888,25395
255344096,25393
255350277,25392
255361588,25383
255367760,25394
255373931,25387
255380059,25390
255386282,25397
255392466,25390
255398612,25396
255404771,25382
255410970,25392
255417153,25390
255423346,25389
255429531,25392
255434938,25387
255441099,25384
255447306,25390
255453457,25389
255459671,25388
255465876,25393
255472085,25387
255478270,25396
255484433,25391
255495813,25381
255501967,25394
255508117,25391
255513572,25388
255519746,25388
255525983,25385
255532118,25388
255538288,25380
255544446,25392
255550654,25390
255556807,25392
255563016,25386
255569142,25390
255574354,25390
255580520,25394
255587231,25387
255593498,25385
255599624,25382
255605807,25388
255612061,25384
255618246,25383
255629904,25388
255636078,25391
255642243,25388
255648409,25388
255654603,25391
255660804,25387
255667013,25392
255673128,25388
255679304,25391
255685492,25389
255691670,25389
255697894,25385
255704060,25389
255709286,25392
255715467,25382
255721567,25396
255727758,25394
255733954,25387
255740134,25390
255746344,25389
255752497,25390
255758618,25390
255764770,25390
255770968,25389
255776402,25394
255781595,25390
255787753,25385
255793961,25385
255800746,25388
255806965,25386
255813156,25387
255819364,25388
255825536,25393
255831731,25393
255837894,25395
255843360,25389
255849550,25392
255855736,25397
255861969,25392
255868142,25389
255874318,25391
255880505,25390
255886688,25395
255892878,25390
255904327,25398
255910525,25398
255916714,25392
255922881,25390
255929078,25395
255935272,25391
255941493,25390
255947677,25393
255953833,25395
255960041,25399
255966179,25399
255972393,25403
255977870,25394
255984064,25400
255990256,25399
255996474,25399
256002669,25400
256009478,25398
256015701,25397
256021897,25404
256028079,25399
256039424,25384
256045619,25390
256051060,25383
256056261,25388
256062481,25391
256068679,25387
256074912,25389
256081108,25393
256087314,25384
256093498,25389
256099612,25394
256105763,25392
256111996,25391
256117458,25389
256123661,25391
256129874,25390
256136082,25389
256142259,25387
256148432,25387
256154635,25385
256160759,25391
256166997,25389
256173146,25376
256179334,25384
256185530,25378
256197297,25380
256203509,25382
256209753,25381
256215976,25378
256222151,25388
256228987,25386
256235172,25383
256241354,25385
256246832,25378
256253042,25384
256259211,25382
256265411,25384
256271644,25383
256277867,25384
256284063,25381
256290178,25383
256296355,25382
256307711,25370
256313910,25377
256320121,25376
256326359,25375
256332502,25368
256338639,25378
256344823,25377
256351017,25367
256357231,25377
256363414,25374
256369575,25369
256375717,25383
256381147,25372
256387351,25376
256393564,25368
256399755,25379
256405988,25377
256412151,25379
256418377,25378
256424552,25376
256430706,25373
256442654,25373
256448838,25372
256454279,25369
256459489,25372
256465644,25371
256471807,25374
256478015,25373
256484187,25372
256490423,25374
256496539,25375
256502680,25372
256508871,25370
256515045,25375
256521259,25373
256527464,25380
256533636,25375
256539833,25376
256546042,25378
256552222,25378
256558456,25373
256564602,25373
256570764,25375
256576966,25373
256583141,25371
256588625,25377
256593857,25378
256600034,25371
256606203,25368
256612425,25370
256618575,25370
256624742,25373
256630943,25373
256637104,25379
256643321,25375
256650165,25373
256655616,25373
256661829,25377
256668052,25371
256674188,25373
256680377,25371
256686565,25369
256692753,25375
256698953,25371
256705101,25377
256716499,25370
256722675,25375
256728854,25374
256735032,25376
256741227,25374
256747450,25377
256753558,25376
256759723,25377
256765917,25378
256772095,25372
256778316,25371
256784486,25378
256790594,25378
256796771,25381
256803002,25375
256809175,25375
256815436,25383
256821588,25380
256827768,25373
256833970,25381
256840117,25376
256851836,25372
256858683,25373
256863090,25374
256869290,25375
256875491,25381
256881669,25373
256887818,25373
256894013,25376
256900206,25375
256906444,25370
256912619,25372
256918818,25371
256925029,25375
256931219,25376
256937434,25371
256943622,25374
256949790,25378
256955965,25375
256962140,25372
256968350,25375
256974536,25373
256986118,25373
256992299,25367
256997496,25370
257003627,25369
257009819,25377
257016009,25370
257022201,25370
257028416,25370
257034577,25369
257040701,25371
257046922,25369
257053096,25370
257059324,25370
257066142,25372
257072420,25369
257078608,25365
257084781,25361
257090942,25366
257097102,25363
257103310,25367
257109543,25372
257121137,25364
257127320,25366
257131760,25358
257137961,25369
257144119,25373
257150323,25368
257156507,25364
257162711,25363
257168859,25365
257175080,25357
257181251,25363
257187480,25367
257193717,25364
257199934,25358
257206132,25365
257212355,25362
257218519,25368
257224654,25365
257230784,25365
257236988,25360
257243233,25365
257254852,25362
257261049,25363
257266248,25364
257272446,25364
257279245,25366
257285453,25360
257291623,25358
257297783,25363
257303965,25363
257310166,25355
257316401,25367
257322547,25357
257328726,25359
257334932,25359
257341093,25364
257346531,25361
257352707,25354
257358887,25364
257365105,25363
257371273,25362
257377452,25364
257388849,25366
257395054,25361
257401201,25364
257406700,25366
257412933,25363
257419087,25363
257425201,25364
257431325,25360
257444111,25366
257450304,25362
257456605,25363
257462766,25364
257469002,25365
257475211,25366
257480457,25362
257486601,25373
257493337,25361
257499577,25365
257505750,25365
257511997,25367
257518159,25364
257524344,25368
257530562,25364
257535322,25369
257541510,25360
257547724,25360
257553930,25366
257560135,25365
257566327,25368
257572481,25368
257578659,25361
257584907,25364
257591095,25369
257597271,25368
257603446,25364
257609662,25355
257614878,25369
257621089,25363
257627257,25368
257633475,25372
257639606,25365
257645769,25360
257651951,25364
257658177,25368
257664403,25369
257669842,25367
257676067,25372
257682235,25365
257688407,25367
257694605,25369
257700779,25377
257707569,25366
257713719,25372
257719944,25363
257726158,25369
257732317,25369
257738542,25371
257744762,25373
257749959,25373
257756124,25367
257762319,25365
257768481,25368
257774624,25370
257780849,25369
257787046,25372
257798654,25371
257804815,25371
257810066,25363
257816247,25364
257822444,25365
257828556,25368
257834679,25365
257840876,25367
257847078,25365
257853273,25366
257859499,25368
257865682,25367
257871958,25368
257878111,25366
257884314,25360
257890514,25366
257896597,25362
257902745,25365
257908941,25367
257915678,25360
257921871,25359
257933490,25361
257938691,25364
257944127,25352
257950287,25360
257956480,25360
257962658,25364
257968812,25364
257975013,25353
257981219,25362
257987399,25356
257993605,25352
257999807,25361
258006021,25358
258012181,25358
258018362,25358
258024555,25364
258030714,25363
258036890,25366
258043099,25358
258049260,25357
258055463,25363
258066877,25353
258073044,25357
258078464,25361
258084613,25348
258090789,25341
258097022,25351
258103174,25354
258109347,25362
258115515,25361
258121693,25357
258128459,25352
258134673,25353
258140844,25359
258147067,25357
258153176,25358
258159417,25357
258164574,25352
258170759,25354
258176948,25354
258183117,25356
258189316,25354
258195508,25357
258201681,25347
258207874,25351
258213337,25347
258219531,25348
258225698,25354
258231902,25356
258238101,25351
258244230,25350
258250390,25347
258256579,25346
258262781,25347
258269038,25353
258275231,25351
258281416,25350
258287599,25357
258293724,25354
258299907,25354
258306099,25353
258312297,25353
258318493,25351
258324685,25354
258330885,25355
258342859,25353
258348317,25358
258353493,25355
258359659,25353
258365830,25357
258371983,25350
258378142,25353
258384379,25353
258390587,25355
258396761,25353
258402956,25352
258409120,25352
258415344,25358
258421504,25358
258427628,25356
258433775,25357
258439970,25350
258446129,25351
258452342,25357
258458515,25361
258464664,25360
258476323,25355
258481524,25354
258486989,25353
258493149,25359
258499331,25361
258505503,25353
258511741,25355
258517945,25359
258524080,25360
258530197,25353
258536380,25359
258542556,25356
258549273,25362
258555418,25360
258561592,25353
258567759,25359
258574033,25365
258580225,25357
258586398,25362
258592599,25362
258598787,25362
258610234,25361
258616473,25358
258621852,25360
258628060,25361
258634173,25363
258640303,25363
258646444,25361
258652662,25363
258658848,25363
258665037,25365
258671206,25367
258677394,25359
258690173,25365
258696412,25365
258702614,25360
258708832,25368
258714997,25368
258721186,25370
258727421,25366
258733631,25367
258739793,25360
258745972,25362
258751398,25360
258757580,25364
258764298,25355
258770473,25361
258776655,25358
258782845,25360
258789068,25360
258795320,25357
258801485,25358
258807664,25358
258813858,25363
258820078,25355
258826237,25363
258832430,25355
258838612,25359
258844784,25359
258851035,25351
258856259,25360
258862461,25361
258868652,25362
258880267,25360
258885472,25354
258890911,25350
258897113,25355
258903242,25355
258909357,25355
258915538,25355
258921723,25355
258927966,25353
258934119,25352
258940289,25356
258946480,25353
258952676,25354
258958869,25354
258965054,25354
258971850,25354
258978061,25356
258984235,25358
258990416,25355
258996609,25357
259002801,25356
259014211,25354
259020478,25351
259025888,25350
259032094,25354
259038228,25358
259044421,25351
259050637,25348
259056840,25351
259063056,25353
259069178,25356
259075361,25352
259081565,25356
259087731,25353
259093910,25353
259100095,25355
259106271,25349
259112468,25349
259118658,25350
259124865,25350
259130074,25354
259136233,25349
259142481,25351
259148675,25354
259154839,25351
259160265,25352
259166432,25355
259172613,25356
259178761,25351
259185551,25348
259191783,25353
259198025,25359
259204186,25351
259210352,25353
259216535,25348
259222721,25354
259228907,25354
259235096,25357
259241267,25353
259247437,25354
259253634,25351
259259832,25348
259265039,25358
259271190,25348
259282868,25364
259289064,25361
259294295,25360
259299775,25349
259305964,25358
259312112,25366
259318327,25356
259324515,25359
259330747,25362
259336923,25352
259343122,25358
259349250,25362
259355416,25358
259361608,25357
259367788,25362
259374011,25357
259380151,25362
259386311,25361
259393159,25358
259399384,25359
259404615,25355
259410744,25355
259416937,25366
259423102,25359
259428546,25361
259433753,25361
259439969,25361
259446135,25354
259452292,25358
259458476,25355
259464622,25359
259470802,25361
259477035,25359
259483206,25360
259489418,25357
259495560,25360
259501693,25356
259507835,25356
259514024,25359
259520228,25354
259526456,25355
259532601,25358
259538040,25363
259544208,25361
259550384,25356
259556616,25367
259562819,25365
259569021,25361
259575222,25361
259581405,25358
259587622,25361
259593814,25363
259600037,25365
259606910,25359
259613101,25365
259619244,25363
259625422,25364
259631607,25361
259637753,25365
259643980,25362
259650183,25363
259656363,25361
259662570,25362
259668759,25360
259673979,25358
259680187,25361
259686416,25364
259698003,25351
259703217,25354
259708649,25361
259714824,25361
259721030,25361
259727186,25358
259733345,25356
259739528,25360
259745774,25357
259751974,25354
259758145,25358
259764303,25352
259770453,25359
259776655,25360
259782847,25355
259789085,25357
259795204,25357
259801381,25353
259807572,25359
259813385,25358
259819639,25352
259831184,25367
259837360,25358
259842549,25362
259848715,25356
259854912,25350
259861152,25355
259867372,25355
259873544,25363
259879659,25357
259885836,25352
259892036,25352
259898219,25351
259904410,25357
259910592,25358
259916780,25353
259922974,25359
259935799,25356
259941212,25353
259947494,25355
259953678,25355
259965073,25355
259971265,25359
259976763,25352
259982975,25360
259989131,25356
259995327,25359
260001548,25358
260007708,25361
260013920,25360
260020147,25356
260026295,25355
260033081,25364
260039248,25356
260045417,25354
260051611,25359
260057802,25361
260064027,25357
260070204,25358
260075420,25358
260081634,25362
260087827,25351
260099499,25352
260105684,25356
260110098,25355
260116247,25358
260122448,25353
260128638,25357
260134850,25352
260141074,25354
260147263,25355
260153486,25359
260159628,25364
260165772,25358
260171946,25361
260178117,25361
260184301,25356
260190494,25364
260196673,25365
260202858,25359
260209101,25353
260214559,25361
260220763,25358
260232168,25357
260238374,25365
260244536,25359
260249744,25363
260255950,25367
260262111,25367
260268284,25362
260274464,25363
260280613,25365
260286818,25361
260293021,25364
260299177,25366
260305400,25359
260311621,25360
260317816,25359
260323978,25360
260330178,25359
260336373,25366
260342589,25362
260348743,25357
260354906,25368
260366582,25363
260372767,25369
260378967,25362
260384164,25363
260390362,25369
260396581,25367
260402706,25373
260408870,25365
260415046,25370
260421241,25368
260427460,25367
260433622,25376
260439786,25372
260445994,25374
260452751,25365
260459017,25373
260465230,25366
260471460,25368
260477612,25372
260483782,25373
260489204,25370
260495385,25367
260501549,25358
260507728,25360
260513952,25366
260518373,25365
260524530,25363
260530791,25364
260536993,25368
260543178,25358
260549370,25361
260555558,25363
260561671,25363
260567842,25359
260574021,25361
260580182,25362
260586378,25367
260592560,25366
260598717,25363
260604885,25367
260611077,25363
260617250,25363
260623487,25363
260629632,25364
260635796,25360
260641976,25360
260648181,25359
260652911,25355
260659107,25357
260665829,25355
260672050,25359
260678183,25356
260684346,25361
260690529,25356
260696721,25356
260702928,25355
260709142,25359
260715252,25364
260721462,25362
260727672,25368
260733859,25358
260740074,25357
260746271,25361
260752455,25358
260758664,25361
260763869,25358
260775476,25361
260781643,25355
260786862,25361
260793078,25355
260799254,25366
260805485,25356
260811618,25360
260817824,25357
260824040,25358
260830244,25358
260836462,25353
260842607,25358
260848824,25360
260854973,25360
260861167,25353
260867394,25361
260874249,25355
260880467,25364
260886660,25359
260892838,25357
260899010,25363
260910631,25359
260916790,25370
260922040,25368
260927527,25362
260933714,25358
260939942,25363
260946167,25362
260952324,25354
260958528,25368
260964669,25358
260970829,25362
260977063,25358
260983199,25364
260989366,25365
260995544,25362
261001730,25367
261007951,25363
261014158,25359
261020345,25365
261026542,25369
261032713,25364
261043382,25365
261049562,25364
261054953,25362
261061170,25356
261067372,25355
261073554,25366
261079734,25359
261086540,25362
261092700,25364
261098881,25367
261105078,25364
261111238,25366
261117403,25366
261123583,25360
261129818,25373
261136019,25366
261142162,25360
261148329,25360
261154526,25363
261160711,25365
261166935,25365
261179726,25373
261184930,25363
261191167,25360
261196657,25368
261202818,25370
261209023,25367
261215220,25364
261221400,25362
261227571,25366
261233741,25372
261239926,25368
261246121,25366
261252234,25369
261258409,25363
261264615,25366
261270820,25369
261277064,25370
261283232,25367
261289418,25367
261295641,25366
261302355,25370
261313001,25371
261319157,25375
261325394,25375
261330817,25376
261337059,25372
261343205,25373
261349375,25374
261355556,25372
261361717,25375
261367890,25373
261374127,25374
261380262,25370
261386434,25378
261392607,25371
261398788,25372
261405016,25373
261411205,25369
261417358,25374
261423588,25368
261429795,25373
261435979,25376
261442173,25370
261452761,25371
261458975,25370
261465145,25372
261471313,25368
261477492,25371
261483663,25371
261489833,25366
261496060,25367
261502213,25365
261509007,25364
261515155,25367
261521331,25373
261527519,25369
261533702,25359
261539848,25367
261546059,25370
261552224,25365
261558435,25365
261564605,25367
261570784,25367
261576960,25365
261582185,25369
261588363,25366
261594588,25363
261600004,25366
261605214,25361
261611425,25365
261617603,25367
261623759,25368
261629978,25366
261636196,25363
261642387,25363
261648575,25368
261654702,25370
261660882,25364
261667091,25365
261673270,25367
261679490,25371
261685675,25363
261691859,25364
261698067,25366
261704221,25369
261710445,25367
261717223,25370
261723470,25368
261729652,25376
261735829,25370
261742042,25371
261748272,25369
261754493,25368
261760690,25370
261766847,25371
261773024,25368
261779217,25362
261785426,25372
261791580,25365
261797807,25366
261803979,25370
261810159,25367
261816380,25369
261822605,25368
261828776,25370
261834919,25370
261841112,25367
261847379,25369
261858401,25369
261864608,25368
261869805,25374
261875992,25369
261882171,25367
261888397,25381
261894614,25378
261900738,25373
261906884,25373
261913087,25368
261919249,25379
261926121,25372
261932375,25373
261938617,25370
261944813,25374
261950994,25375
261957222,25376
261963386,25377
261969568,25371
261975746,25367
261981925,25373
261992910,25374
261999134,25383
262004320,25382
262010510,25381
262015928,25378
262022125,25375
262028208,25376
262034353,25386
262040543,25381
262046700,25382
262052922,25381
262059139,25370
262065360,25378
262071572,25381
262077808,25381
262084076,25382
262090332,25376
262096516,25383
262102751,25383
262108949,25383
262115172,25381
262126577,25380
262132729,25387
262138900,25383
262145104,25384
262150522,25390
262156743,25386
262162939,25386
262169101,25381
262175271,25383
262181487,25386
262187676,25378
262193859,25377
262200070,25385
262206213,25387
262212364,25384
262218577,25389
262224788,25384
262231023,25385
262237195,25387
262243356,25395
262249492,25385
262260944,25387
262267126,25387
262273333,25381
262279521,25388
262284935,25391
262291189,25392
262297412,25390
262303562,25385
262309766,25386
262315911,25390
262322128,25390
262328315,25390
262334479,25395
262340662,25386
262347409,25383
262353615,25394
262359813,25389
262366034,25389
262372203,25392
262378341,25390
262384490,25391
262395961,25387
262402149,25383
262407550,25376
262412764,25386
262425806,25383
262432082,25379
262438315,25386
262444501,25384
262450671,25383
262456865,25386
262463097,25385
262469308,25383
262475499,25386
262481677,25383
262487909,25384
262494139,25383
262500299,25384
262506454,25387
262512658,25382
262524014,25382
262530213,25381
262536458,25382
262541867,25382
262548088,25382
262554244,25382
262560428,25381
262567329,25381
262573502,25380
262579689,25384
262585897,25374
262592128,25380
262598307,25380
262604507,25379
262610700,25385
262616866,25384
262623081,25380
262629245,25382
262635468,25387
262641656,25388
262647810,25380
262659243,25391
262665474,25385
262671610,25381
262677073,25379
262682282,25384
262688485,25387
262693925,25383
262700149,25381
262706298,25388
262712484,25385
262718630,25384
262724791,25379
262731023,25387
262737210,25385
262743343,25390
262749525,25387
262755745,25388
262761957,25386
262768166,25385
262774985,25385
262781147,25390
262787335,25388
262793511,25386
262799686,25389
262805856,25385
262811074,25380
262816476,25381
262822696,25381
262827929,25387
262834152,25384
262840294,25384
262846510,25385
262852674,25387
262858850,25388
262865051,25387
262871245,25385
262877429,25384
262883633,25387
262889817,25391
262896026,25388
262902205,25389
262908424,25386
262914589,25389
262920740,25387
262926896,25386
262933123,25386
262939336,25386
262945570,25389
262951001,25384
262957192,25389
262962409,25389
262968601,25390
262974763,25390
262980912,25388
262987608,25382
262993735,25386
262999940,25384
263006136,25385
263012306,25392
263018554,25384
263024713,25388
263030929,25390
263037102,25393
263043267,25385
263049490,25396
263055646,25392
263061825,25392
263073445,25393
263079685,25393
263084893,25396
263091090,25396
263096514,25390
263102699,25390
263108873,25389
263115104,25386
263121242,25389
263127408,25388
263133589,25393
263139788,25398
263145982,25392
263152188,25395
263158308,25391
263164480,25390
263170662,25392
263176858,25392
263183043,25391
263189207,25392
263196019,25393
263207452,25388
263213648,25394
263219117,25389
263224288,25394
263230541,25386
263235921,25390
263242117,25390
263248241,25392
263254428,25390
263260603,25388
263266840,25393
263273099,25392
263279268,25394
263285417,25390
263291607,25390
263297805,25387
263303965,25385
263310194,25394
263316342,25391
263322499,25386
263328706,25382
263334858,25391
263346326,25390
263352531,25395
263358686,25386
263364890,25386
263370296,25392
263376470,25391
263382623,25394
263388795,25392
263394992,25387
263401209,25393
263407992,25394
263414188,25392
263420319,25389
263426537,25389
263432740,25390
263438922,25388
263445122,25385
263451281,25381
263457442,25393
263463656,25393
263469849,25386
263476071,25387
263482237,25388
263488431,25394
263493627,25386
263499105,25394
263504286,25388
263510448,25391
263516582,25387
263522686,25385
263528848,25391
263535037,25393
263541209,25388
263547436,25387
263553641,25389
263559814,25390
263566007,25391
263572183,25390
263578348,25388
263584539,25393
263590649,25392
263596823,25386
263603010,25388
263609167,25393
263615944,25392
263622158,25395
263628360,25391
263633863,25391
263639075,25394
263645229,25395
263651420,25390
263657586,25392
263670642,25395
263676841,25396
263683144,25394
263689332,25391
263695499,25390
263701700,25393
263707879,25389
263714108,25388
263720282,25387
263726441,25389
263732621,25393
263738821,25390
263750208,25393
263756452,25394
263762664,25397
263768130,25397
263774290,25396
263780435,25397
263786595,25395
263792755,25401
263798938,25396
263805149,25395
263811325,25399
263817502,25400
263823637,25393
263829850,25392
263836660,25396
263842769,25394
263848953,25396
263855134,25391
263861316,25398
263867513,25398
263873742,25398
263885268,25397
263891533,25402
263897736,25405
263901413,25405
263907605,25405
263913748,25403
263919907,25399
263926090,25399
263932264,25397
263938475,25408
263944609,25402
263950727,25395
263957008,25411
263963172,25402
263969320,25403
263975520,25398
263981694,25400
263987870,25401
263994043,25403
264000218,25402
264006410,25402
264012614,25399
264024224,25408
264030406,25400
264036623,25402
264041172,25403
264047914,25406
264054119,25404
264060285,25404
264066487,25395
264072679,25398
264078880,25397
264085073,25401
264091250,25401
264097447,25400
264103609,25402
264109748,25403
264115914,25394
264122119,25401
264128300,25399
264134542,25397
264140730,25399
264146912,25392
264158575,25397
264164766,25397
264170932,25395
264174792,25399
264180931,25406
264187114,25401
264193272,25400
264199400,25404
264205593,25400
264211789,25399
264217994,25398
264224179,25398
264230377,25391
264236552,25402
264242719,25400
264248856,25402
264255654,25396
264261834,25397
264268072,25390
264274254,25399
264280423,25397
264291813,25399
264298030,25400
264304225,25396
264308974,25398
264314191,25391
264320416,25398
264326619,25401
264332755,25392
264338963,25396
264345169,25402
264351370,25402
264357597,25401
264363790,25401
264370013,25399
264376191,25399
264382352,25391
264388556,25392
264394785,25399
264400962,25401
264407162,25398
264413341,25394
264419561,25397
264425711,25393
264431886,25397
264438070,25400
264442824,25396
264449060,25397
264455227,25397
264461372,25393
264468195,25406
264474364,25395
264480547,25395
264486748,25402
264492990,25396
264499192,25394
264505350,25398
264511527,25401
264517711,25402
264523923,25404
264530122,25395
264536301,25396
264542502,25395
264548707,25397
264554871,25395
264566301,25396
264572509,25401
264577289,25400
264583438,25400
264588625,25391
264594791,25397
264600964,25395
264607200,25401
264613373,25401
264619543,25394
264625695,25403
264631892,25399
264638062,25398
264644224,25403
264650440,25396
264656631,25400
264662777,25392
264668965,25400
264675672,25402
264681882,25401
264688095,25403
264694281,25387
264700490,25403
264706680,25399
264711440,25402
264717617,25401
264723819,25409
264730037,25403
264736258,25402
264742432,25406
264748655,25405
264754870,25397
264761117,25409
264767290,25404
264773450,25405
264779652,25403
264785799,25406
264791989,25406
264798212,25405
264804385,25404
264810575,25408
264816785,25414
264823009,25411
264829196,25414
264840576,25410
264845984,25417
264852224,25402
264858385,25408
264864581,25408
264870801,25412
264877023,25404
264883861,25409
264890123,25415
264896316,25406
264902509,25404
264915312,25410
264921537,25409
264927780,25403
264933956,25403
264940169,25407
264946369,25410
264952578,25405
264958762,25405
264970387,25401
264975614,25401
264981004,25407
264987195,25399
264993350,25404
264999504,25405
265005702,25403
265011895,25400
265018116,25402
265024253,25405
265030412,25406
265036579,25402
265042748,25402
265048886,25402
265055093,25404
265061275,25405
265067442,25410
265073633,25406
265079859,25410
265086108,25412
265092278,25406
265104355,25407
265110552,25404
265115999,25400
265122197,25404
265128365,25402
265134553,25401
265139747,25406
265145936,25402
265152131,25403
265158305,25398
265164497,25399
265170653,25400
265176795,25401
265182946,25401
265189107,25398
265195267,25404
265201486,25406
265207635,25398
265213775,25399
265219949,25401
265226165,25408
265232352,25402
265238565,25395
265244688,25395
265250096,25399
265256255,25399
265262399,25401
265268600,25401
265274832,25403
265281078,25404
265287208,25406
265293343,25401
265299548,25392
265305760,25399
265312581,25401
265318773,25402
265324899,25405
265331160,25400
265337300,25407
265343514,25401
265349677,25398
265355891,25409
265362136,25397
265368282,25406
265379650,25401
265384434,25408
265390592,25405
265396807,25399
265403060,25403
265409230,25404
265414433,25402
265420616,25391
265426752,25397
265432941,25401
265439126,25399
265445269,25398
265451417,25401
265457607,25402
265463799,25405
265470001,25403
265476186,25402
265482400,25402
265488597,25406
265494753,25403
265500970,25402
265512575,25406
265518614,25400
265524824,25407
265531036,25405
265537207,25408
265543374,25406
265549555,25398
265555725,25398
265561911,25412
265568138,25404
265574282,25406
265580486,25403
265586622,25404
265592826,25405
265599039,25403
265605218,25397
265611334,25405
265617499,25400
265623663,25402
265629882,25400
265636108,25402
265647482,25407
265652912,25408
265658156,25405
265664327,25409
265670538,25407
265676720,25408
265682927,25404
265689114,25411
265694557,25409
265700754,25402
265706914,25401
265713149,25405
265719294,25411
265725453,25407
265732245,25416
265738421,25409
265744615,25405
265750815,25409
265757020,25418
265763246,25410
265769394,25403
265775554,25395
265781732,25411
265787882,25409
265793108,25406
265799282,25401
265805461,25408
265811637,25405
265817776,25403
265824050,25408
265829515,25400
265835697,25405
265841902,25407
265848145,25404
265854282,25404
265860498,25398
265866654,25400
265872861,25403
265879079,25400
265885271,25399
265891439,25406
265897646,25400
265903844,25403
265910040,25408
265921473,25406
265926906,25407
265933127,25406
265939944,25402
265946181,25401
265952318,25408
265958504,25404
265963696,25396
265969865,25403
265976053,25405
265982230,25407
265988403,25407
265994645,25398
266000781,25404
266006988,25395
266013163,25402
266019349,25405
266025590,25405
266031755,25402
266037947,25401
266044135,25400
266055698,25400
266061861,25405
266068070,25402
266074205,25402
266080336,25408
266086508,25402
266092702,25404
266097929,25401
266104119,25403
266110258,25396
266116494,25403
266122672,25398
266128825,25403
266135000,25400
266141214,25402
266147981,25402
266161069,25406
266167278,25405
266173523,25403
266184910,25409
266191060,25404
266196516,25407
266202714,25401
266208905,25410
266215149,25409
266221311,25412
266227533,25411
266233727,25409
266239923,25401
266246137,25405
266252306,25411
266258477,25405
266264654,25403
266270828,25399
266277025,25400
266283215,25400
266289350,25400
266295544,25400
266301795,25403
266308020,25401
266319471,25404
266325669,25407
266331136,25411
266337316,25410
266343514,25413
266349734,25408
266355893,25401
266362122,25409
266368249,25411
266374418,25406
266380627,25410
266386817,25404
266393004,25410
266399230,25405
266405434,25410
266411604,25407
266417817,25412
266424047,25416
266430209,25409
266436391,25412
266442556,25408
266453913,25409
266460070,25416
266465528,25405
266470748,25406
266476955,25410
266483173,25410
266489377,25412
266495582,25405
266501787,25404
266507252,25411
266513404,25413
266519553,25411
266525737,25410
266531912,25412
266538143,25417
266544307,25414
266550488,25410
266556683,25410
266562846,25409
266569059,25416
266575903,25414
266582153,25419
266588291,25413
266594495,25409
266599693,25405
266605119,25404
266611309,25407
266617495,25407
266623642,25410
266629862,25406
266636092,25408
266641337,25412
266647570,25411
266653737,25406
266659868,25412
266666046,25410
266672208,25406
266678358,25416
266684550,25411
266690718,25409
266696871,25410
266703093,25415
266709297,25413
266715486,25408
266721633,25408
266727777,25408
266733963,25409
266739425,25408
266745594,25403
266751792,25409
266757975,25404
266764200,25410
266770320,25406
266775561,25407
266781739,25410
266788578,25406
266794702,25409
266800861,25413
266807066,25406
266813260,25406
266819445,25412
266825628,25406
266831827,25408
266838061,25406
266844239,25411
266850405,25408
266856626,25410
266868170,25399
266873368,25409
266879594,25403
266885724,25411
266891863,25406
266898103,25404
266904275,25408
266910470,25402
266916643,25407
266922785,25409
266928965,25401
266935135,25409
266941312,25398
266947530,25406
266953705,25410
266959867,25407
266966041,25400
266972277,25405
266978545,25404
266984714,25404
266990874,25406
267003132,25398
267008343,25404
267013851,25401
267020079,25399
267026249,25401
267032454,25402
267038626,25406
267044799,25402
267050964,25402
267057145,25406
267063283,25405
267069432,25407
267075648,25409
267081854,25411
267088056,25399
267094245,25404
267100397,25404
267106615,25404
267112799,25407
267118943,25402
267125164,25404
267131311,25404
267137518,25400
267142700,25408
267148144,25408
267154345,25402
267160536,25407
267166737,25405
267172942,25404
267179151,25407
267185302,25399
267191437,25407
267197636,25404
267203824,25406
267210628,25404
267216849,25409
267223078,25410
267229269,25411
267235457,25409
267241636,25406
267247792,25403
267253998,25411
267260205,25407
267266350,25408
267277070,25408
267282536,25407
267288733,25405
267294937,25406
267301168,25409
267307340,25405
267313508,25405
267319672,25415
267325828,25410
267331002,25408
267337192,25413
267343370,25411
267349588,25410
267355770,25412
267361969,25408
267368163,25414
267374359,25412
267380543,25416
267386696,25415
267392882,25414
267405918,25415
267411197,25409
267417437,25414
267424301,25405
267430515,25413
267436675,25410
267442864,25413
267449060,25410
267455205,25412
267461400,25417
267467622,25418
267473770,25414
267479960,25413
267486159,25410
267492340,25410
267498598,25415
267504755,25414
267510928,25413
267517107,25413
267523281,25415
267529491,25406
267535657,25414
267546270,25414
267551741,25413
267557908,25408
267564133,25413
267570312,25413
267576515,25410
267582683,25410
267588863,25406
267595030,25410
267601243,25413
267607445,25407
267613651,25405
267619844,25409
267626041,25412
267632911,25415
267639148,25416
267645283,25414
267651449,25411
267657630,25411
267663832,25409
267670029,25414
267680815,25410
267686273,25411
267692449,25415
267698620,25408
267704836,25417
267711071,25406
267717265,25417
267723401,25414
267729606,25417
267735824,25411
267741029,25409
267747193,25413
267753377,25412
267759568,25405
267765701,25407
267771854,25407
267778035,25408
267784230,25409
267790405,25409
267796611,25412
267802723,25408
267808895,25410
267814357,25415
267820547,25410
267826756,25411
267832951,25414
267839174,25409
267845967,25409
267852161,25412
267858297,25417
267864504,25415
267870696,25406
267876897,25415
267883107,25411
267889270,25413
267895443,25413
267901620,25407
267907812,25407
267913938,25406
267920167,25401
267926337,25406
267932505,25410
267938683,25409
267944869,25406
267956261,25415
267961722,25415
267967877,25405
267974078,25413
267980272,25414
267986418,25414
267992584,25407
267998763,25412
268004931,25415
268011169,25412
268017312,25412
268023512,25411
268029681,25410
268035875,25417
268042093,25411
268048254,25418
268055073,25409
268061260,25415
268067430,25411
268073609,25410
268079820,25409
268090567,25415
268095996,25417
268102217,25414
268108344,25422
268114474,25415
268120664,25416
268126866,25416
268133071,25413
268139295,25413
268145510,25416
268151719,25415
268157897,25419
268164120,25415
268170262,25416
268176426,25418
268182613,25420
268188805,25423
268194960,25414
268201202,25419
268207321,25417
268213515,25418
268224226,25419
268229687,25419
268235890,25421
268242078,25424
268248248,25417
268254382,25423
268261197,25420
268267428,25420
268273649,25425
268279854,25418
268286067,25418
268292277,25417
268298481,25421
268304688,25417
268310873,25419
268317090,25417
268323291,25419
268329477,25423
268335634,25418
268341850,25419
268348064,25417
268358789,25422
268364228,25420
268370343,25421
268376483,25428
268382675,25423
268388840,25421
268395060,25426
268401256,25431
268407425,25421
268413615,25423
268419832,25422
268426066,25422
268432250,25422
268438429,25420
268444634,25424
268450812,25420
268456934,25414
268463169,25422
268469849,25421
268476069,25423
268482273,25424
268492975,25420
268498427,25422
268504634,25423
268510792,25419
268516978,25418
268523185,25421
268529331,25421
268535509,25425
268541722,25425
268547925,25415
268554157,25419
268560327,25417
268566511,25421
268572713,25419
268578903,25417
268585117,25420
268591268,25421
268597438,25419
268603617,25419
268609812,25421
268615966,25416
268626788,25417
268633031,25419
268639217,25413
268652258,25414
268658437,25425
268664702,25419
268670897,25416
268677123,25419
268683268,25424
268690170,25420
268696365,25419
268702572,25424
268707761,25420
268713958,25425
268720191,25421
268726357,25415
268732586,25420
268738789,25418
268744971,25421
268755661,25418
268761783,25418
268767936,25417
268774141,25411
268780335,25413
268786519,25417
268792688,25417
268798860,25412
268805031,25413
268811210,25417
268817379,25420
268823604,25418
268829774,25420
268835938,25408
268842125,25417
268848287,25422
268854479,25420
268860666,25423
268866799,25418
268873000,25418
268879219,25420
268885376,25413
268891618,25419
268898516,25419
268903989,25418
268910225,25418
268916421,25416
268922614,25417
268928802,25418
268934992,25422
268941194,25419
268947401,25419
268953575,25418
268959776,25428
268965963,25416
268972198,25424
268978357,25416
268983554,25420
268989707,25418
268995888,25421
269002059,25412
269008255,25419
269014521,25424
269025172,25425
269031349,25420
269036811,25421
269042988,25426
269049196,25425
269055375,25427
269061557,25418
269067740,25427
269073922,25427
269080175,25418
269086353,25420
269092537,25426
269098730,25426
269104925,25424
269111751,25425
269117906,25424
269124126,25425
269130325,25431
269136473,25425
269142653,25421
269148845,25419
269160266,25425
269166440,25422
269171915,25424
269178136,25425
269184293,25425
269190450,25422
269196583,25421
269202767,25422
269208948,25426
269215168,25421
269221350,25426
269227567,25432
269233778,25429
269239964,25426
269246197,25426
269252373,25430
269257617,25430
269263797,25433
269269986,25425
269276178,25425
269282366,25428
269288598,25432
269294740,25421
269300159,25425
269305373,25425
269311589,25423
269318338,25418
269324599,25422
269330783,25423
269336968,25427
269343205,25427
269349387,25429
269355608,25431
269361782,25431
269367967,25420
269374117,25424
269380305,25424
269386482,25428
269392680,25427
269398817,25425
269404980,25425
269411187,25427
269417340,25418
269423545,25421
269434171,25423
269439589,25421
269445778,25418
269451953,25425
269458177,25418
269464362,25422
269470525,25421
269476719,25416
269482886,25422
269489083,25413
269495251,25419
269501422,25423
269507627,25423
269513842,25428
269520059,25421
269526264,25420
269533127,25421
269539322,25420
269545503,25422
269551695,25420
269557912,25422
269568654,25419
269574789,25419
269580981,25422
269587217,25423
269593390,25423
269599611,25424
269605762,25418
269611916,25421
269618130,25420
269624301,25416
269630521,25423
269636667,25420
269642825,25414
269648969,25423
269655148,25418
269661304,25421
269667503,25419
269672944,25422
269679197,25418
269685347,25415
269691543,25422
269697728,25421
269702933,25418
269709105,25423
269714529,25417
269720685,25417
269726863,25410
269733077,25415
269739976,25418
269746203,25429
269752323,25421
269758494,25417
269764698,25420
269770888,25419
269777148,25418
269783326,25416
269789481,25426
269795675,25417
269801874,25413
269808086,25423
269814280,25420
269820452,25420
269826632,25419
269837411,25418
269843647,25427
269849058,25427
269855276,25425
269861471,25419
269867636,25426
269873830,25431
269880022,25424
269886216,25426
269899025,25419
269905212,25421
269911453,25422
269917669,25421
269923810,25426
269930009,25423
269936206,25424
269942396,25416
269947860,25421
269954619,25418
269960876,25423
269967120,25427
269973288,25423
269978485,25420
269984707,25420
269990902,25420
269997040,25422
270003218,25430
270009384,25423
270015633,25421
270021814,25421
270027948,25419
270034164,25422
270040331,25426
270046519,25432
270052697,25421
270058841,25425
270065030,25423
270071193,25425
270077355,25432
270082778,25424
270088954,25424
270095198,25425
270101361,25426
270106565,25430
270112756,25427
270118932,25435
270125081,25424
270131224,25430
270137441,25430
270143633,25430
270149790,25430
270155961,25426
270162658,25431
270168897,25425
270175096,25429
270181311,25427
270187503,25434
270193698,25431
270199801,25431
270206007,25427
270212210,25427
270217662,25421
270223869,25428
270230065,25426
270236270,25428
270247022,25433
270252409,25429
270258558,25426
270264707,25427
270270895,25427
270277102,25427
270283290,25431
270289463,25423
270295622,25424
270301838,25423
270308004,25421
270314261,25420
270320413,25423
270326567,25425
270332786,25424
270338954,25426
270345127,25429
270351298,25425
270357435,25428
270363614,25427
270369790,25426
270381156,25422
270386589,25427
270392756,25426
270398926,25427
270405139,25427
270411304,25425
270417528,25429
270423706,25427
270429914,25432
270436171,25424
270442363,25426
270448563,25424
270454750,25423
270460947,25427
270467144,25422
270473321,25423
270479472,25421
270485660,25420
270491859,25422
270498075,25423
270504303,25423
270515651,25418
270521041,25425
270527232,25424
270533388,25417
270539557,25420
270545731,25425
270551934,25422
270558125,25422
270564296,25418
270570463,25424
270576634,25416
270583351,25420
270589499,25421
270595698,25422
270601875,25412
270608056,25423
270614240,25418
270620488,25427
270625678,25417
270631857,25423
270638043,25421
270644229,25415
270650385,25425
270655855,25423
270662063,25424
270668260,25422
270674393,25418
270680602,25418
270686816,25421
270692961,25421
270699199,25417
270705357,25423
270711552,25418
270717722,25418
270723913,25421
270730113,25421
270736283,25420
270742413,25422
270748585,25421
270754747,25417
270760004,25420
270766201,25420
270772335,25427
270778561,25418
270784002,25418
270790212,25418
270797097,25422
270803278,25420
270809458,25421
270815669,25419
270821894,25420
270828085,25420
270834276,25419
270840457,25418
270846625,25416
270852819,25423
270858990,25423
270865207,25424
270871339,25421
270877517,25424
270883682,25425
270889909,25421
270895149,25425
270901328,25419
270907518,25415
270913725,25422
270919143,25425
270929789,25420
270935965,25424
270942192,25425
270948355,25425
270954531,25424
270960740,25415
270966966,25418
270973207,25424
270979347,25424
270985513,25426
270991677,25423
270997854,25421
271004614,25419
271010775,25418
271016964,25426
271023182,25423
271029319,25422
271035464,25421
271041637,25423
271047818,25422
271053001,25421
271064592,25423
271070789,25426
271076961,25417
271083200,25423
271089355,25424
271095497,25420
271101682,25426
271107885,25428
271114083,25422
271120303,25423
271126466,25423
271132658,25424
271145493,25425
271151735,25425
271157964,25425
271164184,25419
271170352,25427
271176586,25429
271182743,25427
271194318,25422
271199485,25418
271205664,25412
271211876,25419
271218648,25417
271224836,25416
271231034,25418
271237296,25422
271243459,25416
271249681,25419
271255786,25423
271261929,25419
271268116,25419
271274274,25419
271280480,25416
271286745,25423
271292886,25415
271299041,25418
271305230,25419
271311417,25421
271317642,25418
271328275,25412
271333684,25421
271339875,25415
271346082,25418
271352316,25420
271358467,25416
271364651,25414
271370866,25414
271377083,25410
271383319,25418
271389442,25419
271395637,25414
271401802,25415
271407977,25411
271414199,25416
271420417,25419
271426569,25417
271433357,25415
271439533,25413
271445703,25410
271451968,25413
271462708,25406
271468155,25415
271474335,25410
271480509,25408
271486700,25402
271492873,25412
271499077,25412
271505284,25417
271511434,25415
271517639,25407
271523830,25408
271530000,25412
271536207,25412
271542347,25411
271548572,25410
271554790,25411
271560956,25414
271567172,25409
271573345,25414
271578587,25406
271584746,25411
271590901,25412
271597119,25415
271602517,25409
271608669,25407
271614876,25414
271621084,25415
271627258,25412
271633448,25410
271640274,25411
271646441,25406
271652653,25401
271658824,25411
271664976,25413
271671194,25411
271677345,25410
271683528,25410
271689742,25400
271695928,25410
271702145,25415
271708298,25409
271713487,25407
271719692,25409
271725789,25409
271736444,25401
271742650,25405
271748813,25409
271754982,25407
271761174,25410
271767322,25404
271773505,25413
271779723,25408
271785855,25410
271792004,25407
271798165,25404
271804311,25411
271810478,25410
271816705,25413
271822844,25410
271829046,25409
271835250,25412
271841430,25412
271846923,25410
271853708,25408
271859934,25420
271865132,25409
271871316,25413
271876759,25408
271882973,25412
271889248,25409
271895468,25408
271901654,25413
271907834,25413
271914020,25410
271920226,25405
271926366,25405
271932504,25407
271938652,25408
271944864,25409
271951083,25413
271957294,25408
271963425,25411
271969588,25412
271975785,25407
271981955,25408
271988158,25410
271994313,25407
271999463,25408
272011130,25401
272017301,25411
272023475,25413
272029674,25410
272035860,25405
272042005,25411
272048221,25406
272054387,25402
272061168,25405
272067315,25404
272073469,25400
272079668,25403
272085873,25401
272092126,25404
272098338,25404
272104469,25401
272110667,25418
272116853,25406
272122058,25397
272128237,25404
272134394,25400
272146067,25401
272151275,25402
272157454,25398
272163665,25396
272169825,25397
272176036,25400
272182210,25397
272188363,25399
272194538,25402
272200712,25395
272206856,25398
272213010,25396
272219193,25400
272225357,25400
272231565,25393
272237749,25397
272243855,25399
272250053,25396
272256254,25400
272261705,25395
272267892,25396
272279900,25400
272285331,25398
272291475,25388
272297656,25393
272303833,25389
272309986,25394
272316198,25394
272322341,25395
272328517,25389
272334702,25393
272340890,25391
272347126,25391
272353299,25393
272359444,25393
272365613,25391
272371809,25391
272378001,25390
272390855,25397
272397067,25390
272403311,25393
272409420,25390
272414639,25388
272420794,25391
272426956,25390
272433150,25390
272439350,25388
272445580,25396
272451783,25395
272457934,25395
272464131,25386
272470294,25390
272476543,25390
272482744,25389
272489625,25389
272495808,25392
272502017,25390
272508259,25391
272514386,25394
272520590,25392
272526791,25391
272532938,25388
272538376,25392
272548965,25387
272555230,25394
272561380,25390
272567564,25398
272573747,25387
272579950,25387
272586172,25386
272592343,25390
272598481,25389
272604622,25393
272610839,25390
272617023,25385
272623237,25392
272629406,25390
272635598,25386
272641783,25387
272647998,25389
272654227,25389
272660356,25391
272666550,25390
272671725,25385
272677879,25383
272684072,25396
272690266,25392
272696994,25390
272703254,25389
272709413,25390
272715652,25393
272721802,25393
272728019,25389
272734142,25391
272740316,25388
272746487,25390
272752708,25392
272758866,25397
272765072,25387
272771255,25383
272777434,25397
272783662,25391
272789833,25387
272795965,25388
272802170,25391
272808349,25389
272819046,25382
272825244,25386
272831437,25387
272837678,25393
272843812,25389
272849978,25390
272856165,25384
272862334,25386
272868536,25387
272874737,25391
272880951,25388
272887166,25384
272893368,25384
272899576,25385
272906363,25385
272912611,25386
272918783,25389
272924967,25386
272931137,25381
272937331,25384
272942749,25387
272953376,25382
272959595,25381
272965829,25379
272972013,25379
272978228,25381
272984385,25379
272990550,25379
272996726,25374
273002937,25376
273009126,25377
273015334,25375
273021474,25376
273027655,25378
273033851,25381
273040060,25380
273046278,25380
273052414,25377
273058586,25378
273064748,25378
273070898,25376
273077057,25377
273086687,25372
273092075,25374
273098259,25377
273104369,25375
273110536,25379
273116718,25381
273123421,25369
273129593,25378
273135733,25374
273141916,25373
273148045,25372
273154256,25368
273160474,25370
273166659,25370
273172840,25369
273179018,25371
273185235,25372
273191386,25374
273197549,25372
273203730,25372
273209922,25368
273215150,25366
273225029,25371
273231232,25369
273237406,25367
273243613,25364
273249861,25370
273256035,25370
273262243,25363
273268347,25366
273274494,25367
273280637,25369
273286843,25363
273292979,25369
273299178,25362
273305359,25366
273311558,25370
273317768,25363
273323959,25369
273330759,25363
273336933,25368
273343134,25374
273349318,25374
273358963,25358
273365160,25362
273371377,25366
273377601,25366
273383763,25361
273389894,25367
273396066,25364
273402214,25366
273408400,25367
273414594,25364
273420770,25363
273426938,25357
273433153,25362
273439374,25366
273445595,25365
273451783,25358
273457919,25365
273464088,25362
273470293,25366
273476448,25363
273482692,25366
273492700,25366
273498835,25359
273504985,25365
273511190,25369
273517407,25364
273523592,25363
273529790,25365
273535956,25363
273542770,25366
273548937,25364
273555105,25363
273561287,25365
273567476,25361
273573700,25370
273579854,25361
273586033,25371
273592220,25366
273598424,25366
273604674,25359
273610824,25368
273616976,25368
273635248,25357
273641444,25365
273647629,25360
273653812,25363
273659989,25357
273666221,25361
273672399,25363
273678548,25369
273684714,25363
273690905,25362
273697122,25363
273703352,25362
273709515,25367
273715724,25367
273721944,25365
273728145,25366
273734294,25365
273740425,25361
273746629,25364
273758022,25357
273764224,25358
273769628,25357
273775805,25359
273781963,25357
273788153,25354
273794372,25356
273800550,25352
273806712,25358
273812896,25358
273819071,25354
273825235,25358
273831439,25354
273837616,25359
273843806,25351
273850032,25356
273856263,25358
273862398,25359
273868576,25350
273874742,25354
273880941,25360
273892387,25352
273897046,25350
273902276,25352
273908492,25351
273914716,25355
273920846,25359
273927058,25349
273933238,25349
273939434,25351
273945614,25344
273951791,25355
273957963,25349
273964667,25345
273970864,25352
273977082,25347
273983329,25349
273989558,25348
273995705,25352
274001824,25350
274007978,25348
274014206,25350
274020434,25346
274026666,25345
274031353,25347
274036506,25348
274042679,25349
274048904,25352
274055069,25340
274061212,25348
274067357,25350
274073558,25351
274079743,25349
274085911,25344
274092103,25342
274098314,25340
274104511,25344
274110713,25350
274116855,25339
274123068,25347
274129276,25349
274135427,25341
274141606,25339
274147769,25346
274153934,25347
274160141,25343
274169996,25344
274176779,25344
274182937,25339
274189155,25337
274195305,25345
274201458,25340
274207688,25344
274213852,25343
274220034,25345
274226206,25346
274232407,25339
274238608,25349
274244779,25336
274251031,25340
274257223,25341
274263410,25335
274269595,25341
274275769,25336
274281941,25344
274288109,25342
274294337,25345
274304238,25339
274310445,25343
274316688,25340
274322855,25341
274329037,25346
274335293,25339
274341487,25341
274347717,25339
274353922,25339
274360179,25342
274366459,25339
274372686,25339
274378912,25333
274385741,25340
274391967,25341
274398187,25343
274404375,25335
274410569,25334
274416784,25335
274422965,25336
274429156,25336
274439039,25338
274445246,25337
274450683,25342
274456883,25338
274463028,25340
274469227,25332
274475397,25335
274481545,25338
274487725,25343
274493932,25336
274500172,25336
274506407,25336
274512557,25341
274518746,25337
274524999,25334
274531263,25336
274537407,25330
274543559,25329
274549738,25339
274555925,25334
274562128,25337
274572932,25339
274579161,25337
274584612,25338
274590750,25331
274597453,25334
274603668,25338
274609962,25339
274616205,25337
274622428,25335
274628651,25336
274634911,25334
274641148,25338
274647308,25332
274653447,25332
274659615,25342
274665770,25330
274671970,25341
274678170,25335
274684367,25333
274690519,25332
274696710,25334
274707493,25331
274713706,25333
274719150,25328
274725359,25331
274731517,25338
274737694,25330
274743907,25335
274750076,25335
274756285,25330
274762460,25335
274768631,25334
274774834,25326
274781025,25329
274787271,25330
274793437,25333
274799625,25334
274806368,25336
274812540,25332
274818728,25332
274824965,25330
274831218,25338
274841958,25328
274848153,25330
274853593,25330
274859762,25328
274865978,25328
274878727,25320
274884917,25328
274891196,25329
274897378,25335
274903555,25333
274909732,25330
274915978,25322
274922208,25325
274928363,25329
274934521,25332
274940738,25331
274946985,25326
274953194,25328
274959363,25327
274970120,25325
274976323,25328
274982487,25325
274987971,25326
274993162,25321
274999348,25324
275005513,25325
275011705,25320
275017885,25323
275024700,25326
275030883,25324
275037051,25319
275043231,25318
275049410,25322
275055623,25328
275061855,25318
275068018,25321
275074178,25320
275080366,25323
275086589,25330
275092775,25326
275098943,25327
275109587,25325
275115826,25322
275121239,25325
275126424,25318
275132648,25323
275138748,25325
275144848,25327
275151064,25330
275157260,25320
275163438,25323
275169660,25327
275175835,25324
275182011,25328
275188232,25324
275194413,25318
275200594,25321
275206766,25319
275212989,25327
275219163,25328
275225343,25326
275232094,25317
275242783,25322
275248955,25316
275255129,25323
275260603,25322
275266787,25319
275273006,25319
275279154,25321
275285347,25326
275291471,25321
275297666,25317
275303843,25325
275310009,25325
275316268,25320
275322458,25322
275328610,25322
275334804,25324
275340954,25323
275347133,25320
275353325,25317
275359484,25320
275365675,25323
275376430,25325
275382651,25328
275388817,25322
275394262,25322
275399436,25323
275405621,25323
275411753,25323
275417981,25327
275424180,25324
275430334,25322
275436542,25321
275443397,25327
275449670,25329
275455823,25327
275461977,25329
275468155,25326
275474313,25327
275480481,25322
275486713,25325
275492890,25323
275499054,25321
275505253,25325
275515886,25323
275522114,25315
275528317,25321
275533747,25319
275539930,25322
275546137,25316
275552344,25325
275558479,25323
275564670,25323
275570849,25320
275577013,25318
275583239,25319
275589392,25320
275595527,25318
275601676,25316
275607842,25320
275614001,25325
275620240,25317
275626392,25320
275632565,25320
275638749,25317
275649492,25316
275656297,25321
275662481,25312
275667947,25317
275674175,25314
275680360,25321
275686549,25313
275692736,25312
275698951,25316
275705158,25315
275711360,25315
275717512,25312
275723690,25314
275729908,25314
275736072,25316
275742286,25315
275748435,25315
275754657,25313
275760843,25308
275767042,25306
275773294,25315
275784000,25307
275790211,25309
275796391,25311
275801843,25313
275808019,25310
275813212,25312
275819406,25308
275825600,25308
275831769,25306
275837989,25309
275844155,25305
275850351,25311
275856544,25307
275863388,25314
275869605,25311
275875787,25308
275881978,25306
275888195,25307
275894405,25311
275900634,25309
275906851,25307
275917505,25305
275923738,25316
275929879,25303
275936015,25314
275941493,25306
275947653,25312
275953836,25307
275960029,25308
275966262,25310
275972418,25307
275978559,25307
275984743,25305
275990954,25309
275997146,25306
276003347,25305
276009548,25313
276015708,25306
276021929,25313
276028178,25305
276034379,25303
276040513,25309
276051259,25309
276057454,25309
276063703,25309
276069843,25311
276075863,25311
276082043,25313
276087501,25308
276093671,25308
276099820,25307
276106016,25307
276112202,25311
276125014,25309
276131231,25309
276137483,25311
276143713,25309
276149892,25307
276156052,25309
276162257,25315
276168511,25313
276174729,25312
276185405,25313
276191680,25310
276197842,25311
276204015,25311
276210168,25310
276216387,25312
276222588,25314
276228787,25313
276234920,25315
276241115,25307
276247311,25308
276253458,25309
276259665,25314
276265822,25312
276271956,25302
276278106,25308
276284309,25308
276291068,25306
276297275,25314
276303498,25307
276309703,25309
276320339,25310
276326513,25317
276332755,25309
276338928,25313
276344367,25315
276350578,25315
276356777,25310
276362940,25315
276369164,25307
276375368,25310
276381536,25318
276387726,25315
276393933,25315
276400156,25308
276406310,25310
276412461,25314
276418638,25308
276424798,25313
276430952,25317
276437170,25311
276443370,25312
276454079,25312
276460306,25311
276466520,25312
276472736,25307
276478856,25304
276484307,25308
276490440,25309
276496622,25303
276503380,25304
276509553,25307
276515750,25299
276521926,25303
276528100,25308
276534320,25307
276540496,25313
276546675,25308
276552835,25305
276558999,25308
276565242,25301
276571411,25303
276577574,25308
276588307,25303
276594473,25310
276600657,25315
276606798,25312
276612952,25302
276618358,25311
276624481,25307
276630625,25306
276636835,25308
276643014,25306
276649222,25309
276655405,25305
276661595,25303
276667778,25309
276673959,25307
276680108,25308
276686310,25311
276692479,25303
276698670,25305
276704868,25301
276711646,25302
276722382,25311
276728580,25303
276734814,25307
276740982,25304
276747183,25301
276752612,25303
276758785,25313
276764993,25307
276770198,25307
276776397,25306
276782614,25307
276788799,25306
276794951,25306
276801149,25302
276807303,25301
276813454,25303
276819649,25299
276825819,25299
276832034,25306
276838232,25308
276844454,25305
276850677,25297
276856838,25304
276863006,25296
276869159,25306
276875348,25303
276881506,25306
276887723,25300
276893859,25306
276900038,25298
276905435,25303
276911618,25304
276918375,25305
276924588,25306
276930761,25297
276936923,25302
276943086,25302
276949307,25306
276955466,25307
276961668,25296
276967864,25300
276974095,25306
276980299,25299
276986497,25305
276997250,25310
277003397,25310
277009570,25310
277015744,25305
277021923,25305
277028125,25311
277034350,25310
277039789,25307
277045946,25311
277052165,25308
277058354,25310
277064531,25311
277070695,25310
277076838,25303
277082985,25308
277089174,25308
277095381,25303
277101580,25306
277107762,25311
277113981,25311
277120212,25313
277131561,25309
277137745,25308
277143917,25313
277150067,25309
277156291,25309
277162475,25308
277168718,25314
277174134,25312
277180356,25306
277186516,25308
277192738,25307
277198913,25310
277205085,25314
277211285,25310
277217423,25309
277223583,25309
277229800,25314
277236007,25310
277242235,25317
277248439,25310
277254629,25304
277265414,25306
277271606,25309
277277791,25311
277283971,25303
277290150,25311
277296349,25307
277302542,25310
277308753,25308
277314875,25309
277321067,25316
277327271,25313
277333419,25307
277340192,25306
277346399,25311
277352603,25308
277358810,25310
277371595,25312
277377831,25307
277384075,25304
277394712,25301
277400872,25302
277407089,25305
277413273,25304
277419444,25306
277425637,25304
277431818,25304
277437979,25306
277444186,25314
277450408,25310
277456613,25311
277462824,25307
277468986,25308
277475147,25307
277481340,25313
277487487,25312
277493718,25310
277499868,25306
277506048,25306
277512221,25316
277518418,25310
277529056,25306
277535236,25305
277541411,25302
277547585,25300
277554369,25299
277560590,25305
277566825,25304
277572982,25305
277578420,25301
277584657,25306
277590804,25305
277597034,25300
277603294,25304
277609456,25306
277615635,25304
277621833,25305
277628005,25295
277634255,25308
277640426,25301
277646627,25305
277652814,25305
277658054,25302
277664271,25303
277670458,25302
277676705,25302
277682861,25303
277689035,25306
277695213,25297
277701431,25297
277707612,25302
277712396,25303
277718517,25301
277724719,25299
277730893,25293
277737049,25299
277743230,25300
277749432,25301
277755541,25306
277761707,25303
277768491,25302
277774739,25310
277780932,25303
277787117,25307
277792365,25307
277803996,25304
277810212,25307
277816387,25302
277822522,25304
277828701,25307
277834879,25307
277841109,25303
277846363,25297
277851788,25304
277857992,25306
277864248,25307
277870419,25307
277876568,25303
277882732,25304
277888936,25306
277895103,25306
277901341,25309
277907427,25310
277913586,25306
277919776,25316
277925989,25311
277931230,25308
277942886,25309
277949082,25307
277955272,25305
277961461,25304
277967660,25310
277973875,25307
277980598,25309
277985023,25310
277991234,25307
277997443,25305
278003630,25309
278009774,25306
278015948,25311
278022186,25309
278028378,25311
278034541,25308
278040754,25309
278046962,25307
278053124,25305
278059329,25312
278064535,25311
278076246,25307
278082443,25309
278088633,25310
278094812,25307
278100985,25316
278107223,25309
278113387,25311
278118549,25306
278123959,25314
278130193,25307
278136417,25310
278142567,25316
278148747,25316
278154940,25313
278161134,25307
278167332,25307
278173495,25312
278179643,25309
278185850,25310
278192597,25310
278198771,25314
278210195,25312
278216413,25311
278222625,25308
278228864,25306
278235050,25312
278241278,25307
278247428,25311
278252890,25306
278258397,25315
278264522,25309
278270695,25311
278276888,25311
278283060,25313
278289242,25303
278295450,25309
278301643,25302
278307794,25314
278313987,25313
278320190,25308
278326375,25305
278332529,25302
278337766,25304
278343908,25301
278350124,25304
278356337,25307
278362539,25307
278368726,25308
278374898,25308
278381064,25302
278387275,25307
278393446,25305
278400274,25309
278406459,25304
278412646,25305
278418846,25308
278425020,25305
278431189,25305
278437394,25304
278443615,25302
278449834,25309
278456001,25303
278462173,25306
278468369,25303
278473797,25301
278485171,25301
278491347,25311
278497544,25304
278503731,25305
278509888,25300
278516050,25313
278522245,25309
278527680,25300
278533892,25309
278540079,25306
278546308,25300
278552486,25302
278558671,25310
278564883,25305
278571085,25304
278577315,25303
278583516,25308
278589715,25310
278595918,25309
278602089,25303
278614810,25310
278621010,25307
278627286,25309
278633436,25307
278639610,25301
278645803,25311
278652019,25306
278657260,25314
278663441,25308
278668863,25306
278675086,25309
278681311,25301
278687440,25307
278693637,25306
278699811,25304
278706003,25301
278712191,25308
278718391,25309
278724575,25305
278730735,25309
278736916,25306
278743093,25311
278754514,25311
278760727,25310
278766894,25316
278773043,25310
278779232,25313
278785430,25307
278790911,25312
278797139,25309
278803394,25311
278809561,25308
278815728,25311
278821856,25307
278828556,25311
278834766,25311
278840961,25312
278847184,25307
278853411,25317
278859591,25308
278865809,25308
278872001,25309
278877199,25317
278888794,25315
278894984,25315
278901134,25312
278907344,25308
278913501,25315
278919700,25314
278925893,25317
278932053,25319
278938301,25317
278943482,25311
278949654,25313
278955817,25314
278961961,25313
278968130,25315
278974369,25320
278980600,25310
278986828,25313
278992969,25310
278999161,25314
279005380,25312
279010825,25311
279022224,25316
279028406,25313
279035170,25309
279041402,25311
279047606,25313
279053809,25316
279059999,25319
279066127,25309
279072333,25308
279078523,25315
279084765,25318
279090901,25312
279097055,25309
279103240,25310
279109419,25311
279115615,25310
279121819,25311
279127973,25315
279134160,25314
279140368,25304
279145781,25311
279157168,25308
279163374,25311
279169546,25312
279175738,25305
279181874,25308
279188074,25304
279194267,25304
279199716,25301
279205937,25303
279212098,25307
279218339,25311
279223540,25308
279229754,25303
279235884,25310
279242041,25314
279248828,25308
279254956,25312
279261125,25314
279267360,25308
279273550,25305
279279733,25313
279291314,25315
279297496,25315
279303673,25309
279309858,25307
279316051,25307
279322274,25305
279328466,25307
279333683,25314
279339879,25313
279346034,25301
279352211,25307
279357602,25308
279363785,25310
279369959,25312
279376197,25307
279382390,25314
279388552,25301
279394690,25315
279400908,25309
279407088,25312
279413285,25310
279419449,25306
279425577,25308
279431768,25305
279437929,25309
279444087,25308
279450308,25315
279457156,25306
279463411,25311
279468585,25307
279474790,25313
279480910,25309
279487050,25309
279492477,25312
279498667,25311
279504854,25307
279511056,25313
279517253,25316
279523416,25310
279529546,25314
279535770,25312
279541945,25303
279548130,25313
279553388,25313
279564982,25306
279571217,25311
279577427,25302
279583610,25306
279589798,25311
279595995,25309
279602198,25311
279607433,25304
279613610,25309
279619807,25306
279625940,25314
279631381,25309
279637517,25311
279643716,25312
279649939,25313
279656117,25312
279662322,25308
279669211,25307
279675387,25316
279681557,25318
279687718,25312
279693945,25311
279700132,25311
279706358,25307
279712532,25305
279718703,25313
279724871,25309
279731058,25313
279737272,25306
279743428,25309
279749581,25312
279755750,25315
279761964,25318
279768134,25317
279774347,25311
279780523,25317
279786703,25313
279792889,25310
279799062,25313
279805306,25313
279811474,25317
279817670,25312
279823834,25313
279834530,25315
279840753,25314
279846955,25311
279860001,25315
279866202,25315
279872477,25317
279878698,25314
279885456,25311
279891624,25319
279896860,25315
279903027,25311
279909228,25316
279915451,25311
279921600,25316
279927859,25317
279934031,25319
279940243,25321
279946404,25318
279952581,25317
279963193,25314
279969354,25320
279975541,25316
279981807,25311
279987969,25308
279994165,25313
280000391,25314
280006577,25318
280012027,25315
280018223,25312
280024404,25316
280030575,25310
280036128,25314
280042364,25314
280048551,25318
280054711,25317
280060894,25315
280067104,25311
280073350,25315
280079518,25315
280085710,25316
280092493,25314
280098666,25311
280104817,25308
280111021,25310
280117200,25304
280123426,25316
280129579,25313
280135806,25318
280142020,25315
280147204,25313
280153396,25310
280159540,25312
280165762,25315
280171156,25310
280177370,25306
280183520,25312
280189684,25315
280195848,25313
280202039,25312
280208249,25315
280214399,25310
280220546,25312
280226737,25314
280231937,25315
280238146,25318
280244335,25308
280250538,25316
280256782,25313
280262941,25310
280269137,25308
280275341,25308
280280732,25317
280286920,25318
280293068,25314
280299266,25311
280305435,25310
280311618,25308
280317806,25309
280324006,25314
280330206,25306
280336423,25308
280342553,25308
280348766,25312
280354964,25309
280361123,25309
280366375,25308
280372549,25309
280378761,25310
280384899,25314
280391043,25316
280397224,25310
280403436,25308
280409592,25308
280415046,25311
280421230,25313
280427427,25305
280433554,25309
280439760,25316
280445979,25315
280452172,25314
280458368,25311
280464527,25315
280470716,25317
280476880,25308
280483067,25314
280489227,25311
280495423,25316
280500609,25312
280512880,25316
280519092,25309
280525341,25316
280531525,25315
280537693,25318
280543899,25309
280550089,25313
280556290,25315
280562438,25316
280568619,25313
280574821,25312
280580029,25316
280586246,25309
280592457,25313
280598667,25302
280604891,25313
280611066,25314
280617251,25314
280623417,25314
280629597,25314
280635064,25314
280646428,25316
280652660,25318
280658863,25320
280665032,25322
280671257,25317
280677432,25319
280683625,25318
280689082,25312
280695312,25316
280701467,25312
280707646,25319
280713813,25315
280719039,25317
280725809,25323
280731947,25324
280738117,25311
280744338,25315
280750482,25316
280756673,25313
280762852,25315
280769056,25317
280775246,25313
280781418,25324
280787587,25318
280793790,25323
280799957,25318
280806166,25321
280812394,25318
280818547,25322
280824036,25320
280830180,25321
280836389,25319
280842508,25317
280848692,25318
280853902,25316
280860087,25318
280866291,25318
280872476,25316
280878684,25321
280884859,25315
280890959,25314
280897112,25319
280903292,25315
280908739,25322
280920182,25313
280926406,25318
280933147,25324
280939355,25323
280945536,25315
280951769,25322
280957943,25315
280964093,25319
280970279,25316
280976477,25319
280982664,25317
280988105,25321
280994356,25315
281000570,25312
281006769,25320
281012963,25315
281019153,25315
281025358,25311
281031511,25310
281037657,25318
281042880,25317
281054494,25313
281060627,25320
281066790,25321
281073015,25317
281079226,25317
281085403,25326
281091523,25325
281104370,25319
281110524,25320
281116780,25322
281121974,25321
281128218,25320
281134441,25317
281140683,25317
281146877,25322
281153657,25313
281159829,25317
281165955,25319
281172153,25319
281183761,25315
281189987,25315
281196222,25325
281202447,25315
281208620,25318
281214823,25312
281220998,25317
281227171,25321
281232390,25320
281238534,25316
281244755,25314
281250943,25318
281256382,25315
281262549,25323
281268745,25316
281274943,25317
281281133,25314
281287369,25315
281293533,25314
281299713,25314
281305843,25321
281316594,25314
281322789,25317
281328998,25321
281335200,25318
281341361,25313
281347555,25317
281353763,25322
281360509,25321
281366763,25317
281372924,25315
281379104,25318
281385328,25321
281390809,25321
281397007,25313
281403252,25316
281409424,25324
281415632,25325
281421822,25320
281428019,25320
281434193,25326
281440407,25318
281451136,25312
281457330,25318
281463508,25323
281469724,25324
281475929,25317
281482111,25315
281488254,25317
281494431,25317
281500646,25319
281506853,25320
281513001,25322
281519190,25312
281525349,25315
281531550,25316
281537777,25317
281543954,25322
281550118,25318
281556293,25316
281562469,25318
281569221,25317
281575450,25321
281586086,25319
281592246,25323
281598431,25324
281604666,25320
281610852,25323
281617019,25319
281623200,25324
281629419,25327
281635595,25327
281641811,25322
281647221,25325
281653450,25323
281659611,25327
281664842,25325
281671022,25319
281677193,25324
281683396,25321
281689551,25327
281695758,25330
281701890,25323
281708008,25327
281714245,25326
281719710,25321
281725932,25321
281732138,25329
281738371,25323
281744533,25321
281750714,25321
281756841,25325
281763035,25320
281769298,25324
281775448,25324
281781540,25321
281787753,25325
281793974,25325
281799177,25318
281805356,25327
281811534,25320
281817774,25323
281823946,25327
281830120,25327
281836338,25321
281842536,25322
281848745,25320
281854184,25326
281860386,25318
281866531,25317
281872712,25320
281878902,25319
281885110,25314
281891299,25318
281897491,25323
281903668,25318
281909892,25319
281915105,25318
281921265,25323
281927462,25319
281932915,25319
281939102,25321
281945357,25322
281951518,25326
281957653,25324
281963827,25319
281970008,25329
281976207,25321
281982385,25325
281987581,25321
281994390,25318
282000597,25322
282006844,25322
282013020,25326
282019220,25320
282025389,25318
282031558,25321
282037786,25315
282043983,25320
282050146,25326
282056362,25322
282062565,25322
282068037,25319
282074274,25311
282080450,25313
282086548,25315
282092688,25318
282098838,25317
282105024,25314
282111190,25318
282117394,25319
282122572,25323
282134241,25319
282140471,25320
282146636,25318
282152769,25314
282158959,25319
282165097,25311
282171295,25322
282177469,25319
282183624,25315
282189834,25314
282196005,25318
282202773,25319
282208960,25311
282215164,25321
282221367,25317
282227518,25318
282233686,25320
282239871,25322
282246047,25324
282252174,25318
282257372,25317
282269049,25316
282275292,25320
282281483,25314
282287584,25320
282293740,25319
282299902,25324
282306044,25315
282312267,25312
282318491,25318
282324655,25323
282329877,25318
282336076,25319
282348877,25317
282355081,25318
282361323,25314
282367496,25317
282373723,25321
282379877,25317
282385318,25315
282391514,25320
282397725,25325
282403938,25322
282410116,25319
282416359,25318
282423294,25326
282429460,25320
282435640,25319
282441833,25322
282448023,25321
282454190,25325
282459430,25327
282465649,25314
282471861,25322
282478007,25325
282484221,25325
282490362,25326
282496557,25318
282502742,25316
282508886,25322
282515011,25325
282520476,25327
282526636,25328
282538025,25324
282544205,25324
282550415,25331
282556598,25326
282562809,25323
282568939,25323
282575084,25323
282581270,25331
282587430,25325
282592844,25329
282599062,25325
282605275,25329
282611454,25327
282617592,25328
282622800,25323
282629541,25327
282635819,25324
282641950,25324
282648124,25326
282654295,25326
282660468,25327
282672137,25326
282678376,25330
282684530,25329
282690714,25325
282696901,25329
282703069,25334
282709248,25328
282715459,25327
282721649,25328
282727832,25320
282734003,25321
282740175,25331
282746362,25322
282752514,25320
282757710,25323
282763890,25331
282770052,25323
282776233,25324
282782402,25326
282788575,25327
282794035,25328
282800214,25330
282806411,25325
282812528,25326
282818744,25324
282824940,25319
282831124,25326
282837365,25330
282844208,25325
282850438,25327
282856589,25327
282862795,25331
282868056,25325
282874232,25324
282880428,25323
282886624,25321
282892071,25318
282898282,25320
282904467,25318
282910629,25324
282916826,25315
282923034,25324
282928235,25319
282934460,25324
282940670,25321
282946880,25328
282952996,25330
282959163,25326
282965368,25325
282971564,25318
282977804,25326
282983927,25330
282990087,25323
282996302,25326
283001696,25320
283007865,25318
283014067,25325
283020274,25319
283026484,25322
283032646,25325
283038791,25326
283044986,25326
283051796,25318
283058015,25325
283063253,25318
283069448,25315
283081064,25324
283087266,25320
283093457,25324
283099592,25330
283105771,25331
283111961,25327
283118145,25326
283124380,25323
283130544,25326
283136746,25321
283142958,25327
283149136,25326
283155343,25320
283161470,25326
283166703,25325
283172905,25322
283179016,25319
283185188,25323
283191392,25321
283197589,25325
283203798,25331
283215465,25329
283221634,25324
283227774,25322
283233955,25326
283240143,25322
283246372,25324
283252548,25319
283258695,25327
283265480,25326
283271669,25321
283276875,25327
283283062,25323
283289209,25325
283295385,25330
283301567,25334
283307793,25326
283313965,25326
283320167,25325
283326377,25324
283332579,25319
283338011,25321
283344225,25319
283350462,25333
283356599,25329
283362780,25321
283369014,25323
283375169,25322
283381401,25328
283387537,25322
283393705,25325
283399835,25322
283406012,25325
283411184,25332
283417382,25333
283423547,25327
283429749,25327
283435924,25322
283441363,25328
283447531,25327
283453716,25326
283459907,25332
283466111,25325
283472264,25331
283478519,25328
283489832,25329
283495950,25327
283502117,25333
283508317,25331
283514474,25329
283520732,25326
283526942,25333
283533103,25325
283539344,25335
283544777,25333
283550984,25328
283557144,25327
283563344,25323
283569509,25335
283575635,25330
283580826,25332
283593585,25323
283599802,25333
283605282,25324
283611522,25326
283622942,25323
283629121,25322
283635312,25322
283641481,25327
283647704,25316
283653937,25326
283660101,25322
283666303,25322
283672495,25328
283677959,25324
283684142,25322
283690936,25324
283697088,25323
283703283,25325
283709468,25323
283715595,25314
283721818,25323
283728015,25324
283734228,25327
283739505,25325
283745706,25327
283757504,25321
283763698,25318
283769905,25319
283776045,25319
283782218,25330
283788367,25322
283794533,25322
283800722,25320
283806922,25322
283812342,25318
283818502,25324
283824663,25323
283830849,25321
283837030,25325
283843221,25315
283848445,25323
283854623,25327
283860847,25316
283867019,25326
283872445,25321
283878602,25315
283884780,25325
283890953,25319
283897126,25318
283903995,25325
283910161,25319
283916401,25314
283922564,25318
283928766,25312
283934974,25316
283941142,25318
283946379,25323
283952583,25318
283958836,25316
283965012,25318
283971200,25322
283977400,25325
283982867,25318
283989071,25320
283995277,25319
284001516,25322
284006680,25325
284012864,25322
284019039,25323
284030631,25319
284036810,25320
284042993,25318
284049213,25326
284055420,25322
284061552,25323
284067729,25326
284073970,25319
284080176,25324
284086405,25317
284092576,25325
284098712,25327
284104863,25320
284111588,25323
284116815,25325
284122929,25322
284129100,25326
284135290,25326
284141509,25322
284147720,25319
284153939,25321
284165602,25316
284171775,25317
284177941,25324
284184141,25322
284190328,25318
284196501,25317
284202713,25320
284208889,25326
284215074,25328
284220302,25318
284226471,25325
284232643,25318
284238830,25318
284244986,25321
284251159,25324
284257365,25327
284263538,25321
284269755,25319
284275930,25322
284281333,25321
284287483,25326
284293663,25328
284299827,25334
284305972,25324
284312159,25328
284318371,25322
284325225,25322
284331441,25328
284337591,25325
284343762,25323
284349980,25319
284355205,25321
284361391,25317
284367547,25321
284373727,25326
284379899,25332
284386087,25320
284391510,25323
284397672,25319
284403862,25325
284410078,25324
284415269,25326
284421496,25321
284427694,25321
284433897,25320
284440024,25321
284446212,25314
284452406,25318
284458593,25316
284464816,25326
284470991,25323
284477176,25320
284483399,25318
284489624,25326
284495832,25320
284502003,25319
284508199,25314
284514368,25322
284520590,25325
284526806,25324
284533643,25323
284539882,25319
284546037,25322
284551479,25317
284557678,25316
284563804,25326
284575233,25319
284581405,25323
284587598,25325
284593833,25317
284600050,25324
284606238,25324
284612484,25324
284618744,25320
284624886,25319
284630235,25312
284636451,25323
284642578,25322
284648749,25319
284654966,25317
284661179,25321
284667387,25313
284673539,25320
284679699,25317
284684894,25322
284691033,25319
284697211,25320
284708850,25318
284715050,25318
284721279,25322
284727475,25313
284733655,25322
284739846,25323
284746584,25314
284752777,25314
284758986,25323
284764174,25314
284770363,25313
284776512,25317
284782711,25312
284788886,25317
284795078,25317
284801258,25321
284807471,25318
284813632,25312
284819106,25317
284825288,25314
284831445,25319
284844228,25318
284850514,25318
284856726,25315
284862917,25317
284869056,25322
284875297,25316
284881466,25312
284887646,25318
284893127,25320
284899360,25317
284905489,25317
284911679,25315
284917830,25314
284924005,25313
284930226,25319
284936467,25323
284941664,25311
284947877,25314
284954053,25319
284960849,25317
284967006,25325
284978533,25321
284984667,25314
284990841,25325
284997048,25328
285003213,25322
285009442,25318
285015588,25317
285021748,25320
285027935,25321
285034170,25315
285040399,25316
285046547,25323
285052742,25317
285058933,25322
285065093,25321
285071331,25320
285076567,25320
285082803,25320
285088268,25326
285094489,25315
285100659,25322
285111999,25324
285118183,25320
285124398,25321
285130610,25320
285136846,25318
285143030,25320
285149223,25325
285155407,25317
285161590,25323
285167714,25319
285173940,25325
285180112,25322
285186250,25322
285192443,25317
285198595,25320
285204838,25320
285210241,25324
285216462,25318
285222662,25321
285228824,25319
285234996,25324
285246389,25324
285252511,25325
285258715,25321
285264941,25324
285271099,25326
285277296,25322
285283490,25318
285289713,25317
285295931,25318
285301367,25323
285307494,25322
285313664,25324
285319825,25317
285326016,25318
285332207,25321
285338448,25326
285344593,25324
285350739,25321
285356938,25320
285362157,25316
285368365,25315
285374556,25319
285381349,25316
285387564,25323
285393795,25319
285400000,25315
285406212,25315
285412450,25313
285418626,25312
285424873,25323
285431092,25323
285436574,25320
285442743,25316
285448926,25310
285455106,25314
285461353,25315
285467556,25318
285473686,25314
285479866,25311
285485098,25315
285491297,25319
285496740,25312
285502911,25317
285509056,25312
285520452,25317
285526645,25312
285532870,25310
285539022,25313
285545217,25313
285551424,25312
285557655,25316
285563880,25315
285570118,25316
285576368,25313
285582522,25317
285589281,25318
285595553,25312
285601783,25307
285607979,25311
285614149,25310
285620403,25311
285626590,25315
285632028,25306
285638177,25315
285644445,25311
285655812,25311
285662008,25308
285668217,25318
285674431,25313
285680619,25309
285686850,25308
285693014,25313
285699178,25316
285705385,25311
285710833,25309
285717074,25309
285723317,25303
285729497,25316
285735632,25313
285741783,25318
285747967,25317
285754163,25312
285759332,25306
285765547,25315
285771757,25314
285777940,25310
285789522,25313
285795664,25315
285802429,25306
285808608,25312
285814826,25312
285821060,25313
285827244,25314
285833501,25321
285839674,25310
285844859,25310
285851064,25317
285857258,25311
285863462,25307
285869656,25309
285875859,25316
285882051,25303
285888228,25310
285893662,25310
285899814,25319
285904989,25313
285911154,25305
285917351,25309
285923515,25314
285929767,25307
285935963,25306
285942126,25317
285948311,25313
285954498,25308
285960733,25313
285966937,25312
285973123,25307
285979318,25321
285985486,25317
285991669,25318
285997883,25309
286004017,25313
286010794,25314
286017010,25311
286023197,25308
286028623,25312
286034800,25306
286040004,25318
286046164,25314
286052369,25318
286063995,25319
286070183,25307
286076432,25310
286089265,25319
286095511,25309
286101736,25316
286107941,25319
286114109,25315
286120339,25314
286126505,25315
286132641,25319
286138843,25319
286145067,25318
286151309,25317
286157529,25311
286163677,25317
286168878,25322
286175033,25314
286181240,25318
286192850,25311
286199043,25310
286205211,25305
286211403,25307
286217582,25312
286223787,25312
286230532,25308
286236680,25300
286242805,25302
286248981,25307
286254157,25305
286260359,25312
286266576,25312
286272796,25313
286278945,25314
286285125,25310
286291329,25315
286297545,25312
286303739,25307
286309935,25311
286316107,25308
286327718,25307
286333909,25308
286340079,25308
286346269,25315
286352454,25311
286358607,25307
286364792,25308
286370978,25304
286377181,25309
286383390,25310
286388604,25308
286394792,25311
286400975,25305
286407155,25301
286413350,25305
286419534,25310
286425738,25306
286431940,25308
286438629,25307
286444124,25303
286450326,25304
286461695,25303
286467939,25303
286474131,25306
286480358,25303
286486547,25300
286492766,25302
286498927,25306
286505053,25305
286511208,25303
286517382,25298
286522825,25305
286528983,25301
286535177,25302
286541394,25302
286547576,25306
286553771,25306
286559930,25296
286566098,25299
286572238,25300
286577508,25302
286583669,25308
286589848,25306
286601437,25301
286607580,25300
286613737,25304
286619944,25306
286626155,25303
286632328,25306
286638531,25301
286644690,25309
286651475,25304
286656643,25309
286662868,25302
286669022,25302
286675218,25300
286681443,25300
286687664,25304
286693893,25298
286700057,25302
286706227,25302
286712425,25301
286718603,25302
286724819,25301
286730955,25303
286737120,25305
286743267,25302
286749444,25310
286755648,25301
286761861,25298
286768037,25298
286774217,25304
286780391,25308
286786516,25299
286791947,25304
286798130,25301
286804318,25306
286810515,25304
286816671,25310
286822842,25304
286829063,25304
286835225,25302
286841444,25304
286846609,25304
286852816,25306
286859546,25301
286871218,25304
286877450,25306
286883610,25303
286889764,25301
286895949,25305
286902150,25306
286908344,25300
286914518,25305
286920742,25303
286925914,25301
286932088,25305
286938329,25301
286944494,25298
286950643,25302
286956890,25299
286963029,25301
286969205,25302
286975403,25303
286980848,25303
286986991,25302
286993190,25304
286999441,25302
287005609,25312
287011793,25301
287017974,25302
287024148,25300
287030337,25304
287036515,25304
287042682,25304
287048827,25304
287055007,25301
287060220,25305
287066412,25302
287073206,25299
287079420,25300
287085590,25303
287091820,25305
287097988,25302
287104139,25301
287110375,25298
287115773,25304
287121947,25303
287128133,25301
287133356,25302
287145011,25297
287151207,25296
287157445,25301
287163607,25305
287169781,25297
287175952,25296
287182135,25298
287188336,25302
287194545,25302
287199722,25304
287205921,25298
287212052,25299
287218265,25304
287224425,25295
287230610,25302
287236845,25298
287242995,25298
287249162,25302
287254598,25299
287260786,25298
287266988,25299
287272238,25299
287284563,25295
287290723,25299
287296917,25295
287303094,25298
287309315,25299
287315514,25298
287321641,25298
287334482,25293
287340749,25299
287346968,25295
287353191,25292
287359387,25296
287365550,25292
287371722,25290
287377907,25298
287383120,25296
287389270,25293
287395454,25295
287400907,25290
287412427,25301
287418597,25293
287424817,25298
287430990,25305
287437164,25298
287443345,25301
287449563,25305
287455766,25298
287461948,25299
287467340,25297
287473532,25303
287479697,25298
287485863,25294
287492039,25295
287498225,25296
287505098,25297
287511262,25299
287516503,25293
287522672,25299
287528872,25298
287535044,25301
287545692,25298
287551938,25298
287558153,25297
287564362,25297
287570538,25297
287576705,25295
287582917,25298
287589078,25300
287595250,25301
287601492,25299
287607685,25296
287613877,25298
287620018,25293
287626221,25299
287632440,25299
287638621,25303
287644825,25291
287650971,25293
287657110,25295
287663251,25297
287669456,25297
287674895,25297
287681085,25300
287687245,25301
287693481,25295
287699649,25298
287705809,25303
287712562,25298
287718704,25299
287724918,25298
287731108,25299
287736326,25302
287742491,25304
287748713,25301
287754940,25300
287761088,25295
287767346,25294
287773517,25300
287779683,25302
287785885,25300
287791323,25301
287797516,25303
287803693,25299
287808888,25298
287820487,25302
287826603,25302
287832818,25303
287839003,25297
287845182,25296
287851359,25296
287857538,25299
287863694,25297
287869910,25297
287876086,25295
287882261,25299
287888490,25294
287894635,25295
287900808,25301
287906972,25296
287913141,25300
287919357,25298
287925205,25296
287931430,25302
287937639,25300
287943896,25298
287955485,25297
287961595,25297
287967746,25297
287973909,25290
287980124,25291
287986342,25292
287992532,25295
287998707,25289
288004904,25291
288010126,25284
288016323,25293
288022536,25295
288028708,25288
288034924,25289
288041079,25296
288047255,25288
288053462,25298
288059649,25299
288065884,25301
288072051,25293
288078215,25298
288088901,25287
288095057,25289
288101260,25288
288107446,25285
288113581,25289
288119822,25290
288125970,25290
288132737,25284
288139008,25292
288144427,25289
288150621,25294
288156802,25289
288162997,25290
288169186,25291
288175402,25289
288181567,25289
288187742,25293
288193914,25284
288200108,25286
288206278,25287
288212515,25290
288223106,25285
288229298,25287
288235494,25292
288241670,25282
288247875,25281
288254022,25286
288260193,25285
288266362,25289
288272530,25288
288278728,25286
288284933,25293
288291112,25286
288297289,25283
288303485,25289
288309660,25283
288315883,25288
288322048,25288
288328200,25285
288333666,25289
288339857,25289
288346630,25290
288357310,25291
288363500,25286
288369669,25282
288375888,25287
288381990,25278
288388176,25292
288394378,25291
288400533,25288
288406699,25284
288412899,25285
288418327,25286
288424583,25284
288430757,25288
288436936,25286
288443100,25291
288449282,25285
288455470,25294
288461620,25291
288467786,25290
288473971,25286
288480161,25290
288486377,25285
288497035,25291
288503218,25293
288509391,25295
288515540,25284
288521651,25285
288527803,25285
288534007,25292
288540184,25288
288546398,25289
288553231,25294
288559501,25284
288565644,25291
288578474,25291
288584690,25283
288590918,25291
288597096,25288
288602301,25291
288608501,25291
288614704,25288
288625710,25296
288631905,25293
288638121,25297
288644337,25292
288650540,25292
288656715,25291
288662865,25295
288669071,25292
288675235,25296
288681480,25296
288687660,25288
288693841,25294
288700058,25291
288706228,25293
288712462,25290
288718628,25284
288724804,25284
288730927,25287
288737109,25292
288743297,25295
288749547,25295
288760173,25290
288766383,25294
288773211,25295
288779407,25290
288785597,25291
288791787,25290
288797999,25288
288804178,25292
288810361,25290
288816541,25297
288822793,25292
288828281,25289
288834519,25292
288840690,25289
288846848,25282
288853042,25289
288859214,25293
288865387,25288
288871565,25294
288876747,25296
288882939,25287
288894540,25289
288900666,25284
288906840,25291
288912984,25292
288919170,25290
288925393,25282
288931567,25291
288937706,25285
288943892,25288
288950086,25284
288956276,25288
288961516,25284
288967768,25288
288973959,25287
288980816,25291
288986989,25292
288993094,25286
288999299,25286
289005484,25283
289010909,25285
289017083,25290
289028470,25292
289034648,25286
289040895,25285
289047034,25288
289053189,25290
289059331,25284
289065540,25281
289071703,25295
289077915,25289
289084037,25288
289090231,25286
289096419,25289
289102584,25285
289108793,25281
289115012,25280
289121155,25286
289127355,25286
289133559,25290
289139786,25287
289145233,25285
289151431,25290
289162895,25282
289169055,25287
289174522,25290
289180636,25290
289186763,25286
289193587,25285
289199728,25280
289205912,25289
289212062,25290
289218238,25282
289224450,25285
289230610,25282
289235797,25283
289241983,25287
289248127,25286
289254302,25290
289260458,25283
289266617,25286
289272808,25287
289279003,25284
289284455,25286
289290620,25287
289302009,25291
289308189,25291
289313578,25287
289319718,25283
289325909,25287
289332084,25292
289338241,25292
289344485,25292
289350638,25287
289356809,25292
289363006,25291
289369182,25285
289374377,25284
289380574,25290
289386807,25291
289393024,25293
289399736,25292
289406014,25290
289412185,25290
289417662,25290
289423886,25283
289435288,25287
289441465,25288
289446896,25295
289453069,25298
289459220,25293
289465381,25297
289471553,25296
289477690,25291
289483894,25294
289490089,25293
289496292,25298
289502524,25292
289507670,25288
289513856,25296
289520040,25294
289526213,25297
289532415,25283
289538566,25287
289544773,25284
289550991,25290
289557137,25286
289563316,25286
289569525,25289
289575679,25293
289581905,25288
289588053,25284
289594223,25287
289600419,25287
289606595,25292
289613376,25295
289619571,25292
289625784,25282
289632000,25288
289638114,25286
289643540,25289
289649691,25294
289655866,25289
289662043,25288
289668207,25288
289674430,25291
289680606,25284
289686758,25289
289691971,25288
289698152,25291
289709761,25285
289715932,25282
289722117,25290
289728306,25295
289734501,25289
289740660,25284
289746858,25289
289753044,25284
289759219,25289
289765418,25294
289771588,25292
289776773,25291
289782983,25288
289789140,25289
289795323,25289
289801504,25289
289807684,25293
289820465,25285
289827323,25286
289839059,25280
289845268,25284
289851483,25286
289857648,25292
289863827,25285
289870021,25281
289876225,25287
289882433,25287
289888612,25285
289894799,25288
289900962,25285
289906203,25283
289912384,25281
289918600,25284
289924800,25289
289930999,25288
289937154,25285
289943342,25278
289949534,25287
289955698,25283
289961173,25289
289972564,25280
289978790,25290
289984980,25283
289991111,25291
289997273,25289
290003427,25286
290009601,25293
290015795,25293
290021992,25284
290028205,25284
290034413,25285
290040384,25286
290046599,25286
290052754,25288
290058915,25285
290065087,25282
290071253,25285
290077494,25285
290083693,25291
290089902,25288
290095096,25291
290101248,25294
290107446,25284
290113615,25285
290119807,25289
290125960,25284
290132107,25288
290137573,25287
290143735,25287
290149912,25286
290156160,25292
290162370,25288
290168585,25296
290174798,25295
290180984,25285
290187187,25275
290193390,25289
290199554,25289
290205765,25285
290211998,25286
290218204,25277
290224431,25289
290229620,25284
290235839,25289
290247480,25289
290254311,25295
290260512,25290
290266663,25285
290272834,25288
290279058,25290
290285227,25291
290291429,25293
290297638,25291
290303877,25288
290310083,25293
290315269,25296
290321476,25287
290327684,25296
290333905,25288
290340049,25296
290346208,25293
290352403,25291
290358631,25291
290364066,25288
290370229,25293
290381673,25289
290387884,25284
290394009,25293
290400178,25291
290406346,25290
290412533,25296
290418714,25293
290424917,25291
290431126,25295
290437283,25290
290443517,25295
290448957,25294
290455134,25294
290461903,25291
290468075,25293
290474231,25290
290480470,25293
290486624,25294
290492795,25292
290497966,25294
290504098,25292
290510274,25299
290516473,25294
290522667,25284
290528861,25286
290535040,25291
290541211,25286
290547409,25287
290552880,25292
290559053,25286
290565211,25287
290571452,25286
290577598,25289
290583741,25284
290589932,25288
290596119,25288
290602272,25291
290608477,25285
290614625,25287
290620791,25285
290626965,25282
290632223,25285
290638408,25290
290644583,25293
290650760,25286
290656926,25283
290663119,25287
290669868,25286
290676073,25289
290682205,25284
290688424,25286
290694644,25284
290700844,25284
290707009,25287
290713154,25287
290719341,25287
290724761,25287
290730921,25285
290737068,25289
290743255,25288
290749504,25283
290755687,25287
290761860,25291
290767067,25285
290773244,25287
290779418,25287
290791002,25288
290797173,25289
290803394,25279
290809608,25283
290815817,25284
290822033,25287
290828204,25285
290834392,25289
290840589,25289
290846708,25292
290852880,25289
290858070,25285
290864225,25281
290870420,25289
290876603,25287
290883463,25288
290889641,25285
290895828,25284
290901295,25289
290907517,25284
290913669,25288
290925036,25294
290931187,25288
290937328,25291
290943556,25295
290949729,25292
290955946,25287
290962088,25289
290968280,25290
290974478,25288
290980667,25286
290986862,25286
290992270,25288
290998457,25287
291004583,25286
291010747,25286
291016924,25287
291023102,25287
291029272,25289
291035482,25291
291041650,25291
291047797,25286
291065782,25287
291071994,25294
291078221,25288
291084451,25286
291090621,25284
291097441,25289
291103673,25287
291109944,25286
291116069,25291
291121477,25291
291127614,25296
291133821,25289
291139975,25287
291146171,25293
291152376,25286
291158567,25286
291164748,25293
291169974,25287
291176074,25288
291182254,25290
291188442,25293
291194594,25290
291200762,25292
291206929,25288
291213079,25292
291219260,25291
291225467,25301
291231660,25293
291237867,25286
291244083,25295
291250254,25295
291256462,25287
291262665,25293
291268874,25294
291275045,25292
291281252,25299
291287406,25290
291293591,25294
291299835,25294
291305321,25291
291312181,25294
291318373,25290
291329785,25297
291335992,25292
291342129,25296
291348276,25298
291354473,25299
291360657,25293
291366870,25297
291373062,25299
291379219,25297
291384616,25296
291390769,25299
291395962,25295
291402115,25291
291408282,25297
291414471,25294
291420654,25296
291426874,25296
291433044,25291
291439206,25296
291445410,25293
291451557,25291
291463183,25290
291469387,25297
291475577,25288
291481757,25288
291487941,25291
291494162,25293
291500373,25296
291506603,25292
291512811,25300
291519627,25288
291525791,25286
291531019,25292
291537217,25289
291543394,25287
291549625,25286
291555844,25284
291562032,25283
291568210,25283
291574402,25291
291579819,25290
291585979,25281
291597344,25284
291603540,25289
291609700,25290
291615944,25287
291622105,25293
291628284,25298
291634501,25288
291640714,25281
291646914,25288
291653064,25287
291659248,25288
291664635,25288
291670781,25289
291676965,25289
291683162,25289
291689387,25289
291695627,25291
291701784,25285
291707968,25285
291713180,25283
291719347,25286
291725550,25277
291732346,25285
291738543,25289
291744710,25293
291750945,25292
291757152,25286
291763332,25279
291769512,25289
291775705,25289
291781934,25292
291788099,25293
291794288,25290
291799681,25289
291805829,25286
291812005,25287
291818223,25289
291824422,25284
291830617,25287
291836833,25286
291843038,25290
291848264,25285
291854464,25285
291860631,25286
291872294,25291
291878504,25292
291884663,25285
291890852,25290
291897095,25291
291903306,25292
291909560,25291
291915701,25290
291921862,25286
291928065,25299
291934257,25294
291940333,25292
291946590,25294
291952721,25291
291958884,25285
291965055,25289
291971254,25293
291977494,25297
291982678,25294
291988892,25283
291995056,25286
292006612,25287
292012757,25296
292018955,25289
292025145,25295
292031332,25298
292037556,25290
292043706,25297
292049903,25293
292056060,25294
292062245,25290
292068482,25293
292073681,25292
292079106,25290
292085287,25292
292091500,25292
292097659,25293
292103860,25296
292110045,25292
292116248,25293
292122439,25289
292128635,25299
292134771,25295
292140945,25301
292147178,25297
292153981,25294
292160197,25296
292166411,25294
292172613,25298
292178788,25296
292184944,25299
292191158,25300
292197332,25298
292203551,25299
292208712,25294
292214162,25298
292220330,25296
292226542,25295
292232698,25293
292238861,25294
292245070,25296
292251235,25301
292256469,25295
292262654,25299
292268855,25295
292275070,25300
292281289,25297
292287529,25294
292293723,25297
292299935,25301
292312973,25300
292319202,25294
292325425,25295
292331607,25298
292337767,25301
292342216,25301
292348387,25299
292354576,25294
292360674,25298
292367465,25296
292373682,25302
292379920,25302
292386098,25298
292392312,25298
292398532,25301
292409926,25292
292416114,25297
292422350,25297
292428566,25293
292434780,25292
292440963,25298
292447072,25291
292453279,25293
292459481,25297
292465658,25294
292471863,25299
292476649,25300
292482815,25295
292488998,25295
292495215,25298
292501401,25298
292507621,25295
292513822,25294
292520037,25295
292526229,25298
292532438,25295
292543835,25295
292550005,25291
292556218,25292
292562427,25292
292568611,25290
292575435,25295
292581664,25291
292587861,25293
292594026,25287
292600204,25288
292606422,25293
292611220,25295
292617416,25297
292623618,25292
292629807,25295
292635958,25293
292642126,25290
292648317,25297
292654504,25297
292659706,25294
292665933,25292
292672069,25293
292678222,25294
292684371,25291
292690595,25292
292696817,25291
292703031,25287
292709183,25289
292715355,25290
292721547,25295
292727725,25292
292733920,25294
292740050,25288
292745451,25294
292750992,25285
292757195,25292
292763412,25289
292769608,25298
292775732,25293
292781910,25292
292788632,25286
292793810,25291
292800026,25290
292806153,25291
292812301,25284
292818494,25295
292824660,25294
292830859,25296
292837046,25293
292843156,25293
292849360,25299
292855552,25288
292861728,25295
292867951,25291
292874058,25289
292879416,25294
292884952,25288
292891142,25295
292897307,25292
292903508,25292
292909658,25290
292915850,25287
292922018,25289
292928202,25292
292934395,25291
292940584,25292
292946745,25289
292958137,25296
292964318,25295
292970539,25292
292976746,25301
292982960,25302
292989133,25292
292995937,25297
293002100,25291
293008283,25294
293013704,25287
293019893,25292
293026123,25291
293032301,25297
293038546,25295
293044734,25286
293050908,25296
293057082,25296
293063277,25295
293068524,25295
293074689,25295
293080914,25300
293092527,25293
293098684,25292
293104855,25297
293111034,25297
293117225,25298
293123386,25295
293129574,25296
293135696,25300
293141854,25299
293147064,25291
293153207,25293
293159416,25290
293165620,25294
293171767,25287
293177995,25295
293184227,25290
293190451,25290
293196616,25292
293203455,25300
293209681,25296
293215908,25293
293227635,25297
293233852,25291
293240045,25293
293246241,25289
293252440,25295
293258616,25294
293264738,25289
293270925,25287
293277104,25294
293282316,25294
293288531,25293
293294724,25286
293300225,25300
293306438,25299
293312674,25296
293318858,25291
293325056,25292
293331254,25289
293337431,25288
293342640,25289
293348833,25294
293355044,25292
293361237,25290
293367463,25298
293373668,25292
293379901,25290
293386048,25291
293392195,25288
293398354,25292
293404534,25293
293410680,25295
293416720,25291
293422890,25293
293429089,25289
293435273,25293
293441519,25288
293447696,25288
293453849,25292
293460003,25291
293466211,25290
293472459,25293
293477680,25289
293483934,25288
293490102,25293
293501738,25289
293507937,25293
293514090,25284
293520236,25281
293526483,25284
293532647,25286
293538740,25285
293544914,25282
293557707,25284
293563976,25288
293570234,25288
293576384,25288
293582594,25284
293588776,25280
293595006,25286
293601202,25284
293606603,25292
293612741,25284
293618924,25288
293630907,25294
293637108,25287
293643247,25290
293649447,25282
293655617,25285
293661815,25293
293668042,25293
293674237,25289
293680390,25288
293685854,25287
293692012,25291
293698209,25291
293704417,25287
293710639,25288
293716786,25288
293722942,25278
293729103,25289
293735285,25288
293740466,25290
293746660,25287
293752873,25287
293759059,25292
293765227,25292
293771404,25288
293777585,25294
293783782,25293
293789973,25296
293796159,25296
293802338,25288
293808500,25293
293814658,25291
293820159,25291
293826333,25292
293832562,25295
293838724,25291
293845610,25290
293850827,25289
293857038,25297
293863147,25290
293869294,25290
293875484,25294
293881649,25299
293887828,25292
293894021,25293
293905635,25293
293911771,25294
293917969,25288
293924162,25291
293930302,25293
293936546,25299
293942677,25298
293948815,25293
293954994,25297
293961178,25289
293967376,25294
293973577,25292
293979678,25294
293985808,25296
293991989,25292
293998180,25292
294004368,25296
294010604,25289
294015788,25294
294021986,25289
294028131,25294
294039701,25288
294045887,25292
294052660,25290
294058812,25289
294064987,25300
294071178,25291
294077324,25296
294083559,25289
294089774,25290
294094943,25294
294101093,25288
294107273,25297
294113430,25294
294119613,25291
294125784,25288
294131991,25293
294138176,25287
294144343,25289
294149795,25289
294155978,25285
294162176,25292
294173582,25292
294179728,25289
294185943,25294
294192098,25296
294198281,25291
294204490,25284
294210644,25290
294216794,25291
294222993,25289
294228377,25288
294234615,25286
294240797,25282
294246990,25289
294253196,25289
294259367,25294
294266154,25289
294272343,25283
294278546,25284
294283812,25289
294289972,25288
294296141,25290
294302357,25288
294308584,25281
294314767,25282
294320969,25279
294327114,25275
294333249,25279
294339429,25285
294345607,25282
294351809,25276
294358024,25280
294363415,25288
294369628,25279
294375795,25280
294381991,25281
294388204,25278
294394360,25283
294400568,25283
294405754,25285
294411980,25287
294418161,25285
294424295,25281
294430492,25276
294436701,25281
294448354,25277
294454568,25278
294460709,25283
294466866,25279
294473631,25280
294479811,25275
294486004,25279
294492206,25282
294497384,25281
294503591,25281
294509792,25277
294516035,25278
294522180,25277
294528379,25281
294534580,25285
294540762,25279
294546953,25278
294553153,25274
294558584,25282
294564740,25277
294570920,25281
294582339,25282
294588539,25277
294594693,25279
294600872,25282
294607100,25275
294613258,25282
294619439,25281
294625639,25288
294631811,25281
294638039,25281
294644197,25278
294650400,25278
294656567,25279
294662732,25281
294668926,25285
294675058,25279
294681774,25278
294688036,25282
294693452,25286
294699656,25283
294705755,25283
294717128,25275
294723308,25279
294729523,25274
294735707,25279
294741901,25278
294748097,25272
294754273,25276
294760448,25274
294766660,25275
294772142,25279
294778288,25282
294784489,25273
294790629,25276
294803373,25277
294809612,25281
294815755,25281
294820997,25281
294826403,25285
294832640,25273
294838822,25275
294850255,25275
294856471,25277
294862645,25280
294868896,25273
294875069,25275
294881221,25271
294887443,25276
294893625,25282
294900384,25284
294905884,25284
294912095,25280
294918246,25277
294924498,25276
294930672,25281
294936896,25283
294943070,25282
294949249,25274
294954442,25283
294959896,25279
294966053,25286
294972227,25281
294983654,25276
294989886,25285
294996077,25283
295002215,25284
295008392,25286
295014576,25284
295020784,25282
295026986,25276
295033161,25283
295038621,25276
295044827,25278
295051002,25283
295057193,25283
295063412,25279
295069642,25277
295075770,25279
295081916,25287
295088103,25276
295093337,25290
295099510,25274
295105723,25283
295112526,25280
295118728,25275
295124959,25276
295131107,25271
295137282,25274
295143419,25275
295149590,25279
295155786,25275
295162006,25277
295168174,25274
295173639,25270
295179828,25281
295186007,25276
295192187,25276
295198356,25275
295204538,25281
295210715,25283
295216878,25279
295223064,25276
295228326,25275
295233741,25272
295239938,25281
295246115,25272
295252303,25267
295258564,25266
295264689,25269
295270859,25261
295277047,25270
295282804,25270
295288749,25274
295294972,25268
295301231,25268
295307476,25271
295313641,25273
295319848,25268
295326701,25271
295332864,25266
295339031,25267
295345254,25261
295351450,25262
295357648,25268
295362838,25273
295368295,25271
295374497,25267
295380674,25273
295392016,25269
295398196,25267
295404385,25266
295410572,25264
295416763,25266
295422981,25262
295429131,25263
295435284,25264
295441491,25268
295446917,25264
295453116,25267
295459288,25266
295465479,25265
295471647,25266
295477769,25263
295483931,25267
295490153,25269
295496380,25262
295501606,25268
295507794,25260
295514004,25265
295520177,25265
295526333,25265
295533025,25258
295539225,25264
295545374,25259
295551549,25261
295557739,25260
295563953,25265
295570137,25257
295576305,25260
295581751,25259
295587932,25262
295594057,25255
295600236,25264
295606430,25262
295612643,25262
295618782,25259
295624960,25255
295631111,25263
295636317,25260
295642549,25263
295648745,25258
295654918,25259
295666563,25260
295672739,25263
295678950,25259
295685131,25256
295691307,25255
295697500,25254
295703664,25260
295709841,25252
295716031,25255
295722205,25260
295728390,25254
295734602,25262
295740723,25255
295747540,25256
295753712,25256
295759865,25254
295766043,25267
295771250,25261
295776663,25257
295782823,25257
295788991,25256
295795131,25258
295801271,25256
295807481,25253
295813650,25258
295819800,25263
295825987,25258
295832181,25260
295838339,25255
295844570,25260
295850733,25250
295855910,25258
295862085,25256
295868200,25258
295874356,25254
295880566,25253
295886762,25260
295893002,25261
295899177,25254
295905366,25253
295911548,25253
295917754,25261
295924000,25259
295930101,25259
295941676,25260
295947799,25260
295954616,25257
295960805,25251
295966955,25259
295973160,25256
295979355,25259
295985559,25253
295990752,25256
295996946,25251
296003104,25257
296009230,25256
296015391,25258
296021612,25250
296027794,25248
296034031,25254
296047074,25254
296053336,25251
296059585,25251
296070969,25249
296077170,25254
296083326,25248
296089526,25254
296095743,25254
296101943,25245
296108159,25253
296114361,25249
296119811,25248
296126050,25242
296132210,25255
296138377,25250
296144588,25250
296150742,25253
296156900,25250
296163068,25244
296169897,25251
296175116,25249
296181303,25251
296187571,25252
296193757,25247
296205381,25251
296211594,25246
296217684,25242
296223816,25246
296229984,25244
296236219,25249
296242391,25245
296248612,25238
296254799,25246
296260943,25251
296267165,25252
296273378,25248
296279601,25246
296285754,25239
296291965,25242
296298181,25245
296304388,25245
296309617,25246
296315798,25238
296322013,25238
296327448,25238
296338799,25238
296345004,25250
296351149,25240
296357298,25246
296363546,25238
296369755,25235
296375949,25241
296382772,25239
296388998,25236
296395156,25241
296401341,25237
296407506,25243
296413695,25246
296419906,25247
296426111,25241
296432262,25245
296438492,25241
296443915,25241
296450129,25238
296456329,25238
296462504,25243
296473920,25237
296480073,25241
296486227,25234
296492401,25240
296498589,25240
296504731,25237
296510934,25240
296517113,25245
296523315,25242
296528737,25244
296534891,25241
296541106,25239
296547277,25240
296553482,25236
296559662,25237
296565842,25234
296572022,25235
296577223,25240
296583426,25239
296590188,25236
296596424,25233
296607383,25235
296613583,25236
296619767,25238
296625949,25239
296632125,25240
296638356,25239
296644580,25235
296650743,25243
296656933,25238
296663128,25245
296669303,25246
296675545,25245
296681710,25245
296687867,25241
296694036,25244
296700244,25232
296706504,25240
296711716,25239
296717968,25242
296724145,25235
296730316,25239
296736487,25238
296747072,25241
296753225,25238
296759374,25237
296765579,25236
296771769,25239
296778004,25239
296784169,25244
296790406,25241
296796637,25243
296802765,25239
296808956,25239
296815137,25240
296821332,25244
296827580,25239
296833757,25242
296839967,25234
296846159,25242
296852326,25239
296858576,25238
296864729,25239
296870939,25237
296881557,25234
296887714,25233
296893839,25234
296900019,25234
296906198,25238
296912359,25235
296918594,25237
296924797,25230
296930977,25233
296937189,25234
296943324,25233
296949563,25234
296955761,25231
296961920,25232
296968103,25226
296974342,25236
296980596,25231
296985785,25236
296991989,25233
296998150,25235
297004309,25226
297016571,25223
297022740,25231
297028989,25224
297035207,25222
297041444,25217
297047698,25223
297053918,25221
297060135,25217
297066294,25223
297072439,25226
297077827,25224
297084020,25225
297090225,25228
297096415,25227
297102660,25218
297108803,25222
297115017,25222
297120233,25218
297126430,25225
297132630,25223
297138763,25228
297150363,25220
297156595,25222
297162730,25217
297168907,25223
297175087,25218
297181311,25219
297187544,25217
297193680,25215
297199851,25218
297206049,25216
297211284,25220
297217487,25218
297224186,25217
297230398,25212
297236575,25219
297242752,25218
297248981,25218
297255173,25215
297261333,25216
297267539,25214
297273690,25215
297291916,25208
297298138,25215
297304394,25211
297310659,25214
297316829,25214
297323049,25222
297329279,25215
297335493,25214
297340699,25215
297346903,25214
297353091,25210
297359265,25211
297365493,25212
297371701,25207
297377926,25217
297384105,25211
297389529,25212
297395689,25210
297401850,25210
297413195,25216
297419404,25212
297425607,25207
297431781,25208
297438628,25210
297444902,25212
297451115,25207
297457309,25215
297463473,25207
297469625,25210
297475081,25205
297481236,25210
297487438,25208
297493642,25206
297499838,25211
297505987,25210
297512214,25209
297518400,25209
297523641,25204
297529820,25205
297536050,25209
297547694,25211
297553853,25217
297560028,25210
297566193,25215
297572365,25211
297578584,25212
297584772,25212
297590980,25211
297597164,25211
297603336,25213
297609547,25211
297615717,25207
297621878,25208
297628060,25212
297634229,25216
297640424,25211
297646617,25209
297653510,25217
297658724,25215
297664911,25209
297671122,25212
297682689,25208
297688841,25213
297695006,25210
297701196,25216
297706400,25213
297712612,25209
297718817,25211
297725050,25216
297731209,25215
297737374,25211
297743573,25213
297749030,25210
297755223,25207
297761358,25219
297767588,25208
297773789,25215
297779968,25213
297786188,25215
297792369,25211
297797610,25221
297803746,25212
297809963,25215
297816114,25216
297822245,25211
297828383,25208
297834597,25212
297840771,25205
297846991,25213
297853164,25208
297859952,25208
297866139,25205
297872285,25206
297878456,25206
297883898,25205
297890096,25211
297896286,25205
297902488,25209
297908708,25208
297914893,25202
297921106,25204
297927283,25207
297933467,25202
297939685,25205
297945819,25209
297957154,25197
297963352,25200
297969589,25199
297975758,25202
297981214,25201
297987369,25198
297993615,25200
297999718,25200
298005881,25199
298012046,25210
298018219,25194
298024401,25196
298030650,25198
298036792,25202
298042967,25198
298049150,25201
298055318,25193
298061514,25198
298066703,25201
298073558,25197
298079753,25198
298091375,25193
298097603,25196
298103825,25188
298110003,25196
298116194,25191
298122360,25196
298128598,25198
298134742,25194
298140901,25193
298147083,25192
298153282,25197
298158443,25196
298164622,25195
298170786,25197
298177028,25188
298183189,25187
298189371,25201
298195536,25195
298201688,25188
298207899,25197
298214120,25193
298225732,25191
298231926,25182
298238110,25185
298244310,25191
298250546,25188
298256715,25190
298262861,25186
298269024,25197
298275201,25192
298281984,25192
298288185,25193
298293386,25193
298299604,25191
298305754,25187
298311940,25187
298318141,25187
298324337,25192
298330544,25187
298336723,25185
298342130,25192
298348298,25195
298359696,25186
298365877,25189
298372063,25193
298378199,25190
298384381,25190
298390595,25183
298396800,25186
298403004,25188
298409184,25189
298415352,25191
298421507,25191
298426959,25186
298433118,25190
298439302,25194
298445504,25190
298451720,25190
298457867,25188
298464050,25189
298470247,25188
298475469,25186
298481667,25191
298487907,25191
298494768,25191
298501013,25188
298507177,25184
298513337,25181
298519547,25192
298532323,25189
298538572,25189
298544818,25188
298551079,25184
298556468,25182
298562685,25180
298568860,25187
298575096,25195
298581337,25182
298587564,25183
298593738,25185
298599901,25193
298605145,25190
298611286,25187
298617479,25189
298629157,25180
298635364,25187
298641540,25183
298647717,25181
298653899,25180
298660075,25189
298666281,25180
298671509,25185
298677660,25182
298683828,25185
298690029,25183
298695468,25184
298701699,25186
298707922,25184
298714702,25181
298720882,25180
298727064,25179
298733271,25187
298739433,25177
298745632,25180
298751865,25176
298763296,25179
298769477,25177
298775688,25177
298781906,25181
298788112,25175
298794250,25178
298800424,25179
298806614,25176
298812760,25176
298818950,25173
298825104,25179
298831233,25181
298837406,25178
298843617,25178
298849802,25181
298856053,25181
298862196,25174
298868390,25169
298874613,25177
298880042,25181
298886226,25176
298897612,25172
298903794,25174
298910068,25168
298916264,25172
298923064,25178
298929213,25174
298935347,25173
298941525,25171
298946963,25174
298953192,25171
298959415,25169
298965631,25172
298971821,25170
298978017,25170
298984250,25169
298990451,25169
298996652,25171
299002841,25176
299009050,25169
299014209,25171
299020397,25172
299026588,25160
299032771,25169
299038953,25165
299045194,25168
299051362,25168
299057556,25172
299063742,25171
299069954,25165
299076126,25169
299082292,25181
299088460,25165
299094628,25169
299100062,25162
299106268,25166
299112426,25172
299118678,25169
299124866,25169
299131780,25172
299137985,25173
299144200,25167
299149388,25178
299155590,25167
299161764,25171
299173429,25170
299179654,25170
299185873,25170
299192033,25168
299198237,25165
299204395,25169
299210602,25173
299216769,25167
299222895,25166
299229069,25160
299234305,25172
299240521,25172
299246698,25162
299252884,25162
299259064,25164
299265205,25166
299271349,25165
299277500,25171
299282932,25167
299289093,25167
299295284,25166
299306708,25162
299312930,25163
299319135,25165
299325277,25170
299331463,25172
299337645,25167
299344449,25167
299350651,25163
299356825,25164
299363046,25166
299368499,25168
299374705,25163
299380884,25165
299387073,25168
299393275,25163
299399482,25167
299405706,25171
299411837,25176
299417026,25173
299423188,25174
299429352,25166
299441006,25170
299447164,25165
299453347,25170
299459551,25169
299465724,25169
299471872,25165
299478047,25171
299484223,25173
299490361,25169
299496502,25168
299501709,25172
299507126,25165
299513291,25168
299519529,25167
299525715,25170
299531921,25167
299538089,25163
299544278,25168
299550500,25166
299557341,25168
299563528,25169
299569736,25161
299575911,25166
299582080,25165
299588268,25171
299594424,25157
299600636,25165
299606814,25161
299612990,25163
299619174,25160
299625357,25160
299631588,25167
299636792,25158
299642267,25165
299648451,25161
299654687,25164
299660891,25164
299667094,25169
299673263,25166
299679411,25152
299685629,25163
299690834,25166
299697059,25163
299703237,25163
299709392,25160
299715608,25156
299721756,25159
299727963,25159
299734135,25165
299740279,25158
299746472,25157
299752684,25156
299758882,25157
299765764,25159
299777765,25158
299784023,25160
299790255,25156
299796536,25151
299802726,25155
299808985,25157
299815205,25159
299820666,25152
299826846,25154
299833066,25162
299844544,25150
299850725,25150
299856919,25147
299863137,25153
299869312,25154
299875513,25153
299881687,25155
299887867,25155
299894083,25155
299900246,25157
299906398,25152
299912603,25152
299918766,25147
299924977,25152
299931201,25155
299937378,25150
299943571,25148
299949751,25152
299955171,25147
299961380,25155
299967588,25155
299979666,25152
299985900,25156
299992107,25152
299998312,25152
300004510,25146
300010717,25151
300016912,25146
300023104,25149
300029302,25150
300034799,25157
300040993,25151
300046210,25158
300052402,25149
300058650,25149
300064840,25145
300071087,25152
300077209,25147
300083408,25147
300089563,25150
300095720,25145
300101882,25153
300108096,25145
300114218,25149
300120389,25150
300126602,25149
300132810,25152
300139081,25152
300145164,25152
300151271,25146
300157430,25140
300163611,25148
300169810,25151
300176052,25152
300181484,25152
300187710,25150
300194596,25150
300200787,25149
300206951,25164
300213102,25154
300219298,25154
300225503,25150
300230751,25152
300236942,25156
300243180,25152
300254848,25152
300261028,25152
300267186,25148
300273342,25159
300279512,25153
300285698,25150
300291844,25157
300298007,25155
300304198,25158
300310355,25157
300315546,25149
300321766,25151
300327991,25154
300334167,25158
300340340,25153
300346502,25151
300352722,25156
300358929,25151
300364394,25155
300370606,25157
300376770,25158
300388140,25151
300394319,25153
300401077,25150
300407244,25152
300413433,25153
300419666,25150
300425824,25154
300432058,25147
300438239,25153
300444412,25148
300449896,25156
300456100,25152
300462285,25148
300468443,25151
300474652,25148
300480783,25148
300486974,25155
300493171,25150
300498385,25150
300504583,25145
300510766,25149
300522455,25150
300528652,25143
300534813,25154
300540962,25146
300547155,25144
300553326,25145
300559540,25138
300565740,25150
300571927,25142
300578106,25142
300584352,25146
300588825,25145
300595072,25142
300601264,25147
300607436,25151
300614278,25148
300620451,25143
300626659,25146
300632887,25141
300639120,25138
300645339,25149
300656792,25148
300663024,25148
300669183,25146
300675377,25148
300681549,25144
300687717,25142
300693900,25143
300700092,25136
300706272,25142
300712493,25142
300718692,25135
300723513,25146
300729724,25144
300735914,25145
300742054,25143
300748254,25146
300754392,25139
300760595,25141
300766732,25146
300771996,25143
300778194,25147
300784360,25137
300796049,25141
300802230,25135
300808442,25140
300814621,25138
300820817,25140
300827676,25135
300833779,25139
300839928,25135
300846101,25137
300852311,25141
300857520,25140
300863762,25137
300869978,25141
300876170,25142
300882332,25134
300888551,25139
300894694,25138
300900856,25146
300906308,25143
300912478,25138
300918675,25140
300930069,25141
300936272,25141
300942455,25138
300948654,25143
300954831,25142
300961049,25140
300967207,25139
300973389,25140
300979586,25147
300985774,25143
300991243,25150
300997430,25146
301002644,25140
301008810,25142
301015013,25141
301028070,25149
301034310,25140
301040380,25139
301046590,25144
301057989,25140
301064195,25147
301070366,25137
301076566,25141
301082723,25138
301088896,25144
301095113,25143
301101239,25143
301107411,25145
301113619,25145
301119797,25143
301126026,25145
301131443,25139
301137655,25139
301143792,25147
301149963,25142
301156142,25142
301162318,25146
301168523,25147
301173753,25149
301179962,25148
301186173,25143
301192345,25144
301198549,25139
301204758,25149
301210970,25151
301217118,25148
301223270,25142
301229460,25146
301235683,25147
301241863,25146
301248664,25143
301254936,25150
301260403,25146
301265942,25148
301272123,25153
301278314,25147
301284476,25149
301290700,25143
301296864,25151
301303027,25146
301308210,25155
301314377,25146
301320576,25145
301332177,25143
301338379,25143
301344631,25146
301350781,25144
301356980,25142
301363133,25142
301369309,25146
301375466,25144
301381666,25142
301387807,25145
301394056,25145
301400256,25141
301405454,25144
301411670,25142
301417852,25144
301424084,25141
301430238,25142
301436393,25148
301441825,25147
301448010,25145
301454204,25150
301461012,25150
301467221,25145
301473406,25140
301479631,25137
301485748,25135
301491919,25141
301498065,25138
301504252,25134
301510447,25131
301516673,25137
301522819,25140
301528989,25142
301534195,25142
301539649,25140
301545808,25143
301552010,25144
301558201,25144
301564365,25141
301570551,25135
301576767,25140
301582935,25134
301589121,25146
301595301,25139
301606758,25133
301612952,25142
301619156,25136
301625289,25140
301631475,25134
301637652,25141
301643806,25137
301650001,25148
301656180,25146
301662341,25137
301669055,25141
301674561,25148
301680736,25139
301686920,25142
301693096,25135
301699300,25135
301705436,25138
301710679,25140
301716837,25145
301723081,25136
301729285,25141
301740918,25145
301747046,25145
301753218,25149
301759411,25143
301765626,25140
301771810,25140
301778017,25144
301784203,25137
301790439,25139
301796673,25140
301802806,25142
301808364,25145
301814569,25136
301820753,25139
301826925,25141
301833092,25136
301839279,25136
301845476,25145
301851677,25139
301857840,25140
301864015,25136
301875400,25142
301882171,25144
301888282,25140
301894415,25143
301900622,25147
301906832,25148
301913009,25147
301919186,25142
301925378,25138
301931570,25144
301937774,25141
301943223,25141
301949412,25141
301955651,25138
301961812,25144
301967973,25141
301974197,25145
301980387,25143
301985668,25145
301991859,25141
301998109,25142
302004228,25145
302010415,25149
302016608,25155
302022776,25147
302028987,25149
302035137,25153
302041280,25151
302047470,25145
302053690,25149
302059900,25142
302066111,25145
302072229,25141
302077636,25143
302083780,25150
302089566,25148
302095755,25147
302101923,25151
302108143,25146
302114289,25146
302119704,25151
302125886,25151
302132108,25149
302138318,25149
302149686,25154
302155889,25154
302162084,25147
302168241,25150
302174368,25149
302180586,25148
302186801,25144
302193047,25148
302199222,25147
302205410,25145
302211610,25144
302217779,25144
302223952,25147
302230130,25139
302236229,25133
302242403,25148
302248593,25144
302254076,25144
302260247,25146
302273079,25144
302279368,25147
302285640,25144
302291801,25142
302297983,25140
302304182,25154
302310958,25153
302317154,25146
302323384,25142
302329603,25144
302335819,25146
302342033,25154
302347269,25139
302353482,25143
302358969,25146
302365175,25146
302371331,25147
302377526,25143
302383740,25147
302389901,25138
302396112,25141
302402334,25142
302408582,25143
302419975,25143
302426137,25148
302432289,25147
302438448,25143
302444680,25141
302450866,25140
302457078,25150
302463312,25148
302469499,25146
302475724,25142
302481164,25140
302487344,25148
302493558,25143
302498747,25148
302504873,25148
302511112,25142
302517844,25144
302524144,25146
302530267,25147
302536483,25150
302542689,25144
302554324,25146
302560545,25151
302566728,25150
302572909,25146
302579069,25149
302585274,25148
302591483,25152
302597700,25148
302603845,25148
302610034,25145
302615260,25147
302621465,25151
302627663,25151
302633092,25147
302639257,25145
302645435,25147
302651666,25148
302657834,25144
302664001,25148
302670180,25146
302676371,25141
302687764,25147
302693910,25148
302700087,25149
302706247,25154
302712424,25148
302718623,25141
302724817,25154
302731653,25144
302737835,25153
302744040,25149
302750197,25150
302756361,25147
302762552,25149
302767984,25151
302774149,25150
302780344,25156
302786506,25151
302791753,25154
302797990,25149
302804181,25152
302810419,25150
302816647,25147
302822834,25154
302829044,25147
302835167,25156
302841268,25154
302847483,25158
302853655,25155
302859855,25153
302866081,25154
302872284,25159
302878465,25152
302884672,25150
302890825,25159
302896997,25160
302902469,25156
302908706,25154
302914814,25156
302921007,25157
302926231,25157
302932400,25160
302939090,25155
302945290,25157
302951471,25153
302963132,25157
302969300,25156
302975449,25155
302981685,25161
302987845,25158
302994040,25160
303000270,25159
303006462,25159
303012676,25160
303018861,25159
303024402,25158
303030605,25157
303036765,25156
303042927,25163
303049122,25160
303055325,25158
303060549,25160
303066736,25151
303072917,25161
303079110,25163
303085285,25165
303096875,25159
303103067,25153
303109255,25156
303115464,25156
303121672,25153
303127828,25158
303133967,25157
303140134,25162
303146315,25159
303153134,25160
303158356,25161
303164561,25154
303170748,25162
303176983,25153
303183173,25157
303189309,25160
303195474,25156
303201668,25154
303207860,25156
303214065,25155
303220222,25154
303231789,25153
303237954,25156
303244142,25160
303250342,25154
303256542,25158
303262757,25160
303268936,25159
303275106,25155
303281277,25157
303287428,25154
303293665,25161
303299792,25166
303305994,25156
303312162,25160
303317396,25155
303323600,25157
303329798,25159
303335227,25159
303341414,25158
303347591,25150
303353767,25152
303365797,25158
303371996,25160
303378169,25151
303384321,25156
303390569,25157
303396770,25157
303402977,25159
303409176,25157
303415316,25155
303421463,25164
303427673,25162
303433846,25152
303440031,25158
303446237,25162
303452414,25157
303458621,25161
303464813,25163
303470258,25162
303476432,25155
303482638,25156
303488792,25159
303500164,25163
303506293,25159
303519328,25165
303525614,25159
303531798,25163
303537976,25158
303544167,25165
303550351,25166
303556559,25154
303562757,25156
303568932,25159
303575734,25160
303581884,25166
303587112,25163
303593277,25159
303598701,25163
303604885,25163
303611073,25160
303617290,25163
303623442,25162
303629678,25164
303635790,25167
303641931,25169
303648126,25165
303654326,25160
303660506,25163
303666710,25161
303672840,25167
303679032,25166
303685187,25163
303691350,25167
303696553,25167
303702739,25167
303708902,25162
303715129,25163
303721261,25163
303726694,25168
303732858,25165
303739053,25166
303745233,25163
303751434,25165
303757613,25164
303768998,25173
303775193,25170
303781354,25173
303788142,25170
303794278,25172
303800431,25170
303806591,25174
303812810,25174
303818986,25178
303825176,25171
303831276,25170
303837427,25175
303843658,25175
303849814,25176
303856024,25173
303861461,25173
303867703,25175
303872899,25173
303879120,25174
303885270,25180
303891485,25177
303897694,25178
303903837,25181
303910062,25173
303916242,25176
303922417,25180
303928600,25174
303934799,25177
303940989,25179
303947201,25180
303953362,25182
303959546,25180
303965731,25172
303971169,25183
303977321,25178
303983558,25179
303989819,25176
303995915,25178
304002122,25176
304007362,25176
304013542,25173
304019743,25177
304025924,25178
304032124,25172
304043737,25179
304049890,25178
304056062,25179
304062264,25176
304068443,25180
304074695,25185
304080857,25178
304087026,25175
304093189,25183
304099372,25173
304105557,25178
304111780,25177
304117906,25174
304124106,25181
304130293,25179
304136458,25178
304141700,25179
304147900,25176
304154112,25179
304160258,25172
304166428,25185
304178074,25175
304184259,25186
304190432,25181
304196693,25178
304202869,25180
304209691,25179
304215879,25183
304222020,25182
304228200,25184
304234407,25182
304240603,25179
304245826,25182
304252042,25178
304258273,25182
304264460,25180
304270657,25176
304276082,25183
304282285,25174
304288458,25183
304294690,25183
304300867,25181
304312207,25185
304318397,25188
304324624,25180
304330817,25181
304337030,25179
304343220,25184
304349397,25185
304355597,25192
304361754,25180
304367946,25180
304374166,25180
304379572,25180
304385768,25183
304391949,25186
304398131,25184
304404294,25189
304409495,25180
304414959,25180
304421746,25183
304427864,25183
304434057,25185
304440259,25180
304451676,25185
304457877,25190
304464143,25193
304470328,25191
304476532,25195
304482689,25189
304488886,25189
304495096,25185
304501219,25187
304507336,25189
304513509,25188
304519718,25191
304525928,25189
304532138,25189
304538322,25190
304543746,25184
304548956,25188
304555163,25183
304561344,25191
304567586,25190
304573803,25194
304585433,25196
304591646,25199
304597783,25197
304603966,25201
304610118,25197
304616330,25196
304622456,25202
304629335,25206
304635508,25204
304641714,25200
304647933,25197
304654101,25202
304660294,25197
304666481,25197
304672709,25188
304677959,25200
304683425,25196
304689614,25196
304695797,25197
304701954,25191
304708125,25200
304719518,25204
304725754,25202
304731945,25203
304738136,25200
304744302,25202
304750463,25208
304763273,25203
304769462,25200
304775720,25201
304781913,25205
304788125,25208
304794316,25208
304800521,25205
304806763,25201
304811419,25207
304817665,25204
304823829,25209
304830038,25209
304836204,25205
304842418,25204
304849208,25201
304855438,25201
304861704,25194
304867897,25193
304874068,25195
304880287,25203
304886496,25210
304892726,25204
304898833,25199
304904988,25205
304911149,25204
304917352,25208
304923572,25203
304928808,25202
304935016,25202
304941256,25198
304945954,25209
304952148,25206
304958403,25207
304964620,25198
304970769,25203
304976952,25200
304983131,25203
304989285,25194
304995462,25208
305001696,25202
305007854,25201
305014050,25202
305020228,25206
305026388,25202
305032631,25203
305038838,25201
305044969,25203
305051167,25199
305057884,25206
305063080,25208
305069261,25197
305075446,25200
305080855,25209
305087034,25203
305093201,25206
305099346,25209
305105518,25204
305111709,25206
305123135,25202
305129343,25204
305135516,25208
305141701,25204
305147882,25207
305154073,25204
305160210,25211
305166333,25202
305172522,25211
305178708,25211
305184893,25206
305191142,25210
305197285,25207
305203442,25207
305209600,25199
305215795,25206
305221231,25204
305227408,25206
305233591,25207
305239804,25205
305246000,25206
305257392,25211
305264133,25207
305270338,25209
305276544,25203
305282783,25205
305288968,25211
305295138,25212
305301340,25216
305307550,25207
305313726,25212
305319898,25209
305326148,25212
305331570,25208
305337785,25214
305343929,25219
305350127,25211
305355322,25216
305361498,25214
305367647,25219
305373823,25210
305380030,25210
305391683,25214
305397831,25212
305404005,25208
305410212,25209
305416439,25221
305422650,25213
305428817,25213
305435006,25211
305441186,25217
305447398,25210
305453667,25219
305459849,25216
305466017,25217
305472213,25214
305478948,25215
305485173,25215
305490438,25215
305496668,25214
305502845,25214
305509022,25215
305515198,25219
305526844,25222
305533007,25222
305539185,25222
305545362,25215
305551530,25216
305557735,25221
305563851,25216
305570032,25219
305576200,25213
305582381,25220
305588596,25220
305594793,25220
305600957,25223
305606171,25218
305612301,25222
305618488,25221
305623899,25217
305630081,25218
305635242,25219
305641386,25217
305647561,25227
305653791,25229
305659939,25219
305666152,25218
305672274,25224
305678454,25223
305685201,25224
305691355,25228
305697523,25222
305703691,25224
305709896,25223
305716134,25225
305722275,25226
305728483,25224
305734675,25230
305740126,25217
305746324,25225
305752497,25225
305758725,25229
305764850,25223
305770066,25227
305776263,25228
305782456,25230
305788641,25220
305800280,25226
305806483,25220
305812706,25224
305818880,25224
305825049,25229
305831229,25228
305837410,25227
305843598,25228
305849801,25229
305855976,25224
305862175,25223
305868380,25228
305874599,25218
305880821,25231
305887029,25224
305893209,25226
305898951,25227
305904413,25226
305910597,25222
305916842,25231
305923093,25230
305934504,25233
305940720,25228
305946933,25225
305953133,25227
305959295,25225
305965449,25224
305971639,25228
305977783,25231
305983940,25227
305990201,25229
305996354,25234
306009401,25228
306015678,25231
306021905,25229
306027131,25221
306033260,25228
306039431,25219
306045620,25222
306051810,25225
306057999,25221
306064184,25228
306070321,25220
306076543,25231
306082740,25232
306088937,25229
306095133,25229
306101280,25235
306107448,25231
306114249,25229
306120406,25231
306126559,25224
306132753,25223
306138948,25227
306145166,25221
306150565,25229
306156773,25230
306161986,25225
306168171,25226
306174307,25232
306180498,25229
306186660,25228
306192835,25220
306204458,25236
306210665,25235
306216845,25227
306223061,25229
306229220,25227
306235406,25230
306241621,25233
306247826,25226
306253986,25236
306260178,25229
306266357,25224
306272597,25229
306278777,25234
306283966,25228
306290149,25228
306296279,25225
306302423,25233
306308632,25228
306314803,25236
306321556,25236
306327773,25231
306339407,25238
306345627,25235
306351848,25236
306358008,25233
306364169,25235
306370347,25238
306376526,25233
306382745,25227
306388903,25236
306395106,25245
306401294,25235
306407457,25233
306413662,25236
306418869,25237
306425105,25240
306431284,25232
306436727,25237
306442844,25235
306448986,25236
306455162,25232
306461362,25240
306472768,25242
306478963,25243
306485164,25250
306491323,25248
306497469,25242
306503667,25245
306509847,25245
306516069,25249
306522252,25248
306528422,25243
306535196,25245
306541370,25240
306547542,25241
306553003,25245
306559235,25245
306565400,25243
306570626,25245
306576812,25242
306582957,25248
306589164,25247
306595328,25242
306601528,25238
306607735,25242
306613910,25244
306620153,25250
306626252,25239
306632400,25242
306638627,25247
306644823,25249
306650989,25249
306657201,25244
306663362,25244
306669551,25243
306675731,25247
306681871,25243
306687336,25239
306693504,25243
306699707,25242
306704904,25250
306711151,25244
306717291,25233
306723499,25246
306729677,25245
306735857,25243
306748244,25239
306754396,25239
306760566,25244
306766770,25240
306772939,25240
306779149,25240
306785273,25238
306791442,25240
306797607,25246
306803807,25243
306809957,25237
306816174,25237
306821590,25235
306827796,25243
306833955,25241
306839159,25242
306845300,25239
306851462,25235
306857664,25242
306863883,25243
306869337,25237
306875543,25242
306881747,25243
306887921,25239
306894086,25240
306900239,25240
306906420,25242
306912619,25239
306918818,25240
306925021,25243
306931161,25245
306937357,25244
306943559,25242
306949772,25241
306956604,25241
306962829,25238
306968996,25236
306974214,25241
306980336,25238
306986520,25251
306992719,25245
306998914,25240
307004415,25244
307010622,25241
307022108,25239
307028297,25242
307034470,25244
307040697,25240
307046897,25245
307053124,25239
307059291,25234
307065498,25238
307071683,25239
307077874,25239
307084063,25236
307090262,25238
307095668,25244
307101814,25245
307107994,25241
307114165,25241
307120366,25241
307126520,25243
307132711,25243
307137930,25243
307144160,25239
307155762,25246
307161897,25250
307168695,25244
307174839,25243
307180985,25241
307187165,25243
307193333,25242
307199537,25244
307205766,25249
307211905,25236
307218082,25239
307224239,25245
307230394,25246
307236536,25244
307249326,25244
307255553,25239
307261802,25246
307267279,25245
307273475,25246
307284913,25249
307291156,25242
307297307,25242
307303478,25242
307309660,25246
307315838,25245
307322079,25246
307328258,25244
307334430,25247
307340643,25237
307346795,25240
307352959,25247
307359162,25248
307365297,25248
307371456,25249
307378170,25241
307383631,25237
307389836,25243
307395998,25249
307402208,25248
307408383,25254
307419777,25243
307425992,25242
307432189,25248
307438328,25251
307444470,25242
307450631,25249
307456793,25246
307463022,25248
307469222,25244
307475381,25243
307481583,25250
307487786,25243
307493944,25244
307499420,25250
307505638,25245
307511800,25245
307516959,25251
307523200,25246
307529380,25252
307535536,25249
307541711,25249
307547140,25249
307558509,25248
307564694,25251
307570863,25255
307576961,25248
307583159,25254
307589905,25252
307596137,25251
307602306,25250
307608466,25255
307614690,25247
307620884,25247
307627110,25253
307633272,25259
307638696,25255
307644836,25256
307651002,25253
307657174,25253
307663354,25251
307669537,25254
307675772,25256
307680998,25256
307692698,25252
307698819,25248
307704948,25251
307711108,25244
307717309,25251
307723471,25243
307729745,25247
307735904,25245
307742118,25249
307748317,25251
307754505,25245
307760724,25245
307766861,25246
307772010,25248
307778166,25246
307784312,25251
307790479,25248
307796648,25245
307803368,25251
307809526,25251
307814953,25244
307826307,25247
307832442,25249
307838634,25245
307844821,25252
307850978,25243
307857198,25248
307863390,25246
307869579,25242
307875790,25243
307881983,25247
307888179,25248
307894317,25245
307900444,25248
307905862,25243
307912018,25244
307918208,25250
307924404,25243
307930623,25238
307936836,25246
307942991,25251
307949195,25247
307954397,25248
307960574,25253
307966759,25244
307972924,25249
307979147,25251
307985319,25246
307991517,25248
307997718,25253
308003928,25253
308010816,25251
308017089,25245
308023276,25245
308029422,25247
308035558,25250
308040963,25253
308047115,25245
308053258,25250
308059502,25246
308065747,25250
308070976,25251
308077208,25247
308083379,25247
308088829,25248
308100174,25243
308106330,25250
308112534,25248
308118707,25251
308124928,25252
308131137,25245
308137292,25243
308143447,25251
308149670,25246
308155855,25250
308162036,25252
308168240,25246
308174390,25250
308180555,25245
308186728,25247
308192912,25245
308199128,25246
308204559,25242
308210780,25248
308216990,25244
308223788,25253
308235188,25249
308241382,25247
308247568,25250
308253758,25251
308259928,25250
308266167,25247
308272349,25249
308278539,25248
308284744,25247
308290907,25249
308297110,25244
308303280,25250
308309415,25246
308314838,25251
308321008,25251
308327229,25246
308333455,25246
308338659,25248
308344856,25251
308351070,25251
308357302,25248
308362764,25247
308368902,25257
308375059,25256
308381272,25251
308387472,25251
308393652,25251
308399816,25254
308405944,25255
308412136,25249
308418326,25251
308424508,25253
308430725,25248
308437543,25250
308443742,25252
308448922,25250
308455139,25250
308461326,25246
308467491,25255
308473687,25256
308479874,25255
308486118,25255
308504327,25259
308510494,25261
308516705,25257
308522882,25254
308529122,25257
308535317,25265
308541503,25262
308547720,25257
308553901,25252
308560087,25254
308566273,25260
308572398,25256
308578558,25252
308584756,25258
308590915,25260
308597132,25257
308603280,25258
308608700,25254
308614905,25256
308621058,25250
308627288,25257
308638708,25243
308644896,25251
308651664,25256
308657856,25257
308664070,25246
308670313,25250
308676466,25257
308682651,25253
308688867,25250
308695057,25254
308701250,25253
308707418,25250
308713582,25247
308719008,25251
308725214,25253
308731389,25251
308737571,25253
308742841,25248
308749087,25247
308755257,25246
308761412,25244
308773001,25247
308779169,25249
308785326,25246
308791450,25252
308797733,25247
308803886,25249
308810082,25249
308816260,25253
308822457,25250
308828672,25254
308834840,25249
308841007,25249
308847169,25247
308852416,25251
308859140,25249
308865358,25250
308871538,25254
308876980,25244
308883159,25249
308889344,25248
308895497,25252
308906908,25247
308913113,25245
308919281,25243
308925420,25248
308931585,25249
308937804,25243
308943992,25243
308950189,25246
308956345,25247
308962526,25241
308968692,25249
308974843,25246
308981003,25250
308987202,25245
308993385,25240
308999557,25252
309005760,25245
309011191,25248
309017391,25243
309023555,25243
309029788,25248
309035921,25249
309042076,25249
309048270,25241
309053509,25254
309059695,25248
309065912,25240
309072803,25248
309079080,25240
309085307,25245
309091551,25243
309097720,25244
309103878,25250
309110070,25239
309116257,25243
309122416,25248
309127843,25245
309134042,25246
309140254,25246
309145500,25240
309151704,25239
309157902,25246
309164120,25241
309170247,25248
309181838,25243
309187952,25246
309193197,25248
309199289,25244
309205465,25256
309211672,25252
309217893,25247
309224146,25245
309230376,25241
309236579,25243
309242791,25250
309249014,25246
309255206,25245
309261382,25248
309267532,25248
309273768,25246
309280554,25251
309286835,25253
309293077,25249
309299266,25242
309305385,25246
309316987,25242
309323167,25244
309328391,25238
309334539,25250
309340707,25242
309346888,25247
309353129,25246
309359318,25242
309365454,25252
309371645,25251
309377824,25243
309384006,25249
309390214,25244
309395614,25240
309401846,25238
309408020,25246
309414216,25238
309419436,25237
309425591,25247
309431785,25248
309437941,25242
309444194,25241
309450348,25239
309456498,25236
309461927,25240
309468098,25239
309474291,25241
309480532,25240
309486763,25239
309493588,25238
309499799,25236
309505906,25238
309512078,25242
309518256,25246
309524483,25245
309530689,25248
309536865,25237
309543078,25238
309549275,25238
309554495,25240
309560692,25239
309566836,25241
309573017,25238
309579202,25236
309590802,25236
309596935,25236
309603141,25238
309609363,25237
309615601,25233
309621821,25236
309628006,25234
309634226,25236
309640458,25233
309646682,25234
309652863,25231
309659037,25235
309665233,25232
309671439,25234
309677668,25241
309683855,25237
309689022,25237
309695206,25232
309701934,25238
309708217,25236
309714403,25230
309726020,25229
309738817,25228
309745044,25227
309751303,25227
309757500,25230
309763694,25225
309769831,25230
309776032,25227
309782246,25231
309788382,25231
309794583,25231
309800010,25232
309806244,25234
309812427,25233
309817631,25227
309823873,25231
309830150,25229
309836356,25237
309842604,25230
309854299,25230
309860497,25227
309866693,25234
309871917,25230
309878115,25234
309884302,25225
309890474,25229
309896665,25223
309902855,25226
309909028,25225
309915229,25236
309922104,25230
309928271,25228
309933691,25223
309939896,25228
309946150,25231
309952389,25234
309958627,25232
309964869,25234
309971087,25226
309977328,25230
309988711,25227
309994917,25228
310001120,25228
310006545,25230
310012752,25228
310018915,25234
310025088,25226
310031272,25237
310037451,25229
310043646,25230
310049855,25230
310056074,25236
310062316,25233
310068593,25227
310074811,25230
310080994,25231
310087213,25223
310092459,25230
310098727,25232
310104886,25228
310111091,25227
310117291,25229
310123449,25228
310130178,25224
310136397,25229
310141817,25227
310147985,25230
310154161,25229
310160374,25229
310166541,25233
310172729,25229
310178932,25233
310185090,25232
310191296,25224
310197486,25230
310203714,25234
310208942,25224
310215161,25222
310221337,25230
310226799,25228
310232981,25228
310239154,25230
310245337,25226
310251501,25229
310262920,25231
310269126,25226
310275360,25227
310280837,25228
310287076,25223
310293260,25230
310299478,25227
310305676,25222
310311851,25228
310318008,25231
310324170,25225
310330347,25227
310336568,25225
310342771,25230
310348935,25225
310355116,25230
310361317,25227
310367496,25224
310373722,25226
310379910,25222
310386094,25226
310397513,25225
310403708,25223
310409886,25227
310415298,25226
310421514,25216
310427738,25225
310433895,25226
310440027,25222
310446214,25222
310452416,25222
310458599,25218
310464783,25219
310470929,25226
310477103,25221
310483283,25229
310489494,25224
310495694,25218
310500900,25220
310507086,25223
310513302,25223
310519455,25221
310525628,25213
310531819,25226
310537981,25224
310544214,25223
310549703,25223
310556531,25219
310562733,25224
310568930,25218
310575081,25225
310581248,25222
310587436,25221
310593591,25216
310599806,25221
310605984,25219
310612188,25215
310617396,25217
310623588,25221
310629786,25222
310635187,25218
310641344,25228
310647535,25217
310653781,25218
310659960,25219
310671350,25221
310677526,25219
310683722,25221
310689154,25221
310695337,25216
310701535,25221
310707746,25214
310713913,25215
310720059,25217
310726230,25224
310732412,25217
310738654,25218
310744840,25219
310750999,25217
310757245,25217
310764016,25214
310769271,25213
310775516,25216
310781766,25218
310787965,25215
310794152,25218
310805791,25216
310811987,25216
310818214,25224
310823407,25213
310829618,25216
310835828,25218
310842030,25211
310848223,25218
310854417,25217
310860593,25221
310866798,25214
310872971,25213
310879208,25220
310885357,25216
310890777,25214
310896929,25217
310903102,25222
310908334,25214
310914539,25214
310920779,25220
310926989,25218
310933233,25222
310944816,25212
310951013,25216
310957216,25214
310963397,25218
310969573,25221
310976403,25218
310989205,25214
310995383,25216
311001647,25215
311007847,25218
311014050,25217
311020270,25221
311026473,25218
311032690,25213
311038146,25211
311044322,25214
311050541,25217
311056764,25216
311062923,25217
311074254,25222
311080424,25219
311086635,25215
311092069,25214
311098253,25222
311104474,25220
311110685,25216
311116896,25218
311123042,25211
311129238,25216
311135408,25219
311141587,25219
311147807,25214
311154015,25216
311160217,25216
311166414,25224
311171655,25213
311177827,25222
311183969,25214
311190809,25216
311197019,25217
311208686,25213
311214911,25213
311221056,25215
311227266,25216
311233516,25216
311239722,25214
311245948,25212
311252167,25214
311258418,25212
311264608,25217
311270816,25219
311276992,25215
311283178,25214
311289381,25218
311295585,25219
311300828,25222
311306275,25219
311312447,25214
311318667,25208
311324883,25217
311331027,25214
311342387,25210
311348574,25208
311354753,25206
311360975,25209
311367227,25213
311373416,25214
311379575,25212
311385769,25214
311391935,25215
311398130,25213
311404988,25214
311411225,25211
311417380,25210
311423600,25211
311429783,25208
311435230,25211
311440455,25209
311446661,25209
311452885,25209
311459093,25214
311465292,25207
311476873,25206
311483004,25203
311489226,25206
311495389,25200
311501568,25207
311507791,25201
311513931,25202
311520087,25206
311526263,25204
311532440,25209
311538616,25203
311544823,25213
311550944,25206
311557101,25203
311563327,25199
311568531,25201
311574030,25202
311580196,25206
311586400,25207
311592583,25203
311598791,25200
311610150,25198
311616996,25201
311623212,25199
311629365,25203
311635538,25199
311641753,25204
311648006,25198
311654236,25200
311660452,25196
311666656,25194
311672902,25200
311679126,25203
311685301,25199
311691454,25203
311697658,25199
311703133,25206
311708310,25201
311714438,25198
311720611,25195
311726803,25204
311732967,25197
311739185,25199
311745355,25205
311751525,25196
311757710,25200
311763897,25191
311770110,25204
311776296,25202
311782451,25194
311788598,25189
311794801,25197
311800959,25197
311807174,25200
311813342,25195
311819511,25201
311826322,25198
311832462,25199
311837912,25194
311843074,25199
311849286,25211
311855482,25198
311861642,25201
311867823,25200
311873989,25200
311885688,25190
311891898,25192
311898052,25193
311904229,25191
311910423,25197
311916565,25199
311922759,25191
311928898,25197
311935071,25194
311941275,25198
311947504,25194
311953716,25194
311959912,25197
311966111,25187
311972299,25195
311976738,25193
311982930,25197
311989167,25195
311995294,25203
312001514,25198
312007757,25199
312019475,25195
312025698,25193
312031943,25196
312038808,25197
312044958,25191
312051117,25199
312057303,25192
312063497,25193
312069701,25197
312075877,25191
312082062,25196
312088223,25195
312094425,25192
312100602,25195
312106844,25185
312111305,25191
312117490,25199
312123697,25192
312129856,25196
312136064,25188
312142277,25195
312153854,25190
312160022,25189
312166210,25182
312172403,25194
312178604,25187
312184812,25187
312190938,25190
312197085,25197
312203275,25190
312209448,25187
312215631,25188
312221821,25182
312234598,25184
312240102,25186
312245401,25192
312252262,25188
312258465,25187
312264717,25190
312270967,25189
312277190,25189
312283340,25190
312289533,25179
312295791,25182
312301977,25181
312308192,25182
312314367,25179
312320543,25183
312326743,25187
312332882,25182
312338290,25187
312344485,25186
312350691,25183
312356891,25181
312363083,25184
312369282,25176
312374482,25179
312379909,25181
312386071,25182
312392263,25181
312398424,25183
312404590,25186
312410807,25186
312416969,25180
312423189,25186
312429384,25184
312435533,25184
312441744,25182
312447898,25182
312454069,25189
312460868,25178
312466995,25183
312473192,25184
312479446,25179
312485700,25183
312491934,25179
312498165,25182
312504373,25181
312509594,25179
312515068,25183
312521218,25176
312527413,25178
312533560,25175
312539775,25178
312545920,25183
312557326,25176
312563477,25176
312569657,25182
312575847,25182
312582007,25171
312588210,25186
312594384,25182
312600553,25177
312606764,25177
312612962,25176
312619162,25178
312625317,25178
312631458,25180
312637634,25180
312643052,25183
312648240,25175
312654400,25181
312660547,25181
312666758,25178
312673490,25180
312679672,25177
312685859,25176
312692021,25176
312698234,25178
312704388,25176
312710549,25176
312716731,25176
312722939,25177
312729157,25173
312735355,25179
312741552,25177
312747785,25178
312753927,25177
312760117,25177
312766360,25176
312772514,25177
312777924,25186
312783087,25176
312789286,25176
312795490,25179
312801650,25173
312807805,25177
312813995,25177
312820212,25178
312831831,25181
312838026,25184
312844264,25178
312850523,25175
312856715,25177
312862955,25185
312869131,25184
312875294,25180
312882040,25177
312888233,25183
312893439,25177
312899637,25186
312905878,25175
312911275,25183
312916477,25184
312922682,25180
312928865,25175
312934996,25170
312941247,25177
312947429,25179
312953644,25182
312959854,25185
312966017,25177
312972236,25185
312978442,25186
312984630,25185
312990832,25181
312997062,25182
313003307,25176
313009532,25179
313015757,25179
313021920,25182
313027368,25181
313033559,25176
313039727,25173
313045943,25178
313050385,25180
313056566,25180
313062747,25184
313068875,25178
313075078,25175
313081288,25179
313087483,25173
313094334,25180
313105967,25179
313112142,25174
313118313,25173
313124514,25170
313130693,25172
313136911,25176
313143093,25178
313149259,25173
313155448,25174
313161657,25175
313167869,25175
313173998,25180
313180148,25175
313184613,25178
313190779,25177
313196979,25174
313203153,25176
313209325,25176
313215518,25177
313221719,25170
313227957,25171
313234209,25177
313240450,25163
313246634,25167
313252816,25169
313258958,25167
313265127,25175
313271311,25170
313277453,25174
313283632,25172
313289888,25172
313296143,25176
313302268,25176
313308485,25167
313314742,25170
313319549,25174
313325767,25173
313331998,25169
313338146,25167
313344343,25172
313350522,25165
313356753,25170
313362940,25170
313369103,25171
313380471,25166
313386650,25165
313392847,25172
313399025,25162
313405262,25166
313411431,25165
313417634,25165
313423829,25166
313430000,25167
313436226,25167
313442359,25168
313448503,25165
313453286,25175
313459452,25176
313465602,25166
313478408,25167
313484674,25168
313490969,25172
313497212,25170
313503461,25169
313509700,25167
313515920,25169
313522768,25166
313528909,25169
313535092,25173
313541308,25166
313547515,25169
313553726,25167
313559910,25165
313566091,25167
313572272,25166
313578482,25169
313582909,25165
313589116,25171
313595343,25165
313601450,25168
313607627,25167
313613832,25164
313620006,25175
313626239,25175
313632411,25173
313644033,25165
313650223,25169
313656410,25169
313662603,25172
313668837,25174
313674969,25170
313681142,25171
313687315,25167
313693494,25165
313699700,25174
313705928,25175
313711140,25168
313716640,25170
313721901,25171
313728738,25171
313734960,25173
313741147,25169
313747334,25166
313753506,25171
313759673,25169
313765914,25172
313772090,25183
313778286,25175
313784485,25174
313790661,25176
313796866,25175
313803037,25176
313809273,25178
313815450,25177
313821635,25182
313827818,25173
313833985,25173
313840184,25172
313845637,25181
313850867,25178
313856318,25177
313862499,25174
313868713,25174
313874912,25175
313881097,25176
313887303,25170
313893465,25175
313899656,25176
313905864,25175
313912010,25182
313918204,25171
313924367,25174
313930550,25177
313936731,25174
313943560,25171
313949772,25174
313955944,25176
313962135,25180
313968310,25173
313974510,25179
313979756,25182
313985171,25181
313990386,25176
313996578,25181
314002806,25178
314008998,25177
314015189,25172
314021362,25172
314027529,25176
314033775,25172
314039971,25177
314046159,25177
314057820,25174
314063974,25169
314070143,25171
314076300,25175
314082513,25180
314088718,25179
314094946,25175
314101176,25173
314107436,25174
314113655,25172
314118871,25171
314123642,25180
314129849,25175
314135968,25177
314142153,25177
314148333,25175
314155061,25181
314161270,25179
314167448,25180
314173630,25172
314179855,25170
314185989,25175
314192176,25168
314198354,25173
314204538,25173
314210736,25171
314216956,25172
314223136,25169
314229331,25169
314235506,25171
314241729,25174
314247908,25175
314253082,25172
314257870,25175
314264001,25175
314270176,25173
314276350,25174
314282572,25177
314288791,25176
314294961,25176
314301104,25172
314307315,25180
314313554,25180
314319784,25177
314326023,25172
314332278,25178
314338504,25175
314344641,25175
314350865,25180
314356981,25169
314363849,25176
314370012,25174
314376207,25176
314382413,25176
314387607,25169
314392400,25179
314398578,25174
314404798,25179
314410950,25175
314417115,25180
314423328,25174
314429502,25178
314435694,25173
314441923,25174
314448145,25182
314454312,25179
314460463,25179
314466617,25178
314472830,25178
314478972,25181
314485175,25176
314491341,25185
314497560,25181
314503798,25179
314509968,25181
314516199,25178
314522448,25176
314526939,25175
314533187,25180
314539411,25179
314545646,25178
314551842,25185
314557994,25179
314564221,25181
314570972,25179
314577176,25176
314583342,25179
314589451,25183
314595620,25181
314607234,25178
314613399,25184
314619585,25185
314625799,25193
314631958,25185
314638122,25184
314644354,25186
314650553,25187
314656777,25184
314661203,25186
314667359,25187
314673499,25188
314679666,25191
314685861,25182
314692062,25184
314698266,25186
314704407,25186
314710562,25192
314723330,25187
314729548,25184
314735792,25191
314742018,25187
314748242,25187
314754379,25186
314760555,25185
314766719,25189
314772923,25186
314779169,25183
314785952,25189
314790743,25184
314795935,25188
314802147,25180
314808350,25186
314814499,25187
314820655,25187
314826861,25187
314833033,25181
314839265,25193
314845431,25179
314851629,25187
314857828,25189
314864000,25185
314875641,25187
314881860,25188
314888013,25193
314894221,25189
314900408,25186
314906587,25190
314912815,25192
314919022,25189
314924195,25192
314929626,25194
314935832,25187
314941980,25186
314948138,25190
314954309,25194
314960502,25188
314966667,25192
314972894,25189
314979065,25191
314985248,25192
314991407,25186
314998133,25187
315009493,25188
315015669,25197
315021915,25193
315028081,25195
315034258,25188
315040432,25190
315046645,25191
315052837,25193
315058992,25192
315063787,25189
315068958,25189
315075173,25187
315081358,25187
315087539,25190
315093739,25185
315099914,25194
315106140,25187
315112348,25193
315118523,25189
315124687,25187
315130876,25191
315137044,25189
315148775,25199
315154990,25184
315161159,25189
315167323,25190
315173518,25196
315179722,25196
315185920,25188
315192025,25188
315196470,25191
315202666,25191
315209403,25186
315215542,25190
315221765,25189
315227941,25189
315234108,25190
315240303,25186
315246492,25191
315252690,25189
315258915,25195
315265076,25187
315271317,25196
315282889,25193
315289029,25197
315295214,25197
315301405,25194
315307629,25196
315313855,25190
315320036,25188
315326206,25194
315330640,25192
315336861,25192
315343019,25189
315349233,25193
315355406,25198
315361627,25192
315367798,25192
315373974,25197
315380176,25197
315386351,25191
315392521,25189
315398699,25191
315404902,25195
315417038,25199
315423208,25191
315429384,25189
315435590,25196
315441745,25193
315447951,25198
315454128,25204
315460313,25193
315465569,25202
315471023,25196
315477208,25195
315483389,25199
315489565,25190
315495788,25200
315501950,25193
315508125,25194
315514353,25199
315520561,25199
315526771,25199
315532962,25200
315539163,25194
315550581,25203
315556767,25201
315562986,25196
315569204,25206
315575422,25199
315581646,25207
315587866,25196
315594089,25194
315599591,25201
315604828,25205
315611066,25207
315617285,25204
315623463,25206
315630264,25204
315636447,25205
315642635,25202
315648855,25203
315655027,25205
315661219,25203
315667382,25197
315673526,25201
315685231,25208
315691425,25205
315697609,25208
315703845,25212
315710005,25213
315716185,25205
315722354,25206
315728587,25214
315733830,25210
315739266,25205
315745429,25208
315751630,25215
315757879,25206
315763103,25212
315769335,25214
315775512,25210
315781775,25210
315788041,25207
315794258,25210
315800414,25219
315806541,25205
315812729,25213
315818912,25209
315825099,25211
315831321,25211
315838048,25214
315844273,25214
315850439,25214
315856599,25215
315862798,25215
315868953,25210
315874384,25213
315880565,25212
315886733,25219
315892932,25216
315898122,25212
315904345,25212
315910546,25213
315916762,25219
315922924,25214
315929099,25215
315935272,25215
315941431,25214
315947624,25217
315959283,25217
315972067,25209
315978298,25209
315984506,25221
315990727,25212
315996910,25214
316002335,25219
316007545,25217
316013706,25216
316019913,25215
316026083,25222
316031567,25213
316037791,25214
316043983,25212
316050160,25215
316056949,25214
316063119,25210
316069283,25211
316075525,25214
316081733,25218
316087956,25209
316094155,25217
316100406,25217
316106627,25211
316112856,25209
316119048,25211
316125182,25218
316131378,25219
316136567,25214
316141977,25217
316148182,25213
316154402,25218
316160657,25219
316165902,25219
316172083,25216
316178316,25226
316184524,25216
316190694,25213
316196934,25221
316203084,25219
316209298,25218
316215443,25214
316221608,25217
316227790,25212
316233962,25216
316240172,25223
316246371,25221
316252577,25219
316258787,25214
316265598,25217
316271065,25218
316276296,25222
316282461,25218
316288662,25221
316294873,25219
316301084,25217
316307310,25226
316313465,25220
316319692,25217
316325937,25220
316332154,25217
316338369,25216
316344539,25224
316350712,25213
316356892,25219
316368560,25219
316374805,25217
316380948,25223
316387112,25223
316393299,25223
316399473,25222
316404683,25220
316410168,25220
316416408,25223
316422608,25215
316428886,25220
316435039,25225
316441199,25223
316447411,25218
316453632,25218
316459865,25223
316466029,25221
316472202,25223
316478926,25223
316485072,25220
316491251,25219
316502670,25227
316508878,25224
316515076,25228
316521312,25225
316527476,25225
316533643,25220
316539851,25231
316545375,25225
316551558,25219
316557797,25223
316564004,25226
316570181,25225
316576373,25227
316581597,25228
316587824,25228
316594007,25224
316600206,25222
316606358,25228
316612512,25229
316618677,25226
316624855,25224
316636460,25229
316642629,25234
316648819,25231
316654993,25238
316661208,25227
316667484,25229
316673697,25233
316678178,25231
316684380,25232
316691220,25228
316697422,25227
316703597,25225
316709798,25227
316715986,25228
316722194,25230
316728362,25231
316734567,25231
316740762,25231
316746926,25230
316753090,25236
316759304,25237
316765459,25230
316771637,25242
316777850,25238
316784069,25239
316790289,25238
316796455,25240
316802644,25238
316808852,25234
316813632,25241
316819860,25237
316826012,25236
316832257,25236
316838441,25237
316844616,25238
316850862,25236
316857066,25240
316863266,25233
316869438,25240
316875636,25242
316881876,25236
316888052,25235
316894219,25244
316906198,25237
316912437,25243
316918603,25237
316924815,25246
316930989,25246
316937129,25241
316943367,25237
316948181,25237
316954327,25240
316960534,25237
316966751,25244
316972991,25238
316979203,25234
316985426,25238
316991628,25241
316997826,25243
317003989,25244
317010151,25239
317016303,25245
317022499,25245
317028654,25239
317040074,25244
317046288,25241
317052471,25242
317058661,25243
317064857,25241
317071028,25237
317077260,25236
317082066,25244
317088297,25249
317094565,25244
317100832,25242
317107593,25243
317113853,25238
317120017,25241
317126186,25243
317132365,25240
317138560,25236
317144799,25241
317150995,25246
317157140,25241
317163326,25239
317174737,25244
317180928,25242
317187160,25242
317193407,25245
317199515,25240
317205709,25234
317218742,25240
317224960,25245
317231147,25241
317237327,25243
317243516,25245
317249694,25243
317255891,25246
317262091,25245
317268249,25241
317274398,25242
317280595,25240
317286819,25247
317292958,25248
317304326,25249
317310539,25250
317316708,25249
317323525,25245
317329769,25250
317335923,25244
317342124,25248
317348317,25244
317353046,25253
317359206,25248
317365401,25247
317371569,25254
317377780,25246
317384010,25249
317390188,25250
317396392,25249
317401623,25248
317407807,25248
317413991,25252
317420183,25250
317426412,25243
317432514,25246
317438668,25251
317444869,25245
317451073,25245
317457307,25252
317463532,25253
317469762,25251
317475981,25253
317482196,25247
317487006,25247
317493182,25249
317499369,25252
317505574,25243
317511779,25243
317517983,25244
317524162,25248
317530342,25246
317537114,25252
317543299,25249
317549451,25255
317555597,25248
317561798,25251
317567988,25252
317579370,25253
317585572,25253
317591748,25255
317597935,25252
317604088,25249
317610296,25258
317616480,25257
317621235,25256
317627423,25254
317633611,25252
317639844,25250
317646032,25249
317652194,25253
317658386,25256
317664607,25254
317670794,25253
317676959,25249
317683123,25259
317689285,25256
317695483,25255
317701661,25254
317713165,25255
317719410,25258
317725649,25258
317731939,25253
317738181,25254
317745020,25256
317751188,25256
317755997,25255
317762138,25252
317768319,25254
317774514,25256
317780691,25257
317786918,25253
317793051,25253
317799183,25251
317805344,25257
317811547,25262
317817721,25258
317823944,25261
317830122,25254
317836280,25254
317847664,25251
317853889,25254
317860091,25253
317866304,25259
317872473,25255
317878611,25259
317884800,25253
317889578,25255
317895785,25256
317901961,25253
317908189,25255
317914385,25260
317920586,25256
317926829,25253
317932977,25257
317939095,25262
317945266,25258
317952052,25253
317957618,25255
317963817,25255
317969976,25258
317976146,25254
317982328,25256
317988523,25259
317994743,25253
318000979,25252
318007160,25252
318013356,25256
318019510,25262
318023961,25258
318030187,25257
318036372,25250
318042513,25259
318048696,25250
318054891,25257
318061056,25255
318067252,25256
318073454,25255
318079638,25253
318085843,25252
318092001,25263
318098214,25258
318104438,25256
318110588,25253
318122231,25256
318128431,25251
318134589,25258
318140792,25258
318146987,25250
318153137,25254
318158371,25253
318165162,25259
318171368,25259
318177546,25258
318183740,25259
318189968,25259
318196132,25247
318202336,25251
318208471,25247
318214664,25255
318220859,25250
318227026,25251
318232463,25249
318238642,25243
318244900,25256
318256313,25257
318262484,25250
318268661,25251
318274857,25257
318281051,25261
318287270,25251
318292689,25262
318297910,25253
318304087,25253
318310331,25257
318316501,25250
318322702,25259
318328880,25266
318335010,25263
318341188,25254
318347382,25259
318353517,25253
318359733,25257
318365985,25256
318371483,25251
318378296,25261
318384551,25256
318390768,25254
318396927,25256
318403053,25257
318409211,25256
318415377,25264
318421590,25256
318427803,25259
318432986,25267
318439180,25251
318445379,25254
318451603,25262
318464627,25255
318470833,25256
318477130,25256
318483345,25261
318489596,25263
318495840,25268
318501079,25258
318507292,25254
318513526,25261
318525213,25259
318531421,25261
318537600,25265
318543790,25258
318549971,25258
318556098,25252
318562251,25264
318568411,25265
318574595,25260
318580830,25259
318587019,25257
318593901,25259
318600046,25263
318606214,25260
318612366,25265
318618541,25267
318624733,25263
318630921,25260
318636108,25262
318642325,25260
318648489,25267
318660088,25263
318666285,25267
318672451,25269
318678649,25267
318684894,25261
318691087,25265
318696276,25264
318701687,25268
318707941,25258
318714077,25262
318720293,25267
318726479,25263
318732699,25260
318738885,25263
318745096,25261
318751372,25260
318757600,25261
318763859,25262
318770099,25262
318776260,25262
318782393,25269
318793848,25262
318800582,25263
318806831,25257
318813074,25259
318819308,25262
318825530,25263
318831028,25265
318836584,25264
318842825,25261
318849012,25261
318855166,25266
318861331,25261
318867540,25262
318873714,25260
318879899,25259
318886052,25256
318892220,25269
318898369,25258
318904537,25261
318910692,25262
318916898,25261
318923061,25265
318929216,25258
318935400,25263
318941580,25252
318947784,25261
318954002,25260
318960164,25263
318965369,25258
318970786,25258
318976991,25256
318983172,25268
318989330,25256
318995564,25260
319001721,25256
319007938,25254
319014739,25257
319020966,25263
319027099,25254
319033300,25260
319039513,25263
319045685,25253
319050933,25259
319057101,25260
319063333,25260
319069494,25260
319075655,25248
319081820,25256
319087961,25258
319094169,25259
319099616,25260
319104789,25258
319110995,25258
319117219,25259
319123401,25258
319129596,25260
319135770,25261
319141938,25250
319148114,25257
319154336,25256
319160483,25260
319166659,25264
319172805,25254
319178984,25251
319185165,25251
319191364,25264
319202956,25262
319209093,25257
319215265,25262
319221988,25261
319228136,25253
319234287,25251
319239514,25258
319245715,25249
319251908,25257
319258084,25258
319264321,25256
319270504,25258
319276677,25257
319282893,25252
319289061,25252
319295247,25259
319301437,25258
319307583,25258
319313744,25260
319319935,25257
319326170,25257
319337887,25253
319344056,25257
319350212,25251
319356429,25261
319362605,25257
319368814,25257
319374018,25258
319380253,25255
319386440,25259
319392638,25261
319398833,25256
319405016,25257
319411247,25254
319417459,25253
319423647,25253
319430412,25252
319436565,25255
319442751,25253
319448950,25260
319455116,25264
319461333,25254
319472942,25264
319479101,25263
319485313,25264
319491482,25261
319497664,25256
319503905,25259
319509089,25260
319514570,25258
319520812,25260
319527027,25259
319533174,25258
319539342,25259
319545540,25254
319551687,25260
319557913,25256
319564075,25257
319570240,25259
319576436,25260
319582638,25261
319588876,25264
319595096,25260
319605730,25266
319611954,25263
319618140,25262
319624354,25270
319630556,25267
319636788,25266
319642945,25258
319648447,25266
319654700,25260
319660919,25260
319667093,25263
319673254,25266
319679418,25263
319685643,25263
319691834,25262
319698019,25262
319710776,25260
319717001,25259
319723254,25260
319729416,25261
319740080,25258
319746285,25264
319752485,25262
319758666,25261
319764918,25260
319771078,25259
319776314,25258
319781788,25260
319787969,25260
319794131,25264
319800315,25266
319806551,25265
319812753,25254
319819004,25265
319825252,25262
319831538,25256
319837730,25263
319843984,25257
319850183,25262
319856378,25259
319863193,25258
319873943,25256
319880158,25260
319886357,25257
319892504,25257
319898680,25256
319904880,25254
319910312,25256
319915525,25262
319921755,25254
319927925,25253
319934159,25258
319940364,25254
319946513,25254
319952693,25259
319958874,25259
319965072,25257
319971267,25253
319977434,25258
319983558,25258
319989714,25267
319995918,25257
320006891,25252
320013031,25250
320019203,25251
320025396,25257
320031554,25252
320037743,25252
320043995,25249
320049145,25257
320055326,25255
320061494,25251
320067666,25252
320074506,25254
320080649,25256
320086820,25255
320093018,25260
320099185,25257
320105384,25253
320111570,25261
320117746,25258
320123935,25258
320130111,25257
320136361,25247
320141825,25259
320147997,25246
320154110,25254
320160314,25251
320166493,25251
320172661,25254
320178875,25258
320184098,25256
320190341,25257
320196510,25256
320202688,25253
320208862,25251
320215019,25255
320221239,25250
320227446,25249
320233602,25244
320239816,25254
320246017,25254
320252194,25252
320258434,25247
320264600,25259
320270835,25258
320282336,25251
320288508,25252
320294657,25253
320300869,25250
320307035,25251
320313231,25258
320318446,25253
320323888,25247
320330117,25253
320336312,25249
320342527,25250
320348681,25252
320354883,25247
320361045,25252
320367254,25253
320373467,25252
320379719,25259
320385938,25250
320392169,25252
320398342,25254
320404524,25252
320415115,25256
320421347,25248
320427539,25244
320433697,25250
320439915,25245
320446080,25250
320452302,25260
320457784,25251
320464066,25254
320470298,25256
320476506,25255
320482699,25251
320489512,25254
320495751,25247
320501962,25255
320508145,25258
320514320,25251
320520480,25252
320526650,25251
320532847,25255
320539064,25260
320549804,25252
320556039,25256
320562248,25251
320568446,25246
320574686,25249
320580921,25250
320587126,25252
320592563,25247
320598744,25253
320604983,25250
320611100,25251
320617262,25254
320623434,25251
320629628,25252
320635847,25250
320642039,25250
320648210,25248
320654392,25247
320660583,25255
320666791,25253
320672998,25253
320679165,25250
320689829,25249
320696002,25244
320702713,25246
320708945,25248
320715087,25250
320721252,25248
320726487,25241
320731947,25246
320738149,25244
320744326,25248
320750553,25245
320756699,25242
320762924,25246
320769114,25250
320775291,25247
320781443,25251
320787629,25250
320793866,25245
320800043,25240
320806234,25243
320812394,25241
320823017,25243
320829198,25242
320835411,25244
320841553,25248
320847780,25241
320854031,25247
320860310,25246
320866520,25239
320872757,25248
320878969,25237
320885135,25241
320891371,25242
320897482,25235
320903613,25246
320910455,25244
320916625,25246
320922774,25250
320928976,25249
320935143,25244
320941340,25247
320947522,25249
320960586,25246
320966817,25244
320973039,25243
320979199,25242
320985385,25239
320991600,25241
320996821,25241
321002232,25240
321008446,25243
321014643,25241
321020888,25241
321027135,25240
321033371,25241
321039585,25238
321045861,25245
321052094,25237
321058316,25240
321064507,25233
321070716,25239
321076932,25244
321083047,25242
321089198,25240
321095382,25241
321101571,25243
321107812,25244
321114043,25241
321120242,25242
321127102,25244
321133258,25241
321139421,25235
321145619,25237
321151806,25238
321158022,25239
321164140,25236
321170310,25239
321176502,25241
321182700,25239
321188926,25239
321195131,25242
321201317,25237
321207499,25239
321213664,25238
321225030,25243
321230444,25236
321236611,25241
321242822,25238
321249035,25234
321255217,25234
321261416,25239
321266681,25240
321272923,25238
321279187,25233
321285437,25239
321291669,25241
321297898,25241
321304082,25238
321310322,25238
321316471,25241
321322633,25238
321328825,25241
321335538,25238
321341725,25235
321347938,25242
321359539,25237
321364738,25235
321370926,25241
321377110,25244
321383313,25236
321389487,25232
321395674,25235
321401121,25237
321407344,25242
321412575,25237
321418727,25236
321424928,25238
321431127,25239
321437349,25242
321443527,25237
321449782,25239
321455957,25237
321462168,25242
321468391,25242
321474549,25231
321480702,25234
321492309,25241
321498503,25244
321503746,25242
321509970,25241
321516162,25235
321522373,25243
321528582,25238
321534767,25236
321540231,25236
321547021,25232
321553127,25235
321559300,25244
321565453,25240
321571643,25237
321577870,25235
321584018,25235
321590149,25235
321596327,25238
321602561,25235
321608737,25235
321614953,25238
321621095,25236
321627264,25238
321633439,25232
321638652,25235
321644850,25241
321651024,25239
321657205,25241
321663430,25235
321669560,25236
321675741,25236
321681944,25230
321687423,25235
321693655,25235
321699901,25233
321706096,25232
321712321,25230
321718580,25232
321724744,25229
321730975,25239
321737126,25234
321743330,25230
321749491,25229
321761492,25230
321767636,25233
321773101,25230
321779330,25234
321785506,25234
321791699,25233
321797927,25231
321804082,25236
321809298,25233
321815480,25230
321820906,25239
321827066,25233
321833246,25225
321839402,25230
321845605,25231
321851826,25229
321858009,25234
321864243,25226
321870460,25234
321876691,25230
321882904,25226
321889126,25235
321900573,25235
321906789,25231
321912307,25232
321918507,25225
321924707,25222
321930941,25229
321937117,25231
321943328,25223
321948559,25226
321954729,25225
321960158,25230
321966323,25236
321973128,25230
321979316,25234
321985533,25225
321991761,25235
321997980,25230
322004138,25233
322010394,25233
322016592,25232
322022747,25229
322034157,25225
322040397,25225
322045881,25229
322052063,25232
322058258,25226
322064453,25228
322070650,25226
322076870,25220
322082050,25225
322088247,25225
322093694,25227
322099854,25221
322106060,25223
322112258,25223
322118443,25228
322124640,25232
322130877,25230
322137087,25229
322143269,25229
322149459,25222
322155666,25231
322161877,25230
322168044,25231
322174175,25227
322180969,25227
322187102,25228
322193304,25231
322206152,25228
322211423,25228
322217723,25231
322223252,25230
322229529,25224
322235786,25221
322242038,25229
322248232,25224
322254408,25226
322260601,25231
322266839,25234
322273087,25227
322279283,25223
322285473,25226
322296890,25230
322303042,25230
322309186,25231
322315384,25230
322321546,25229
322327739,25233
322333958,25235
322340171,25228
322345641,25236
322351875,25231
322357077,25227
322363249,25227
322369433,25229
322375581,25232
322381757,25231
322387971,25231
322394188,25224
322401024,25230
322407205,25232
322413404,25229
322419573,25233
322425763,25233
322431977,25230
322438148,25232
322444416,25226
322450584,25229
322456763,25232
322462951,25231
322469129,25230
322475376,25230
322480813,25228
322487010,25234
322492189,25229
322498421,25227
322504605,25222
322510875,25229
322517118,25227
322523365,25228
322529627,25226
322535824,25229
322542021,25228
322548228,25231
322554426,25233
322566021,25224
322572209,25224
322578367,25224
322584574,25223
322590737,25225
322596959,25229
322603171,25227
322609967,25225
322615174,25227
322621352,25228
322626783,25225
322633001,25224
322639204,25226
322645358,25225
322651559,25224
322657748,25224
322663976,25221
322670208,25225
322676381,25228
322682620,25220
322688797,25227
322700211,25223
322706407,25231
322712567,25225
322718763,25227
322724974,25227
322730399,25222
322736587,25221
322742765,25221
322749005,25224
322755173,25220
322760380,25227
322766527,25218
322772654,25219
322778842,25223
322785035,25224
322791208,25222
322797431,25219
322803598,25221
322809854,25219
322816103,25225
322822985,25218
322829227,25221
322835410,25222
322841579,25222
322847763,25225
322854009,25214
322860239,25221
322865715,25224
322871969,25216
322878142,25223
322884274,25218
322889490,25223
322894887,25224
322901075,25218
322907198,25217
322913373,25216
322919562,25222
322925729,25223
322931950,25223
322938100,25221
322944248,25221
322950444,25221
322956623,25225
322962779,25215
322968994,25217
322975133,25221
322981307,25221
322987493,25223
322993676,25215
322999893,25224
323005110,25221
323011323,25219
323017473,25231
323022903,25226
323029079,25224
323035905,25217
323042041,25218
323048193,25224
323054355,25219
323060540,25220
323066754,25221
323072975,25218
323079130,25218
323085318,25220
323091500,25223
323097679,25219
323109094,25223
323115277,25220
323121502,25227
323127653,25222
323133870,25224
323139276,25223
323145462,25226
323151695,25224
323156899,25230
323163049,25223
323169218,25220
323175442,25220
323181618,25229
323187808,25226
323193971,25219
323200170,25226
323206395,25227
323212607,25226
323218777,25220
323224951,25215
323231111,25219
323237312,25220
323244160,25225
323250405,25224
323256546,25229
323262733,25229
323268933,25228
323274345,25236
323280549,25230
323286734,25232
323292004,25232
323298177,25224
323304407,25229
323309810,25229
323316011,25225
323322142,25229
323328293,25231
323334472,25229
323340666,25229
323346910,25228
323353069,25222
323359212,25235
323365391,25234
323371586,25229
323377751,25222
323383981,25231
323390107,25219
323396244,25227
323402436,25223
323408654,25227
323414861,25229
323421041,25221
323426270,25223
323432465,25228
323438694,25219
323451763,25225
323458696,25222
323465031,25223
323471264,25226
323477469,25223
323483682,25225
323489898,25221
323496083,25226
323502243,25228
323508411,25229
323519865,25230
323526047,25219
323532270,25226
323538478,25222
323543960,25225
323550126,25226
323555340,25230
323561523,25222
323567722,25224
323573916,25227
323579360,25226
323585592,25225
323591770,25226
323597979,25219
323604163,25224
323610359,25223
323616536,25222
323622748,25222
323628965,25213
323635141,25219
323641316,25215
323652631,25216
323658808,25225
323665023,25226
323671757,25225
323677968,25223
323684156,25222
323690391,25221
323696573,25218
323702733,25225
323708941,25221
323715093,25222
323721327,25221
323727479,25219
323733692,25215
323739882,25222
323746085,25228
323752318,25220
323758507,25215
323764709,25225
323770912,25225
323777139,25218
323788833,25219
323795044,25225
323801222,25223
323807381,25225
323813588,25221
323818814,25219
323824241,25227
323830426,25221
323836610,25222
323842785,25222
323848971,25226
323855164,25221
323861353,25223
323867525,25228
323873725,25223
323880569,25221
323886785,25222
323892998,25224
323899142,25225
323905326,25219
323911574,25221
323922952,25227
323929116,25220
323935344,25219
323941588,25226
323947791,25225
323953968,25218
323959407,25227
323965572,25222
323971752,25221
323977982,25222
323984162,25225
323989363,25235
323995550,25231
324001697,25227
324007913,25221
324014091,25223
324020291,25227
324026473,25219
324032627,25221
324038813,25228
324045023,25222
324056666,25227
324062888,25225
324069052,25230
324075202,25231
324081397,25220
324087567,25220
324093317,25222
324098761,25228
324104977,25223
324111106,25224
324117244,25229
324123535,25223
324129750,25219
324135986,25224
324142180,25228
324148425,25228
324154692,25220
324160895,25221
324167053,25225
324173182,25221
324179361,25223
324190738,25224
324196956,25231
324203118,25219
324209357,25224
324215508,25225
324221681,25220
324227874,25228
324232550,25226
324238705,25228
324244928,25227
324251084,25225
324257252,25232
324263449,25228
324269629,25229
324275802,25224
324282031,25225
324288173,25225
324294334,25233
324301075,25230
324307222,25228
324313360,25225
324324757,25220
324331025,25215
324337219,25225
324343448,25224
324349656,25221
324355892,25223
324362067,25217
324366733,25223
324372964,25218
324379121,25216
324385356,25221
324391621,25218
324397889,25221
324403126,25223
324409384,25218
324415590,25226
324421733,25215
324427938,25224
324434099,25220
324440293,25220
324446475,25220
324452619,25220
324464254,25216
324470438,25217
324476643,25216
324482867,25215
324489078,25222
324495187,25220
324500383,25221
324505817,25224
324512650,25221
324518882,25221
324525058,25217
324531177,25219
324537353,25219
324543530,25226
324549710,25223
324555917,25220
324562094,25220
324568258,25221
324574431,25219
324580633,25217
324586879,25220
324598305,25227
324604504,25213
324610654,25220
324616871,25218
324623067,25222
324629267,25220
324634707,25214
324639917,25221
324646079,25219
324652252,25224
324658476,25215
324664694,25223
324670912,25224
324676346,25223
324682559,25217
324695364,25215
324701549,25224
324707771,25215
324714004,25224
324720191,25223
324726357,25220
324733178,25221
324739377,25216
324745603,25223
324751799,25221
324758027,25219
324763262,25219
324769467,25218
324775687,25221
324781902,25218
324788084,25224
324794295,25218
324800479,25223
324805891,25217
324812073,25219
324818262,25214
324824438,25226
324830620,25219
324836745,25214
324842961,25216
324849149,25219
324855288,25223
324866682,25223
324872881,25222
324879114,25226
324885321,25226
324891547,25218
324897790,25223
324904018,25219
324909502,25222
324915657,25215
324921805,25218
324928059,25219
324934202,25223
324941046,25216
324947270,25220
324953469,25223
324959688,25217
324965867,25226
324972084,25226
324978191,25222
324984381,25223
324990561,25220
325001936,25218
325008110,25228
325014318,25228
325020514,25230
325026657,25221
325032821,25220
325038268,25224
325044489,25223
325050667,25229
325056862,25226
325063084,25221
325069245,25225
325075446,25224
325080663,25219
325086831,25222
325093016,25225
325099180,25218
325105360,25222
325111503,25229
325117637,25224
325123787,25232
325135404,25220
325141620,25219
325147878,25223
325154713,25220
325160937,25224
325167101,25218
325172310,25223
325178529,25222
325184710,25217
325190931,25230
325197096,25222
325203263,25219
325209465,25221
325214931,25220
325221110,25219
325227261,25224
325233438,25217
325239606,25218
325245779,25223
325251980,25223
325258122,25221
325269487,25220
325275668,25220
325281822,25227
325288027,25220
325294194,25228
325300420,25224
325306569,25223
325312720,25215
325318873,25220
325325057,25222
325331231,25216
325337424,25222
325343588,25224
325349033,25224
325355235,25220
325362029,25225
325368194,25222
325374388,25220
325380598,25217
325386796,25218
325393013,25218
325404406,25216
325410648,25224
325416850,25220
325423080,25222
325429305,25216
325435542,25222
325440945,25217
325447104,25223
325453272,25219
325459463,25222
325464710,25223
325470881,25219
325477073,25224
325483229,25221
325489412,25218
325495620,25218
325501854,25225
325508087,25222
325514324,25217
325520553,25221
325526740,25221
325538402,25225
325544596,25220
325550809,25214
325557023,25221
325563165,25217
325569355,25219
325575162,25219
325581367,25215
325587550,25216
325593710,25220
325599167,25223
325605328,25226
325611551,25222
325617760,25222
325623976,25216
325630123,25217
325636272,25223
325642452,25210
325648634,25217
325654797,25215
325661046,25214
325667223,25226
325673407,25219
325679645,25226
325685832,25226
325692032,25228
325698252,25222
325704444,25224
325709684,25221
325715919,25221
325722147,25220
325728355,25226
325733853,25222
325740100,25218
325746295,25213
325752462,25216
325758639,25219
325763839,25221
325770042,25221
325776216,25225
325783048,25217
325789313,25223
325795525,25224
325801723,25224
325807883,25222
325814068,25219
325820259,25224
325826475,25223
325832613,25221
325838841,25224
325844283,25224
325850472,25222
325856651,25222
325862873,25220
325868093,25224
325874284,25219
325880471,25225
325886635,25224
325892819,25223
325898251,25222
325904404,25220
325910573,25225
325916775,25224
325923026,25225
325929258,25221
325942118,25225
325948380,25223
325954730,25225
325961010,25227
325967246,25230
325973440,25226
325979621,25228
325985821,25227
325992032,25223
325998161,25231
326005021,25233
326011162,25226
326017351,25228
326023572,25225
326028769,25226
326034981,25222
326041154,25227
326047356,25225
326053560,25222
326059701,25227
326065916,25224
326072082,25227
326083729,25228
326089957,25223
326096159,25226
326102329,25222
326108482,25221
326113734,25220
326119935,25226
326126102,25222
326132343,25230
326137782,25226
326144014,25223
326150180,25228
326156368,25223
326161588,25231
326167782,25225
326173949,25222
326180146,25224
326186360,25218
326192563,25228
326198707,25220
326204921,25223
326217263,25226
326223487,25223
326229723,25221
326235950,25222
326242150,25227
326247619,25230
326253748,25221
326259938,25225
326266148,25218
326272318,25221
326277527,25220
326283747,25225
326290009,25222
326296237,25226
326302471,25219
326308577,25228
326314784,25230
326320970,25223
326327135,25228
326333359,25227
326339603,25218
326351243,25214
326357468,25217
326363665,25218
326369838,25221
326376076,25222
326382226,25219
326388399,25216
326394574,25215
326400743,25222
326406935,25225
326412130,25217
326418348,25221
326425193,25217
326431441,25217
326436838,25221
326443018,25218
326449179,25220
326455346,25211
326461526,25215
326467704,25219
326473894,25225
326485335,25218
326491504,25217
326497696,25221
326503898,25214
326510072,25212
326516265,25221
326521715,25218
326527899,25223
326534113,25216
326540257,25218
326545471,25216
326551685,25218
326557949,25226
326564215,25222
326570474,25216
326576640,25218
326582833,25219
326589052,25223
326595233,25223
326601464,25225
326607611,25221
326613804,25221
326620001,25213
326626179,25218
326633050,25222
326639281,25211
326645465,25222
326651672,25215
326657113,25222
326663307,25222
326669470,25219
326675652,25223
326680847,25220
326687064,25223
326693269,25223
326699482,25222
326704903,25224
326711117,25224
326717324,25222
326723541,25217
326729732,25217
326735962,25215
326742152,25218
326748346,25217
326759710,25219
326765938,25214
326772087,25218
326778241,25217
326784443,25216
326790682,25225
326796913,25221
326803183,25222
326809469,25215
326815649,25227
326821837,25224
326828036,25218
326834212,25223
326839696,25225
326846506,25229
326852707,25224
326858899,25224
326865110,25224
326871268,25226
326877431,25222
326883702,25219
326895132,25222
326901350,25227
326907497,25226
326913628,25227
326919824,25225
326926015,25221
326931456,25226
326937622,25221
326943810,25218
326950035,25222
326956212,25214
326962409,25223
326968615,25221
326973800,25226
326979966,25221
326986156,25223
326992329,25218
326998517,25227
327004674,25225
327010839,25219
327017069,25223
327028689,25219
327034903,25218
327041127,25218
327047265,25225
327053439,25222
327060231,25221
327065453,25217
327071612,25226
327077818,25223
327084029,25224
327090222,25219
327096484,25215
327102696,25217
327108111,25218
327114297,25220
327120460,25220
327126632,25222
327132821,25222
327139030,25223
327145197,25211
327151398,25227
327162832,25217
327169051,25218
327175216,25215
327188276,25215
327194491,25214
327200716,25216
327206927,25217
327213132,25223
327219313,25215
327225538,25220
327231750,25218
327237953,25218
327244107,25212
327250248,25212
327256453,25220
327262645,25222
327268797,25219
327275606,25216
327281790,25220
327293278,25216
327299499,25224
327305696,25224
327311875,25224
327318084,25220
327324231,25218
327329675,25216
327335885,25221
327342085,25223
327348304,25222
327354450,25217
327360654,25225
327365867,25217
327372067,25221
327377483,25218
327383665,25221
327389819,25221
327396039,25217
327402195,25219
327408363,25221
327414508,25217
327420708,25210
327426913,25224
327433095,25220
327439289,25220
327445475,25221
327451687,25220
327457894,25223
327463125,25221
327469335,25218
327475537,25220
327482371,25219
327488644,25218
327494801,25220
327500978,25222
327507147,25221
327512613,25216
327518810,25224
327525034,25219
327531227,25218
327537408,25216
327543616,25220
327549758,25220
327555978,25217
327567412,25217
327573611,25228
327579823,25231
327586026,25228
327592210,25220
327597603,25219
327603771,25222
327609962,25225
327616138,25224
327622366,25224
327628550,25227
327634747,25225
327640973,25222
327646185,25226
327652392,25219
327658538,25219
327664685,25223
327670842,25218
327677029,25226
327683196,25222
327689423,25224
327701705,25227
327707925,25228
327714124,25230
327720241,25228
327726401,25227
327731581,25230
327737747,25225
327743935,25227
327750129,25234
327756296,25222
327762510,25222
327768721,25227
327774894,25230
327781084,25232
327787252,25221
327793479,25221
327799647,25226
327805831,25225
327812005,25225
327818168,25223
327824374,25221
327836007,25228
327842166,25223
327848344,25224
327854548,25229
327860733,25225
327866958,25229
327873149,25230
327879362,25224
327885620,25226
327891844,25227
327898116,25222
327905014,25221
327911193,25223
327917387,25221
327921831,25224
327928017,25223
327934197,25226
327940387,25227
327946590,25228
327952736,25233
327958937,25223
327970452,25224
327976607,25220
327982766,25221
327988961,25224
327995142,25218
328001354,25218
328006801,25221
328013032,25227
328019178,25229
328025324,25217
328031510,25219
328037677,25224
328043843,25218
328050066,25221
328055244,25229
328060660,25222
328066836,25221
328073067,25217
328079253,25224
328085459,25222
328091725,25220
328097966,25220
328104206,25222
328110398,25222
328117188,25223
328123400,25220
328129591,25220
328135756,25219
328140978,25224
328147197,25225
328153417,25224
328159634,25218
328165802,25223
328172025,25224
328178192,25223
328184399,25224
328189854,25219
328195419,25220
328201616,25223
328207807,25221
328214056,25227
328220256,25215
328226483,25218
328232692,25222
328244040,25227
328250199,25218
328256410,25218
328262609,25222
328268747,25221
328274982,25220
328281220,25216
328287466,25213
328293621,25224
328299822,25226
328306015,25223
328312167,25221
328318385,25223
328325201,25224
328330689,25224
328336924,25223
328343119,25216
328349326,25221
328355510,25226
328361699,25221
328367936,25225
328379356,25219
328385569,25219
328391726,25224
328397904,25225
328404112,25224
328410278,25222
328415739,25227
328421965,25218
328434807,25221
328441063,25223
328447343,25219
328453513,25227
328458715,25223
328464949,25227
328471130,25224
328477370,25225
328483528,25222
328489724,25226
328495937,25223
328502129,25232
328508336,25227
328514570,25223
328520688,25223
328526864,25227
328533072,25230
328539212,25228
328545327,25223
328551547,25227
328557694,25226
328563968,25226
328570218,25230
328576480,25232
328582690,25229
328588909,25227
328594401,25230
328599941,25232
328606169,25232
328612370,25230
328618551,25229
328624735,25232
328630936,25230
328637124,25230
328648493,25229
328654615,25233
328660774,25238
328666972,25231
328673153,25226
328678574,25236
328684765,25240
328691010,25234
328697161,25235
328703320,25230
328709524,25232
328715744,25233
328721992,25232
328728209,25240
328734381,25237
328740558,25234
328746745,25232
328753530,25231
328759763,25234
328765975,25232
328772183,25235
328783553,25230
328789667,25230
328795848,25233
328802057,25233
328808231,25233
328813717,25224
328819937,25234
328826134,25233
328832272,25230
328838482,25232
328844668,25235
328850821,25234
328857027,25236
328863225,25234
328868409,25227
328874600,25230
328880748,25230
328886882,25237
328893091,25232
328899275,25234
328905501,25233
328917073,25231
328923219,25231
328929359,25230
328935543,25230
328941730,25230
328947939,25228
328954140,25226
328960309,25227
328967169,25223
328973349,25232
328979528,25226
328985684,25222
328991877,25228
328998114,25226
329003276,25227
329009481,25230
329014958,25232
329021164,25228
329027393,25226
329033669,25231
329039892,25227
329051402,25224
329057585,25226
329063745,25235
329069882,25230
329076098,25224
329082281,25222
329087728,25224
329093976,25234
329100141,25227
329106333,25227
329112539,25226
329118720,25217
329124919,25233
329131096,25225
329136280,25226
329142471,25227
329148628,25225
329154058,25225
329160259,25228
329166430,25240
329172630,25232
329179376,25227
329185537,25229
329191747,25222
329197947,25226
329204141,25226
329210321,25228
329216484,25235
329221678,25232
329227868,25224
329234077,25225
329240271,25229
329246513,25223
329252708,25230
329258874,25226
329265071,25229
329271239,25231
329277493,25223
329283681,25226
329289106,25228
329295240,25227
329301431,25227
329307623,25232
329313769,25224
329325203,25226
329331415,25228
329337626,25227
329343883,25229
329350146,25220
329356365,25226
329362588,25235
329368761,25230
329374948,25229
329381122,25229
329388002,25229
329394187,25224
329400414,25234
329405857,25233
329412036,25228
329418253,25228
329423477,25235
329429681,25230
329435875,25229
329442061,25237
329448230,25228
329454408,25231
329460558,25233
329466667,25229
329472824,25231
329479047,25233
329485240,25229
329490713,25229
329496966,25226
329503158,25233
329509333,25231
329515503,25226
329521654,25234
329527836,25227
329534066,25230
329540254,25231
329546449,25233
329552626,25233
329557860,25228
329564089,25235
329570284,25231
329576509,25224
329582713,25232
329588860,25235
329595530,25236
329601791,25227
329607982,25232
329614160,25231
329620396,25233
329625804,25237
329632008,25237
329638158,25230
329644340,25236
329650510,25231
329656703,25234
329662866,25230
329669105,25232
329681876,25230
329688115,25233
329694359,25236
329700579,25231
329706760,25233
329712978,25236
329719155,25238
329730528,25234
329736696,25236
329742925,25232
329749139,25232
329754582,25236
329760763,25228
329767010,25227
329773196,25228
329779403,25236
329785570,25229
329791734,25232
329797885,25229
329804090,25228
329810301,25232
329816211,25226
329822432,25230
329828592,25233
329834739,25225
329840930,25226
329847122,25229
329853305,25227
329864992,25227
329871178,25230
329877358,25235
329883557,25235
329888757,25234
329894930,25231
329901139,25225
329907317,25230
329913589,25230
329919698,25227
329925868,25225
329932045,25230
329938256,25235
329944506,25230
329949981,25231
329956228,25234
329962469,25223
329968707,25230
329974892,25233
329981098,25225
329987215,25221
329998612,25232
330004796,25231
330010968,25229
330017139,25223
330023957,25232
330030205,25230
330036424,25233
330042590,25227
330048785,25230
330054999,25234
330061235,25231
330067488,25236
330073731,25237
330079925,25232
330085431,25228
330091645,25224
330097859,25232
330103097,25227
330109281,25227
330115522,25229
330121641,25231
330133242,25231
330139465,25227
330145696,25226
330151893,25230
330158079,25234
330163277,25228
330169504,25234
330175712,25228
330181982,25234
330188198,25231
330194439,25229
330200672,25237
330206926,25226
330213130,25233
330218580,25224
330224780,25228
330231009,25240
330237844,25231
330244082,25230
330250289,25230
330256493,25228
330267921,25227
330274100,25237
330280300,25234
330286511,25231
330292682,25228
330298147,25231
330304316,25231
330310513,25232
330316693,25232
330322854,25230
330329117,25235
330335276,25233
330341458,25239
330347652,25240
330352863,25237
330359094,25237
330365364,25224
330371592,25242
330377842,25236
330384053,25233
330390208,25242
330401813,25235
330408068,25237
330414256,25235
330420433,25233
330426647,25237
330431866,25239
330438064,25242
330444262,25233
330451146,25236
330457293,25240
330463499,25235
330469622,25237
330475782,25232
330481996,25237
330487443,25234
330493607,25241
330499829,25243
330506062,25237
330512249,25240
330518421,25237
330524561,25235
330535944,25237
330542121,25233
330548305,25241
330554530,25237
330560695,25233
330566872,25239
330573074,25232
330579277,25234
330585490,25240
330591651,25240
330597819,25241
330604006,25239
330610163,25236
330616397,25237
330621864,25237
330628086,25240
330634254,25239
330640443,25243
330646629,25231
330652783,25234
330659570,25239
330670986,25236
330677156,25233
330683394,25228
330689588,25234
330695785,25233
330702000,25237
330707496,25235
330713677,25234
330719834,25235
330726074,25237
330732206,25235
330738353,25233
330744508,25227
330750709,25240
330755947,25236
330762164,25239
330768359,25233
330774554,25232
330780713,25240
330786911,25235
330793108,25241
330798523,25237
330809927,25228
330816137,25237
330822372,25233
330828601,25228
330834817,25234
330840264,25228
330846437,25235
330852637,25232
330858806,25232
330865008,25229
330871854,25236
330878091,25231
330884272,25230
330890432,25228
330896650,25235
330902815,25233
330909053,25242
330915293,25229
330928128,25232
330934334,25236
330940614,25223
330946770,25236
330952998,25235
330959190,25232
330965359,25236
330970590,25236
330976765,25234
330982926,25234
330989102,25236
330995264,25233
331001447,25229
331007633,25231
331013838,25236
331020027,25235
331025458,25233
331031649,25232
331037814,25234
331044063,25231
331050205,25235
331056362,25236
331062519,25240
331067723,25242
331073893,25230
331080103,25232
331086889,25234
331093136,25235
331099330,25232
331104784,25229
331111015,25239
331117201,25234
331123356,25233
331129508,25234
331135698,25234
331141873,25225
331148074,25239
331154221,25233
331159415,25231
331165584,25241
331171754,25239
331177934,25235
331184135,25238
331190335,25234
331196520,25241
331201953,25237
331208125,25237
331214325,25234
331220495,25237
331226676,25233
331232837,25231
331239070,25237
331245194,25237
331251330,25230
331257531,25233
331263749,25242
331269968,25237
331276166,25238
331282312,25229
331288474,25231
331294678,25239
331301422,25237
331307596,25232
331313778,25236
331319977,25233
331326184,25236
331332361,25237
331337592,25238
331343769,25235
331355374,25233
331361549,25238
331367733,25230
331373904,25236
331379152,25240
331385344,25239
331391532,25240
331397672,25242
331403820,25240
331410006,25236
331416190,25241
331422396,25237
331428586,25237
331433986,25236
331440156,25243
331446300,25237
331452496,25246
331458636,25229
331464821,25233
331471094,25240
331477238,25239
331488644,25242
331494827,25239
331501053,25238
331507831,25243
331513330,25240
331519532,25241
331525717,25247
331531885,25241
331538086,25251
331544220,25239
331550402,25242
331556606,25240
331562821,25250
331568069,25248
331574276,25241
331580530,25247
331586705,25243
331592867,25240
331599048,25244
331605205,25241
331611401,25242
331623059,25245
331629264,25247
331635478,25242
331641681,25243
331647892,25239
331654127,25241
331660256,25242
331666452,25249
331672640,25251
331678819,25240
331684995,25239
331691155,25244
331697329,25246
331702544,25240
331708729,25239
331714902,25241
331721636,25241
331727779,25242
331733996,25247
331740184,25240
331746404,25244
331757098,25238
331763274,25248
331769524,25248
331775668,25243
331781813,25238
331787252,25242
331793352,25240
331799511,25241
331805711,25245
331811860,25244
331818086,25246
331824246,25240
331830441,25245
331836661,25247
331841875,25235
331848131,25239
331854312,25238
331860529,25245
331866684,25243
331872864,25246
331879042,25240
331885222,25242
331895900,25240
331902162,25236
331908425,25235
331914637,25243
331920884,25245
331927130,25241
331933954,25242
331940150,25242
331946312,25242
331952514,25246
331958677,25241
331964872,25245
331971055,25237
331976483,25235
331982664,25243
331988835,25237
331995059,25234
332001191,25244
332007340,25240
332013508,25240
332019725,25234
332030323,25248
332036503,25242
332042702,25253
332048857,25246
332055084,25243
332061292,25242
332067514,25243
332073770,25242
332080011,25240
332086221,25246
332092484,25236
332098673,25244
332104855,25243
332110132,25240
332116376,25238
332122597,25248
332128802,25233
332134966,25244
332141754,25246
332148017,25241
332154193,25241
332164794,25241
332177587,25240
332183830,25245
332190025,25239
332195471,25246
332201637,25245
332207856,25242
332214101,25239
332220282,25240
332226471,25240
332232684,25243
332238885,25245
332245166,25242
332251428,25243
332257674,25240
332263883,25239
332270082,25237
332276205,25240
332282355,25240
332292996,25242
332299163,25245
332305356,25236
332311581,25247
332317791,25240
332324001,25240
332330192,25245
332336366,25241
332342603,25246
332348721,25243
332354893,25247
332361652,25252
332367829,25243
332373215,25240
332379393,25246
332385653,25237
332391845,25246
332398078,25243
332404248,25249
332410486,25244
332416704,25245
332427289,25241
332433553,25240
332439723,25235
332445873,25248
332452054,25248
332458294,25251
332464520,25241
332469968,25247
332476182,25250
332482321,25244
332488490,25247
332494714,25246
332500949,25246
332507206,25247
332513457,25245
332519734,25249
332525930,25253
332532129,25248
332538314,25245
332544485,25250
332550664,25249
332562110,25243
332568888,25251
332575129,25251
332581392,25250
332587613,25247
332593743,25244
332599955,25249
332605399,25247
332611569,25255
332617763,25243
332623903,25248
332630123,25249
332636241,25246
332642423,25252
332647653,25244
332653862,25245
332660089,25245
332666254,25243
332672428,25247
332678617,25244
332684801,25250
332696400,25243
332702648,25245
332708876,25242
332715114,25243
332721333,25238
332727580,25250
332733779,25237
332738985,25243
332745208,25244
332751434,25241
332757591,25243
332763713,25245
332769913,25242
332776111,25246
332782166,25248
332788322,25241
332794475,25245
332800653,25246
332806840,25240
332813059,25242
332819211,25241
332830615,25238
332836767,25238
332842954,25239
332849142,25244
332855322,25241
332861527,25240
332867757,25238
332873222,25240
332879365,25244
332885579,25245
332891770,25239
332897942,25238
332904126,25242
332910318,25245
332916511,25242
332922710,25253
332928911,25244
332935105,25243
332941307,25241
332947497,25239
332953664,25243
332959856,25245
332966053,25243
332972228,25237
332978412,25238
332983631,25237
332990365,25242
332996619,25240
333002780,25240
333008188,25241
333014354,25237
333020511,25244
333026735,25238
333032906,25240
333039118,25232
333045288,25241
333051486,25239
333056687,25235
333062871,25240
333069028,25242
333075241,25241
333081440,25237
333087657,25246
333093891,25246
333100121,25246
333106371,25241
333112596,25241
333118107,25238
333124323,25249
333130514,25238
333136688,25243
333141913,25239
333148146,25239
333154315,25240
333160556,25244
333166712,25241
333172855,25242
333179064,25245
333185217,25239
333190712,25238
333196904,25247
333203712,25245
333209898,25237
333216121,25242
333222270,25244
333228429,25249
333239892,25239
333246099,25241
333252284,25241
333258488,25235
333264690,25241
333270907,25241
333276364,25244
333282537,25238
333288725,25242
333294926,25232
333301132,25241
333307270,25238
333313492,25239
333319683,25240
333324908,25237
333331131,25243
333337373,25244
333343612,25245
333349830,25247
333356051,25243
333362300,25248
333374003,25247
333380189,25237
333386324,25243
333392531,25242
333397710,25239
333403866,25247
333410040,25241
333423735,25236
333430016,25242
333436261,25244
333442487,25252
333448703,25245
333453919,25241
333460168,25240
333466357,25239
333472544,25249
333478721,25241
333484906,25242
333491148,25243
333497329,25248
333503580,25249
333509739,25242
333515954,25247
333522160,25247
333527596,25247
333533861,25246
333540103,25243
333545363,25242
333551579,25246
333557782,25247
333564016,25246
333570236,25248
333576486,25245
333582635,25243
333588824,25248
333595062,25246
333601290,25246
333607502,25249
333613670,25242
333619825,25249
333626024,25245
333632784,25247
333644402,25239
333650559,25245
333656712,25241
333661906,25241
333668124,25245
333674274,25249
333680498,25243
333686716,25242
333692900,25242
333699076,25243
333705238,25243
333711424,25238
333717649,25242
333723917,25239
333729444,25240
333735707,25242
333741956,25242
333748189,25239
333754377,25239
333760567,25242
333766753,25240
333778140,25238
333784315,25245
333790534,25238
333795996,25248
333802197,25237
333808327,25240
333814468,25242
333820635,25236
333826800,25239
333832991,25235
333839198,25244
333846079,25238
333852263,25239
333858430,25237
333863589,25236
333869796,25238
333875994,25243
333882244,25238
333888463,25238
333894696,25241
333900884,25241
333912550,25250
333918785,25240
333925011,25237
333931224,25242
333937331,25239
333943484,25237
333949651,25243
333954890,25241
333961049,25238
333967260,25237
333973464,25236
333979628,25239
333985718,25239
333991913,25239
333997405,25239
334003635,25235
334009869,25236
334016082,25236
334022311,25237
334028552,25236
334034715,25244
334040906,25234
334047147,25239
334054030,25239
334060205,25243
334066351,25241
334071540,25237
334077702,25233
334083864,25231
334089274,25229
334095447,25241
334101630,25239
334107853,25236
334114096,25233
334120302,25232
334126471,25232
334131632,25236
334137817,25238
334143983,25234
334150161,25236
334156339,25235
334162520,25239
334168666,25230
334174828,25231
334180975,25245
334187178,25236
334193343,25238
334199548,25234
334205676,25231
334211803,25238
334217993,25240
334223428,25237
334229599,25234
334235779,25235
334241957,25234
334248174,25239
334254340,25237
334260538,25232
334266363,25239
334272550,25235
334278695,25229
334284858,25236
334291054,25241
334297203,25238
334303390,25234
334309617,25235
334321230,25233
334327370,25234
334333536,25240
334339701,25230
334345904,25234
334352132,25234
334357341,25236
334363580,25238
334369719,25240
334375886,25238
334382139,25238
334388291,25234
334394494,25236
334400713,25233
334406888,25239
334413104,25236
334419252,25241
334425456,25240
334431674,25234
334437833,25235
334444047,25236
334455660,25238
334461822,25248
334467953,25232
334474813,25246
334481013,25237
334486211,25238
334492374,25239
334498550,25237
334504682,25237
334510913,25242
334517128,25240
334523274,25239
334529472,25239
334535634,25243
334540998,25238
334547243,25238
334553390,25239
334559586,25243
334565781,25237
334571999,25244
334578200,25239
334589676,25238
334595880,25241
334602117,25237
334608346,25241
334614584,25236
334620786,25246
334626968,25240
334633166,25237
334639350,25238
334645602,25237
334651773,25236
334664557,25235
334670022,25237
334676295,25237
334682542,25238
334688740,25239
334695588,25246
334701784,25248
334708022,25239
334719515,25239
334725694,25237
334731897,25239
334738126,25234
334744330,25240
334750566,25240
334756740,25242
334762152,25236
334768372,25234
334774538,25236
334780769,25241
334786940,25241
334793174,25246
334799330,25239
334804532,25239
334810703,25237
334816853,25234
334823025,25238
334829223,25238
334835385,25238
334841592,25238
334847797,25242
334854079,25235
334860292,25231
334866499,25232
334872698,25237
334878882,25232
334885122,25235
334891360,25227
334896109,25232
334902919,25235
334909161,25234
334915398,25233
334921566,25237
334927782,25236
334934010,25231
334939247,25236
334945460,25240
334951647,25232
334957866,25233
334964062,25233
334970237,25235
334976450,25236
334982711,25240
334994358,25229
335000572,25232
335006772,25227
335012938,25230
335019144,25231
335025288,25232
335030472,25231
335035927,25228
335042155,25231
335048397,25220
335054557,25230
335060730,25226
335066946,25230
335073199,25227
335079411,25231
335085650,25227
335091916,25236
335098138,25228
335104286,25227
335110450,25237
335117226,25234
335128620,25224
335134800,25225
335140971,25227
335147141,25222
335153312,25225
335159492,25223
335164915,25226
335170105,25225
335176313,25225
335182564,25228
335188708,25227
335194932,25228
335201144,25225
335207325,25225
335213542,25227
335219714,25231
335225877,25228
335232087,25226
335238248,25224
335244475,25229
335250688,25228
335262317,25224
335268492,25227
335274705,25222
335280916,25226
335287139,25225
335293286,25222
335298518,25226
335304690,25221
335310830,25221
335317024,25217
335323826,25226
335330112,25223
335336290,25227
335342454,25222
335347902,25227
335354131,25230
335360321,25221
335366479,25221
335372674,25228
335378871,25229
335385108,25221
335391304,25226
335397477,25228
335403659,25222
335409874,25216
335416069,25222
335422272,25223
335428380,25224
335433638,25224
335439846,25220
335445291,25233
335451527,25226
335457737,25224
335463960,25223
335470168,25219
335476311,25220
335482491,25217
335488651,25230
335494846,25228
335501029,25225
335507241,25230
335513404,25226
335519584,25230
335525801,25223
335532004,25226
335538840,25228
335545037,25225
335551214,25232
335557300,25226
335563475,25224
335568683,25226
335574863,25226
335580323,25234
335586515,25225
335592748,25227
335598954,25232
335605183,25229
335611306,25226
335617454,25225
335622653,25228
335628849,25224
335635043,25224
335641243,25227
335647463,25224
335653667,25225
335659831,25220
335671565,25222
335677815,25232
335684042,25224
335690286,25219
335696497,25220
335702690,25223
335708908,25214
335715151,25222
335721335,25222
335727521,25224
335733761,25214
335739974,25222
335746883,25222
335753123,25221
335758354,25218
335764566,25217
335770771,25222
335776968,25218
335783199,25220
335789452,25217
335795675,25223
335807354,25213
335813561,25216
335819741,25220
335825873,25221
335832048,25216
335838241,25215
335843421,25220
335849660,25216
335855787,25221
335861959,25216
335868165,25218
335874334,25214
335880567,25218
335886762,25215
335892169,25219
335898401,25215
335904547,25217
335917404,25217
335923673,25216
335935144,25216
335941334,25218
335947594,25216
335953723,25222
335959888,25220
335966704,25217
335972160,25221
335978396,25212
335984582,25220
335990795,25219
335996980,25218
336003183,25224
336009411,25222
336015585,25222
336020794,25217
336026966,25215
336033205,25220
336039426,25220
336045623,25221
336051772,25220
336057977,25222
336069592,25223
336075790,25228
336081962,25225
336088152,25225
336094323,25225
336100517,25223
336105704,25224
336111875,25221
336118075,25230
336124275,25221
336130473,25219
336136672,25218
336142845,25222
336149005,25220
336155179,25233
336161346,25225
336167551,25225
336174313,25225
336180583,25224
336186762,25227
336192971,25224
336204604,25244
336210822,25239
336217040,25235
336223254,25238
336229401,25240
336235551,25248
336240751,25245
336246944,25247
336253135,25243
336259302,25240
336264720,25246
336270912,25249
336277154,25249
336283342,25242
336289514,25245
336294710,25246
336300912,25256
336307143,25249
336313380,25243
336319622,25255
336325823,25254
336332093,25257
336338265,25258
336344471,25252
336350700,25260
336356853,25260
336363003,25252
336369205,25254
336374656,25259
336380881,25260
336387680,25257
336393904,25266
336400151,25261
336406338,25257
336412529,25254
336418727,25259
336424920,25259
336430150,25263
336436319,25261
336442497,25249
336448694,25262
336454866,25259
336461048,25258
336467249,25259
336478895,25272
336485078,25263
336491243,25265
336497364,25266
336503526,25267
336509694,25267
336515920,25267
336522140,25260
336528310,25263
336534491,25263
336540643,25268
336546819,25276
336553064,25269
336559235,25275
336564433,25269
336570650,25269
336576778,25269
336582955,25269
336589169,25275
336595952,25264
336602207,25265
336613817,25268
336619948,25268
336626149,25272
336632307,25272
336638451,25276
336644590,25271
336649787,25267
336655948,25273
336662147,25276
336668332,25269
336674565,25279
336680015,25270
336686220,25277
336692368,25274
336698563,25269
336704735,25278
336710888,25270
336717100,25274
336723273,25273
336729475,25266
336735676,25275
336747105,25270
336753316,25271
336759552,25270
336765784,25271
336772010,25263
336778205,25267
336783667,25264
336789873,25265
336796121,25271
336802286,25263
336809127,25271
336814319,25269
336820535,25263
336826700,25270
336832847,25272
336838280,25271
336844462,25263
336850681,25265
336856863,25271
336863092,25268
336869262,25270
336875415,25265
336881594,25255
336887767,25258
336893947,25259
336900162,25255
336906319,25253
336912512,25257
336917689,25257
336923871,25258
336930084,25256
336936289,25252
336942523,25255
336947964,25259
336954174,25254
336960297,25251
336966525,25254
336972740,25251
336978923,25254
336985162,25257
336991348,25253
336997561,25260
337003769,25249
337010010,25257
337022290,25248
337028465,25251
337034632,25248
337040831,25251
337047042,25251
337052288,25251
337058489,25248
337064677,25245
337070869,25252
337077107,25253
337083353,25242
337089541,25249
337095702,25245
337101886,25248
337108094,25253
337113541,25256
337119713,25251
337125907,25246
337132147,25247
337138286,25248
337144470,25245
337162686,25244
337168912,25240
337175202,25243
337181359,25239
337187530,25243
337193731,25244
337199907,25244
337206130,25246
337212312,25241
337217529,25243
337223704,25241
337229886,25240
337236714,25242
337242116,25243
337248291,25241
337254456,25242
337260637,25245
337266829,25243
337273076,25247
337279277,25244
337285408,25239
337291615,25235
337297836,25233
337304061,25231
337310256,25234
337316405,25235
337321571,25232
337327774,25233
337333938,25236
337340110,25235
337346306,25236
337351756,25239
337357942,25239
337364181,25232
337370342,25237
337375549,25234
337381713,25240
337387961,25232
337394143,25230
337400325,25234
337406575,25239
337412805,25242
337418978,25239
337425180,25229
337431391,25229
337437611,25233
337444334,25233
337450589,25229
337456046,25229
337462250,25234
337468423,25235
337474609,25229
337480802,25228
337486038,25228
337492202,25224
337498358,25233
337504589,25234
337509997,25230
337516209,25231
337522355,25231
337528556,25228
337534767,25231
337540926,25236
337547149,25233
337553298,25234
337564658,25231
337570861,25234
337577007,25235
337583222,25238
337589393,25230
337594901,25234
337601097,25233
337607252,25233
337613397,25231
337619559,25234
337624764,25232
337630932,25232
337637125,25234
337643251,25230
337648711,25233
337654935,25231
337661767,25236
337667960,25228
337674200,25232
337680385,25238
337686594,25230
337692759,25232
337698932,25231
337705138,25228
337711321,25228
337717526,25226
337723675,25227
337728926,25230
337735130,25231
337741309,25228
337747531,25230
337753705,25223
337759170,25230
337765376,25229
337771591,25230
337777818,25228
337783062,25228
337789313,25230
337795541,25228
337801737,25220
337807949,25225
337814170,25228
337820364,25228
337826609,25231
337832793,25228
337838954,25223
337845116,25223
337851275,25223
337857492,25216
337862961,25219
337869794,25218
337875976,25217
337882182,25218
337888317,25223
337893508,25225
337899701,25225
337905831,25219
337912007,25222
337917429,25220
337923608,25220
337929834,25220
337936076,25217
337942262,25215
337948445,25215
337954651,25224
337960817,25227
337966976,25226
337978369,25220
337984592,25221
337990761,25220
337996189,25221
338002390,25208
338008539,25218
338014778,25219
338020970,25221
338027186,25216
338032395,25213
338038603,25217
338044773,25221
338050940,25220
338057122,25218
338063270,25209
338069524,25220
338075685,25211
338082466,25222
338088708,25213
338094862,25217
338101049,25214
338107251,25218
338113384,25219
338119610,25212
338125758,25205
338131208,25218
338137358,25212
338143535,25212
338149716,25215
338155926,25213
338162181,25208
338167387,25217
338173589,25208
338179715,25214
338185884,25212
338191309,25208
338197521,25206
338203678,25213
338209861,25212
338216088,25212
338222297,25211
338228481,25201
338234671,25213
338240871,25214
338247048,25203
338253256,25209
338259441,25209
338265628,25209
338271828,25213
338277977,25205
338284234,25215
338290995,25211
338297201,25210
338302393,25209
338308629,25211
338314781,25212
338320967,25215
338326400,25212
338332593,25211
338338875,25205
338345142,25204
338351382,25209
338357597,25208
338363811,25208
338369993,25206
338376185,25210
338387620,25212
338393807,25208
338406808,25203
338413067,25207
338419356,25209
338425542,25204
338431727,25211
338437909,25211
338444165,25209
338450351,25207
338455900,25209
338462111,25209
338468334,25214
338474585,25207
338480785,25209
338486963,25207
338493187,25212
338499407,25210
338506194,25208
338517603,25201
338523488,25203
338529676,25197
338535115,25204
338541307,25207
338547487,25205
338553685,25204
338559889,25203
338566129,25207
338572279,25203
338578410,25201
338584594,25199
338589857,25202
338596052,25195
338602252,25199
338608414,25198
338614653,25202
338620834,25199
338626997,25205
338633149,25204
338639292,25199
338650899,25190
338657090,25199
338663329,25196
338668563,25196
338674769,25196
338681007,25198
338687254,25198
338693503,25198
338699720,25203
338705891,25204
338712070,25201
338718797,25194
338724223,25200
338730366,25196
338736582,25199
338742783,25199
338748975,25197
338755188,25192
338761354,25197
338767497,25194
338773658,25196
338779838,25192
338786003,25198
338792234,25192
338798391,25192
338803620,25185
338809796,25189
338815971,25197
338822172,25196
338828362,25188
338834590,25188
338840745,25194
338846897,25196
338853131,25192
338858615,25198
338864869,25196
338871130,25189
338877382,25191
338883578,25189
338889772,25195
338895924,25190
338902123,25188
338908320,25184
338914462,25192
338926357,25187
338932635,25188
338938070,25184
338944285,25186
338950473,25188
338956651,25186
338962864,25188
338969060,25181
338975278,25185
338981404,25183
338986638,25184
338992761,25188
338998910,25191
339005078,25189
339011256,25189
339017443,25197
339023668,25187
339029804,25183
339035982,25187
339042157,25194
339048291,25187
339059949,25174
339066190,25185
339072348,25185
339078538,25184
339084697,25182
339090918,25187
339097097,25185
339103266,25188
339109416,25176
339115569,25182
339121770,25176
339127973,25179
339133234,25178
339140107,25181
339146291,25187
339152543,25186
339158731,25186
339164871,25187
339171040,25188
339177238,25179
339183450,25182
339195134,25179
339201335,25183
339207497,25177
339212694,25185
339218858,25180
339225035,25183
339231199,25184
339237370,25177
339243558,25177
339249744,25181
339255910,25179
339262102,25181
339267523,25181
339273678,25179
339279880,25173
339286074,25174
339292271,25174
339298452,25182
339304668,25182
339310863,25177
339317077,25175
339328510,25175
339334775,25176
339341009,25173
339346528,25182
339353463,25172
339359710,25177
339365930,25178
339372116,25173
339378287,25171
339384439,25176
339390630,25180
339396827,25176
339401281,25173
339407505,25174
339413707,25176
339419898,25187
339426071,25174
339432255,25173
339438446,25171
339444584,25175
339450732,25176
339456920,25172
339463125,25167
339469299,25165
339475483,25170
339480711,25171
339486875,25169
339493011,25168
339499224,25170
339505399,25167
339511615,25166
339517756,25166
339523871,25167
339530034,25168
339535886,25171
339541345,25165
339547520,25172
339553701,25164
339560515,25171
339566734,25173
339572930,25170
339579140,25168
339585383,25159
339591572,25163
339603002,25161
339609200,25160
339615391,25163
339621621,25162
339627768,25163
339633897,25162
339640067,25168
339652865,25164
339659070,25160
339665328,25158
339670112,25154
339676272,25161
339682456,25164
339688664,25156
339694875,25157
339701089,25159
339707299,25164
339713487,25157
339719711,25162
339725925,25161
339732153,25148
339738311,25154
339744487,25158
339749659,25155
339755787,25157
339761969,25153
339768223,25153
339775045,25153
339781280,25152
339787441,25154
339793657,25153
339799795,25155
339804601,25158
339810797,25152
339816980,25154
339823223,25154
339829344,25154
339835504,25153
339841679,25160
339847861,25159
339854028,25152
339860278,25154
339866393,25160
339872579,25145
339878776,25152
339883936,25151
339890156,25155
339896327,25151
339902533,25153
339908725,25151
339914850,25150
339920998,25156
339927213,25151
339933406,25150
339938902,25149
339944409,25149
339950592,25151
339956762,25149
339962983,25149
339969191,25149
339975318,25145
339981531,25149
339988296,25147
339994465,25151
340000653,25149
340012060,25152
340018291,25147
340024541,25142
340030719,25147
340036829,25153
340043045,25148
340049232,25150
340055417,25151
340061635,25146
340067808,25145
340073267,25145
340078836,25145
340085004,25138
340091209,25142
340097356,25140
340103536,25147
340109711,25149
340115884,25140
340121992,25146
340128214,25141
340134352,25140
340140511,25150
340146698,25149
340152892,25145
340158107,25142
340164301,25148
340170523,25148
340176739,25148
340182917,25141
340189120,25144
340195884,25145
340202058,25142
340207488,25136
340213021,25140
340219244,25145
340225387,25141
340231552,25141
340237711,25137
340243892,25138
340250091,25144
340256294,25138
340262490,25141
340268683,25149
340274860,25145
340286211,25139
340292391,25148
340298568,25140
340304734,25148
340310889,25143
340317079,25135
340323296,25138
340329468,25138
340335682,25144
340341096,25133
340347315,25140
340353485,25138
340359670,25141
340365866,25142
340372026,25131
340378222,25134
340384425,25136
340390591,25134
340396802,25138
340403566,25143
340409847,25140
340421381,25138
340427628,25136
340433086,25134
340439274,25135
340445393,25135
340451571,25138
340457765,25135
340463967,25135
340470218,25140
340475411,25126
340481639,25141
340487796,25134
340493950,25131
340500120,25133
340506298,25130
340512519,25140
340518715,25132
340524858,25130
340531029,25128
340537312,25125
340543551,25133
340555343,25129
340561610,25126
340567099,25127
340573320,25128
340579550,25124
340585759,25127
340591979,25127
340598234,25121
340604462,25128
340609680,25126
340616441,25123
340622691,25131
340628207,25127
340634365,25124
340640511,25123
340646667,25127
340652858,25126
340659038,25128
340665260,25122
340671459,25124
340677657,25127
340689112,25117
340695321,25129
340701461,25131
340707646,25122
340713790,25117
340719943,25115
340726206,25123
340732388,25125
340738630,25126
340744088,25121
340750313,25121
340756501,25121
340762690,25117
340768869,25117
340775008,25115
340781224,25120
340787366,25120
340793553,25121
340799755,25123
340805928,25125
340812159,25122
340824217,25118
340830408,25124
340836614,25124
340842062,25121
340848276,25118
340854417,25124
340860623,25124
340866800,25128
340872979,25121
340878185,25122
340884352,25113
340897165,25120
340902682,25123
340908945,25119
340915209,25126
340921357,25119
340927523,25118
340933704,25118
340939905,25116
340946116,25122
340957533,25116
340963774,25119
340969972,25120
340976162,25115
340982362,25123
340988583,25122
340994831,25123
341001071,25115
341007326,25120
341013536,25120
341019744,25121
341025923,25126
341032164,25118
341037615,25121
341044323,25123
341050465,25122
341056650,25123
341062813,25127
341068977,25118
341075194,25124
341081375,25121
341087549,25119
341093729,25119
341099891,25115
341106125,25118
341111324,25120
341117514,25122
341123715,25119
341129890,25120
341136088,25119
341142285,25119
341147681,25120
341153869,25125
341160111,25116
341166320,25124
341171526,25129
341177747,25118
341183910,25122
341190042,25118
341196200,25121
341202373,25125
341208548,25125
341214755,25121
341220940,25112
341227125,25124
341233311,25122
341239503,25121
341244958,25120
341251148,25120
341257958,25120
341264151,25122
341270324,25123
341276426,25125
341282596,25122
341288812,25117
341294958,25124
341301146,25125
341306351,25119
341312567,25126
341318726,25119
341324870,25126
341331037,25130
341337249,25126
341343449,25126
341349682,25121
341355879,25127
341367479,25125
341373654,25126
341378873,25119
341385031,25116
341391276,25120
341397490,25122
341403720,25117
341409942,25121
341416173,25119
341421599,25115
341427800,25123
341433993,25124
341440246,25122
341445386,25123
341451557,25125
341457786,25123
341464601,25120
341470817,25123
341476985,25125
341483191,25126
341489371,25124
341495607,25123
341501800,25118
341507921,25117
341513370,25121
341519582,25120
341525732,25122
341531989,25119
341538190,25121
341544359,25114
341550552,25115
341556755,25121
341562938,25115
341569128,25116
341575293,25118
341580516,25112
341586710,25113
341592902,25114
341599072,25111
341605238,25114
341611400,25117
341617628,25118
341623816,25116
341630016,25125
341641640,25120
341647842,25110
341654052,25110
341660252,25111
341666440,25109
341672597,25110
341679383,25111
341685590,25113
341691842,25114
341697026,25109
341703192,25114
341709361,25115
341714788,25112
341720953,25115
341727188,25111
341733382,25110
341739546,25107
341745684,25112
341751883,25114
341758123,25109
341764327,25114
341775681,25107
341781804,25109
341787972,25110
341794166,25111
341800351,25109
341806558,25117
341812726,25115
341818924,25107
341825106,25107
341830548,25109
341836717,25111
341842871,25116
341849034,25108
341855230,25111
341861426,25116
341867618,25109
341873838,25107
341880053,25115
341886922,25112
341893150,25114
341899345,25111
341910720,25105
341916836,25110
341922281,25109
341928400,25117
341934571,25107
341940739,25110
341946935,25110
341953142,25108
341959321,25108
341964505,25113
341970670,25114
341976837,25106
341982988,25113
341989168,25115
341995299,25115
342001438,25112
342007678,25109
342013844,25113
342020037,25118
342026266,25108
342032470,25117
342038685,25114
342044841,25105
342051050,25114
342056515,25115
342062712,25109
342068926,25112
342075166,25107
342081356,25118
342087525,25111
342093732,25116
342099486,25115
342105676,25113
342111840,25115
342117995,25118
342124171,25119
342130343,25114
342143428,25116
342149621,25118
342155899,25113
342162154,25114
342168343,25119
342179700,25118
342185854,25122
342192022,25122
342198198,25117
342204397,25113
342210595,25120
342216784,25123
342222917,25125
342229141,25120
342235332,25126
342241489,25118
342247678,25125
342253855,25117
342259292,25121
342265475,25117
342271710,25116
342277894,25109
342284072,25124
342290280,25115
342296452,25119
342302634,25119
342314863,25112
342321014,25117
342326262,25118
342332429,25119
342338685,25112
342344833,25122
342351025,25109
342357278,25118
342363474,25114
342369686,25116
342375867,25117
342382026,25118
342388236,25117
342394394,25117
342400564,25104
342406790,25114
342412965,25115
342419177,25113
342425376,25117
342431587,25112
342437783,25120
342449361,25109
342455599,25113
342460841,25115
342467084,25110
342473363,25117
342479604,25108
342485823,25116
342492090,25115
342498346,25114
342503814,25115
342509972,25112
342516217,25113
342522995,25111
342529238,25117
342534475,25111
342540670,25110
342546776,25113
342552915,25115
342559107,25113
342565323,25108
342571509,25106
342583140,25115
342589387,25117
342594595,25111
342600823,25119
342607021,25111
342613194,25112
342619388,25111
342625599,25117
342631791,25115
342637233,25110
342643367,25105
342649513,25111
342655688,25115
342661882,25110
342668029,25111
342673238,25112
342679415,25106
342685628,25111
342691795,25112
342697953,25116
342704096,25115
342710251,25109
342721875,25115
342728048,25113
342734186,25113
342740404,25114
342746595,25112
342752763,25110
342758988,25113
342765187,25110
342771348,25115
342776510,25114
342782666,25115
342788776,25108
342794934,25110
342801108,25109
342806554,25114
342812707,25112
342818911,25115
342825066,25112
342831272,25111
342837475,25116
342843649,25115
342855005,25108
342861175,25122
342866620,25118
342872817,25123
342878977,25113
342885215,25117
342891360,25115
342897552,25114
342903775,25121
342908964,25117
342915168,25118
342921316,25118
342927508,25119
342933673,25121
342939844,25115
342945979,25116
342952180,25115
342958370,25117
342964589,25121
342970756,25112
342976901,25118
342983073,25115
342989263,25119
342995446,25124
343000938,25121
343007159,25118
343013339,25123
343019546,25127
343025703,25126
343031905,25121
343038119,25121
343043354,25121
343049582,25124
343055758,25124
343061890,25127
343068033,25121
343074236,25122
343079677,25116
343085872,25122
343092134,25126
343098348,25124
343104446,25121
343110599,25124
343116774,25121
343122958,25122
343129181,25130
343135344,25126
343141442,25128
343147609,25124
343154353,25128
343160476,25125
343166696,25129
343172931,25129
343178143,25130
343184298,25131
343190455,25129
343196685,25127
343202854,25139
343209053,25127
343214462,25130
343220651,25129
343226829,25133
343233009,25130
343239265,25128
343245433,25130
343251615,25132
343257815,25123
343269252,25124
343275418,25123
343281631,25125
343287777,25129
343293923,25133
343300104,25128
343306298,25131
343312465,25122
343318694,25129
343324852,25132
343331015,25131
343337223,25124
343343361,25123
343349560,25125
343355757,25124
343362525,25123
343368796,25127
343374958,25127
343387732,25122
343399434,25126
343404630,25130
343410781,25124
343416936,25130
343423200,25124
343429419,25123
343435651,25124
343441858,25123
343447253,25126
343453417,25125
343459608,25126
343465781,25127
343471975,25115
343478138,25127
343484340,25127
343490497,25125
343496663,25121
343502861,25124
343509041,25121
343515250,25117
343521408,25124
343532765,25117
343538883,25118
343545064,25120
343551295,25115
343557453,25116
343563695,25122
343569881,25116
343576108,25121
343582070,25119
343588286,25120
343594476,25118
343600639,25117
343606808,25116
343613017,25120
343619268,25123
343625442,25124
343631645,25120
343637838,25120
343644005,25120
343650218,25120
343656396,25124
343667775,25118
343673921,25118
343679365,25119
343685563,25119
343691759,25119
343697969,25120
343704204,25128
343710355,25130
343716507,25119
343722664,25123
343728840,25120
343735021,25119
343741272,25125
343747456,25123
343753622,25115
343759808,25122
343766031,25123
343772271,25130
343778496,25123
343784735,25130
343791664,25123
343803104,25125
343809319,25123
343814774,25125
343820997,25123
343827259,25131
343833434,25124
343839621,25121
343845818,25124
343852036,25123
343857283,25127
343863458,25127
343869687,25131
343875875,25131
343882095,25125
343888290,25125
343894481,25130
343899953,25131
343906192,25127
343912418,25126
343918599,25121
343924758,25123
343936125,25136
343942319,25129
343947764,25131
343953936,25126
343960155,25129
343966367,25128
343972545,25129
343978687,25133
343984906,25127
343990082,25132
343996272,25131
344003032,25129
344009311,25132
344015502,25131
344021701,25134
344027884,25134
344034054,25136
344039529,25131
344045715,25136
344051887,25128
344058061,25134
344064258,25135
344070495,25145
344076674,25139
344081882,25139
344088100,25135
344094287,25141
344100493,25139
344106716,25139
344112894,25137
344119062,25136
344124522,25140
344130719,25144
344136902,25133
344143063,25142
344149288,25141
344155534,25143
344161738,25138
344167956,25141
344173165,25145
344179370,25142
344185559,25139
344191752,25139
344197893,25142
344204061,25144
344210292,25139
344216446,25144
344222679,25147
344228923,25143
344235089,25138
344241301,25140
344247484,25141
344253682,25136
344259098,25141
344265300,25141
344271500,25142
344277713,25136
344283922,25141
344290169,25137
344296354,25143
344302518,25136
344307749,25141
344313919,25141
344320082,25137
344326269,25141
344332434,25139
344338640,25138
344350243,25143
344356400,25138
344362527,25137
344368700,25141
344374896,25139
344381062,25138
344387289,25136
344393461,25135
344399627,25135
344405777,25133
344411964,25139
344418168,25134
344425007,25132
344431279,25139
344437462,25138
344442703,25138
344448843,25144
344455033,25134
344461254,25138
344467414,25133
344473621,25134
344485243,25133
344490495,25141
344496731,25140
344502880,25139
344509093,25133
344515276,25136
344521498,25138
344527691,25134
344533872,25148
344539951,25140
344546044,25144
344552236,25137
344558445,25133
344564648,25139
344570816,25133
344576980,25139
344582372,25135
344588465,25142
344594622,25136
344600852,25143
344607062,25140
344618508,25139
344624724,25144
344637764,25144
344644516,25139
344650715,25138
344656915,25142
344663050,25139
344668262,25146
344674485,25145
344680769,25134
344686989,25142
344693175,25140
344699379,25147
344705601,25143
344711076,25135
344717269,25139
344723408,25143
344729559,25140
344735758,25137
344741929,25136
344748062,25154
344754282,25146
344759477,25152
344765706,25147
344771851,25145
344778019,25145
344784213,25148
344790416,25147
344796673,25148
344802910,25144
344809162,25144
344815415,25143
344821618,25150
344827795,25145
344834011,25144
344840196,25145
344845609,25145
344852429,25149
344858566,25147
344864752,25144
344870954,25144
344877153,25146
344888645,25148
344894064,25145
344900313,25154
344906523,25145
344912760,25155
344918968,25147
344925103,25146
344931316,25148
344937507,25154
344942667,25144
344948836,25151
344955041,25147
344961248,25142
344967452,25148
344973699,25156
344979858,25151
344985286,25147
344991456,25146
344997629,25152
345003805,25152
345010004,25154
345016243,25146
345022396,25163
345027566,25160
345033779,25157
345039892,25147
345046089,25153
345052281,25159
345058472,25155
345065334,25155
345071506,25161
345076990,25155
345083198,25155
345089358,25157
345095535,25160
345101746,25164
345107924,25160
345114105,25154
345119293,25158
345125448,25159
345131637,25150
345137844,25158
345144025,25156
345150249,25162
345161951,25163
345168185,25158
345174362,25168
345180514,25163
345186694,25162
345192856,25160
345199029,25162
345205214,25163
345211379,25160
345217551,25162
345223737,25158
345229959,25164
345236184,25158
345242354,25157
345248475,25158
345253704,25160
345259854,25157
345266003,25157
345272746,25157
345278988,25163
345285186,25159
345296846,25155
345302068,25155
345308309,25158
345314495,25161
345320711,25153
345326894,25161
345333049,25163
345339216,25162
345345407,25163
345350880,25158
345357062,25161
345363282,25159
345369433,25160
345375586,25164
345381782,25158
345387965,25154
345394187,25155
345400361,25161
345406459,25164
345412610,25161
345418838,25156
345425030,25161
345431268,25160
345436461,25159
345442678,25158
345448876,25157
345455036,25163
345461246,25162
345467417,25161
345473627,25159
345479829,25159
345485902,25163
345492074,25159
345498301,25156
345504494,25160
345510659,25164
345516859,25154
345523014,25157
345528250,25160
345534445,25158
345540624,25164
345546805,25155
345552974,25158
345559118,25158
345570786,25162
345576980,25168
345583197,25163
345589375,25166
345595497,25163
345601681,25159
345607857,25166
345614049,25165
345620310,25173
345626441,25161
345632603,25169
345638791,25169
345644978,25169
345651183,25172
345657384,25171
345663511,25162
345669758,25163
345675951,25169
345682171,25168
345688382,25167
345695179,25161
345706611,25171
345712087,25170
345718285,25168
345724424,25169
345730605,25165
345736787,25170
345742960,25174
345749188,25176
345755368,25169
345760543,25167
345766716,25171
345772881,25166
345779050,25170
345785245,25172
345791401,25165
345797611,25169
345803810,25172
345809986,25179
345816166,25171
345822349,25171
345828555,25170
345840248,25174
345845436,25175
345851645,25171
345857804,25175
345863922,25174
345870106,25177
345883215,25176
345889459,25180
345895699,25181
345901910,25180
345908091,25179
345914960,25174
345921185,25177
345927363,25180
345933519,25177
345938730,25184
345944890,25183
345951084,25182
345957298,25181
345963499,25184
345969742,25184
345975204,25186
345981392,25190
345987568,25190
345993759,25185
345999987,25186
346006204,25188
346012413,25183
346018595,25187
346024795,25189
346030000,25182
346036232,25182
346042423,25192
346048633,25191
346054838,25189
346060994,25196
346067229,25195
346073417,25187
346079602,25184
346085860,25187
346092030,25188
346103678,25186
346108879,25183
346115061,25183
346121762,25189
346127950,25182
346134106,25188
346140281,25184
346146447,25186
346152671,25185
346158851,25188
346164216,25187
346170408,25185
346176589,25189
346182798,25190
346188975,25187
346195207,25188
346201403,25186
346207548,25183
346213713,25189
346219924,25192
346226106,25190
346232338,25181
346238507,25187
346243725,25180
346249875,25182
346256028,25183
346262197,25180
346268366,25178
346274523,25182
346280731,25189
346286954,25184
346293130,25187
346298561,25183
346304744,25184
346310973,25185
346317184,25181
346323388,25178
346329511,25189
346336329,25190
346342472,25183
346348700,25181
346353933,25182
346360108,25185
346366338,25186
346377937,25186
346384194,25192
346390388,25181
346396536,25185
346402697,25182
346408888,25186
346415054,25185
346421310,25181
346427499,25186
346432704,25186
346438873,25189
346445039,25186
346451214,25190
346457377,25182
346463567,25188
346469755,25185
346475901,25184
346482136,25182
346488337,25183
346493769,25184
346499987,25192
346506179,25183
346512391,25193
346517564,25189
346523741,25192
346529860,25185
346536024,25191
346542727,25190
346548947,25192
346555171,25192
346561369,25197
346566805,25199
346573003,25190
346579228,25193
346585386,25186
346591578,25191
346597738,25190
346603920,25191
346610090,25189
346616307,25192
346622448,25196
346627624,25190
346633831,25193
346640039,25200
346646241,25192
346652406,25198
346658646,25194
346664801,25197
346670931,25192
346677100,25199
346683272,25200
346689489,25197
346695717,25202
346701141,25196
346707375,25200
346713495,25199
346719681,25196
346725867,25197
346732045,25191
346738246,25194
346744402,25198
346750577,25199
346757395,25198
346762600,25198
346768778,25203
346774948,25204
346781117,25198
346791796,25206
346797905,25200
346804091,25202
346810282,25209
346816453,25213
346822671,25207
346828847,25205
346835008,25199
346841193,25207
346847399,25204
346853547,25211
346859746,25200
346865904,25206
346872134,25203
346878374,25212
346884617,25208
346890838,25203
346897049,25207
346903328,25206
346909532,25205
346915762,25214
346926405,25213
346932612,25213
346938857,25209
346944993,25217
346951202,25207
346957391,25215
346964220,25219
346970416,25217
346975932,25217
346982132,25210
346988362,25216
346994577,25211
347000756,25213
347006927,25214
347013118,25215
347019364,25211
347025604,25220
347031843,25211
347037061,25215
347043316,25215
347049529,25213
347061204,25212
347067409,25221
347073560,25208
347079725,25214
347085937,25216
347092116,25220
347098337,25220
347104523,25217
347109737,25219
347115920,25216
347128968,25215
347135263,25213
347141439,25218
347147606,25217
347153778,25208
347159971,25215
347166204,25219
347171423,25219
347177660,25220
347189994,25218
347196214,25219
347202390,25220
347208578,25211
347214749,25221
347220950,25220
347227125,25221
347233311,25221
347239475,25216
347245686,25214
347251868,25210
347258050,25219
347264246,25220
347270419,25219
347276566,25211
347282749,25216
347288989,25217
347295196,25214
347301418,25221
347306613,25214
347312841,25210
347324433,25220
347329624,25217
347335830,25217
347341942,25220
347348104,25222
347354287,25220
347360524,25219
347366736,25220
347372947,25221
347379172,25218
347385408,25218
347392165,25217
347398372,25215
347404565,25215
347410779,25224
347416984,25226
347423228,25225
347429427,25226
347435665,25216
347441138,25217
347447339,25216
347453472,25225
347459601,25222
347464803,25225
347471008,25225
347477185,25226
347483341,25226
347489496,25220
347495723,25222
347501904,25227
347508075,25230
347513531,25227
347519762,25216
347525949,25220
347532122,25225
347538365,25225
347544491,25225
347550641,25222
347556868,25223
347563068,25224
347569332,25227
347574537,25225
347580738,25225
347586957,25225
347593193,25225
347598648,25235
347605427,25226
347611577,25223
347617758,25229
347623977,25226
347630200,25234
347636407,25235
347642601,25228
347647805,25226
347654005,25233
347660187,25234
347666376,25234
347672536,25230
347678741,25227
347684916,25236
347691096,25230
347697267,25235
347703443,25229
347709667,25232
347715863,25228
347722059,25230
347732708,25236
347738852,25240
347745016,25241
347751197,25239
347757410,25241
347763617,25231
347769836,25233
347775995,25239
347782243,25242
347788500,25238
347794746,25238
347800946,25236
347807193,25233
347814004,25238
347820299,25236
347826550,25243
347832738,25240
347838909,25236
347845077,25234
347850489,25245
347856674,25243
347867420,25246
347873553,25245
347879739,25234
347885931,25242
347892169,25247
347898383,25246
347904580,25252
347910816,25244
347916975,25249
347922426,25244
347928552,25245
347934733,25249
347940940,25246
347947104,25243
347953373,25247
347959633,25242
347965853,25245
347972111,25251
347978321,25258
347984501,25248
347989743,25244
347995930,25244
348002138,25249
348008347,25252
348014544,25251
348020775,25252
348027666,25250
348033828,25247
348039984,25243
348046159,25244
348052390,25249
348057794,25247
348063959,25249
348070152,25249
348076383,25251
348082563,25241
348088745,25248
348095004,25243
348101223,25251
348107419,25246
348113546,25245
348119755,25251
348125962,25250
348132122,25253
348142883,25249
348149069,25250
348155251,25247
348161445,25251
348167656,25252
348173854,25252
348179999,25255
348186179,25243
348191626,25252
348197763,25251
348203994,25250
348210202,25252
348216399,25256
348222576,25254
348228750,25257
348235508,25253
348241692,25244
348247914,25257
348254086,25254
348260352,25251
348266461,25253
348277156,25253
348283321,25252
348289479,25251
348295667,25258
348301843,25252
348308021,25252
348314230,25251
348320376,25251
348325793,25254
348331944,25249
348338127,25249
348344343,25250
348350525,25251
348356699,25255
348362915,25252
348375754,25258
348382027,25260
348388246,25253
348394442,25255
348399634,25257
348405828,25254
348411997,25262
348418168,25254
348424321,25259
348430524,25260
348436757,25258
348442911,25255
348449644,25256
348455093,25256
348461339,25258
348467499,25253
348473680,25260
348479871,25258
348486087,25254
348492344,25264
348498564,25259
348504760,25256
348510956,25254
348517153,25262
348523370,25260
348529491,25256
348534686,25262
348545344,25262
348551517,25260
348557746,25260
348563964,25258
348570129,25262
348576365,25265
348582541,25260
348588762,25258
348594181,25260
348600407,25264
348606559,25260
348612722,25261
348618936,25264
348625084,25265
348631312,25262
348637492,25265
348643659,25262
348649831,25263
348656014,25263
348662844,25264
348668050,25267
348674263,25257
348684869,25269
348690969,25266
348697159,25270
348703350,25267
348709514,25267
348715753,25269
348721965,25266
348727397,25264
348733538,25265
348739674,25268
348745846,25262
348752022,25269
348758205,25268
348764417,25265
348770550,25275
348776753,25269
348782960,25266
348789141,25266
348795371,25272
348801480,25270
348806683,25270
348817323,25277
348823483,25280
348829682,25274
348835865,25274
348842035,25276
348848249,25272
348854430,25274
348860642,25279
348866818,25278
348873486,25278
348879708,25284
348885854,25279
348891996,25277
348898207,25273
348904400,25266
348910575,25274
348916776,25279
348922955,25273
348929130,25282
348935301,25279
348940738,25272
348951459,25279
348957671,25283
348963851,25280
348970026,25280
348976234,25280
348982402,25282
348988567,25287
348994762,25282
349000897,25280
349007066,25283
349013238,25276
349019452,25282
349025668,25280
349031847,25281
349038028,25282
349044215,25278
349050371,25277
349056592,25280
349062819,25281
349068936,25276
349075102,25277
349086626,25280
349092807,25279
349098988,25278
349105216,25280
349111449,25281
349117647,25285
349123841,25285
349130009,25282
349135209,25279
349141424,25282
349147607,25280
349153869,25281
349160015,25283
349166232,25282
349172459,25272
349178659,25284
349184852,25284
349191002,25282
349197184,25280
349203366,25277
349209530,25279
349220529,25277
349226685,25284
349232858,25276
349239060,25284
349245279,25282
349251446,25278
349257649,25279
349263810,25288
349270002,25285
349276163,25285
349282361,25283
349288518,25283
349295293,25285
349301431,25286
349307576,25286
349313762,25286
349319951,25285
349326129,25285
349332355,25284
349338517,25285
349344710,25283
349355344,25296
349360770,25291
349366982,25287
349373129,25287
349379370,25283
349385523,25291
349391689,25291
349397899,25290
349404068,25287
349409255,25293
349415449,25292
349421580,25281
349427782,25288
349433942,25283
349440149,25286
349446336,25290
349452525,25293
349458756,25288
349464919,25285
349471069,25289
349477269,25287
349483423,25297
349494056,25290
349500259,25292
349507056,25297
349513254,25299
349519408,25296
349525584,25292
349531784,25286
349537988,25292
349544202,25289
349550380,25297
349556564,25295
349562796,25296
349568948,25293
349575151,25292
349581342,25293
349587461,25296
349593670,25290
349599888,25297
349606027,25288
349623580,25303
349628854,25300
349635020,25296
349641194,25302
349647366,25300
349653581,25300
349659847,25298
349666026,25294
349672191,25301
349677628,25307
349683806,25304
349689993,25303
349696170,25298
349702387,25300
349708524,25302
349714707,25303
349721515,25303
349727691,25299
349733869,25304
349740035,25303
349746268,25299
349756936,25304
349763115,25305
349769282,25302
349775473,25307
349781680,25306
349787908,25302
349794077,25310
349800298,25304
349806493,25309
349811942,25313
349818129,25303
349824351,25307
349830517,25306
349836689,25312
349842873,25307
349849088,25307
349855260,25304
349861451,25308
349867626,25302
349873792,25310
349879990,25311
349891349,25304
349897512,25303
349902934,25298
349909103,25309
349915353,25306
349921557,25308
349928332,25310
349934506,25306
349940638,25308
349945849,25304
349951980,25307
349958148,25306
349964335,25308
349970559,25301
349976787,25302
349982931,25303
349989163,25311
349995371,25308
350001549,25310
350007768,25299
350013935,25301
350025522,25309
350031660,25302
350036881,25309
350043045,25309
350049226,25313
350055418,25307
350061590,25305
350067778,25305
350073908,25312
350079328,25307
350085451,25307
350091572,25306
350097725,25307
350103926,25306
350110120,25305
350116351,25306
350122555,25308
350128734,25306
350134916,25304
350141695,25306
350147831,25306
350154003,25308
350160193,25308
350166414,25309
350171627,25308
350177849,25308
350183992,25304
350190194,25308
350196441,25315
350202630,25312
350208797,25303
350214201,25314
350220388,25306
350226496,25315
350232693,25318
350238879,25319
350245076,25314
350251286,25310
350257444,25313
350263583,25313
350269737,25315
350275952,25313
350282150,25310
350288342,25312
350299755,25312
350305909,25309
350311375,25314
350317512,25313
350323685,25312
350329848,25310
350336007,25313
350342180,25308
350349026,25312
350355251,25323
350361460,25312
350367638,25316
350373832,25320
350380006,25317
350386235,25313
350392448,25315
350398593,25311
350404781,25319
350410935,25315
350417127,25317
350423355,25317
350434754,25319
350440890,25320
350446331,25313
350451543,25313
350457775,25313
350463939,25319
350470076,25323
350476229,25323
350482413,25316
350488585,25312
350494819,25323
350500979,25323
350507187,25317
350513382,25324
350519620,25318
350525814,25316
350531963,25321
350538133,25319
350544344,25321
350550550,25323
350557405,25324
350569242,25325
350575499,25329
350580703,25327
350586203,25327
350592411,25330
350598567,25330
350604822,25328
350611001,25322
350617191,25326
350622401,25325
350628590,25328
350634789,25334
350640934,25330
350647127,25322
350653319,25326
350659509,25330
350665682,25328
350671880,25338
350678093,25333
350684294,25333
350690454,25330
350696713,25325
350702913,25334
350709063,25339
350714478,25337
350719730,25325
350725942,25335
350732122,25333
350738288,25334
350744449,25339
350750628,25338
350756844,25339
350762968,25325
350769753,25334
350775924,25342
350782091,25341
350788319,25333
350794521,25333
350800722,25338
350806914,25333
350813055,25332
350819254,25332
350825416,25342
350831636,25342
350843318,25333
350849456,25337
350861505,25333
350867694,25335
350873939,25338
350880130,25336
350886387,25337
350891561,25338
350897760,25338
350903918,25337
350910067,25339
350916231,25337
350922413,25335
350928685,25332
350934897,25335
350941061,25338
350947234,25333
350953421,25340
350959599,25343
350965833,25340
350971980,25336
350978148,25340
350983578,25342
350990408,25337
350996603,25339
351002864,25336
351009126,25338
351015383,25344
351021605,25336
351026851,25342
351033043,25340
351039259,25343
351045442,25339
351051616,25343
351057819,25340
351064029,25341
351070215,25336
351076415,25340
351082593,25337
351088798,25337
351094929,25340
351101145,25345
351112836,25336
351118089,25346
351124322,25344
351130547,25346
351136763,25344
351142886,25346
351148974,25340
351155098,25341
351160542,25347
351166743,25340
351172933,25343
351179128,25341
351185391,25348
351191549,25343
351198372,25345
351204569,25343
351210728,25339
351216899,25339
351223063,25338
351229267,25337
351235484,25343
351246910,25346
351253089,25345
351259263,25345
351264726,25351
351270913,25340
351277084,25343
351283265,25348
351289451,25346
351295584,25345
351301774,25352
351307962,25346
351314135,25347
351320334,25349
351326519,25350
351332704,25343
351338844,25347
351345029,25347
351351193,25347
351357410,25347
351363559,25344
351369790,25348
351381174,25354
351387415,25358
351393574,25349
351399825,25352
351406582,25359
351412808,25353
351418960,25355
351425150,25346
351431323,25344
351436739,25349
351442899,25355
351449086,25359
351455283,25354
351461475,25349
351467634,25353
351473796,25352
351479985,25352
351486135,25353
351492360,25353
351498507,25348
351504672,25357
351516025,25359
351522225,25363
351527683,25362
351533854,25364
351540034,25369
351546197,25360
351552382,25360
351558568,25363
351564738,25368
351569911,25363
351576130,25361
351582339,25359
351588540,25362
351594765,25366
351600937,25361
351607083,25365
351613233,25362
351619970,25360
351626149,25364
351632369,25359
351638562,25362
351650300,25367
351656516,25371
351661717,25372
351667915,25370
351674063,25369
351680229,25367
351686414,25367
351692567,25371
351698811,25373
351704208,25366
351710461,25366
351716645,25369
351722837,25362
351729040,25370
351735303,25373
351741457,25367
351747586,25368
351753796,25368
351759955,25370
351766128,25368
351772384,25370
351778566,25365
351784781,25371
351791043,25368
351796305,25367
351802550,25367
351808770,25369
351814970,25367
351820452,25369
351826667,25372
351833522,25363
351838771,25371
351844976,25378
351851213,25369
351857406,25374
351863628,25367
351869840,25371
351876037,25366
351882230,25375
351888401,25369
351894529,25371
351900748,25370
351906988,25374
351913178,25375
351924814,25376
351930037,25373
351936230,25371
351942416,25372
351948556,25372
351954789,25373
351960944,25379
351967113,25368
351972544,25373
351978717,25364
351984908,25370
351991096,25369
351997324,25377
352003465,25376
352009648,25375
352015819,25370
352021993,25373
352028189,25376
352034394,25382
352041311,25372
352047478,25381
352058879,25380
352065035,25382
352071189,25380
352077377,25380
352083520,25375
352089749,25373
352095916,25380
352108691,25376
352114943,25375
352121167,25382
352127406,25383
352133608,25383
352139814,25382
352145981,25389
352152155,25373
352158360,25380
352164523,25378
352170794,25381
352176995,25384
352188639,25386
352193849,25382
352200033,25381
352206225,25380
352212443,25384
352218604,25388
352224813,25382
352230249,25383
352236453,25390
352241625,25388
352247812,25385
352253942,25389
352260768,25391
352266927,25388
352273110,25387
352279284,25389
352285484,25389
352291658,25390
352297864,25388
352304035,25390
352310223,25391
352316435,25391
352322631,25396
352328841,25395
352334983,25397
352341150,25398
352347308,25391
352353462,25396
352359634,25395
352365117,25401
352371335,25398
352376528,25397
352382752,25402
352388910,25394
352395070,25398
352401288,25401
352407467,25398
352413653,25396
352419824,25396
352425981,25405
352432149,25400
352438330,25396
352444495,25399
352450696,25400
352462340,25402
352468454,25397
352474629,25401
352480787,25406
352486968,25400
352493100,25406
352498318,25404
352504477,25402
352510712,25402
352516895,25403
352523126,25402
352529307,25408
352535464,25408
352541614,25403
352547832,25406
352553994,25406
352560201,25407
352566416,25409
352572628,25406
352578807,25404
352585020,25408
352591193,25410
352597395,25404
352603604,25402
352609812,25405
352616024,25400
352622161,25402
352628313,25403
352633766,25409
352639951,25405
352646127,25409
352651328,25406
352657493,25408
352663698,25405
352669914,25405
352676678,25404
352682922,25409
352689104,25408
352695295,25404
352701494,25409
352707737,25406
352713916,25412
352720043,25405
352726228,25409
352736826,25406
352742976,25409
352749137,25409
352755323,25409
352761489,25414
352767657,25407
352773152,25411
352779396,25406
352785566,25409
352791765,25409
352797934,25414
352804160,25412
352810384,25411
352816545,25410
352822697,25406
352828853,25408
352835048,25411
352841262,25413
352847476,25408
352853657,25411
352859874,25408
352870638,25412
352876856,25413
352882970,25409
352889748,25412
352895914,25410
352902046,25416
352907498,25409
352913662,25415
352919823,25413
352926007,25413
352932186,25413
352938389,25415
352944512,25414
352950665,25419
352956834,25415
352963016,25415
352969169,25414
352975395,25414
352981541,25410
352987708,25413
352993924,25419
353004633,25418
353010839,25423
353016974,25418
353023135,25418
353029356,25417
353035535,25417
353040988,25422
353047189,25419
353053418,25419
353059548,25418
353065691,25420
353071866,25418
353078069,25422
353084273,25424
353090475,25421
353097289,25420
353103492,25418
353109636,25424
353115824,25419
353122023,25416
353128174,25422
353138971,25422
353145141,25428
353151325,25426
353157512,25424
353163641,25421
353169862,25425
353176096,25423
353182282,25421
353188487,25428
353194644,25423
353200118,25428
353206343,25425
353212511,25421
353218635,25430
353224814,25424
353231011,25426
353237171,25427
353243397,25429
353249603,25429
353255779,25427
353261943,25428
353268180,25426
353278881,25428
353285075,25439
353291231,25428
353297419,25436
353303608,25433
353310416,25436
353316579,25436
353322756,25433
353328947,25434
353334331,25438
353340511,25436
353353241,25434
353359510,25439
353365731,25441
353371905,25436
353378113,25435
353384309,25439
353390529,25431
353396713,25431
353407520,25447
353413783,25447
353420046,25439
353426276,25444
353432494,25443
353438673,25446
353444911,25442
353451140,25444
353457354,25444
353462833,25442
353469090,25445
353475317,25442
353481474,25442
353487646,25444
353493821,25440
353500001,25448
353506174,25443
353512385,25444
353518573,25448
353525336,25443
353531547,25446
353542295,25452
353548441,25454
353554634,25455
353560851,25453
353567002,25447
353573236,25450
353579480,25452
353585696,25452
353591903,25451
353597352,25453
353603522,25451
353609696,25452
353615858,25449
353622031,25445
353628208,25444
353634424,25451
353640610,25447
353646807,25455
353653005,25450
353659152,25450
353665408,25451
353676225,25450
353682468,25450
353688683,25452
353694914,25453
353701153,25451
353707352,25459
353713550,25454
353719767,25449
353725960,25455
353731408,25455
353738259,25456
353744441,25451
353750612,25455
353756806,25448
353763014,25447
353769223,25455
353775437,25448
353781622,25445
353787819,25448
353794035,25457
353800247,25449
353811741,25454
353817970,25449
353824176,25459
353830358,25456
353836525,25449
353842768,25456
353848944,25449
353855152,25449
353861359,25457
353866817,25452
353872051,25458
353878275,25456
353884430,25461
353890569,25458
353896758,25451
353902924,25455
353909049,25456
353915250,25447
353921454,25451
353927599,25451
353933831,25457
353946035,25460
353952286,25463
353958527,25453
353964757,25464
353970993,25457
353977234,25460
353983444,25458
353989635,25462
353995781,25457
354001993,25458
354007186,25451
354013364,25458
354019567,25461
354025769,25458
354031985,25466
354038203,25461
354044431,25459
354050602,25460
354056839,25461
354062996,25462
354069190,25463
354079845,25459
354085994,25458
354092149,25462
354098355,25459
354104523,25467
354110715,25464
354116914,25460
354123060,25458
354129243,25461
354135447,25457
354140873,25459
354146454,25463
354152665,25463
354159580,25457
354165814,25460
354172049,25463
354178240,25462
354184471,25466
354190698,25474
354196860,25463
354203115,25464
354213887,25469
354220104,25469
354226302,25467
354232495,25471
354238631,25470
354244859,25466
354251014,25465
354257183,25461
354263390,25464
354269572,25466
354275087,25470
354280597,25468
354286776,25459
354292932,25464
354299123,25468
354305306,25474
354311511,25464
354317668,25469
354323840,25469
354330036,25472
354336207,25480
354342440,25470
354348572,25474
354354726,25479
354360879,25475
354367644,25474
354373817,25476
354380035,25473
354386236,25477
354392435,25474
354398586,25477
354404787,25482
354410010,25470
354415461,25475
354421635,25470
354427772,25477
354433934,25478
354440106,25471
354446237,25476
354452485,25476
354458630,25474
354464839,25473
354471042,25476
354482404,25475
354487835,25472
354494026,25477
354500191,25478
354506414,25477
354512587,25477
354518793,25479
354525021,25478
354531222,25478
354537445,25481
354543618,25486
354548773,25477
354554221,25476
354560412,25469
354566565,25480
354572685,25482
354579508,25479
354585598,25481
354598351,25481
354604622,25485
354616343,25481
354621549,25488
354627777,25482
354633971,25484
354640158,25478
354646360,25476
354652542,25480
354658713,25481
354664940,25480
354671125,25475
354676582,25478
354682770,25480
354688968,25478
354695141,25480
354701316,25480
354707500,25476
354713679,25475
354719864,25483
354726033,25478
354732251,25482
354738470,25480
354749834,25480
354755264,25489
354761498,25483
354767635,25483
354773819,25483
354780005,25478
354786173,25480
354792987,25477
354799187,25477
354805418,25478
354810588,25477
354816817,25484
354822255,25481
354828453,25478
354834595,25481
354840766,25483
354846926,25478
354853134,25484
354859332,25478
354865492,25483
354871634,25480
354877810,25479
354884017,25482
354889224,25481
354895410,25482
354901595,25475
354907800,25478
354913957,25482
354920145,25486
354926339,25483
354932516,25479
354938737,25480
354944923,25483
354951093,25477
354957273,25483
354963474,25477
354969655,25474
354975877,25476
354982045,25482
354988235,25480
354994456,25480
355001224,25475
355007469,25479
355013661,25481
355024345,25482
355030516,25490
355036663,25483
355042876,25484
355049063,25486
355055261,25482
355061464,25488
355067630,25483
355073878,25479
355080021,25486
355085433,25485
355091575,25486
355097682,25483
355103849,25481
355110055,25486
355116231,25483
355122433,25481
355128556,25483
355134723,25476
355140914,25487
355147134,25483
355157847,25488
355163991,25487
355170131,25486
355176298,25486
355182496,25484
355188660,25490
355194897,25487
355201032,25485
355207199,25486
355213983,25483
355219392,25485
355225548,25491
355231730,25487
355237884,25481
355244088,25481
355250259,25489
355256457,25489
355262577,25487
355268742,25482
355274912,25492
355281129,25489
355292529,25492
355298693,25488
355304898,25488
355311028,25497
355317167,25486
355323388,25494
355329563,25493
355335787,25488
355341958,25491
355348123,25490
355353532,25491
355359689,25490
355365875,25492
355372007,25485
355378202,25491
355384450,25493
355390611,25489
355396796,25492
355403005,25491
355409207,25484
355415431,25491
355427449,25489
355432881,25498
355439074,25489
355445296,25494
355451504,25493
355457664,25492
355463884,25490
355470106,25491
355476269,25493
355482459,25493
355488590,25489
355494731,25497
355500909,25484
355507095,25496
355513280,25489
355518503,25490
355524675,25490
355530930,25489
355537037,25488
355543242,25490
355549441,25494
355555613,25489
355561816,25496
355567217,25496
355573442,25494
355579621,25491
355585797,25484
355591995,25486
355598206,25493
355604432,25484
355610618,25495
355616778,25493
355622941,25495
355628158,25492
355634930,25490
355641143,25491
355647393,25490
355652848,25491
355659026,25495
355665213,25493
355671438,25488
355677596,25491
355683761,25490
355689958,25493
355701327,25486
355707509,25490
355713749,25489
355719921,25492
355726085,25490
355732302,25491
355738490,25490
355744674,25487
355750843,25487
355757014,25490
355762430,25490
355768582,25488
355774725,25489
355780947,25489
355787149,25491
355792351,25489
355798510,25489
355804694,25487
355810950,25489
355817125,25487
355823284,25488
355829472,25484
355842216,25487
355848965,25493
355855207,25485
355861388,25485
355867653,25484
355873953,25493
355880208,25490
355886503,25488
355892043,25490
355898287,25490
355904537,25489
355910768,25486
355916960,25485
355922168,25493
355928374,25482
355934586,25488
355940803,25489
355946978,25490
355953127,25491
355959374,25488
355970998,25488
355976204,25488
355982419,25489
355988627,25489
355994840,25484
356001034,25486
356007211,25487
356013436,25485
356019627,25486
356025839,25492
356032030,25486
356038220,25491
356044435,25495
356050617,25492
356056046,25486
356062885,25490
356069094,25492
356075266,25486
356081459,25490
356087626,25484
356093795,25485
356105220,25489
356110635,25486
356116795,25482
356123009,25488
356129208,25489
356135436,25490
356141606,25485
356147792,25493
356154025,25493
356160149,25489
356166345,25487
356172526,25488
356178687,25483
356184858,25487
356191043,25488
356197219,25489
356203451,25482
356209636,25488
356215820,25490
356221981,25487
356228168,25487
356239602,25491
356245033,25496
356251202,25486
356257420,25490
356263622,25481
356269803,25488
356276659,25492
356282876,25489
356289108,25492
356295321,25488
356301542,25490
356306714,25490
356312917,25493
356319077,25492
356325270,25490
356330742,25486
356336968,25488
356343194,25490
356349442,25491
356355618,25491
356361811,25494
356368014,25488
356374200,25490
356379395,25489
356385615,25488
356391832,25494
356397976,25492
356404142,25486
356410309,25490
356416536,25486
356422705,25492
356428906,25484
356435059,25489
356440435,25491
356446592,25498
356452776,25489
356458987,25489
356465199,25486
356470401,25493
356476598,25493
356483402,25495
356489598,25494
356495789,25486
356501955,25492
356512555,25491
356518795,25490
356524970,25486
356531156,25487
356537352,25492
356543533,25486
356549760,25487
356555961,25494
356562095,25492
356568261,25492
356574455,25489
356580625,25487
356586878,25487
356593051,25488
356599276,25488
356604718,25488
356610884,25485
356617074,25487
356623300,25489
356629506,25484
356635606,25484
356641809,25484
356652512,25479
356658709,25476
356664926,25485
356671088,25478
356677294,25481
356683528,25480
356689712,25479
356696589,25482
356702802,25478
356708960,25482
356714339,25482
356720539,25480
356726707,25478
356732895,25483
356739093,25478
356745224,25476
356751442,25476
356757618,25482
356763759,25482
356769918,25480
356776084,25481
356782244,25477
356788447,25472
356794615,25472
356800799,25472
356806942,25477
356813130,25472
356819371,25470
356825555,25472
356831769,25475
356837921,25474
356844120,25470
356849330,25472
356855557,25476
356861771,25476
356867964,25476
356874146,25468
356880345,25474
356886536,25475
356892761,25474
356898955,25473
356905734,25470
356911962,25484
356922561,25473
356928811,25471
356934968,25466
356941124,25479
356947302,25475
356953504,25472
356959643,25470
356965845,25471
356972045,25475
356978234,25472
356983692,25473
356989873,25474
356996083,25463
357002287,25469
357008488,25473
357013690,25466
357019942,25476
357026098,25476
357032309,25466
357038458,25473
357044636,25473
357050892,25469
357056347,25465
357062533,25467
357068658,25469
357074849,25474
357081058,25470
357093870,25472
357100113,25469
357106371,25472
357112586,25475
357118747,25466
357125566,25472
357131793,25473
357138000,25473
357144203,25468
357150426,25471
357156594,25471
357162795,25470
357168967,25469
357175171,25465
357185918,25466
357192143,25471
357198342,25474
357204534,25477
357210699,25465
357216910,25466
357223031,25470
357229193,25464
357235380,25465
357241538,25465
357247720,25471
357253167,25459
357259400,25464
357265567,25470
357271739,25469
357277905,25466
357284113,25466
357290346,25463
357296536,25470
357302681,25466
357308856,25460
357320253,25471
357326394,25471
357333117,25462
357339308,25469
357345496,25463
357351661,25468
357357903,25467
357364078,25469
357370276,25470
357376475,25468
357382639,25465
357388106,25467
357394329,25467
357400546,25467
357406685,25472
357412847,25468
357419082,25471
357424271,25469
357430442,25467
357436606,25468
357442797,25462
357448987,25458
357455114,25472
357460571,25461
357466792,25463
357473006,25474
357479178,25471
357485394,25465
357491551,25470
357497683,25466
357503878,25464
357510075,25465
357516245,25467
357521493,25465
357527686,25467
357533908,25463
357540612,25471
357546875,25462
357553051,25461
357559183,25469
357565353,25468
357571541,25462
357577673,25463
357583898,25465
357594522,25458
357600681,25460
357606917,25456
357613102,25463
357619276,25460
357625438,25455
357631625,25458
357637798,25465
357643983,25458
357650109,25454
357656293,25454
357662479,25458
357668649,25455
357674877,25455
357681055,25451
357687226,25465
357693425,25455
357699573,25456
357705821,25455
357712035,25456
357718182,25454
357728877,25457
357735054,25456
357741214,25456
357747398,25448
357754196,25453
357760400,25452
357766566,25454
357772713,25447
357778916,25451
357785072,25449
357790494,25458
357796640,25452
357802865,25452
357809042,25451
357815250,25452
357821471,25448
357827645,25446
357833801,25450
357839983,25453
357846195,25450
357852407,25449
357863139,25448
357869275,25444
357875454,25446
357881579,25445
357887794,25443
357893971,25450
357900093,25444
357906289,25436
357912470,25440
357918655,25446
357924924,25444
357931048,25445
357937204,25445
357943408,25442
357949588,25442
357955816,25438
357962641,25441
357968839,25444
357975011,25438
357980477,25438
357986651,25446
357997409,25440
358003614,25442
358009848,25441
358016011,25439
358022175,25441
358028369,25441
358034534,25438
358040724,25442
358046914,25447
358053063,25443
358059255,25441
358064708,25437
358070870,25436
358077046,25443
358083203,25443
358089466,25442
358095646,25438
358101805,25441
358107982,25438
358114158,25434
358119397,25439
358125571,25443
358136267,25430
358142468,25431
358148633,25430
358154855,25436
358161013,25435
358167168,25437
358174011,25433
358180186,25434
358186367,25431
358192589,25433
358198807,25435
358204966,25436
358211136,25433
358217306,25434
358223519,25433
358229683,25435
358235890,25432
358242086,25436
358248274,25433
358253695,25435
358259868,25429
358270659,25428
358276890,25431
358283061,25431
358289236,25431
358295478,25431
358301674,25433
358307914,25432
358314057,25430
358320262,25429
358326459,25434
358339495,25431
358345689,25430
358351904,25432
358358115,25430
358364273,25432
358370519,25437
358376688,25432
358382883,25434
358389668,25433
358400448,25429
358406676,25428
358412936,25426
358419095,25430
358425301,25428
358431465,25431
358437667,25425
358443859,25428
358450034,25430
358456156,25427
358462380,25430
358468571,25427
358473978,25427
358480134,25422
358486315,25424
358492561,25428
358498732,25427
358504926,25424
358511125,25424
358517359,25428
358523545,25424
358534272,25420
358540497,25416
358546701,25418
358552915,25417
358559076,25419
358565277,25421
358571469,25418
358577622,25418
358583822,25419
358590005,25418
358596774,25421
358603018,25422
358608426,25418
358614594,25421
358620753,25416
358626962,25417
358633162,25414
358639321,25411
358645536,25412
358651721,25416
358657934,25417
358668681,25402
358674924,25407
358681083,25414
358687278,25406
358693468,25403
358699616,25405
358705808,25410
358712020,25403
358718183,25407
358724377,25412
358730602,25408
358736813,25408
358742247,25408
358748492,25406
358754646,25408
358760833,25407
358767021,25403
358773192,25408
358779429,25405
358785585,25396
358791744,25407
358801598,25398
358808425,25401
358814609,25402
358820773,25398
358826969,25399
358833151,25397
358839274,25394
358845469,25401
358851653,25403
358857873,25400
358864087,25398
358870267,25396
358876493,25397
358882733,25400
358888911,25393
358895090,25397
358901260,25392
358907482,25397
358913648,25397
358919836,25398
358926016,25401
358936677,25395
358942903,25395
358949069,25395
358955260,25394
358961469,25390
358967623,25390
358973791,25397
358979969,25398
358986088,25393
358992257,25391
358998442,25395
359004611,25386
359010820,25396
359016815,25390
359023055,25390
359029240,25395
359035477,25392
359041644,25389
359047802,25394
359053951,25390
359060129,25392
359066316,25394
359071516,25384
359076949,25390
359083121,25386
359089269,25384
359095482,25389
359101662,25388
359107863,25395
359114081,25382
359120211,25389
359126458,25389
359132607,25382
359138783,25389
359145003,25383
359151168,25389
359157381,25391
359163588,25392
359169719,25388
359175889,25385
359182064,25384
359188261,25386
359194472,25384
359200668,25390
359205851,25390
359211262,25381
359217486,25383
359223635,25388
359230449,25387
359236578,25386
359242761,25391
359248927,25388
359255090,25391
359261276,25391
359267492,25387
359273711,25377
359279903,25386
359286112,25384
359291324,25384
359297525,25385
359303688,25382
359309921,25391
359316149,25391
359322321,25387
359328573,25388
359334823,25390
359345492,25387
359351660,25387
359357873,25379
359364011,25374
359370139,25372
359376310,25377
359382479,25382
359388653,25377
359394865,25385
359401010,25380
359407164,25379
359413322,25383
359419523,25381
359424951,25374
359431116,25379
359437880,25377
359444082,25373
359450279,25378
359456485,25380
359462664,25379
359468874,25379
359479625,25381
359485062,25370
359491217,25372
359497425,25374
359503594,25369
359509704,25375
359515883,25372
359522047,25372
359528244,25372
359534481,25372
359540643,25376
359546823,25374
359553030,25371
359559224,25363
359565422,25369
359571580,25367
359584421,25376
359590663,25372
359596880,25370
359603090,25367
359613081,25370
359619307,25364
359625533,25369
359631721,25367
359637900,25364
359644115,25365
359650284,25366
359657070,25365
359663236,25363
359669500,25366
359675688,25365
359681889,25366
359688116,25364
359694302,25364
359700491,25365
359706663,25364
359712873,25368
359719041,25356
359725260,25364
359731504,25366
359737677,25364
359748436,25354
359754652,25362
359760883,25354
359767055,25360
359773174,25358
359779353,25356
359785511,25356
359791680,25359
359797921,25357
359804068,25355
359810237,25357
359816412,25356
359822610,25360
359828831,25359
359834239,25359
359840445,25351
359846593,25357
359852714,25354
359858873,25356
359865657,25354
359871809,25360
359883254,25356
359888659,25352
359894811,25350
359900988,25356
359907169,25357
359913384,25356
359919569,25355
359925718,25360
359931893,25354
359938052,25353
359944242,25350
359950459,25353
359956592,25351
359962789,25352
359967988,25357
359974180,25351
359980330,25350
359986558,25349
359992751,25353
359998959,25351
360005111,25348
360015725,25353
360021942,25347
360027405,25345
360033592,25352
360039711,25343
360045869,25355
360052034,25351
360058202,25346
360064409,25350
360070595,25352
360077439,25355
360083621,25351
360089771,25345
360095970,25352
360102168,25351
360107371,25348
360113555,25356
360119715,25351
360125958,25341
360132104,25353
360138296,25350
360144497,25354
360155170,25351
360161346,25345
360167523,25352
360173710,25350
