6643973,43105
6650367,43094
6655236,43113
6661418,43110
6667549,43116
6673715,43107
6679869,43123
6686642,43126
6692829,43121
6699029,43116
6705222,43133
6711435,43130
6717571,43133
6723782,43143
6729970,43138
6736135,43152
6741345,43142
6747480,43154
6753665,43156
6759849,43165
6771418,43006
6777563,42990
6783745,42990
6788972,42985
6795153,42985
6801327,42982
6807498,42971
6813641,42979
6819847,42968
6826017,42970
6832247,42972
6838434,42964
6844622,42965
6850833,42966
6857001,42956
6863187,42958
6869366,42964
6874810,42958
6880990,42952
6887152,42956
6893336,42958
6905383,42926
6911513,42927
6917736,42929
6923179,42930
6928402,42923
6934574,42928
6940825,42936
6946994,42927
6953137,42936
6959324,42943
6965482,42941
6971643,42936
6977827,42950
6983978,42946
6990182,42946
6996393,42955
7002576,42950
7008769,42962
7014181,42959
7020429,42958
7026602,42954
7038061,42952
7044316,42956
7050499,42950
7056727,42949
7061445,42959
7067623,42958
7073785,42966
7079956,42961
7086158,42966
7092377,42966
7098508,42964
7104643,42968
7111482,42963
7117616,42967
7123820,42964
7136592,42971
7142849,42974
7149111,42974
7155310,42970
7161503,42979
7167737,42969
7173949,42965
7180122,42961
7186278,42974
7190946,42973
7197148,42970
7203384,42973
7209529,42981
7215669,42984
7221869,42985
7228084,42979
7234306,42992
7240515,42990
7246685,42993
7252904,42999
7259125,42999
7265324,43002
7271510,42999
7277675,43002
7282868,42995
7289082,42999
7295281,42992
7301454,42998
7307659,43090
7313855,43077
7320027,43080
7325418,43083
7331604,43080
7337795,43085
7343986,43087
7350140,43079
7356306,43087
7362480,43080
7368637,43089
7374863,43087
7381063,43071
7387256,43082
7393481,43083
7399673,43083
7405840,43084
7412030,43078
7418171,43082
7424423,43080
7430596,43079
7442000,43115
7448196,43104
7454425,43106
7459078,43101
7465212,43094
7471425,43102
7477563,43101
7483717,43105
7489870,43094
7496056,43100
7502224,43103
7508410,43100
7514548,43105
7520737,43107
7526935,43103
7533761,43104
7539941,43100
7546113,43096
7552326,43094
7558512,43099
7564700,43102
7576035,43095
7582203,43094
7588411,43096
7593096,43101
7599306,43100
7605505,43097
7611630,43098
7617820,43106
7623974,43105
7630162,43111
7636374,43115
7642521,43128
7648689,43132
7654896,43125
7661094,43142
7667292,43146
7673478,43150
7679661,43153
7685841,43162
7692030,43163
7697208,43163
7703420,43161
7715058,42990
7721303,42984
7727543,42974
7732077,42977
7738253,42967
7745051,42961
7751229,42959
7757428,42946
7763618,42952
7769850,42944
7776018,42941
7782200,42936
7788398,42927
7794589,42926
7800760,42921
7806934,42916
7813058,42913
7819258,42917
7825453,42906
7830901,42909
7837109,42907
7848542,42856
7854736,42855
7860972,42857
7865618,42858
7871766,42858
7877924,42858
7884108,42854
7890278,42856
7896507,42851
7902689,42854
7908901,42858
7915060,42859
7921242,42853
7927439,42860
7933546,42850
7939696,42858
7945874,42864
7952636,42860
7958881,42856
7965098,42859
7970303,42856
7976457,42865
7982654,42782
7988870,42783
7995100,42768
7999741,42769
8005918,42774
8012097,42762
8018330,42763
8024545,42765
8030712,42758
8036901,42760
8043094,42758
8049337,42747
8055564,42746
8061707,42739
8067884,42740
8074044,42737
8080224,42729
8086458,42730
8092660,42725
8098836,42719
8104069,42726
8110248,42720
8121919,42671
8128130,42672
8134336,42671
8140507,42679
8146606,42680
8152793,42681
8158989,42684
8165742,42684
8171939,42691
8178092,42697
8184289,42706
8190515,42706
8196598,42707
8202785,42709
8208967,42712
8215144,42721
8221337,42717
8227525,42712
8233714,42718
8238894,42720
8245089,42715
8256676,42746
8262862,42742
8269064,42744
8273602,42748
8279776,42747
8285945,42749
8292137,42750
8298356,42764
8304555,42755
8310771,42759
8316936,42760
8323071,42769
8329275,42765
8335464,42774
8341618,42781
8347869,42778
8354053,42777
8360255,42784
8366468,42784
8385363,42810
8391625,42818
8397884,42819
8403288,42821
8409505,42820
8415643,42818
8421821,42820
8427993,42815
8434190,42808
8440432,42814
8446604,42809
8452788,42810
8458972,42813
8465153,42809
8471350,42804
8477551,42812
8483692,42804
8489888,42800
8496050,42808
8502208,42801
8508441,42809
8519841,42819
8525991,42815
8532156,42811
8537560,42818
8542764,42811
8548924,42806
8555019,42806
8561162,42805
8567373,42809
8573531,42810
8579771,42810
8585947,42811
8592761,42809
8598959,42806
8605106,42802
8611301,42797
8617440,42800
8623589,42800
8629789,42804
8635974,42802
8642177,42804
8648377,42807
8654596,42698
8660801,42689
8666981,42688
8672422,42674
8678587,42676
8684736,42673
8690906,42664
8697080,42656
8703299,42651
8709556,42649
8715722,42643
8721934,42649
8728150,42640
8734325,42642
8740483,42631
8746623,42632
8752797,42631
8758981,42626
8765152,42640
8771370,42639
8777523,42637
8783702,42639
8794445,42521
8801234,42524
8807448,42508
8812865,42510
8819073,42506
8825246,42500
8831424,42503
8837628,42497
8843800,42499
8849992,42498
8856156,42499
8862378,42500
8868530,42498
8874673,42501
8880862,42503
8887072,42502
8893239,42516
8899451,42523
8905654,42532
8911865,42533
8918060,42532
8928710,42445
8934867,42440
8941038,42442
8946229,42441
8952414,42438
8958554,42437
8964780,42431
8970971,42432
8977139,42437
8983369,42434
8989573,42425
8995792,42431
9001960,42427
9008757,42427
9014956,42426
9021092,42420
9027246,42424
9033450,42423
9039656,42417
9045853,42421
9052024,42419
9062688,42470
9068865,42468
9075063,42468
9081263,42465
9087463,42469
9093618,42466
9099825,42471
9106027,42477
9112202,42471
9118390,42469
9124590,42466
9130790,42462
9136953,42467
9143094,42466
9149238,42451
9155431,42460
9161626,42460
9167840,42459
9173996,42452
9180146,42454
9186355,42453
9197027,42509
9203186,42511
9209349,42513
9216108,42513
9221575,42521
9227723,42512
9233892,42518
9240115,42518
9246329,42520
9252518,42518
9258683,42523
9264924,42526
9271136,42526
9277329,42529
9283523,42530
9289679,42531
9295880,42537
9302082,42543
9308323,42544
9314534,42551
9320701,42563
9332067,42626
9338255,42626
9344455,42632
9350631,42629
9355354,42621
9361519,42630
9367659,42633
9373824,42630
9380015,42627
9386188,42621
9392408,42631
9398563,42633
9404741,42632
9410924,42633
9417093,42629
9423238,42639
9430106,42633
9436303,42640
9442495,42643
9448732,42640
9454906,42638
9466293,42634
9471690,42640
9477869,42632
9484053,42649
9489256,42652
9494689,42657
9500908,42661
9507115,42662
9513337,42667
9519538,42665
9525692,42670
9531891,42685
9538077,42687
9544261,42694
9550466,42697
9556609,42701
9562820,42704
9569023,42702
9575217,42705
9581446,42706
9587574,42710
9593752,42705
9605170,42755
9610582,42759
9623344,42751
9629522,42758
9635757,42754
9642603,42744
9648851,42752
9655046,42749
9661231,42746
9667436,42741
9673619,42731
9679874,42728
9686063,42726
9692251,42710
9698470,42709
9704663,42705
9710890,42697
9717073,42693
9723263,42693
9734933,42562
9740146,42562
9746288,42562
9752474,42564
9758664,42564
9764861,42565
9771032,42568
9777192,42562
9783398,42573
9789607,42564
9795818,42571
9802001,42571
9808164,42570
9814348,42574
9820522,42569
9826713,42574
9832941,42568
9839118,42568
9845349,42569
9852151,42566
9858400,42568
9864608,42543
9870047,42540
9876169,42546
9882373,42549
9888557,42538
9894739,42541
9899273,42539
9905492,42537
9911652,42540
9917854,42537
9924035,42537
9930183,42534
9936390,42536
9942518,42529
9948676,42536
9954876,42542
9961089,42535
9967267,42531
9973454,42540
9979658,42544
9985898,42538
9992071,42536
9998238,42538
10004396,42604
10010584,42608
10016799,42611
10022962,42612
10029098,42625
10033806,42616
10040021,42631
10046212,42627
10052443,42625
10058636,42628
10065450,42631
10071599,42634
10077787,42633
10083952,42635
10090145,42624
10096357,42630
10102535,42634
10108720,42626
10114885,42630
10121084,42629
10127325,42632
10133556,42624
10144928,42659
10151067,42669
10157235,42668
10163439,42660
10168115,42669
10174263,42657
10180498,42667
10186634,42650
10192800,42662
10199023,42664
10205223,42669
10211415,42663
10217594,42664
10223784,42663
10229923,42663
10236122,42672
10242335,42655
10248531,42658
10254699,42658
10260870,42664
10267070,42665
10279022,42697
10285220,42695
10291440,42700
10297632,42689
10302298,42693
10308486,42697
10314642,42704
10320802,42699
10326970,42699
10333179,42707
10339360,42696
10345516,42696
10351638,42700
10357786,42693
10363975,42698
10370165,42704
10376418,42691
10382599,42705
10388763,42697
10394944,42702
10401155,42698
10412575,42708
10418773,42708
10424273,42710
10430499,42711
10436622,42705
10442813,42711
10449011,42710
10455238,42708
10461477,42710
10467593,42714
10473797,42717
10480529,42725
10486692,42721
10492852,42724
10499048,42716
10505236,42728
10511502,42733
10517666,42734
10523842,42738
10530058,42735
10536237,42734
10547643,42718
10553863,42718
10559283,42717
10565534,42723
10571644,42729
10576163,42732
10582318,42727
10588535,42735
10594688,42737
10600897,42726
10607066,42732
10613267,42726
10619419,42727
10625610,42728
10631818,42725
10637994,42725
10644141,42714
10650360,42711
10656568,42715
10662811,42711
10668990,42701
10675212,42696
10681446,42547
10687633,42548
10693665,42558
10699852,42553
10706067,42554
10710608,42665
10716873,42550
10723076,42560
10729294,42558
10735528,42551
10741690,42558
10747910,42555
10754059,42560
10760206,42553
10766401,42548
10772576,42549
10778779,42547
10784984,42543
10791185,42552
10797387,42541
10803531,42535
10809706,42533
10821360,42508
10827539,42514
10833693,42519
10839890,42515
10845099,42525
10851278,42521
10857497,42526
10870550,42528
10876717,42524
10882988,42525
10889206,42530
10895428,42528
10901627,42526
10908452,42525
10914634,42521
10920825,42519
10927002,42518
10933216,42515
10939452,42522
10950827,42473
10957025,42472
10963183,42472
10969389,42470
10974836,42468
10980037,42465
10986185,42468
10992401,42471
10998575,42473
11004775,42471
11010971,42479
11017113,42474
11023252,42476
11029409,42462
11035581,42487
11041812,42486
11047983,42473
11054167,42488
11060372,42483
11066574,42491
11072802,42488
11078954,42490
11085057,42498
11091230,42503
11097453,42496
11102927,42499
11109110,42486
11114297,42488
11121019,42479
11127204,42480
11133399,42482
11139590,42482
11145780,42466
11151958,42481
11158117,42473
11164314,42472
11170461,42484
11176642,42482
11182916,42478
11189050,42471
11195219,42480
11201441,42474
11207587,42470
11213793,42475
11225421,42492
11231603,42477
11237800,42473
11243995,42472
11249225,42461
11255456,42460
11261607,42456
11267816,42448
11274011,42442
11280179,42438
11286331,42430
11292514,42429
11298668,42416
11304880,42417
11311078,42407
11317245,42397
11323436,42384
11330258,42387
11336493,42382
11342640,42377
11348826,42368
11360438,42374
11366625,42369
11372818,42374
11378015,42374
11383466,42377
11389611,42369
11395770,42378
11401972,42376
11408162,42374
11414351,42381
11420519,42383
11426654,42375
11432823,42372
11439024,42367
11445224,42361
11451426,42367
11457568,42373
11463746,42372
11469939,42362
11476141,42368
11482374,42365
11493809,42407
11500019,42418
11506240,42425
11512477,42428
11517243,42429
11523456,42433
11529644,42423
11535851,42442
11542662,42442
11548830,42448
11555032,42451
11561189,42466
11567390,42470
11573628,42464
11579823,42477
11586010,42492
11592201,42490
11598387,42514
11604565,42507
11610701,42509
11616875,42532
11628245,42608
11634417,42588
11640621,42587
11646814,42582
11651579,42562
11657689,42558
11663877,42546
11670075,42541
11676299,42522
11682504,42510
11688608,42497
11694745,42496
11700956,42489
11707170,42489
11713366,42483
11719603,42476
11725802,42483
11732037,42478
11738219,42474
11744428,42470
11751252,42465
11762669,42556
11768907,42558
11775099,42558
11781313,42559
11786088,42569
11792269,42565
11797542,42580
11803756,42594
11809922,42594
11816052,42596
11822244,42591
11828433,42601
11834597,42600
11840810,42612
11846978,42623
11853114,42627
11859321,42631
11865520,42644
11871699,42646
11877922,42648
11884110,42657
11890277,42670
11901894,42765
11908053,42764
11914255,42766
11920481,42768
11924938,42767
11931117,42771
11937270,42769
11943472,42771
11949642,42767
11955822,42762
11962567,42764
11968773,42768
11974987,42764
11981195,42764
11987399,42760
11993594,42755
11999779,42762
12005928,42756
12012134,42761
12018305,42751
12024487,42757
12035878,42694
12042110,42693
12048286,42684
12054465,42689
12059257,42692
12065494,42685
12071615,42689
12077774,42686
12083980,42682
12090138,42689
12096345,42683
12102563,42690
12115379,42689
12121607,42685
12127875,42686
12134093,42688
12140303,42687
12146515,42695
12152653,42694
12164005,42778
12170146,42787
12177018,42793
12183244,42792
12188673,42792
12194847,42804
12201012,42799
12207224,42811
12213402,42815
12219556,42819
12225691,42824
12231872,42839
12238061,42839
12244228,42847
12250410,42846
12256571,42849
12262737,42848
12268950,42851
12275138,42861
12281343,42854
12287619,42866
12298992,42981
12305175,42984
12311338,42983
12317535,42999
12322976,42997
12329177,42989
12335364,42995
12340619,42995
12346833,42991
12352990,43001
12359110,42998
12365253,42997
12371438,43000
12377622,43006
12384432,42996
12390611,42998
12396828,42996
12403003,43001
12409206,42999
12415338,43001
12421532,43004
12433108,43003
12439313,42997
12445553,42998
12451757,43007
12456981,43000
12463154,43004
12469328,43001
12474813,43004
12480978,43012
12487177,43003
12493374,43016
12499542,43021
12505691,43015
12511907,43022
12518097,43028
12524259,43020
12530487,43041
12536633,43035
12542773,43002
12548946,43043
12555110,43039
12561315,43037
12567478,43064
12573642,43067
12579873,43071
12586037,43066
12592229,43072
12599040,43065
12604239,43072
12609666,43060
12615865,43056
12622068,43056
12628251,43044
12634471,43049
12640663,43039
12646853,43033
12653046,43028
12659277,43028
12665495,43021
12671661,43013
12677838,43002
12684005,42993
12690186,42988
12696385,42978
12707860,42863
12714004,42860
12720132,42869
12726310,42864
12731757,42868
12737976,42873
12743190,42873
12748590,42874
12754703,42878
12760902,42885
12767086,42885
12773236,42885
12779493,42895
12785658,42899
12791866,42898
12798068,42896
12804273,42902
12811090,42908
12817284,42911
12823508,42915
12829697,42917
12841112,43047
12847309,43047
12853527,43047
12859787,43046
12865991,43055
12872250,43049
12877651,43055
12882868,43051
12889042,43045
12895259,43045
12901434,43051
12907634,43041
12913880,43037
12920042,43039
12926203,43032
12932404,43028
12938597,43024
12944803,43014
12950964,43016
12957133,43013
12963314,43001
12969508,42997
12975714,42924
12981932,42916
12988091,42918
12994237,42916
13000434,42917
13006616,42928
13012117,42931
13018234,42931
13024491,42927
13030666,42931
13036835,42935
13043035,42934
13049218,42945
13055448,42947
13061597,42942
13067739,42947
13073924,42944
13080124,42946
13086283,42954
13092468,42948
13098598,42954
13104757,42961
13116183,42962
13122427,42962
13128597,42960
13134818,42965
13141004,42962
13147168,42956
13153362,42974
13159504,42972
13165691,42969
13171930,42966
13178118,42962
13184314,42967
13190496,42965
13196673,42961
13202927,42974
13209071,42962
13215227,42962
13221408,42959
13228111,42960
13234284,42960
13240491,42964
13246672,43004
13252878,43000
13259032,43006
13265164,42994
13271350,43001
13277502,43003
13283669,43013
13288446,43009
13294591,43013
13300768,43012
13306945,43018
13313135,43029
13319318,43026
13325521,43018
13331656,43030
13337815,43022
13344024,43034
13350254,43022
13363054,43029
13369255,43036
13375526,43035
13381742,43132
13387950,43134
13394106,43143
13400272,43145
13406482,43153
13412649,43152
13417450,43154
13423608,43161
13429753,43161
13435919,43164
13442642,43166
13448814,43186
13455022,43167
13461224,43179
13467396,43172
13473589,43174
13479759,43181
13485903,43179
13492103,43183
13498274,43181
13504427,43186
13510594,43190
13521950,43256
13528146,43263
13534331,43263
13540547,43266
13545972,43272
13551170,43273
13556597,43284
13562761,43291
13568949,43302
13575147,43312
13581376,43316
13587580,43309
13593739,43331
13599927,43344
13606107,43338
13612314,43353
13618505,43355
13624607,43368
13630759,43371
13636962,43385
13643172,43391
13649385,43391
13656207,43399
13662440,43398
13668676,43402
13674872,43399
13680061,43403
13685503,43401
13690690,43397
13696902,43402
13703002,43400
13709198,43414
13715368,43408
13721563,43408
13727756,43408
13733957,43414
13740104,43409
13746289,43421
13752487,43417
13758645,43418
13764858,43420
13771039,43421
13777223,43422
13783448,43428
13795104,43505
13801329,43511
13807556,43503
13813671,43521
13818904,43529
13824353,43531
13830551,43546
13836653,43542
13842821,43548
13848996,43548
13855193,43568
13861416,43574
13868238,43577
13874475,43579
13880596,43595
13886757,43591
13892922,43595
13899125,43588
13905317,43595
13911525,43610
13917730,43606
13929093,43667
13935281,43664
13941503,43669
13947693,43658
13953168,43654
13958350,43656
13964542,43659
13970676,43669
13976872,43667
13983027,43669
13989225,43676
13995401,43677
14001566,43674
14007765,43681
14013962,43684
14020071,43684
14026254,43692
14032421,43694
14038626,43687
14044834,43697
14051036,43696
14057237,43694
14063458,43721
14069650,43716
14076535,43712
14082692,43717
14088177,43722
14093344,43712
14099553,43720
14104967,43729
14111148,43721
14117322,43729
14123539,43728
14129742,43730
14135934,43726
14142137,43725
14148308,43729
14154540,43720
14160725,43725
14166895,43724
14173090,43726
14179285,43724
14185501,43732
14191645,43735
14197795,43722
14203949,43758
14210159,43768
14216322,43772
14221523,43764
14226944,43771
14233105,43771
14239298,43774
14244539,43770
14250744,43769
14256958,43775
14263159,43775
14269321,43776
14275524,43775
14281703,43785
14288551,43793
14294748,43791
14300965,43793
14307133,43796
14313341,43803
14319543,43793
14325738,43801
14331927,43802
14343530,43824
14349661,43829
14355869,43828
14361075,43835
14367198,43835
14373380,43831
14378803,43834
14384978,43840
14391139,43843
14397323,43847
14403531,43851
14409682,43845
14415813,43854
14421965,43852
14428177,43856
14434311,43853
14440530,43856
14446650,43857
14452847,43855
14459004,43854
14465180,43863
14471437,43852
14477597,43865
14483721,43868
14489915,43870
14495690,43870
14501766,43867
14507662,43869
14513168,43870
14519344,43869
14525549,43866
14531740,43861
14537956,43861
14544139,43858
14550265,43863
14556493,43856
14562666,43853
14568837,43853
14575028,43850
14581224,43841
14587454,43840
14593602,43830
14611847,43732
14618118,43730
14624317,43727
14630527,43717
14636677,43728
14642854,43721
14649034,43721
14655218,43722
14661419,43722
14667614,43719
14673806,43710
14679998,43714
14686201,43707
14692410,43704
14698611,43698
14704752,43701
14711540,43695
14717700,43701
14723874,43688
14730072,43681
14736264,43682
14747752,43657
14753973,43662
14760112,43654
14765546,43653
14770740,43656
14777008,43656
14783165,43659
14789392,43648
14795583,43646
14801735,43647
14807935,43649
14814115,43644
14820293,43646
14826462,43648
14832604,43640
14838761,43640
14844959,43636
14851107,43637
14857288,43628
14863495,43628
14869678,43621
14881314,43494
14887523,43486
14893689,43487
14898902,43486
14904353,43477
14910521,43475
14916666,43467
14923497,43458
14929654,43464
14935861,43467
14942083,43453
14948257,43464
14954432,43459
14960626,43569
14966806,43465
14972944,43466
14979119,43465
14985307,43469
14991523,43469
14997676,43458
15003877,43471
15015206,43490
15021364,43494
15027551,43505
15032988,43505
15039160,43508
15045331,43505
15051547,43513
15057692,43509
15063904,43509
15070089,43507
15076260,43512
15082471,43515
15088599,43520
15094713,43523
15100863,43526
15107020,43531
15113226,43531
15119442,43538
15125637,43533
15132433,43545
15138635,43540
15149997,43601
15156131,43605
15162285,43602
15167694,43608
15172849,43608
15179057,43608
15185294,43613
15191471,43606
15197685,43606
15203900,43605
15210091,43623
15216259,43621
15222413,43618
15228575,43618
15234735,43619
15240941,43622
15247134,43630
15253322,43622
15259540,43632
15265723,43632
15271964,43628
15278140,43645
15284324,43613
15290499,43614
15296662,43607
15302082,43606
15307288,43614
15313495,43616
15319744,43618
15325987,43623
15332149,43607
15338313,43618
15345055,43618
15351253,43621
15357486,43621
15363675,43622
15369906,43622
15376073,43622
15382267,43623
15388461,43626
15394614,43626
15400848,43616
15407054,43620
15413159,43622
15424730,43542
15430900,43547
15437064,43545
15442305,43556
15448484,43558
15454667,43556
15460892,43555
15467047,43558
15473198,43560
15478641,43566
15484812,43558
15490967,43555
15497159,43551
15503405,43561
15509602,43547
15515774,43544
15521973,43540
15528195,43536
15534425,43532
15540615,43526
15546732,43518
15558757,43389
15564969,43382
15571154,43377
15576621,43363
15582805,43367
15588990,43362
15595156,43352
15601343,43347
15607563,43349
15613651,43348
15619794,43345
15625980,43338
15632155,43335
15638314,43324
15644542,43332
15650702,43334
15656919,43317
15663122,43311
15669293,43326
15675518,43322
15681669,43313
15693006,43267
15699116,43267
15705309,43273
15710711,43281
15716877,43267
15723046,43275
15729226,43267
15735427,43264
15741629,43263
15747779,43259
15753946,43268
15760133,43270
15766927,43258
15773119,43256
15779330,43254
15785558,43255
15791688,43247
15797861,43256
15804087,43246
15810236,43248
15816432,43258
15827790,43200
15833984,43201
15840146,43206
15852163,43199
15858370,43203
15864601,43203
15870794,43202
15877026,43203
15883186,43200
15888598,43202
15894743,43196
15900944,43200
15907115,43188
15913299,43189
15919555,43193
15925721,43195
15931934,43193
15938122,43193
15944308,43189
15950524,43198
15956673,43169
15962856,43174
15969017,43174
15975186,43171
15981363,43171
15986635,43171
15992858,43167
15999033,43160
16005161,43165
16011372,43164
16017575,43168
16023743,43171
16029940,43168
16036135,43165
16042310,43171
16048496,43170
16054690,43171
16060912,43178
16067055,43170
16073223,43177
16079411,43176
16085592,43183
16097203,43184
16103372,43201
16109567,43196
16114738,43189
16120225,43193
16126427,43196
16132603,43194
16138791,43199
16144984,43193
16151192,43202
16157344,43192
16163540,43198
16168744,43210
16174891,43203
16181075,43207
16187827,43204
16194057,43205
16200282,43208
16206480,43203
16212639,43203
16218863,43208
16225113,43199
16231301,43192
16237475,43189
16243677,43187
16249137,43189
16254361,43194
16260550,43191
16266724,43192
16272962,43186
16279104,43189
16285275,43198
16291447,43189
16297590,43184
16303013,43190
16309169,43183
16315358,43183
16321566,43181
16327733,43176
16333921,43185
16340152,43187
16346336,43187
16352559,43191
16358790,43184
16364969,43183
16371141,43190
16377342,43181
16383574,43184
16388784,43186
16394993,43189
16401786,43196
16408005,43196
16414148,43186
16420351,43189
16426553,43199
16432702,43197
16438169,43203
16444361,43206
16450588,43205
16456724,43212
16462891,43217
16469129,43210
16475314,43222
16481535,43220
16487657,43227
16493847,43233
16505242,43084
16511451,43078
16517630,43072
16523082,43076
16529253,43076
16535451,43074
16541633,43073
16547756,43075
16553950,43074
16560134,43066
16566290,43063
16571506,43072
16577677,43056
16583898,43063
16590118,43056
16596281,43053
16602467,43058
16609204,43057
16615407,43052
16621599,43047
16627743,43051
16639488,42975
16645672,42966
16651815,42978
16658015,42977
16663235,42977
16669458,42986
16675652,42974
16681856,42974
16688041,42975
16694152,42979
16700305,42981
16706470,42982
16712680,42977
16718896,42978
16725093,42978
16731235,42978
16737404,42976
16743635,42977
16749863,42972
16756078,42983
16762216,42973
16773825,42931
16779986,42922
16786208,42911
16792445,42923
16797654,42920
16803859,42920
16810076,42918
16816233,42921
16823046,42919
16829248,42925
16835432,42922
16841649,42917
16847139,42924
16853312,42921
16859546,42921
16865678,42929
16871868,42929
16878034,42930
16884221,42932
16890418,42933
16896557,42932
16907942,42936
16914102,42937
16920242,42931
16926440,42933
16931886,42933
16937087,42926
16943262,42923
16949440,42927
16955628,42927
16961809,42918
16968007,42921
16974170,42928
16980342,42926
16985787,42923
16991964,42923
16998145,42923
17004354,42918
17010593,42924
17016712,42920
17022847,42919
17029037,42926
17035706,42922
17047060,42944
17053194,42944
17059374,42947
17065549,42954
17070968,42957
17076208,42962
17082413,42960
17095194,42974
17101371,42968
17107615,42967
17113805,42964
17119279,42974
17125516,42971
17131685,42979
17137840,42982
17144051,42974
17150262,42975
17156480,42975
17162671,42978
17168815,42978
17174992,43011
17181225,43009
17187450,43008
17193637,43013
17198858,43015
17204331,43013
17210564,43007
17216700,43016
17222876,43020
17229016,43019
17235218,43017
17241426,43016
17247637,43010
17253534,43018
17259737,43020
17265996,43020
17272142,43026
17278332,43023
17284550,43024
17290705,43024
17296935,43023
17303117,43032
17314677,43028
17320834,43031
17327020,43029
17333224,43029
17338428,43034
17344627,43036
17350809,43041
17357014,43036
17363109,43043
17369257,43042
17375414,43043
17381637,43048
17387118,43055
17393333,43060
17399564,43060
17405754,43064
17411954,43061
17418158,43060
17424329,43059
17430598,43063
17436734,43061
17442902,43060
17449098,42944
17455289,42933
17462062,42937
17467313,42943
17472728,42939
17478895,42937
17485062,42941
17491230,42933
17497376,42931
17503558,42926
17509733,42933
17515895,42926
17522132,42930
17528329,42922
17534567,42927
17540706,42922
17546868,42909
17553054,42912
17559255,42920
17565443,42910
17571645,42910
17577786,42907
17589166,42842
17595332,42843
17601528,42839
17607706,42841
17613936,42833
17620098,42838
17626253,42837
17632405,42837
17638599,42840
17644779,42878
17650993,42844
17657206,42848
17662669,42845
17668827,42842
17675669,42841
17681858,42847
17688017,42852
17694214,42850
17700379,42858
17706585,42852
17712733,42853
17724147,42805
17730330,42808
17736557,42798
17741973,42803
17747182,42811
17753356,42812
17759529,42806
17765719,42809
17771947,42809
17778140,42808
17784310,42808
17790544,42814
17796740,42810
17802235,42818
17808466,42815
17814637,42811
17820826,42816
17826975,42811
17833153,42806
17839316,42808
17845551,42818
17856978,42840
17863143,42835
17869340,42839
17875518,42847
17882321,42839
17888552,42846
17894714,42844
17900847,42843
17907032,42843
17913217,42847
17919402,42848
17925606,42850
17931807,42855
17937270,42846
17943501,42843
17949674,42849
17955869,42851
17962034,42845
17968211,42849
17974392,42843
17980611,42849
17991996,42885
17998158,42886
18004326,42893
18010498,42889
18015931,42890
18021136,42892
18027278,42898
18033467,42904
18039647,42895
18045795,42891
18052016,42898
18058199,42890
18064407,42895
18070607,42901
18076781,42890
18083012,42897
18089157,42892
18095967,42890
18102160,42893
18108311,42895
18114522,42896
18126191,42939
18132375,42942
18138626,42941
18144801,42928
18150339,42927
18155591,42931
18161755,42947
18167986,42935
18174130,42936
18180292,42938
18186512,42939
18192702,42945
18198891,42950
18205091,42951
18210524,42953
18216705,42948
18222901,42947
18229057,42953
18235247,42949
18241366,42957
18247569,42958
18253749,42951
18265114,42990
18271307,42992
18277554,42986
18283749,42985
18289188,42982
18294371,42984
18300552,42981
18307322,42960
18313534,42993
18319724,42978
18325970,42983
18338707,42992
18344180,42981
18350407,42997
18356639,42983
18362767,42993
18368977,43000
18375193,43004
18381360,42997
18392802,42976
18399028,42968
18405201,42959
18411402,42956
18416836,42944
18422044,42947
18428198,42943
18434380,42941
18440556,42937
18446751,42934
18452980,42931
18459141,42931
18465307,42932
18471498,42928
18477671,42922
18483848,42923
18490057,42921
18496190,42925
18502364,42927
18508552,42926
18514716,42929
18527108,42886
18533292,42894
18539503,42891
18545676,42891
18551128,42886
18557323,42881
18563515,42880
18569665,42864
18575790,42869
18581947,42870
18588087,42873
18594274,42875
18600479,42867
18606685,42871
18612834,42866
18618043,42874
18624208,42873
18630389,42882
18636575,42874
18642728,42877
18648897,42877
18655091,42881
18661211,42861
18667395,42852
18673614,42847
18679803,42844
18686003,42840
18691523,42844
18697759,42830
18703930,42824
18710133,42811
18716339,42822
18722561,42816
18728708,42806
18735613,42800
18741750,42795
18747930,42785
18753125,42785
18759298,42786
18765490,42776
18771677,42784
18777893,42768
18784098,42761
18790348,42768
18802073,42866
18808267,42878
18814482,42873
18820720,42877
18825909,42879
18832084,42877
18838212,42872
18844367,42867
18850553,42878
18856724,42872
18862913,42870
18869087,42868
18875251,42870
18881486,42863
18887661,42867
18893846,42878
18900049,42884
18906178,42875
18912329,42884
18918506,42888
18924700,42878
18936313,42937
18943092,42949
18949304,42944
18955527,42947
18960704,42946
18966913,42948
18973086,42952
18979256,42953
18985439,42947
18991676,42954
18997908,42968
19004121,42963
19010300,42955
19016511,42968
19022693,42979
19028205,42973
19034357,42965
19040593,42975
19046798,42973
19053002,42976
19059258,42979
19070739,43007
19076958,43006
19083118,43010
19089345,43010
19094751,43019
19099945,43019
19106116,43014
19112279,43011
19118435,43017
19124633,43010
19130768,43008
19136999,43019
19143159,43019
19149308,43023
19156120,43024
19162298,43021
19167702,43020
19173869,43032
19180019,43025
19186239,43032
19192359,43034
19198574,43039
19204737,43070
19210926,43056
19217116,43069
19223338,43062
19228567,43067
19234756,43062
19240953,43060
19247104,43064
19253255,43064
19259471,43079
19265680,43068
19271928,43074
19278086,43080
19284276,43072
19290457,43079
19296634,43079
19302062,43089
19308038,43095
19314230,43087
19320384,43101
19326587,43097
19332746,43101
19344127,43134
19350277,43140
19356496,43150
19363249,43146
19369469,43154
19374905,43157
19381088,43161
19387246,43164
19393450,43171
19399669,43163
19405826,43179
19411999,43174
19418189,43187
19424382,43187
19430606,43184
19436722,43178
19442902,43187
19449085,43179
19455294,43187
19461504,43179
19467664,43177
19479047,43024
19485210,43020
19491391,43020
19497583,43023
19502987,43019
19509165,43023
19515327,43030
19521534,43023
19527729,43018
19533863,43026
19540014,43020
19546215,43023
19552403,43009
19558637,43016
19564760,43014
19570910,43011
19583352,43006
19589540,43009
19595768,43013
19602009,42998
19608206,42938
19614403,42934
19620620,42940
19626842,42935
19632312,42940
19638520,42939
19643704,42939
19649898,42935
19656082,42938
19662215,42934
19668360,42940
19674536,42937
19680727,42936
19686931,42934
19693139,42936
19699274,42939
19705439,42939
19710854,42936
19717018,42944
19723210,42933
19729379,42928
19735591,42933
19741749,42932
19747914,42883
19754084,42881
19760297,42882
19766514,42880
19772693,42888
19777872,42894
19784084,42894
19790798,42893
19797079,42890
19803224,42897
19809380,42900
19815578,42905
19821756,42895
19827950,42908
19834103,42908
19840228,42914
19845653,42911
19851778,42913
19857968,42908
19864188,42914
19870397,42913
19881842,42927
19888035,42921
19894289,42927
19900453,42928
19906625,42934
19912051,42933
19918240,42932
19924458,42938
19930679,42930
19936827,42937
19943042,42946
19949219,42947
19955407,42948
19961619,42933
19967741,42943
19973939,42943
19979130,42942
19985305,42948
19991489,42946
19997707,42951
20004517,42948
20010716,42947
20016925,42963
20023103,42965
20029220,42967
20035407,42974
20041600,42978
20047015,42985
20053174,42990
20059339,42994
20065577,42990
20071779,42991
20077957,42989
20084167,43000
20090322,42992
20096542,42998
20102703,43007
20108842,42996
20114016,43002
20120158,43000
20126305,43008
20132513,43008
20138686,43017
20144883,43009
20151087,43060
20157264,43052
20163452,43073
20169661,43067
20175849,43069
20181336,43072
20186556,43069
20192753,43065
20198984,43063
20205128,43070
20211854,43072
20218122,43066
20224304,43068
20230474,43073
20236657,43072
20242822,43074
20249041,43068
20255234,43068
20261405,43071
20267647,43075
20273834,43075
20280090,43076
20291695,43066
20297832,43067
20303985,43072
20310196,43072
20315377,43073
20320790,43075
20326972,43078
20333149,43070
20339342,43084
20345550,43090
20351718,43088
20357887,43093
20364017,43090
20370190,43096
20376385,43089
20382598,43086
20388713,43090
20393958,43094
20400141,43095
20406337,43081
20412503,43082
20418694,43091
20425509,42930
20431702,42925
20437911,42928
20444107,42923
20449541,42921
20455700,42926
20461853,42919
20468056,42918
20474296,42922
20480501,42924
20486681,42914
20492901,42911
20499067,42911
20505264,42899
20511474,42899
20517655,42895
20523809,42896
20529029,42880
20535226,42871
20541413,42873
20547620,42868
20553829,42862
20565512,42789
20571691,42801
20577844,42800
20584009,42805
20590200,42799
20595402,42797
20601618,42802
20607815,42803
20614044,42803
20620200,42804
20626422,42808
20633119,42794
20639285,42789
20645423,42793
20651612,42785
20657796,42782
20663265,42788
20669486,42777
20675679,42774
20681845,42770
20688036,42764
20699460,42694
20705634,42696
20711798,42689
20718033,42700
20724188,42696
20729633,42691
20735761,42692
20741936,42692
20748116,42684
20754311,42683
20760520,42686
20766693,42685
20772843,42677
20779009,42679
20785194,42678
20791381,42686
20797605,42671
20803774,42680
20809951,42675
20816146,42670
20828984,42725
20835179,42729
20841375,42730
20847620,42736
20854434,42731
20858997,42731
20865155,42739
20871322,42741
20877533,42735
20883740,42737
20889959,42742
20896128,42746
20902313,42744
20908502,42738
20914678,42747
20920860,42745
20927048,42751
20932492,42753
20938673,42758
20944860,42749
20951061,42750
20957248,42741
20968629,42779
20974777,42787
20981024,42788
20987231,42795
20992670,42735
20997876,42802
21004093,42805
21010224,42813
21016388,42808
21022589,42811
21028742,42819
21034976,42816
21041163,42816
21047332,42826
21053521,42820
21060269,42826
21066545,42841
21072739,42843
21078960,42846
21085131,42844
21091319,42843
21102940,42903
21109112,42890
21115317,42895
21121557,42902
21127703,42915
21133876,42906
21140030,42904
21146220,42916
21152398,42908
21158607,42907
21164755,42912
21170920,42910
21177094,42907
21183237,42906
21189400,42913
21195614,42915
21201759,42911
21207970,42905
21214139,42906
21220302,42915
21226517,42916
21237890,42946
21244108,42949
21250220,42938
21256375,42939
21262567,42948
21267988,42940
21274760,42941
21280884,42938
21287102,42948
21293280,42947
21299431,42944
21305622,42941
21311789,42949
21317896,42943
21324051,42937
21330254,42948
21336446,42936
21342650,42932
21348848,42932
21355025,42936
21361267,42932
21372698,42826
21378887,42820
21385095,42811
21391250,42804
21397427,42802
21402832,42801
21408000,42787
21414142,42780
21420308,42779
21426539,42778
21432691,42762
21438873,42764
21445077,42754
21451260,42748
21457402,42748
21463649,42736
21469824,42728
21476036,42734
21482844,42723
21489061,42718
21495265,42716
21506910,42557
21513088,42557
21519323,42543
21525522,42546
21531739,42539
21537298,42545
21542476,42550
21548656,42546
21554867,42547
21561070,42541
21567201,42539
21573388,42546
21579586,42542
21585750,42558
21591970,42550
21598128,42551
21604327,42550
21610514,42555
21616669,42564
21622176,42564
21628360,42570
21634585,42564
21640768,42527
21646925,42523
21653151,42519
21659328,42525
21665569,42518
21670803,42520
21676249,42524
21682436,42521
21688648,42516
21695523,42517
21701728,42517
21707875,42509
21714031,42513
21720231,42519
21726406,42512
21732647,42513
21738775,42509
21744998,42509
21751201,42507
21756419,42512
21762651,42509
21768847,42504
21775081,42591
21781192,42586
21787310,42588
21793484,42583
21799702,42588
21805146,42581
21811332,42572
21817523,42582
21823710,42575
21829830,42575
21836022,42571
21842227,42567
21848371,42576
21854605,42573
21860785,42572
21866982,42569
21873177,42572
21879392,42574
21885647,42570
21890825,42569
21897038,42571
21903840,42567
21915516,42575
21921726,42563
21927932,42572
21934123,42568
21940309,42560
21945497,42566
21951678,42558
21957888,42565
21964094,42573
21970201,42569
21976320,42577
21982534,42566
21988691,42576
21994877,42580
22001076,42583
22007207,42588
22013383,42586
22019600,42594
22025829,42587
22032054,42592
22038208,42604
22049794,42657
22055977,42661
22062129,42665
22074908,42668
22081112,42660
22087374,42656
22093582,42666
22099729,42663
22105900,42673
22112095,42674
22118834,42669
22125016,42675
22131213,42678
22137421,42683
22143661,42685
22149794,42678
22155987,42691
22162182,42691
22168359,42688
22179804,42747
22185995,42742
22192175,42749
22198315,42753
22204494,42750
22209912,42751
22215109,42752
22221265,42750
22227453,42750
22233654,42749
22239836,42751
22246059,42750
22252163,42746
22258347,42750
22264521,42752
22270683,42750
22276871,42750
22283087,42745
22289210,42744
22295396,42753
22301599,42748
22313207,42774
22319352,42773
22325555,42768
22332366,42772
22338575,42774
22343765,42767
22349219,42775
22355419,42764
22361634,42765
22367810,42767
22373918,42768
22380123,42759
22386318,42742
22392538,42746
22398725,42751
22404897,42740
22411082,42725
22417241,42730
22423403,42729
22429635,42716
22435801,42710
22447153,42614
22453298,42605
22459454,42610
22465661,42620
22471811,42615
22478073,42607
22483624,42609
22489818,42602
22496047,42602
22502246,42596
22508440,42595
22514610,42597
22520742,42586
22526939,42588
22533147,42571
22539991,42580
22546140,42571
22552330,42570
22558523,42564
22564727,42551
22570983,42555
22581826,42561
22588006,42565
22594184,42559
22600388,42566
22606626,42562
22612798,42565
22618008,42569
22624171,42563
22630330,42566
22636486,42568
22642686,42562
22648884,42556
22655074,42556
22661261,42567
22667438,42560
22673606,42550
22679802,42560
22685970,42555
22692192,42559
22698349,42562
22704547,42561
22715137,42577
22721315,42569
22727496,42575
22733716,42576
22739883,42578
22746733,42581
22752209,42584
22758405,42588
22764610,42592
22770782,42590
22776955,42600
22783123,42599
22789343,42595
22795597,42597
22801771,42594
22807943,42591
22814102,42592
22820263,42601
22826443,42601
22832663,42596
22838781,42599
22844966,42600
22850150,42649
22856284,42645
22862460,42649
22868684,42640
22874865,42646
22881078,42641
22886585,42646
22892768,42643
22898931,42644
22905075,42641
22911278,42631
22917458,42639
22923683,42639
22929871,42634
22936079,42641
22942267,42630
22948429,42638
22954650,42638
22961530,42640
22967742,42646
22973885,42629
22980045,42634
22990788,42693
22996985,42690
23003208,42703
23009459,42700
23015679,42688
23021102,42698
23027293,42705
23033502,42701
23039694,42711
23045778,42708
23051946,42709
23058111,42713
23064323,42707
23070566,42712
23076740,42710
23082910,42705
23089117,42714
23095316,42720
23101566,42719
23107746,42715
23113903,42713
23124628,42740
23130806,42730
23137074,42731
23143212,42739
23149359,42731
23155583,42732
23161795,42735
23167872,42741
23174038,42740
23180230,42733
23186424,42731
23192659,42736
23198880,42732
23205059,42731
23211275,42729
23217441,42732
23223662,42735
23229846,42736
23236020,42739
23242253,42739
23248407,42745
23259152,42758
23265311,42755
23271502,42748
23277687,42738
23283861,42738
23290103,42733
23295513,42721
23300731,42709
23306947,42718
23319965,42703
23326164,42700
23332403,42690
23338650,42699
23344836,42697
23350996,42683
23357200,42686
23363387,42688
23369630,42687
23375853,42685
23382024,42683
23393386,42632
23399590,42627
23405835,42628
23412080,42622
23418253,42629
23424424,42630
23430606,42619
23436760,42631
23442948,42627
23449149,42632
23455335,42622
23461561,42625
23467749,42630
23473964,42631
23480162,42630
23486303,42632
23492536,42637
23498721,42633
23504914,42631
23511112,42632
23517245,42633
23522693,42713
23528870,42711
23534637,42701
23540686,42707
23546887,42697
23553113,42701
23559335,42698
23564541,42698
23569983,42697
23576157,42689
23582328,42688
23588519,42691
23595386,42688
23601629,42679
23607826,42682
23613997,42673
23620171,42669
23626375,42664
23632553,42661
23638715,42657
23644929,42666
23651094,42665
23661816,42694
23668026,42696
23674192,42701
23680369,42695
23686582,42703
23692754,42707
23698939,42698
23704383,42711
23710578,42705
23716737,42706
23722893,42717
23729056,42711
23735251,42711
23741427,42711
23747665,42710
23753848,42715
23760018,42705
23766171,42714
23772397,42706
23778645,42708
23784856,42714
23795457,42730
23801668,42731
23808585,42731
23814738,42738
23820916,42741
23827091,42741
23833273,42735
23838462,42740
23843919,42745
23850084,42756
23856274,42747
23862450,42750
23868676,42757
23874823,42751
23881024,42748
23887222,42757
23893426,42758
23899663,42762
23905826,42761
23912002,42755
23918182,42760
23928883,42821
23935091,42825
23941333,42820
23947559,42821
23953776,42826
23959946,42820
23966113,42820
23972312,42821
23976853,42827
23983078,42817
23989214,42827
23995346,42825
24001526,42830
24007733,42825
24014466,42828
24020736,42830
24026965,42833
24033205,42837
24039427,42838
24045615,42837
24051808,42844
24063532,42897
24068756,42897
24074943,42900
24081160,42913
24087298,42910
24093464,42913
24099645,42919
24105830,42929
24110564,42919
24116729,42910
24122861,42911
24129019,42916
24135232,42919
24141437,42917
24147638,42917
24153817,42921
24159991,42923
24166152,42914
24172330,42904
24178474,42903
24184683,42907
24190843,42919
24201456,42953
24207675,42950
24213818,42949
24219982,42939
24226760,42935
24232928,42937
24239099,42932
24244289,42920
24249733,42929
24255943,42918
24262109,42917
24268343,42916
24274559,42909
24280733,42909
24286883,42914
24293091,42896
24299306,42898
24305466,42898
24311666,42900
24317862,42902
24324026,42893
24335497,42765
24340979,42768
24347139,42756
24353385,42761
24359577,42746
24365737,42749
24371887,42738
24378010,42738
24382569,42739
24388729,42742
24394897,42744
24401090,42737
24407232,42735
24413412,42742
24419586,42730
24425801,42731
24432022,42720
24438886,42719
24445118,42722
24451235,42713
24457371,42717
24463587,42727
24469800,42721
24475269,42720
24481469,42718
24487681,42718
24493829,42714
24500046,42731
24506235,42719
24512388,42720
24516939,42723
24523148,42725
24529270,42734
24535455,42738
24541674,42737
24547849,42736
24554068,42718
24566886,42720
24573125,42713
24579396,42702
24585631,42694
24591819,42706
24598047,42707
24604207,42734
24610404,42735
24616616,42737
24622854,42741
24629082,42739
24635280,42735
24641478,42739
24646151,42742
24652913,42745
24659133,42745
24665313,42747
24671471,42753
24677716,42749
24683874,42748
24690077,42749
24696290,42754
24702478,42751
24708704,42748
24714790,42746
24720962,42748
24727160,42749
24738513,42808
24744702,42815
24750864,42807
24757091,42811
24763260,42811
24769418,42812
24775571,42813
24780997,42818
24787190,42821
24793368,42812
24799541,42823
24805727,42828
24811873,42820
24818036,42825
24824249,42832
24830426,42835
24836658,42828
24842845,42842
24849040,42841
24855215,42842
24862012,42846
24873449,42891
24879652,42888
24885842,42885
24892061,42888
24898169,42863
24904339,42892
24910563,42891
24915987,42887
24921182,42892
24927353,42898
24933504,42893
24939702,42903
24945927,42901
24952150,42907
24958330,42911
24964522,42908
24970717,42909
24976914,42919
24983111,42925
24989261,42926
24995416,42931
25001604,42929
25007784,42974
25013967,42971
25019450,42975
25025651,42977
25031798,42981
25037969,42978
25044204,42983
25049429,42972
25054864,42972
25061030,42985
25067178,42980
25074017,42980
25080219,42983
25086434,42988
25092647,42987
25098796,42995
25104957,42999
25111141,42992
25117349,43005
25123563,43008
25129737,43009
25135900,43018
25147262,43104
25153457,43110
25158883,43105
25165065,43115
25171244,43115
25177433,43120
25183654,43125
25189818,43136
25195996,43129
25202167,43132
25208344,43140
25214580,43149
25220750,43147
25226948,43161
25233157,43152
25239335,43167
25245498,43170
25251688,43173
25257807,43175
25263985,43176
25270136,43184
25282050,43053
25288280,43050
25293697,43053
25299818,43048
25306036,43044
25312275,43033
25318464,43038
25323665,43032
25329121,43042
25335327,43021
25341572,43040
25347740,43029
25353898,43024
25360094,43026
25366288,43018
25372502,43016
25378728,43010
25384817,43005
25390933,42995
25397101,43003
25403282,42995
25409448,42996
25415638,42929
25421804,42928
25427968,42935
25434157,42930
25440360,42937
25446546,42936
25452781,42953
25457972,42950
25464164,42951
25470314,42960
25476520,42958
25482722,42966
25488914,42975
25495755,42978
25501930,42980
25508129,42987
25514298,42986
25520452,42992
25526655,42991
25532808,43002
25539048,42988
25545252,42997
25556845,42956
25563009,42964
25568255,42966
25574448,42967
25580645,42968
25586783,42965
25592197,42960
25598329,42973
25603512,42974
25609777,42986
25615974,42983
25622169,42988
25628325,42986
25634503,42993
25640701,42993
25646834,43003
25653062,42998
25659227,43004
25665423,43017
25671630,43015
25677870,43019
25684114,43023
25690256,43098
25696460,43103
25703211,43106
25709443,43100
25715619,43105
25721791,43110
25727205,43110
25733374,43115
25738584,43105
25744760,43112
25750983,43121
25757210,43113
25763421,43125
25769635,43115
25775838,43123
25782059,43121
25788236,43123
25794332,43135
25800510,43130
25813580,43132
25819798,43035
25826010,43041
25832232,43048
25838377,43058
25844585,43060
25850781,43060
25856004,43069
25862188,43077
25867594,43075
25873727,43077
25879919,43087
25886105,43081
25892289,43094
25898436,43094
25904642,43101
25910802,43109
25916970,43116
25923774,43123
25929949,43129
25936140,43129
25942388,43123
25948604,43132
25960050,43136
25966186,43136
25972357,43126
25978555,43131
25984714,43131
25990881,43126
25997109,43129
26002518,43118
26008710,43124
26014853,43120
26020978,43129
26027175,43123
26033378,43130
26039584,43137
26045766,43133
26051942,43143
26058114,43149
26064324,43144
26070480,43163
26076688,43152
26082848,43173
26094214,43212
26100409,43220
26106595,43217
26112794,43214
26119002,43209
26125182,43198
26132038,43213
26137468,43210
26143699,43209
26149922,43200
26156075,43203
26162296,43205
26168464,43199
26174684,43199
26180831,43193
26187005,43203
26193192,43208
26199371,43208
26205507,43198
26211716,43208
26217883,43216
26229294,43178
26235468,43169
26241670,43162
26247864,43162
26253328,43159
26259512,43143
26264702,43146
26270835,43145
26277044,43137
26283210,43138
26289351,43123
26295520,43125
26301741,43118
26307933,43120
26314143,43109
26320281,43104
26326452,43103
26332635,43098
26339390,43101
26345590,43092
26351775,43092
26363367,43022
26369566,43015
26375755,43015
26381900,43010
26388067,43021
26394207,43013
26399425,43010
26405588,43018
26411054,43017
26417229,43017
26423422,43018
26429656,43009
26435799,43016
26441982,43022
26448144,43016
26454333,43034
26460506,43026
26466696,43038
26472863,43036
26479072,43038
26485269,43045
26496727,43017
26502911,43019
26509116,43009
26515263,43002
26521409,43001
26527637,42990
26533072,42996
26538633,42996
26544808,42990
26551592,42989
26557794,42990
26563923,42989
26570073,42992
26576274,42984
26582456,42976
26588690,42981
26594870,42980
26601022,42984
26607194,42984
26613404,42982
26619631,42983
26631007,43021
26637195,43014
26643331,43014
26649485,43020
26655665,43027
26661888,43031
26667355,43029
26672906,43035
26679090,43038
26684306,43048
26690504,43050
26696689,43048
26702853,43044
26709074,43055
26715264,43043
26721459,43057
26727608,43051
26733809,43051
26740054,43041
26746197,43046
26752339,43038
26759109,43045
26765284,43062
26771465,43065
26777666,43068
26783842,43065
26790032,43069
26796201,43068
26801593,43070
26807085,43069
26813270,43063
26819457,43069
26825685,43066
26831860,43065
26838064,43071
26844219,43068
26850396,43067
26856620,43072
26862770,43064
26868886,43061
26875025,43063
26881205,43064
26887420,43069
26893677,43069
26905121,43045
26911312,43051
26917510,43050
26923681,43046
26929856,43045
26936043,43043
26940850,43042
26947074,43044
26953309,43045
26958501,43042
26964720,43041
26971441,43036
26977647,43036
26983831,43038
26990027,43035
26996157,43035
27002296,43032
27008496,43027
27014699,43023
27020881,43029
27027115,43025
27033265,43027
27039445,43069
27045648,43076
27058634,43072
27064857,43073
27069352,43075
27075577,43063
27081766,43077
27087901,43073
27094086,43075
27100304,43079
27106490,43083
27112673,43082
27118853,43085
27125074,43076
27131247,43082
27137433,43077
27143637,43078
27149779,43089
27155946,43082
27162152,43075
27168355,43073
27174506,43089
27180745,43083
27187488,43084
27193686,43081
27199834,43084
27204294,43072
27210471,43063
27216723,43075
27222851,43084
27228105,43059
27234255,43048
27240420,43045
27246592,43040
27252779,43045
27258977,43037
27265167,43030
27271283,43032
27277452,43025
27283666,43027
27289849,43018
27296037,43004
27302194,43012
27313810,42878
27319967,42869
27326129,42872
27332293,42862
27338435,42863
27344705,42858
27350853,42859
27357020,42854
27362239,42859
27368415,42854
27374593,42843
27380814,42846
27387031,42836
27393831,42838
27400071,42831
27406246,42835
27412455,42836
27418616,42836
27424800,42836
27431038,42836
27437220,42838
27448881,42772
27455054,42780
27461232,42771
27467438,42772
27473677,42767
27478889,42756
27485128,42753
27491286,42753
27496725,42759
27502943,42761
27509135,42760
27515327,42759
27521500,42749
27527689,42753
27533865,42747
27540044,42743
27546286,42742
27552451,42741
27558683,42740
27564852,42744
27571020,42737
27582412,42817
27588617,42815
27594779,42821
27600943,42818
27607740,42817
27613164,42817
27619352,42815
27625568,42821
27631744,42815
27637904,42819
27644090,42812
27650261,42818
27656420,42822
27662622,42824
27668822,42820
27674975,42819
27681172,42828
27687360,42817
27693581,42816
27699730,42826
27705901,42825
27717307,42810
27723487,42810
27729686,42812
27735824,42821
27742017,42825
27747469,42825
27753723,42823
27758921,42818
27765157,42828
27771280,42826
27777471,42830
27783651,42839
27789814,42830
27796013,42831
27802180,42836
27808350,42829
27815096,42836
27821318,42832
27827487,42822
27833687,42826
27839882,42827
27851567,42849
27857756,42848
27863985,42852
27870200,42856
27876426,42858
27881652,42859
27887856,42857
27894074,42864
27900225,42868
27906374,42865
27911812,42868
27917937,42867
27924112,42868
27930320,42874
27936456,42871
27942703,42875
27948891,42876
27955077,42882
27961283,42875
27967445,42875
27973669,42885
27979841,42888
27985987,42909
27992187,42892
27998366,42893
28004519,42894
28010733,42877
28015958,42867
28022163,42864
28028987,42862
28034458,42853
28040694,42856
28045939,42862
28052128,42854
28058254,42861
28064391,42868
28070577,42870
28076797,42882
28083024,42884
28089241,42896
28095410,42897
28101620,42902
28107827,42903
28114052,42921
28125661,42923
28131815,42928
28137946,42938
28144116,42940
28150334,42940
28156521,42953
28162765,42963
28168956,42965
28174151,42971
28179567,42979
28185768,42985
28191855,42997
28198011,43000
28204171,43006
28210393,43010
28216628,43025
28222808,43029
28229019,43029
28235177,43037
28241943,43031
28248123,43039
28254313,43046
28260462,42873
28266686,42864
28272842,42861
28279053,42858
28285252,42864
28290486,42855
28302570,42847
28308789,42850
28315045,42845
28321239,42840
28327398,42843
28333570,42835
28339767,42838
28345927,42838
28352141,42830
28358307,42825
28364493,42825
28370704,42830
28376895,42826
28383134,42825
28394735,42797
28400897,42796
28407116,42798
28413304,42789
28419531,42793
28425776,42800
28431970,42794
28437148,42792
28443343,42803
28448834,42814
28455708,42809
28461927,42818
28468113,42813
28474303,42813
28480475,42813
28486707,42819
28492849,42814
28499103,42827
28505308,42819
28511522,42830
28517730,42826
28529123,42795
28535278,42790
28541426,42787
28547616,42786
28553811,42793
28559248,42790
28565414,42788
28571678,42786
28577907,42789
28583091,42786
28589294,42785
28595451,42784
28601629,42791
28607816,42787
28614048,42782
28620207,42791
28626340,42791
28632534,42784
28638741,42777
28644961,42790
28651183,42789
28657350,42782
28664074,42813
28670300,42804
28676482,42800
28682656,42807
28688836,42803
28694295,42806
28700489,42806
28706714,42820
28712876,42822
28718100,42817
28724242,42815
28730422,42828
28736608,42824
28742782,42829
28748927,42823
28755137,42828
28761332,42832
28767527,42831
28773707,42837
28779929,42835
28786145,42833
28792308,42850
28803924,42865
28810119,42867
28816327,42866
28822518,42870
28828746,42859
28834833,42867
28840998,42861
28847161,42861
28852374,42863
28858544,42866
28864734,42862
28870879,42864
28877673,42867
28883863,42865
28890064,42863
28896233,42869
28902385,42864
28908558,42862
28914743,42866
28920949,42868
28927121,42866
28938703,42933
28944846,42936
28951033,42935
28957263,42934
28963460,42935
28968722,42937
28974894,42935
28981174,42939
28987386,42940
28992806,42942
28998937,42938
29005124,42943
29011316,42945
29017533,42944
29023763,42941
29029910,42950
29036096,42945
29042247,42947
29048470,42948
29054665,42951
29060841,42950
29072159,42943
29078308,42949
29085078,42950
29091301,42946
29097489,42957
29102911,42961
29109086,42962
29115324,42961
29121494,42966
29126735,42968
29132141,42981
29138328,42982
29144465,42982
29150666,42979
29156829,42991
29162988,42988
29169200,42986
29175414,42988
29181642,42987
29187807,42981
29193933,42988
29200066,42988
29206208,42843
29212416,42850
29218635,42847
29224798,42843
29230933,42847
29237170,42846
29243377,42837
29249537,42841
29255748,42837
29260966,42836
29266425,42839
29272629,42838
29278802,42831
29284992,42828
29291147,42829
29297861,42819
29304071,42825
29310231,42820
29316431,42814
29322643,42810
29328877,42811
29335038,42807
29346410,42777
29352637,42779
29358819,42776
29365050,42788
29371258,42788
29376699,42780
29382909,42795
29389071,42787
29395236,42788
29400448,42779
29406643,42788
29412820,42781
29419021,42782
29425276,42781
29431496,42767
29437678,42782
29443852,42776
29450080,42776
29456248,42774
29462387,42764
29468569,42775
29474773,42770
29480939,42743
29487150,42742
29493333,42739
29499547,42743
29506222,42730
29511754,42736
29517880,42728
29524055,42727
29530254,42726
29535463,42721
29548528,42721
29554795,42726
29560998,42713
29567194,42719
29573369,42726
29579577,42729
29585825,42731
29592014,42734
29598208,42734
29609620,42758
29615817,42759
29622045,42760
29628259,42758
29634443,42759
29640614,42755
29646802,42758
29652980,42752
29659168,42763
29664583,42759
29670803,42752
29676990,42747
29683148,42759
29689389,42758
29695619,42753
29701798,42755
29708035,42756
29714194,42757
29720375,42755
29727168,42760
29733332,42763
29744717,42788
29750897,42787
29757094,42786
29763269,42798
29769413,42790
29775623,42796
29781048,42788
29787253,42795
29793427,42799
29799607,42794
29805803,42788
29810967,42804
29817149,42800
29823305,42802
29829453,42799
29835665,42810
29841846,42804
29848046,42807
29854256,42807
29860492,42814
29866655,42800
29872797,42809
29878979,42828
29885179,42823
29891313,42832
29897530,42826
29903705,42837
29909883,42835
29915306,42840
29921472,42835
29927666,42835
29934525,42830
29939756,42845
29945933,42839
29952161,42844
29958354,42845
29964544,42851
29970752,42849
29976929,42843
29983177,42850
29989290,42855
29995421,42843
30001574,42850
30007780,42857
30019400,42882
30025630,42887
30031832,42887
30037988,42892
30044149,42896
30049350,42889
30055540,42900
30061742,42903
30067899,42900
30073315,42856
30079467,42904
30084649,42908
30090857,42905
30097044,42915
30103212,42911
30109331,42918
30115515,42920
30121726,42917
30127884,42925
30134088,42916
30140278,42919
30147097,42917
30153261,42833
30159423,42819
30165618,42822
30171804,42817
30177999,42813
30183482,42814
30189671,42817
30195863,42807
30202018,42795
30208246,42799
30214438,42795
30219626,42797
30225819,42788
30232058,42777
30238264,42772
30244422,42766
30250646,42769
30256800,42765
30262972,42760
30269169,42760
30275291,42757
30281450,42746
30293056,42698
30299241,42698
30305435,42696
30311638,42698
30317818,42703
30323991,42697
30330180,42706
30336367,42703
30342525,42702
30347772,42711
30353909,42711
30360195,42715
30366372,42719
30372554,42711
30378783,42722
30384959,42720
30391170,42718
30397380,42724
30403601,42726
30409781,42728
30415931,42722
30427545,42662
30433742,42674
30439857,42673
30446048,42662
30452209,42675
30458389,42676
30464552,42670
30470759,42677
30476900,42676
30482081,42679
30488239,42682
30494352,42685
30500542,42669
30506738,42679
30512907,42665
30519138,42682
30525284,42677
30531425,42670
30537579,42674
30543756,42678
30549942,42672
30561667,42730
30568500,42738
30574731,42732
30580910,42738
30587092,42735
30593289,42738
30598522,42735
30604731,42735
30610867,42729
30617077,42734
30623241,42729
30628659,42728
30634850,42730
30641012,42733
30647190,42734
30653400,42736
30659566,42734
30665794,42734
30671919,42737
30678072,42736
30684262,42740
30695732,42796
30701897,42791
30708132,42784
30714318,42789
30720517,42793
30726711,42790
30732129,42798
30738308,42794
30744491,42798
30750729,42798
30755979,42794
30762176,42790
30767587,42793
30773783,42796
30780636,42797
30793424,42794
30799657,42794
30805876,42800
30812042,42794
30818226,42800
30829697,42835
30835901,42843
30842146,42855
30848328,42837
30854534,42857
30860761,42854
30866914,42858
30873101,42862
30879262,42865
30885382,42863
30891572,42865
30897023,42875
30903190,42868
30909396,42882
30915575,42868
30921780,42873
30927908,42869
30934100,42882
30940286,42878
30946449,42882
30952676,42875
30964100,42955
30970289,42955
30976490,42882
30982710,42960
30988852,42952
30995722,42957
31001135,42953
31007304,42945
31013468,42944
31019655,42945
31025882,42952
31031039,42947
31037239,42946
31043397,42946
31049572,42949
31055773,42950
31061955,42938
31068188,42931
31074348,42939
31080551,42934
31086732,42940
31098369,42962
31104542,42945
31110749,42938
31116907,42938
31123125,42926
31129284,42930
31135441,42925
31141645,42910
31147816,42910
31153976,42900
31160167,42895
31166392,42895
31172555,42886
31178799,42894
31184995,42881
31191198,42875
31197387,42871
31204221,42870
31210452,42870
31216664,42867
31222830,42858
31229022,42787
31235212,42779
31241418,42785
31247559,42775
31253773,42767
31259975,42757
31266140,42752
31272323,42751
31278461,42746
31284642,42750
31290830,42740
31297004,42744
31303172,42733
31308385,42739
31314565,42746
31320774,42739
31326950,42744
31333167,42746
31339292,42744
31345455,42743
31351641,42744
31357838,42742
31369451,42740
31375671,42746
31381812,42741
31387987,42746
31394157,42733
31400340,42740
31406512,42734
31412257,42727
31418456,42737
31424675,42737
31430882,42735
31437082,42731
31442478,42729
31448679,42720
31454882,42734
31461063,42730
31467219,42724
31473419,42718
31479621,42723
31485802,42717
31491953,42723
31503307,42816
31509465,42822
31515621,42819
31521815,42811
31527986,42823
31534185,42816
31540355,42814
31546571,42816
31552739,42810
31558901,42816
31565118,42804
31571288,42807
31576688,42806
31582831,42808
31588994,42803
31595174,42804
31601345,42813
31607494,42800
31613667,42808
31619857,42802
31626766,42806
31638159,42827
31644362,42810
31650544,42822
31656701,42827
31662871,42831
31669061,42838
31675245,42845
31681457,42837
31686899,42845
31693073,42833
31699246,42826
31705422,42829
31710595,42839
31716773,42836
31722976,42840
31729199,42845
31735366,42855
31741564,42853
31747763,42853
31753951,42851
31760201,42855
31771852,42856
31778030,42868
31784220,42869
31790382,42859
31796553,42869
31802751,42865
31808878,42874
31815021,42871
31821213,42874
31827415,42878
31834224,42875
31840421,42877
31845629,42884
31851836,42889
31857259,42896
31863467,42902
31869651,42900
31875777,42908
31881972,42913
31888151,42907
31894392,42915
31900626,42923
31906828,42938
31912949,42935
31919152,42934
31925335,42938
31931478,42940
31937697,42941
31943837,42937
31949970,42935
31956133,42941
31961382,42946
31967573,42953
31973802,42951
31979988,42955
31986203,42953
31992312,42957
31998455,42960
32004577,42947
32010776,42954
32016941,42959
32023198,42958
32036011,42945
32042238,42945
32049094,42938
32055324,42935
32061540,42925
32067748,42916
32073916,42911
32080095,42912
32086289,42902
32091778,42902
32097975,42894
32104164,42894
32110385,42884
32115577,42881
32121753,42875
32127171,42870
32133360,42877
32139528,42878
32145711,42871
32151862,42869
32158044,42868
32164220,42867
32175682,42785
32181878,42790
32188116,42784
32194274,42779
32200469,42779
32206658,42782
32212829,42778
32219003,42783
32224482,42775
32230690,42770
32236905,42783
32243072,42780
32249255,42782
32255443,42784
32262293,42783
32268506,42789
32274679,42789
32280847,42788
32286966,42787
32293165,42792
32299365,42794
32310765,42750
32316969,42738
32323206,42740
32329347,42739
32335518,42738
32341755,42734
32347915,42730
32354121,42724
32359549,42724
32365765,42719
32371923,42708
32378097,42711
32384311,42701
32389522,42705
32395716,42697
32401902,42696
32408118,42708
32414281,42702
32420429,42695
32426654,42705
32432844,42697
32444504,42706
32450683,42713
32456852,42707
32463018,42712
32469193,42706
32475960,42716
32482082,42716
32488268,42724
32493481,42721
32499685,42716
32505865,42720
32512098,42712
32518335,42725
32523761,42726
32529885,42722
32536032,42729
32542170,42724
32548331,42733
32554505,42730
32560704,42720
32566868,42726
32573008,42724
32579189,42766
32585403,42756
32591597,42758
32597807,42754
32603932,42757
32610102,42769
32616291,42760
32622480,42755
32627721,42759
32633917,42771
32640152,42754
32646318,42763
32652490,42756
32657913,42762
32664079,42759
32670268,42760
32676465,42756
32683257,42756
32689463,42763
32695705,42765
32701907,42768
32708088,42768
32719489,42780
32725678,42773
32731856,42769
32738066,42770
32744266,42774
32750392,42775
32756633,42777
32762082,42779
32768295,42775
32774495,42775
32780714,42777
32786870,42788
32792032,42782
32798237,42785
32804325,42785
32810497,42795
32816618,42793
32822039,42798
32828248,42786
32834440,42799
32840655,42805
32846876,42801
32853092,42844
32859277,42841
32865456,42834
32871658,42841
32877828,42841
32883917,42839
32890080,42844
32896861,42854
32902976,42844
32909203,42846
32915386,42849
32921580,42844
32926822,42839
32933039,42834
32939228,42850
32945391,42853
32951572,42850
32957040,42857
32963225,42842
32969418,42846
32975567,42857
32981808,42854
32993172,42845
32999329,42842
33005513,42836
33011698,42833
33017898,42827
33024102,42820
33030282,42811
33036440,42821
33042630,42805
33048828,42802
33055021,42808
33061198,42807
33067362,42792
33073538,42792
33079726,42789
33085897,42784
33091350,42781
33097529,42778
33104352,42778
33110507,42770
33116713,42768
33128125,42645
33134309,42638
33140468,42634
33146722,42637
33152901,42639
33159117,42622
33165278,42621
33171418,42616
33176852,42617
33183014,42611
33189206,42613
33195404,42611
33200640,42611
33206828,42607
33212994,42610
33219177,42608
33225356,42603
33231548,42602
33237788,42604
33243981,42610
33250180,42612
33261794,42598
33267955,42586
33280818,42594
33286998,42591
33293248,42590
33299441,42587
33305635,42592
33311825,42593
33318586,42589
33324802,42591
33330251,42593
33336480,42598
33342699,42585
33348860,42589
33355022,42587
33361239,42596
33367435,42591
33373682,42593
33379890,42592
33391225,42591
33397400,42592
33403582,42600
33409757,42596
33415938,42598
33422162,42616
33428375,42615
33434525,42614
33439921,42618
33446060,42618
33452209,42634
33458390,42638
33464583,42633
33470788,42643
33476958,42642
33483161,42647
33489341,42650
33495534,42641
33500775,42652
33506952,42645
33513185,42643
33519384,42644
33525555,42680
33532325,42680
33538524,42690
33544704,42688
33550861,42693
33557059,42695
33563264,42702
33569479,42692
33574923,42706
33581125,42698
33587285,42705
33593477,42710
33599690,42701
33604907,42712
33611122,42710
33617258,42705
33623394,42709
33629523,42698
33635736,42707
33641935,42705
33648144,42703
33659745,42736
33665883,42746
33672042,42745
33678219,42751
33684394,42752
33690656,42759
33696887,42757
33703035,42757
33709235,42764
33715456,42770
33721660,42775
33727865,42777
33733990,42777
33740109,42782
33746252,42773
33752437,42775
33758671,42768
33764901,42775
33771124,42778
33776321,42768
33782518,42768
33794153,42804
33800379,42821
33806540,42812
33812746,42817
33818898,42821
33825054,42830
33831233,42830
33837431,42825
33843641,42831
33848809,42833
33855000,42837
33861225,42841
33867354,42845
33873520,42843
33879701,42842
33885867,42846
33892045,42840
33898236,42852
33904455,42850
33910632,42852
33916813,42847
33928463,42931
33934598,42931
33940792,42932
33946938,42940
33953748,42944
33959906,42937
33966093,42953
33972312,42954
33978515,42949
33983749,42953
33989948,42949
33996156,42944
34002288,42949
34008443,42945
34013860,42943
34020015,42936
34026174,42939
34032343,42942
34038574,42935
34044788,42927
34049994,42923
34056221,42921
34067827,42813
34073961,42815
34080140,42800
34086284,42803
34092466,42796
34098709,42794
34104858,42795
34111026,42789
34117185,42797
34123372,42784
34129592,42779
34135783,42778
34141947,42774
34148116,42772
34154302,42770
34161156,42759
34167373,42758
34173543,42759
34179757,42745
34184955,42743
34191156,42742
34197351,42716
34203486,42722
34209632,42721
34215817,42720
34222001,42728
34228218,42735
34234405,42726
34240578,42738
34246793,42745
34252976,42747
34258474,42735
34264679,42736
34270858,42742
34277012,42740
34283199,42741
34288371,42741
34294583,42740
34300778,42742
34306939,42745
34313157,42742
34318569,42744
34324822,42737
34330967,42739
34337125,42766
34343318,42770
34349490,42771
34355687,42770
34361866,42780
34368072,42781
34374865,42779
34381031,42788
34387204,42785
34392429,42790
34398601,42791
34404801,42786
34410979,42794
34417181,42790
34422629,42785
34428850,42799
34434967,42803
34441162,42807
34447374,42805
34453545,42803
34459805,42808
34465945,42803
34477302,42838
34483406,42839
34489587,42845
34495801,42838
34502000,42837
34508208,42837
34514365,42843
34527409,42840
34533625,42841
34539840,42843
34546010,42836
34551193,42846
34557325,42843
34563533,42834
34569752,42837
34575908,42855
34582081,42848
34588961,42849
34595191,42848
34606773,42854
34612908,42859
34619052,42864
34625261,42870
34631472,42858
34637673,42866
34643890,42874
34650074,42873
34656292,42880
34661502,42877
34667677,42883
34673842,42884
34679980,42887
34686221,42893
34692358,42893
34698559,42902
34704742,42900
34710909,42896
34717141,42903
34723345,42902
34729516,42913
34741179,42931
34747398,42930
34753564,42931
34759799,42932
34765949,42930
34772089,42934
34778253,42940
34784437,42936
34790627,42939
34796407,42933
34802647,42941
34808863,42939
34815019,42934
34821212,42939
34826635,42939
34832846,42941
34839000,42951
34845168,42953
34851387,42949
34857562,42949
34863810,42952
34868986,42949
34875218,43008
34881369,43007
34887519,43013
34893635,43019
34899814,43014
34906032,43016
34912269,43019
34918408,43013
34924600,43015
34930047,43024
34936219,43011
34942388,43010
34948543,43015
34954755,43012
34959978,43005
34966198,43001
34972360,43007
34978566,43001
34984763,42989
34990916,42991
34997115,42988
35003312,42983
35015504,42876
35021705,42881
35027921,42870
35034042,42872
35040267,42869
35046442,42863
35052630,42864
35058841,42854
35064014,42854
35070229,42855
35076385,42842
35082564,42845
35088755,42830
35094909,42823
35101122,42820
35107317,42821
35113491,42813
35119668,42810
35125833,42810
35132062,42804
35138260,42806
35148899,42827
35155120,42814
35161314,42819
35167468,42811
35173634,42811
35179797,42813
35185962,42807
35192179,42802
35198371,42800
35204524,42792
35210733,42800
35217444,42786
35223659,42791
35229187,42785
35235364,42788
35241551,42789
35247786,42780
35253944,42781
35260157,42785
35266323,42781
35272492,42781
35283175,42729
35289378,42735
35295591,42736
35301799,42738
35307967,42738
35314113,42741
35320292,42749
35326502,42753
35332685,42751
35338898,42749
35345048,42762
35351197,42753
35357350,42765
35363548,42763
35369816,42765
35375990,42769
35382168,42767
35388333,42771
35394539,42770
35400751,42772
35406898,42772
35417526,42752
35423768,42748
35430571,42754
35436821,42758
35443040,42757
35449223,42759
35455432,42762
35461587,42769
35467784,42774
35473936,42769
35479101,42770
35485311,42769
35491489,42778
35497658,42772
35503097,42776
35509304,42776
35515498,42779
35521739,42788
35527956,42787
35534089,42781
35540270,42782
35546467,42787
35552671,42771
35558855,42774
35564997,42777
35571172,42776
35577326,42779
35583531,42784
35589749,42791
35595940,42785
35602090,42796
35608241,42797
35613417,42796
35619600,42804
35625794,42806
35631971,42809
35638795,42811
35645044,42818
35651259,42821
35657491,42817
35663715,42818
35669887,42816
35676069,42825
35682289,42816
35692911,42819
35699117,42820
35705329,42824
35711458,42832
35717653,42832
35723859,42841
35730037,42850
35736269,42851
35742415,42859
35747826,42856
35753966,42866
35760119,42873
35772911,42870
35779148,42877
35785410,42886
35791583,42884
35797831,42890
35804056,42891
35810220,42899
35821571,42873
35826978,42875
35833163,42885
35839385,42888
35845610,42895
35851843,42899
35858684,42898
35864886,42904
35871057,42917
35876272,42907
35882416,42902
35888577,42902
35894752,42909
35900920,42901
35907128,42903
35913370,42895
35919545,42887
35925747,42882
35931954,42876
35938150,42862
35944315,42857
35955890,42761
35961047,42755
35967256,42751
35973425,42749
35979605,42746
35985811,42748
35992001,42731
35998237,42733
36004394,42729
36010546,42719
36016778,42717
36022977,42711
36029142,42708
36035350,42698
36041495,42696
36047686,42683
36053865,42684
36060061,42678
36066911,42673
36073177,42665
36079353,42667
36090900,42619
36096445,42614
36102682,42632
36108900,42624
36115094,42637
36121299,42648
36127456,42646
36133707,42645
36139901,42650
36146043,42657
36151264,42659
36157407,42661
36163602,42659
36169812,42666
36176040,42660
36181481,42663
36187717,42662
36193884,42660
36200035,42662
36206232,42656
36212415,42656
36218594,42652
36224804,42604
36229996,42608
36236201,42612
36242397,42614
36248596,42614
36254813,42620
36260975,42614
36267172,42611
36273349,42617
36280127,42617
36285612,42607
36291831,42616
36297963,42616
36304114,42619
36310279,42616
36315498,42618
36321704,42618
36327902,42616
36334054,42603
36340248,42610
36346412,42606
36352576,42609
36364196,42661
36369440,42661
36375611,42658
36381824,42667
36388002,42663
36394262,42666
36400451,42657
36406643,42670
36412853,42679
36419032,42679
36424488,42670
36430699,42673
36436903,42671
36443072,42677
36449259,42670
36454474,42680
36460627,42686
36466822,42683
36472982,42648
36479169,42678
36485369,42690
36492160,42688
36498361,42722
36503796,42710
36509961,42714
36516124,42707
36522313,42720
36528487,42717
36534697,42720
36540934,42724
36547112,42721
36553269,42721
36558462,42726
36564632,42727
36570837,42730
36577000,42734
36583183,42734
36588597,42736
36594857,42727
36601052,42741
36607222,42746
36613404,42738
36619528,42738
36625724,42741
36631910,42745
36638082,42852
36644271,42856
36650478,42852
36656703,42854
36662928,42855
36669125,42853
36675287,42865
36681430,42861
36687622,42861
36692832,42867
36699584,42789
36705811,42865
36712013,42871
36718269,42871
36723702,42873
36729893,42869
36736009,42870
36742159,42861
36748338,42858
36754517,42866
36760707,42863
36766904,42867
36778294,42957
36784393,42963
36790572,42964
36796785,42975
36802966,42961
36809164,42962
36815361,42965
36821478,42966
36826900,42963
36833070,42953
36839274,42949
36845494,42946
36851699,42937
36856953,42929
36863150,42927
36869309,42917
36875458,42910
36881627,42897
36887818,42891
36893995,42881
36900203,42878
36906360,42862
36913179,42776
36919392,42767
36925525,42765
36931717,42760
36937867,42767
36944028,42761
36950248,42756
36956397,42757
36961825,42748
36968026,42744
36974215,42743
36980398,42741
36986577,42743
36991855,42742
36998044,42731
37004251,42728
37017277,42723
37023478,42715
37029728,42715
37035906,42718
37047286,42689
37052695,42695
37058904,42695
37065032,42697
37071289,42688
37077514,42691
37083766,42704
37089941,42702
37096089,42695
37102292,42699
37108501,42692
37114728,42689
37119977,42689
37126825,42684
37133053,42684
37139278,42684
37145433,42684
37151578,42690
37157748,42691
37163918,42687
37170123,42687
37181840,42691
37187025,42694
37193271,42691
37199435,42695
37205621,42696
37211778,42706
37217962,42704
37224135,42706
37229606,42709
37235827,42711
37241978,42704
37248195,42706
37254362,42708
37260531,42700
37266790,42702
37272944,42702
37279098,42703
37285234,42710
37291449,42707
37297618,42709
37303833,42715
37309985,42708
37316148,42730
37321344,42731
37327526,42732
37333722,42733
37340414,42736
37346613,42738
37352803,42736
37358961,42739
37364360,42731
37370598,42737
37376835,42739
37382995,42711
37389207,42743
37394415,42742
37400615,42744
37406853,42738
37413018,42731
37419177,42739
37425350,42737
37431522,42739
37437664,42745
37443859,42749
37450061,42801
37456274,42804
37462488,42802
37468686,42793
37474855,42814
37481014,42805
37487209,42805
37493386,42806
37498833,42809
37504989,42809
37511166,42807
37517338,42813
37523531,42815
37528736,42807
37534922,42817
37541150,42815
37547952,42818
37554223,42821
37560391,42817
37566576,42821
37572789,42817
37578988,42824
37590613,42861
37595834,42863
37602012,42855
37608206,42854
37614341,42852
37620451,42851
37626617,42839
37632835,42844
37639051,42842
37645281,42830
37651426,42838
37657607,42835
37663811,42836
37669976,42839
37676197,42823
37682383,42843
37688535,42844
37694683,42847
37700886,42849
37707069,42843
37713308,42856
37724874,42883
37731025,42876
37737226,42869
37743351,42871
37749508,42869
37755712,42860
37762492,42850
37768732,42852
37773914,42853
37780101,42849
37786316,42840
37792447,42846
37798625,42833
37804092,42835
37810266,42827
37816472,42819
37822602,42818
37828827,42822
37834971,42818
37841192,42815
37847372,42817
37858824,42764
37865013,42762
37871255,42759
37877431,42766
37883592,42749
37889776,42761
37895946,42752
37902151,42748
37907619,42753
37913855,42750
37919991,42755
37926156,42756
37932349,42753
37937542,42755
37943746,42744
37949916,42761
37956076,42757
37962273,42766
37969007,42765
37975299,42765
37981436,42769
37987653,42771
37993895,42795
38000081,42789
38006296,42787
38011761,42794
38017934,42792
38024089,42789
38030267,42804
38036476,42801
38041689,42807
38047903,42807
38054062,42818
38060267,42819
38066466,42830
38071895,42839
38077986,42843
38084178,42851
38090337,42854
38096514,42859
38102761,42868
38108954,42870
38115128,42876
38121338,42874
38132809,42864
38139035,42871
38145228,42882
38150652,42884
38156841,42877
38163008,42884
38169218,42892
38175457,42895
38181255,42893
38187473,42902
38193658,42907
38199843,42900
38206038,42903
38212286,42913
38218427,42911
38224612,42912
38230788,42910
38236969,42909
38243151,42911
38249362,42916
38262151,42910
38268406,42909
38274632,42907
38280061,42899
38286237,42903
38292433,42909
38298610,42907
38304825,42912
38310047,42919
38316266,42918
38322447,42918
38328621,42924
38334816,42921
38340985,42923
38347203,42926
38353374,42935
38359494,42937
38365613,42936
38371789,42938
38377977,42945
38384190,42937
38390376,42942
38402748,42966
38408943,42955
38414437,42970
38420581,42967
38426779,42967
38432947,42960
38439151,42965
38444379,42965
38450561,42965
38456776,42966
38462964,42969
38469184,42973
38475385,42969
38480831,42971
38486987,42978
38493153,42964
38499312,42977
38505497,42973
38511736,42961
38517934,42970
38524091,42979
38530286,42970
38536480,42953
38542675,42942
38548887,42946
38555004,42953
38561140,42949
38567309,42950
38573528,42952
38578753,42949
38584907,42953
38591074,42954
38597304,42953
38603487,42961
38610276,42964
38615709,42963
38621922,42980
38628107,42974
38634283,42988
38640484,42992
38646720,42994
38652926,42998
38659017,43004
38665220,43002
38676630,42897
38682900,42893
38689056,42892
38695270,42888
38701432,42883
38707598,42884
38713031,42881
38719230,42880
38725431,42880
38731638,42873
38737893,42877
38744009,42869
38750133,42861
38756308,42864
38762516,42856
38768676,42856
38774883,42845
38781047,42850
38787279,42843
38793477,42848
38799641,42843
38811062,42747
38817908,42748
38824147,42748
38829581,42740
38835785,42746
38841992,42741
38847197,42749
38853382,42732
38859556,42745
38865735,42749
38871958,42760
38878154,42754
38884380,42757
38889766,42760
38895952,42758
38902099,42758
38908263,42758
38914454,42758
38920626,42765
38926894,42758
38933099,42759
38944486,42710
38950662,42703
38956869,42703
38963023,42704
38968488,42695
38974672,42694
38980886,42698
38987126,42695
38993309,42698
38999516,42690
39005718,42689
39011904,42694
39018052,42695
39024245,42689
39030991,42699
39037141,42693
39043370,42693
39049546,42703
39055763,42697
39061934,42697
39068141,42705
39079486,42714
39085637,42707
39091849,42715
39098038,42714
39103483,42717
39109665,42721
39115882,42727
39121094,42723
39127302,42724
39133484,42725
39139640,42721
39145859,42731
39152052,42739
39158259,42736
39163676,42740
39169886,42742
39176045,42743
39182253,42739
39188453,42746
39194626,42751
39200854,42742
39207015,42744
39218384,42790
39224524,42795
39230679,42806
39236871,42799
39243681,42798
39249888,42808
39255325,42803
39261498,42807
39267684,42812
39273914,42813
39280080,42815
39286264,42813
39292423,42813
39298548,42830
39304738,42828
39310946,42816
39317101,42834
39323251,42828
39329459,42834
39335637,42832
39341888,42834
39348066,42856
39354238,42860
39360430,42858
39366610,42867
39372870,42867
39378095,42868
39384315,42876
39389782,42867
39396004,42875
39402180,42874
39408351,42877
39414542,42880
39420733,42870
39426915,42877
39433112,42887
39438306,42883
39444462,42883
39451185,42881
39457401,42889
39463580,42884
39469772,42886
39475928,42898
39482069,42890
39488268,42929
39494403,42930
39507158,42937
39513397,42932
39518958,42934
39525108,42940
39531290,42944
39537499,42941
39543762,42949
39549979,42957
39556147,42959
39562288,42971
39567477,42971
39573627,42976
39579849,42974
39586031,42971
39592247,42971
39598422,42981
39604581,42978
39610782,42979
39616944,42830
39623102,42828
39629318,42832
39635473,42837
39641635,42843
39647862,42834
39652605,42849
39658862,42842
39665050,42843
39671869,42845
39678010,42845
39684223,42841
39690407,42842
39696608,42846
39701803,42840
39707972,42844
39714191,42839
39720419,42837
39726584,42837
39732782,42828
39738978,42835
39745203,42829
39756837,42753
39762954,42752
39769123,42756
39775280,42757
39781458,42748
39786643,42759
39792099,42750
39798297,42755
39804503,42760
39810684,42753
39816892,42762
39823075,42765
39829237,42758
39835406,42758
39840644,42758
39846859,42763
39853055,42758
39859272,42753
39865438,42751
39871603,42745
39878326,42744
39884565,42733
39890716,42677
39896897,42675
39903083,42675
39909283,42682
39915455,42684
39920891,42677
39926417,42686
39932614,42679
39938791,42683
39945003,42687
39951190,42674
39957360,42682
39963518,42703
39969683,42680
39974969,42671
39981210,42674
39987412,42675
39993598,42675
39999782,42672
40005972,42682
40012206,42673
40018416,42675
40024596,42674
40030770,42684
40036933,42683
40043107,42689
40049351,42685
40055492,42682
40060226,42676
40066438,42681
40072618,42681
40078870,42678
40085032,42688
40091776,42681
40097981,42673
40104172,42687
40109357,42691
40115489,42684
40121650,42692
40127824,42695
40134002,42696
40140170,42704
40146394,42705
40152585,42706
40158739,42716
40170398,42805
40176565,42803
40182776,42798
40188983,42804
40193436,42806
40199588,42815
40205815,42815
40212022,42823
40218165,42830
40224355,42827
40230514,42837
40236702,42837
40242900,42844
40249071,42846
40255265,42841
40261438,42840
40267607,42841
40273813,42850
40280010,42842
40286170,42845
40292348,42840
40299051,42841
40305213,42827
40311407,42834
40317606,42835
40323818,42838
40328308,42841
40334495,42846
40340622,42848
40346873,42848
40353009,42852
40359161,42856
40365328,42858
40371516,42872
40376724,42869
40382943,42863
40389132,42870
40395365,42882
40401470,42882
40407636,42884
40413866,42886
40420041,42885
40426234,42901
40432405,42897
40443979,42910
40450179,42904
40456367,42917
40462565,42910
40467005,42922
40473148,42924
40479317,42922
40485496,42925
40491672,42927
40497905,42932
40504036,42927
40510833,42922
40516054,42916
40522284,42914
40528415,42919
40534592,42906
40540774,42898
40546999,42894
40553218,42887
40559406,42887
40565541,42874
40577153,42979
40583327,42981
40589531,42982
40595746,42992
40600946,42990
40607118,42987
40613366,42990
40619497,42972
40625680,42962
40631863,42963
40638027,42955
40644244,42941
40649664,42938
40655885,42922
40662047,42915
40668229,42899
40674376,42895
40680594,42890
40686796,42888
40692954,42864
40699068,42864
40705215,42846
40711421,42873
40717605,42878
40724437,42885
40730642,42893
40735861,42895
40747880,42895
40754123,42897
40760364,42913
40766540,42926
40772735,42921
40778194,42925
40784402,42921
40790626,42927
40796868,42927
40803042,42935
40809253,42936
40815518,42934
40821695,42929
40827909,42928
40834064,42939
40845416,42749
40851576,42750
40857792,42748
40863990,42756
40870209,42753
40875657,42749
40881895,42755
40888013,42754
40894178,42755
40900325,42759
40906536,42763
40912708,42766
40918915,42759
40925043,42759
40931226,42769
40937973,42769
40944161,42763
40950378,42778
40956532,42776
40962753,42778
40968976,42771
40980378,42816
40986578,42816
40992841,42817
40999037,42812
41004449,42811
41009634,42819
41015856,42818
41022039,42815
41028229,42811
41034387,42812
41040503,42809
41046680,42811
41052154,42808
41058279,42799
41064484,42792
41070641,42802
41076880,42790
41083033,42797
41089229,42791
41095444,42789
41101595,42798
41107789,42801
41113990,42858
41120179,42868
41126346,42861
41132536,42858
41138747,42852
41143987,42848
41150809,42850
41156986,42848
41163179,42845
41169388,42842
41175506,42843
41181673,42837
41187092,42840
41193258,42838
41199448,42831
41205624,42829
41211845,42832
41218047,42833
41224236,42828
41230386,42828
41236565,42822
41242761,42823
41254238,42904
41260397,42903
41266581,42902
41272806,42904
41278227,42912
41283426,42915
41289580,42910
41295764,42921
41301983,42920
41308188,42919
41314398,42932
41320532,42930
41325984,42933
41332127,42929
41338297,42935
41344457,42940
41350636,42930
41356865,42939
41363666,42935
41369898,42932
41376048,42925
41382199,42925
41388398,42928
41394597,42929
41400798,42936
41407011,42940
41413182,42936
41418379,42936
41424569,42935
41430734,42941
41436920,42938
41443083,42937
41449306,42935
41455471,42929
41461662,42929
41467895,42936
41474077,42924
41480338,42925
41486484,42920
41492667,42915
41498844,42914
41505007,42910
41511208,42911
41517432,42909
41529051,42792
41535253,42787
41541441,42790
41547681,42783
41552891,42784
41559075,42783
41565283,42773
41572158,42767
41578353,42767
41584553,42764
41590711,42765
41596191,42760
41602390,42758
41608590,42756
41614800,42745
41620978,42741
41627107,42739
41633286,42733
41639455,42728
41645648,42730
41651856,42721
41663258,42699
41669460,42708
41675663,42708
41681858,42718
41686638,42710
41692840,42706
41699031,42719
41705206,42716
41711363,42712
41717562,42712
41723765,42714
41729991,42710
41736158,42712
41742331,42716
41748546,42716
41754714,42716
41760906,42705
41767029,42713
41773175,42707
41779979,42707
41786183,42698
41797592,42637
41803799,42635
41809994,42633
41816240,42633
41821679,42636
41827901,42634
41834025,42635
41840206,42630
41846376,42642
41852580,42638
41858772,42639
41865042,42641
41870232,42656
41876441,42650
41882587,42655
41888776,42659
41894964,42656
41901150,42659
41907344,42658
41913562,42671
41919753,42667
41931414,42672
41937611,42674
41943811,42677
41949977,42677
41956077,42672
41962258,42665
41968405,42670
41974544,42667
41980670,42664
41993515,42664
41999695,42668
42005938,42663
42012128,42662
42018351,42657
42024562,42664
42030736,42661
42036914,42653
42043071,42652
42049287,42648
42060955,42654
42067133,42661
42073332,42661
42079534,42664
42085710,42661
42090937,42669
42096360,42664
42102533,42673
42108702,42673
42114895,42662
42121058,42678
42127252,42676
42133424,42674
42139604,42683
42145811,42680
42151981,42693
42158168,42703
42164314,42702
42170528,42695
42176715,42701
42182931,42704
42189116,42715
42195327,42779
42201504,42782
42208279,42779
42214478,42766
42220672,42773
42225879,42774
42231344,42766
42237505,42783
42243673,42776
42249902,42773
42256070,42768
42262233,42773
42268438,42773
42273639,42775
42279868,42778
42286036,42775
42292242,42780
42298435,42778
42304606,42783
42310786,42778
42316974,42789
42323177,42786
42334822,42813
42341037,42809
42347165,42812
42353369,42814
42359580,42808
42364768,42811
42370955,42810
42377105,42813
42383320,42814
42389474,42812
42395680,42817
42401911,42816
42408099,42812
42414957,42828
42421208,42830
42427409,42833
42433552,42839
42439745,42850
42445944,42858
42452097,42862
42458348,42866
42469927,42763
42476098,42761
42482290,42747
42488481,42745
42494641,42742
42499836,42745
42506014,42740
42512163,42736
42518353,42733
42524514,42737
42530732,42729
42536923,42728
42542370,42726
42548594,42731
42554802,42718
42560965,42719
42567124,42723
42573282,42720
42579449,42720
42585648,42706
42591920,42710
42598108,42702
42604286,42577
42610471,42579
42616666,42569
42622902,42563
42629737,42566
42634950,42565
42641092,42557
42647316,42550
42653469,42542
42659661,42542
42665826,42546
42671980,42541
42677427,42549
42683619,42534
42689855,42546
42696016,42552
42702205,42546
42708349,42556
42714521,42551
42720708,42561
42726941,42550
42733107,42560
42744495,42563
42750661,42560
42756855,42559
42763041,42549
42768474,42552
42774635,42551
42780837,42553
42786975,42550
42793100,42551
42799297,42553
42805492,42553
42811682,42556
42817909,42556
42824075,42551
42830252,42557
42837009,42566
42843146,42556
42849335,42561
42855529,42557
42861704,42564
42867932,42559
42879323,42591
42885504,42594
42891657,42596
42897839,42586
42903287,42592
42909462,42585
42914671,42591
42920891,42587
42927131,42591
42933354,42589
42939573,42588
42945772,42584
42951237,42583
42957414,42589
42963625,42586
42969832,42584
42976024,42586
42982196,42573
42988406,42575
42994590,42573
43000728,42578
43012153,42564
43018362,42570
43024526,42568
43030709,42565
43036955,42568
43043113,42559
43049936,42562
43056127,42570
43062326,42580
43068490,42583
43074678,42582
43080880,42577
43086339,42581
43092529,42582
43098691,42580
43104926,42587
43111064,42589
43117234,42590
43123431,42600
43129668,42600
43135923,42605
43147339,42617
43153534,42620
43159696,42613
43165898,42614
43172023,42606
43177434,42608
43183603,42603
43189841,42605
43196018,42613
43202160,42607
43208364,42611
43214547,42613
43219776,42616
43225975,42613
43238763,42625
43244991,42621
43251225,42629
43257456,42630
43264234,42634
43270488,42637
43276664,42720
43282856,42722
43289041,42721
43295262,42709
43301394,42718
43306842,42713
43313016,42708
43319205,42718
43325389,42708
43331589,42709
43337806,42712
43344025,42710
43349226,42716
43355420,42712
43361538,42702
43367721,42711
43373863,42703
43380047,42710
43386236,42707
43392453,42712
43398647,42710
43404848,42719
43411006,42694
43417248,42687
43423417,42690
43429578,42685
43435754,42678
43441203,42672
43447365,42675
43453513,42668
43459659,42669
43465902,42652
43472038,42661
43478856,42660
43484057,42652
43490273,42649
43496473,42647
43502636,42638
43508824,42637
43514960,42633
43521097,42637
43527314,42633
43533512,42630
43539684,42622
43551351,42532
43557573,42528
43563737,42520
43569950,42522
43575140,42519
43581334,42528
43587491,42517
43593658,42517
43599879,42515
43605298,42510
43611470,42520
43617665,42515
43622882,42507
43629082,42509
43635287,42505
43641438,42511
43647603,42513
43653825,42513
43660003,42517
43666199,42520
43672430,42522
43678589,42519
43685336,42531
43691544,42517
43697721,42523
43703898,42520
43710042,42526
43716232,42510
43722420,42513
43728587,42509
43734753,42500
43740958,42499
43747087,42501
43753293,42510
43759410,42497
43765551,42499
43771717,42503
43777880,42498
43784045,42493
43790260,42494
43796469,42487
43802631,42497
43808872,42495
43815083,42487
43821322,42513
43827469,42522
43833626,42533
43839836,42526
43846008,42541
43851436,42542
43857631,42547
43863860,42553
43870033,42550
43876203,42551
43881409,42559
43887573,42552
43893007,42563
43899849,42568
43906002,42564
43912094,42569
43918277,42568
43924463,42570
43930630,42581
43936845,42572
43942999,42574
43949168,42579
43955344,42576
43961546,42539
43967713,42541
43973945,42539
43980112,42536
43985359,42546
43991510,42541
43997686,42540
44003891,42536
44010078,42534
44016283,42543
44022447,42540
44027857,42548
44034047,42537
44040195,42528
44046348,42538
44052559,42538
44058804,42540
44064996,42529
44071183,42535
44077321,42543
44083514,42544
44089706,42536
44101151,42528
44107985,42523
44114198,42521
44119674,42528
44125920,42529
44132079,42531
44138223,42525
44144410,42525
44150570,42529
44155768,42526
44161952,42524
44168123,42535
44174344,42532
44180509,42536
44186654,42533
44192852,42537
44199025,42542
44205224,42528
44211463,42545
44217604,42537
44223777,42551
44235373,42563
44241558,42566
44247756,42566
44252956,42564
44259182,42563
44265395,42569
44271506,42565
44277690,42564
44283895,42571
44290059,42574
44295526,42579
44301705,42580
44307921,42583
44314058,42588
44320928,42583
44327091,42593
44333252,42592
44339444,42588
44345612,42592
44351833,42606
44358019,42601
44369399,42531
44375529,42522
44381690,42524
44387107,42523
44393318,42511
44399546,42510
44405725,42499
44411972,42497
44418180,42489
44424380,42480
44429586,42474
44435757,42472
44441213,42465
44447411,42460
44453585,42446
44459793,42448
44465978,42438
44472136,42444
44484931,42430
44491108,42432
44502532,42287
44508728,42289
44514921,42282
44520348,42277
44526558,42271
44532748,42276
44539562,42272
44545741,42265
44551983,42264
44558117,42259
44563293,42261
44569478,42261
44574915,42264
44581096,42272
44587274,42277
44593448,42271
44599664,42274
44605888,42269
44612056,42284
44618278,42278
44624455,42279
44635862,42190
44642038,42193
44648177,42193
44654364,42201
44660527,42197
44666768,42200
44672922,42206
44679101,42210
44685324,42208
44691466,42206
44696863,42207
44703037,42201
44708196,42217
44714377,42206
44720550,42196
44726728,42199
44732946,42211
44739115,42206
44745939,42203
44752180,42195
44758403,42205
44764571,42208
44770768,42223
44776948,42218
44783087,42224
44788538,42221
44794745,42227
44800962,42226
44807109,42220
44813291,42221
44819481,42219
44825678,42216
44831868,42227
44838071,42232
44843243,42229
44849445,42228
44855586,42225
44861783,42229
44868033,42234
44874228,42234
44880445,42226
44886598,42238
44892773,42244
44898965,42231
44910572,42209
44916721,42212
44922931,42215
44929092,42215
44935228,42214
44941390,42213
44947570,42211
44953766,42215
44960593,42214
44966805,42219
44972038,42223
44977466,42220
44983626,42228
44989832,42221
44996044,42221
45002195,42224
45008374,42214
45014572,42223
45020728,42221
45026950,42227
45033088,42231
45044462,42279
45050557,42278
45056706,42280
45062909,42276
45069073,42269
45075271,42277
45081467,42273
45087646,42274
45093850,42278
45100007,42264
45106169,42271
45110957,42265
45117089,42264
45123253,42265
45129438,42255
45135635,42261
45141845,42257
45148016,42257
45154190,42257
45160404,42254
45167205,42258
45173408,42251
45179603,42416
45185807,42421
45191989,42415
45198122,42413
45203366,42424
45209549,42425
45215742,42428
45221926,42434
45228086,42429
45234297,42427
45240465,42431
45245216,42432
45251390,42439
45257604,42438
45263849,42436
45270024,42446
45276175,42449
45282350,42443
45288544,42448
45294727,42441
45300953,42449
45307087,42455
45313225,42537
45319403,42528
45325616,42521
45331837,42525
45337036,42513
45343183,42514
45349383,42506
45355574,42504
45361766,42494
45367947,42489
45374653,42482
45379454,42480
45385626,42467
45391852,42464
45398043,42467
45404256,42455
45410439,42454
45416674,42447
45422870,42444
45429066,42438
45435198,42429
45441375,42422
45447551,42427
45453718,42319
45459948,42317
45466155,42321
45471384,42316
45477543,42308
45483743,42321
45489938,42315
45496142,42306
45502354,42306
45508474,42312
45514648,42312
45520800,42309
45527005,42300
45533217,42303
45539417,42306
45545575,42301
45551775,42299
45557970,42296
45564153,42289
45570385,42287
45576521,42290
45588877,42324
45595066,42329
45601282,42316
45606741,42314
45612962,42316
45619133,42312
45625361,42300
45631512,42297
45637659,42300
45643831,42303
45649064,42288
45654497,42289
45660686,42293
45666952,42287
45673090,42277
45679295,42282
45685505,42287
45691711,42282
45697963,42289
45704173,42285
45710336,42291
45716488,42294
45729283,42320
45735494,42315
45741722,42314
45747960,42307
45754115,42315
45760303,42318
45766523,42316
45772732,42315
45778945,42315
45783396,42315
45789550,42317
45795733,42320
45802535,42328
45808729,42316
45814927,42328
45821102,42322
45827295,42325
45833519,42329
45839657,42315
45845801,42328
45851992,42370
45858150,42361
45864393,42372
45870584,42371
45876057,42361
45882243,42371
45888428,42359
45894622,42374
45900841,42366
45907036,42373
45913203,42365
45917618,42369
45923772,42372
45929972,42365
45936156,42368
45942376,42373
45948548,42368
45954736,42368
45960929,42361
45967118,42362
45973303,42362
45979477,42360
45991055,42415
45997265,42414
46003440,42412
46010194,42419
46016416,42417
46022633,42422
46028847,42421
46035048,42433
46041191,42436
46047366,42429
46052596,42440
46058778,42440
46064945,42444
46071123,42444
46077348,42459
46083457,42450
46089585,42454
46095790,42453
46102000,42458
46108162,42464
46114384,42456
46125961,42458
46132144,42457
46138347,42462
46144582,42472
46149795,42468
46155961,42470
46162180,42474
46168354,42473
46174492,42469
46180623,42479
46186797,42478
46192967,42482
46199168,42490
46205389,42486
46211527,42484
46218285,42488
46224518,42502
46230699,42501
46236899,42506
46243056,42497
46249257,42514
46260948,42503
46267108,42520
46273292,42514
46279486,42529
46284695,42528
46290867,42522
46297037,42533
46303202,42530
46309403,42527
46315567,42532
46321730,42531
46327154,42528
46333350,42520
46339548,42524
46345724,42524
46351957,42526
46358110,42518
46364268,42528
46370391,42515
46376573,42512
46382735,42502
46388967,42510
46395128,42437
46401321,42443
46407520,42431
46413751,42433
46418963,42439
46425096,42432
46431892,42429
46438059,42436
46444211,42418
46450397,42429
46456558,42422
46462011,42429
46467151,42423
46473394,42420
46479553,42420
46485745,42421
46491968,42412
46498143,42410
46504327,42406
46510491,42407
46516607,42407
46522779,42413
46534416,42397
46540607,42400
46546832,42395
46553025,42401
46559157,42395
46565336,42407
46571510,42413
46577673,42402
46583885,42402
46590094,42399
46596262,42407
46602432,42398
46608615,42396
46614849,42395
46621035,42395
46627253,42383
46633423,42376
46640205,42383
46646389,42379
46652566,42383
46658719,42378
46670190,42367
46676398,42371
46682580,42374
46688052,42374
46694278,42378
46700442,42378
46706616,42380
46712754,42385
46718962,42391
46725153,42395
46731315,42404
46736520,42397
46742717,42395
46748896,42410
46755068,42412
46761294,42415
46767505,42407
46773634,42411
46779805,42413
46785986,42412
46792158,42416
46803871,42456
46810061,42458
46816228,42456
46821467,42456
46827634,42447
46833826,42447
46839996,42449
46846159,42438
46852987,42444
46859179,42444
46865395,42444
46870808,42447
46877009,42450
46883149,42447
46889296,42446
46895454,42458
46901649,42454
46907867,42464
46914010,42464
46920150,42459
46926355,42457
46937774,42490
46943941,42495
46950136,42501
46956366,42503
46962517,42510
46975272,42510
46981473,42519
46987670,42521
46993887,42519
47000072,42523
47006319,42525
47012531,42526
47017957,42525
47024144,42527
47030341,42536
47036543,42543
47042724,42534
47048976,42538
47055130,42545
47061297,42541
47068104,42606
47074307,42612
47080536,42601
47086735,42611
47091954,42609
47098141,42619
47104352,42617
47110526,42624
47116682,42627
47122879,42623
47129053,42626
47135310,42626
47140759,42627
47146967,42627
47153137,42621
47159294,42629
47165494,42616
47171677,42622
47177879,42618
47184049,42623
47190181,42604
47201596,42624
47207770,42625
47213981,42621
47220149,42625
47225597,42624
47231868,42637
47238064,42631
47244213,42621
47250372,42633
47256513,42625
47262673,42622
47268875,42621
47274093,42621
47280900,42610
47287078,42611
47293290,42609
47299480,42604
47305641,42601
47311786,42597
47317952,42594
47324140,42588
47335843,42441
47342042,42434
47348217,42429
47354392,42423
47359615,42414
47365860,42417
47372034,42416
47378208,42410
47384419,42405
47390568,42405
47396729,42411
47402919,42399
47409097,42398
47415285,42397
47421513,42398
47427692,42395
47433123,42384
47439276,42392
47445437,42390
47451622,42392
47457776,42383
47463977,42379
47470156,42394
47476336,42384
47482515,42391
47489298,42392
47494524,42399
47500711,42395
47506906,42400
47513063,42405
47519217,42399
47525420,42406
47531532,42418
47537723,42414
47543913,42413
47549380,42403
47555555,42404
47561723,42404
47567976,42406
47574143,42403
47580269,42396
47586425,42412
47592600,42400
47598768,42393
47610156,42428
47616387,42432
47622532,42430
47628696,42426
47634896,42432
47641091,42424
47647301,42423
47653499,42424
47659641,42421
47665801,42424
47671967,42412
47678144,42412
47683585,42407
47689748,42414
47695985,42412
47702872,42407
47709043,42408
47715191,42406
47721353,42401
47727564,42403
47733787,42409
47745198,42438
47751462,42433
47757656,42430
47763893,42428
47769323,42435
47775515,42430
47781743,42427
47787980,42424
47794138,42427
47800338,42424
47806512,42420
47812726,42420
47817928,42422
47824086,42431
47830298,42426
47836489,42431
47842584,42462
47848005,42423
47854153,42426
47860326,42425
47866498,42432
47872677,42432
47878908,42421
47885074,42422
47891249,42422
47897454,42427
47903629,42421
47910429,42421
47916615,42415
47922792,42424
47929049,42429
47935261,42423
47941471,42428
47947684,42433
47952885,42435
47959069,42425
47965247,42438
47971450,42439
47977560,42446
47982947,42445
47989078,42448
47995189,42448
48001326,42454
48007503,42456
48018899,42477
48025100,42483
48031356,42487
48037481,42496
48043626,42497
48049813,42501
48055994,42501
48062162,42496
48068401,42504
48074581,42509
48080760,42515
48086191,42520
48092373,42519
48098576,42520
48104743,42523
48110927,42513
48116138,42520
48122949,42524
48129132,42527
48135331,42529
48141554,42528
48153197,42540
48159360,42537
48165541,42543
48171708,42549
48176898,42550
48183053,42553
48189209,42555
48195414,42554
48201580,42565
48207741,42562
48219891,42573
48226097,42568
48232369,42574
48238519,42583
48244666,42583
48250123,42596
48256263,42591
48262464,42596
48268663,42603
48274896,42592
48286331,42407
48292511,42395
48298646,42399
48304827,42393
48310271,42396
48316461,42398
48322651,42394
48328813,42393
48335012,42395
48341906,42390
48348151,42390
48353365,42391
48359529,42391
48365688,42385
48371857,42392
48378042,42385
48384235,42389
48390408,42384
48396566,42388
48402767,42377
48408944,42380
48420571,42332
48426762,42335
48432993,42332
48439170,42334
48444412,42329
48450607,42330
48456743,42338
48462903,42346
48469053,42342
48475221,42347
48481438,42342
48487579,42341
48493754,42341
48499960,42340
48506151,42336
48512322,42342
48518525,42345
48523956,42344
48530098,42345
48536274,42343
48542467,42337
48554461,42307
48560598,42323
48566786,42321
48573012,42321
48578443,42321
48584611,42330
48590754,42327
48596982,42324
48603153,42334
48609328,42329
48615512,42327
48621708,42325
48626937,42321
48633130,42330
48639345,42333
48645520,42349
48651629,42342
48657795,42349
48663233,42353
48669406,42362
48675627,42359
48681797,42363
48687992,42398
48694140,42402
48700328,42401
48706560,42401
48712744,42410
48718966,42412
48725132,42418
48731294,42421
48737495,42424
48743685,42432
48749898,42429
48756100,42431
48761985,42436
48768163,42429
48774349,42439
48780528,42443
48786643,42424
48792804,42437
48798232,42427
48804403,42437
48810627,42435
48816853,42430
48828267,42474
48834488,42479
48840627,42465
48846777,42465
48852174,42462
48858296,42461
48864512,42459
48870696,42451
48876903,42452
48883081,42440
48889219,42438
48895400,42422
48900594,42430
48906802,42424
48913012,42422
48919182,42424
48925394,42416
48931564,42410
48937750,42410
48943954,42407
48950162,42408
48956370,42397
48962586,42424
48969358,42424
48975547,42423
48981707,42421
48987119,42420
48993269,42418
48999441,42410
49005629,42411
49011791,42412
49018015,42407
49024175,42407
49030333,42404
49036570,42403
49042747,42402
49048990,42413
49055128,42400
49061262,42408
49067452,42409
49072670,42409
49078881,42407
49085060,42406
49091234,42404
49102934,42400
49109096,42405
49115259,42404
49121431,42401
49127626,42397
49133785,42399
49140018,42400
49146133,42395
49152338,42397
49158485,42391
49164672,42405
49169890,42406
49176073,42403
49182838,42398
49189041,42400
49195202,42401
49201432,42397
49206844,42399
49213038,42404
49219217,42408
49225415,42420
49236820,42333
49243007,42318
49249176,42317
49255332,42318
49260762,42307
49267000,42303
49273167,42301
49279331,42304
49285515,42303
49291734,42303
49297959,42297
49304156,42297
49309355,42300
49315511,42296
49321633,42295
49327801,42295
49333993,42288
49340190,42290
49345691,42284
49351870,42285
49358080,42286
49364250,42284
49370443,42251
49376631,42239
49382810,42239
49389009,42242
49395823,42231
49402033,42275
49408184,42229
49414370,42231
49420571,42222
49426765,42228
49432997,42224
49439131,42211
49445355,42221
49451571,42214
49464371,42215
49470572,42258
49476067,42225
49482253,42221
49488416,42229
49494601,42220
49506001,42278
49512179,42274
49518376,42279
49524529,42270
49529985,42278
49536102,42282
49542274,42286
49548428,42281
49554625,42287
49560794,42278
49567029,42277
49573190,42263
49578388,42277
49584563,42280
49590717,42268
49596938,42277
49603065,42276
49609836,42276
49616039,42279
49622219,42269
49628429,42265
49640034,42300
49646189,42303
49652382,42303
49658567,42310
49664736,42293
49670944,42292
49677107,42301
49683230,42304
49689431,42303
49695622,42299
49701790,42294
49708023,42293
49714149,42287
49720378,42296
49726576,42295
49732762,42297
49738962,42298
49745123,42296
49750692,42297
49756932,42297
49763119,42294
49774534,42317
49780687,42319
49786851,42316
49793048,42319
49799211,42317
49804683,42319
49810888,42321
49817771,42319
49824003,42327
49830166,42331
49836341,42323
49842519,42323
49847706,42332
49853864,42325
49860030,42328
49866170,42326
49872381,42325
49878561,42327
49884763,42327
49890958,42325
49897150,42323
49908818,42351
49915036,42341
49921176,42350
49927339,42342
49933544,42342
49938789,42340
49945012,42333
49951175,42345
49957386,42347
49963547,42354
49969759,42358
49975926,42352
49982102,42361
49988312,42362
49994484,42364
50000676,42366
50006825,42372
50013027,42379
50019205,42390
50026083,42399
50032342,42403
50043973,42403
50050108,42413
50056287,42418
50062454,42426
50068630,42431
50073791,42432
50079966,42435
50086156,42443
50092334,42447
50098521,42452
50104674,42458
50110870,42462
50117065,42458
50122487,42457
50128671,42458
50134875,42466
50141065,42451
50147190,42455
50153357,42460
50159559,42456
50165782,42454
50172031,42448
50178161,42250
50184302,42246
50190448,42240
50196617,42245
50202773,42242
50208014,42240
50214164,42239
50220398,42226
50226597,42227
50232787,42236
50239545,42225
50245683,42228
50251882,42227
50257333,42217
50263513,42221
50269715,42217
50275964,42223
50282138,42217
50288319,42228
50294489,42215
50300694,42219
50306915,42211
50318315,42123
50324511,42129
50330633,42128
50336812,42135
50342240,42141
50348417,42141
50354592,42151
50360802,42154
50367024,42154
50373183,42169
50379353,42169
50385538,42172
50391698,42171
50397904,42169
50404121,42173
50410307,42177
50416537,42175
50422730,42172
50428925,42180
50435131,42173
50440319,42179
50452636,42199
50458789,42189
50464983,42182
50471148,42185
50476566,42175
50482750,42176
50488947,42178
50495128,42167
50501328,42165
50507523,42149
50513688,42154
50519851,42147
50526033,42150
50531240,42141
50537453,42138
50543620,42137
50549815,42143
50556013,42149
50562204,42151
50568434,42148
50574588,42149
50579989,42158
50586171,42241
50592309,42240
50598471,42239
50604662,42248
50610845,42242
50617079,42246
50623279,42249
50629473,42249
50635663,42255
50641800,42261
50648035,42268
50654206,42270
50661016,42267
50666220,42271
50672437,42275
50678628,42284
50684808,42278
50691023,42288
50697204,42283
50709278,42281
50720703,42287
50726872,42293
50733095,42295
50739228,42298
50745478,42314
50751715,42323
50757933,42332
50764103,42332
50770343,42344
50776582,42350
50782739,42348
50788929,42356
50795112,42365
50801340,42364
50807539,42370
50813712,42368
50819881,42365
50826078,42374
50832290,42376
50838488,42372
50843875,42376
50855247,42423
50861450,42425
50867565,42425
50874321,42431
50880522,42428
50885986,42426
50892131,42429
50898310,42430
50904489,42444
50910695,42443
50916901,42444
50923108,42445
50929280,42443
50934471,42443
50940597,42447
50946798,42461
50953010,42453
50959178,42454
50965383,42456
50971559,42452
50977709,42454
50983878,42447
50990063,42442
50996253,42451
51002461,42458
51008601,42466
51014794,42479
51020223,42480
51026410,42484
51032631,42489
51038822,42489
51045057,42498
51051242,42502
51057386,42512
51063581,42503
51068780,42500
51074957,42516
51081132,42505
51087977,42501
51094165,42504
51100391,42497
51106620,42506
51112789,42494
51118244,42496
51129591,42366
51135711,42375
51141886,42358
51148081,42362
51154220,42359
51160472,42361
51166595,42356
51172749,42343
51178954,42356
51185159,42341
51191378,42349
51197568,42344
51203706,42336
51209889,42324
51216077,42324
51222222,42321
51228434,42303
51234607,42305
51240776,42298
51246960,42296
51253143,42292
51264780,42238
51271001,42250
51277207,42258
51283360,42259
51289537,42265
51295341,42271
51301562,42281
51307780,42274
51313970,42280
51320119,42280
51326300,42285
51332525,42287
51338674,42294
51344121,42289
51350274,42298
51356451,42293
51362663,42286
51368867,42294
51375054,42298
51381196,42297
51387369,42301
51398081,42269
51404191,42269
51410374,42271
51416539,42272
51422690,42264
51428874,42272
51435078,42279
51441250,42280
51447414,42277
51453603,42287
51459759,42292
51465943,42288
51472084,42297
51477306,42293
51483531,42303
51489657,42302
51495800,42309
51501976,42314
51508772,42311
51514958,42311
51521134,42311
51531779,42300
51537982,42296
51544194,42306
51550433,42304
51556589,42312
51562704,42305
51568184,42302
51574332,42311
51580481,42311
51586663,42305
51592858,42316
51599072,42318
51605250,42318
51611433,42322
51616636,42326
51622790,42327
51628988,42323
51635144,42328
51641355,42331
51647565,42329
51653731,42338
51659959,42336
51670612,42363
51676792,42372
51682935,42365
51689144,42369
51695375,42371
51701530,42377
51706988,42379
51713186,42381
51719971,42381
51726135,42385
51732305,42387
51738467,42390
51744669,42387
51749890,42392
51756099,42400
51762287,42393
51768510,42400
51774670,42393
51780869,42400
51787077,42394
51793254,42390
51803921,42384
51810126,42375
51816322,42376
51822516,42376
51828622,42373
51834788,42369
51840191,42370
51846348,42381
51852503,42383
51858705,42377
51864864,42382
51871075,42382
51877291,42379
51883481,42373
51889656,42380
51895843,42375
51902030,42376
51908227,42378
51914423,42376
51920600,42374
51926781,42386
51938799,42406
51951863,42414
51958112,42405
51964356,42397
51969554,42395
51975708,42402
51981902,42396
51988110,42390
51994243,42388
52000475,42388
52006602,42395
52012758,42395
52018974,42385
52025145,42400
52031362,42394
52037600,42394
52043782,42398
52049963,42405
52056142,42400
52062312,42407
52068502,42259
52073917,42249
52080115,42261
52086315,42249
52092507,42246
52098741,42409
52103984,42253
52110173,42240
52116421,42242
52122581,42243
52128748,42232
52134899,42241
52141067,42236
52147879,42234
52154089,42236
52159522,42228
52165706,42223
52171924,42226
52178151,42222
52184341,42223
52190525,42216
52196726,42218
52208148,42100
52213632,42101
52219829,42099
52226058,42099
52232259,42099
52238429,42101
52244616,42107
52250805,42110
52257007,42117
52263116,42122
52269297,42133
52275477,42136
52281685,42138
52287926,42137
52293169,42141
52299378,42151
52305556,42160
52311731,42159
52317957,42173
52324152,42177
52330349,42184
52336563,42178
52342696,42194
52348132,42189
52354241,42190
52361076,42194
52367232,42194
52373393,42200
52378614,42200
52384801,42196
52390947,42195
52397117,42202
52403310,42199
52409515,42202
52415630,42208
52421822,42204
52427242,42210
52433446,42215
52439655,42216
52445825,42208
52452055,42220
52458190,42219
52464328,42216
52470460,42221
52481881,42280
52488075,42287
52494243,42288
52500474,42283
52506600,42286
52512782,42291
52518968,42293
52525138,42301
52531354,42297
52537569,42300
52543718,42298
52549894,42304
52556092,42305
52561532,42301
52568322,42311
52574502,42306
52580698,42307
52586850,42300
52593066,42305
52599204,42307
52605406,42308
52616828,42271
52622291,42271
52628470,42275
52634649,42275
52640853,42267
52647066,42265
52653216,42265
52659371,42260
52665531,42263
52671729,42264
52677923,42260
52684128,42279
52690291,42264
52696479,42267
52702683,42259
52708865,42262
52715101,42253
52721228,42257
52727434,42255
52733591,42256
52739754,42257
52751146,42258
52757319,42271
52763546,42270
52769715,42271
52776490,42274
52782689,42270
52788125,42270
52794230,42271
52800407,42270
52806554,42268
52812729,42271
52818988,42281
52825113,42281
52831274,42278
52836497,42282
52842685,42277
52848846,42275
52855049,42275
52861223,42282
52867391,42277
52873550,42282
52885135,42310
52891321,42314
52897498,42325
52903725,42320
52909919,42332
52916123,42334
52921307,42339
52927497,42348
52933680,42361
52939824,42353
52946031,42356
52952229,42354
52958422,42355
52964570,42359
52970736,42357
52976911,42362
52983116,42359
52989895,42362
52996077,42353
53002257,42351
53008484,42336
53020054,42252
53026213,42249
53032427,42235
53037594,42240
53043788,42225
53049951,42214
53055347,42212
53061528,42209
53067730,42204
53073927,42195
53080143,42199
53086281,42181
53092449,42191
53098686,42181
53104862,42178
53111066,42178
53117252,42174
53123422,42176
53129564,42172
53135784,42179
53142008,42175
53148212,42168
53154357,42185
53160563,42181
53166766,42185
53172977,42187
53179154,42187
53185383,42194
53197202,42189
53204008,42197
53210306,42203
53216516,42198
53222644,42205
53228830,42198
53235051,42193
53240525,42191
53246724,42191
53252935,42182
53259121,42182
53265245,42185
53271390,42178
53277568,42183
53288959,42092
53295156,42101
53301347,42102
53307536,42094
53313675,42086
53319870,42096
53326046,42098
53332236,42102
53338475,42100
53344651,42100
53350818,42105
53357004,42106
53363183,42103
53369392,42109
53374845,42121
53381082,42116
53387234,42119
53393402,42120
53399527,42124
53405714,42129
53411929,42129
53424016,42168
53430175,42168
53436370,42168
53442612,42161
53448075,42155
53454229,42151
53460411,42152
53466571,42149
53472753,42152
53478963,42147
53485161,42138
53491300,42145
53497483,42125
53503691,42130
53508876,42129
53515089,42122
53521269,42117
53527497,42123
53533660,42124
53539846,42111
53546025,42117
53557705,42205
53563928,42213
53570143,42207
53576304,42215
53582506,42216
53588697,42212
53593905,42217
53600106,42217
53606283,42224
53612503,42220
53618698,42219
53625430,42221
53631643,42221
53637844,42217
53643255,42214
53649434,42217
53655617,42217
53661812,42204
53668015,42205
53674158,42207
53680291,42202
53686507,42201
53692713,42219
53698928,42219
53705152,42215
53711317,42219
53717512,42221
53723697,42221
53728886,42229
53735039,42219
53741197,42215
53747377,42224
53753578,42224
53759732,42236
53765924,42227
53772109,42234
53777576,42232
53783771,42233
53789995,42242
53796188,42242
53802345,42246
53808554,42256
53814751,42257
53820947,42251
53832391,42264
53839234,42266
53845456,42273
53851624,42277
53857769,42277
53862563,42279
53868740,42279
53874971,42281
53881154,42283
53887349,42284
53893538,42283
53899717,42285
53905905,42281
53912120,42285
53918318,42286
53924488,42285
53930651,42281
53936823,42285
53943016,42278
53949202,42279
53955381,42284
53966697,42201
53972859,42206
53979061,42203
53985266,42196
53991484,42201
53996872,42196
54003071,42193
54009223,42186
54015366,42186
54021552,42185
54027758,42178
54033939,42180
54040152,42179
54046968,42178
54052177,42160
54058309,42153
54064525,42155
54070666,42148
54076829,42155
54083008,42145
54089179,42137
54100855,42117
54107082,42132
54113242,42134
54119350,42143
54125496,42135
54130701,42144
54136892,42149
54143073,42156
54149266,42156
54155498,42158
54161651,42162
54167835,42152
54174042,42157
54180214,42163
54186459,42157
54192580,42157
54198666,42148
54204830,42155
54210969,42157
54217157,42155
54223336,42143
54229564,42147
54235710,42087
54241886,42096
54248095,42089
54254867,42090
54261101,42083
54266570,42088
54272765,42094
54277970,42102
54284166,42092
54290397,42096
54296634,42096
54302780,42093
54308970,42103
54315170,42104
54321314,42105
54326752,42108
54332886,42107
54339101,42113
54345252,42117
54351460,42114
54357676,42117
54363863,42118
54375306,42193
54381530,42179
54387661,42187
54393828,42189
54400015,42196
54405456,42196
54411638,42204
54417795,42197
54423983,42202
54430170,42202
54443012,42204
54449217,42208
54455498,42209
54461646,42226
54467854,42220
54474618,42226
54480808,42222
54487027,42230
54493216,42223
54504905,42271
54511109,42263
54517321,42258
54523479,42257
54529651,42261
54534855,42256
54540260,42253
54546428,42248
54552605,42250
54558804,42255
54565040,42257
54571188,42250
54577347,42250
54583560,42254
54589773,42261
54594985,42261
54601169,42276
54607393,42270
54613599,42280
54619727,42291
54625912,42295
54632083,42297
54638255,42431
54644506,42438
54650705,42441
54656868,42439
54663018,42442
54668441,42448
54674637,42445
54680825,42451
54687606,42444
54693798,42452
54700016,42452
54706205,42452
54712360,42444
54718557,42445
54724767,42424
54729963,42428
54736145,42417
54742346,42421
54748568,42423
54754718,42430
54760894,42413
54767101,42421
54778707,42486
54784909,42490
54791162,42499
54797300,42490
54803488,42485
54809674,42490
54814865,42490
54821053,42491
54827245,42488
54833452,42497
54839625,42494
54845779,42491
54851955,42502
54858101,42491
54864276,42497
54870529,42495
54876647,42505
54882793,42503
54888991,42508
54895722,42512
54901896,42518
54913575,42541
54919793,42530
54925994,42527
54932156,42521
54938300,42513
54944454,42505
54949649,42505
54955825,42492
54962039,42490
54968234,42471
54974459,42474
54980607,42467
54986791,42457
54992938,42454
54999111,42442
55004511,42442
55010704,42437
55016913,42427
55023100,42424
55029276,42412
55035458,42417
55046847,42309
55053072,42308
55059246,42304
55065476,42300
55071634,42301
55077787,42296
55083974,42289
55090134,42290
55096293,42290
55103129,42291
55109409,42277
55115587,42279
55121725,42279
55127934,42282
55134113,42272
55139501,42280
55145669,42266
55151828,42281
55158047,42275
55164212,42261
55170415,42284
55181791,42274
55187983,42271
55194156,42270
55200319,42274
55206514,42274
55212668,42275
55218837,42282
55224240,42276
55230413,42278
55236561,42274
55242743,42282
55248917,42272
55255156,42274
55261334,42275
55267480,42275
55272711,42273
55278881,42282
55285094,42270
55291257,42276
55297451,42277
55303609,42266
55309757,42283
55316605,42316
55322758,42313
55328905,42315
55335089,42310
55341263,42314
55347480,42311
55353667,42315
55359127,42309
55364286,42304
55370511,42311
55376647,42311
55382794,42303
55388952,42309
55395143,42300
55401301,42297
55407539,42297
55413625,42300
55419764,42301
55425943,42297
55432157,42296
55438360,42295
55444602,42298
55456189,42344
55462338,42342
55468500,42349
55474686,42346
55480874,42340
55487091,42344
55492320,42341
55498530,42338
55503953,42334
55510163,42334
55516330,42334
55522485,42335
55529248,42330
55535382,42329
55541586,42328
55546837,42329
55553071,42329
55559272,42337
55565520,42332
55571759,42336
55577949,42340
55584177,42339
55590349,42394
55596597,42397
55602758,42393
55608929,42399
55615137,42403
55621329,42402
55626816,42393
55633046,42394
55638257,42396
55644489,42406
55650677,42404
55656847,42404
55663032,42407
55669232,42412
55675419,42411
55688228,42412
55694469,42410
55700712,42402
55706908,42408
55713092,42416
55724752,42437
55730933,42445
55737115,42439
55743903,42445
55750121,42442
55756255,42445
55762455,42445
55767621,42447
55773813,42444
55780022,42449
55786210,42446
55792432,42446
55798598,42442
55804794,42442
55810963,42454
55816424,42460
55822598,42460
55828798,42467
55835042,42472
55841186,42471
55847373,42474
55858822,42506
55865028,42503
55871197,42496
55877342,42495
55883545,42497
55889676,42492
55895835,42481
55902005,42483
55908227,42479
55914472,42479
55920614,42472
55926747,42476
55932909,42471
55939084,42466
55945266,42466
55950689,42459
55957441,42464
55963602,42463
55969843,42462
55976066,42461
55982220,42455
55993606,42388
55999715,42379
56005897,42376
56012110,42385
56018308,42383
56024523,42370
56030676,42368
56036106,42370
56042273,42359
56048442,42360
56054609,42362
56060819,42349
56066993,42350
56073213,42345
56079390,42346
56085587,42344
56091795,42340
56098036,42336
56104192,42336
56110342,42339
56116548,42338
56127957,42358
56134170,42364
56140310,42355
56146505,42356
56152690,42354
56158900,42351
56165637,42346
56171076,42340
56177217,42340
56182444,42340
56188641,42338
56194781,42333
56200932,42337
56207095,42333
56213292,42341
56219508,42337
56224941,42333
56231178,42335
56237352,42338
56243554,42334
56249792,42329
56256011,42330
56262195,42330
56268299,42335
56274453,42349
56280623,42342
56286806,42346
56293014,42342
56299156,42350
56304339,42346
56310566,42344
56316697,42353
56322162,42360
56328308,42361
56334483,42365
56340669,42357
56346821,42355
56353051,42359
56359237,42367
56365395,42367
56371570,42363
56378292,42365
56384495,42370
56390685,42375
56402086,42403
56408241,42407
56414452,42409
56420687,42399
56426857,42409
56433044,42402
56439231,42399
56445441,42406
56451637,42407
56457038,42407
56463202,42406
56469324,42411
56475447,42411
56481625,42402
56487847,42403
56494065,42416
56499290,42408
56505540,42411
56511721,42406
56517925,42408
56524107,42412
56530259,42407
56536447,42400
56542631,42388
56548769,42383
56554965,42386
56561143,42379
56567332,42380
56573533,42371
56579003,42367
56585869,42356
56591099,42365
56597279,42358
56603471,42356
56609623,42360
56615799,42356
56621979,42353
56628180,42363
56633600,42370
56639802,42369
56646029,42375
56652258,42381
56658451,42379
56664608,42388
56675943,42472
56682106,42475
56688269,42477
56694492,42469
56700624,42481
56706791,42474
56712970,42471
56719187,42483
56725371,42474
56731579,42471
56737721,42476
56743917,42474
56750091,42474
56756265,42476
56762478,42463
56767942,42480
56774165,42473
56780267,42479
56786491,42473
56792647,42488
56799409,42479
56810756,42511
56816895,42510
56823104,42507
56829291,42503
56835496,42494
56841686,42494
56847851,42498
56853317,42499
56859494,42486
56865658,42485
56871844,42472
56878106,42475
56884271,42475
56890461,42460
56896683,42458
56902881,42445
56909106,42448
56915249,42444
56921452,42442
56934249,42429
56940476,42302
56946711,42290
56952923,42284
56959125,42276
56965317,42272
56971496,42274
56977703,42257
56982914,42270
56989097,42256
56995317,42256
57000798,42253
57006994,42253
57013820,42254
57020020,42237
57026208,42245
57032383,42253
57037561,42248
57043722,42240
57049897,42245
57056075,42256
57062256,42247
57068451,42255
57080082,42269
57086231,42269
57092370,42272
57098567,42273
57104757,42276
57110943,42264
57117188,42268
57123328,42267
57129508,42265
57135697,42263
57141874,42265
57148111,42264
57154279,42259
57160474,42268
57166626,42264
57171843,42262
57178034,42266
57184214,42264
57190435,42263
57196661,42261
57202793,42256
57214409,42265
57220590,42269
57227351,42265
57233558,42264
57239743,42270
57246000,42282
57252221,42281
57257414,42284
57263627,42282
57269736,42293
57275885,42280
57282051,42288
57288278,42288
57294492,42284
57300641,42283
57306100,42284
57312259,42287
57318430,42280
57324591,42287
57330766,42282
57336925,42289
57348370,42310
57354604,42303
57360732,42304
57366889,42304
57373112,42306
57379300,42310
57385540,42309
57390981,42311
57397187,42307
57403313,42306
57409486,42305
57414706,42296
57420902,42299
57427109,42300
57433840,42297
57440087,42300
57445518,42293
57451714,42294
57457901,42285
57464119,42288
57470360,42293
57476523,42293
57482702,42334
57488847,42340
57495060,42350
57501269,42348
57507453,42350
57513611,42361
57519804,42359
57526021,42361
57532216,42365
57538379,42366
57544532,42371
57549757,42375
57555893,42370
57562097,42374
57568293,42381
57574496,42391
57579910,42385
57586123,42393
57592257,42395
57598396,42398
57604570,42408
57610747,42409
57616925,42409
57623153,42477
57629298,42482
57635494,42490
57641713,42488
57648472,42498
57654632,42496
57660829,42501
57665992,42497
57672147,42497
57678306,42500
57683769,42513
57689985,42517
57696215,42513
57702384,42520
57708553,42519
57713758,42516
57719951,42525
57726122,42522
57732338,42532
57738559,42529
57744729,42539
57750902,42534
57757138,42573
57763314,42572
57769562,42576
57775728,42578
57781904,42578
57788090,42586
57794251,42590
57799664,42596
57805866,42594
57812057,42596
57818267,42601
57824454,42605
57830616,42604
57836824,42606
57843019,42603
57848283,42614
57855111,42614
57861353,42610
57867586,42611
57873728,42613
57879872,42613
57886049,42616
57897728,42501
57903891,42508
57910136,42502
57916306,42503
57922492,42500
57928639,42492
57933880,42489
57940045,42488
57946244,42486
57952404,42483
57958606,42484
57964765,42478
57970941,42477
57977132,42478
57982598,42474
57988805,42479
57995018,42475
58001185,42473
58007327,42475
58013512,42473
58019712,42466
58031131,42412
58037293,42414
58043528,42412
58049676,42420
58055883,42426
58062085,42426
58068884,42432
58075038,42436
58081202,42439
58087374,42434
58093580,42435
58099041,42438
58105264,42451
58111455,42451
58116649,42449
58122864,42456
58129042,42445
58135233,42448
58141395,42445
58147579,42443
58153713,42449
58159880,42441
58166057,42410
58179115,42416
58185376,42416
58191614,42421
58197846,42418
58203061,42426
58209245,42423
58215432,42421
58221655,42426
58227784,42416
58233213,42420
58239396,42416
58245553,42416
58251751,42417
58257980,42412
58264193,42407
58270323,42405
58276474,42418
58283272,42403
58289424,42401
58295608,42434
58301808,42436
58308025,42439
58314256,42427
58320467,42430
58326641,42435
58332847,42440
58338075,42438
58344235,42429
58350404,42436
58356600,42435
58362709,42426
58368151,42427
58374299,42422
58380506,42424
58385693,42422
58391924,42421
58398123,42428
58404289,42413
58410501,42419
58416678,42416
58422859,42421
58429069,42413
58435278,42445
58441498,42453
58447671,42458
58453820,42463
58460044,42463
58466224,42459
58472417,42458
58478606,42467
58484726,42467
58491470,42464
58497671,42476
58503072,42476
58509227,42485
58515431,42474
58520654,42475
58526844,42480
58532994,42471
58539192,42474
58545382,42477
58551586,42485
58557720,42477
58569389,42528
58575582,42532
58581797,42532
58588016,42538
58594213,42528
58600343,42532
58606520,42537
58611709,42535
58617858,42538
58624060,42536
58630257,42540
58636445,42533
58642636,42540
58648803,42535
58654250,42533
58660415,42537
58666566,42540
58672754,42540
58678921,42548
58685140,42545
58691279,42553
58697437,42549
58704225,42544
58710415,42541
58716582,42549
58722803,42546
58729008,42542
58735198,42544
58741373,42554
58746608,42560
58752729,42563
58758915,42571
58765130,42576
58771299,42572
58776738,42582
58782916,42584
58789164,42592
58795316,42588
58801486,42594
58807616,42597
58813801,42602
58819977,42602
58826194,42605
58832388,42609
58843765,42491
58849928,42485
58856151,42487
58862341,42491
58868588,42477
58874730,42481
58880866,42480
58887035,42480
58893247,42476
58899401,42472
58905625,42474
58912372,42470
58918619,42467
58924760,42470
58930151,42462
58936295,42465
58942422,42461
58948589,42464
58954766,42464
58960958,42465
58967152,42470
58978572,42413
58984759,42418
58990936,42412
58997117,42415
59003319,42415
59009548,42413
59015699,42423
59021195,42423
59027334,42425
59033544,42422
59039743,42437
59045900,42434
59052148,42437
59058337,42445
59063563,42436
59069711,42434
59075868,42446
59082080,42443
59088258,42447
59094492,42442
59100646,42445
59112227,42443
59118406,42439
59125201,42434
59131313,42431
59137509,42434
59143676,42431
59149865,42426
59155066,42430
59161300,42424
59167508,42420
59173697,42426
59179856,42427
59186062,42420
59192266,42423
59197059,42418
59203242,42418
59209391,42418
59215524,42422
59221727,42420
59227930,42422
59234141,42423
59240320,42426
59246484,42463
59252722,42450
59258951,42458
59265174,42459
59271364,42454
59277527,42457
59283724,42460
59289917,42456
59296145,42453
59302292,42454
59308460,42451
59314641,42458
59320814,42451
59327021,42442
59331485,42450
59338261,42456
59344440,42462
59350643,42455
59356786,42448
59362984,42455
59369196,42449
59375415,42456
59387118,42497
59393327,42509
59399513,42510
59405672,42504
59411841,42511
59423886,42498
59430178,42502
59436408,42515
59442614,42511
59448852,42506
59455098,42509
59460297,42506
59465774,42502
59471923,42517
59478141,42515
59484291,42508
59490441,42502
59496605,42514
59502789,42507
59508944,42513
59515173,42545
59521323,42552
59527503,42550
59533706,42558
59539848,42554
59546061,42517
59552903,42558
59559123,42562
59565298,42563
59571477,42571
59577661,42565
59583851,42572
59590067,42576
59595247,42569
59600706,42581
59606906,42578
59613073,42584
59619245,42581
59625404,42588
59631602,42590
59637832,42589
59644059,42587
59655492,42602
59661684,42604
59667850,42605
59674005,42609
59680158,42607
59686314,42612
59692510,42610
59698699,42610
59704877,42621
59711046,42620
59717275,42629
59723524,42619
59729686,42636
59734453,42636
59740612,42633
59746793,42641
59752981,42638
59759821,42643
59766061,42649
59772252,42651
59778402,42647
59789787,42640
59795962,42631
59802195,42621
59808365,42624
59814599,42615
59820757,42612
59826931,42607
59833099,42588
59839275,42588
59845457,42580
59851669,42576
59857841,42576
59864062,42571
59868847,42565
59875081,42564
59881231,42557
59887371,42551
59893554,42552
59899751,42541
59905903,42541
59912097,42537
59918239,42535
59924370,42432
59930546,42420
59936698,42420
59942853,42413
59949069,42416
59955231,42420
59961366,42411
59968199,42421
59974398,42413
59980570,42406
59986736,42417
59992906,42407
59999140,42417
60004296,42416
60010500,42421
60016641,42423
60022830,42432
60029013,42429
60035209,42435
60041381,42432
60047585,42441
60053759,42443
60065413,42420
60071590,42412
60077771,42416
60083963,42423
60090183,42416
60096360,42419
60102550,42409
60107758,42414
60113952,42414
60120157,42412
60126324,42412
60132536,42415
60137966,42409
60143204,42413
60149390,42406
60155582,42409
60161749,42409
60167951,42403
60174136,42405
60180933,42407
60187087,42401
60198763,42398
60204920,42399
60211145,42398
60217292,42399
60223477,42392
60229657,42386
60235819,42397
60241009,42405
60247227,42402
60253425,42398
60259607,42400
60265770,42391
60271876,42395
60276646,42397
60282795,42402
60289030,42395
60295239,42402
60301423,42392
60307615,42393
60313821,42395
60319999,42386
60326226,42386
60332417,42402
60338563,42403
60344748,42411
60350954,42406
60357174,42406
60363324,42401
60369506,42411
60375691,42404
60381863,42398
60388645,42401
60394839,42401
60400987,42406
60407157,42407
60411561,42400
60417713,42404
60423917,42400
60430121,42390
60436339,42395
60442591,42390
60448767,42388
60454951,42379
60461169,42393
60472790,42425
60478971,42424
60485191,42424
60491339,42429
60497533,42429
60503736,42438
60509935,42434
60516162,42434
60522330,42436
60528520,42434
60534648,42432
60540815,42444
60545234,42440
60551423,42444
60557630,42437
60563793,42439
60569974,42446
60576169,42445
60582361,42437
60588588,42442
60594771,42446
60606982,42463
60613202,42464
60619306,42458
60625439,42471
60631628,42463
60637816,42472
60644000,42467
60650227,42473
60655445,42475
60668534,42473
60674747,42479
60679977,42480
60686193,42479
60692345,42484
60698569,42494
60704778,42490
60710982,42443
60717190,42494
60723379,42506
60729614,42497
60735804,42521
60741983,42527
60748159,42530
60754327,42526
60760501,42531
60766695,42532
60772860,42539
60779071,42535
60784545,42540
60790740,42551
60796941,42547
60803173,42559
60809356,42555
60814364,42562
60820592,42569
60826718,42574
60832947,42583
60839137,42595
60845286,42592
60851504,42591
60857685,42596
60863838,42603
60870020,42606
60876190,42516
60882376,42508
60888593,42508
60894769,42506
60900943,42502
60907184,42500
60913350,42497
60918843,42496
60925013,42489
60931214,42484
60937416,42482
60943571,42481
60948027,42469
60954202,42474
60960375,42477
60966601,42472
60972746,42465
60978923,42464
60985110,42450
60991264,42443
60997477,42446
61003693,42437
61009812,42386
61015976,42402
61022689,42398
61028914,42409
61035105,42401
61041282,42411
61047454,42410
61053669,42414
61059813,42415
61065992,42418
61072206,42419
61078405,42416
61083837,42426
61089999,42429
61096238,42433
61102400,42371
61108552,42429
61114755,42429
61120936,42436
61127161,42441
61133298,42432
61139454,42435
61150819,42454
61156999,42460
61163161,42456
61169341,42473
61175555,42469
61181739,42467
61187908,42470
61193342,42477
61199508,42477
61205639,42466
61211818,42464
61217963,42465
61224151,42464
61230275,42465
61237143,42472
61243289,42461
61249452,42469
61255651,42463
61261879,42465
61268058,42461
61274245,42465
61285613,42448
61291782,42455
61297979,42440
61304181,42446
61310356,42448
61316593,42444
61322788,42445
61328237,42440
61334389,42451
61340566,42448
61346748,42447
61352924,42451
61358199,42442
61364370,42452
61370616,42451
61376782,42462
61382947,42462
61389162,42472
61395380,42475
61401611,42468
61407759,42480
61419360,42508
61425543,42501
61431732,42507
61437897,42501
61444679,42503
61450908,42508
61457123,42501
61462323,42492
61468505,42495
61474697,42487
61480816,42487
61487002,42495
61492462,42487
61498658,42485
61504908,42485
61511174,42490
61517354,42485
61523574,42487
61529801,42489
61535974,42488
61542171,42487
61553580,42593
61559715,42593
61565867,42615
61572058,42599
61578251,42606
61584435,42612
61590653,42615
61596792,42619
61602959,42615
61609153,42613
61615330,42615
61621539,42618
61626988,42620
61633202,42617
61639347,42614
61645549,42616
61651751,42616
61658493,42611
61664679,42610
61670881,42605
61677099,42609
61688498,42617
61694691,42631
61700841,42636
61707023,42628
61713216,42632
61719417,42638
61725622,42634
61731783,42626
61737210,42634
61743346,42638
61749475,42631
61755648,42637
61760855,42635
61767017,42629
61773189,42631
61778607,42628
61784809,42630
61790972,42621
61797230,42614
61803332,42608
61809484,42609
61815685,42600
61821852,42694
61828065,42687
61834251,42680
61840378,42680
61846590,42667
61852791,42669
61858952,42661
61865786,42645
61870997,42640
61877181,42638
61883328,42623
61889521,42618
61895677,42608
61908408,42600
61914636,42580
61920825,42576
61927076,42556
61933244,42552
61939440,42540
61945600,42539
61957311,42501
61963482,42499
61969700,42495
61975851,42496
61982089,42508
61988283,42496
61994507,42495
62000686,42492
62006802,42496
62012997,42493
62019234,42492
62025410,42488
62030854,42486
62037032,42484
62043210,42479
62048368,42469
62054613,42472
62060770,42464
62066962,42465
62073181,42457
62079973,42451
62091634,42475
62097841,42474
62104081,42474
62110273,42478
62116409,42476
62122584,42469
62128789,42476
62135005,42466
62141196,42473
62147326,42467
62153464,42471
62159612,42469
62164810,42467
62171009,42463
62177200,42470
62182607,42465
62188809,42475
62194988,42465
62201225,42476
62207334,42456
62213461,42465
62219612,42471
62225804,42468
62232022,42475
62238273,42477
62244439,42479
62250598,42476
62256799,42476
62262976,42482
62269226,42481
62274458,42476
62280656,42483
62286778,42486
62293572,42493
62299764,42488
62305944,42500
62312165,42491
62317586,42493
62323783,42497
62329938,42493
62336197,42494
62342336,42500
62348498,42490
62354668,42496
62366103,42558
62372280,42561
62378451,42551
62384670,42547
62390826,42545
62397024,42536
62403217,42543
62409415,42544
62415629,42539
62421805,42513
62427994,42541
62434189,42540
62439610,42536
62445794,42527
62452017,42522
62458219,42533
62464343,42540
62470507,42538
62476672,42534
62482837,42531
62489000,42533
62501012,42545
62507289,42543
62513519,42552
62519732,42551
62525908,42553
62532121,42559
62538283,42562
62544407,42561
62549879,42559
62556072,42562
62562299,42564
62568457,42565
62573668,42562
62579821,42574
62585988,42578
62592212,42568
62598376,42579
62604603,42568
62610732,42580
62616849,42576
62623019,42576
62634657,42541
62640830,42545
62647002,42556
62653212,42554
62659366,42558
62665589,42569
62671793,42578
62677975,42580
62683179,42575
62689350,42585
62695537,42588
62701680,42596
62707859,42601
62714672,42607
62720801,42603
62726989,42602
62732442,42611
62738598,42609
62744770,42619
62750938,42612
62757155,42609
62768541,42626
62774693,42640
62780795,42641
62786953,42640
62793153,42644
62799367,42650
62805543,42648
62811712,42647
62817879,42651
62824031,42655
62830232,42658
62836451,42651
62842620,42657
62848035,42654
62854256,42654
62860396,42658
62866643,42651
62871879,42643
62878043,42645
62884226,42645
62890378,42649
62896565,42633
62902789,42470
62908977,42463
62915211,42469
62921962,42461
62928204,42466
62934372,42459
62940575,42459
62946733,42453
62952847,42447
62958314,42448
62964466,42450
62970631,42443
62976814,42440
62982013,42431
62988237,42436
62994431,42427
63000666,42431
63006081,42420
63012266,42420
63018381,42421
63024543,42422
63030730,42416
63036938,42406
63043131,42352
63049269,42353
63055465,42346
63061677,42351
63067849,42353
63073997,42358
63080187,42350
63086333,42342
63092488,42347
63098695,42340
63104894,42344
63111100,42342
63117299,42333
63123434,42342
63129591,42335
63136451,42339
63141604,42338
63154614,42330
63160806,42337
63172222,42309
63178426,42301
63184645,42298
63190835,42295
63197015,42292
63203222,42287
63209390,42284
63215644,42275
63221092,42281
63227292,42269
63233453,42269
63239618,42260
63245827,42269
63250997,42268
63257177,42261
63263390,42270
63269596,42258
63275734,42266
63281878,42269
63288062,42267
63294266,42278
63300417,42275
63306641,42333
63312806,42323
63318977,42330
63325189,42324
63331361,42329
63337618,42332
63343772,42329
63350600,42327
63356012,42336
63362194,42340
63368370,42332
63374537,42335
63380712,42333
63385938,42327
63392138,42320
63398305,42316
63404510,42329
63409933,42326
63416135,42334
63422295,42330
63428462,42331
63434651,42340
63446043,42337
63452247,42323
63458439,42319
63464636,42321
63470834,42314
63477025,42328
63483206,42320
63489390,42314
63494836,42315
63501005,42326
63507214,42322
63513369,42316
63519575,42321
63524785,42322
63530975,42326
63537198,42319
63543368,42325
63548840,42335
63555010,42330
63561863,42337
63568024,42340
63574202,42338
63580351,42358
63586536,42356
63592751,42362
63598929,42357
63605194,42364
63611350,42374
63617514,42369
63623694,42364
63628921,42389
63635102,42386
63641279,42385
63647461,42390
63653656,42390
63659222,42386
63665404,42393
63671650,42392
63677793,42393
63683189,42391
63689356,42397
63695478,42389
63701652,42381
63707839,42390
63714006,42382
63720236,42428
63726421,42426
63732618,42424
63738853,42420
63745008,42427
63751215,42410
63757383,42408
63762573,42405
63769342,42405
63775592,42404
63781811,42399
63788063,42399
63793494,42404
63799711,42401
63805924,42403
63812107,42412
63818282,42406
63824445,42403
63830627,42409
63836810,42411
63842943,42415
63849195,42417
63860658,42396
63866856,42396
63873061,42396
63879268,42394
63885470,42393
63891677,42388
63897113,42384
63903344,42384
63909506,42385
63915663,42381
63921860,42382
63927054,42377
63933258,42373
63939430,42366
63945630,42368
63951784,42361
63957930,42355
63964084,42349
63970278,42341
63976460,42333
63983301,42322
63994916,42209
64001117,42213
64007317,42212
64013453,42217
64019665,42217
64025887,42218
64031062,42222
64037251,42208
64043445,42223
64049695,42224
64055929,42226
64061372,42231
64067572,42225
64073732,42241
64079911,42232
64086120,42237
64092295,42237
64098415,42247
64104607,42249
64110784,42249
64116956,42264
64128411,42262
64134653,42258
64140824,42257
64146988,42255
64153169,42252
64159331,42247
64165458,42247
64171679,42242
64177818,42247
64184015,42238
64190745,42245
64196307,42244
64202553,42233
64208723,42248
64214883,42247
64221057,42244
64227214,42244
64233380,42242
64238874,42247
64245034,42255
64251230,42248
64257469,42250
64263647,42300
64269839,42300
64275962,42301
64282214,42302
64288357,42303
64294537,42296
64300699,42295
64305922,42296
64312108,42297
64318291,42296
64324547,42296
64330731,42294
64336863,42302
64343006,42306
64349165,42310
64355324,42311
64361436,42301
64367673,42306
64373790,42309
64379928,42311
64386145,42315
64399219,42366
64405971,42364
64412274,42367
64418441,42362
64424619,42365
64430782,42362
64435998,42372
64442200,42367
64448395,42357
64454609,42352
64460101,42360
64466321,42359
64472492,42357
64478659,42355
64484839,42356
64491032,42356
64497279,42357
64503390,42357
64508554,42355
64514737,42361
64520877,42365
64527063,42363
64538670,42418
64544864,42406
64551016,42412
64557241,42411
64563387,42406
64569540,42408
64575724,42408
64581910,42400
64588122,42396
64594319,42398
64600485,42393
64606654,42385
64612841,42389
64619677,42377
64625883,42374
64632043,42372
64638262,42388
64643834,42381
64650018,42392
64656220,42387
64662399,42392
64668591,42457
64674777,42450
64680937,42468
64687116,42459
64693324,42466
64699518,42472
64705702,42473
64710932,42472
64717128,42470
64723264,42474
64729467,42473
64734934,42475
64741179,42472
64747344,42478
64753496,42479
64759641,42470
64765814,42473
64771969,42470
64778223,42472
64783406,42473
64789609,42467
64795755,42468
64801944,42471
64813603,42488
64819801,42501
64826547,42496
64832751,42488
64838958,42494
64844205,42482
64850357,42491
64856566,42485
64862725,42487
64868917,42481
64875098,42464
64881261,42464
64887421,42461
64893675,42450
64899761,42450
64905905,42437
64912120,42432
64917564,42425
64923751,42419
64929943,42415
64936174,42409
64947604,42344
64953770,42352
64959926,42353
64966097,42352
64972279,42356
64977695,42361
64983888,42366
64990151,42369
64996307,42370
65002429,42367
65008618,42359
65014800,42369
65020964,42353
65027198,42359
65033371,42362
65040233,42358
65046386,42350
65051565,42346
65057769,42346
65063947,42349
65070144,42340
65081738,42291
65087940,42298
65094111,42296
65100300,42296
65106482,42298
65112668,42301
65118882,42303
65125129,42302
65131338,42308
65137502,42303
65142748,42314
65148868,42315
65155041,42316
65161282,42310
65167456,42312
65173651,42309
65179801,42314
65185946,42325
65191375,42320
65197556,42316
65203773,42324
65215150,42284
65221331,42299
65227472,42286
65233670,42284
65239820,42284
65246631,42283
65252157,42293
65258348,42286
65264548,42292
65270744,42294
65276926,42292
65283130,42296
65289321,42295
65295504,42301
65301715,42305
65307920,42299
65314144,42303
65320328,42313
65325511,42308
65331694,42316
65337860,42308
65349460,42349
65355609,42353
65361799,42346
65367934,42338
65374149,42338
65380349,42345
65386483,42335
65392690,42332
65398913,42332
65405139,42327
65411320,42329
65416471,42331
65422681,42321
65428845,42320
65435029,42317
65441225,42309
65447369,42310
65453585,42308
65459683,42310
65465893,42308
65472099,42302
65483537,42311
65489723,42310
65495900,42311
65502078,42304
65508287,42315
65514494,42317
65520723,42311
65526219,42317
65532362,42322
65538510,42335
65544703,42340
65550912,42352
65557114,42353
65563336,42367
65569533,42368
65575715,42373
65581929,42386
65588147,42392
65594344,42396
65600531,42400
65606711,42413
65618127,42387
65624297,42390
65630483,42394
65643307,42384
65649552,42391
65655823,42399
65662020,42401
65668230,42407
65674997,42414
65681222,42417
65686672,42425
65692823,42428
65698992,42433
65705245,42443
65711413,42450
65717610,42454
65723844,42459
65730021,42457
65736260,42456
65747660,42471
65753802,42472
65759950,42474
65766119,42475
65772296,42473
65778483,42480
65784680,42481
65790818,42485
65796240,42492
65802374,42482
65808535,42480
65814713,42492
65820896,42489
65827076,42494
65833251,42484
65839475,42479
65845663,42478
65851876,42471
65858068,42474
65864292,42464
65870464,42459
65881886,42316
65888702,42312
65894855,42307
65901036,42304
65907187,42291
65913409,42290
65919631,42290
65925833,42281
65931290,42281
65937454,42272
65943660,42266
65949831,42261
65956004,42253
65961179,42260
65967352,42260
65973549,42259
65979773,42264
65985928,42253
65992099,42250
65998320,42248
66004491,42243
66010739,42237
66016865,42198
66023048,42203
66029224,42190
66035381,42194
66041584,42203
66047764,42200
66053896,42199
66060098,42202
66065572,42205
66071763,42190
66077973,42201
66084159,42202
66090333,42200
66096482,42202
66102697,42198
66108899,42199
66115084,42197
66121297,42199
66127465,42202
66133636,42197
66139857,42205
66145061,42199
66151234,42171
66157460,42168
66163661,42159
66169846,42150
66176027,42156
66182248,42157
66188404,42147
66194603,42153
66200054,42148
66206275,42155
66212432,42151
66218608,42152
66224764,42155
66229976,42156
66236187,42163
66242374,42159
66248580,42159
66254774,42155
66260916,42162
66267179,42168
66273366,42158
66279568,42158
66291186,42205
66297381,42200
66303584,42198
66310412,42200
66316563,42198
66322727,42204
66328934,42205
66334119,42199
66340338,42208
66346548,42205
66352744,42212
66358880,42215
66364367,42216
66370596,42215
66376849,42185
66383060,42212
66389268,42214
66395441,42209
66401621,42212
66407820,42211
66413975,42223
66424636,42208
66430838,42207
66436993,42216
66443218,42215
66449348,42217
66455497,42221
66461655,42217
66467870,42227
66474051,42225
66480255,42220
66486381,42233
66492545,42235
66498708,42227
66504935,42233
66511165,42235
66517980,42236
66524211,42234
66530412,42239
66536642,42243
66542835,42238
66548994,42238
66559628,42244
66565809,42242
66571996,42231
66578243,42242
66584415,42238
66590596,42235
66596748,42239
66602964,42234
66608169,42240
66614363,42238
66620579,42232
66626776,42242
66632958,42236
66639145,42243
66645341,42245
66651565,42251
66657750,42241
66663878,42256
66670085,42257
66676304,42263
66682531,42270
66693181,42292
66699357,42292
66705552,42290
66711780,42286
66717926,42285
66724177,42285
66730855,42277
66737057,42287
66742538,42275
66748718,42280
66754891,42280
66761063,42280
66767286,42293
66772517,42295
66778709,42297
66784852,42300
66791071,42306
66797244,42313
66803416,42312
66809660,42316
66815809,42322
66821926,42335
66828108,42306
66834297,42312
66840437,42305
66846673,42299
66852843,42292
66859024,42287
66865225,42282
66871407,42279
66876852,42261
66889639,42266
66895831,42258
66902051,42253
66908264,42242
66914439,42241
66920638,42235
66926865,42233
66933052,42228
66939275,42222
66946154,42208
66952337,42209
66963003,42122
66969264,42127
66975426,42125
66981610,42139
66987784,42142
66993955,42142
67000164,42150
67006335,42151
67012484,42158
67018664,42158
67024873,42163
67031046,42169
67037257,42164
67042448,42159
67048682,42164
67054850,42166
67060991,42167
67067170,42173
67073343,42165
67079515,42162
67085715,42160
67097320,42151
67102524,42156
67108734,42156
67114847,42149
67121064,42153
67127280,42159
67133500,42161
67139719,42163
67145926,42164
67152125,42167
67158869,42172
67165076,42170
67171257,42169
67176667,42174
67182899,42179
67189099,42176
67195312,42182
67201467,42179
67207641,42189
67213812,42185
67219977,42189
67226158,42190
67232323,42261
67237481,42265
67243705,42265
67249883,42262
67256065,42267
67262251,42260
67268450,42260
67274686,42263
67280140,42260
67286343,42262
67292479,42259
67298616,42251
67304761,42256
67310927,42260
67317136,42243
67323362,42249
67329529,42240
67335728,42241
67341894,42250
67348051,42250
67354270,42247
67360409,42252
67371735,42277
67377909,42270
67384074,42276
67390273,42278
67396426,42279
67402637,42279
67408788,42280
67414961,42277
67421154,42282
67427308,42285
67433440,42286
67439640,42288
67444839,42289
67450963,42284
67457165,42289
67463372,42291
67469595,42302
67475765,42296
67481880,42298
67488069,42298
67494283,42299
67505848,42342
67512026,42348
67518289,42347
67524415,42360
67530579,42366
67536760,42359
67542962,42358
67549165,42367
67555350,42367
67561512,42375
67567673,42369
67573858,42365
67579565,42364
67585785,42368
67591960,42367
67598155,42367
67604368,42367
67610610,42373
67616770,42370
67622901,42374
67629076,42369
67640718,42407
67645922,42411
67652129,42421
67658324,42415
67664511,42416
67670733,42421
67676907,42427
67683094,42425
67688512,42421
67694686,42413
67700853,42417
67707030,42418
67713258,42417
67718455,42427
67724709,42421
67730856,42419
67737037,42416
67743220,42418
67749418,42411
67755609,42405
67761807,42409
67767943,42405
67779574,42453
67784770,42448
67791607,42453
67797793,42443
67803945,42437
67810168,42433
67816380,42439
67822499,42429
67828690,42433
67834849,42424
67841033,42418
67847176,42414
67852637,42402
67858786,42394
67864964,42399
67871189,42391
67877382,42388
67883584,42383
67889745,42375
67895940,42370
67902105,42365
67913492,42297
67918967,42290
67925173,42287
67931399,42272
67937568,42278
67943765,42267
67949950,42259
67956142,42249
67962344,42247
67968494,42233
67974668,42237
67980877,42229
67986084,42221
67992280,42217
67999069,42206
68005325,42204
68011525,42193
68017706,42192
68023831,42183
68029983,42180
68036182,42183
68047789,42250
68054033,42245
68060264,42250
68066435,42250
68072591,42246
68078776,42237
68084936,42238
68091108,42234
68097324,42238
68102518,42236
68108708,42223
68114861,42218
68120302,42229
68133032,42216
68139268,42216
68145522,42220
68151740,42213
68157916,42208
68164080,42209
68175771,42204
68181953,42200
68188152,42203
68193384,42203
68199625,42213
68205790,42214
68211945,42224
68218761,42213
68224936,42225
68231122,42223
68236536,42231
68242703,42232
68248879,42234
68254097,42231
68260312,42233
68266493,42241
68272719,42251
68278900,42246
68285081,42244
68291307,42250
68297463,42246
68303679,42250
68309820,42284
68315956,42280
68322122,42278
68327566,42270
68333735,42281
68339974,42275
68346179,42276
68352395,42278
68358569,42275
68364760,42281
68369951,42277
68376159,42277
68382333,42270
68387766,42277
68393945,42280
68400184,42278
68406369,42263
68412553,42276
68418729,42278
68424909,42276
68431716,42269
68437876,42273
68444036,42274
68450286,42327
68456471,42332
68461664,42322
68467838,42330
68474020,42327
68480208,42321
68486415,42325
68492666,42321
68498826,42327
68504272,42322
68510376,42320
68516492,42324
68521702,42322
68527854,42318
68534018,42320
68540227,42322
68546402,42310
68552617,42317
68558768,42316
68564914,42320
68571099,42310
68577267,42312
68588865,42348
68595073,42361
68600311,42360
68606499,42364
68612697,42353
68618916,42344
68625146,42349
68631334,42348
68638081,42345
68644324,42347
68650480,42341
68655921,42335
68662109,42327
68668316,42320
68674535,42322
68680760,42324
68686957,42314
68693154,42315
68699324,42312
68705460,42300
68711610,42314
68722932,42352
68729232,42354
68734730,42353
68740931,42351
68747128,42353
68753366,42347
68759601,42344
68765771,42341
68771976,42343
68778186,42336
68784362,42335
68790532,42322
68796718,42324
68802870,42329
68809076,42318
68815333,42314
68821516,42318
68827669,42316
68833844,42312
68840035,42311
68846241,42316
68853073,42173
68859302,42182
68865487,42179
68870668,42170
68876817,42177
68882987,42175
68889198,42177
68895371,42166
68901615,42170
68907809,42172
68913214,42174
68919360,42174
68925502,42171
68930699,42172
68936882,42164
68943057,42173
68949285,42177
68955460,42173
68961694,42176
68967813,42174
68973940,42177
68980125,42171
68986317,42173
68992516,42207
68998714,42220
69004147,42213
69010380,42212
69016533,42216
69022702,42211
69028880,42213
69035056,42209
69041275,42209
69046455,42199
69052663,42198
69059400,42196
69064927,42197
69071174,42195
69077395,42191
69083629,42176
69089874,42179
69096108,42176
69102306,42170
69108460,42167
69114641,42165
69120838,42162
69132283,42138
69138440,42138
69143896,42135
69150102,42135
69156343,42148
69162437,42144
69168577,42144
69174756,42151
69180942,42146
69187117,42160
69193309,42158
69199414,42163
69205564,42160
69211765,42164
69217934,42162
69224180,42162
69230364,42169
69236487,42164
69242664,42156
69248867,42171
69255064,42168
69261288,42172
69267474,42152
69274308,42150
69280454,42153
69286604,42151
69292771,42154
69298921,42150
69305103,42150
69311293,42148
69317460,42156
69322710,42162
69328879,42153
69335063,42153
69340497,42148
69346690,42157
69352882,42152
69359041,42163
69365260,42154
69378005,42161
69384242,42154
69390476,42156
69396706,42215
69402891,42210
69409086,42212
69415322,42214
69421473,42213
69427731,42210
69433874,42211
69440053,42217
69446247,42213
69451692,42215
69457894,42218
69464080,42212
69469322,42209
69475478,42212
69481701,42217
69488571,42213
69494774,42212
69500904,42209
69507081,42208
69513270,42204
69519458,42202
69525709,42211
69537318,42275
69543526,42274
69549709,42267
69555922,42274
69562067,42275
69568311,42268
69574477,42270
69580655,42265
69585877,42268
69592061,42265
69598237,42270
69603690,42264
69609931,42262
69616107,42265
69622328,42259
69628485,42261
69634649,42256
69640806,42260
69646987,42257
69653199,42254
69659376,42251
69670760,42301
69676943,42287
69683135,42287
69689336,42275
69696117,42279
69702359,42266
69708528,42259
69714758,42251
69720193,42244
69726388,42250
69732540,42240
69737731,42233
69743917,42225
69750100,42229
69756318,42217
69762489,42220
69768713,42223
69774867,42214
69781059,42212
69787267,42214
69793463,42221
69805127,42087
69811312,42079
69817476,42081
69823656,42078
69829840,42083
69836015,42074
69842227,42074
69848400,42074
69853595,42077
69859786,42071
69865926,42066
69872121,42063
69878342,42064
69884544,42067
69890761,42055
69896905,42053
69903071,42056
69909915,42050
69916096,42053
69922302,42043
69928471,42052
69940133,42088
69946353,42087
69952472,42075
69958630,42071
69964824,42074
69970029,42070
69976250,42071
69982433,42075
69988646,42070
69994816,42061
70000975,42072
70007201,42075
70012645,42067
70018822,42064
70025022,42074
70031221,42078
70037444,42073
70043592,42081
70049813,42080
70056066,42073
70062324,42079
70073795,42061
70080041,42061
70086319,42065
70092579,42069
70098804,42068
70104978,42069
70111157,42076
70117840,42074
70124091,42080
70129552,42078
70135745,42086
70141955,42078
70147183,42089
70153376,42092
70159607,42090
70165815,42084
70171971,42088
70178139,42090
70184335,42083
70190540,42086
70196763,42089
70208333,42103
70214481,42108
70220666,42112
70226835,42117
70233018,42104
70239228,42114
70245406,42121
70251550,42114
70257725,42104
70262967,42100
70269173,42110
70275330,42111
70280752,42123
70286975,42122
70293208,42114
70299383,42121
70305495,42125
70311625,42138
70317830,42132
70324008,42141
70330785,42134
70337005,42136
70343226,42161
70349391,42162
70355645,42161
70361839,42172
70368032,42178
70374225,42184
70380431,42189
70385979,42193
70392202,42200
70397438,42200
70403673,42218
70409865,42222
70415298,42227
70421471,42240
70427671,42240
70433859,42249
70440062,42256
70446282,42256
70452440,42265
70458610,42270
70464820,42272
70470989,42274
70477223,42292
70483399,42312
70489561,42302
70495694,42312
70501949,42313
70508172,42322
70514415,42315
70520641,42319
70526894,42317
70532103,42329
70538830,42329
70545044,42335
70550506,42335
70556670,42327
70562851,42329
70569026,42341
70575253,42337
70581434,42333
70587594,42340
70593759,42344
70599966,42338
70606199,42339
70624219,42375
70630426,42383
70636696,42380
70642828,42389
70649019,42378
70655187,42378
70659978,42388
70666209,42375
70672382,42385
70678561,42395
70683774,42390
70689916,42390
70696134,42395
70702336,42390
70708504,42389
70714714,42392
70720893,42396
70727054,42395
70733318,42397
70739509,42392
70745713,42241
70751868,42242
70758690,42242
70764903,42250
70771085,42230
70777279,42228
70783408,42222
70789620,42218
70795085,42196
70801322,42202
70807495,42192
70813684,42187
70819897,42176
70826066,42173
70832317,42157
70838488,42151
70844636,42140
70850790,42136
70856975,42116
70863217,42117
70869414,42104
70875639,42099
70887119,42071
70893361,42067
70899621,42063
70905825,42062
70911988,42064
70918157,42060
70924340,42069
70929766,42069
70935316,42073
70941494,42077
70947687,42076
70952885,42075
70959031,42079
70965763,42076
70971963,42084
70978122,42084
70984315,42084
70990448,42084
70996644,42084
71002851,42088
71009079,42092
71020772,42037
71026973,42035
71033191,42037
71039448,42046
71045604,42041
71051771,42046
71057991,42048
71064199,42052
71069400,42051
71075565,42052
71081761,42052
71087961,42058
71094142,42058
71100315,42054
71106467,42055
71112662,42054
71118812,42051
71124924,42058
71131113,42052
71137328,42042
71143512,42051
71155197,42039
71161430,42039
71167618,42037
71173865,42039
71180635,42036
71186844,42046
71193138,42040
71199358,42043
71203808,42051
71210024,42048
71216296,42043
71222471,42052
71227687,42058
71233845,42058
71240024,42062
71246175,42059
71252374,42059
71258539,42066
71264765,42061
71270931,42060
71277108,42065
71283309,42059
71289560,42107
71295800,42110
71301991,42108
71308236,42109
71314457,42099
71320657,42092
71326829,42093
71333023,42085
71338462,42088
71344662,42083
71350861,42092
71357083,42077
71362365,42071
71368489,42065
71374683,42061
71380849,42059
71387601,42053
71393847,42051
71400016,42043
71406212,42037
71412404,42043
71418576,42045
71430292,42197
71436445,42201
71442629,42204
71448863,42217
71455082,42222
71461260,42219
71467469,42222
71473658,42216
71478903,42219
71485123,42224
71491363,42218
71496829,42217
71503012,42222
71509215,42220
71515417,42209
71521543,42211
71527733,42214
71533937,42208
71540114,42214
71546346,42192
71552491,42200
71563908,42236
71570089,42236
71576264,42245
71582481,42254
71588722,42254
71594917,42263
71601840,42269
71608056,42270
71614237,42266
71620434,42280
71626639,42273
71632087,42281
71638361,42281
71644530,42277
71650700,42283
71656895,42277
71663075,42286
71669244,42278
71675422,42278
71681544,42275
71687756,42276
71699150,42124
71705316,42114
71711462,42117
71717657,42114
71723855,42110
71730025,42112
71736185,42116
71742387,42114
71747831,42101
71754006,42104
71760226,42111
71765459,42097
71771640,42097
71777804,42095
71783926,42094
71790113,42097
71796336,42094
71802558,42084
71809410,42091
71815696,42079
71821831,42080
71833489,41971
71839697,41977
71845829,41982
71852010,41982
71858227,41994
71871017,41996
71876487,42000
71882745,42003
71888973,42011
71895149,42011
71901415,42015
71907614,42018
71913773,42020
71919974,42018
71926137,42010
71932358,42018
71938481,42013
71944658,42012
71950859,42009
71962247,41929
71968443,41925
71974649,41929
71980863,41916
71987020,41996
71993223,41918
71999420,41920
72005625,41922
72011099,41924
72017336,41922
72023505,41928
72029716,41926
72034919,41931
72041081,41937
72047280,41935
72053472,41939
72059693,41948
72065883,41948
72072085,41949
72078308,41944
72084487,41961
72096110,42008
72102333,41998
72108524,41989
72114682,41997
72120835,41995
72127033,41993
72133234,41996
72139445,42001
72145607,41996
72151812,41995
72158080,42001
72164336,42001
72168787,42000
72175023,42008
72181255,41992
72187502,42005
72193720,42005
72199923,42004
72206128,42010
72212295,42011
72218498,42011
72224733,42004
72230907,42016
72237710,42023
72243855,42016
72250011,42013
72256179,42013
72262384,42005
72268553,42003
72274766,42001
72280921,42004
72286403,42004
72292615,42004
72298844,42004
72303265,42008
72309472,42006
72315658,42008
72321841,42010
72327976,42012
72334171,42006
72340366,42013
72346561,42003
72352770,42007
72358979,42006
72365177,42065
72371394,42060
72377559,42063
72383751,42055
72389926,42046
72396059,42044
72402266,42032
72408447,42029
72414683,42028
72420120,42018
72426370,42020
72432555,42016
72437764,42011
72443918,42007
72450720,42010
72456903,42005
72463082,42010
72469284,41999
72475493,42000
72481720,42000
72487881,41997
72494093,42007
72505749,42121
72511919,42124
72518061,42126
72524258,42130
72530430,42133
72536551,42134
72542759,42133
72548957,42137
72554173,42136
72560396,42133
72566552,42150
72572018,42151
72577212,42146
72583391,42147
72589535,42148
72595757,42158
72601920,42156
72608162,42153
72614395,42158
72620639,42162
72626893,42167
72633095,42164
72639326,42288
72645483,42277
72651662,42276
72658541,42273
72664757,42271
72670911,42270
72677094,42271
72683285,42264
72688744,42252
72694923,42254
72701111,42244
72707337,42235
72713483,42237
72719664,42240
72725818,42230
72732010,42226
72738213,42213
72744398,42215
72750523,42211
72756709,42204
72762933,42193
72769114,42193
72780516,42089
72786766,42090
72792980,42077
72799151,42086
72805337,42089
72811505,42074
72817698,42084
72823156,42078
72829351,42085
72835529,42091
72841719,42089
72846935,42091
72853086,42093
72859280,42092
72866031,42094
72872305,42099
72878487,42099
72884719,42096
72890913,42100
72897065,42101
72903237,42105
72914885,42077
72921062,42076
72927269,42100
72933508,42083
72939686,42081
72945852,42083
72952069,42092
72958288,42089
72964456,42084
72970576,42087
72976779,42092
72981968,42092
72987389,42092
72993542,42087
72999698,42081
73005899,42088
73012076,42079
73018317,42085
73024490,42088
73030629,42081
73036812,42076
73048178,42138
73054402,42147
73060572,42144
73066773,42156
73072922,42150
73079730,42159
73085902,42160
73092064,42162
73097486,42160
73103629,42164
73109818,42168
73121643,42170
73127881,42157
73134089,42168
73140267,42162
73146441,42164
73152630,42154
73158864,42157
73165076,42156
73171346,42154
73177552,42167
73183775,42164
73189978,42159
73196231,42150
73202412,42149
73208640,42153
73214862,42146
73221040,42135
73227199,42135
73233420,42142
73239631,42128
73245846,42125
73251293,42126
73256503,42130
73262700,42126
73268836,42129
73274981,42126
73281142,42130
73287353,42138
73294133,42136
73300409,42147
73306594,42143
73318213,42258
73324433,42268
73330527,42262
73336708,42267
73342898,42271
73349103,42273
73355344,42278
73361542,42280
73367107,42278
73373340,42279
73379502,42274
73385654,42276
73390851,42273
73396980,42273
73403151,42271
73409347,42262
73415514,42273
73421717,42264
73427916,42263
73434053,42272
73440265,42263
73451844,42375
73458049,42376
73464265,42381
73470463,42391
73476635,42394
73482836,42396
73489038,42405
73495250,42401
73501474,42410
73508365,42406
73514566,42415
73520798,42411
73525278,42427
73531499,42418
73537721,42420
73543933,42430
73550082,42430
73556299,42426
73562472,42436
73568684,42431
73574860,42441
73586446,42487
73592624,42487
73598807,42488
73605030,42494
73611253,42490
73617431,42491
73623581,42486
73629758,42488
73635971,42489
73641195,42485
73647377,42488
73653588,42497
73659783,42488
73665228,42493
73671472,42491
73677649,42489
73683830,42489
73690037,42483
73696236,42476
73702451,42471
73708594,42480
73720719,42333
73726962,42323
73733199,42313
73739418,42306
73745583,42298
73751816,42294
73758035,42283
73764243,42278
73770482,42274
73775959,42264
73782126,42262
73788348,42259
73794511,42255
73799004,42243
73805276,42238
73811488,42237
73817703,42229
73823932,42232
73830140,42225
73836378,42216
73842568,42217
73848804,42219
73854957,42262
73861177,42255
73867387,42249
73873603,42242
73879829,42231
73885977,42240
73892143,42231
73898343,42233
73904534,42225
73909988,42225
73916137,42217
73922375,42217
73929236,42205
73933716,42211
73939887,42220
73946060,42216
73952264,42209
73958459,42212
73964677,42208
73970868,42206
73976966,42210
73983134,42208
73989332,42188
73995499,42196
74001703,42200
74007921,42188
74014128,42204
74020318,42210
74026551,42197
74032807,42203
74038968,42198
74044417,42196
74050558,42205
74056756,42204
74062939,42210
74068146,42204
74074340,42199
74080490,42194
74086712,42190
74092914,42202
74099077,42199
74105291,42204
74111466,42211
74117698,42191
74129324,42201
74136092,42197
74142334,42186
74148538,42180
74154779,42181
74160986,42175
74167184,42171
74173389,42165
74178583,42161
74184807,42152
74190980,42147
74197127,42152
74202544,42154
74208683,42145
74214846,42146
74221056,42147
74227263,42152
74233467,42158
74239624,42154
74245809,42151
74251980,42146
74263347,42180
74269524,42178
74275752,42178
74281921,42174
74288112,42177
74294299,42176
74300543,42174
74306780,42180
74312918,42172
74319067,42180
74325281,42178
74331457,42180
74336853,42186
74343057,42179
74348902,42179
74355155,42184
74368032,42183
74374322,42184
74380619,42192
74392357,42307
74398590,42313
74404817,42322
74410997,42318
74417199,42317
74423430,42322
74429624,42319
74435821,42337
74442031,42331
74448239,42333
74454443,42336
74460628,42331
74466778,42342
74472991,42340
74478207,42331
74484421,42325
74490661,42326
74496855,42331
74503050,42327
74509271,42330
74515460,42321
74527099,42357
74533316,42368
74539497,42362
74545643,42380
74551819,42381
74557990,42378
74564866,42383
74571087,42385
74577308,42382
74583469,42382
74588625,42379
74594810,42385
74600969,42380
74606407,42376
74612635,42370
74617862,42364
74624050,42371
74630320,42360
74636567,42355
74642813,42346
74649051,42348
74655213,42351
74661392,42167
74667574,42167
74673819,42156
74679989,42157
74686181,42153
74692375,42147
74698567,42147
74704786,42132
74710965,42136
74717120,42127
74722531,42125
74728695,42130
74734881,42120
74741063,42120
74747268,42112
74752466,42102
74758682,42102
74764894,42098
74771037,42085
74777848,42086
74784030,42069
74790221,42076
74801816,42110
74808000,42113
74814194,42115
74820429,42124
74826613,42118
74832795,42113
74838999,42115
74845177,42108
74851372,42103
74856602,42099
74862795,42099
74868959,42080
74875105,42082
74880566,42071
74886741,42062
74892920,42053
74899111,42049
74905318,42030
74911523,42025
74917686,42021
74923862,42013
74935241,41971
74941404,41967
74947564,41966
74953788,41967
74959982,41958
74966185,41957
74972374,41956
74978572,41956
74985425,41959
74990911,41950
74997117,41944
75003363,41952
75009515,41954
75014721,41949
75020873,41948
75026362,41956
75032523,41954
75038753,41943
75044965,41954
75051155,41955
75057385,41952
75063556,41952
75069727,41950
75075895,41957
75082086,41951
75088296,41960
75094479,41954
75100633,41947
75106804,41942
75112999,41943
75119159,41945
75125383,41942
75131537,41945
75137697,41938
75143877,41931
75149087,41926
75155280,41921
75161479,41910
75167686,41918
75173885,41920
75180068,41915
75186217,41903
75192387,41899
75199133,41899
75210799,41909
75217014,41902
75223173,41900
75229426,41910
75235596,41909
75241806,41905
75248000,41900
75254172,41899
75260400,41902
75265591,41897
75271817,41894
75278009,41894
75284160,41882
75290368,41883
75296612,41877
75302076,41867
75308329,41868
75314500,41860
75320645,41869
75326832,41859
75333038,41863
75344464,41925
75350675,41928
75356870,41939
75362996,41949
75369169,41950
75375433,41962
75381691,41975
75387935,41972
75394175,41979
75399639,41982
75405836,41991
75412547,41999
75418740,42005
75423928,42010
75430093,42009
75436290,42013
75442473,42011
75448707,42014
75454923,42012
75461048,42003
75467220,42005
75478845,42006
75485033,42005
75491246,42014
75497453,42013
75503585,42019
75509766,42024
75515960,42031
75522122,42032
75528324,42034
75534466,42044
75540584,42033
75546761,42032
75552935,42033
75558131,42042
75564331,42038
75570515,42032
75576717,42030
75582901,42028
75589017,42031
75595173,42031
75601373,42031
75614405,41895
75620635,41898
75627514,41883
75633719,41885
75639936,41876
75646141,41870
75652390,41862
75658620,41850
75664842,41849
75670093,41848
75676241,41845
75682467,41836
75687891,41827
75694115,41821
75700322,41819
75706545,41811
75711755,41806
75717934,41799
75724079,41790
75730248,41780
75736441,41781
75748065,41890
75754271,41902
75760518,41887
75766660,41895
75772898,41898
75779078,41894
75785267,41889
75791457,41888
75797622,41890
75803795,41883
75809978,41882
75816179,41875
75822396,41864
75828565,41865
75835382,41871
75841577,41855
75846758,41857
75852946,41844
75859104,41843
75865285,41835
75871445,41838
75883078,41780
75889309,41774
75895476,41780
75901620,41782
75907812,41787
75914007,41781
75920156,41791
75926379,41797
75932594,41789
75938136,41795
75944370,41797
75950533,41794
75956741,41800
75962003,41804
75968247,41810
75974514,41817
75980750,41811
75986232,41813
75992445,41820
75998626,41813
76004828,41825
76016202,41769
76022398,41753
76028581,41753
76034822,41752
76040991,41753
76047863,41745
76054020,41748
76060154,41744
76066324,41745
76072518,41742
76078708,41753
76084917,41740
76091060,41746
76096534,41752
76102706,41742
76108893,41745
76115038,41750
76120222,41758
76126433,41751
76132581,41760
76138824,41752
76144950,41763
76151178,41718
76157374,41718
76163561,41717
76169782,41731
76175992,41722
76182192,41717
76188407,41725
76194584,41725
76200817,41722
76207011,41725
76212485,41726
76218705,41718
76224930,41728
76231152,41724
76237389,41731
76243616,41729
76249812,41726
76255825,41732
76261999,41732
76268181,41739
76274390,41739
76280507,41739
76291881,41831
76298072,41832
76304274,41834
76310518,41843
76316709,41847
76322919,41852
76329068,41864
76335253,41866
76341423,41879
76346840,41875
76353055,41881
76359298,41892
76365476,41893
76370654,41909
76376856,41913
76383019,41904
76389242,41909
76395501,41918
76401716,41924
76407937,41928
76414139,41931
76425778,41904
76431979,41889
76438162,41887
76444413,41881
76450636,41873
76456794,41872
76462939,41862
76469658,41859
76475839,41862
76481061,41862
76487276,41868
76493499,41869
76499714,41876
76505225,41879
76511461,41885
76517639,41896
76523832,41892
76529994,41897
76536168,41918
76542390,41919
76548528,41921
76559883,41931
76566045,41934
76572254,41916
76578451,41913
76584617,41908
76590826,41898
76597006,41898
76603196,41887
76609363,41879
76615554,41881
76621758,41867
76627927,41869
76634073,41860
76639521,41863
76645690,41865
76651884,41854
76658070,41854
76664292,41846
76670473,41843
76677246,41841
76683467,41842
76694857,41720
76701047,41713
76707236,41707
76713432,41714
76719613,41699
76725841,41705
76732092,41706
76738279,41700
76744481,41706
76750634,41708
76756096,41705
76762323,41702
76768500,41709
76773684,41724
76779877,41725
76786048,41732
76792202,41733
76798387,41741
76804549,41739
76810749,41741
76816898,41743
76828480,41788
76834635,41795
76840825,41786
76847045,41789
76859802,41791
76865947,41790
76872172,41785
76878324,41787
76884494,41789
76891339,41782
76897600,41784
76903835,41783
76909981,41779
76916135,41781
76922344,41782
76928529,41783
76934725,41782
76940931,41778
76946327,41779
76957803,41883
76963971,41877
76970118,41871
76976300,41880
76982482,41879
76988633,41878
76994822,41875
77000938,41882
77007093,41877
77013237,41886
77019440,41882
77024886,41881
77031068,41886
77037285,41879
77043514,41883
77049714,41880
77055996,41871
77062200,41874
77068407,41883
77074594,41868
77080758,41871
77092142,41841
77098337,41836
77105088,41841
77111255,41853
77117496,41848
77123742,41857
77129897,41866
77136064,41852
77142239,41855
77148432,41859
77154600,41860
77160049,41858
77166211,41863
77172412,41859
77177599,41858
77183834,41856
77190005,41860
77196183,41856
77202330,41861
77208538,41861
77214746,41856
77220924,41859
77227096,41877
77233310,41864
77239527,41872
77245711,41867
77251892,41866
77258052,41870
77264197,41874
77270369,41870
77276534,41867
77282733,41875
77288911,41872
77294391,41873
77300600,41873
77306747,41872
77312859,41884
77319054,41884
77325264,41883
77331457,41886
77337567,41898
77343712,41891
77349887,41893
77356104,41899
77367564,41902
77373769,41905
77379937,41898
77386126,41902
77392348,41899
77398547,41903
77404733,41899
77410908,41892
77417043,41895
77423233,41895
77428675,41892
77434850,41895
77441110,41899
77447372,41895
77453565,41902
77459780,41901
77466019,41901
77472184,41895
77478386,41905
77484559,41909
77490714,41916
77501469,42032
77507660,42029
77513875,42028
77520565,42024
77526802,42015
77532980,42019
77539127,42013
77545302,42005
77551468,42004
77557648,42003
77563072,41990
77569277,41985
77575479,41972
77581651,41976
77586881,41968
77593042,41965
77599206,41963
77605399,41968
77611594,41957
77617846,41963
77624015,41954
77634623,41969
77640847,41966
77647019,41957
77653205,41949
77659425,41946
77665642,41946
77671862,41973
77678084,41936
77684342,41930
77690587,41920
77696810,41916
77703013,41920
77709198,41922
77715423,41913
77720829,41908
77727026,41909
77733795,41901
77739936,41900
77746117,41897
77752354,41901
77758544,41905
77769198,41997
77775426,41998
77781632,41996
77787797,42002
77793978,42003
77800133,41998
77806364,42000
77812522,42007
77818683,42000
77824863,41987
77831085,41990
77836270,41988
77842486,41987
77848729,41987
77854939,41977
77860392,41977
77866614,41971
77872827,41966
77879015,41954
77885224,41960
77891468,41957
77897586,41948
77903767,41919
77909981,41926
77916158,41932
77922391,41928
77928547,41937
77934705,41937
77940880,41938
77947607,41934
77953782,41940
77960001,41933
77966186,41930
77971402,41943
77977549,41936
77983746,41940
77989942,41947
77996078,41946
78002242,41949
78008438,41950
78014591,41949
78020832,41958
78027006,41957
78033231,41964
78043913,41997
78050074,41996
78056255,42000
78062408,41994
78068569,41999
78074792,42006
78080933,41997
78087038,41990
78093231,41999
78106293,42005
78112542,42008
78118740,42012
78124915,42011
78131100,42016
78137302,42009
78143501,42016
78149662,42020
78155842,42015
78162612,42025
78174109,42092
78180409,42087
78186680,42088
78192907,42092
78199054,42096
78205218,42106
78211430,42105
78217595,42109
78223815,42105
78229991,42111
78236142,42105
78241545,42108
78247717,42100
78253913,42099
78259107,42098
78265288,42096
78271470,42094
78277614,42098
78283857,42099
78290044,42100
78296330,42098
78308037,42161
78314286,42164
78320537,42161
78326763,42161
78332945,42164
78339129,42159
78345303,42161
78351511,42157
78357695,42160
78363871,42163
78370590,42163
78375847,42158
78382018,42154
78388214,42153
78393611,42157
78399778,42149
78405969,42150
78412199,42148
78418424,42148
78424587,42151
78430756,42142
78442157,42174
78448355,42173
78454497,42158
78460723,42157
78466925,42152
78473045,42143
78479211,42132
78485418,42127
78491587,42136
78497815,42121
78504036,42116
78509468,42113
78515649,42101
78521867,42099
78528057,42087
78534250,42092
78540458,42088
78546625,42084
78552771,42079
78558958,42078
78565133,42072
78576569,41961
78583404,41952
78589622,41949
78595102,41949
78601321,41943
78607496,41947
78613613,41943
78619768,41931
78625929,41928
78632115,41920
78638331,41922
78643577,41920
78649821,41923
78656034,41922
78662256,41916
78667717,41920
78673925,41921
78680113,41914
78686263,41921
78692465,41914
78698597,41919
78704788,41924
78711057,42004
78717255,42005
78723510,42000
78729718,42000
78735930,41996
78742162,41998
78748347,41996
78754505,41998
78760731,42002
78766902,41996
78773096,42004
78778348,41992
78784523,41994
78791338,41991
78797567,41985
78802991,41988
78809177,41981
78815425,41989
78821593,41985
78827793,41979
78833972,41975
78840215,41983
78851669,41948
78857907,41949
78864075,41961
78869513,41962
78875652,41966
78881871,41962
78888062,41957
78894303,41972
78900529,41969
78906749,41976
78912960,41985
78919175,41980
78925364,41982
78931545,41983
78936747,41982
78942956,41983
78949084,41980
78955263,41976
78961484,41981
78967642,41977
78973859,41981
78985465,41940
78991626,41931
78997807,41934
79004531,41931
79010728,41937
79016892,41944
79023111,41935
79029250,41929
79035470,41929
79041660,41930
79047860,41928
79053061,41927
79059239,41928
79065472,41922
79071641,41925
79077877,41925
79084015,41931
79090159,41923
79096370,41922
79102554,41904
79108786,41925
79120428,41924
79126629,41925
79132801,41936
79139038,41938
79145269,41944
79151494,41954
79157708,41968
79163931,41973
79170227,41980
79176455,41988
79182654,42009
79187921,42009
79194114,42019
79200259,42024
79206414,42030
79211831,42035
79218645,42049
79224839,42050
79231076,42059
79237272,42078
79243491,42080
79254857,42050
79261077,42053
79267250,42056
79273481,42063
79279652,42075
79285867,42074
79292019,42080
79298218,42090
79304394,42090
79310584,42100
79316811,42096
79322263,42102
79328466,42105
79334608,42113
79340772,42114
79353581,42122
79359854,42123
79366116,42115
79372348,42121
79383797,42155
79390036,42154
79396258,42149
79402430,42160
79408605,42155
79414852,42158
79421027,42161
79427247,42151
79434016,42158
79440236,42163
79446438,42163
79451869,42167
79458089,42156
79464329,42155
79470521,42158
79476715,42154
79481885,42155
79488043,42148
79494208,42145
79500426,42141
79506594,42135
79518203,42027
79524448,42026
79530621,42029
79536846,42026
79543061,42023
79549263,42019
79555518,42010
79561734,42011
79567945,42011
79574161,42004
79580401,42007
79585623,41999
79591875,41994
79598032,41991
79604209,41988
79610390,41984
79615826,41992
79622042,41990
79628212,41984
79634442,41978
79640615,41979
79652757,41971
79658982,41967
79665196,41964
79671403,41970
79677578,41972
79683771,41970
79689957,41961
79695385,41973
79701538,41963
79707668,41969
79713879,41973
79720081,41971
79726289,41975
79732469,41973
79738615,41974
79744836,41968
79750065,41969
79756326,41959
79762533,41966
79768784,41960
79775007,41968
79786624,41979
79792825,41978
79799007,41975
79805185,41981
79811255,41977
79817453,41976
79823591,41978
79829765,41965
79834964,41977
79841159,41971
79847354,41973
79854139,41974
79859596,41969
79865761,41965
79871961,41961
79878155,41967
79883363,41963
79889553,41961
79895732,41963
79901960,41956
79908144,41965
79914397,41962
79926045,42041
79932218,42049
79938403,42044
79944549,42048
79950695,42047
79956887,42039
79963086,42047
79968307,42045
79974506,42043
79980688,42043
79986900,42039
79993060,42050
79998502,42048
80004616,42053
80010794,42063
80016993,42057
80022190,42062
80028392,42057
80034557,42068
80040775,42064
80046961,42071
80058575,42070
80064744,42076
80071558,42078
80077718,42074
80083883,42072
80090022,42077
80096213,42081
80102447,42067
80107649,42066
80113835,42074
80119985,42061
80126218,42064
80131658,42057
80137805,42049
80143996,42045
80150171,42040
80155396,42042
80161528,42040
80167740,42033
80173975,42033
80180131,42027
80186318,42024
80192511,42056
80198706,42052
80204907,42052
80211099,42048
80217268,42054
80223458,42051
80229630,42057
80235853,42064
80241329,42063
80247523,42055
80253701,42061
80259897,42058
80266077,42065
80272260,42062
80279078,42062
80285335,42073
80290569,42077
80296765,42083
80302940,42085
80309101,42086
80315278,42090
80321467,42099
80333101,42127
80339261,42124
80345462,42122
80351612,42126
80357752,42124
80363938,42126
80370128,42126
80375328,42123
80381566,42128
80387783,42119
80393973,42121
80400102,42118
80405573,42119
80411712,42121
80417918,42127
80424093,42130
80430264,42131
80436469,42134
80442636,42144
80448826,42143
80455044,42150
80466427,42101
80472590,42102
80478758,42099
80484985,42093
80491814,42080
80497983,42082
80504124,42075
80510307,42078
80516499,42062
80522714,42067
80528975,42065
80535218,42058
80540707,42063
80546911,42060
80553160,42067
80559400,42063
80564593,42064
80570817,42052
80577009,42063
80583197,42056
80596197,41960
80602453,41957
80608722,41955
80614918,41954
80621085,41949
80627270,41955
80633480,41943
80639616,41946
80645806,41945
80652008,41953
80658204,41948
80664447,41947
80669640,41941
80675843,41940
80682020,41935
80688186,41933
80693642,41937
80699804,41937
80706654,41943
80712889,41943
80719142,41936
80725359,41939
80736759,41951
80742965,41953
80749147,41962
80755365,41959
80761518,41955
80767693,41966
80773934,41964
80780078,41966
80786262,41966
80792493,41969
80798666,41965
80804134,41966
80810329,41969
80816554,41962
80822721,41961
80827948,41972
80834086,41971
80840282,41967
80846483,41976
80852645,41970
80858877,41974
80870456,42016
80876609,42014
80882713,42016
80888914,42013
80895133,42027
80901359,42023
80907578,42027
80913798,42020
80920680,42031
80926884,42019
80933093,42025
80938286,42021
80944490,42025
80950671,42025
80956902,42024
80963055,42030
80969216,42020
80975406,42024
80981626,42022
80987866,42009
80994068,42024
81005741,41987
81011929,41981
81018128,41971
81024364,41972
81030535,41974
81036663,41973
81042852,41974
81049028,41961
81055232,41966
81061458,41957
81067618,41967
81072806,41957
81078956,41961
81085171,41965
81091350,41961
81097520,41968
81102955,41965
81109138,41965
81115384,41968
81121573,41966
81128441,41964
81139951,42077
81146176,42095
81152356,42086
81158572,42088
81164771,42089
81171016,42083
81177270,42085
81183456,42078
81189661,42084
81195904,42081
81201346,42078
81207534,42072
81213644,42071
81219822,42073
81225973,42072
81232195,42076
81237394,42064
81243557,42075
81249776,42068
81255975,42065
81262128,42066
81273717,42127
81279891,42131
81286075,42135
81292251,42138
81298450,42133
81304612,42139
81310762,42146
81316978,42138
81323199,42148
81329435,42146
81335585,42151
81342458,42146
81347673,42153
81353892,42149
81360106,42147
81366331,42154
81371826,42144
81378079,42150
81384257,42147
81390499,42149
81396657,42157
81408073,42235
81414259,42245
81420455,42246
81426630,42249
81432832,42250
81438984,42252
81445176,42246
81451378,42255
81457589,42259
81463780,42249
81470009,42260
81476167,42255
81480926,42244
81487102,42245
81493286,42245
81499491,42240
81505669,42242
81511873,42236
81518074,42225
81524261,42220
81530478,42221
81536670,42208
81542858,42084
81549566,42086
81555757,42075
81561936,42076
81568128,42073
81574338,42068
81580549,42061
81586730,42061
81592917,42054
81599110,42053
81605274,42044
81611457,42040
81615884,42022
81622067,42025
81628241,42023
81634472,42019
81640612,42012
81645791,42003
81651975,42006
81658159,42000
81664407,42002
81670650,42002
81682366,42027
81688599,42025
81694779,42020
81700952,42024
81707177,42016
81713404,42019
81719565,42022
81725742,42025
81731932,42017
81738129,42022
81744361,42030
81749584,42020
81755035,42018
81761839,42021
81767993,42019
81774188,42018
81780370,42031
81786572,42017
81792739,42024
81798924,42023
81805114,42017
81816506,41991
81822692,41991
81828934,41995
81841664,42005
81847935,42007
81854118,42011
81860360,42010
81866559,42016
81872806,42020
81879003,42025
81883773,42021
81889943,42030
81896150,42038
81902358,42033
81908571,42043
81914743,42038
81920887,42034
81927082,42044
81933245,42048
81939467,42051
81945632,42062
81951794,42062
81957957,42063
81964142,42065
81970332,42051
81977226,42053
81983461,42053
81989630,42055
81995853,42058
82002049,42053
82008225,42054
82014425,42056
82020584,42055
82026736,42049
82032912,42059
82039111,42059
82045248,42062
82051487,42061
82057656,42062
82063857,42073
82070052,42068
82076235,42068
82087619,42086
82093830,42088
82099994,42099
82106115,42089
82112262,42090
82118433,42099
82124634,42098
82130888,42086
82137112,42106
82143303,42107
82149574,42101
82154424,42111
82160630,42106
82166807,42111
82172984,42106
82179193,42115
82186012,42117
82191229,42120
82197389,42118
82203593,42119
82209802,42120
82221475,42185
82227625,42192
82233777,42183
82239939,42184
82246166,42187
82252376,42182
82258584,42180
82264766,42186
82270950,42181
82277180,42183
82283395,42184
82288591,42183
82294041,42180
82300214,42178
82306410,42179
82312601,42168
82318759,42166
82324976,42166
82330212,42169
82336393,42165
82342604,42162
82348789,42156
82354976,42216
82361118,42219
82367304,42219
82373489,42210
82379675,42215
82385913,42211
82392082,42213
82398930,42203
82405127,42202
82411313,42202
82417465,42206
82422875,42207
82428082,42201
82434338,42206
82440555,42208
82446725,42214
82452931,42215
82459122,42210
82464546,42217
82470709,42225
82476906,42232
82483076,42231
82494389,42243
82500572,42236
82506809,42230
82512984,42227
82519178,42219
82525441,42221
82531655,42226
82537861,42215
82544061,42225
82550265,42222
82556469,42223
82561958,42218
82568125,42212
82574289,42210
82580519,42216
82586673,42212
82592876,42208
82598090,42200
82604280,42195
82611038,42191
82617201,42188
82628815,42046
82635016,42037
82641209,42038
82647402,42041
82653567,42049
82659741,42046
82665937,42052
82672120,42034
82678321,42036
82684520,42033
82690655,42037
82695832,42028
82701990,42031
82708135,42030
82714317,42025
82720505,42021
82726716,42016
82732196,42017
82738398,42012
82744565,42007
82750696,42011
82756838,42010
82762980,42088
82769194,42083
82775304,42097
82781547,42086
82787749,42096
82793925,42110
82800102,42110
82806282,42106
82812516,42107
82819376,42113
82825586,42115
82830810,42120
82837055,42119
82842487,42127
82848616,42128
82854779,42138
82861004,42135
82867173,42131
82873407,42141
82879566,42140
82885654,42140
82891819,42140
82903181,42153
82909398,42163
82915642,42161
82921886,42179
82928130,42180
82934387,42186
82940671,42187
82946891,42195
82953032,42193
82959224,42183
82964643,42203
82970793,42197
82976971,42192
82983138,42204
82989372,42198
82995583,42201
83001784,42206
83007003,42205
83013128,42209
83019288,42212
83025478,42199
83037664,42186
83043853,42172
83050052,42162
83056210,42159
83062430,42148
83068624,42138
83074804,42135
83087546,42143
83092966,42131
83099239,42132
83105485,42120
83111673,42124
83116887,42115
83123092,42115
83129351,42108
83135560,42105
83141744,42118
83147962,42117
83154096,42117
83160282,42124
83166477,42262
83172627,42259
83178894,42266
83185142,42257
83191396,42259
83197652,42265
83203932,42251
83210125,42261
83216275,42253
83222482,42257
83227905,42254
83234096,42246
83240270,42247
83247111,42247
83253292,42245
83259475,42237
83265668,42250
83271828,42238
83277041,42252
83283236,42243
83289433,42243
83295606,42245
83307252,42332
83313511,42334
83319666,42334
83325875,42344
83332091,42352
83338310,42346
83344538,42358
83350657,42356
83356823,42355
83362029,42358
83368186,42361
83374372,42362
83380583,42366
83386755,42356
83392266,42360
83398492,42360
83404736,42359
83409974,42354
83416170,42363
83422394,42359
83428573,42357
83434760,42356
83440938,42471
83447088,42467
83453309,42483
83460071,42495
83466281,42496
83472526,42501
83478734,42499
83484961,42499
83491178,42509
83496664,42502
83502854,42500
83509066,42503
83515206,42498
83521430,42495
83526663,42495
83532857,42485
83539050,42475
83544481,42474
83550640,42460
83556763,42456
83562955,42451
83569141,42441
83580532,42260
83586712,42256
83592948,42253
83599109,42266
83605310,42262
83611493,42268
83617704,42260
83623912,42261
83630122,42264
83635539,42252
83641667,42254
83647838,42255
83654023,42246
83660204,42237
83666411,42235
83673272,42229
83679521,42228
83685703,42217
83691894,42212
83698086,42211
83704245,42210
83715675,42094
83721868,42105
83728081,42097
83734244,42093
83740431,42091
83746611,42080
83752817,42080
83759002,42079
83765109,42069
83771283,42067
83777457,42072
83783660,42064
83789857,42061
83796054,42066
83801465,42066
83807648,42062
83813843,42063
83819028,42064
83825173,42060
83831352,42062
83837526,42061
83849144,42091
83855330,42093
83861558,42100
83867698,42102
83873921,42095
83880687,42103
83886909,42103
83893143,42099
83899317,42105
83905499,42099
83911655,42105
83917828,42106
83924009,42109
83930206,42104
83935398,42114
83941621,42101
83947827,42110
83953297,42092
83959504,42101
83965656,42090
83971804,42098
83983184,42100
83989352,42098
83995509,42106
84001707,42104
84007931,42103
84014105,42109
84020250,42106
84026406,42109
84032569,42105
84038810,42107
84044991,42113
84051154,42121
84057360,42113
84063563,42117
84069758,42117
84075242,42109
84081455,42117
84087654,42122
84094539,42119
84100755,42121
84106982,42114
84118427,42089
84124617,42094
84130854,42087
84137076,42090
84143245,42091
84149453,42093
84155590,42082
84161802,42085
84168014,42074
84174160,42078
84180333,42075
84185788,42069
84192007,42066
84198222,42071
84204449,42072
84209641,42067
84215859,42063
84222033,42068
84227454,42066
84233628,42076
84239801,42081
84245997,42088
84252192,42045
84258411,42046
84264609,42044
84270816,42047
84276968,42042
84283162,42042
84289322,42045
84295490,42046
84302311,42045
84308546,42042
84314724,42052
84319894,42058
84326078,42062
84338192,42058
84344478,42071
84350666,42061
84356879,42078
84363043,42082
84369205,42090
84375405,42090
84386802,42112
84393061,42109
84399240,42117
84405468,42118
84411714,42126
84417969,42137
84424146,42143
84430405,42150
84436571,42166
84442761,42167
84448249,42182
84454459,42180
84460698,42200
84466884,42202
84473060,42200
84479250,42197
84485431,42212
84491594,42209
84496746,42207
84502970,42201
84509153,42209
84515347,42199
84522099,42095
84528265,42098
84534432,42090
84540650,42094
84546901,42096
84553061,42084
84559201,42089
84565350,42092
84571555,42076
84577710,42087
84583205,42086
84589456,42076
84595669,42071
84601854,42065
84608060,42063
84613267,42061
84619469,42057
84625596,42057
84631027,42052
84637211,42049
84643418,42046
84649593,42038
84661006,42009
84667231,42017
84673499,42023
84679696,42028
84685933,42022
84692084,42024
84698236,42031
84704414,42026
84710639,42033
84716831,42032
84723038,42038
84729860,42046
84736056,42043
84742214,42035
84748421,42040
84754596,42046
84760763,42035
84766224,42045
84772425,42046
84778612,42042
84784769,42047
84796192,41984
84802380,41991
84808564,41984
84814736,41986
84820944,41973
84827125,41983
84833225,41989
84839460,41986
84845698,41979
84851966,41983
84857452,41986
84863674,41984
84869911,41989
84876096,41983
84882323,41987
84888512,41979
84894678,41988
84899889,41986
84906035,41983
84912167,41988
84918349,41993
84929959,42040
84936172,42042
84942973,42045
84949156,42050
84955342,42039
84961563,42039
84967681,42035
84973864,42042
84980061,42036
84986198,42028
84991416,42032
84997587,42026
85003750,42027
85009930,42024
85016103,42019
85022272,42019
85028428,42016
85034581,42022
85040739,42017
85046940,42007
85053112,42016
85064726,42038
85070875,42033
85077093,42025
85083275,42033
85089508,42034
85095702,42032
85101875,42033
85108059,42029
85114228,42033
85120429,42028
85126617,42031
85132774,42030
85138951,42032
85145173,42038
85151983,42029
85158214,42035
85164413,42040
85169616,42040
85175042,42033
85181229,42034
85187423,42045
85198922,42055
85205117,42058
85211312,42062
85217539,42062
85223672,42061
85229855,42065
85236020,42062
85242139,42065
85248313,42062
85254521,42065
85260717,42062
85266206,42063
85272434,42069
85278623,42071
85284777,42062
85290958,42071
85297123,42070
85303316,42068
85307808,42077
85313986,42077
85320098,42074
85326304,42088
85337953,42151
85344116,42147
85350295,42136
85356503,42130
85363297,42128
85369528,42129
85375709,42122
85381878,42123
85388072,42117
85394333,42112
85400536,42106
85406744,42111
85412955,42114
85419156,42119
85425320,42122
85431517,42122
85437663,42135
85443185,42146
85449434,42152
85455632,42147
85461851,42159
85468021,42073
85474227,42067
85480474,42060
85486678,42063
85492860,42051
85499058,42055
85505251,42051
85511438,42054
85517629,42047
85523773,42049
85529969,42060
85536144,42050
85541356,42052
85547555,42056
85553742,42049
85559940,42048
85566095,42053
85579503,42057
85585728,42057
85592003,42048
85603616,41935
85609778,41934
85615978,41936
85622227,41938
85628460,41945
85634657,41940
85640855,41936
85647050,41931
85653237,41931
85659448,41940
85665636,41933
85670853,41932
85677042,41935
85683203,41938
85689464,41936
85695633,41931
85701803,41931
85708004,41930
85712796,41933
85718949,41929
85725144,41928
85736574,41874
85742767,41874
85748987,41869
85755208,41863
85761423,41870
85767575,41856
85773718,41849
85779912,41851
85786711,41845
85792977,41844
85799200,41843
85804645,41846
85810841,41854
85817056,41851
85823306,41849
85829497,41860
85835630,41849
85841762,41852
85846961,41856
85853161,41855
85859346,41861
85865573,41856
85871822,41922
85878008,41924
85884152,41922
85890341,41929
85896522,41930
85902681,41926
85908889,41917
85915059,41924
85921151,41922
85927318,41924
85933508,41919
85938974,41908
85945230,41913
85951510,41913
85957746,41915
85963939,41905
85970129,41897
85976310,41904
85981526,41894
85986972,41893
85993198,41893
86000025,41892
86011499,41949
86017686,41957
86023957,41951
86030122,41946
86036314,41950
86042528,41948
86048698,41963
86054901,41948
86061105,41959
86067294,41964
86072717,41960
86078926,41960
86085123,41954
86091339,41962
86097556,41958
86103731,41957
86109907,41957
86116124,41960
86122343,41965
86128569,41959
86134684,41959
86146052,41998
86152232,42004
86158426,42001
86164588,42012
86170744,42018
86176946,42025
86183108,42030
86189267,42029
86195456,42041
86201623,42045
86208403,42056
86214657,42065
86220863,42063
86227096,42062
86233247,42070
86239433,42079
86245633,42073
86251801,42088
86257251,42082
86262447,42084
86268609,42093
86280187,42091
86286403,42092
86292608,42086
86298816,42089
86305039,42096
86311205,42095
86317401,42102
86323611,42097
86329761,42100
86335956,42102
86342147,42106
86347358,42103
86353560,42100
86359751,42102
86365937,42104
86372082,42103
86378269,42092
86384449,42104
86390650,42092
86396853,42090
86403046,42088
86414620,42156
86421440,42154
86427640,42141
86433821,42152
86439968,42144
86446155,42141
86452320,42138
86458562,42136
86464730,42131
86470912,42114
86477117,42130
86482337,42126
86488565,42116
86494746,42113
86500960,42108
86507132,42103
86513321,42100
86519510,42097
86525715,42094
86531149,42085
86537335,42094
86548770,41949
86554973,41943
86561154,41944
86567297,41942
86573500,41934
86579728,41942
86585934,41929
86592181,41927
86598461,41931
86604710,41928
86610938,41924
86616423,41928
86622615,41918
86628757,41917
86635582,41917
86641804,41911
86648014,41915
86654210,41910
86660392,41905
86665639,41901
86671860,41905
86677326,41900
86683545,41919
86689698,41920
86695853,41923
86702018,41909
86708188,41906
86714344,41899
86720554,41893
86726719,41900
86732903,41894
86739063,41893
86745252,41887
86750473,41884
86756677,41880
86762870,41873
86769058,41871
86775265,41866
86781445,41869
86787638,41881
86793849,41873
86799299,41874
86805546,41865
86811740,41868
86816938,41871
86830007,41818
86836236,41810
86842457,41813
86849346,41819
86855547,41810
86861709,41812
86867894,41810
86874101,41804
86880311,41804
86886562,41797
86892719,41806
86898957,41800
86905140,41803
86911328,41812
86917546,41803
86923710,41808
86928921,41802
86935111,41807
86941281,41813
86946709,41817
86958091,41837
86964250,41833
86970445,41844
86976620,41854
86982798,41854
86989019,41856
86995132,41852
87001281,41861
87007455,41858
87013658,41870
87019924,41860
87026102,41865
87032302,41869
87038501,41868
87044687,41870
87050907,41868
87057711,41867
87063234,41861
87069438,41867
87075615,41857
87080809,41861
87092498,41896
87098652,41899
87104841,41894
87111013,41892
87117183,41886
87123368,41882
87129592,41879
87135733,41884
87141898,41867
87148044,41866
87154252,41868
87159457,41868
87165642,41871
87171851,41856
87178035,41856
87184218,41850
87190391,41842
87196576,41852
87202001,41846
87208215,41845
87214421,41849
87219656,41842
87225850,41891
87232069,41890
87238186,41896
87244388,41899
87250556,41906
87256718,41900
87262933,41913
87269717,41912
87275971,41917
87282155,41928
87288348,41926
87293796,41940
87299944,41946
87306074,41954
87312249,41961
87318432,41955
87324624,41976
87330757,41975
87335977,41982
87342149,41990
87348345,41995
87353789,42001
87359987,41996
87366170,42010
87372311,42020
87378484,42015
87384660,42015
87390851,42018
87397019,42024
87403207,42026
87409444,42022
87415629,42015
87421802,42011
87428013,42007
87434194,42007
87440349,41994
87446581,42002
87452727,41986
87458893,41983
87465074,41972
87470258,41966
87476452,41949
87483240,41963
87488678,41946
87494857,41947
87506207,41857
87512389,41852
87518563,41848
87524710,41844
87530953,41841
87537118,41836
87543291,41838
87549512,41840
87555708,41825
87561918,41814
87568056,41821
87574180,41814
87580350,41812
87586551,41802
87592717,41813
87598904,41809
87604340,41806
87610559,41794
87616747,41794
87622953,41796
87629175,41793
87640627,41799
87646864,41799
87653068,41800
87659218,41793
87665405,41803
87671604,41802
87677790,41808
87683991,41798
87690756,41804
87697017,41800
87703146,41807
87708564,41809
87714703,41796
87720853,41795
87727035,41790
87733259,41800
87738458,41793
87744683,41785
87750915,41790
87757082,41786
87763236,41787
87774851,41731
87781024,41731
87787222,41728
87793435,41733
87799621,41734
87805759,41736
87811948,41742
87818142,41740
87824308,41743
87830520,41740
87836709,41745
87841916,41747
87848105,41745
87854291,41747
87860522,41756
87866728,41757
87872952,41758
87879182,41755
87885373,41766
87891589,41781
87897787,41770
87909287,41813
87915511,41815
87921654,41822
87927852,41813
87934038,41819
87940217,41815
87946427,41811
87952623,41809
87958772,41811
87964973,41809
87971133,41811
87976324,41813
87982483,41813
87988658,41815
87994849,41812
88001039,41820
88007194,41815
88012639,41821
88018756,41821
88024947,41824
88031111,41829
88037284,41833
88048014,41832
88054141,41834
88060317,41838
88073169,41839
88079464,41843
88085757,41846
88092017,41848
88098228,41840
88104489,41848
88109999,41850
88116221,41851
88122999,41852
88129164,41853
88135352,41852
88141558,41854
88147778,41863
88153966,41851
88160170,41860
88166356,41863
88177079,41919
88183215,41920
88189393,41921
88195598,41925
88201764,41926
88207985,41930
88214163,41928
88220342,41925
88226545,41931
88232764,41937
88238984,41932
88244429,41937
88250636,41929
88256786,41943
88262971,41934
88269150,41936
88275365,41932
88281602,41931
88287829,41939
88294090,41940
88300362,41942
88311125,41974
88317345,41964
88323599,41968
88330405,41968
88336611,41958
88342771,41953
88349008,41959
88355186,41961
88361362,41951
88367599,41954
88373754,41947
88379182,41954
88385341,41950
88391575,41952
88397779,41947
88403973,41958
88410189,41969
88416395,41974
88421671,41978
88427888,41990
88434088,41997
88444676,41935
88450886,41931
88457090,41946
88463237,41946
88469399,41941
88475640,41953
88481782,41960
88488011,41962
88494228,41963
88500505,41966
88506729,41969
88512211,41969
88518464,41969
88524683,41968
88530840,41959
88536996,41958
88543718,41959
88549918,41952
88556102,41948
88562302,41943
88568571,41935
88579171,41763
88585309,41755
88591513,41759
88597666,41756
88603824,41752
88610026,41747
88616233,41750
88622387,41744
88628622,41751
88634755,41742
88640919,41739
88647177,41732
88653400,41733
88659616,41738
88665820,41728
88672075,41736
88678360,41737
88684589,41747
88690818,41750
88696019,41750
88702212,41754
88713830,41702
88719960,41694
88726146,41696
88732323,41692
88738556,41693
88744735,41691
88750943,41688
88757742,41695
88763927,41697
88770079,41688
88776294,41689
88782490,41685
88787726,41693
88793953,41688
88800169,41689
88806310,41689
88812492,41677
88818709,41681
88824936,41694
88830349,41687
88836559,41699
88847957,41685
88854106,41695
88860256,41694
88866446,41700
88872651,41697
88878862,41705
88885066,41704
88891239,41703
88897406,41712
88903616,41709
88909794,41711
88916010,41711
88921461,41713
88927637,41706
88933792,41709
88940065,41713
88946324,41703
88952555,41709
88958808,41704
88965669,41715
88971859,41713
88983181,41653
88989364,41651
88994792,41646
89000982,41640
89007187,41645
89013448,41633
89019668,41639
89025811,41630
89031983,41631
89038199,41643
89044342,41639
89050561,41646
89055760,41646
89062002,41642
89068108,41643
89074258,41648
89080470,41645
89086660,41651
89092889,41653
89099097,41658
89105199,41656
89116762,41734
89122941,41730
89129112,41728
89135310,41722
89141524,41729
89147672,41735
89153831,41729
89160044,41727
89166226,41728
89172449,41731
89179235,41726
89185453,41726
89190641,41737
89196813,41741
89203021,41740
89209183,41738
89215388,41733
89221602,41737
89227810,41749
89234034,41741
89239479,41736
89250814,41814
89257058,41815
89263205,41822
89269376,41820
89275578,41821
89281758,41823
89288005,41834
89294209,41834
89300368,41832
89306572,41839
89319568,41843
89325787,41841
89332069,41849
89338259,41850
89344507,41849
89350701,41867
89356910,41863
89363099,41861
89368309,41864
89374549,41865
89380722,41902
89386949,41906
89393765,41921
89399256,41927
89405478,41933
89411693,41945
89417920,41943
89424128,41958
89430391,41961
89436607,41966
89442815,41968
89448992,41964
89455223,41972
89460414,41976
89466616,41972
89472732,41967
89478932,41977
89485158,41979
89491305,41973
89497540,41971
89502973,41967
89509138,41971
89520554,41783
89526756,41783
89532964,41783
89538442,41786
89544691,41789
89550823,41799
89556974,41799
89563147,41801
89569337,41806
89575574,41816
89581729,41827
89587876,41816
89593068,41832
89599220,41836
89606003,41839
89612206,41849
89618392,41858
89624603,41849
89630765,41854
89637026,41862
89643196,41857
89654765,41642
89660916,41652
89667080,41670
89672282,41676
89678496,41692
89684683,41704
89690881,41719
89697058,41731
89703209,41738
89709391,41742
89715589,41752
89721751,41762
89727969,41766
89734159,41766
89740300,41773
89746487,41779
89752645,41780
89758816,41779
89765077,41771
89771198,41776
89776654,41770
89782791,41772
89788991,41657
89795221,41655
89801457,41656
89806689,41650
89813563,41651
89819825,41655
89826026,41657
89832208,41654
89838436,41658
89844656,41663
89850811,41677
89857044,41677
89863224,41671
89868665,41687
89874780,41684
89880970,41683
89887185,41694
89893392,41694
89899595,41705
89905779,41710
89911011,41713
89917134,41713
89928761,41678
89934973,41675
89941226,41679
89946442,41682
89952707,41679
89958956,41681
89965192,41686
89971375,41679
89977562,41687
89983732,41680
89989925,41692
89996139,41688
90002271,41695
90008455,41701
90014651,41699
90020838,41704
90027709,41710
90033959,41708
90040115,41713
90046282,41714
90052443,41709
90064126,41773
90070374,41775
90076607,41776
90082818,41779
90089047,41784
90095258,41787
90101429,41797
90107654,41794
90113808,41811
90119978,41829
90126213,41841
90132382,41854
90138582,41849
90143814,41868
90150029,41869
90156177,41875
90162388,41887
90168600,41886
90174771,41881
90180219,41884
90186373,41893
90197833,41960
90204034,41950
90210215,41954
90216408,41965
90221835,41973
90227997,41975
90234190,41980
90240933,41975
90247101,41979
90253286,41987
90259498,41983
90265678,41978
90271842,41981
90277408,41984
90283623,41983
90289760,41985
90295965,41980
90302166,41984
90308357,41983
90314599,41979
90320704,41979
90332071,41982
90338202,41966
90344393,41968
90350641,41956
90356161,41953
90362434,41942
90368705,41933
90374968,41929
90381192,41921
90387353,41906
90393595,41913
90399751,41910
90405889,41909
90411127,41911
90417300,41906
90423476,41897
90429686,41889
90435895,41898
90442146,41906
90448927,41899
90455104,41909
90466690,41947
90472889,41944
90479084,41937
90485227,41943
90490451,41933
90496648,41937
90502843,41928
90509042,41923
90515213,41930
90521365,41922
90527582,41918
90533789,41914
90540036,41914
90545531,41920
90551764,41914
90564593,41910
90570809,41907
90577107,41913
90583338,41907
90589600,41904
90595765,41912
90601961,41907
90608144,41916
90614315,41914
90619777,41914
90625969,41916
90632191,41912
90638399,41914
90644606,41919
90650758,41914
90656875,41912
90663690,41913
90669867,41912
90675092,41918
90681284,41921
90687462,41927
90693639,41923
90699803,41914
90706042,41927
90712199,41936
90718399,41934
90723899,41936
90735270,41931
90741447,41920
90747662,41920
90753855,41913
90759309,41909
90765507,41910
90771652,41900
90777797,41891
90783998,41886
90790150,41883
90796328,41879
90802497,41879
90808675,41872
90814838,41858
90821038,41855
90827236,41852
90833403,41858
90839623,41847
90845795,41851
90851994,41847
90858174,41847
90864366,41832
90870556,41835
90877381,41830
90883606,41836
90889756,41837
90895936,41832
90902114,41833
90908287,41835
90914472,41837
90920688,41841
90926846,41835
90933016,41835
90939215,41835
90945428,41846
90950637,41839
90956813,41845
90963033,41839
90969212,41838
90975383,41838
90981546,41842
90987704,41847
90993878,41848
91004541,41840
91010741,41841
91016938,41846
91023123,41847
91029315,41841
91034759,41848
91040923,41844
91047094,41844
91053290,41850
91059503,41846
91065685,41851
91071856,41855
91078132,41858
91084043,41853
91090292,41849
91096545,41851
91102768,41851
91109003,41853
91115192,41849
91121371,41846
91127512,41858
91132935,41850
91139112,41953
91145274,41941
91151469,41950
91157673,41949
91163902,41952
91169115,41956
91175300,41956
91181514,41956
91187670,41955
91193848,41962
91200042,41965
91206211,41967
91212397,41967
91217810,41961
91223980,41968
91230208,41960
91236418,41956
91242623,41949
91248765,41954
91254929,41943
91261116,41950
91267312,41947
91278701,42036
91284918,42051
91291154,42051
91298067,42053
91303522,42050
91309749,42060
91315900,42052
91322074,42058
91328255,42061
91334437,42064
91340631,42063
91346823,42069
91352045,42063
91358233,42068
91364413,42062
91370676,42073
91376921,42075
91383135,42080
91389278,42080
91395436,42092
91401644,42089
91407084,42089
91413277,42376
91419469,42379
91425686,42375
91431811,42377
91438020,42380
91444225,42378
91450432,42379
91456638,42386
91462806,42385
91468982,42387
91475136,42388
91481337,42411
91486527,42422
91492699,42421
91498891,42430
91505725,42430
91511979,42439
91518119,42443
91524260,42450
91530429,42458
91536612,42461
91542023,42470
91553404,42246
91559616,42249
91565840,42255
91572050,42249
91578255,42246
91584449,42263
91590624,42265
91596803,42277
91603028,42284
91609179,42443
91615375,42313
91621568,42332
91627758,42346
91633985,42372
91640178,42394
91646400,42420
91652566,42439
91658708,42464
91664855,42495
91671073,42523
91676522,42568
91688004,43454
91694210,43470
91700436,43492
91706658,43519
91712847,43543
91718945,43564
91725115,43589
91731294,43606
91737479,43630
91743739,43651
91749872,43674
91756068,43699
91761323,43720
91767513,43740
91773701,43763
91779918,43791
91786096,43810
91792216,43834
91798399,43861
91816670,44584
91822921,44589
91829160,44608
91835316,44621
91841515,44630
91847697,44639
91853957,44648
91860152,44657
91866300,44667
91872475,44659
91878707,44662
91884929,44680
91890410,44677
91896608,44684
91902792,44690
91909013,44690
91915187,44695
91921384,44694
91927613,44701
91934463,44706
91940640,44684
91951341,43947
91957489,43943
91963666,43932
91969840,43918
91976084,43910
91982296,43903
91988470,43890
91994638,43874
92000820,43865
92007028,43853
92013181,43837
92019312,43835
92024710,43814
92030962,43809
92037180,43792
92043436,43786
92049659,43780
92055835,43775
92061972,43769
92068151,43760
92074345,43753
92079557,43744
92085750,43580
92091956,43583
92098176,43575
92104339,43580
92110563,43576
92116759,43578
92122948,43590
92129140,43584
92135257,43574
92141993,43572
92148237,43574
92154545,43563
92160025,43564
92166278,43551
92172536,43552
92178767,43545
92184978,43546
92191168,43545
92197377,43538
92203607,43534
92209759,43532
92214977,43531
92226631,43516
92232812,43514
92238981,43512
92245182,43512
92251407,43518
92257618,43530
92263779,43528
92269943,43521
92276101,43518
92282316,43517
92288507,43519
92293726,43523
92299994,43529
92306147,43535
92312297,43523
92318457,43523
92324615,43532
92330793,43528
92336991,43534
92343165,43536
92348554,43532
92360618,43517
92366790,43516
92373050,43506
92379244,43503
92385402,43499
92391607,43490
92397782,43478
92404015,43476
92410171,43476
92416368,43478
92422566,43477
92428758,43475
92434979,43463
92441146,43459
92447331,43452
92453529,43450
92459737,43445
92465933,43440
92472147,43444
92478294,43432
92483717,43433
92495064,43401
92501219,43401
92507404,43396
92513559,43397
92519738,43393
92525970,43405
92532151,43403
92538309,43396
92543758,43400
92549942,43400
92556099,43402
92562298,43391
92568460,43385
92574706,43395
92580898,43387
92587062,43401
92593210,43395
92599394,43394
92605612,43399
92611838,43402
92618014,43398
92629388,43402
92635543,43392
92641745,43394
92647961,43390
92654155,43395
92660281,43393
92666468,43396
92672653,43404
92678837,43397
92685044,43399
92691224,43396
92697392,43394
92702829,43393
92708999,43395
92715204,43391
92721389,43406
92727578,43399
92733758,43391
92739933,43398
92746119,43383
92752362,43399
92763077,43459
92769240,43461
92776039,43463
92782208,43467
92788406,43471
92794621,43467
92800789,43473
92806994,43472
92813241,43476
92818721,43477
92824932,43490
92831168,43488
92837460,43482
92843703,43487
92849900,43491
92856049,43486
92862217,43484
92868366,43480
92874571,43484
92880732,43479
92886925,43482
92897652,43489
92903856,43487
92910094,43486
92916301,43487
92922493,43481
92928687,43496
92934840,43486
92941050,43489
92947218,43483
92953422,43491
92959607,43494
92965795,43488
92972034,43501
92977507,43492
92984319,43491
92990538,43501
92996725,43495
93002905,43494
93009080,43500
93015289,43506
93021473,43506
93032222,43527
93038414,43535
93044620,43530
93057365,43539
93063568,43545
93069848,43547
93076086,43548
93082269,43552
93088454,43550
93094683,43553
93100857,43561
93106331,43561
93112555,43560
93118752,43563
93124952,43553
93131100,43569
93137284,43563
93143464,43567
93149674,43562
93160328,43640
93166468,43635
93172651,43642
93178846,43639
93185062,43639
93191230,43645
93197399,43645
93204170,43645
93210350,43651
93216553,43648
93222732,43655
93228918,43660
93235150,43664
93240606,43668
93246805,43667
93252997,43667
93259159,43678
93265347,43679
93271570,43675
93277775,43691
93283955,43683
93290138,43690
93296322,43753
93302530,43753
93308729,43744
93314912,43752
93321130,43753
93327329,43749
93333574,43754
93339794,43749
93346010,43756
93352271,43740
93358524,43747
93364726,43746
93369926,43736
93375403,43739
93381644,43722
93387805,43734
93393965,43726
93400158,43718
93406316,43720
93413158,43713
93419360,43713
93430162,43660
93436312,43652
93442478,43651
93448669,43651
93454887,43656
93461083,43655
93467253,43655
93473443,43634
93479628,43643
93485821,43636
93492039,43635
93498237,43638
93504428,43638
93509219,43634
93515446,43626
93521678,43625
93527827,43622
93533982,43627
93540131,43629
93546328,43616
93552476,43617
93558708,43625
93569410,43595
93575634,43589
93581796,43593
93588010,43588
93594167,43596
93600290,43591
93606439,43593
93612626,43590
93618812,43588
93625634,43586
93631781,43577
93637994,43589
93643420,43578
93648940,43581
93655154,43577
93661324,43577
93667541,43576
93673750,43569
93679918,43573
93686100,43575
93692311,43575
93703091,43584
93709288,43586
93715477,43580
93721660,43584
93727826,43583
93734023,43577
93740168,43582
93746322,43583
93752509,43589
93758725,43575
93764899,43583
93771119,43599
93777256,43584
93782021,43589
93788212,43585
93794374,43587
93800569,43584
93806736,43593
93812869,43592
93819036,43592
93825240,43600
93836583,43600
93842773,43608
93848983,43605
93855188,43604
93861323,43606
93867537,43604
93873676,43608
93879834,43607
93886061,43607
93892235,43617
93898433,43617
93904634,43615
93910843,43605
93915670,43603
93921829,43605
93928011,43607
93934179,43608
93940349,43616
93946561,43618
93952735,43602
93958897,43609
93965067,43614
93970279,43663
93976459,43670
93982642,43664
93988868,43674
93995062,43669
94001295,43676
94007490,43680
94013741,43674
94019983,43678
94026169,43681
94032302,43682
94038488,43671
94045252,43674
94050032,43680
94056215,43682
94062408,43679
94068635,43679
94074793,43685
94080968,43684
94087145,43685
94093360,43676
94099570,43686
94110261,43709
94116429,43710
94122612,43708
94128771,43713
94134980,43712
94141149,43715
94147237,43717
94153427,43724
94159606,43720
94165814,43720
94172069,43719
94178245,43724
94184413,43725
94190626,43718
94196774,43722
94202965,43725
94209169,43728
94215370,43720
94221560,43714
94227755,43715
94233958,43715
94244644,43669
94250830,43664
94257628,43656
94263801,43654
94270027,43650
94276193,43647
94282339,43642
94288507,43651
94294665,43641
94307721,43639
94314028,43638
94319263,43633
94324703,43627
94330858,43628
94337045,43619
94343268,43626
94349433,43624
94355654,43616
94361822,43609
94368039,43604
94378807,43580
94385010,43578
94391162,43575
94397359,43570
94403552,43578
94409742,43581
94415946,43580
94422152,43573
94428338,43579
94434557,43588
94440731,43582
94446934,43582
94453147,43587
94457948,43584
94464117,43577
94470846,43591
94477003,43591
94483134,43593
94489328,43599
94495564,43595
94501739,43592
94512466,43628
94518641,43622
94524830,43627
94531057,43615
94537249,43624
94543425,43627
94549637,43635
94555792,43638
94561980,43650
94568192,43633
94574362,43639
94580609,43641
94586867,43648
94592386,43646
94598613,43648
94604797,43652
94610966,43655
94617180,43659
94623368,43671
94629587,43670
94635741,43677
94646441,43814
94652659,43814
94658849,43806
94665080,43813
94671243,43805
94677417,43811
94684213,43820
94690403,43807
94696597,43818
94702812,43820
94709008,43823
94715209,43820
94721370,43827
94726810,43830
94732965,43828
94739140,43835
94745326,43841
94751484,43836
94757688,43834
94763886,43833
94770048,43831
94780795,43874
94787013,43874
94793180,43873
94799342,43870
94805517,43869
94811709,43874
94817885,43881
94824093,43887
94830255,43892
94836463,43883
94842672,43881
94848857,43885
94855121,43886
94860600,43883
94866739,43890
94872885,43896
94879097,43889
94885298,43885
94892072,43887
94898232,43887
94904407,43881
94915224,43888
94921372,43892
94927562,43889
94933750,43893
94939889,43890
94946097,43892
94952236,43886
94958379,43889
94964599,43893
94970824,43889
94977057,43894
94983287,43900
94989513,43899
94995026,43903
95001275,43907
95007473,43915
95013733,43907
95019829,43918
95025988,43922
95032147,43915
95038311,43925
95049039,44036
95055230,44036
95061416,44027
95067570,44046
95073744,44032
95079920,44035
95086138,44040
95092269,44033
95098987,44032
95105211,44034
95111381,44036
95117583,44036
95123781,44041
95129241,44043
95135384,44032
95141589,44036
95147777,44045
95152976,44043
95159169,44042
95165314,44041
95171477,44041
95177668,44023
95183081,44265
95189278,44274
95195434,44291
95201678,44299
95207815,44299
95214006,44303
95220226,44051
95226433,44309
95232687,44314
95238850,44308
95245041,44306
95251206,44314
95257389,44306
95263597,44310
95269778,44311
95275933,44307
95282078,44308
95287271,44304
95293436,44305
95299635,44302
95305844,44311
95317236,44307
95323438,44300
95329666,44303
95335866,44309
95342085,44307
95348233,44314
95354408,44311
95360601,44318
95366783,44309
95373023,44321
95379246,44325
95385432,44328
95391613,44332
95397831,44337
95403290,44336
95409445,44342
95415695,44346
95420855,44361
95427074,44369
95433214,44375
95439405,44376
95445609,44376
95456318,44522
95462563,44524
95468796,44520
95474988,44519
95481213,44519
95487409,44517
95493632,44519
95499816,44509
95505998,44509
95512194,44512
95518402,44503
95525186,44508
95531335,44500
95537526,44495
95550294,44498
95556473,44493
95562761,44499
95569006,44500
95575190,44491
95586240,44489
95592429,44485
95598650,44486
95604844,44487
95611044,44488
95617247,44489
95623447,44495
95629671,44499
95635828,44490
95642017,44492
95648196,44489
95654395,44499
95660587,44503
95666821,44508
95672066,44508
95678214,44509
95684404,44516
95690631,44512
95696819,44522
95703021,44532
95709236,44519
95720245,44595
95726413,44596
95732646,44593
95739366,44595
95745583,44597
95751744,44604
95757938,44608
95764124,44615
95770324,44616
95776524,44619
95782739,44615
95788947,44622
95795066,44639
95801317,44630
95806499,44637
95812704,44635
95818877,44645
95825108,44647
95831262,44643
95837459,44657
95843676,44648
95854287,44716
95860483,44724
95866659,44717
95872835,44728
95879040,44718
95885194,44714
95891303,44727
95897458,44728
95903661,44731
95909866,44729
95916106,44734
95922252,44731
95928389,44733
95934583,44735
95940775,44739
95947515,44730
95953762,44730
95959953,44736
95966182,44735
95971621,44734
95977834,44731
95989203,44591
95995394,44591
96001588,44586
96007764,44583
96013900,44580
96020104,44584
96026275,44586
96032476,44599
96038709,44597
96044892,44592
96051116,44594
96057331,44598
96063574,44596
96069758,44599
96075974,44601
96081435,44608
96087661,44601
96093802,44601
96100026,44607
96106157,44601
96112378,44600
96123765,44562
96129986,44560
96136201,44566
96142358,44558
96148515,44558
96154693,44552
96161474,44546
96167664,44545
96173809,44545
96180055,44530
96186211,44529
96192390,44533
96198647,44523
96204827,44529
96211040,44524
96216476,44513
96222699,44521
96228844,44529
96235023,44519
96241215,44527
96247423,44530
96258134,44568
96264303,44561
96270511,44565
96276688,44566
96282900,44566
96289099,44566
96295242,44563
96301421,44561
96307621,44556
96313801,44559
96319987,44554
96326184,44544
96332339,44544
96338531,44541
96344717,44544
96350184,44549
96356348,44546
96362570,44546
96369433,44552
96375682,44554
96381843,44559
96392608,44581
96398773,44587
96404921,44582
96411139,44580
96417290,44576
96423493,44580
96429685,44583
96435882,44579
96442115,44577
96448288,44588
96454458,44592
96460677,44596
96466856,44593
96473054,44592
96479220,44586
96484655,44595
96490816,44597
96497019,44590
96503228,44596
96509434,44594
96515694,44600
96526347,44634
96532571,44635
96538802,44634
96545036,44639
96551286,44591
96557536,44642
96563797,44643
96570013,44647
96576196,44643
96582953,44653
96589099,44647
96595283,44647
96601471,44646
96607699,44655
96613854,44657
96619033,44659
96625215,44657
96631402,44671
96637609,44664
96643795,44667
96649994,44660
96660633,44721
96666072,44708
96672248,44718
96678392,44715
96684623,44714
96690806,44724
96696950,44724
96703139,44731
96709324,44732
96715499,44746
96721711,44738
96727859,44749
96734067,44747
96740236,44743
96746393,44745
96752603,44750
96757835,44753
96764051,44753
96770251,44749
96776441,44758
96782664,44758
96801838,44666
96808083,44664
96814251,44663
96820448,44658
96826674,44653
96832894,44654
96839126,44644
96845343,44652
96851579,44650
96857791,44651
96863988,44639
96870175,44639
96876333,44635
96882510,44643
96887721,44635
96893901,44636
96900139,44632
96906297,44634
96912509,44633
96924109,44574
96929352,44571
96934738,44576
96940947,44576
96947106,44582
96953266,44579
96959458,44577
96965677,44589
96971854,44580
96978072,44592
96984331,44587
96990569,44589
96996772,44599
97002953,44600
97009818,44603
97015986,44601
97021173,44592
97027278,44608
97033452,44611
97039647,44614
97045819,44614
97052027,44607
97058237,44626
97064391,44626
97070545,44622
97076729,44621
97082912,44621
97089113,44613
97095261,44612
97101394,44607
97107617,44600
97113769,44602
97119949,44593
97126136,44590
97132320,44582
97138507,44587
97144681,44587
97150901,44583
97156362,44573
97162573,44577
97168809,44572
97175023,44576
97181283,44583
97187515,44584
97198982,44645
97204446,44638
97210621,44651
97217432,44644
97223684,44650
97229835,44658
97236005,44662
97242206,44656
97248406,44655
97254650,44655
97260811,44662
97266985,44665
97273209,44664
97279399,44661
97285612,44668
97290810,44672
97297017,44670
97303204,44663
97309389,44675
97315601,44683
97321764,44682
97333437,44663
97339634,44663
97344814,44665
97351014,44669
97357199,44670
97363315,44668
97369530,44670
97375702,44658
97381923,44664
97388154,44671
97394346,44673
97400598,44672
97406856,44685
97413080,44682
97419276,44675
97424730,44687
97431593,44684
97437776,44692
97443977,44700
97450187,44706
97456431,44704
97467875,44756
97474070,44750
97480261,44750
97486432,44755
97492639,44758
97498833,44757
97505046,44760
97511212,44760
97517343,44764
97523534,44763
97529761,44757
97535948,44749
97542131,44746
97548312,44748
97554536,44746
97560028,44754
97566297,44743
97572551,44745
97578769,44742
97584936,44738
97591123,44749
97602502,44723
97608692,44720
97614113,44718
97619325,44710
97625536,44713
97631716,44696
97638502,44707
97644727,44699
97650931,44690
97657170,44694
97663375,44690
97669554,44688
97675724,44686
97681924,44678
97688112,44676
97693570,44680
97699762,44671
97705968,44676
97712156,44668
97718346,44662
97724586,44663
97736015,44642
97742208,44640
97748326,44642
97753764,44637
97759966,44642
97766197,44641
97772432,44635
97778682,44638
97784912,44639
97791104,44639
97797328,44629
97803540,44622
97809715,44625
97815899,44622
97822084,44626
97827289,44614
97833462,44610
97839657,44606
97845854,44599
97852670,44594
97858882,44592
97870501,44533
97876709,44535
97882943,44531
97887378,44532
97893546,44534
97899780,44535
97905964,44522
97912181,44526
97918350,44533
97924524,44533
97930723,44532
97936900,44534
97943123,44533
97949262,44539
97955440,44536
97961609,44536
97967815,44534
97974023,44532
97980261,44535
97986462,44547
97992681,44539
97998823,44551
98005053,44602
98011179,44604
98017347,44612
98022761,44604
98028883,44608
98035031,44610
98047834,44614
98054121,44614
98060355,44614
98067221,44614
98073414,44615
98079649,44616
98085839,44618
98092034,44618
98097239,44616
98103409,44625
98109611,44623
98115802,44626
98122039,44637
98128246,44622
98139833,44623
98145989,44630
98151161,44630
98157267,44629
98163427,44636
98169572,44640
98175744,44652
98181986,44651
98188214,44656
98194452,44655
98200729,44665
98206987,44658
98213156,44667
98219282,44666
98225441,44673
98230838,44671
98237016,44673
98243197,44669
98249375,44675
98255537,44678
98261769,44677
98267907,44677
98274072,44734
98280901,44731
98286066,44738
98292236,44739
98298358,44741
98304513,44739
98310698,44743
98316893,44742
98323135,44745
98329304,44751
98335481,44756
98341705,44752
98347875,44753
98354059,44747
98360225,44748
98365653,44746
98371781,44755
98377959,44753
98384127,44755
98390320,44764
98396506,44757
98402699,44761
98414095,44763
98420243,44753
98426400,44749
98432578,44744
98438743,44748
98444949,44737
98451146,44728
98457287,44725
98463466,44708
98469677,44703
98475812,44698
98481965,44685
98488798,44680
98494977,44666
98500432,44650
98506650,44649
98512869,44627
98519036,44619
98525232,44617
98531435,44603
98537667,44591
98549064,44405
98555223,44408
98560615,44400
98566801,44396
98573040,44403
98579319,44402
98585559,44392
98591814,44392
98597997,44389
98604177,44381
98610361,44392
98616521,44405
98622722,44409
98628899,44411
98635069,44413
98641262,44405
98647456,44410
98653701,44407
98659859,44401
98666055,44401
98672227,44389
98683638,44354
98689811,44369
98695213,44361
98701975,44358
98708140,44357
98713416,44360
98719601,44358
98725795,44359
98731953,44349
98738186,44358
98744377,44359
98750530,44357
98756732,44354
98762893,44352
98769125,44358
98774614,44347
98780793,44355
98786994,44351
98793198,44360
98799393,44343
98805610,44349
98817040,44396
98823233,44401
98829345,44407
98835486,44407
98841706,44408
98847645,44415
98853035,44413
98859233,44414
98865384,44415
98871618,44416
98877795,44417
98883917,44414
98890108,44410
98896298,44409
98902479,44409
98909339,44412
98915565,44408
98921829,44413
98928032,44408
98934323,44410
98940548,44401
98951938,44389
98958146,44388
98964333,44400
98969763,44401
98975918,44399
98982108,44405
98987336,44408
98993496,44412
98999740,44407
99005896,44409
99012155,44411
99018324,44408
99024474,44416
99030671,44420
99036840,44418
99043058,44429
99048506,44421
99054747,44427
99060966,44429
99067137,44434
99073327,44440
99079506,44437
99085748,44544
99091874,44546
99098039,44554
99103226,44548
99109389,44558
99115570,44560
99121556,44563
99127776,44570
99133928,44570
99140095,44577
99146296,44585
99152445,44572
99158654,44587
99164831,44590
99170974,44583
99177160,44582
99183381,44595
99189595,44591
99195845,44590
99202015,44598
99208246,44598
99214431,44603
99225884,44649
99232078,44640
99238244,44637
99244428,44626
99250622,44634
99256035,44632
99262214,44622
99268430,44620
99274621,44618
99280803,44622
99293629,44615
99299829,44609
99306030,44600
99312248,44609
99317708,44600
99323877,44584
99330103,44581
99336888,44581
99343077,44582
99354459,44541
99360669,44540
99366858,44552
99372289,44549
99378455,44548
99384644,44544
99389841,44550
99396071,44557
99402276,44557
99408419,44555
99414590,44551
99420759,44548
99426900,44562
99433070,44557
99439233,44561
99445375,44560
99451587,44564
99457784,44567
99463979,44563
99470177,44566
99476338,44557
99482489,44559
99494131,44582
99500348,44586
99505559,44590
99511756,44589
99517949,44589
99523439,44583
99529650,44587
99535812,44599
99542046,44590
99548829,44586
99554981,44581
99561115,44579
99567264,44576
99573428,44577
99579613,44572
99585829,44571
99592020,44568
99598179,44573
99604347,44562
99610556,44561
99616732,44564
99628130,44575
99634267,44582
99639653,44579
99645830,44578
99652016,44581
99658198,44573
99663422,44575
99669623,44583
99675783,44597
99681994,44584
99688239,44597
99694370,44595
99700561,44594
99706777,44595
99712944,44597
99719175,44593
99725370,44593
99731557,44595
99737788,44604
99744012,44598
99750326,44605
99762884,44649
99769123,44643
99774542,44656
99780759,44655
99786947,44654
99793126,44656
99798353,44665
99804528,44657
99810714,44664
99816931,44661
99823118,44674
99829279,44670
99835454,44665
99841589,44673
99847800,44680
99854012,44681
99860247,44688
99865735,44681
99871951,44681
99878172,44688
99884438,44695
99895863,44743
99902074,44741
99908222,44738
99914408,44752
99920600,44745
99926793,44749
99932298,44756
99938496,44750
99944737,44756
99950887,44749
99957053,44756
99963315,44753
99970180,44762
99976435,44760
99982676,44759
99988828,44760
99995022,44766
100000232,44758
100006440,44767
100012672,44776
100018868,44779
100030502,44793
100036732,44795
100042960,44802
100048180,44807
100054388,44808
100060639,44814
100066887,44809
100073148,44820
100079374,44816
100085536,44813
100091782,44820
100097951,44819
100104179,44826
100110391,44825
100116603,44819
100122792,44829
100129001,44823
100134497,44818
100140741,44815
100146954,44816
100153162,44805
100164546,44678
100170764,44682
100176908,44678
100183026,44676
100189251,44683
100195435,44675
100201645,44682
100207070,44671
100213239,44671
100219411,44672
100225563,44666
100231759,44670
100237948,44667
100244154,44660
100250328,44653
100256519,44657
100262741,44651
100268896,44660
100275097,44660
100281328,44643
100287507,44641
100299014,44579
100305214,44579
100311406,44584
100316908,44581
100323126,44571
100329387,44581
100335632,44586
100341852,44587
100348123,44591
100354358,44589
100360525,44596
100366785,44584
100372984,44593
100379149,44592
100385398,44601
100392211,44592
100398422,44581
100404556,44592
100409797,44600
100415989,44595
100422185,44596
100433829,44587
100439994,44591
100446179,44591
100451386,44587
100457555,44595
100463751,44598
100469945,44596
100476182,44600
100482350,44602
100488537,44595
100494707,44590
100500864,44587
100507113,44594
100513260,44594
100519456,44585
100525650,44595
100538442,44601
100544685,44593
100550941,44603
100562607,44636
100568782,44644
100574924,44638
100581054,44635
100587240,44624
100593425,44633
100599660,44638
100605899,44631
100611777,44633
100618053,44631
100624290,44630
100630500,44631
100636688,44644
100642876,44637
100649072,44630
100655246,44633
100661449,44642
100667703,44647
100673897,44648
100679376,44645
100685553,44641
100696959,44705
100703198,44705
100709368,44711
100715542,44708
100720970,44708
100727181,44708
100733352,44711
100739525,44712
100745743,44720
100750946,44714
100757161,44730
100763367,44716
100769524,44722
100775737,44719
100781927,44731
100788106,44726
100794306,44731
100800499,44737
100806712,44743
100812130,44732
100818317,44744
100825088,44743
100831233,44784
100837420,44780
100843575,44789
100849770,44795
100854984,44784
100861227,44783
100867335,44792
100873523,44797
100879730,44785
100885147,44795
100891312,44798
100897497,44799
100903742,44801
100909883,44791
100916055,44805
100922237,44804
100928439,44804
100934646,44802
100940831,44810
100947046,44815
100953246,44816
100959415,44821
100970784,44890
100976959,44880
100983163,44888
100989311,44881
100995430,44886
101001616,44881
101007801,44882
101013961,44886
101019431,44888
101025633,44892
101032471,44894
101038677,44894
101044821,44888
101050951,44894
101057141,44886
101063360,44893
101069525,44894
101075753,44884
101081915,44887
101087115,44886
101093286,44884
101099454,44876
101105625,44786
101111801,44788
101117986,44786
101124201,44778
101129628,44780
101135843,44775
101142014,44773
101148205,44768
101154417,44768
101160588,44769
101166776,44769
101172908,44762
101179095,44767
101185264,44759
101191460,44756
101197663,44759
101203847,44765
101209966,44762
101216143,44757
101221362,44759
101227511,44764
101233679,44764
101246016,44746
101252260,44745
101258396,44742
101263800,44744
101269939,44745
101276117,44740
101282293,44748
101288499,44741
101294689,44747
101300858,44745
101306970,44747
101313129,44755
101319342,44749
101325543,44749
101331778,44747
101337921,44749
101344117,44739
101350304,44739
101355509,44746
101361710,44747
101367882,44742
101379537,44745
101385766,44745
101391913,44749
101398102,44744
101404259,44747
101410427,44751
101416659,44747
101422851,44754
101428996,44748
101435164,44750
101441340,44746
101447494,44754
101454285,44758
101460481,44753
101466715,44755
101472857,44758
101479031,44767
101485227,44758
101490456,44761
101496617,44761
101502844,44760
101514499,44768
101520699,44775
101526881,44770
101533034,44774
101538239,44776
101544414,44773
101550581,44780
101556749,44779
101562931,44781
101569152,44779
101575335,44784
101581488,44778
101587681,44785
101593829,44786
101600065,44786
101606268,44789
101612377,44788
101618551,44785
101624726,44791
101630878,44786
101637106,44793
101648740,44850
101654885,44851
101661671,44846
101667858,44858
101673053,44851
101679239,44851
101685382,44858
101691554,44861
101697753,44859
101703906,44861
101710122,44864
101715580,44870
101721819,44868
101727967,44872
101734178,44866
101740353,44868
101746537,44883
101752760,44886
101758906,44881
101764097,44894
101770280,44891
101783046,44934
101789253,44927
101795494,44931
101801697,44924
101807881,44923
101814112,44924
101820282,44929
101826449,44923
101832623,44929
101838795,44933
101844946,44927
101851188,44936
101857348,44932
101863482,44935
101869691,44925
101876498,44945
101882722,44920
101888929,44948
101894382,44954
101900572,44942
101906783,44951
101918148,44981
101924370,44981
101930568,44975
101936805,44983
101942236,44984
101948440,44988
101954639,44991
101960852,44992
101967025,44994
101973203,44994
101979401,44996
101985582,44998
101991835,44994
101998011,44997
102004203,45001
102010396,45003
102016658,45003
102022874,45002
102028047,45009
102034252,45003
102040360,45003
102051932,44888
102058142,44890
102064343,44887
102070557,44877
102076776,44872
102082919,44877
102089742,44882
102095899,44886
102102086,44870
102108272,44873
102114448,44879
102120658,44876
102125877,44875
102132087,44872
102138338,44876
102144467,44881
102150689,44880
102156920,44876
102162344,44872
102168513,44878
102174726,44886
102186093,44842
102192275,44838
102198393,44836
102204600,44836
102210813,44835
102216246,44838
102222423,44835
102228605,44832
102234809,44836
102240947,44835
102247127,44844
102253352,44836
102259548,44835
102264782,44833
102270951,44832
102277216,44835
102283348,44842
102289531,44836
102295742,44845
102301895,44843
102308106,44843
102314292,44833
102320414,44845
102326589,44844
102332799,44851
102339001,44849
102345231,44850
102350788,44844
102356963,44848
102363171,44854
102369343,44853
102375508,44864
102381697,44865
102387872,44864
102394118,44871
102399572,44867
102405799,44861
102411937,44863
102418139,44870
102424301,44875
102430487,44874
102435686,44880
102441825,44878
102447992,44889
102454211,44881
102460365,44916
102466552,44910
102472715,44912
102478949,44916
102485202,44912
102491445,44915
102497697,44907
102503887,44927
102510745,44912
102516923,44917
102523112,44917
102529314,44928
102534813,44925
102540990,44917
102547213,44918
102553433,44915
102559673,44920
102565861,44914
102572005,44922
102578181,44921
102584385,44925
102590650,44921
102602128,44964
102608293,44969
102614453,44969
102620681,44974
102626121,44977
102632290,44974
102638478,44981
102644653,44976
102650885,44978
102657081,44976
102663258,44981
102668464,44985
102674649,44990
102680836,44994
102687020,44993
102693243,44994
102699390,44992
102705551,45005
102711724,44998
102718431,45000
102724687,44995
102736307,45013
102742497,45014
102748738,45013
102754923,45015
102760102,45020
102766296,45018
102772431,45020
102778631,45019
102784802,45034
102790991,45029
102797231,45029
102803377,45042
102809547,45039
102815724,45038
102821877,45037
102828040,45042
102834273,45043
102840384,45044
102845808,45050
102851987,45056
102858179,45048
102869544,45074
102875745,45075
102881934,45080
102888110,45078
102894271,45077
102900441,45084
102906584,45075
102912757,45072
102918928,45069
102925114,45071
102931994,45073
102938207,45068
102943623,45063
102949833,45058
102955970,45059
102962146,45061
102968339,45053
102974532,45044
102979718,45040
102985858,45046
102992050,45041
103003739,44979
103009889,44975
103016040,44969
103028849,44980
103035036,44972
103041320,44977
103047503,44970
103053696,44968
103059858,44968
103066088,44979
103072314,44975
103077759,44967
103083957,44963
103090142,44969
103096350,44966
103102503,44962
103108674,44961
103113865,44963
103120057,44954
103126264,44961
103132457,44962
103138625,44953
103145396,44953
103151603,44959
103157814,44947
103163214,44946
103169403,44940
103175580,44944
103181770,44946
103187920,44935
103194080,44928
103200285,44924
103206510,44924
103211664,44921
103217874,44923
103224095,44926
103230318,44924
103236526,44926
103242710,44924
103248147,44918
103254313,44922
103260495,44925
103266660,44920
103272841,44911
103279010,44904
103285156,44909
103291355,44916
103297552,44908
103303797,44916
103309931,44925
103316137,44921
103322317,44916
103328500,44920
103334697,44928
103340857,44917
103347072,44913
103353283,44924
103360014,44918
103366205,44922
103372407,44925
103378579,44923
103384790,44921
103390934,44927
103397116,44925
103408501,44972
103414702,44967
103420885,44968
103427104,44968
103433302,44969
103438696,44957
103444882,44961
103451005,44959
103457182,44961
103463407,44978
103469569,44971
103475780,44976
103481964,44969
103487135,44974
103493315,44973
103499458,44977
103505611,44981
103511821,44983
103517995,44988
103524204,44981
103530371,44992
103541957,45047
103548145,45051
103554358,45062
103560555,45057
103567351,45051
103572583,45051
103578819,45058
103584988,45053
103591204,45062
103597362,45063
103603569,45062
103609761,45061
103615951,45065
103622193,45063
103628326,45057
103634487,45062
103640670,45062
103646849,45070
103653088,45068
103658580,45065
103664790,45076
103676184,45118
103682399,45118
103688591,45121
103694816,45115
103700941,45125
103706355,45130
103712528,45128
103718789,45125
103724951,45131
103731136,45128
103737332,45138
103743551,45137
103749772,45140
103755972,45144
103762178,45150
103768364,45142
103774553,45137
103781330,45143
103787509,45144
103792713,45135
103798867,45145
103810511,45165
103816707,45167
103822920,45173
103829074,45166
103835208,45166
103840424,45166
103846620,45169
103852814,45166
103858967,45158
103865172,45164
103871316,45155
103877492,45155
103883686,45154
103889876,45147
103896055,45150
103902260,45144
103908387,45136
103914553,45141
103920755,45130
103926880,45127
103933087,45127
103944718,44988
103950872,44992
103957043,44990
103963237,44988
103969439,44992
103975612,44991
103981815,44989
103988627,44991
103994848,44992
104001058,44980
104007250,44987
104013447,44985
104019630,44983
104025854,44984
104031995,44983
104038182,44980
104043431,44975
104049623,44969
104055823,44972
104061269,44977
104067470,44974
104078861,44918
104085047,44913
104091249,44914
104097364,44922
104103502,44918
104109687,44925
104115150,44915
104121329,44915
104127506,44917
104133756,44915
104139890,44908
104146063,44897
104152277,44903
104158466,44905
104164671,44891
104170855,44890
104177006,44887
104183185,44894
104189384,44890
104195551,44888
104202393,44887
104213795,44875
104219960,44877
104226197,44881
104232386,44878
104238594,44875
104244820,44884
104250214,44880
104256419,44880
104262581,44881
104275417,44882
104281701,44886
104287910,44886
104294088,44883
104300268,44889
104306454,44886
104312678,44883
104318882,44885
104325073,44893
104330273,44899
104336430,44895
104342628,44899
104348830,44896
104355003,44899
104361227,44901
104367408,44895
104373575,44898
104379000,44897
104385176,44890
104391383,44891
104397579,44897
104403817,44889
104409994,44885
104416815,44897
104422984,44887
104429187,44887
104435348,44893
104441496,44895
104447688,44897
104452893,44898
104459080,44897
104464576,44902
104470802,44907
104476971,44905
104483160,44951
104489379,44949
104495564,44946
104501774,44955
104507923,44956
104514056,44957
104520254,44959
104526446,44961
104532671,44962
104538885,44968
104545055,44962
104551254,44971
104557464,44968
104563692,44966
104569876,44969
104576067,44965
104582268,44968
104587514,44970
104593731,44970
104599209,44975
104605409,44969
104611612,44978
104623022,45009
104629835,45006
104636032,45007
104642284,45014
104648434,45012
104653857,45017
104660061,45015
104666266,45010
104672457,45013
104678604,45012
104684826,45019
104691006,45011
104697224,45026
104703377,45012
104709545,45016
104715719,45020
104721900,45020
104727060,45021
104733220,45026
104739384,45012
104745585,45023
104757214,45073
104763409,45086
104769548,45090
104775765,45080
104781889,45084
104788022,45091
104794183,45090
104800390,45093
104806609,45099
104812853,45102
104819009,45103
104825189,45103
104831359,45098
104838144,45100
104844353,45109
104850509,45117
104856711,45114
104861908,45123
104868127,45114
104873546,45116
104879806,45125
104891200,45018
104897339,45006
104903472,45013
104909651,45008
104915879,45005
104922033,45008
104927493,44999
104933697,45001
104939905,44995
104946089,44994
104952284,44995
104958490,44995
104964682,44978
104970893,44993
104977027,44985
104983241,44982
104989426,44976
104995618,44987
105001836,44983
105007978,44990
105014188,44983
105025569,44952
105031793,44944
105037974,44958
105044155,44955
105050980,44945
105057199,44945
105062590,44951
105068816,44945
105074979,44948
105081147,44943
105087326,44948
105093527,44939
105099716,44941
105105891,44952
105112028,44943
105118183,44945
105124390,44945
105130632,44950
105135857,44947
105142053,44945
105147529,44946
105153768,44942
105159953,44913
105166116,44911
105172291,44910
105178473,44902
105184639,44917
105190866,44901
105197003,44912
105203178,44915
105209362,44919
105215567,44912
105221812,44920
105227951,44908
105234116,44927
105240304,44920
105246506,44926
105252698,44916
105259503,44921
105265717,44920
105270910,44918
105277133,44925
105282580,44928
105288812,44928
105300174,44946
105306373,44946
105312523,44940
105318745,44949
105324898,44947
105331121,44951
105337314,44944
105343443,44946
105349635,44942
105355858,44950
105362050,44955
105368254,44956
105374416,44946
105380569,44952
105386774,44949
105392945,44954
105399143,44948
105405306,44952
105411466,44950
105416894,44949
105423074,44952
105434463,44990
105440619,44999
105446835,44992
105453024,44996
105459254,44994
105465419,44997
105471533,44997
105477741,44996
105483929,45003
105490125,45012
105496363,45003
105502519,45013
105508695,45010
105521757,45010
105528021,45016
105534243,45015
105540450,45012
105546683,45025
105552911,45020
105564311,45036
105570480,45030
105576635,45031
105582841,45038
105589027,45036
105595233,45039
105600691,45041
105606892,45040
105613054,45034
105619227,45034
105625456,45034
105631627,45028
105637855,45029
105644003,45034
105650170,45032
105656348,45042
105662534,45042
105668735,45046
105674901,45051
105681096,45061
105687895,45052
105699256,45079
105705393,45094
105711620,45090
105717873,45099
105724096,45098
105730321,45111
105735803,45108
105741998,45107
105748216,45115
105754382,45104
105760575,45101
105766821,45108
105773010,45111
105779176,45116
105785322,45101
105791534,45112
105797716,45113
105803902,45110
105810082,45104
105816286,45113
105821490,45101
105833192,44987
105839439,44994
105845627,44985
105851845,44984
105858053,44989
105864202,44981
105869395,44978
105875587,44968
105881778,44973
105887942,44981
105894713,44977
105900946,44973
105907138,44967
105913335,44968
105919488,44976
105925646,44962
105931826,44966
105938027,44964
105944263,44961
105950506,44963
105955912,44958
105961087,44963
105967290,44944
105973447,44947
105979600,44944
105985803,44948
105991956,44949
105998154,44952
106004342,44948
106010509,44949
106016720,44941
106022899,44947
106029050,44951
106035260,44941
106041384,44949
106047554,44947
106053749,44948
106059905,44941
106066133,44946
106072321,44945
106078474,44945
106084714,44941
106090140,44944
106096317,44949
106108685,44931
106114886,44935
106121028,44928
106127158,44937
106133323,44930
106138548,44932
106144732,44925
106150896,44932
106157080,44934
106163304,44936
106169432,44933
106175619,44936
106181825,44939
106187971,44933
106194172,44950
106200403,44944
106206575,44951
106212734,44954
106218958,44955
106224427,44957
106230614,44960
106241271,44965
106247421,44967
106253572,44963
106259768,44960
106265939,44961
106272109,44967
106277320,44964
106283507,44973
106289675,44967
106295834,44967
106302005,44973
106308240,44971
106314995,44968
106321272,44966
106327402,44971
106333550,44982
106339741,44979
106345922,44976
106352141,44982
106358333,44985
106364482,44979
106375077,45029
106381257,45030
106387418,45030
106393572,45040
106399788,45036
106406002,45042
106411456,45048
106417630,45048
106423852,45054
106430008,45058
106436172,45061
106442312,45064
106448498,45063
106454692,45063
106460892,45060
106467080,45054
106473278,45062
106479494,45056
106485720,45065
106491917,45061
106498118,45058
106504292,45060
106510476,45095
106516646,45090
106522845,45088
106529655,45092
106535834,45099
106541945,45093
106548112,45095
106554273,45096
106560460,45101
106566629,45098
106572839,45099
106578968,45105
106585129,45106
106591306,45110
106597502,45103
106603722,45110
106609937,45106
106616145,45107
106622328,45104
106628520,45109
106634747,45112
106645406,45160
106651598,45164
106657840,45159
106664026,45157
106670214,45154
106676406,45160
106681619,45159
106687833,45154
106693996,45152
106700185,45146
106706351,45145
106712489,45145
106718651,45147
106724820,45143
106731003,45137
106737804,45132
106743953,45129
106750160,45126
106763213,45126
106774009,45015
106780260,45020
106786433,45014
106792662,45018
106798867,45013
106805070,45015
106811292,45013
106817444,45007
106823642,45009
106829876,45007
106836058,45010
106842267,45007
106848417,45008
106854570,45005
106860742,44992
106866938,45004
106873160,44999
106879342,45005
106885525,45002
106891755,44995
106897919,44996
106908873,44987
106915018,44976
106921186,44981
106927330,44979
106933522,44977
106939740,44977
106945955,44974
106952027,44974
106958218,44972
106964442,44971
106970616,44973
106976834,44965
106983059,44969
106989241,44970
106995437,44963
107001633,44970
107007856,44965
107014015,44971
107020219,44962
107026444,44960
107032646,44959
107044049,44953
107050285,44951
107055705,44965
107061900,44958
107068118,44966
107074312,44964
107080508,44959
107085759,44959
107091923,44957
107098153,44961
107104340,44963
107110532,44962
107116693,44959
107122889,44958
107129066,44950
107135268,44966
107141418,44973
107147583,44976
107153778,44978
107160534,44965
107166779,44970
107178384,44981
107184577,44983
107189740,44984
107195916,44993
107202104,44999
107208295,44997
107214465,44993
107219960,44996
107226109,45001
107232297,45004
107238523,45004
107244728,45004
107250921,45002
107257030,45004
107263217,45000
107269374,45002
107275622,45001
107281834,45004
107287989,45003
107294187,45005
107300344,45007
107311763,45045
107317899,45049
107324070,45048
107329539,45058
107335800,45046
107341972,45052
107348128,45048
107354332,45055
107360521,45046
107366760,45047
107373588,45055
107379769,45049
107385934,45046
107392103,45053
107398309,45047
107404527,45045
107410714,45050
107416899,45052
107423069,45055
107429251,45050
107435448,45047
107446844,45101
107453008,45099
107458441,45108
107463653,45103
107469850,45101
107476019,45108
107482245,45101
107488380,45103
107494557,45103
107500748,45116
107506910,45113
107513068,45110
107519265,45116
107525404,45114
107531538,45122
107537742,45125
107543911,45128
107550124,45124
107556355,45122
107562499,45120
107568665,45120
107574856,45118
107581631,45153
107587844,45164
107593275,45164
107598493,45167
107604673,45164
107610871,45156
107617059,45159
107623281,45154
107629458,45145
107634875,45160
107641003,45156
107647168,45142
107653307,45145
107659487,45143
107665662,45134
107671877,45126
107677981,45130
107684131,45124
107690330,45119
107696519,45123
107702689,45110
107708877,45110
107715039,45042
107721211,45034
107726413,45040
107732579,45034
107738792,45036
107744964,45027
107751170,45037
107757380,45032
107763549,45028
107768969,45038
107775129,45030
107781278,45027
107787465,45032
107794226,45034
107800417,45031
107806577,45029
107812781,45026
107818954,45023
107825143,45022
107831319,45018
107837509,45018
107843712,45015
107855178,44986
107860591,44991
107866783,44988
107872969,44989
107879171,44985
107885360,44986
107891516,44984
107897755,44979
107902962,44978
107909110,44975
107915303,44983
107921472,44976
107927623,44971
107933836,44977
107940015,44969
107946248,44975
107952463,44970
107958628,44971
107964833,44974
107970994,44965
107977217,44967
107983413,44962
107989561,44986
107995776,44987
108008741,44981
108014973,44984
108021209,44988
108027409,44985
108032618,44988
108038840,44983
108045002,44962
108051209,44981
108057399,44987
108063578,44991
108069789,44995
108076029,44982
108082254,44993
108088382,44984
108094538,44989
108100739,44986
108106933,44984
108113093,44987
108124808,44989
108130935,44992
108137050,44998
108143232,44995
108149424,45002
108155600,44996
108161802,45006
108167042,45009
108173226,45007
108179351,45007
108185488,45000
108191672,45004
108197852,45008
108203999,45014
108210211,45011
108217011,45010
108223307,45007
108229459,45011
108235663,45014
108241858,45016
108248023,45022
108259600,45070
108264829,45073
108271035,45062
108277296,45076
108283461,45063
108289613,45068
108295804,45073
108301976,45078
108308161,45073
108314374,45065
108320518,45070
108326680,45067
108332869,45074
108339053,45079
108345284,45073
108351443,45085
108357643,45081
108363859,45089
108370024,45089
108376248,45093
108382423,45096
108393965,45131
108399166,45135
108405354,45129
108411528,45145
108417713,45141
108423920,45139
108430682,45140
108436858,45139
108442292,45141
108448466,45136
108454632,45142
108460825,45135
108466973,45137
108473132,45139
108479317,45145
108485506,45130
108491678,45136
108497916,45133
108504057,45140
108510227,45139
108516389,45143
108527801,45178
108533187,45185
108539365,45188
108545572,45189
108551761,45175
108557960,45186
108564093,45170
108570286,45175
108575484,45176
108581649,45163
108587856,45160
108594026,45155
108600220,45154
108606413,45145
108612598,45145
108618849,45141
108625079,45138
108631346,45125
108638177,45127
108644440,45117
108650627,45122
108662278,45069
108668468,45077
108674679,45072
108680888,45079
108687082,45084
108693288,45081
108698527,45083
108704716,45076
108710118,45075
108716297,45073
108722478,45079
108728632,45077
108734851,45066
108741002,45071
108747155,45065
108753353,45070
108759553,45056
108765739,45061
108771908,45056
108778046,45053
108784201,45051
108790371,45050
108796529,45030
108802698,45027
108807922,45032
108814181,45030
108820375,45036
108826555,45030
108832754,45035
108838983,45042
108845182,45031
108852075,45036
108858310,45033
108864436,45038
108870619,45032
108876822,45032
108883041,45034
108889319,45034
108895450,45033
108901643,45036
108907796,45032
108913961,45030
108920214,45019
108926374,45028
108932560,45047
108938759,45047
108944208,45048
108950443,45056
108956584,45055
108962792,45048
108968965,45049
108974141,45056
108980357,45051
108985743,45053
108991945,45052
108998106,45049
109004309,45050
109010523,45057
109016752,45056
109022972,45054
109029144,45055
109035325,45050
109041535,45050
109047677,45054
109053896,45056
109060685,45059
109066899,45054
109073091,45072
109078327,45073
109084483,45069
109090674,45081
109096941,45071
109103186,45073
109108628,45085
109114867,45094
109120039,45082
109126202,45083
109132366,45089
109138500,45100
109144696,45097
109150905,45103
109157105,45108
109163287,45098
109169415,45108
109175569,45105
109181809,45115
109187969,45104
109194135,45103
109200354,45108
109206501,45106
109211960,45137
109218118,45143
109224285,45144
109230504,45140
109236674,45136
109242877,45133
109255647,45144
109261866,45147
109268120,45136
109274995,45143
109281255,45149
109287414,45145
109293601,45148
109299807,45145
109306004,45148
109312214,45143
109318418,45141
109324608,45143
109330808,45144
109341810,45175
109347956,45180
109354123,45180
109360338,45181
109366532,45178
109372712,45181
109378907,45182
109385055,45177
109390231,45192
109396379,45193
109402520,45191
109408677,45196
109414883,45194
109421035,45199
109427230,45195
109433422,45205
109439598,45202
109445794,45208
109451982,45207
109458183,45209
109464376,45214
109475325,45126
109481516,45121
109488281,45116
109494470,45115
109500646,45110
109506869,45104
109513022,45108
109519225,45103
109524440,45107
109530602,45098
109536738,45099
109542955,45203
109549130,45104
109555348,45101
109561467,45092
109567652,45101
109573851,45099
109579996,45102
109586204,45102
109592387,45111
109598504,45102
109604685,45095
109610122,45072
109616321,45073
109622524,45072
109628732,45076
109634932,45069
109641115,45069
109647310,45071
109653518,45067
109658717,45068
109664908,45069
109671081,45074
109677296,45065
109683491,45068
109689675,45066
109696390,45074
109702510,45066
109708677,45068
109714882,45070
109721034,45070
109727247,45060
109733388,45074
109739584,45070
109750238,45051
109756431,45053
109762575,45046
109768770,45051
109774960,45060
109781118,45056
109787347,45051
109792734,45050
109798968,45054
109805162,45049
109811347,45049
109817561,45052
109823781,45048
109829961,45048
109836099,45054
109842261,45058
109848450,45049
109854632,45057
109860875,45057
109867018,45061
109873138,45063
109884483,45048
109890654,45052
109896845,45052
109903592,45048
109909815,45044
109915999,45043
109922240,45040
109927659,45053
109933869,45052
109940054,45051
109946247,45052
109952458,45053
109958628,45045
109964859,45042
109970980,45053
109977136,45043
109983312,45045
109989494,45047
109995641,45045
110001863,45049
110008073,45049
110013269,45049
110019460,45075
110025627,45078
110031823,45077
110038059,45078
110044290,45078
110050494,45079
110056676,45084
110062153,45087
110068322,45084
110074525,45090
110079749,45094
110085931,45091
110092081,45100
110098322,45096
110104491,45101
110110667,45100
110117427,45098
110123583,45091
110129751,45103
110135913,45101
110142064,45105
110147573,45100
110153781,45137
110159994,45135
110166142,45140
110172314,45137
110178474,45143
110184645,45132
110190895,45131
110196068,45142
110202290,45144
110208442,45153
110214638,45142
110220830,45140
110226993,45142
110233180,45153
110239388,45150
110245514,45147
110251668,45149
110257895,45148
110264076,45149
110270314,45149
110276504,45150
110281941,45156
110293311,45177
110299456,45179
110305605,45169
110311801,45165
110318002,45165
110324771,45166
110330242,45156
110336382,45150
110342573,45156
110348780,45144
110354953,45141
110361068,45146
110367245,45129
110373391,45128
110379564,45114
110385728,45123
110391897,45108
110398028,45108
110404244,45096
110410448,45097
110416637,45093
110428078,45042
110434293,45045
110440450,45044
110446582,45040
110452738,45037
110458922,45038
110465091,45035
110471322,45036
110477447,45033
110483643,45026
110496419,45024
110502702,45020
110508979,45018
110515215,45019
110521419,45019
110527574,45017
110533741,45010
110540568,45009
110546827,45011
110557447,44988
110563629,44990
110569823,44987
110576025,44983
110582198,44986
110588392,44977
110594536,44985
110599988,44984
110606169,44979
110612349,44986
110618573,44983
110624812,44979
110630016,44985
110636261,44975
110642410,44986
110648556,44980
110654796,44968
110660970,44973
110667103,44975
110673324,44974
110679466,44963
110685659,44969
110691880,44988
110698058,44986
110704271,44993
110710403,44997
110716556,44997
110722762,45000
110728948,45001
110734363,44997
110740574,44999
110746778,44997
110753602,45003
110759809,45005
110765029,45004
110771253,45005
110777413,45007
110783566,45008
110789758,45008
110795929,45007
110802073,45003
110808289,45006
110814492,45010
110820662,45013
110831337,45036
110837551,45036
110843731,45032
110849913,45036
110856094,45036
110862313,45038
110868457,45043
110874654,45044
110880832,45040
110887029,45040
110893240,45042
110899414,45043
110904806,45041
110910985,45051
110917212,45049
110923393,45049
110929595,45060
110935831,45057
110942036,45062
110948208,45058
110954419,45065
110966785,45133
110972965,45132
110979136,45137
110985352,45138
110991541,45139
110997772,45138
111003992,45131
111009201,45146
111015418,45141
111021623,45142
111027827,45138
111034008,45146
111039506,45147
111045653,45145
111051887,45145
111058076,45143
111064260,45144
111070416,45141
111076612,45146
111082856,45141
111088999,45142
111094218,45142
111100424,45170
111106581,45174
111112771,45174
111118964,45174
111125144,45178
111131347,45181
111137530,45181
111142951,45173
111149076,45178
111155275,45180
111161469,45184
111167652,45176
111173849,45185
111180012,45193
111186192,45191
111192355,45198
111198537,45196
111204709,45190
111210922,45206
111217095,45202
111223288,45202
111234692,45157
111240877,45161
111247046,45156
111253209,45152
111259426,45137
111265599,45144
111271777,45135
111277253,45128
111283487,45129
111289660,45120
111295921,45121
111302113,45114
111308318,45118
111314498,45113
111320696,45101
111326918,45110
111333036,45110
111339211,45110
111345378,45097
111351563,45098
111357795,45102
111369209,45052
111375418,45047
111382122,45046
111388360,45043
111394537,45039
111400759,45029
111406937,45034
111412334,45041
111418536,45033
111424778,45030
111430987,45034
111437115,45031
111443291,45021
111448497,45015
111454617,45020
111460822,45011
111467026,45014
111473252,45019
111479418,45014
111485615,45013
111491813,45017
111503407,44987
111509593,44982
111515769,44975
111521983,44977
111528117,44979
111534293,44980
111540501,44964
111545711,44971
111551903,44982
111558049,44975
111564271,44971
111570400,44969
111576557,44975
111582755,44974
111588933,44975
111595745,44983
111601900,44971
111608081,44971
111614310,44974
111620467,44975
111626603,44974
111638198,44980
111643396,44988
111649537,44993
111655695,44983
111661892,44986
111668054,44991
111674286,44990
111680436,44994
111686610,44982
111692853,44981
111698999,44979
111705209,44986
111711425,44984
111717579,44978
111723727,44980
111729897,44975
111742669,44980
111748890,44981
111755132,44987
111761391,44982
111767519,45000
111772962,45016
111779111,45011
111785284,45008
111791475,45020
111797668,45021
111803911,45024
111810807,45030
111816081,45023
111822334,45025
111828568,45026
111834820,45031
111841085,45032
111847331,45042
111853556,45037
111859696,45034
111865967,45040
111872201,45032
111878446,45045
111884691,45052
111890938,45046
111897145,45051
111908163,45074
111914313,45077
111920509,45076
111926703,45079
111932924,45081
111939050,45078
111945217,45082
111950421,45076
111956639,45076
111962860,45083
111969048,45074
111975278,45076
111981441,45074
111987614,45070
111993773,45074
111999960,45070
112006108,45069
112012362,45068
112019122,45077
112025365,45076
112031574,45078
112042541,45114
112048695,45115
112054909,45111
112061046,45116
112067174,45122
112073322,45118
112079493,45122
112084739,45121
112090893,45127
112097091,45130
112103340,45126
112109503,45129
112115654,45137
112121814,45133
112128014,45133
112134196,45132
112140388,45134
112146544,45141
112152720,45143
112158919,45153
112165089,45149
112176003,45085
112182125,45082
112188270,45078
112194406,45069
112200590,45068
112206801,45072
112213002,45067
112219170,45060
112225319,45058
112232070,45052
112238231,45048
112244433,45045
112250600,45045
112256741,45048
112262934,45049
112269120,45043
112275312,45042
112281513,45040
112287686,45047
112293933,45039
112300077,45038
112310696,45020
112316872,45020
112323006,45023
112329240,45021
112335423,45012
112341566,45015
112347777,45009
112353243,45015
112359474,45017
112365689,45027
112371916,45018
112378055,45021
112384219,45014
112390371,45020
112396587,45017
112402754,45014
112407967,45021
112414173,45026
112420410,45023
112426570,45026
112432743,45025
112445102,44998
112451343,44993
112457446,44996
112463645,44985
112469783,44987
112475974,44981
112482163,44989
112487646,44983
112493872,44985
112499999,44991
112506267,44980
112512449,44989
112518631,44988
112524848,44989
112531004,44979
112537219,44990
112542427,44989
112548616,44989
112554833,44989
112561038,44991
112567261,44998
112573471,44995
112579612,45000
112585048,44997
112591212,45007
112597399,44997
112603581,45007
112609786,45004
112615991,45009
112622200,45002
112628403,45008
112634628,45004
112640807,45009
112647578,45007
112653825,45004
112659996,45004
112666161,45008
112672339,45000
112677584,45000
112683778,45006
112689997,45010
112696164,45011
112702371,45010
112708542,45008
112719521,45062
112725682,45059
112731901,45056
112738037,45063
112744204,45062
112750400,45065
112756588,45070
112761791,45066
112768009,45070
112774252,45069
112780439,45078
112786584,45077
112792792,45077
112798952,45079
112805117,45076
112811361,45083
112817532,45078
112823714,45076
112829933,45080
112836078,45087
112842298,45088
112853896,45104
112860647,45106
112866837,45107
112873012,45111
112879202,45107
112885289,45109
112891445,45110
112896632,45113
112902833,45111
112909031,45114
112915249,45111
112921452,45119
112927618,45121
112933820,45123
112940004,45114
112946211,45113
112951675,45117
112957926,45120
112964071,45124
112970251,45131
112976470,45126
112989221,45142
112995456,45148
113001650,45136
113007807,45149
113013993,45147
113020187,45141
113026413,45151
113032563,45148
113038745,45147
113044915,45147
113051075,45137
113057305,45147
113063453,45138
113069591,45146
113076378,45144
113081789,45132
113088011,45134
113094176,45134
113100387,45124
113106565,45124
113112744,45118
113123382,45048
113129591,45051
113135777,45050
113141960,45052
113148128,45048
113154344,45041
113160523,45049
113166726,45053
113172924,45050
113179150,45046
113185379,45045
113191600,45045
113197787,45047
113203953,45045
113210149,45067
113216365,45047
113222542,45047
113228723,45039
113234928,45044
113241151,45035
113247356,45045
113258300,45020
113264447,45016
113270631,45023
113276831,45011
113283703,45007
113289941,45018
113296098,45012
113301302,45011
113307449,45013
113313621,45012
113319859,45012
113326028,45009
113332186,45004
113338372,45009
113344545,45008
113350700,45003
113356903,45006
113363107,45004
113369362,45002
113375544,44999
113381724,45002
113392660,45006
113398904,45005
113405065,45008
113411217,45008
113417399,45007
113423593,45005
113429805,45012
113435025,45017
113441248,45016
113447448,45022
113453594,45011
113459774,45024
113465953,45022
113472097,45021
113478291,45010
113484459,45015
113491197,45023
113497474,45022
113503662,45025
113509863,45026
113516050,45027
113527027,45035
113533116,45044
113539299,45041
113545474,45049
113551671,45052
113557915,45046
113564073,45049
113569276,45045
113575460,45047
113581632,45047
113587817,45040
113594058,45037
113600259,45042
113606446,45044
113612601,45043
113618761,45051
113624961,45053
113631138,45056
113637345,45060
113643466,45059
113649686,45059
113660593,45115
113666822,45107
113673023,45112
113679185,45116
113685358,45115
113691546,45117
113697731,45115
113703512,45114
113709683,45117
113715866,45117
113722064,45117
113728274,45125
113734442,45117
113740602,45121
113746783,45120
113752953,45120
113759119,45122
113765349,45120
113771513,45123
113777668,45124
113783832,45125
113795437,45127
113801639,45123
113807840,45124
113814011,45129
113820141,45134
113826278,45127
113832501,45123
113838696,45131
113844940,45134
113851131,45129
113857298,45134
113863488,45131
113869654,45132
113875853,45132
113882033,45135
113888295,45131
113894469,45138
113900692,45130
113906929,45134
113913765,45140
113918976,45138
113930592,45135
113935821,45129
113942009,45127
113948227,45129
113954429,45120
113960669,45121
113966804,45123
113972973,45113
113979168,45107
113985376,45106
113991581,45103
113997749,45105
114003923,45099
114010124,45093
114016376,45089
114022553,45092
114028745,45091
114034932,45088
114041164,45073
114047369,45075
114052784,45072
114064191,45023
114069651,45025
114075886,45010
114082082,45018
114088231,45015
114094414,45015
114100614,45015
114106768,45006
114112987,45013
114119079,45008
114125935,45006
114132081,45003
114138228,45005
114144463,44998
114150681,44990
114156946,45001
114163127,44995
114169299,44990
114175485,44993
114181674,45000
114187867,44988
114199250,44966
114204724,44966
114210944,44972
114217155,44965
114223361,44965
114236212,44963
114242450,44953
114248717,44956
114254941,44951
114261103,44940
114267279,44949
114273465,44948
114279694,44946
114285931,44943
114292112,44950
114298307,44944
114304551,44945
114310766,44941
114317025,44930
114327661,44935
114333856,44934
114340736,44940
114346967,44944
114353206,44949
114359498,44949
114365724,44953
114371978,44948
114378153,44947
114383357,44944
114389576,44942
114395756,44941
114401944,44942
114408106,44945
114414288,44945
114420490,44951
114426720,44953
114432992,44944
114439216,44953
114445385,44948
114451602,44948
114462237,44963
114468478,44960
114473927,44970
114480041,44959
114486226,44967
114492389,44967
114498556,44969
114504761,44965
114510959,44970
114516130,44971
114522343,44971
114528496,44964
114534698,44974
114540868,44973
114547036,44978
114553881,44979
114560063,44985
114566308,44987
114572500,44978
114578662,44988
114584898,44992
114595575,45034
114601747,45037
114607174,45046
114613344,45049
114619565,45050
114625753,45051
114631962,45054
114638137,45049
114644347,45052
114650548,45047
114656732,45056
114662936,45057
114669101,45056
114675249,45055
114681443,45047
114687618,45050
114693853,45049
114700033,45057
114706184,45048
114712397,45054
114718566,45057
114724746,45051
114730956,45056
114737123,45062
114742314,45056
114748497,45069
114754669,45077
114761388,45073
114767569,45069
114773778,45085
114779970,45070
114786148,45082
114791636,45078
114797842,45082
114804025,45084
114810161,45071
114816350,45080
114822542,45082
114828710,45081
114834954,45082
114841121,45074
114847324,45077
114853537,45077
114859683,45078
114871066,45109
114875834,45097
114882040,45103
114888197,45097
114894369,45096
114900543,45084
114906716,45080
114912960,45085
114919138,45081
114925293,45080
114931480,45077
114937655,45072
114943869,45064
114950071,45058
114956233,45057
114962405,45047
114968607,45048
114975416,45040
114981610,45038
114987811,45027
114994038,45022
115005370,44971
115010151,44962
115016324,44971
115022528,44967
115028711,44965
115034947,44964
115041095,44958
115047261,44957
115053450,44958
115059673,44958
115065902,44954
115072053,44949
115078201,44959
115084376,44955
115090562,44954
115096784,44950
115103027,44944
115109134,44937
115115323,44935
115121533,44929
115127720,44925
115139212,44897
115144667,44892
115150208,44889
115156399,44886
115162604,44894
115168788,44890
115175001,44884
115181689,44887
115187957,44887
115194158,44887
115199374,44882
115205541,44877
115211688,44881
115217894,44877
115224081,44880
115230276,44878
115236504,44873
115242702,44865
115248893,44906
115255058,44870
115261289,44869
115267497,44866
115273664,44867
115279080,44869
115284599,44864
115290828,44868
115297048,44861
115303157,44857
115309347,44866
115315537,44859
115321686,44859
115327892,44856
115334046,44869
115340212,44864
115346407,44875
115352605,44866
115358850,44867
115365043,44866
115371161,44866
115377375,44867
115383580,44862
115390353,44862
115396617,44860
115402794,44857
115413527,44853
115419087,44861
115425242,44859
115431458,44864
115437662,44867
115443861,44863
115450031,44843
115456157,44868
115462315,44864
115468504,44867
115480286,44870
115486539,44871
115492744,44878
115498949,44875
115505129,44884
115511344,44887
115517554,44885
115523723,44891
115529896,44888
115536103,44889
115542321,44943
115547109,44937
115553333,44937
115559529,44943
115565707,44949
115571940,44941
115578144,44946
115584346,44946
115590533,44943
115596696,44946
115602946,44952
115609759,44961
115615986,44945
115622120,44956
115628252,44952
115634435,44960
115640659,44957
115646848,44959
115653067,44964
115659215,44957
115665391,44960
115671600,44964
115681480,45002
115687681,44999
115693885,45009
115700095,45005
115706325,45011
115712513,45004
115718707,44998
115724925,45011
115731062,44999
115737221,45002
115742417,45005
115748547,45011
115754734,45015
115760935,45014
115767115,45026
115773343,45016
115779485,45012
115785651,45017
115791802,45012
115798022,45008
115804212,45009
115810412,45021
115821223,45068
115827377,45066
115833567,45066
115839729,45057
115845975,45063
115852095,45048
115858270,45052
115864475,45047
115870644,45043
115876875,45041
115883043,45035
115889207,45038
115895395,45029
115901617,45032
115907848,45028
115914064,45023
115920299,45017
115926464,45006
115932661,45013
115938857,45004
115945045,45005
115954704,44943
115960941,44944
115967131,44940
115973331,44945
115979491,44942
115985639,44939
115991774,44943
115997962,44925
116004155,44935
116010354,44931
116016522,44930
116022711,44927
116029538,44925
116035697,44927
116041914,44927
116048059,44925
116054264,44920
116060446,44927
116066575,44930
116072735,44923
116078905,44923
116089541,44894
116095728,44896
116101950,44889
116108149,44891
116114387,44892
116120587,44895
116126775,44894
116132965,44890
116139108,44889
116145273,44892
116151491,44886
116156960,44890
116163160,44887
116169361,44891
116175590,44889
116181784,44875
116188035,44879
116194147,44878
116200328,44881
116206461,44883
116212644,44881
116223302,44907
116228741,44901
116234972,44894
116241767,44893
116248006,44893
116254147,44899
116260305,44901
116266430,44897
116272624,44900
116278794,44899
116285019,44901
116291159,44900
116297351,44900
116303566,44897
116309744,44893
116315990,44904
116322209,44898
116328344,44902
116334524,44901
116340711,44894
116346884,44890
116357556,44904
116363006,44902
116369169,44899
116375348,44897
116381524,44899
116387711,44908
116393922,44907
116400107,44910
116406245,44906
116412460,44904
116418651,44908
116424867,44917
116431111,44917
116437322,44919
116443560,44917
116450445,44923
116456728,44927
116462941,44932
116469172,44925
116475376,44931
116481560,44930
116492173,44977
116497660,44979
116503873,44972
116510055,44980
116516211,44974
116522372,44974
116528557,44979
116534732,44971
116540956,44974
116547133,44973
116553300,44980
116559529,44971
116564732,44971
116570909,44973
116577082,44968
116583276,44972
116589496,44978
116595632,44976
116601788,44974
116607978,44972
116614157,44978
116620409,44977
116625891,45015
116632073,45020
116638243,45014
116644427,45020
116650673,45027
116657409,45024
116663613,45018
116669756,45016
116675976,45023
116682141,45022
116688329,45022
116694496,45022
116699696,45023
116705891,45016
116712066,45025
116718220,45027
116731247,45033
116737483,45033
116743662,45032
116749874,45032
116760490,45024
116766698,45014
116772904,45013
116779057,45015
116785253,45005
116791421,45005
116797626,45004
116803802,45000
116810037,44991
116816149,44980
116822345,44982
116828586,44978
116834782,44971
116841018,44966
116847163,44966
116853371,44957
116859582,44956
116865725,44947
116872480,44956
116878703,44953
116884879,44940
116895535,44901
116901721,44908
116906953,44899
116913163,44902
116919396,44897
116925563,44890
116931724,44897
116937883,44891
116944062,44888
116950230,44885
116956435,44880
116962569,44879
116968751,44885
116974926,44877
116981093,44877
116987314,44869
116993471,44873
116999605,44870
117005767,44872
117011948,44869
117018083,44868
117029743,44838
117035970,44834
117042133,44826
117048342,44834
117054552,44834
117060737,44837
117066969,44829
117073119,44832
117079268,44834
117086109,44832
117092283,44825
117098446,44831
117104654,44823
117109840,44827
117116028,44826
117122132,44817
117128327,44828
117134484,44823
117140607,44817
117146796,44817
117153037,44822
117164035,44819
117170189,44818
117176382,44819
117182551,44820
117188746,44819
117194999,44813
117201191,44811
117207343,44817
117213535,44813
117219709,44813
117225961,44813
117232150,44815
117238340,44822
117243538,44813
117249688,44811
117255878,44817
117262053,44815
117268199,44817
117274441,44820
117280557,44809
117286706,44814
117298314,44855
117304487,44855
117310719,44859
117316966,44863
117323092,44866
117329293,44864
117335459,44864
117341657,44870
117347792,44873
117353981,44875
117360134,44876
117366352,44867
117372557,44879
117377773,44873
117383989,44870
117390180,44881
117396416,44880
117402551,44887
117408749,44886
117414933,44885
117421100,44891
117427294,44887
117432748,44936
117438997,44935
117445162,44941
117451305,44951
117457471,44938
117462697,44941
117468893,44946
117475061,44943
117481263,44955
117487486,44951
117493655,44955
117500442,44943
117506645,44956
117512078,44954
117518261,44950
117524439,44954
117530634,44957
117536819,44945
117543028,44950
117549202,44955
117555399,44953
117561597,44953
117566823,44954
117573050,44985
117579271,44979
117585480,44979
117591602,44976
117597783,44981
117603996,44987
117610189,44998
117616403,44988
117622581,44996
117628759,44998
117634977,44996
117641138,44994
117646579,44993
117652779,45002
117658981,44997
117665164,45001
117671331,45004
117677506,45003
117683666,45012
117689869,45004
117696087,45016
117701296,45011
117707536,45013
117714343,45002
117720539,45005
117726724,45003
117732933,45000
117738343,44996
117744553,44979
117750721,44984
117756929,44975
117763099,44973
117769267,44980
117775444,44952
117780640,44967
117786863,44956
117793062,44951
117799277,44948
117805504,44941
117811677,44938
117817871,44932
117824074,44926
117830257,44924
117836474,44924
117848081,44878
117854216,44875
117860373,44875
117866572,44869
117872761,44860
117879001,44866
117885149,44863
117891304,44862
117897505,44860
117903667,44858
117909861,44854
117915104,44852
117921902,44852
117928122,44858
117934318,44859
117940516,44846
117946658,44845
117952811,44837
117959037,44849
117977426,44802
117983632,44805
117989874,44796
117996086,44802
118002331,44800
118008533,44802
118014698,44805
118020873,44797
118027037,44803
118033240,44802
118039451,44792
118044866,44796
118051089,44790
118057279,44791
118063471,44794
118069641,44792
118075828,44790
118082053,44784
118088221,44784
118094412,44781
118100614,44787
118111253,44796
118117420,44797
118123591,44785
118129787,44804
118136002,44795
118142739,44793
118148947,44799
118155121,44797
118161324,44807
118167527,44799
118173677,44801
118179843,44797
118186033,44797
118192230,44797
118198451,44798
118204622,44799
118210807,44795
118216986,44794
118223149,44791
118229383,44794
118235557,44795
118246484,44783
118252657,44791
118258863,44786
118265078,44790
118271266,44790
118277419,44794
118283609,44796
118289794,44796
118296032,44793
118302189,44806
118308407,44801
118313597,44804
118319768,44806
118325971,44812
118332161,44813
118338354,44815
118344541,44819
118351264,44812
118357459,44815
118363620,44826
118369836,44831
118380809,44858
118387022,44863
118393165,44873
118399346,44869
118405526,44868
118411693,44862
118417884,44873
118424107,44877
118430291,44875
118436493,44868
118442700,44876
118448896,44869
118455105,44872
118461223,44868
118467399,44866
118473595,44874
118479747,44870
118485990,44870
118492153,44879
118498314,44879
118504498,44879
118515130,44917
118521330,44929
118527540,44921
118533721,44928
118539921,44926
118546101,44924
118552313,44925
118559254,44928
118564683,44932
118570939,44925
118577099,44932
118583249,44936
118589436,44935
118595585,44929
118601740,44898
118607947,44934
118614089,44940
118620263,44939
118626461,44936
118632648,44933
118638829,44942
118649498,44982
118655713,44979
118661870,44977
118668060,44980
118674230,44979
118680442,44975
118686582,44972
118692740,44972
118698950,44974
118705135,44964
118711339,44967
118717513,44960
118722934,44956
118729112,44949
118735251,44951
118741423,44948
118747581,44946
118753763,44934
118759999,44938
118766811,44932
118773043,44925
118783610,44871
118789776,44877
118795960,44874
118802129,44870
118808319,44876
118814511,44878
118820672,44870
118826890,44865
118833079,44865
118839253,44870
118845489,44866
118851607,44871
118857040,44869
118863164,44867
118869375,44864
118875607,44864
118881779,44863
118888028,44857
118894147,44857
118900315,44855
118906486,44856
118917133,44847
118923347,44843
118929551,44850
118935700,44845
118941894,44854
118948092,44854
118954264,44846
118960472,44834
118966619,44840
118972779,44838
118979585,44838
118985781,44828
118991956,44828
118998153,44839
119004393,44834
119010526,44831
119016637,44832
119022835,44829
119029018,44833
119035219,44833
119041440,44831
119052369,44855
119058509,44856
119064702,44856
119070852,44857
119077076,44851
119083214,44859
119089430,44862
119095643,44854
119101839,44863
119108034,44859
119114207,44856
119120359,44855
119126560,44859
119131790,44855
119137988,44868
119144125,44863
119150303,44864
119156521,44864
119162665,44865
119168868,44858
119175059,44865
119187304,44881
119193454,44888
119199651,44880
119205846,44883
119218655,44882
119224898,44885
119231189,44886
119237390,44887
119243604,44888
119249787,44894
119256024,44889
119261207,44893
119267433,44896
119273586,44897
119279734,44895
119285945,44896
119292138,44897
119298345,44898
119304579,44897
119316170,44934
119321380,44946
119327559,44941
119333738,44948
119339928,44944
119346110,44944
119352311,44945
119358547,44954
119364727,44953
119370914,44948
119377074,44960
119383268,44939
119389474,44956
119395590,44954
119402417,44955
119408571,44950
119414758,44952
119420935,44949
119427127,44953
119433319,44957
119439536,44963
119451122,44972
119456341,44983
119462495,44985
119468621,44980
119474773,44981
119480933,44982
119487116,44975
119493273,44981
119499520,44972
119505697,44982
119511893,44984
119518077,44984
119524260,44981
119529708,44985
119534889,44975
119541086,44988
119547236,44987
119553445,44991
119559610,44987
119565793,44985
119572004,44989
119578206,44990
119584462,44966
119589939,44956
119596099,44949
119602226,44949
119608384,44934
119615177,44934
119621330,44928
119627543,44930
119633746,44921
119639983,44929
119646101,44921
119652262,44925
119658458,44914
119664605,44909
119669021,44907
119675208,44904
119681450,44896
119687645,44893
119693851,44894
119700029,44890
119706194,44880
119712357,44882
119718525,44881
119724654,44843
119730831,44839
119737008,44835
119743224,44835
119749432,44841
119755599,44825
119761756,44814
119767933,44817
119774117,44820
119780310,44816
119786568,44817
119792735,44819
119798944,44812
119803683,44812
119809830,44815
119816019,44811
119822815,44806
119829024,44813
119835203,44807
119841376,44819
119847540,44811
119859022,44799
119864438,44795
119870621,44783
119876800,44792
119883024,44790
119889207,44784
119895410,44787
119901651,44781
119907838,44790
119914086,44787
119920287,44785
119926466,44787
119932659,44776
119937853,44786
119943324,44790
119949509,44789
119955678,44792
119961920,44790
119968110,44789
119974255,44785
119980453,44788
119986622,44792
119992854,44807
119999092,44806
120005234,44814
120011419,44815
120017558,44814
120023759,44817
120030539,44812
120036766,44816
120042994,44816
120049125,44813
120055298,44817
120061470,44817
120067623,44814
120072074,44811
120078256,44820
120084452,44817
120090697,44817
120096930,44820
120103117,44804
120109332,44808
120115532,44818
120121678,44813
120133232,44834
120138412,44840
120144578,44844
120150752,44842
120156970,44852
120163156,44848
120169381,44856
120175540,44857
120181721,44857
120187938,44858
120194103,44862
120200255,44855
120206448,44867
120211221,44857
120217365,44870
120223531,44871
120229756,44862
120235972,44865
120242727,44860
120248940,44866
120255123,44871
120261235,44867
120267398,44891
120272577,44898
120278719,44897
120284877,44898
120291063,44898
120297251,44897
120303496,44902
120309640,44896
120315811,44897
120322012,44894
120328188,44895
120334375,44895
120340561,44900
120345358,44902
120351541,44893
120357766,44899
120364005,44891
120370190,44894
120376381,44899
120382618,44904
120388772,44903
120394999,44898
120406388,44940
120411826,44945
120418041,44947
120424194,44946
120430366,44950
120436537,44955
120442758,44954
120449513,44954
120462367,44953
120468551,44955
120474812,44958
120481032,44959
120487196,44965
120493411,44967
120499595,44971
120505765,44975
120511942,44965
120518143,44967
120524347,44976
120535988,44871
120541195,44874
120547385,44865
120553593,44865
120559742,44862
120565944,44862
120572096,44848
120578299,44854
120584514,44852
120590679,44852
120596861,44851
120603074,44837
120609253,44851
120614706,44850
120619908,44851
120626100,44844
120632303,44839
120638489,44837
120644617,44836
120650785,44841
120656997,44837
120663217,44834
120674838,44784
120681032,44782
120687218,44783
120693416,44786
120699612,44781
120705778,44789
120712046,44782
120718225,44781
120724397,44781
120730585,44780
120736777,44777
120743022,44785
120748226,44781
120753712,44786
120759854,44781
120766072,44775
120772244,44780
120778426,44777
120784614,44776
120790790,44781
120797038,44775
120808397,44731
120814546,44737
120820706,44732
120826875,44738
120833054,44739
120839298,44736
120845523,44732
120851672,44726
120857875,44735
120864097,44741
120870268,44743
120877055,44731
120883247,44743
120888750,44740
120894927,44735
120901128,44740
120907313,44734
120913494,44728
120919718,44735
120925918,44731
120932112,44728
120943475,44711
120948909,44714
120955114,44703
120961295,44707
120967473,44700
120973675,44704
120979930,44704
120986108,44703
120992263,44703
120998433,44706
121004604,44701
121010784,44707
121016999,44706
121023145,44703
121029283,44703
121035444,44706
121041609,44705
121047825,44709
121054036,44702
121060199,44705
121066377,44701
121077736,44743
121083174,44749
121090016,44746
121096235,44753
121102375,44746
121108564,44754
121114751,44756
121120958,44762
121127165,44758
121133308,44762
121139470,44763
121145646,44764
121151831,44769
121158046,44769
121163230,44770
121169465,44764
121175616,44768
121181782,44773
121187979,44775
121194205,44781
121200415,44780
121212050,44808
121217224,44808
121223447,44799
121229595,44801
121235764,44795
121241930,44809
121248114,44802
121254288,44808
121260492,44808
121266635,44802
121272788,44807
121278951,44806
121285119,44811
121291293,44815
121297509,44813
121303656,44815
121309826,44816
121315994,44815
121322165,44816
121328412,44821
121334521,44832
121346132,44879
121352292,44878
121358450,44881
121364650,44882
121370833,44887
121377053,44884
121383229,44889
121389417,44890
121395610,44899
121401809,44902
121408022,44902
121414192,44907
121420372,44904
121426519,44909
121431749,44910
121437915,44905
121444115,44908
121450285,44927
121456463,44923
121462626,44920
121468756,44926
121480310,44789
121486473,44790
121491645,44786
121497823,44786
121504543,44787
121510774,44784
121516947,44776
121523110,44785
121529296,44784
121535506,44783
121541717,44779
121547910,44785
121554150,44778
121560308,44781
121566533,44779
121572688,44777
121578874,44780
121585065,44781
121591235,44784
121597462,44785
121603643,44797
121615193,44754
121621367,44760
121626551,44759
121632690,44767
121638871,44763
121645085,44759
121651303,44760
121657510,44761
121663644,44758
121669802,44755
121675970,44763
121682157,44758
121688337,44761
121694555,44758
121707578,44753
121712807,44761
121719565,44755
121725838,44759
121732044,44754
121738219,44757
121744411,44728
121750605,44741
121756045,44732
121762155,44734
121768368,44737
121774556,44733
121780786,44735
121787010,44732
121793190,44738
121799356,44735
121805516,44735
121811720,44743
121817927,44742
121824133,44746
121830265,44747
121836449,44757
121841669,44750
121847094,44751
121853283,44750
121859475,44752
121865671,44754
121871851,44758
121883265,44759
121889462,44764
121895584,44759
121901760,44760
121907955,44759
121914172,44762
121920349,44760
121926552,44770
121933414,44764
121939586,44767
121945704,44772
121951951,44766
121958131,44769
121964283,44770
121970552,44765
121975963,44786
121981179,44770
121987374,44781
121993588,44779
121999753,44784
122005976,44776
122012154,44775
122018326,44853
122024525,44853
122029965,44859
122036187,44853
122042405,44856
122048595,44864
122054798,44871
122061019,44863
122067185,44862
122073363,44872
122079525,44867
122085698,44870
122091942,44869
122098131,44867
122104325,44878
122109518,44873
122115667,44875
122121870,44872
122128071,44884
122134236,44883
122141136,44885
122147365,44883
122158981,44875
122164170,44882
122170398,44879
122176571,44885
122182694,44874
122188870,44877
122195066,44879
122201243,44877
122207485,44873
122213612,44876
122219762,44875
122225943,44872
122232132,44883
122238298,44881
122243793,44875
122250042,44883
122256222,44877
122262408,44878
122268625,44888
122274807,44887
122281000,44887
122292368,44928
122298526,44921
122304632,44918
122310767,44915
122316979,44905
122323132,44915
122329326,44902
122335518,44904
122341681,44896
122347865,44885
122354610,44887
122360762,44871
122366936,44880
122373131,44867
122378568,44866
122384758,44859
122390974,44867
122396196,44862
122402414,44850
122408618,44846
122414817,44849
122426481,44816
122432682,44815
122437869,44809
122444077,44812
122450273,44795
122456490,44800
122462652,44796
122468810,44803
122474986,44793
122481142,44796
122487304,44797
122493514,44792
122499653,44788
122505803,44778
122512015,44785
122517435,44782
122523637,44779
122529815,44783
122535045,44779
122541230,44775
122547396,44777
122553547,44772
122565820,44774
122572063,44770
122577258,44784
122583485,44781
122589658,44776
122595848,44782
122602041,44780
122608183,44780
122614361,44782
122620540,44780
122626675,44776
122632819,44782
122639012,44777
122645208,44785
122650666,44777
122656828,44774
122663058,44770
122669244,44770
122675412,44777
122681587,44771
122687784,44777
122699200,44808
122705445,44806
122710880,44809
122717112,44805
122723267,44803
122729462,44801
122735618,44801
122741796,44792
122747970,44798
122754152,44798
122760283,44801
122766472,44801
122772683,44802
122779538,44794
122784762,44803
122790957,44802
122797156,44799
122803317,44798
122809518,44805
122815642,44802
122821771,44801
122833361,44808
122839527,44818
122844734,44815
122850922,44809
122857131,44824
122863365,44811
122869571,44823
122875706,44822
122881887,44823
122888051,44823
122894225,44822
122900443,44821
122906591,44824
122912760,44814
122918940,44827
122925148,44829
122931335,44825
122937532,44824
122943640,44833
122961981,44858
122968119,44863
122973338,44863
122979564,44868
122985753,44868
122992477,44867
122998696,44863
123004881,44874
123011061,44865
123017284,44867
123023518,44865
123029654,44871
123035792,44877
123041977,44870
123048120,44873
123054305,44868
123060521,44862
123066713,44868
123072897,44861
123079100,44865
123084540,44863
123095931,44888
123102114,44881
123108323,44892
123114539,44897
123120692,44892
123126882,44902
123133058,44901
123139246,44909
123145432,44908
123151603,44911
123157750,44915
123163943,44907
123170128,44912
123176310,44906
123182506,44920
123188665,44912
123194830,44928
123201572,44922
123207750,44925
123213932,44928
123219371,44936
123230735,44881
123236887,44886
123242313,44880
123248513,44880
123254703,44865
123260851,44864
123267055,44854
123273153,44861
123279291,44856
123285487,44845
123291676,44845
123297839,44841
123304073,44836
123310206,44834
123316373,44838
123322555,44828
123327784,44825
123334022,44827
123340199,44825
123346373,44822
123352528,44820
123357940,44817
123369381,44770
123375573,44765
123381005,44766
123387174,44770
123393353,44764
123399482,44766
123405710,44757
123411883,44760
123418698,44753
123424891,44752
123431080,44752
123437221,44749
123443352,44756
123449498,44747
123455695,44742
123461920,44753
123467146,44750
123473314,44745
123479498,44746
123485641,44739
123491799,44751
123503419,44715
123509597,44716
123514802,44713
123521009,44710
123527195,44717
123533408,44711
123539587,44704
123545714,44699
123551867,44704
123558067,44701
123564221,44709
123570424,44707
123576610,44699
123582785,44709
123588961,44704
123595124,44713
123600518,44709
123606721,44711
123612918,44717
123619112,44711
123625962,44715
123636665,44721
123642829,44721
123649070,44730
123655217,44720
123661363,44726
123667537,44721
123673706,44718
123679880,44726
123686078,44721
123692241,44717
123698380,44715
123704556,44718
123710774,44725
123716997,44716
123723195,44723
123729345,44722
123734554,44719
123740694,44710
123746881,44724
123753080,44709
123759259,44710
123765508,44704
123770951,44760
123777189,44746
123783376,44746
123788572,44758
123794725,44762
123800892,44764
123807070,44757
123813255,44761
123819453,44772
123825589,44765
123831719,44771
123838494,44774
123844663,44786
123850831,44785
123857031,44783
123863168,44775
123868622,44781
123874860,44780
123881085,44783
123887205,44779
123893347,44784
123899533,44781
123905749,44825
123911968,44830
123918171,44827
123923381,44827
123929574,44831
123935719,44825
123941923,44824
123948075,44828
123954225,44831
123960447,44832
123966627,44839
123972799,44834
123978984,44831
123985151,44833
123991321,44832
123997515,44831
124003711,44838
124009886,44836
124016097,44838
124022267,44837
124028476,44833
124034656,44832
124046197,44852
124052434,44856
124057642,44860
124063797,44860
124069963,44855
124076143,44858
124082326,44860
124088540,44868
124094728,44866
124100920,44864
124107113,44865
124113276,44870
124119529,44865
124125737,44873
124131907,44869
124138106,44873
124143552,44870
124149768,44870
124155974,44870
124162162,44874
124168346,44874
124179731,44825
124185149,44825
124197898,44815
124204112,44809
124210342,44805
124216572,44800
124222690,44781
124228867,44782
124235038,44778
124241212,44759
124247453,44762
124253693,44758
124259992,44760
124266872,44754
124272406,44745
124278594,44743
124284753,44733
124290969,44740
124297186,44741
124303315,44733
124309513,44736
124314735,44731
124321010,44731
124326466,44737
124332694,44726
124338921,44730
124345131,44723
124351258,44722
124357438,44720
124363602,44712
124369792,44721
124376028,44712
124382198,44719
124388314,44712
124394477,44718
124400690,44703
124406877,44711
124413084,44704
124419227,44716
124425403,44712
124431564,44723
124437712,44713
124443878,44704
124449086,44697
124455279,44703
124460754,44691
124466968,44696
124473836,44700
124480035,44698
124486213,44697
124492347,44694
124498532,44694
124504721,44693
124510880,44696
124517106,44695
124523270,44685
124529472,44691
124535652,44690
124541843,44697
124547038,44694
124553231,44688
124559426,44692
124565623,44685
124571772,44698
124583403,44722
124589587,44713
124595766,44722
124601958,44722
124608136,44711
124614265,44717
124620445,44717
124626615,44715
124632810,44715
124639058,44717
124645259,44716
124651466,44715
124657654,44715
124663848,44724
124670089,44720
124676241,44712
124682327,44718
124688547,44723
124694735,44712
124700926,44710
124707127,44720
124718497,44767
124723955,44773
124730166,44776
124735339,44776
124741586,44774
124747763,44783
124753920,44787
124760104,44784
124766269,44778
124772505,44786
124778665,44783
124784814,44782
124791047,44792
124797255,44791
124803468,44789
124809625,44788
124815766,44792
124821929,44797
124828105,44801
124834272,44800
124840480,44800
124852135,44841
124858283,44843
124864462,44853
124869684,44850
124875834,44855
124882010,44854
124888197,44862
124895004,44855
124901169,44857
124907405,44859
124913641,44848
124919793,44854
124925960,44852
124932153,44850
124938359,44848
124944554,44862
124950717,44862
124956144,44861
124962261,44861
124968425,44860
124974615,44852
124980796,44851
124987025,44892
124993197,44886
124998377,44895
125003828,44894
125010034,44896
125016186,44894
125022302,44903
125028466,44899
125034655,44908
125040862,44903
125047081,44900
125053293,44899
125059467,44869
125065667,44902
125071862,44898
125078105,44902
125084296,44891
125089514,44897
125095657,44909
125102389,44903
125108637,44907
125114808,44906
125126477,44878
125132671,44876
125137860,44866
125143324,44865
125149514,44863
125155687,44861
125161840,44858
125168034,44857
125174204,44844
125180336,44839
125186563,44831
125192765,44830
125198994,44824
125205231,44829
125211404,44816
125217590,44813
125223786,44810
125228983,44805
125235166,44803
125241344,44800
125247568,44799
125253712,44796
125265286,44764
125271500,44751
125276706,44750
125282878,44756
125289070,44748
125295237,44742
125301448,44752
125307637,44753
125314380,44751
125320623,44752
125326782,44748
125333007,44750
125339203,44750
125345432,44751
125351617,44745
125357843,44746
125363264,44739
125369434,44749
125375631,44743
125381840,44745
125388020,44752
125399420,44728
125405623,44721
125411063,44726
125417198,44730
125423392,44728
125429524,44722
125442344,44728
125448559,44726
125454814,44724
125461032,44724
125467235,44725
125473438,44723
125479629,44714
125485802,44730
125491005,44726
125497194,44715
125503426,44714
125509643,44718
125515822,44720
125527418,44769
125534201,44770
125539420,44771
125545588,44772
125550964,44771
125557166,44778
125563249,44765
125569392,44778
125575574,44773
125581796,44763
125588035,44763
125594227,44761
125600456,44752
125606700,44758
125612862,44749
125619109,44756
125625278,44753
125631452,44752
125637616,44749
125643817,44754
125650037,44745
125661445,44774
125667599,44783
125673799,44785
125679991,44780
125685451,44781
125691622,44785
125697808,44785
125703924,44785
125710144,44796
125716286,44789
125722481,44789
125728709,44795
125734928,44798
125741169,44799
125748037,44801
125754207,44803
125760378,44804
125765586,44810
125771736,44803
125777885,44800
125784071,44817
125790269,44809
125796479,44868
125802610,44861
125808846,44864
125814263,44863
125819482,44865
125825645,44873
125831835,44862
125838049,44863
125844199,44868
125850410,44864
125856595,44868
125862749,44866
125868905,44856
125875165,44868
125881342,44858
125887530,44866
125893670,44866
125899830,44867
125905998,44863
125912173,44867
125918349,44861
125924558,44866
125936144,44920
125942298,44913
125948462,44908
125954613,44912
125960823,44911
125967035,44914
125973207,44919
125979357,44916
125985519,44924
125991743,44921
125997925,44927
126004158,44932
126010268,44934
126016402,44924
126022557,44934
126028741,44932
126034907,44936
126040160,44944
126046316,44942
126052554,44947
126058754,44953
126070414,44929
126076591,44937
126082767,44926
126087998,44921
126093455,44911
126099647,44910
126105849,44907
126112046,44908
126118238,44905
126124436,44901
126130633,44888
126136810,44891
126143024,44891
126149206,44975
126155365,44874
126161516,44874
126168261,44862
126174453,44863
126180686,44857
126186851,44863
126193108,44860
126204506,44811
126210667,44803
126216835,44806
126222310,44809
126227523,44800
126233752,44801
126239905,44790
126246104,44797
126252300,44792
126258560,44789
126264713,44791
126270875,44784
126277060,44778
126283254,44782
126289461,44776
126295668,44774
126301806,44778
126307978,44782
126314169,44774
126320386,44773
126326622,44769
126332761,44766
126338922,44739
126345102,44744
126351271,44736
126356679,44744
126361868,44733
126368052,44737
126374855,44737
126381118,44737
126387291,44742
126393541,44734
126399680,44729
126405840,44733
126412054,44733
126418214,44734
126424371,44735
126430548,44738
126436681,44730
126442894,44727
126448331,44733
126454510,44729
126460713,44739
126466906,44728
126478333,44726
126484565,44723
126490670,44727
126496089,44730
126501282,44725
126507488,44723
126513687,44723
126519869,44718
126526076,44720
126532267,44713
126538457,44716
126544623,44718
126550787,44717
126556984,44712
126563172,44718
126569319,44718
126575510,44721
126581674,44722
126588504,44715
126594689,44730
126600862,44729
126607086,44728
126613291,44773
126619517,44763
126625723,44766
126631887,44768
126638071,44768
126644253,44765
126650475,44763
126656654,44773
126662800,44759
126668978,44773
126675163,44768
126687938,44770
126694156,44771
126700377,44769
126706559,44773
126712733,44779
126718180,44775
126724364,44778
126730530,44776
126736766,44773
126748160,44821
126754369,44815
126760574,44819
126766747,44823
126772890,44821
126779086,44814
126785257,44828
126791476,44829
126797632,44822
126804465,44833
126810635,44831
126816805,44833
126823014,44836
126829220,44835
126835377,44836
126841589,44839
126847779,44848
126853238,44840
126859427,44846
126865592,44853
126871761,44856
126883180,44858
126889442,44866
126895656,44866
126901075,44882
126907234,44878
126913382,44867
126919589,44874
126925775,44872
126931941,44879
126938153,44883
126944298,44883
126950477,44882
126956654,44887
126962846,44890
126969043,44887
126975213,44897
126981356,44889
126986567,44890
126992757,44899
126998931,44893
127005176,44897
127017534,44947
127023703,44942
127029860,44943
127035292,44945
127041448,44943
127047675,44949
127053833,44954
127060145,44943
127066314,44950
127072511,44940
127078682,44949
127084871,44946
127091056,44940
127097222,44939
127103387,44936
127109546,44936
127115721,44924
127120926,44921
127127119,44912
127133320,44911
127139550,44908
127151209,44787
127157358,44789
127163525,44788
127169713,44787
127175884,44787
127182101,44789
127187299,44789
127193522,44787
127199657,44781
127205821,44774
127212052,44784
127218246,44776
127225022,44774
127231182,44770
127237362,44774
127243560,44770
127249725,44766
127255917,44767
127262136,44762
127268314,44757
127274531,44763
127286083,44733
127292254,44732
127298430,44725
127303608,44729
127309746,44730
127315920,44722
127322119,44719
127328274,44726
127334503,44717
127340692,44723
127346840,44711
127353048,44712
127359216,44711
127365380,44707
127371573,44703
127377723,44705
127383932,44710
127390122,44704
127395554,44700
127401744,44702
127407936,44711
127414186,44701
127420337,44696
127426509,44695
127433272,44696
127438792,44697
127445010,44698
127451192,44696
127457374,44701
127462578,44708
127468757,44695
127474948,44702
127481163,44697
127487309,44708
127493522,44704
127499689,44707
127505868,44710
127512040,44711
127518242,44709
127524450,44704
127529880,44703
127536088,44707
127542221,44710
127548394,44713
127559790,44734
127565937,44723
127572147,44720
127578325,44720
127584559,44723
127590698,44723
127596897,44729
127602317,44737
127608506,44734
127614636,44733
127620828,44737
127627005,44743
127633214,44745
127639358,44749
127646206,44751
127652390,44751
127658575,44762
127664792,44748
127670986,44761
127677211,44757
127683390,44764
127694802,44805
127700974,44809
127707152,44808
127712568,44808
127718751,44810
127724934,44816
127731166,44816
127736335,44815
127742512,44818
127748659,44820
127754781,44819
127760947,44815
127767171,44818
127773323,44827
127779564,44822
127785728,44831
127791914,44832
127798144,44829
127803553,44833
127809754,44825
127815938,44832
127822164,44828
127828294,44856
127834433,44849
127840600,44851
127846794,44849
127853635,44854
127859828,44851
127866029,44859
127871240,44865
127877469,44858
127883599,44861
127889797,44868
127895968,44858
127902161,44872
127908327,44875
127914545,44866
127920724,44876
127932890,44873
127939114,44885
127945361,44881
127951582,44881
127963140,44917
127969289,44917
127975460,44922
127981647,44920
127987828,44923
127994033,44922
128000253,44919
128006478,44920
128012762,44928
128019020,44928
128025212,44935
128031421,44931
128037643,44928
128043807,44934
128050035,44937
128056258,44945
128062419,44939
128069258,44942
128075493,44942
128081694,44941
128087884,44948
128099299,44920
128105479,44922
128111643,44918
128117759,44913
128123984,44905
128130170,44905
128136353,44895
128141831,44896
128148087,44893
128154240,44893
128160355,44881
128166532,44885
128172707,44880
128178865,44876
128185115,44879
128191283,44872
128197429,44876
128202637,44875
128208788,44872
128214956,44872
128221140,44870
128232810,44850
128239049,44849
128245265,44849
128251521,44834
128257744,44838
128263993,44834
128270224,44838
128276377,44839
128283225,44836
128289334,44839
128295506,44838
128301669,44834
128307857,44838
128314069,44837
128320281,44831
128326468,44838
128332647,44836
128337851,44827
128344068,44828
128350242,44830
128356460,44834
128368136,44817
128374249,44812
128380403,44827
128386588,44808
128392802,44808
128398018,44801
128404205,44812
128410377,44812
128415835,44804
128422065,44813
128428261,44804
128434409,44808
128440599,44814
128446754,44808
128452880,44808
128459126,44811
128465282,44817
128471464,44809
128477631,44812
128483886,44808
128490763,44818
128502196,44832
128508454,44830
128514672,44830
128520885,44830
128527102,44836
128532553,44833
128538814,44831
128545010,44832
128551216,44831
128557359,44833
128563546,44836
128569717,44828
128575863,44831
128582072,44832
128588287,44830
128594444,44828
128600637,44839
128606860,44831
128612034,44833
128618226,44841
128624417,44841
128636091,44855
128642244,44863
128648388,44866
128654569,44863
128660759,44870
128666944,44875
128673137,44878
128679305,44879
128685482,44882
128691669,44885
128697862,44887
128704668,44889
128710835,44895
128717054,44891
128723276,44895
128729451,44894
128735652,44894
128741848,44889
128747035,44900
128753219,44903
128759403,44900
128771031,44952
128777234,44953
128783418,44952
128789597,44951
128795819,44953
128802039,44947
128807262,44945
128813486,44955
128819688,44951
128825877,44948
128832075,44952
128838235,44956
128844363,44952
128850563,44961
128856755,44927
128862924,44954
128869136,44948
128875404,44947
128880876,44950
128887127,44955
128893329,44959
128904802,44989
128911631,44998
128917822,44995
128924019,45000
128930210,44997
128936377,45004
128941884,45002
128948077,45009
128954255,45010
128960401,45008
128966575,45014
128972745,45004
128978883,45005
128985098,45010
128991255,45012
128997454,45019
129003636,45019
129009803,45012
129015002,45017
129021204,45017
129027394,45015
129039066,44952
129045236,44948
129051359,44949
129057526,44934
129063670,44945
129069868,44938
129075144,44941
129081346,44936
129087566,44934
129093716,44927
129099873,44929
129106061,44927
129112220,44913
129118375,44922
129125261,44914
129131483,44916
129137669,44912
129143802,44903
129149246,44905
129155372,44907
129161549,44908
129179575,44865
129185789,44883
129192063,44874
129198261,44870
129204503,44879
129210747,44874
129216950,44863
129223123,44856
129229292,44867
129235504,44867
129241684,44865
129247832,44862
129253945,44865
129260144,44867
129266317,44858
129272520,44866
129278685,44858
129284826,44867
129291023,44865
129302629,44863
129308801,44864
129314982,44856
129321175,44863
129327308,44850
129333503,44853
129340323,44852
129345556,44855
129351711,44856
129357875,44855
129364052,44855
129370252,44858
129376458,44862
129381879,44854
129388080,44854
129394279,44855
129400455,44856
129406650,44853
129412825,44855
129419040,44854
129425239,44855
129431416,44859
129437593,44882
129443782,44882
129449920,44878
129456163,44876
129462310,44879
129468476,44879
129474628,44876
129479857,44883
129486022,44874
129492201,44880
129498344,44874
129504511,44882
129510684,44871
129516845,44873
129523112,44872
129529279,44883
129535481,44876
129541678,44869
129548408,44879
129554694,44868
129560078,44875
129571485,44913
129577652,44912
129583785,44914
129589971,44917
129596168,44919
129602372,44922
129608581,44931
129614046,44932
129620217,44931
129626362,44929
129632535,44945
129638714,44936
129644899,44944
129651096,44946
129657251,44951
129663415,44950
129669634,44948
129675824,44953
129682062,44959
129688289,44961
129693526,44955
129699722,44958
129705872,44988
129712054,44988
129718234,44998
129724463,44994
129730674,44990
129736846,44990
129743008,44997
129748482,44998
129754682,44999
129761473,45004
129767672,44959
129773866,45001
129780047,45007
129786252,45001
129792427,45008
129797632,45005
129803806,45006
129809982,45011
129816182,45017
129822356,45003
129827824,45014
129833973,45014
129845397,45029
129851609,45026
129857766,45026
129863962,45026
129870142,45029
129876384,45021
129882591,45025
129888772,45031
129894956,45027
129901146,45026
129907329,45029
129913520,45034
129919706,45035
129925855,45034
129932055,45041
129938265,45036
129944454,45046
129950653,45047
129956848,45049
129962306,45044
129968434,45050
129980462,45068
129986696,45060
129992804,45064
129999001,45054
130005186,45047
130011375,45051
130017611,45046
130023093,45049
130029268,45043
130035416,45020
130041576,45028
130047774,45023
130053967,45019
130060208,45026
130066361,45005
130072558,45014
130078768,45013
130084969,45002
130091158,45010
130096332,44996
130102525,44996
130108683,44996
130114814,44946
130121001,44949
130127204,44947
130133366,44938
130139604,44945
130145761,44936
130151945,44938
130157350,44934
130163533,44928
130169684,44927
130175863,44924
130182629,44930
130188851,44921
130195056,44919
130201258,44923
130207401,44920
130212635,44917
130218804,44915
130224795,44913
130230946,44911
130237144,44912
130243366,44913
130255085,44882
130261274,44886
130267448,44881
130273652,44885
130279800,44879
130286013,44879
130291226,44876
130297400,44870
130303608,44877
130309777,44877
130315939,44872
130322161,44875
130328356,44876
130334548,44872
130340729,44877
130346897,44875
130352344,44872
130358486,44875
130364627,44872
130370828,44883
130377036,44878
130388491,44896
130395319,44893
130401556,44893
130407733,44893
130420466,44891
130426731,44894
130432942,44894
130439144,44898
130445316,44899
130451529,44895
130457705,44903
130463907,44901
130470099,44903
130476289,44904
130481751,44902
130487934,44899
130494178,44901
130500278,44895
130505448,44900
130511671,44905
130517790,44923
130523929,44923
130530127,44934
130536301,44921
130542511,44933
130548710,44926
130554875,44933
130560272,44935
130566422,44936
130572581,44927
130578733,44933
130584927,44934
130591153,44937
130597328,44939
130603513,44943
130610287,44946
130615446,44945
130621640,44945
130627809,44942
130634005,44945
130640169,44949
130646319,44955
130657955,44982
130664168,44984
130670340,44997
130676612,44977
130682818,44979
130689058,44976
130695252,44981
130701427,44985
130707617,44993
130713798,44989
130719989,44992
130726191,44994
130732364,44996
130738569,44990
130744805,44989
130751015,44991
130757190,44993
130763305,44995
130769436,44991
130774635,45000
130780779,44993
130792323,45036
130798487,45032
130804707,45027
130810904,45024
130817092,45029
130823880,45028
130829030,45028
130835193,45033
130841368,45037
130847580,45034
130853721,45040
130859948,45033
130866142,45038
130872328,45042
130878559,45045
130884740,45046
130890931,45046
130897124,45048
130903305,45053
130908731,45052
130914941,45050
130926427,45085
130932638,45083
130938777,45089
130944948,45093
130951140,45099
130957336,45099
130963542,45094
130969689,45108
130975867,45104
130981985,45108
130988169,45106
130994371,45108
131000611,45111
131006767,45104
131012948,45107
131019144,45108
131025329,45112
131032097,45104
131038245,45103
131043688,45086
131049885,45107
131061282,44968
131067488,44981
131073741,44978
131079924,44980
131086090,44979
131092274,44977
131098440,44972
131103886,44979
131110092,44973
131116252,44979
131122452,44975
131128630,44977
131134814,44976
131140991,44971
131147210,44975
131153371,44970
131159570,44970
131165751,44979
131171905,44969
131178130,44978
131184294,44966
131195676,44942
131201896,44943
131208097,44939
131214274,44940
131220445,44940
131226664,44939
131232869,44934
131238312,44935
131245196,44938
131251311,44928
131257468,44933
131263656,44923
131269853,44924
131276065,44932
131282300,44927
131288515,44928
131294691,44945
131300914,44917
131306140,44915
131312315,44914
131317773,44913
131323955,44915
131330183,44900
131336385,44902
131342581,44905
131348789,44904
131354963,44906
131361187,44905
131367347,44910
131372550,44911
131378708,44899
131384817,44905
131390985,44915
131397197,44913
131403362,44918
131409539,44917
131415709,44917
131421874,44912
131428051,44918
131434226,44917
131440422,44923
131446648,44934
131452784,44923
131458993,44931
131470606,44909
131476816,44908
131482976,44908
131489208,44912
131495359,44913
131501586,44908
131506792,44916
131512967,44916
131519159,44920
131525356,44921
131531603,44927
131537769,44928
131543936,44929
131550158,44923
131556364,44933
131562560,44930
131568700,44926
131574873,44932
131581034,44932
131585829,44929
131592015,44938
131598237,44935
131604418,44976
131610626,44972
131616825,44977
131623009,44975
131629215,44981
131635318,44968
131641495,44971
131647664,44979
131653863,44975
131667298,44979
131673526,44981
131679813,44980
131686018,44983
131692210,44986
131698426,44986
131704635,44988
131710842,44979
131715270,44982
131721436,44986
131727643,44987
131739318,45013
131745478,45016
131751641,45020
131757821,45023
131763983,45019
131770196,45019
131776362,45028
131782510,45036
131788665,45016
131794857,45028
131801005,45030
131807201,45025
131813382,45026
131819578,45033
131825772,45027
131831940,45037
131838137,45034
131844316,45033
131849456,45037
131854883,45044
131861071,45035
131867319,45035
131873511,45080
131880335,45075
131886509,45082
131892689,45080
131898874,45080
131905073,45076
131911273,45076
131916506,45075
131922726,45078
131928879,45083
131935091,45072
131941291,45077
131947489,45073
131953675,45065
131959866,45064
131966039,45060
131972218,45049
131978399,45050
131983891,45053
131989084,45046
131995285,45040
132001478,45029
132007674,44930
132013824,44920
132019995,44927
132026206,44923
132032376,44922
132038569,44918
132044743,44928
132050194,44922
132056349,44922
132062528,44917
132068713,44917
132074903,44914
132081125,44921
132087957,44918
132094198,44913
132100360,44909
132106556,44917
132112709,44907
132118881,44914
132123382,44902
132129625,44909
132135773,44898
132147345,44874
132153547,44868
132159697,44859
132165870,44869
132172003,44866
132178220,44875
132184345,44868
132190543,44866
132196700,44873
132202881,44873
132209112,44871
132215285,44857
132221423,44860
132227590,44855
132233753,44865
132239966,44862
132246183,44868
132252370,44855
132256828,44846
132263067,44852
132269257,44855
132275468,44846
132281678,44856
132287848,44857
132294047,44863
132300797,44851
132306947,44857
132313141,44846
132319312,44860
132324744,44860
132330948,44858
132337181,44856
132343354,44862
132349543,44863
132355739,44866
132361931,44863
132368162,44868
132374351,44870
132380496,44873
132386681,44862
132391895,44869
132398107,44867
132404288,44867
132410449,44869
132422099,44873
132428293,44867
132434411,44873
132440581,44871
132446770,44868
132452931,44875
132459140,44876
132465312,44876
132471513,44874
132477703,44876
132483909,44874
132490138,44876
132496315,44875
132502497,44876
132509303,44877
132515415,44876
132521599,44872
132526821,44868
132532256,44876
132538396,44879
132544593,44875
132555997,44925
132562191,44926
132568352,44930
132574547,44931
132580710,44931
132586804,44940
132592970,44935
132598406,44938
132604588,44934
132610773,44927
132616965,44937
132623210,44938
132629370,44941
132635557,44939
132641710,44934
132647896,44942
132654084,44932
132660296,44937
132666440,44935
132672624,44943
132678780,44940
132690167,44973
132696320,44976
132702504,44969
132708717,44982
132715423,44983
132721676,44982
132727885,44978
132733312,44983
132739460,44988
132745658,44984
132751857,44985
132758110,44991
132764262,44985
132770405,44992
132776606,44992
132782778,45003
132788924,44995
132795145,44995
132800336,44999
132806557,45005
132812743,44999
132818898,45003
132825124,45042
132831313,45045
132837465,45050
132843668,45036
132849803,45038
132855974,45045
132862144,45045
132867589,45034
132873794,45035
132879993,45039
132886207,45034
132892344,45020
132898497,45016
132911276,45018
132917398,45003
132923630,45004
132929829,45005
132936680,44995
132941890,44987
132948125,44984
132959779,44866
132965968,44865
132972203,44868
132978362,44867
132984573,44869
132990758,44859
132996905,44861
133003112,44865
133009298,44854
133015425,44856
133021603,44855
133027813,44855
133033993,44851
133040210,44856
133046370,44849
133052565,44848
133058758,44852
133064933,44852
133070160,44849
133076352,44832
133081823,44841
133088019,44842
133094208,44795
133100384,44795
133106600,44799
133112781,44789
133118919,44793
133125110,44794
133131324,44783
133136521,44785
133143354,44784
133149612,44775
133155792,44779
133161966,44784
133168181,44781
133174352,44781
133180562,44780
133186750,44775
133192921,44768
133199104,44776
133204542,44766
133210718,44764
133215954,44766
133222116,44762
133233779,44766
133239952,44763
133246180,44766
133252325,44765
133258451,44767
133264650,44768
133270859,44771
133277020,44775
133283254,44773
133289434,44778
133295634,44774
133301807,44773
133307999,44772
133314219,44780
133320377,44766
133326588,44774
133332812,44774
133337981,44773
133344177,44771
133349635,44773
133356372,44770
133367782,44774
133373965,44778
133380141,44787
133386308,44781
133392462,44785
133398683,44776
133404846,44781
133411037,44792
133417212,44778
133423355,44785
133429546,44787
133435738,44783
133441887,44784
133448099,44792
133454243,44797
133460407,44791
133466658,44792
133472835,44792
133479063,44797
133484506,44793
133490727,44804
133502091,44855
133508249,44855
133514433,44849
133520635,44855
133526760,44856
133532930,44857
133539138,44863
133545346,44852
133551540,44859
133557752,44864
133564521,44865
133570737,44870
133576913,44869
133583074,44873
133589257,44867
133595441,44878
133601647,44869
133607826,44877
133613244,44883
133619390,44879
133624580,44880
133630740,44874
133636864,44894
133643030,44898
133649227,44894
133655412,44900
133661660,44892
133667821,44904
133674038,44891
133680242,44903
133685695,44896
133691884,44901
133698076,44908
133704251,44910
133710439,44908
133716598,44913
133722787,44914
133728969,44917
133735189,44912
133741358,44921
133746559,44919
133752718,44918
133758153,44915
133764329,44916
133770468,44928
133777234,44963
133783383,44964
133789520,44968
133795741,44971
133801925,44979
133808142,44973
133814311,44980
133819512,44978
133825765,44975
133831957,44974
133838157,44979
133844332,44980
133850544,44971
133856743,44978
133862910,44968
133869110,44970
133875290,44973
133881466,44965
133887678,44961
133893102,44965
133899296,44954
133910646,44846
133916788,44856
133922941,44855
133929207,44846
133935363,44855
133941557,44847
133947740,44852
133953889,44842
133960075,44851
133966296,44844
133972467,44845
133978687,44844
133985437,44849
133991687,44853
133997820,44851
134004023,44847
134010225,44844
134016409,44841
134021869,44839
134028079,44842
134034274,44831
134045631,44803
134051792,44802
134057967,44811
134064176,44810
134070366,44804
134076549,44806
134082767,44808
134088966,44805
134094406,44803
134100584,44800
134106764,44800
134112960,44798
134119122,44803
134125327,44796
134131495,44791
134137696,44804
134143905,44795
134156698,44794
134162893,44786
134174435,44781
134180672,44791
134186823,44785
134193029,44791
134199229,44792
134206072,44791
134212266,44791
134218464,44781
134223945,44789
134230146,44795
134236314,44797
134242471,44788
134248633,44789
134254779,44798
134260934,44791
134267165,44795
134273359,44797
134279529,44792
134285714,44796
134290955,44797
134297163,44797
134302608,44798
134308829,44806
134315006,44805
134321215,44805
134327330,44815
134333484,44815
134339663,44811
134345870,44809
134352069,44807
134358283,44812
134364403,44814
134370579,44813
134376760,44818
134382970,44821
134389184,44823
134395345,44821
134401510,44831
134407699,44838
134414422,44828
134420593,44829
134425781,44825
134431952,44828
134438135,44837
134449786,44875
134455947,44884
134462184,44886
134468328,44905
134474522,44910
134480745,44904
134486935,44899
134493148,44906
134498392,44904
134504605,44901
134510743,44906
134516848,44915
134523067,44914
134529213,44910
134535417,44919
134541681,44922
134547810,44935
134553978,44939
134559394,44935
134565539,44945
134571704,44944
134576920,44941
134583097,44964
134589283,44969
134595477,44970
134601708,44964
134607935,44965
134614154,44963
134620347,44969
134627184,44973
134632602,44966
134638763,44973
134644934,44967
134651125,44976
134657330,44975
134663504,44991
134669700,44979
134675939,44982
134682143,44989
134688329,44982
134693521,44991
134699777,44992
134705964,44997
134711399,44993
134722740,45014
134728910,45014
134735098,45012
134741344,45005
134747559,45001
134753742,44988
134759956,44993
134766166,44988
134772368,44983
134778550,44972
134784745,44970
134790922,44972
134797076,44963
134803282,44958
134809468,44959
134815682,44952
134821852,45021
134828052,44947
134834738,44946
134840920,44927
134846346,44934
134857686,44878
134863854,44885
134870040,44881
134876240,44883
134882439,44874
134888668,44882
134894800,44883
134900940,44885
134906385,44880
134912602,44873
134918762,44875
134924952,44868
134931143,44876
134937338,44871
134943417,44872
134949634,44870
134955830,44863
134962004,44869
134968230,44856
134974358,44856
134980493,44857
134991773,44859
134997925,44851
135004152,44846
135010356,44851
135016611,44852
135022818,44852
135028999,44849
135035213,44841
135040652,44853
135047350,44851
135053468,44846
135059703,44848
135065895,44849
135072051,44854
135078272,44844
135084403,44845
135090560,44850
135096771,44850
135101979,44849
135108155,44854
135114333,44855
135124991,44897
135131209,44898
135137373,44897
135143565,44892
135149780,44892
135155933,44894
135162070,44893
135168270,44895
135174479,44895
135180669,44894
135186834,44891
135192973,44897
135199156,44895
135205325,44892
135211498,44899
135217725,44900
135223907,44902
135230101,44901
135236289,44893
135241688,44902
135247842,44902
135254016,44901
135265406,44912
135271608,44914
135277801,44915
135283966,44913
135290151,44915
135296335,44915
135302531,44923
135308714,44919
135314844,44924
135320988,44924
135327160,44922
135333349,44916
135339572,44925
135345772,44922
135351896,44931
135358078,44933
135364295,44932
135370440,44936
135375896,44933
135382054,44939
135388249,44935
135401054,44984
135407307,44986
135413545,44987
135419727,44987
135425939,44985
135432136,44991
135438357,44990
135444480,44991
135450643,44986
135456833,44991
135462988,44989
135469243,44995
135476076,45000
135482335,44996
135488492,44996
135494692,45008
135500897,45004
135507135,45000
135513309,44996
135519441,45004
135530048,45052
135536278,45053
135542463,45045
135548651,45057
135554865,45055
135561044,45053
135567308,45055
135573479,45062
135579640,45067
135584857,45058
135591048,45059
135597237,45061
135603427,45052
135609656,45057
135615822,45057
135622023,45067
135628229,45064
135634429,45068
135640590,45066
135646745,45065
135652870,45073
135663477,45079
135669692,45072
135675917,45078
135682662,45072
135688922,45062
135695108,45064
135701305,45055
135707484,45056
135713686,45054
135719148,45047
135725374,45037
135731526,45038
135737693,45037
135743894,45035
135750095,45027
135756302,45027
135762449,45021
135768642,45009
135774850,45012
135780059,45009
135786214,45006
135792456,44998
135798683,44970
135804864,44972
135811024,44976
135817231,44968
135823411,44971
135829601,44965
135835798,44954
135841935,44958
135848094,44957
135853494,44953
135859633,44943
135865821,44938
135872014,44946
135878236,44941
135884404,44948
135890536,44933
135897360,44935
135903540,44936
135909708,44926
135914882,44927
135921040,44928
135927262,44932
135938943,44898
135945199,44905
135951330,44899
135957503,44899
135963675,44891
135969895,44896
135976083,44902
135982290,44896
135987517,44900
135993739,44903
135999893,44901
136006094,44894
136012286,44904
136018462,44890
136024712,44894
136030876,44893
136037053,44899
136043282,44899
136049447,44900
136055710,44896
136061871,44893
136073492,44924
136079732,44924
136085922,44925
136092148,44922
136098335,44923
136105159,44923
136111338,44932
136117530,44933
136122759,44927
136128900,44936
136135103,44938
136141329,44936
136147512,44928
136153735,44927
136159850,44925
136166041,44935
136172212,44930
136178381,44926
136184579,44929
136190029,44928
136196243,44919
136207649,44954
136213785,44962
136219916,44959
136226055,44956
136232256,44966
136238465,44964
136244687,44966
136250846,44969
136256281,44972
136262470,44967
136268633,44978
136274828,44978
136281014,44973
136287203,44993
136293403,44989
136299567,44982
136305739,44986
136311891,44980
136318735,44986
136323983,44994
136330198,44989
136341816,45009
136348025,45013
136354260,45006
136360459,45009
136366635,45015
136372781,45016
136378960,45017
136385175,45020
136391353,45020
136397512,45014
136403719,45017
136409892,45013
136416071,45024
136422296,45021
136428462,45025
136434661,45030
136440884,45025
136447049,45027
136453267,45023
136458436,45028
136464646,45032
136476297,45049
136482451,45059
136488617,45061
136494787,45062
136500977,45061
136507166,45066
136513348,45066
136519507,45062
136526268,45071
136532427,45071
136538623,45072
136544784,45071
136550984,45071
136557225,45076
136563379,45071
136569560,45077
136575783,45081
136581978,45085
136588181,45084
136593421,45077
136599626,45083
136611230,45140
136617365,45143
136623474,45147
136629671,45138
136634933,45088
136647710,45128
136653900,45128
136660129,45130
136666313,45126
136672497,45123
136678745,45120
136684913,45121
136691101,45114
136697332,45106
136703514,45111
136709741,45101
136715911,45099
136722085,45093
136728274,45086
136739889,45013
136746744,45016
136752961,45007
136759203,45011
136764420,45011
136770620,45012
136776820,45012
136782965,45003
136789113,44999
136795338,45001
136800747,45006
136806932,44995
136813116,45002
136819361,45003
136825512,44998
136831706,45002
136837949,44991
136844142,44991
136850340,44996
136856485,44996
136861677,44990
136867834,44979
136874017,44958
136880215,44962
136886411,44961
136892623,44952
136898809,44945
136904287,44945
136910448,44939
136916625,44937
136922799,44932
136928960,44931
136934186,44920
136940351,44930
136946633,44927
136953455,44925
136959690,44924
136965862,44917
136972040,44924
136978223,44927
136984403,44925
136990615,44921
136996036,44917
137002273,44918
137013672,44910
137019850,44902
137026061,44905
137032249,44908
137037685,44908
137043910,44915
137050085,44912
137056300,44908
137062439,44917
137068590,44908
137074791,44911
137081030,44916
137087263,44913
137093423,44919
137099584,44929
137105779,44918
137111953,44923
137118100,44922
137124302,44918
137130415,44927
137136522,44924
137142731,44929
137148944,44918
137155178,44924
137161351,44918
137168194,44919
137173406,44917
137179614,44926
137185785,44929
137191943,44924
137198108,44921
137204349,44927
137209778,44922
137215965,44919
137222165,44937
137228366,44931
137234564,44925
137240756,44937
137246973,44927
137253128,44927
137259336,44934
137265440,44937
137270658,44946
137276847,44938
137288439,45007
137294638,45017
137300856,45019
137307066,45016
137313277,45015
137319450,45015
137325608,45010
137331754,45024
137337950,45021
137343176,45020
137349402,45022
137355661,45018
137361846,45014
137368016,45020
137374709,45029
137380896,45028
137387085,45027
137393268,45019
137399459,45020
137404940,45030
137411180,45023
137422540,45045
137428738,45041
137434877,45044
137441070,45042
137447234,45049
137453407,45045
137459606,45049
137465803,45053
137471938,45054
137477379,45050
137483480,45060
137489661,45061
137495849,45060
137502044,45072
137508275,45059
137514422,45062
137520608,45061
137526783,45064
137532979,45074
137539200,45064
137545382,45071
137556753,45120
137562905,45108
137569112,45121
137575327,45115
137581483,45120
137587591,45117
137593798,45119
137599992,45116
137606178,45112
137612390,45115
137618571,45114
137624791,45110
137630993,45109
137637214,45105
137643397,45103
137649524,45102
137655663,45105
137661813,45100
137667968,45091
137674198,45084
137679415,45090
137685587,45088
137691799,45014
137697967,45017
137704151,45011
137710370,45009
137716536,45009
137722758,45009
137728865,45013
137735039,45016
137741266,45003
137747437,45007
137752866,45000
137759033,45002
137765281,45003
137771465,45000
137777636,45002
137783787,44999
137789998,45001
137796870,45003
137803060,44999
137809279,44999
137814475,44994
137820692,44989
137832315,44973
137838507,44972
137844649,44976
137850885,44976
137857061,44979
137863277,44971
137869431,44971
137875598,44963
137881793,44972
137893601,44972
137899823,44964
137906051,44966
137912275,44961
137918441,44967
137924651,44968
137930796,44972
137936953,44963
137943133,44969
137949337,44966
137961018,44949
137967229,44954
137973413,44951
137979618,44948
137985756,44941
137991917,44948
137998110,44949
138004313,44943
138010475,44935
138016632,44936
138022836,44938
138029078,44946
138035292,44946
138041465,44941
138047601,44938
138053768,44948
138059930,44942
138066115,44943
138072347,44940
138078507,44932
138083722,44943
138095370,44941
138101575,44945
138107793,44938
138114019,44941
138120232,44941
138126418,44938
138132579,44937
138138749,44931
138144998,44930
138150181,44933
138156376,44943
138162614,44944
138168828,44940
138174965,44948
138181136,44946
138187337,44944
138193482,44950
138199693,44945
138205850,44944
138212007,44951
138217425,44944
138229531,45003
138235726,45004
138241833,45012
138248005,45004
138254163,45012
138260344,45017
138266532,45022
138272723,45014
138278166,45019
138284383,45028
138290547,45031
138296755,45036
138302951,45035
138309181,45039
138315382,45036
138321491,45035
138327673,45033
138333838,45040
138340017,45049
138346221,45042
138351426,45049
138357646,45044
138363835,45040
138369991,45047
138376185,45040
138382369,45039
138388592,45043
138394779,45043
138400895,45045
138407062,45043
138413310,45041
138419533,45045
138425015,45049
138431212,45047
138438036,45057
138444223,45052
138450365,45061
138456481,45059
138462683,45065
138468842,45073
138475022,45065
138481216,45074
138486411,45075
138492640,45077
138504302,45128
138510502,45125
138516691,45127
138522891,45139
138529074,45137
138535296,45145
138541458,45142
138547634,45139
138553844,45134
138559086,45142
138565291,45148
138571487,45141
138577742,45144
138583902,45140
138590046,45132
138596210,45134
138602378,45129
138608537,45130
138614746,45129
138620881,45127
138627041,45125
138638725,44992
138645474,44987
138651656,44990
138657843,44988
138664038,44996
138670286,44986
138676464,44988
138682666,44984
138688856,44982
138694073,44985
138700276,44976
138706442,44972
138712699,44973
138718841,44971
138725002,44968
138731164,44966
138737329,44966
138743497,44959
138749743,44948
138755885,44960
138761332,44957
138772731,44897
138778927,44906
138785098,44897
138791306,44895
138797447,44902
138803630,44895
138809809,44892
138815968,44890
138822136,44896
138827569,44885
138833746,44890
138839928,44883
138846093,44880
138852306,44887
138859187,44885
138865366,44880
138871505,44877
138877669,44879
138883851,44871
138890034,44875
138895248,44873
138906894,44840
138913063,44843
138919276,44845
138925451,44842
138931605,44841
138937792,44850
138943980,44849
138950189,44852
138956409,44855
138962553,44845
138968693,44843
138973940,44842
138980124,44847
138986317,44850
138992488,44846
138998703,44854
139004834,44847
139010979,44850
139017196,44846
139023401,44852
139029633,44848
139041289,44847
139047430,44851
139053525,44841
139059686,44846
139066384,44849
139072555,44857
139078736,44849
139084935,44850
139091132,44851
139097354,44854
139102564,44861
139108776,44854
139114892,44852
139121052,44852
139127230,44854
139140313,44853
139146515,44856
139152732,44853
139158931,44851
139164152,44863
139170343,44893
139176581,44885
139182832,44890
139188992,44885
139195186,44894
139201382,44894
139207594,44897
139213823,44898
139219978,44901
139226179,44895
139231591,44899
139237778,44904
139244017,44898
139250205,44910
139256368,44897
139262516,44913
139268681,44914
139274853,44905
139281664,44906
139287858,44901
139294056,44908
139299233,44902
139310890,44907
139317090,44908
139323311,44910
139329457,44903
139335604,44901
139341808,44910
139347983,44905
139354216,44910
139360411,44901
139365611,44911
139371818,44912
139377948,44904
139384165,44911
139390354,44912
139396549,44903
139402729,44914
139408894,44915
139415066,44914
139421262,44915
139427412,44913
139433605,44917
139445311,44960
139451435,44972
139457616,44960
139463812,44967
139469998,44971
139476203,44969
139482391,44966
139488565,44973
139495407,44976
139501544,44962
139507759,44972
139513958,44973
139520127,44966
139525341,44968
139531482,44976
139537656,44972
139543835,44970
139549955,44976
139556147,44976
139562356,44977
139568525,44978
139579190,44933
139585390,44916
139591602,44920
139597749,44927
139603907,44913
139610074,44909
139616305,44912
139622501,44898
139628714,44898
139634858,44890
139641032,44894
139647247,44885
139653452,44880
139659648,44875
139665774,44871
139671932,44867
139678087,44868
139684264,44868
139690443,44857
139696643,44861
139703458,44856
139714093,44794
139720297,44792
139726498,44793
139732711,44794
139738855,44788
139745017,44796
139751190,44792
139757364,44784
139763534,44784
139769762,44777
139775242,44776
139781407,44784
139787536,44777
139793720,44769
139799896,44773
139806048,44783
139812269,44775
139818413,44772
139824568,44772
139830753,44772
139836940,44772
139842154,44769
139848336,44731
139854493,44731
139860682,44729
139866819,44720
139872952,44722
139879141,44726
139885424,44721
139891640,44725
139897839,44725
139903985,44719
139909442,44717
139916308,44705
139922464,44705
139928649,44713
139934816,44706
139940027,44703
139946267,44706
139952421,44707
139958600,44702
139964826,44701
139971013,44710
139976452,44707
139987824,44713
139993981,44712
140000163,44710
140006342,44714
140012503,44706
140018744,44707
140024920,44711
140031081,44714
140037261,44706
140043474,44704
140049680,44711
140055845,44713
140061956,44713
140068104,44715
140074307,44714
140080478,44714
140086696,44712
140092918,44716
140099072,44716
140105262,44710
140110690,44714
140122633,44760
140128842,44751
140134966,44753
140141158,44753
140147339,44757
140153555,44756
140159762,44759
140165946,44760
140172129,44765
140178331,44754
140183763,44761
140189965,44767
140196133,44763
140202322,44762
140208468,44762
140214641,44769
140220852,44778
140227024,44776
140233229,44773
140239434,44775
140245585,44776
140256932,44803
140263091,44809
140269263,44808
140275448,44814
140281701,44813
140287859,44809
140294030,44808
140300247,44812
140306448,44813
140312698,44824
140318121,44824
140324340,44822
140330461,44823
140337335,44827
140343508,44826
140349669,44826
140354899,44834
140361053,44832
140367229,44831
140380036,44831
140386258,44857
140392508,44867
140398723,44862
140404865,44869
140411065,44869
140417296,44865
140423497,44868
140429769,44880
140435890,44870
140442055,44873
140447484,44869
140453672,44876
140459866,44872
140466037,44887
140472250,44874
140478417,44845
140484580,44883
140489816,44881
140496029,44890
140502202,44880
140508374,44876
140514591,44887
140520045,44888
140526249,44931
140532399,44927
140538512,44926
140544742,44924
140551486,44922
140557725,44925
140563926,44927
140570110,44917
140576322,44915
140581514,44919
140587709,44908
140593889,44908
140600049,44902
140606233,44903
140612395,44895
140618564,44896
140624046,44893
140630237,44887
140636425,44876
140642536,44884
140648750,44878
140653961,44870
140660104,44801
140666284,44802
140672434,44801
140678651,44805
140684887,44806
140691080,44796
140697316,44800
140703506,44793
140709744,44790
140715892,44792
140722031,44776
140728197,44787
140734368,44772
140740525,44775
140746729,44786
140752865,44775
140758938,44772
140765184,44770
140771344,44768
140777542,44757
140783775,44770
140789310,44768
140800962,44757
140807144,44754
140813339,44745
140819522,44754
140825693,44749
140831812,44754
140838002,44750
140844197,44747
140850407,44745
140855613,44745
140861807,44745
140867929,44745
140874105,44737
140880309,44747
140886473,44729
140892704,44735
140898905,44737
140905083,44738
140911270,44733
140917460,44728
140923687,44730
140935286,44752
140941450,44753
140947613,44746
140953803,44747
140959995,44757
140966158,44747
140972946,44755
140979152,44759
140985373,44759
140990569,44752
140996787,44752
141002905,44759
141009077,44763
141015272,44764
141021454,44763
141027670,44767
141033093,44763
141039319,44755
141045514,44768
141051695,44758
141057874,44760
141069239,44767
141075402,44761
141081612,44761
141087841,44767
141094002,44762
141100182,44771
141106366,44769
141112554,44772
141118744,44764
141124873,44766
141131060,44774
141137272,44778
141143457,44770
141149684,44773
141155881,44771
141162036,44777
141168218,44771
141174376,44768
141181177,44777
141187361,44786
141193553,44779
141204177,44825
141210354,44826
141216552,44821
141222781,44824
141228978,44825
141235153,44831
141241314,44830
141247481,44831
141253663,44832
141259829,44786
141265272,44841
141271400,44829
141277612,44825
141283793,44831
141290020,44830
141296229,44829
141302439,44836
141308585,44836
141314777,44839
141320970,44833
141327147,44841
141337932,44879
141344124,44886
141350368,44892
141356552,44884
141362761,44889
141368960,44891
141375139,44891
141381314,44887
141388051,44896
141394257,44896
141399681,44901
141405852,44888
141412046,44900
141418243,44897
141424411,44894
141430586,44896
141436796,44899
141443005,44901
141448171,44902
141454339,44894
141460498,44896
141471139,44929
141477327,44925
141483478,44926
141489674,44929
141495884,44915
141502021,44923
141508208,44916
141514437,44907
141520617,44899
141526830,44902
141532943,44891
141539112,44890
141545315,44881
141551500,44879
141557739,44874
141563891,44879
141570046,44867
141576250,44865
141582414,44871
141587831,44858
141594041,44854
141600818,44847
141607010,44780
141613254,44778
141626074,44779
141632289,44787
141638534,44782
141644733,44783
141650933,44782
141657120,44777
141663371,44765
141668590,44769
141674785,44769
141681000,44768
141687170,44762
141693373,44755
141699532,44767
141705786,44764
141711981,44755
141717409,44758
141723492,44747
141729747,44753
141741124,44737
141747287,44738
141753440,44735
141759670,44734
141765836,44741
141771949,44735
141778107,44733
141784293,44729
141790493,44734
141796707,44732
141802864,44729
141808964,44726
141815729,44731
141822007,44728
141828188,44720
141834390,44718
141840569,44718
141846804,44723
141852220,44719
141858396,44718
141864536,44717
141869781,44718
141875901,44733
141882050,44740
141888261,44736
141894445,44733
141900654,44740
141906857,44741
141912992,44743
141919192,44747
141925411,44747
141931595,44741
141937048,44739
141943269,44746
141949426,44752
141955608,44753
141961834,44747
141968050,44748
141974252,44756
141980430,44753
141986633,44743
141992793,44745
141998986,44743
142005150,44746
142016564,44776
142022787,44771
142029645,44773
142035882,44771
142042066,44776
142048245,44774
142054447,44775
142060664,44777
142066860,44780
142072289,44782
142078478,44785
142084635,44783
142090813,44790
142097006,44793
142103211,44788
142109434,44793
142115623,44795
142121750,44798
142126986,44802
142133153,44804
142139344,44802
142150899,44858
142157114,44858
142163344,44856
142169532,44858
142175710,44866
142181905,44858
142188098,44864
142194337,44866
142200506,44855
142206695,44867
142212853,44856
142219049,44859
142225245,44865
142231440,44863
142238262,44861
142244450,44868
142250551,44870
142256750,44863
142261958,44871
142268164,44866
142274350,44876
142284966,44903
142291177,44906
142297408,44903
142303590,44907
142309807,44906
142316015,44914
142322180,44912
142328437,44925
142334602,44914
142340788,44911
142346228,44918
142352414,44921
142358589,44916
142364764,44926
142370973,44925
142377185,44920
142383420,44917
142389635,44922
142395791,44929
142400999,44927
142407152,44931
142417805,44970
142423912,44972
142430086,44969
142436274,44968
142442481,44972
142449290,44965
142455492,44985
142461708,44976
142467876,44983
142474014,44975
142480180,44981
142486372,44981
142492573,44983
142498805,44990
142504954,44979
142511152,44989
142517337,44982
142523525,44979
142529749,44975
142535176,44976
142541381,44976
142552126,44872
142558315,44873
142564505,44868
142570742,44863
142576908,44862
142583076,44858
142589244,44861
142595405,44867
142601585,44860
142607794,44862
142613976,44853
142620162,44856
142626358,44853
142632507,44849
142638759,44840
142644926,44849
142651093,44848
142657806,44847
142664020,44851
142669467,44846
142675652,44839
142681826,44846
142687027,44783
142693209,44781
142699412,44785
142705593,44780
142711824,44786
142718041,44780
142724229,44776
142730399,44783
142736555,44775
142742774,44779
142748917,44780
142754352,44782
142760558,44774
142766740,44772
142772958,44766
142779136,44769
142785352,44768
142791552,44772
142797706,44766
142803883,44775
142810070,44771
142816321,44770
142827090,44757
142833302,44759
142839499,44760
142845673,44761
142851906,44762
142858067,44765
142871083,44766
142877904,44758
142884166,44764
142890382,44769
142896552,44767
142902758,44766
142909006,44774
142915176,44773
142921389,44774
142927544,44771
142933734,44770
142938974,44768
142945155,44777
142955861,44791
142962032,44786
142968242,44789
142974449,44789
142980644,44788
142986881,44779
142993045,44784
142999201,44791
143005391,44785
143011548,44791
143017774,44789
143023252,44790
143029441,44785
143035581,44790
143041792,44792
143047980,44791
143054140,44798
143060371,44801
143066536,44802
143072701,44807
143077898,44803
143089437,44859
143095604,44855
143101800,44851
143108004,44859
143114175,44854
143120403,44861
143126627,44858
143132784,44866
143138970,44864
143145168,44860
143151369,44863
143157519,44869
143162753,44869
143168919,44872
143175093,44859
143181269,44879
143187498,44877
143193689,44877
143199903,44879
143206070,44875
143212203,44884
143223810,44900
143230010,44903
143236265,44899
143242440,44904
143248596,44914
143254803,44919
143260997,44912
143267153,44916
143273357,44912
143279525,44915
143285706,44914
143291904,44918
143298616,44919
143304838,44924
143311036,44917
143317231,44926
143323433,44931
143329622,44928
143335767,44927
143341993,44932
143347171,44934
143357869,44988
143364059,44983
143370228,44981
143376382,44982
143382528,44981
143388742,44979
143394886,44975
143401028,44977
143407184,44979
143413425,44985
143419594,44984
143425835,44984
143431978,44984
143438138,44987
143444366,44985
143450512,44988
143456732,44984
143462916,44991
143469073,44990
143475262,44996
143481409,44988
143492066,45022
143498215,45012
143505027,45019
143511247,45023
143517444,45014
143523619,45016
143529825,45005
143535988,45001
143542173,45003
143548377,45000
143554573,44997
143560791,44992
143566957,44993
143572394,44986
143578569,44982
143584726,44978
143590877,44972
143597053,44976
143603258,44967
143609445,44965
143615560,44967
143626223,44915
143632454,44908
143638614,44905
143644785,44904
143650979,44907
143657163,44901
143663361,44898
143669514,44900
143675675,44895
143681811,44896
143688015,44892
143694216,44891
143700427,44891
143706561,44890
143712746,44885
143719544,44877
143725708,44881
143731912,44876
143738071,44873
143744247,44879
143750439,44883
143761032,44862
143766253,44858
143772452,44857
143778655,44859
143784876,44856
143791055,44852
143797271,44851
143803483,44846
143809686,44848
143815851,44850
143822024,44839
143828195,44843
143834354,44852
143840541,44845
143846002,44849
143852180,44845
143858384,44840
143864540,44846
143870672,44844
143876839,44845
143883010,44839
143889191,44849
143895399,44867
143900593,44863
143906792,44865
143912951,44874
143919143,44871
143925808,44860
143932008,44862
143938209,44870
143944378,44867
143950563,44867
143956804,44860
143963034,44868
143969221,44865
143975425,44871
143980887,44874
143987074,44867
143993259,44874
143999464,44863
144005583,44869
144011763,44857
144017978,44861
144024158,44862
144034833,44891
144040062,44898
144046232,44890
144052433,44895
144058613,44901
144064807,44904
144070980,44894
144077136,44901
144083309,44898
144089465,44901
144095696,44902
144101926,44904
144114647,44908
144120847,44907
144127063,44907
144133260,44907
144139467,44919
144146345,44926
144152527,44918
144158771,44923
144164913,44946
144171071,44946
144177295,44942
144183493,44938
144189662,44943
144195847,44947
144201999,44948
144208190,44946
144214390,44951
144220607,44952
144226806,44948
144232961,44949
144239158,44956
144245355,44946
144250805,44960
144257022,44946
144263196,44953
144269389,44959
144275557,44959
144281739,44961
144287952,44967
144294126,44961
144304956,45010
144311094,45017
144317282,45010
144323477,45007
144329696,45007
144335905,45012
144342027,45012
144348182,45018
144354896,45023
144361044,44974
144367224,45025
144373437,45016
144379619,45021
144385125,45018
144391342,45013
144397517,45020
144403681,45017
144409821,45011
144416008,45015
144422199,45016
144428438,45017
144439160,45036
144445372,45038
144451574,45038
144457818,45036
144463942,45028
144470051,45036
144476231,45031
144482399,45022
144488565,45020
144494786,45014
144500899,45017
144507063,45008
144513295,45003
144518719,44996
144524927,44994
144531134,44999
144537390,45000
144543551,44983
144549722,44987
144555903,44982
144562711,44974
144573498,44927
144579722,44923
144585140,44923
144591378,44923
144597579,44913
144603759,44915
144609959,44910
144616099,44915
144622333,44909
144628499,44912
144634668,44901
144640851,44901
144647024,44904
144653243,44899
144659495,44900
144665638,44899
144671814,44893
144677972,44891
144684134,44893
144690332,44889
144696486,44888
144707866,44887
144714040,44880
144720212,44881
144726403,44884
144732560,44881
144738718,44882
144744920,44877
144751096,44875
144757292,44873
144763494,44870
144770297,44874
144776533,44875
144782745,44866
144788918,44873
144794360,44868
144800543,44872
144806701,44875
144812885,44866
144819108,44861
144825289,44864
144831479,44871
144842816,44863
144848253,44873
144854440,44874
144860563,44871
144866706,44870
144872856,44875
144879044,44873
144885236,44873
144891434,44884
144897568,44885
144903729,44886
144909911,44883
144916098,44885
144922342,44883
144927564,44874
144933805,44881
144939977,44877
144946135,44877
144952321,44886
144958516,44878
144964766,44880
144976379,44889
144983195,44891
144989447,44888
144995632,44891
145000808,44886
145007058,44887
145013253,44894
145019443,44893
145025632,44901
145031857,44897
145038002,44902
145044194,44904
145050387,44904
145056549,44915
145061991,44902
145068169,44915
145074386,44920
145080535,44916
145086680,44923
145092884,44925
145099083,44919
145110545,44961
145116731,44968
145122160,44965
145128363,44965
145134509,44955
145139656,44965
145145843,44967
145151977,44962
145158198,44968
145164410,44963
145170595,44968
145176804,44963
145183017,44973
145189169,44965
145195914,44968
145202019,44970
145208198,44974
145214401,44972
145220586,44974
145226819,44967
145232997,44967
145239208,44969
145245428,45024
145251609,45019
145257084,45023
145263290,45021
145269442,45029
145274641,45031
145280817,45037
145286958,45039
145293106,45033
145299301,45037
145305487,45045
145311697,45038
145317901,45036
145324020,45045
145330200,45042
145335653,45043
145341808,45038
145347965,45037
145360812,45045
145367021,45042
145373317,45048
145379456,45058
145385680,45058
145391888,45063
145398083,45043
145403300,45056
145410092,45056
145416313,45047
145422479,45049
145428734,45039
145434968,45041
145441177,45042
145447422,45039
145453628,45035
145459839,45024
145465322,45026
145471498,45018
145477680,45014
145483854,45016
145490050,45013
145496270,45010
145502457,44996
145508660,44998
145520101,44915
145525538,44915
145531743,44917
145537906,44899
145543095,44896
145549298,44902
145555471,44893
145561657,44896
145567875,44894
145574039,44889
145580249,44901
145586452,44894
145592641,44883
145598879,44882
145604298,44886
145610472,44878
145616706,44879
145623551,44871
145629731,44872
145635909,44863
145642140,44866
145653614,44835
145659867,44839
145666006,44836
145672201,44836
145677642,44834
145683851,44834
145690099,44829
145696304,44838
145702510,44827
145708702,44817
145714886,44833
145721053,44825
145727264,44819
145733441,44828
145738634,44828
145744820,44825
145750953,44817
145757055,44817
145763207,44818
145769403,44818
145775606,44816
145781856,44818
145787991,44815
145794194,44815
145799677,44823
145805868,44817
145811061,44817
145817213,44817
145823391,44820
145829581,44814
145836415,44822
145842593,44818
145848826,44820
145855014,44819
145861217,44827
145867384,44823
145872768,44821
145879010,44807
145885197,44817
145891426,44816
145897611,44818
145903770,44821
145909992,44819
145916181,44823
145927602,44826
145933841,44816
145940009,44822
145946141,44831
145952359,44831
145958517,44830
145964737,44826
145970920,44841
145977067,44837
145983207,44838
145989403,44845
145995568,44836
146001771,44845
146007191,44843
146013393,44852
146019538,44846
146025696,44849
146031901,44852
146038069,44853
146044920,44851
146051098,44857
146062511,44898
146068715,44897
146074158,44886
146080358,44899
146086496,44892
146092657,44904
146098879,44901
146105085,44904
146111308,44911
146117486,44904
146123665,44910
146129852,44904
146136047,44909
146141226,44913
146147394,44918
146153571,44917
146159776,44922
146165973,44922
146172113,44921
146178343,44921
146184545,44919
146190776,44915
146196973,44965
146203127,44956
146208584,44971
146214761,44961
146220893,44967
146227083,44959
146233297,44965
146239483,44969
146245661,44972
146251828,44976
146258619,44972
146264790,44970
146270978,44970
146276168,44974
146282360,44976
146288547,44968
146294814,44974
146301026,44975
146307184,44972
146313386,44969
146319555,44973
146325743,44970
146337401,45011
146342563,45002
146348770,45003
146354941,45013
146361144,45012
146367318,45008
146373503,45011
146379722,45012
146385906,45022
146392092,45018
146398267,45015
146404480,45015
146409947,45012
146416145,45013
146422296,45010
146428575,45006
146434763,44997
146440914,45001
146447103,45002
146453339,44986
146459513,44987
146471534,44882
146477702,44884
146483904,44878
146490029,44881
146496269,44882
146501680,44884
146507838,44877
146514065,44877
146520234,44872
146526468,44874
146532652,44869
146538836,44872
146544012,44873
146550171,44870
146556373,44868
146562552,44861
146568764,44862
146574936,44867
146581126,44864
146587316,44857
146593533,44855
146606642,44820
146611849,44821
146618051,44822
146624217,44812
146630427,44812
146635891,44806
146642056,44816
146648289,44815
146654499,44813
146660674,44810
146666867,44811
146673057,44806
146678314,44806
146685061,44807
146691194,44795
146697420,44801
146703612,44798
146709835,44806
146715992,44799
146722172,44794
146728393,44796
146740036,44789
146746180,44792
146752416,44795
146758558,44787
146764718,44788
146769900,44790
146776105,44794
146782320,44797
146788512,44795
146794718,44790
146800926,44798
146807097,44798
146812511,44799
146818675,44799
146824831,44802
146831037,44801
146837227,44800
146843494,44797
146849622,44806
146855780,44805
146861973,44799
146868205,44804
146874417,44791
146880583,44800
146885835,44800
146892585,44799
146898859,44809
146904251,44800
146910444,44803
146916571,44801
146922746,44805
146928939,44801
146935100,44798
146941309,44803
146946482,44808
146952663,44803
146958877,44806
146965034,44808
146971186,44803
146977373,44816
146983561,44811
146989813,44813
146995992,44816
147002157,44821
147013795,44879
147020020,44880
147026197,44876
147032411,44876
147038579,44880
147043768,44875
147049968,44870
147056160,44873
147062383,44888
147068584,44874
147074799,44877
147080291,44879
147086500,44881
147092625,44884
147098818,44889
147105543,44884
147111709,44889
147117917,44889
147124084,44892
147130298,44887
147136535,44889
147147863,44922
147154040,44925
147160198,44924
147166399,44920
147172574,44927
147178055,44926
147184209,44893
147190431,44922
147196605,44931
147202773,44927
147208961,44928
147214198,44926
147220377,44935
147226576,44938
147232788,44932
147238939,44938
147245092,44936
147251251,44935
147257472,44940
147263659,44936
147269878,44943
147276023,44941
147287576,44988
147293746,44983
147299909,44986
147306083,44991
147312318,44983
147319146,44979
147325355,44980
147331531,44971
147337643,44979
147343852,44969
147349035,44964
147355207,44959
147361409,44951
147367595,44951
147373823,44946
147380011,44943
147386183,44930
147392400,44928
147398611,44921
147404839,44921
147411016,44913
147417210,44858
147423403,44845
147429564,44853
147435755,44851
147441220,44847
147447440,44848
147452662,44856
147458877,44849
147465058,44842
147471254,44838
147477459,44846
147483616,44839
147489851,44838
147495992,44840
147502188,44840
147508406,44844
147514590,44833
147520775,44831
147527622,44828
147533843,44826
147540001,44827
147546126,44834
147557708,44822
147563882,44821
147570084,44812
147575250,44820
147581453,44810
147587644,44820
147593846,44812
147600004,44809
147606180,44815
147612367,44811
147617786,44806
147623978,44807
147630160,44806
147636338,44807
147642493,44812
147648651,44801
147654827,44799
147661023,44802
147667187,44805
147673424,44799
147679561,44802
147685690,44809
147691869,44831
147698083,44827
147704306,44819
147709539,44825
147715773,44823
147721949,44833
147727359,44835
147733525,44827
147740403,44833
147746573,44831
147752746,44825
147758904,44830
147765133,44839
147771370,44842
147777536,44839
147783695,44840
147789847,44838
147796067,44845
147802250,44835
147808439,44844
147814590,44838
147820782,44848
147832226,44840
147838451,44841
147850505,44839
147856709,44833
147862225,44839
147868463,44839
147874601,44840
147880777,44836
147885975,44842
147892122,44846
147898363,44854
147904532,44848
147910763,44843
147916972,44855
147923159,44856
147929339,44856
147935512,44850
147941694,44844
147947914,44849
147960134,44917
147966333,44917
147972503,44915
147978664,44913
147984865,44910
147991060,44912
147996231,44922
148002456,44923
148008674,44915
148014833,44922
148020232,44921
148026443,44882
148032587,44924
148038769,44922
148044953,44927
148051143,44926
148057358,44932
148063544,44931
148069714,44928
148075869,44921
148082040,44931
148088230,44934
148094488,44953
148100645,44958
148106860,44956
148112071,44956
148118272,44961
148124450,44962
148130630,44968
148136883,44973
148143007,44970
148149193,44979
148154615,44980
148160808,44979
148167568,44987
148173725,44981
148179912,44980
148186122,44982
148192335,44983
148198526,44989
148204684,44982
148210876,44983
148217048,44990
148223214,44994
148234705,45046
148240936,45043
148247104,45050
148253281,45048
148259477,45058
148265652,45056
148271858,45053
148278018,45057
148284172,45054
148289551,45054
148295738,45058
148301876,45050
148308093,45045
148314303,45050
148320489,45042
148326633,45040
148332839,45040
148339038,45033
148345209,45027
148351444,45032
148357600,45024
148368973,44907
148375812,44902
148381261,44901
148387486,44891
148393711,44891
148399924,44890
148406129,44890
148412320,44892
148418531,44890
148423695,44886
148429886,44880
148436029,44887
148442231,44878
148448406,44874
148454583,44874
148460781,44866
148466957,44864
148473086,44873
148479268,44874
148485462,44859
148491644,44869
148503324,44847
148509535,44845
148515698,44844
148521921,44845
148528116,44838
148534369,44834
148540520,44842
148546667,44843
148552814,44830
148558002,44834
148564135,44825
148570327,44817
148576556,44827
148583354,44821
148589603,44810
148595835,44809
148602013,44813
148608193,44809
148614349,44807
148620484,44808
148626656,44801
148638339,44799
148644541,44796
148650752,44802
148655960,44799
148662111,44801
148668279,44793
148674501,44801
148680744,44801
148686952,44791
148692444,44797
148698627,44800
148704801,44801
148710971,44810
148717163,44805
148723357,44810
148729517,44801
148735702,44808
148741884,44805
148748092,44806
148754274,44800
148760493,44810
148766610,44808
148772811,44807
148779001,44809
148785208,44812
148790484,44813
148797280,44808
148803514,44814
148809692,44819
148815893,44813
148821263,44813
148826810,44817
148833023,44821
148839197,44822
148845438,44822
148851631,44817
148857819,44827
148864077,44823
148870267,44824
148876456,44822
148882589,44834
148888773,44827
148894933,44826
148901112,44831
148912565,44875
148918803,44879
148924242,44872
148930464,44878
148936681,44881
148942866,44881
148949004,44885
148955192,44885
148959647,44881
148965821,44885
148971855,44885
148978131,44888
148984338,44889
148990543,44887
148996722,44893
149002922,44893
149009621,44895
149015760,44888
149021930,44887
149028087,44881
149034251,44893
149040473,44886
149046676,44913
149052841,44917
149059011,44920
149065197,44922
149071451,44916
149077656,44910
149083824,44917
149096608,44918
149102793,44917
149109023,44908
149115191,44913
149121384,44913
149127578,44912
149133795,44910
149139975,44916
149146171,44914
149152404,44906
149158605,44914
149164778,44913
149170983,44908
149182388,44982
149188600,44987
149194066,44988
149200249,44986
149206460,45000
149212596,44997
149218728,44996
149225555,44994
149230025,45002
149236201,44996
149242431,45000
149248640,45001
149254815,44994
149261012,45003
149267215,44998
149273437,44995
149279563,44992
149285717,44986
149291904,44987
149298092,44985
149304335,44983
149315779,44872
149321944,44882
149328129,44881
149334307,44889
149340558,44886
149346760,44886
149352943,44881
149359076,44888
149363865,44883
149370055,44879
149376231,44883
149382444,44878
149388601,44873
149394819,44875
149401051,44870
149407256,44874
149413478,44864
149419612,44874
149425775,44865
149432549,44862
149438734,44861
149450084,44811
149456262,44811
149462453,44818
149467899,44819
149474116,44813
149480276,44811
149486476,44811
149492605,44813
149498751,44813
149504912,44807
149511081,44809
149517261,44815
149523453,44812
149529598,44808
149535764,44804
149541929,44797
149548139,44807
149554284,44791
149560498,44799
149566663,44798
149572812,44801
149584219,44795
149590412,44795
149596629,44790
149602080,44801
149608252,44795
149614460,44804
149620619,44807
149626779,44800
149632928,44796
149638144,44804
149644961,44800
149651145,44797
149657296,44800
149663486,44803
149669677,44795
149675887,44802
149682066,44796
149688218,44800
149694380,44805
149700545,44802
149706779,44798
149712952,44798
149719098,44814
149725282,44804
149731450,44807
149736884,44807
149743067,44807
149749241,44813
149755445,44809
149761586,44807
149767751,44815
149772974,44810
149779144,44826
149785309,44814
149791481,44816
149797652,44825
149803879,44823
149810080,44828
149816232,44826
149822394,44824
149828560,44825
149834709,44840
149840930,44838
149847127,44843
149853918,44890
149860092,44882
149866273,44878
149871747,44885
149877918,44883
149884129,44893
149890328,44891
149896533,44891
149902713,44885
149907924,44891
149914079,44885
149919515,44888
149925622,44895
149931836,44896
149938056,44903
149944237,44894
149950449,44901
149956630,44903
149962827,44906
149969021,44916
149975246,44909
149981477,44904
149992847,44937
149999010,44938
150005206,44942
150011429,44943
150017581,44939
150023746,44938
150029950,44950
150036058,44944
150041481,44947
150047659,44950
150053842,44952
150059050,44950
150065901,44951
150072060,44957
150078222,44957
150084369,44960
150090524,44957
150096671,44962
150102904,44957
150109086,44965
150115286,44960
150121501,44956
150127644,44985
150133887,44983
150140057,44992
150145491,44994
150151627,44997
150157821,44999
150163984,44996
150170177,44987
150176365,45002
150182560,44999
150188739,45006
150193928,45005
150200091,45002
150206302,45004
150212488,45004
150218662,45005
150224873,45004
150231026,45005
150237184,45001
150243365,45001
150249549,45000
150255772,44993
150267446,44889
150274294,44886
150279522,44885
150285672,44879
150291883,44873
150298022,44883
150304239,44876
150310459,44870
150315963,44877
150322156,44881
150327351,44881
150340130,44880
150346368,44876
150352632,44878
150358825,44868
150364992,44875
150371140,44874
150377326,44865
150383522,44871
150389730,44864
150395930,44835
150402072,44846
150408270,44836
150413771,44830
150419938,44831
150426132,44824
150432277,44827
150438490,44832
150444599,44826
150449820,44831
150455978,44833
150461446,44832
150467643,44824
150473836,44819
150480052,44825
150486268,44820
150493097,44818
150499284,44811
150505472,44821
150511652,44823
150517861,44825
150524077,44820
150535457,44823
150541638,44823
150547122,44817
150553273,44824
150559450,44824
150565635,44819
150571805,44818
150578012,44819
150583261,44822
150589460,44819
150594876,44822
150601070,44818
150607266,44817
150613495,44816
150619640,44822
150625837,44816
150631975,44809
150638216,44822
150644495,44820
150650646,44817
150656835,44815
150663051,44819
150674439,44853
150680636,44857
150686875,44845
150693016,44857
150699150,44852
150705924,44851
150712107,44851
150717558,44846
150723745,44852
150729948,44855
150736152,44854
150742382,44859
150748562,44854
150754745,44853
150760897,44848
150767073,44852
150773259,44859
150779487,44861
150785628,44862
150791834,44864
150798061,44869
150804268,44905
150810500,44903
150816626,44902
150821793,44903
150827986,44898
150834152,44904
150840334,44903
150846536,44908
150851990,44907
150858178,44908
150864418,44916
150869620,44907
150875825,44912
150882012,44907
150888161,44906
150894324,44911
150900515,44918
150906692,44918
150913511,44912
150919721,44916
150925964,44920
150932147,44914
150938379,44913
150944580,44954
150950791,44951
150956259,44956
150962480,44956
150968638,44955
150974866,44960
150981075,44958
150986288,44954
150992505,44953
150998690,44956
151004894,44951
151011062,44957
151017251,44960
151023441,44948
151029632,44953
151035845,44956
151042066,44953
151048232,44953
151054442,44956
151060637,44951
151066857,44949
151073008,44955
151084621,44960
151089798,44954
151095984,44951
151102150,44942
151108326,44933
151114536,44936
151120759,44929
151127645,44919
151133891,44919
151140076,44910
151145529,44916
151151723,44905
151157878,44911
151164067,44899
151170239,44893
151176460,44897
151182661,44890
151188844,44886
151195075,44874
151201272,44877
151207482,44879
151218886,44839
151224293,44838
151230485,44830
151236633,44830
151242834,44832
151249008,44824
151255206,44827
151260448,44819
151266640,44824
151272825,44818
151279022,44819
151284450,44819
151290609,44820
151296766,44813
151302920,44808
151309077,44809
151315270,44801
151321478,44802
151327650,44796
151333828,44806
151340629,44797
151346811,44796
151352988,44774
151359164,44774
151365373,44782
151371542,44780
151377689,44771
151383896,44765
151390087,44777
151395296,44766
151401494,44767
151407683,44773
151413907,44770
151419297,44774
151425497,44771
151431641,44774
151437801,44773
151443997,44771
151450177,44767
151456427,44764
151462605,44772
151468779,44779
151474987,44774
151481196,44775
151492602,44787
151498766,44788
151504984,44790
151511214,44782
151517390,44783
151523575,44787
151528975,44796
151535139,44792
151541362,44787
151548170,44779
151553391,44781
151559570,44788
151565738,44792
151571945,44792
151578123,44787
151591184,44786
151597493,44790
151603703,44786
151609917,44779
151621365,44787
151627529,44780
151633712,44787
151639933,44795
151646035,44786
151652219,44792
151658453,44796
151664635,44797
151670846,44797
151677029,44788
151682441,44796
151688609,44801
151694742,44806
151700925,44804
151707114,44806
151713244,44806
151719484,44808
151725624,44814
151731811,44813
151738024,44804
151744271,44822
151750481,44822
151756650,44855
151763472,44851
151768695,44854
151774906,44847
151781099,44847
151787267,44852
151793460,44850
151798936,44853
151805152,44849
151811362,44850
151817573,44855
151823683,44853
151829873,44859
151836057,44854
151842186,44855
151848375,44855
151854571,44863
151860691,44856
151866870,44857
151873051,44862
151879212,44856
151885416,44854
151896789,44901
151902237,44901
151908439,44901
151914620,44914
151920750,44910
151926938,44910
151933119,44915
151939313,44912
151945535,44908
151951662,44911
151957814,44919
151963968,44909
151970104,44915
151976928,44919
151983149,44917
151989294,44918
151995507,44921
152001688,44921
152007912,44922
152014147,44915
152020360,44919
152031826,44920
152037269,44929
152043493,44930
152049641,44919
152055831,44916
152062025,44915
152068202,44916
152073411,44907
152079609,44899
152085811,44893
152092007,44890
152098137,44885
152104294,44878
152110488,44878
152116687,44864
152122893,44864
152129060,44862
152135241,44855
152141475,44863
152147678,44856
152153907,44854
152165504,44808
152170739,44800
152176952,44800
152183681,44802
152189936,44801
152196070,44793
152202214,44798
152207641,44792
152213867,44794
152220075,44791
152226234,44788
152232439,44786
152238573,44780
152244683,44781
152250864,44771
152257060,44770
152263229,44767
152269417,44763
152275574,44764
152281752,44761
152287896,44754
152299265,44736
152305441,44736
152311628,44734
152317862,44733
152324029,44735
152330195,44736
152336393,44730
152341809,44724
152348005,44731
152354158,44724
152360327,44735
152366518,44734
152372680,44729
152378890,44731
152385074,44726
152391265,44733
152398069,44716
152404244,44721
152410469,44719
152416662,44723
152422879,44730
152434211,44719
152440393,44735
152445840,44731
152452040,44725
152458236,44727
152464488,44729
152470644,44723
152475855,44728
152482025,44733
152488192,44725
152494367,44729
152500537,44724
152506698,44720
152512903,44722
152519029,44723
152525225,44734
152531394,44730
152537586,44731
152543772,44725
152549980,44728
152556090,44730
152562239,44727
152568392,44747
152574563,44743
152580013,44753
152586204,44747
152592399,44755
152598599,44760
152605402,44759
152610640,44757
152616830,44760
152622998,44761
152629125,44768
152635291,44765
152641485,44759
152647712,44766
152653913,44763
152660079,44765
152666246,44769
152672414,44769
152678592,44780
152684784,44775
152690977,44771
152697130,44778
152708731,44808
152713949,44812
152720198,44805
152726438,44813
152732655,44813
152738872,44818
152745063,44822
152751254,44811
152757431,44819
152763610,44813
152769825,44822
152776012,44818
152782249,44820
152788471,44822
152793933,44821
152800121,44825
152806319,44823
152812519,44829
152819377,44823
152837445,44859
152843671,44855
152849878,44864
152856105,44864
152862304,44863
152868551,44876
152874697,44867
152880182,44870
152886397,44869
152892589,44869
152898748,44876
152904937,44875
152911132,44875
152917315,44872
152923561,44871
152929697,44872
152935863,44876
152942043,44879
152948244,44877
152954523,44875
152960656,44872
152972043,44928
152978189,44928
152983622,44924
152989806,44915
152995973,44918
153002157,44927
153008399,44917
153014590,44917
153020759,44913
153026913,44917
153033610,44906
153039775,44902
153045935,44895
153052134,44891
153058371,44881
153064596,44882
153070762,44868
153076998,44866
153083227,44861
153089408,44861
153095577,44859
153106922,44803
153113110,44798
153118537,44784
153124670,44796
153130823,44789
153136995,44791
153143170,44794
153149403,44781
153154602,44787
153160754,44783
153166923,44773
153173076,44770
153179201,44783
153185421,44780
153191588,44781
153197766,44785
153203239,44768
153209419,44776
153215587,44774
153221778,44764
153227949,44760
153234165,44767
153240321,44742
153247124,44747
153252325,44748
153258520,44740
153264720,44740
153270928,44743
153277101,44739
153283306,44739
153288770,44750
153294940,44744
153301075,44739
153307239,44742
153313400,44739
153319603,44743
153325780,44742
153331980,44734
153337194,44738
153343363,44734
153349539,44732
153355661,44733
153361848,44737
153367986,44737
153374096,44734
153380275,44738
153386487,44737
153392657,44742
153398848,44740
153405028,44747
153411221,44744
153417443,44741
153422910,44748
153429080,44749
153435268,44742
153441483,44748
153447676,44745
153454481,44738
153460655,44744
153466852,44739
153472036,44743
153478243,44739
153484451,44746
153490629,44740
153496832,44738
153503046,44740
153509188,44737
153520804,44752
153526977,44754
153533170,44755
153539386,44756
153545580,44760
153551689,44767
153556873,44763
153562997,44769
153569055,44756
153575195,44760
153581312,44764
153587551,44770
153593738,44773
153599931,44764
153606099,44765
153611540,44760
153617661,44770
153623820,44772
153629978,44773
153636170,44773
153642385,44779
153653854,44800
153660036,44806
153666842,44798
153673033,44807
153679186,44805
153685430,44807
153691626,44809
153697810,44805
153704031,44803
153710153,44807
153716341,44808
153722555,44806
153728733,44811
153734936,44805
153741115,44810
153746577,44809
153752711,44813
153758886,44811
153765042,44819
153771244,44820
153777421,44816
153788826,44857
153795058,44853
153801231,44859
153807459,44864
153813635,44856
153819807,44858
153826001,44865
153831428,44867
153837596,44868
153843738,44870
153849936,44871
153856119,44876
153862288,44874
153868501,44880
153875292,44880
153880528,44884
153886720,44884
153892947,44876
153899085,44885
153905252,44896
153911465,44890
153923102,44833
153929264,44833
153935453,44826
153940654,44816
153946873,44824
153953025,44812
153959146,44805
153965333,44818
153971532,44801
153977702,44804
153983970,44808
153990083,44798
153996277,44800
154002490,44802
154008659,44797
154014883,44786
154021022,44784
154027152,44788
154033340,44775
154039522,44780
154045672,44777
154051885,44769
154058047,44726
154064236,44724
154077038,44713
154083228,44721
154090013,44703
154096209,44716
154101624,44707
154107760,44704
154113922,44699
154120157,44711
154126389,44711
154132579,44702
154138718,44706
154144947,44699
154150187,44705
154156368,44708
154162542,44703
154168720,44700
154174945,44702
154181086,44704
154187272,44691
154193477,44692
154199651,44695
154205896,44687
154211324,44696
154217538,44695
154223645,44690
154229826,44686
154235030,44691
154241164,44696
154247349,44696
154253506,44690
154259665,44698
154265864,44690
154272053,44697
154278214,44692
154284440,44701
154290610,44693
154296766,44701
154303633,44701
154309853,44703
154316015,44707
154327607,44724
154333736,44722
154339907,44718
154345105,44730
154351273,44715
154357456,44727
154363600,44719
154369769,44718
154375958,44730
154382130,44724
154388316,44728
154394514,44730
154400713,44724
154406922,44731
154413114,44725
154419270,44723
154424692,44728
154430882,44734
154437060,44723
154443233,44724
154449414,44719
154460857,44757
154467022,44762
154473124,44765
154478581,44766
154484726,44763
154490870,44769
154497028,44770
154503266,44767
154509463,44774
154516298,44775
154522534,44780
154528671,44778
154534828,44783
154541031,44777
154547269,44778
154553509,44782
154559686,44780
154565883,44777
154572034,44777
154578288,44784
154584521,44787
154595929,44828
154602097,44825
154608255,44831
154613694,44825
154619860,44828
154626056,44828
154632221,44833
154638440,44824
154643607,44834
154649850,44831
154656063,44830
154662267,44835
154668464,44834
154674667,44832
154680873,44828
154687026,44831
154693177,44834
154699390,44841
154704884,44840
154711053,44838
154717231,44844
154724012,44841
154730218,44873
154736444,44877
154742646,44881
154747861,44878
154754072,44883
154760211,44882
154766353,44885
154772513,44885
154777957,44880
154784151,44888
154790345,44891
154796584,44892
154802703,44896
154808884,44894
154815128,44895
154821322,44909
154827546,44899
154833717,44896
154838915,44904
154845103,44904
154851282,44905
154857500,44904
154863675,44911
154869895,44935
154876064,44929
154882241,44926
154888466,44914
154894586,44910
154900773,44908
154906962,44898
154912445,44902
154918647,44896
154924896,44891
154931099,44887
154937839,44884
154944054,44878
154950260,44869
154956490,44870
154962659,44866
154968807,44864
154973982,44861
154980173,44855
154986367,44851
154992545,44844
155004270,44795
155010482,44798
155016656,44799
155021835,44786
155028054,44786
155034170,44782
155040339,44778
155046501,44768
155052725,44777
155058958,44769
155065145,44770
155071308,44772
155077497,44763
155083680,44766
155089888,44763
155096084,44766
155102247,44757
155107635,44750
155113782,44753
155119943,44745
155126141,44750
155132330,44745
155138566,44730
155145428,44726
155151645,44715
155156829,44717
155163048,44717
155169242,44718
155175436,44715
155181678,44715
155187183,44716
155193366,44714
155199606,44710
155205789,44708
155212028,44711
155218234,44708
155224437,44715
155230619,44711
155236793,44715
155242962,44710
155249125,44714
155255315,44709
155261549,44711
155267755,44714
155279146,44728
155285316,44724
155290761,44728
155296976,44733
155303168,44724
155309351,44729
155322170,44733
155328408,44734
155334635,44731
155340819,44739
155346995,44736
155353178,44738
155359348,44741
155366150,44733
155372287,44734
155378516,44735
155384661,44740
155390838,44737
155397005,44738
155408411,44763
155414615,44758
155420765,44767
155426984,44768
155433130,44760
155439301,44762
155445474,44764
155451669,44766
155457112,44771
155463282,44766
155469529,44773
155475685,44778
155481844,44781
155487989,44775
155494194,44777
155500367,44788
155506573,44787
155512718,44784
155517915,44779
155524107,44786
155530266,44791
155541913,44836
155548130,44836
155554307,44834
155560550,44831
155566743,44836
155573562,44838
155579713,44843
155585883,44846
155591092,44838
155597286,44845
155603466,44845
155609630,44846
155615825,44856
155622057,44849
155628209,44851
155634398,44851
155640578,44854
155646732,44853
155652976,44854
155659162,44856
155665352,44851
155677008,44894
155683214,44891
155689436,44890
155694667,44899
155700918,44859
155707091,44901
155713289,44903
155719461,44898
155724883,44903
155731101,44897
155737282,44902
155743470,44903
155749628,44903
155755744,44903
155761933,44900
155768091,44909
155774265,44908
155780479,44906
155787307,44908
155793530,44912
155799669,44911
155811015,44951
155817232,44962
155823444,44957
155829594,44972
155835770,44970
155841944,44973
155848114,44975
155854273,44981
155859698,44980
155865839,44986
155872010,44984
155878213,44979
155884462,44974
155890632,44982
155896805,44981
155902982,44986
155909162,44978
155915321,44973
155921546,44981
155927706,44975
155933884,44965
155945244,44856
155951463,44858
155957634,44868
155963838,44856
155970057,44851
155976157,44855
155982318,44854
155988515,44863
155994681,44856
156000881,44858
156007086,44856
156013266,44854
156019448,44859
156025626,44856
156031818,44858
156038033,44857
156044214,44848
156050387,44858
156056613,44854
156062789,44857
156069016,44851
156079822,44803
156085994,44813
156092176,44809
156098336,44812
156103570,44808
156109723,44818
156115927,44819
156122081,44806
156128268,44807
156134492,44808
156140670,44809
156146863,44804
156153058,44806
156159222,44806
156165363,44810
156171533,44806
156177714,44807
156183953,44809
156190127,44809
156196286,44804
156203087,44808
156208532,44798
156214700,44794
156220847,44791
156227033,44787
156233197,44795
156238412,44795
156244636,44798
156250847,44795
156257068,44798
156263183,44800
156268616,44801
156274852,44798
156281052,44795
156287281,44794
156293473,44797
156299679,44794
156305852,44798
156312030,44796
156318219,44801
156324427,44804
156330633,44795
156336826,44799
156343008,44805
156353773,44803
156359977,44806
156366157,44806
156372341,44813
156378510,44806
156384707,44806
156390935,44815
156397132,44818
156402570,44820
156408728,44820
156415551,44816
156421725,44822
156427855,44819
156434022,44830
156440196,44824
156446413,44831
156452608,44835
156458762,44833
156464949,44832
156471157,44836
156477364,44829
156488127,44881
156494274,44875
156500435,44877
156506624,44879
156512058,44885
156518243,44877
156524461,44885
156530644,44879
156536835,44885
156543034,44890
156549245,44889
156555466,44899
156568248,44891
156574451,44894
156580663,44889
156586903,44903
156593065,44892
156599214,44900
156605433,44895
156616067,44924
156622280,44925
156629071,44919
156635255,44924
156641465,44928
156647655,44933
156653899,44931
156660065,44925
156666208,44930
156671641,44927
156677820,44930
156683994,44935
156690169,44936
156696331,44935
156702554,44933
156708697,44946
156714783,44939
156720946,44939
156727159,44941
156733337,44950
156739588,44951
156750188,44994
156756430,44991
156762692,44987
156768848,44992
156775041,45001
156781208,45000
156787425,45003
156793636,45007
156799814,45003
156805980,45004
156812146,45004
156818328,45003
156824560,45003
156830707,45001
156837479,44986
156843645,44991
156849781,44987
156855954,44990
156862160,44981
156868353,44980
156874575,44977
156885244,44875
156891474,44879
156897648,44869
156903780,44869
156909946,44860
156916114,44875
156921315,44869
156927514,44865
156933701,44863
156939903,44863
156946074,44861
156952246,44857
156958451,44856
156964680,44855
156970893,44856
156977080,44841
156983248,44859
156989406,44842
156995599,44849
157001780,44851
157007984,44837
157019605,44824
157025770,44823
157031952,44826
157038132,44823
157044271,44822
157051106,44818
157056300,44823
157062507,44823
157068698,44825
157074899,44821
157080331,44825
157086567,44821
157092711,44821
157098934,44822
157105112,44821
157111292,44826
157117498,44819
157123676,44814
157129889,44819
157136075,44818
157142261,44817
157153728,44816
157159203,44816
157165401,44815
157171630,44819
157177755,44810
157183936,44819
157190155,44816
157196340,44811
157202577,44819
157208766,44818
157214941,44816
157221128,44817
157227331,44810
157233527,44822
157239686,44821
157245877,44827
157252062,44822
157258862,44821
157265039,44816
157271241,44822
157277448,44823
157288920,44838
157294359,44835
157300553,44836
157306693,44838
157312785,44839
157318953,44833
157324150,44840
157330341,44845
157336558,44841
157342749,44845
157348965,44838
157354385,44851
157360629,44845
157366831,44849
157373048,44845
157379246,44854
157385473,44849
157391654,44851
157397859,44849
157404037,44851
157410227,44862
157416476,44862
157422678,44901
157428824,44906
157434035,44900
157440167,44898
157446337,44908
157452484,44901
157458640,44907
157464820,44908
157471681,44906
157477860,44911
157484073,44908
157489538,44918
157495707,44917
157501893,44920
157508051,44910
157514238,44912
157520448,44918
157526670,44919
157532831,44915
157538971,44919
157545158,44926
157551371,44916
157562794,44960
157568263,44956
157574482,44961
157580670,44963
157586811,44960
157592991,44961
157598180,44965
157604329,44966
157610537,44967
157616742,44966
157622940,44970
157629097,44972
157635279,44975
157641428,44969
157647619,44979
157653808,44982
157660017,44974
157666253,44980
157672468,44983
157679251,44986
157685516,44989
157697099,45028
157702288,45028
157708417,45025
157714599,45031
157720781,45030
157727023,45038
157733206,45040
157739439,45030
157745639,45030
157751868,45035
157758068,45038
157763491,45035
157769671,45040
157775805,45043
157782004,45034
157788203,45038
157794464,45034
157800660,45036
157813484,45031
157819736,45021
157826046,44909
157832258,44908
157838408,44898
157844602,44904
157850776,44900
157857026,44903
157862474,44902
157868641,44894
157874845,44888
157881050,44896
157887282,44894
157892497,44888
157899327,44881
157905494,44890
157911663,44884
157917842,44881
157924045,44881
157930184,44876
157936405,44872
157942633,44866
157948800,44875
157960505,44802
157966707,44804
157972833,44805
157978957,44804
157985146,44802
157991351,44805
157996595,44795
158002802,44794
158009040,44793
158015162,44791
158021365,44789
158026820,44784
158033008,44791
158039181,44781
158045319,44785
158051514,44784
158057650,44790
158063808,44778
158069999,44770
158076229,44778
158082446,44776
158088651,44770
158094833,44725
158101022,44735
158107782,44728
158113950,44727
158120130,44729
158126282,44725
158131476,44731
158137689,44728
158143894,44732
158150112,44734
158156333,44732
158161749,44733
158167905,44733
158174089,44729
158180255,44738
158186477,44725
158192650,44741
158198828,44733
158205033,44736
158211229,44736
158217459,44737
158223665,44743
158235049,44754
158241247,44750
158246642,44752
158252771,44750
158258919,44750
158265110,44750
158270339,44749
158276540,44745
158282723,44742
158288959,44748
158295160,44751
158300696,44749
158306858,44752
158313054,44750
158319761,44742
158325926,44755
158332091,44750
158338277,44752
158344525,44759
158350706,44759
158356862,44761
158368228,44804
158374415,44798
158379805,44801
158386003,44796
158392214,44801
158398424,44802
158403672,44795
158409907,44801
158416096,44801
158422248,44809
158428444,44803
158433873,44797
158440045,44804
158446232,44806
158452426,44805
158458649,44802
158464783,44813
158470983,44804
158477155,44803
158483321,44802
158489515,44808
158495694,44813
158507059,44822
158513233,44823
158518630,44826
158524834,44824
158531696,44831
158537867,44835
158544063,44832
158550262,44841
158556472,44841
158562704,44836
158567914,44839
158574100,44850
158580258,44840
158586472,44845
158592651,44850
158598836,44843
158605073,44861
158611194,44857
158617350,44855
158623492,44852
158629722,44855
158641356,44880
158647565,44877
158652780,44879
158659003,44880
158665218,44887
158671443,44875
158677643,44879
158683846,44874
158690098,44874
158696283,44877
158702455,44877
158708614,44873
158714802,44880
158721035,44867
158727213,44873
158733407,44871
158740219,44867
158746497,44868
158752666,44875
158758925,44872
158765138,44876
158776682,44865
158782864,44852
158788072,44855
158794314,44855
158800534,44838
158806699,44832
158812851,44826
158818328,44820
158824589,44814
158830772,44810
158836913,44805
158842093,44802
158848263,44795
158854444,44780
158860622,44770
158866810,44782
158873033,44776
158879179,44768
158885382,44769
158891572,44770
158897740,44760
158909361,44711
158915571,44722
158921698,44716
158926894,44711
158933104,44706
158939218,44712
158945411,44702
158952138,44704
158958400,44698
158964576,44696
158970762,44699
158976164,44705
158982346,44704
158988573,44683
158994697,44679
159000904,44686
159007102,44681
159013347,44678
159019598,44667
159025791,44669
159031966,44670
159043389,44668
159056137,44671
159062358,44665
159068596,44664
159074827,44657
159081061,44668
159086466,44661
159092694,44656
159098853,44658
159105054,44656
159110280,44658
159116486,44660
159122660,44663
159128793,44655
159135015,44659
159141171,44653
159147336,44650
159153546,44655
159159748,44650
159165975,44637
159172886,44639
159179113,44639
159185285,44638
159191443,44630
159196863,44642
159203049,44640
159209271,44643
159215501,44650
159220727,44653
159226914,44651
159233134,44647
159239358,44648
159244777,44647
159250937,44655
159257120,44644
159263308,44648
159269491,44646
159275667,44651
159281867,44654
159288055,44651
159294257,44645
159300470,44656
159306679,44653
159312799,44669
159318976,44668
159325131,44665
159330320,44671
159336502,44673
159342678,44667
159348899,44667
159355098,44670
159361209,44678
159367405,44677
159373624,44680
159379076,44675
159385771,44680
159391939,44676
159398102,44681
159404313,44679
159410524,44682
159416734,44691
159422901,44689
159429091,44693
159435298,44700
159441484,44690
159452816,44726
159459046,44730
159465176,44729
159471320,44733
159477512,44737
159483697,44728
159489875,44737
159495370,44740
159501619,44732
159507762,44736
159512962,44737
159519119,44737
159525261,44740
159531434,44739
159537626,44738
159543799,44741
159550028,44743
159556171,44743
159562340,44741
159568541,44746
159574731,44746
159586345,44782
159593105,44782
159599261,44791
159605477,44786
159611688,44790
159617873,44793
159624022,44792
159629243,44787
159635416,44800
159641600,44799
159647029,44802
159653230,44802
159659387,44801
159665601,44803
159671752,44807
159677937,44811
159684099,44802
159690273,44805
159696499,44807
159702721,44812
159708906,44809
159715075,44807
159721241,44842
159727406,44832
159733620,44836
159739831,44831
159746028,44829
159752263,44827
159758471,44827
159763721,44815
159769936,44822
159776136,44813
159781595,44807
159787751,44806
159793877,44803
159800045,44799
159806825,44793
159813013,44795
159819203,44790
159825415,44790
159831650,44774
159837838,44775
159843980,44773
159850138,44768
159861528,44697
159867695,44689
159873921,44691
159880116,44693
159886269,44689
159892462,44689
159898687,44677
159904909,44680
159911126,44674
159916566,44676
159922711,44673
159928855,44659
159935031,44668
159941212,44661
159947434,44655
159953666,44660
159959796,44654
159965985,44653
159972164,44654
159978331,44647
159984543,44650
159995965,44637
160002135,44643
160008269,44642
160015137,44639
160021365,44643
160026813,44642
160032997,44633
160039182,44643
160045332,44632
160050524,44635
160056682,44633
160062849,44636
160069070,44635
160075225,44625
160081428,44624
160087639,44624
160093806,44626
160100051,44625
160106193,44617
160112353,44619
160118537,44619
160130120,44614
160136355,44612
160142596,44617
160148797,44623
160155015,44610
160161204,44614
160167389,44610
160172625,44610
160178760,44606
160184182,44612
160190383,44622
160196590,44618
160202745,44616
160208899,44626
160215111,44626
160221283,44622
160228140,44632
160234324,44624
160240499,44620
160246723,44621
160252887,44627
160264234,44628
160270406,44632
160276595,44635
160282772,44633
160288994,44629
160302010,44633
160308223,44640
160314427,44632
160320643,44631
160326750,44636
160332923,44636
160339118,44637
160345308,44646
160351539,44645
160357702,44651
160363866,44640
160370087,44639
160376265,44653
160382426,44651
160393817,44714
160400057,44720
160406220,44723
160412425,44719
160418655,44719
160424819,44721
160431037,44718
160436462,44726
160442607,44731
160448778,44726
160454189,44733
160460345,44733
160466553,44730
160472769,44734
160478934,44737
160485063,44730
160491244,44735
160497397,44732
160503605,44739
160509770,44739
160515936,44738
160522102,44740
160528308,44760
160534508,44751
160540684,44758
160546879,44749
160553059,44750
160559253,44756
160565536,44755
160571709,44761
160576136,44768
160582325,44764
160587710,44766
160593832,44774
160600001,44775
160606217,44782
160612387,44781
160618626,44783
160624783,44784
160630962,44781
160637148,44790
160643332,44794
160650118,44791
160656264,44789
160662432,44831
160668633,44841
160674773,44837
160680958,44825
160687137,44838
160693328,44834
160699553,44841
160705701,44837
160710092,44827
160716272,44832
160722448,44828
160728628,44818
160734786,44819
160741033,44820
160747189,44824
160753384,44814
160759595,44809
160765758,44806
160771972,44805
160778133,44801
160784290,44798
160790465,44792
160802044,44684
160808269,44685
160814500,44685
160820697,44678
160826837,44685
160833024,44681
160839215,44678
160844385,44669
160849824,44675
160855996,44672
160862736,44672
160868869,44663
160875041,44669
160881208,44663
160887399,44659
160893604,44656
160899792,44650
160905974,44653
160912133,44645
160918338,44648
160924531,44644
160930723,44644
160936910,44621
160943080,44619
160949279,44626
160955432,44616
160961684,44620
160967889,44620
160974102,44611
160979309,44613
160985447,44615
160991597,44616
160997755,44608
161003183,44604
161009369,44611
161015617,44605
161021777,44604
161027987,44603
161034204,44604
161040371,44607
161046590,44599
161052741,44595
161058888,44594
161065089,44601
161077032,44592
161083200,44584
161089395,44588
161095618,44593
161101847,44594
161108052,44589
161114182,44585
161119619,44578
161125780,44584
161131997,44582
161137190,44585
161143373,44594
161149579,44591
161155726,44588
161161942,44587
161168137,44594
161174300,44595
161180461,44596
161186625,44591
161192812,44587
161199048,44595
161210620,44592
161216756,44593
161222905,44594
161229142,44587
161235323,44588
161241532,44589
161247704,44588
161253838,44594
161259007,44592
161265158,44594
161270623,44596
161276786,44592
161283632,44599
161289783,44599
161295983,44594
161302187,44598
161308371,44603
161314596,44603
161320738,44601
161326887,44601
161333041,44612
161339277,44609
161345520,44677
161351703,44681
161357890,44684
161364065,44684
161370269,44687
161376444,44683
161382632,44695
161388772,44692
161393228,44689
161399383,44693
161405546,44702
161411739,44695
161417967,44693
161424159,44694
161430309,44689
161436515,44702
161442679,44700
161448837,44694
161455045,44700
161461153,44702
161467294,44703
161473472,44702
161479646,44745
161486384,44732
161492615,44733
161498829,44733
161505033,44737
161511175,44737
161517328,44743
161523526,44752
161528306,44749
161534441,44741
161547281,44756
161553520,44748
161559763,44753
161565980,44758
161572201,44755
161578377,44756
161584586,44759
161590752,44766
161596941,44761
161603095,44761
161614569,44806
161620722,44808
161626926,44806
161633174,44811
161639343,44810
161645543,44810
161651696,44810
161657149,44808
161663305,44807
161669533,44805
161675723,44813
161680903,44808
161687144,44813
161693266,44812
161699448,44813
161706198,44817
161712340,44811
161718531,44823
161724700,44826
161730904,44822
161737096,44831
161748763,44835
161754948,44826
161761143,44826
161767348,44803
161773536,44802
161779748,44797
161785871,44786
161792046,44780
161796488,44774
161802692,44765
161808916,44766
161814386,44755
161820623,44755
161826779,44753
161832979,44737
161839155,44743
161845327,44732
161851537,44730
161857701,44733
161863846,44731
161869980,44719
161876188,44711
161887604,44675
161893755,44675
161899957,44672
161906190,44661
161912952,44658
161919179,44668
161925364,44662
161930766,44690
161935928,44656
161942163,44652
161948343,44654
161954556,44653
161960748,44646
161966952,44635
161973118,44627
161979277,44633
161985445,44632
161991645,44640
161997844,44635
162004077,44627
162010188,44628
162021772,44610
162027941,44606
162034132,44606
162040312,44611
162046536,44613
162052670,44611
162058768,44608
162064945,44598
162069383,44608
162075587,44609
162081781,44602
162087993,44607
162094187,44599
162100356,44605
162106575,44601
162112744,44599
162118930,44604
162125760,44597
162131998,44596
162138160,44596
162144315,44600
162155911,44617
162162080,44623
162168264,44617
162174459,44625
162180678,44625
162186868,44612
162193065,44619
162199247,44616
162203679,44626
162209896,44624
162216084,44630
162222229,44635
162227680,44623
162233846,44628
162240051,44623
162246252,44627
162252472,44626
162258668,44629
162264792,44630
162270958,44631
162277158,44628
162283304,44627
162289538,44662
162295739,44661
162301956,44658
162308154,44668
162314356,44663
162320542,44660
162326717,44656
162333535,44667
162338005,44667
162344154,44664
162350344,44672
162356532,44683
162362713,44679
162368885,44667
162375098,44678
162381184,44682
162387341,44681
162393506,44688
162399695,44684
162405888,44695
162412098,44695
162418245,44702
162429886,44747
162436103,44746
162442319,44748
162448503,44748
162454693,44748
162460809,44747
162466959,44749
162472144,44744
162477550,44752
162483734,44754
162489910,44745
162496086,44750
162501318,44746
162507532,44750
162513675,44754
162519853,44757
162526056,44750
162532224,44757
162538364,44751
162545170,44754
162551351,44757
162563007,44802
162569226,44805
162575432,44807
162581667,44805
162587812,44804
162593975,44813
162600188,44818
162606407,44807
162611644,44817
162617846,44818
162624087,44823
162630262,44834
162635691,44839
162641886,44830
162648076,44834
162654230,44841
162660400,44835
162666642,44839
162672803,44841
162678953,44844
162685121,44850
162691312,44841
162697525,44872
162703754,44872
162709929,44879
162716120,44881
162722301,44886
162728484,44884
162734674,44890
162740799,44893
162745205,44896
162751973,44897
162758214,44895
162764405,44902
162769874,44892
162776059,44905
162782254,44901
162795064,44894
162801300,44890
162807551,44899
162813778,44884
162819954,44894
162826155,44882
162832395,44764
162838656,44767
162844827,44764
162851010,44766
162857186,44760
162863383,44767
162869614,44760
162875768,44760
162881941,44759
162888148,44764
162894336,44759
162899569,44759
162905736,44763
162911859,44758
162918060,44758
162924223,44760
162930387,44761
162936575,44752
162942722,44750
162948941,44760
162955112,44803
162961307,44752
162973692,44730
162979884,44727
162986097,44732
162992266,44726
162998449,44734
163004630,44731
163010787,44726
163015618,44727
163021773,44722
163027964,44725
163033129,44731
163039319,44720
163045555,44720
163051720,44720
163057860,44719
163064093,44723
163070219,44721
163076388,44722
163082565,44716
163088741,44725
163094924,44715
163106585,44719
163112777,44723
163118907,44726
163125061,44720
163131244,44721
163137391,44727
163143630,44721
163149806,44726
163155002,44735
163161177,44727
163167358,44726
163173541,44728
163180305,44728
163186488,44728
163192669,44733
163198872,44735
163205067,44738
163211220,44734
163217390,44735
163223611,44741
163229808,44737
163241476,44747
163247673,44749
163253832,44746
163259983,44748
163266168,44750
163272353,44749
163278564,44751
163284741,44754
163289166,44751
163295348,44750
163301541,44749
163307734,44754
163313930,44757
163320096,44760
163326249,44752
163332399,44753
163338583,44756
163344764,44756
163350970,44754
163357178,44758
163363352,44765
163374995,44798
163381178,44787
163387905,44785
163394112,44795
163400309,44787
163406455,44795
163412660,44793
163418832,44793
163423280,44792
163429444,44797
163435612,44802
163441093,44803
163447325,44797
163453532,44805
163459724,44807
163465863,44798
163472030,44803
163478242,44803
163484447,44805
163490680,44807
163496859,44810
163503047,44814
163509266,44870
163515411,44863
163521636,44869
163527829,44864
163534007,44871
163540161,44864
163546339,44872
163552563,44872
163558737,44872
163564881,44876
163571027,44873
163576253,44882
163582415,44884
163588655,44877
163594838,44881
163601642,44881
163607816,44879
163614035,44883
163620223,44887
163626394,44885
163632617,44877
163638816,44884
163650443,44916
163656676,44918
163662841,44916
163669000,44922
163675182,44920
163681386,44917
163687615,44929
163693759,44927
163698974,44930
163705166,44939
163710621,44939
163716781,44936
163722919,44931
163729089,44944
163735288,44943
163741434,44944
163747663,44949
163753820,44947
163759998,44952
163766171,44961
163772394,44963
163783859,44883
163790063,44886
163796234,44875
163802407,44876
163809209,44863
163815379,44859
163821563,44864
163827737,44848
163833183,44856
163838386,44843
163844606,44853
163850777,44849
163856984,44847
163863189,44840
163869376,44843
163875589,44839
163881825,44833
163888006,44833
163894186,44833
163900388,44833
163906624,44832
163918234,44784
163924425,44773
163930602,44778
163936752,44769
163942900,44776
163949102,44772
163955303,44778
163961531,44760
163967733,44765
163972917,44768
163979107,44768
163984571,44757
163990723,44759
163996880,44761
164003049,44766
164009251,44755
164015454,44815
164022238,44755
164035010,44764
164041263,44768
164047487,44744
164053748,44744
164059934,44746
164066161,44744
164072377,44751
164078577,44739
164084773,44733
164090916,44741
164097140,44741
164102570,44741
164108740,44748
164113967,44742
164120180,44741
164126325,44741
164132478,44743
164138647,44740
164144825,44741
164151054,44739
164157216,44733
164163402,44745
164169658,44741
164175867,44739
164187548,44748
164193757,44752
164199927,44753
164206132,44749
164212326,44760
164218509,44753
164224711,44751
164230905,44753
164236021,44755
164242166,44757
164248293,44759
164254429,44753
164260631,44759
164266827,44759
164273023,44757
164279187,44756
164285395,44760
164291568,44759
164297763,44758
164304003,44760
164310176,44763
164321753,44800
164327870,44802
164333987,44798
164340142,44805
164346353,44802
164352597,44804
164358769,44801
164364943,44809
164371136,44807
164377361,44806
164383547,44807
164388734,44813
164394917,44811
164401129,44801
164407346,44813
164413579,44815
164419794,44810
164426014,44820
164432236,44819
164438418,44814
164445208,44822
164456810,44867
164462968,44868
164469134,44864
164475325,44869
164481545,44863
164487760,44866
164493903,44870
164500075,44876
164506306,44876
164511511,44871
164517713,44875
164523139,44877
164529300,44876
164535483,44884
164541699,44880
164547824,44883
164553995,44882
164560148,44891
164566348,44883
164572561,44878
164578751,44881
164590097,44933
164596227,44935
164602424,44933
164608637,44930
164614831,44934
164621026,44933
164627200,44935
164633357,44938
164639531,44934
164645757,44942
164652491,44942
164657969,44942
164664134,44947
164670312,44947
164676527,44949
164682740,44952
164688865,44954
164695060,44958
164701258,44963
164707517,44958
164713705,44956
164725072,45004
164731215,45010
164737349,45004
164743553,45004
164749801,45004
164755983,45011
164762179,45012
164768321,45010
164774457,45005
164780689,45011
164786074,45016
164791252,45010
164797394,45001
164803594,45003
164809728,44994
164815900,45000
164822135,44991
164828286,44984
164834501,44982
164840730,44976
164846928,44973
164853131,44965
164859303,44856
164866130,44855
164872323,44849
164878467,44847
164884656,44846
164890827,44848
164897041,44843
164903218,44842
164909389,44844
164915523,44838
164920967,44841
164926153,44841
164932275,44847
164938465,44837
164944686,44842
164950899,44837
164957098,44834
164963270,44834
164969482,44833
164975682,44831
164981869,44830
164988091,44824
164999703,44786
165005909,44781
165012113,44780
165018322,44773
165024447,44775
165030657,44768
165036818,44762
165042991,44766
165049180,44767
165054394,44756
165060559,44761
165066748,44753
165072828,44753
165079092,44757
165085283,44741
165091485,44751
165097679,44744
165103824,44748
165110029,44743
165116192,44745
165122299,44753
165133911,44731
165140100,44734
165146304,44729
165152558,44731
165158760,44734
165164946,44729
165171095,44732
165177274,44725
165183427,44728
165188666,44730
165194829,44733
165200307,44733
165206485,44738
165211717,44741
165217912,44736
165224107,44730
165230292,44741
165236496,44735
165242660,44744
165248837,44737
165255039,44739
165261178,44714
165279301,44718
165285522,44722
165292322,44714
165298551,44722
165304745,44720
165310935,44726
165317171,44718
165322579,44723
165328793,44723
165334063,44729
165339495,44723
165345695,44731
165351916,44735
165358108,44729
165364317,44745
165370500,44743
165376730,44745
165382888,44753
165389023,44757
165400410,44824
165406581,44819
165412767,44823
165418977,44824
165425193,44823
165431320,44829
165437495,44826
165443721,44832
165449902,44829
165455372,44828
165461570,44835
165466814,44831
165472982,44834
165478441,44840
165484693,44827
165490849,44837
165497031,44840
165503803,44833
165509948,44834
165516122,44838
165522305,44838
165528517,44844
165534742,44884
165540848,44878
165547042,44880
165553271,44880
165559440,44881
165565641,44883
165571814,44878
165577945,44890
165584126,44881
165589329,44889
165595481,44888
165600903,44891
165607084,44890
165612276,44884
165618472,44891
165624685,44890
165630857,44886
165637068,44890
165643215,44890
165649367,44893
165655513,44897
165661686,44896
165667830,44899
165674025,44942
165680196,44941
165686328,44944
165692498,44945
165698716,44942
165704877,44941
165711721,44941
165717990,44949
165724163,44953
165730287,44949
165735714,44945
165741840,44952
165748062,44951
165754264,44962
165760438,44958
165766681,44960
165772850,44962
165779032,44961
165785238,44961
165791421,44967
165797636,44961
165803758,44966
165815133,44930
165821328,44923
165827526,44920
165833704,44913
165839892,44915
165846130,44914
165852314,44913
165858477,44907
165863917,44910
165870092,44899
165876269,44894
165882472,44891
165887715,44888
165893918,44889
165900146,44881
165906314,44881
165912505,44883
165918711,44871
165925528,44868
165931734,44863
165937860,44874
165949559,44830
165955808,44829
165961948,44823
165968136,44827
165974348,44822
165980586,44822
165986792,44830
165992957,44827
165998134,44811
166004281,44813
166009749,44817
166015934,44816
166022101,44821
166027314,44818
166033536,44819
166039721,44819
166045919,44814
166052146,44810
166058299,44820
166064485,44813
166070677,44813
166082301,44799
166088464,44785
166094705,44776
166100858,44786
166107063,44784
166113255,44786
166119460,44788
166125695,44780
166131895,44780
166138749,44790
166144944,44779
166151109,44788
166157316,44786
166162480,44787
166168671,44793
166174893,44797
166181141,44796
166187315,44797
166193482,44791
166199673,44789
166205829,44790
166217502,44799
166223700,44794
166229846,44786
166236049,44800
166242218,44796
166248444,44791
166254614,44795
166260764,44796
166266998,44799
166272213,44802
166278395,44803
166284598,44802
166290792,44795
166296216,44802
166302374,44800
166308589,44799
166314773,44797
166320965,44790
166327177,44791
166333372,44793
166339593,44794
166351665,44808
166357884,44815
166364113,44820
166370269,44822
166376476,44808
166382664,44818
166388830,44825
166394990,44820
166401193,44830
166407360,44822
166413608,44833
166419052,44834
166425219,44836
166430400,44832
166436555,44831
166442746,44832
166448909,44838
166455124,44839
166461284,44840
166467465,44838
166473636,44843
166479806,44843
166486053,44873
166492203,44860
166498383,44876
166504561,44872
166510792,44872
166517009,44880
166530049,44878
166536317,44882
166542530,44877
166547746,44885
166553910,44876
166560796,44884
166567040,44880
166573243,44882
166579420,44882
166585613,44882
166591803,44884
166598047,44887
166604238,44890
166610366,44888
166621972,44924
166628149,44918
166634347,44928
166640511,44926
166646736,44926
166652912,44929
166659099,44927
166665302,44927
166671499,44928
166676745,44931
166682936,44929
166689148,44933
166695275,44933
166700713,44941
166706883,44939
166713087,44937
166719286,44947
166725470,44938
166731695,44941
166737834,44949
166743992,44946
166755382,44879
166761567,44873
166767734,44876
166774528,44868
166780726,44867
166786917,44865
166793116,44859
166799271,44850
166805410,44854
166810832,44836
166816995,44844
166823214,44848
166829404,44840
166835658,44835
166841833,44836
166847993,44830
166854156,44831
166860356,44822
166866519,44828
166872735,44822
166878907,44824
166890265,44769
166896458,44766
166902668,44763
166908803,44761
166914992,44760
166921248,44758
166927400,44760
166933586,44753
166939741,44753
166945154,44751
166951386,44753
166956609,44750
166962779,44751
166968958,44754
166975183,44754
166981911,44759
166988197,44750
166994342,44745
167000515,44747
167006698,44745
167012834,44753
167024474,44726
167030714,44728
167036901,44725
167043043,44723
167049250,44719
167055447,44720
167061640,44723
167067829,44711
167074022,44724
167080193,44725
167086410,44735
167091627,44726
167097798,44719
167103989,44726
167110196,44724
167116336,44731
167122530,44726
167128722,44732
167134911,44731
167141113,44724
167147253,44730
167158829,44742
167164982,44741
167171172,44736
167177381,44743
167183592,44738
167189808,44739
167196706,44737
167202867,44727
167209025,44742
167215213,44732
167220431,44738
167225843,44729
167232021,44730
167238208,44733
167244396,44728
167250619,44737
167255830,44729
167262023,44734
167268213,44736
167274338,44736
167280514,44737
167286732,44728
167292895,44770
167299117,44763
167305293,44769
167311480,44769
167317666,44770
167323820,44773
167330028,44773
167336222,44771
167342372,44780
167348570,44780
167354047,44777
167360235,44782
167366435,44781
167372663,44781
167378818,44784
167385046,44777
167391230,44789
167397384,44787
167404215,44794
167410420,44794
167416613,44793
167422786,44790
167434143,44838
167440331,44832
167446547,44833
167452749,44830
167458941,44829
167465136,44828
167471266,44828
167477392,44833
167483556,44844
167489005,44833
167495193,44835
167500423,44837
167506620,44838
167512800,44829
167519012,44827
167525223,44831
167531359,44828
167537533,44835
167543735,44835
167549903,44833
167556130,44838
167567698,44871
167573838,44877
167580005,44869
167586204,44880
167592361,44869
167598517,44876
167604716,44875
167610891,44883
167617735,44895
167622910,44881
167629128,44882
167634549,44881
167640741,44888
167646957,44890
167653134,44888
167659276,44893
167665434,44901
167671636,44898
167677799,44903
167683948,44901
167690126,44907
167701547,44830
167707750,44826
167713893,44822
167720130,44816
167726282,44813
167732464,44816
167738642,44809
167744819,44806
167750983,44797
167757212,44798
167769933,44796
167776156,44794
167782373,44785
167788622,44788
167794823,44791
167800994,44783
167806455,44780
167812687,44774
167818913,44771
167825157,44762
167831936,44719
167838129,44704
167844370,44701
167850593,44705
167856798,44697
167863002,44700
167869187,44699
167875367,44686
167881521,44694
167887715,44685
167892937,44695
167899147,44681
167904609,44692
167910807,44691
167917041,44685
167923281,44683
167929518,44678
167935716,44684
167941863,44686
167947971,44690
167954120,44688
167965558,44644
167971764,44639
167977957,44639
167984160,44643
167990316,44629
167996463,44640
168002662,44629
168008804,44628
168015028,44629
168021279,44632
168026713,44633
168032884,44622
168038076,44630
168044896,44634
168051135,44628
168057320,44639
168063506,44639
168069714,44633
168075883,44642
168082101,44637
168088250,44641
168099876,44641
168106098,44651
168112308,44643
168118538,44648
168124787,44643
168130900,44645
168137079,44644
168143232,44636
168149424,44647
168155674,44644
168160869,44643
168167123,44641
168172520,44644
168178747,44644
168184927,44638
168191110,44643
168197286,44639
168203425,44638
168209608,44637
168215824,44641
168220996,44637
168227197,44637
168238957,44696
168245145,44704
168251874,44704
168258147,44710
168264303,44710
168270466,44709
168276643,44709
168282832,44713
168289063,44714
168294526,44720
168300760,44720
168306980,44720
168313137,44717
168319371,44721
168325592,44720
168331797,44721
168337916,44725
168344122,44721
168350308,44734
168355498,44725
168361704,44731
168373347,44774
168379594,44774
168385809,44769
168391996,44772
168398148,44770
168404334,44776
168410495,44778
168416705,44778
168422882,44781
168428117,44778
168434289,44779
168440471,44783
168446671,44785
168452877,44782
168459092,44790
168465928,44786
168472134,44785
168478314,44772
168484510,44785
168489984,44783
168496165,44791
168507618,44833
168513816,44834
168520026,44834
168526234,44849
168532422,44841
168538573,44842
168544754,44848
168550918,44834
168557120,44839
168562605,44843
168568832,44846
168575006,44851
168581182,44856
168586400,44854
168592650,44855
168598818,44851
168604984,44852
168611207,44855
168617340,44849
168623521,44858
168628953,44863
168640363,44883
168646512,44874
168652688,44861
168658878,44866
168665063,44860
168671282,44849
168678075,44840
168684262,44843
168690464,44837
168696663,44840
168702851,44831
168709084,44821
168715283,44826
168720791,44815
168726937,44812
168733136,44806
168739344,44800
168745520,44794
168751732,44784
168757886,44785
168763072,44788
168774728,44732
168780914,44742
168787102,44736
168793299,44735
168799484,44731
168805720,44728
168811868,44720
168818058,44724
168824251,44727
168830473,44716
168836702,44726
168842858,44708
168848998,44711
168855187,44712
168861366,44704
168867530,44713
168873750,44708
168879919,44711
168886743,44702
168892904,44703
168898107,44703
168909721,44677
168915889,44685
168922103,44676
168928359,44674
168934605,44674
168940838,44678
168947006,44676
168953189,44671
168959395,44674
168965610,44677
168970842,44679
168977040,44674
168983240,44674
168989376,44677
168994805,44687
169000933,44682
169007070,44673
169019851,44668
169026099,44676
169031530,44682
169042940,44690
169049163,44693
169055351,44677
169061548,44686
169067738,44687
169073905,44692
169080107,44683
169086278,44687
169092430,44679
169098652,44685
169104771,44685
169110972,44680
169117192,44681
169123311,44682
169128731,44676
169134896,44678
169141051,44681
169147244,44669
169153451,44674
169159672,44672
169164905,44670
169176561,44693
169182784,44698
169188999,44703
169195186,44703
169201390,44698
169207553,44703
169213779,44704
169219975,44698
169226124,44701
169232343,44700
169237537,44710
169243713,44702
169249860,44708
169256063,44707
169261513,44710
169267732,44712
169273854,44721
169280018,44718
169286153,44721
169292347,44719
169298519,44717
169303735,44717
169309921,44748
169316812,44750
169323041,44748
169329234,44749
169335386,44743
169341562,44748
169347737,44738
169353892,44748
169360108,44747
169366270,44746
169372396,44745
169378581,44740
169384780,44747
169390945,44747
169396422,44744
169402662,44746
169408846,44749
169414973,44754
169421157,44745
169427344,44750
169433567,44745
169438781,44755
169450367,44784
169456565,44787
169462747,44785
169468922,44788
169475110,44792
169481250,44791
169487409,44795
169493660,44796
169499855,44795
169506013,44804
169512156,44805
169518367,44799
169525143,44807
169530360,44806
169536524,44807
169542717,44814
169548860,44817
169555060,44819
169561246,44823
169567461,44816
169572929,44818
169584323,44759
169590498,44760
169596738,44757
169602911,44759
169609084,44744
169615240,44749
169621400,44736
169627556,44735
169633749,44735
169639915,44735
169646149,44735
169652311,44742
169658487,44737
169664665,44731
169670828,44738
169677006,44741
169683212,44737
169689339,44739
169695515,44733
169701712,44737
169707877,44738
169719537,44753
169725729,44752
169731916,44749
169738728,44761
169744895,44752
169751097,44761
169757244,44754
169763449,44758
169769640,44766
169775852,44757
169782034,44764
169787269,44759
169793444,44763
169799632,44758
169805067,44762
169811237,44768
169817436,44766
169823610,44754
169829820,44772
169835997,44765
169842184,44770
169847390,44762
169853581,44761
169859780,44761
169865992,44755
169872194,44764
169878391,44762
169884580,44766
169890769,44757
169896974,44759
169903217,44763
169909431,44762
169915691,44763
169921132,44769
169927328,44759
169933526,44767
169939754,44780
169946565,44778
169952794,44777
169958940,44773
169965123,44778
169971340,44779
169977534,44779
169983800,44784
169989982,44794
169996158,44789
170002350,44786
170008491,44788
170014679,44791
170020877,44796
170027029,44793
170033191,44791
170039356,44785
170045541,44791
170051758,44787
170057906,44792
170064091,44792
170070272,44782
170075481,44798
170081666,44788
170087869,44789
170094092,44790
170100302,44792
170106461,44789
170112644,44786
170118084,44785
170129506,44867
170135676,44871
170141816,44866
170148001,44870
170154826,44866
170161109,44882
170167263,44885
170173449,44888
170179666,44884
170185837,44893
170192019,44898
170198243,44900
170204438,44895
170209854,44908
170216058,44908
170222212,44921
170228377,44919
170234529,44918
170240767,44917
170246900,44923
170253076,44926
170265881,44965
170272092,44969
170278327,44972
170284516,44979
170290757,44974
170296928,44971
170303118,44969
170309326,44977
170315508,44973
170321739,44979
170326957,44984
170333211,44985
170338670,44983
170344825,44982
170350993,44979
170357163,44986
170363329,44987
170369519,44977
170376359,44984
170382525,44985
170387761,44981
170399432,45001
170405609,45008
170411778,45014
170417907,45009
170424059,45001
170430231,45002
170436428,45014
170442637,45007
170448882,45012
170455089,45009
170461297,45014
170467498,45011
170472716,45017
170478895,45011
170485126,45017
170491293,45023
170497432,45020
170503678,45023
170509866,45032
170516058,45032
170522293,45028
170533162,44951
170539350,44946
170545520,44937
170551723,44934
170557893,44937
170564068,44927
170570247,44924
170576436,44916
170583263,44909
170589447,44916
170595662,44908
170601857,45030
170607045,44902
170613232,44902
170619416,44897
170625564,44902
170631746,44887
170637931,44901
170644177,44894
170650310,44888
170656465,44884
170661882,45000
170668059,44808
170674230,44795
170680423,44795
170686641,44802
170692856,44803
170699038,44790
170705250,44795
170711417,44788
170717648,44784
170723854,44788
170730001,44780
170735233,44786
170741372,44779
170747516,44777
170753691,44783
170759876,44780
170766076,44782
170772274,44782
170778399,44770
170784577,44780
170791264,44779
170796711,44780
170808135,44749
170814307,44751
170820459,44752
170826630,44748
170832833,44749
170839029,44747
170845232,44751
170851368,44752
170857553,44755
170863743,44751
170869919,44757
170876121,44749
170881522,44756
170887685,44757
170893858,44754
170900018,44751
170906193,44756
170912416,44753
170918592,44758
170924825,44753
170931004,44755
170942319,44774
170948427,44779
170954571,44774
170960762,44774
170966952,44770
170973176,44772
170979345,44769
170985543,44772
170991725,44766
170997925,44767
171004738,44767
171010191,44766
171015374,44774
171021499,44775
171027671,44766
171033857,44772
171040017,44764
171046205,44768
171052391,44769
171058591,44769
171064785,44766
171075428,44796
171081580,44797
171087782,44798
171093975,44800
171100197,44806
171106371,44807
171112566,44807
171118759,44805
171124935,44809
171131128,44813
171137297,44816
171143403,44822
171149575,44823
171155774,44819
171161940,44827
171168148,44827
171174286,44831
171180485,44826
171186689,44828
171192846,44831
171199004,44839
171209647,44862
171216361,44862
171222547,44866
171228721,44867
171234916,44861
171241138,44860
171247261,44862
171253440,44867
171259647,44864
171265855,44871
171271992,44873
171278208,44876
171283597,44878
171289796,44866
171295958,44877
171302160,44880
171308318,44872
171314520,44883
171320762,44878
171326941,44878
171333156,44882
171339341,44881
171350067,44916
171356285,44923
171362393,44915
171368619,44917
171374818,44931
171380990,44929
171387202,44935
171393402,44928
171399593,44936
171405755,44936
171411916,44935
171418088,44945
171424974,44940
171430479,44940
171436694,44938
171442930,44936
171449094,44938
171455271,44936
171461482,44940
171467722,44948
171473891,44939
171484581,45018
171490824,45018
171497000,45013
171509803,45011
171516007,45013
171522296,45021
171528493,45014
171534675,45009
171540860,45007
171547021,44999
171552497,44992
171558669,44997
171564866,44992
171571052,44983
171577255,44976
171583469,44969
171589681,44968
171595869,44969
171602047,44957
171612643,44865
171618816,44874
171624957,44870
171631133,44869
171637302,44869
171644077,44879
171650273,44872
171656468,44865
171662700,44865
171668911,44867
171675057,44868
171681250,44860
171687430,44859
171693590,44856
171698766,44860
171704957,44859
171711189,44848
171717373,44847
171723557,44856
171729760,44857
171735932,44852
171746582,44806
171752765,44806
171758917,44802
171765085,44809
171771335,44793
171777478,44798
171783702,44801
171789884,44800
171796090,44798
171802328,44793
171808499,44786
171814689,44789
171820872,44791
171827078,44789
171833301,44776
171839461,44783
171845628,44789
171852366,44783
171858560,44777
171864799,44776
171870993,44777
171881677,44783
171887860,44785
171894056,44784
171900276,44791
171906453,44787
171912614,44781
171918832,44788
171925017,44794
171931255,44792
171937467,44792
171943622,44786
171949812,44790
171955965,44787
171961417,44783
171967613,44773
171973816,44784
171979918,44784
171986108,44780
171992282,44773
171998457,44778
172004705,44775
172016063,44793
172022303,44792
172028462,44794
172034710,44799
172040895,44801
172047093,44812
172053287,44800
172060004,44809
172066278,44814
172072422,44810
172078594,44816
172084808,44826
172090979,44819
172096425,44819
172102649,44813
172107829,44823
172114019,44832
172120228,44835
172126399,44826
172132604,44829
172138837,44841
172150405,44880
172156583,44875
172162794,44878
172168973,44882
172175131,44888
172181347,44886
172187492,44882
172193708,44883
172199864,44880
172206006,44890
172212187,44889
172218352,44899
172224509,44893
172230691,44897
172236869,44895
172242039,44901
172248251,44900
172254414,44905
172260596,44900
172266798,44904
172273569,44904
172285212,44932
172291426,44921
172296601,44925
172302813,44928
172309004,44922
172315214,44930
172321369,44924
172327553,44926
172333782,44923
172339959,44925
172346157,44942
172352356,44932
172358542,44939
172364725,44927
172370168,44926
172376375,44929
172382553,44924
172388782,44929
172394926,44934
172401066,44936
172407232,44939
172418551,44989
172424768,44997
172430933,44997
172436404,44994
172442570,44990
172448776,44994
172454923,44990
172461064,44982
172467320,44985
172473557,44973
172479762,44973
172486616,44969
172492811,44976
172499005,44960
172504200,44962
172510371,44959
172515785,44940
172521969,44940
172528170,44938
172534380,44928
172540553,44921
172546793,44922
172552947,44832
172559109,44835
172565311,44834
172570529,44826
172576740,44829
172582928,44827
172589159,44831
172595321,44819
172601490,44832
172607700,44824
172613868,44830
172620039,44824
172626254,44823
172632331,44822
172638513,44823
172643938,44819
172650126,44814
172656281,44813
172662477,44815
172668700,44815
172674892,44817
172681087,44819
172693097,44784
172699299,44777
172704779,44770
172710925,44785
172717080,44779
172723231,44778
172729456,44786
172735672,44783
172741870,44784
172754654,44775
172760872,44778
172767148,44778
172772581,44773
172778812,44774
172784970,44771
172791167,44775
172797369,44772
172803571,44773
172809807,44772
172815964,44764
172822138,44769
172828301,44778
172834464,44769
172840691,44774
172846891,44759
172853065,44771
172859240,44768
172865476,44771
172871676,44764
172877870,44773
172884031,44771
172890196,44765
172896385,44767
172902561,44761
172909412,44768
172915593,44768
172921823,44767
172928049,44766
172934254,44774
172940459,44768
172946661,44770
172952853,44775
172959025,44774
172965183,44771
172971327,44769
172976537,44773
172982759,44781
172988955,44771
172995187,44784
173001377,44781
173007576,44784
173013782,44779
173019997,44786
173026245,44792
173032365,44790
173038556,44801
173044005,44793
173050202,44799
173056393,44793
173061616,44792
173067831,44799
173074024,44806
173080214,44803
173086337,44799
173092488,44804
173098700,44845
173104868,44847
173110306,44851
173116504,44851
173123279,44846
173129520,44852
173135737,44863
173141906,44860
173148061,44857
173154259,44864
173160453,44855
173166670,44861
173172873,44859
173178045,44863
173184287,44864
173190432,44864
173195888,44863
173202012,44869
173208197,44877
173214380,44871
173220538,44867
173226736,44875
173238143,44899
173244297,44903
173250457,44895
173256693,44909
173262901,44905
173269112,44907
173275317,44903
173281479,44911
173287654,44900
173293829,44914
173299975,44913
173306230,44908
173311669,44915
173317879,44922
173324016,44920
173330806,44925
173336994,44921
173343170,44926
173349339,44930
173355519,44920
173361746,44934
173373154,44981
173379345,44977
173384818,44981
173390968,44986
173397137,44980
173403371,44986
173409584,44980
173415792,44986
173421973,44986
173428129,44990
173434318,44976
173440513,44981
173446754,44979
173452972,44978
173459162,44969
173465352,44973
173470561,44970
173476756,44971
173482906,44955
173489103,44948
173495319,44955
173501522,44950
173507725,44803
173513938,44808
173520142,44794
173526337,44801
173532479,44801
173539214,44798
173545446,44801
173551648,44796
173557840,44796
173564010,44794
173570236,44789
173576380,44789
173581961,44780
173588189,44789
173594429,44795
173600687,44787
173606191,44789
173612343,44786
173618527,44793
173624745,44790
173630898,44785
173642281,44712
173648447,44721
173654647,44725
173660823,44726
173666977,44720
173673213,44725
173679400,44711
173685606,44718
173691838,44720
173698001,44712
173704226,44708
173710373,44708
173715801,44697
173721975,44707
173728140,44702
173734311,44712
173739571,44707
173745731,44698
173752415,44696
173758585,44694
173764752,44695
173776403,44678
173782600,44672
173788838,44674
173794987,44678
173801193,44670
173807357,44679
173813529,44676
173819751,44672
173825888,44673
173832023,44671
173838222,44675
173844379,44674
173849618,44675
173855804,44681
173862011,44680
173868229,44679
173873715,44678
173879867,44677
173886038,44683
173892235,44682
173898430,44683
173904628,44685
173910844,44685
173917081,44693
173923266,44690
173929455,44687
173935631,44697
173941832,44690
173947978,44681
173954213,44688
173960994,44684
173967201,44689
173973420,44684
173979602,44678
173984839,44684
173997611,44688
174003032,44690
174009271,44684
174015505,44696
174021634,44691
174027850,44701
174034056,44690
174045538,44749
174051767,44751
174057948,44750
174064153,44751
174070359,44752
174076521,44756
174082700,44753
174088879,44758
174095044,44760
174101231,44755
174107377,44762
174113527,44757
174119737,44759
174125894,44760
174132067,44759
174137555,44759
174143763,44765
174149950,44763
174156089,44767
174162265,44769
174168446,44765
174180802,44794
174186956,44785
174193191,44794
174199378,44798
174205586,44799
174210824,44794
174216997,44796
174223198,44791
174229342,44798
174235503,44795
174241709,44803
174247895,44809
174254058,44807
174260272,44797
174266441,44811
174271864,44800
174278041,44814
174284191,44803
174290315,44812
174296503,44808
174302705,44810
174314154,44854
174320311,44853
174326456,44852
174332663,44854
174338855,44861
174344997,44860
174351212,44863
174357383,44868
174363524,44862
174369666,44861
174375854,44866
174382034,44864
174388191,44871
174394374,44862
174400602,44866
174406790,44866
174412999,44871
174419226,44876
174425393,44880
174431545,44880
174437770,44881
174449407,44908
174455590,44913
174461819,44908
174467984,44901
174474186,44890
174480369,44890
174485564,44885
174491743,44878
174497925,44878
174504155,44859
174510314,44867
174516435,44854
174522630,44844
174528794,44844
174534984,44830
174541224,44835
174546687,44832
174552856,44824
174558974,44813
174565116,44816
174571265,44808
174577465,44796
174583636,44734
174589877,44725
174596716,44720
174602905,44719
174609046,44714
174615234,44716
174620452,44710
174626621,44714
174632833,44712
174639000,44708
174645229,44709
174651394,44696
174657603,44699
174663062,44700
174669273,44694
174675480,44683
174680663,44685
174686863,44688
174693023,44690
174699225,44687
174705418,44674
174711581,44674
174717772,44617
174723946,44606
174730177,44606
174736381,44601
174742579,44600
174748764,44595
174754924,44588
174760380,44591
174766542,44593
174772736,44578
174778930,44575
174785120,44566
174791314,44572
174796545,44569
174802757,44566
174809564,44659
174815736,44563
174821890,44552
174828066,44548
174834259,44550
174840429,44551
174846600,44537
174858229,44531
174864423,44533
174870681,44532
174876906,44541
174883056,44537
174889212,44537
174894439,44542
174900609,44538
174906808,44542
174913005,44543
174919217,44530
174925379,44534
174931535,44526
174937735,44527
174943936,44527
174950123,44534
174956304,44516
174962427,44519
174968660,44523
174974852,44521
174981059,44519
174992761,44555
174998916,44560
175005089,44567
175011250,44571
175017986,44558
175024194,44567
175029362,44577
175035593,44582
175041898,44574
175048150,44573
175054343,44577
175060557,44582
175066755,44580
175072203,44585
175078391,44589
175084608,44584
175089787,44584
175095971,44591
175102164,44601
175108359,44592
175114529,44598
175126193,44752
175132412,44756
175138618,44759
175144820,44765
175150987,44780
175157122,44778
175163274,44791
175169491,44807
175175743,44800
175181916,44809
175188106,44821
175194349,44818
175200576,44831
175205799,44837
175212004,44832
175218224,44845
175224368,44858
175231169,44854
175244187,44855
175255629,45023
175261817,45030
175268019,45032
175274260,45038
175280493,45034
175286679,45022
175292858,45034
175298285,45039
175304487,45042
175310714,45047
175316931,45049
175323057,45051
175329264,45042
175335457,45050
175341639,45042
175347884,45051
175354039,45041
175359247,45054
175365390,45053
175371540,45062
175377725,45057
175383945,45059
175390161,45007
175396334,45005
175402545,44997
175408778,44998
175414971,45005
175421200,44999
175427356,45002
175433506,44994
175439641,44986
175446420,44986
175452609,44990
175458884,44980
175465152,44973
175470619,44973
175476876,44968
175483092,45032
175489267,44951
175494491,44951
175500746,44950
175506944,44955
175513165,44941
175519332,44946
175530979,44755
175537169,44745
175543361,44744
175549555,44730
175555783,44731
175561950,44730
175568130,44718
175574300,44719
175580523,44715
175586754,44703
175592940,44708
175599110,44711
175604326,44700
175610497,44696
175616636,44709
175622829,44699
175628244,44698
175634427,44702
175640598,44696
175646825,44696
175652989,44690
175664999,44741
175671215,44754
175677398,44746
175683597,44750
175689824,44742
175696011,44758
175702267,44759
175708455,44760
175713881,44766
175720112,44768
175726289,44776
175732489,44772
175738721,44776
175744915,44781
175751039,44773
175757225,44780
175762417,44783
175768602,44789
175774807,44786
175780979,44786
175787233,44791
175798918,44778
175805123,44775
175811337,44766
175817533,44769
175823726,44766
175829907,44767
175836060,44771
175842230,44772
175848437,44765
175853689,44771
175859887,44770
175866650,44763
175872908,44772
175878351,44760
175884545,44766
175890765,44768
175896909,44760
175903007,44764
175909142,44764
175915304,44762
175921513,44773
175932962,44764
175939146,44764
175945341,44761
175951545,44769
175957778,44768
175963934,44765
175970161,44769
175976363,44760
175982532,44763
175987998,44762
175994222,44761
176000442,44759
176006582,44761
176012831,44767
176019002,44765
176025150,44766
176031324,44764
176036552,44770
176042761,44764
176048982,44761
176055206,44760
176061355,44762
176067484,44791
176073683,44795
176080363,44787
176086470,44796
176092656,44796
176098839,44792
176105023,44794
176111226,44800
176117423,44783
176122866,44790
176129010,44802
176135198,44800
176141423,44804
176147675,44791
176152910,44797
176159089,44799
176165297,44798
176170782,44797
176176972,44791
176183118,44809
176189317,44813
176195516,44818
176206959,44909
176213185,44915
176219387,44917
176225547,44921
176231700,44926
176237899,44929
176244041,44927
176250266,44937
176256400,44943
176262569,44942
176268827,44950
176274998,44957
176281262,44957
176286711,44956
176293562,44962
176299775,44962
176305928,44969
176312062,44965
176318271,44971
176324452,44970
176330664,44974
176342064,45049
176348270,45042
176354435,45045
176360587,45046
176366794,45044
176372951,45040
176379118,45050
176385329,45048
176391444,45043
176396900,45045
176403074,45053
176409241,45046
176415447,45054
176421636,45059
176427858,45058
176434013,45055
176440203,45058
176445422,45067
176451617,45068
176457816,45059
176464017,45060
176470246,45061
176476430,44952
176489430,44946
176495610,44940
176501862,44939
176508777,44936
176514976,44937
176521164,44933
176527391,44924
176533586,44927
176539788,44924
176545969,44928
176552164,44924
176557383,44919
176563588,44930
176569743,44924
176575171,44921
176581332,44921
176587547,44933
176593752,44928
176599930,44925
176611284,44905
176617432,44891
176623632,44897
176629794,44899
176635941,44897
176642144,44900
176648356,44894
176654527,44898
176660748,44898
176666967,44895
176673134,44894
176679361,44892
176685527,44891
176690961,44896
176697122,44893
176703319,44900
176709517,44905
176716394,44904
176722623,44907
176728842,44905
176735060,44909
176746504,44934
176752692,44928
176758879,44922
176765064,44925
176771291,44928
176777466,44933
176783677,44928
176789904,44932
176796130,44929
176802362,44935
176807788,44932
176813974,44932
176820153,44933
176825369,44933
176831508,44935
176837649,44941
176843840,44941
176850006,44936
176856179,44938
176862361,44939
176868537,44946
176880183,44956
176886362,44966
176892544,44956
176898750,44961
176904907,44965
176911040,44970
176917217,44970
176923420,44963
176930168,44959
176936365,44964
176942549,44973
176948791,44966
176954960,44968
176960144,44975
176966333,44971
176972475,44969
176978641,44968
176984068,44974
176990267,44967
176996468,44967
177002661,44977
177014117,45083
177020076,45091
177026072,45097
177032258,45098
177038395,45106
177044535,45107
177050719,45105
177056909,45123
177063102,45119
177069322,45125
177075446,45139
177081600,45148
177087001,45145
177093165,45152
177098353,45160
177104481,45170
177110642,45170
177116859,45180
177122346,45177
177128564,45188
177134746,45192
177141533,45202
177152976,45254
177159178,45251
177165368,45255
177171506,45258
177177686,45264
177183877,45257
177190079,45257
177196292,45272
177202450,45266
177208622,45271
177214824,45268
177220226,45259
177226394,45270
177231615,45279
177237784,45274
177243963,45286
177250195,45286
177255632,45284
177261864,45290
177268027,45290
177274233,45282
177285689,45347
177291888,45342
177298055,45348
177304256,45349
177310392,45352
177316544,45355
177322744,45355
177328941,45368
177335176,45367
177341380,45366
177348098,45372
177354372,45372
177359780,45384
177365965,45385
177372099,45385
177378276,45385
177384493,45394
177389725,45395
177395937,45402
177402139,45405
177408359,45407
177419985,45336
177426134,45341
177432296,45326
177438519,45328
177444677,45333
177450883,45324
177457055,45327
177463203,45318
177469365,45321
177475556,45314
177481755,45312
177487930,45309
177493120,45311
177499282,45302
177505442,45310
177511619,45305
177517821,45307
177524020,45301
177530258,45291
177536444,45293
177542627,45292
177548849,45280
177555014,45220
177561785,45219
177567979,45207
177574185,45215
177580404,45207
177586628,45211
177592839,45210
177599040,45203
177605298,45206
177611446,45204
177617660,45205
177623876,45195
177629304,45199
177635501,45210
177641650,45202
177646902,45200
177653099,45197
177658561,45197
177664791,45199
177670949,45190
177677137,45190
177683352,45190
177689537,45205
177695680,45206
177701890,45208
177708050,45213
177714212,45218
177720399,45214
177733149,45214
177739399,45218
177745601,45214
177751812,45222
177758030,45220
177764260,45209
177770408,45226
177776503,45228
177782682,45228
177788132,45232
177794308,45231
177800509,45233
177806751,45243
177812917,45233
177824311,45351
177830473,45351
177836659,45351
177842852,45350
177849009,45346
177855192,45350
177861385,45340
177867534,45348
177873704,45347
177879888,45348
177886103,45344
177892334,45343
177898470,45333
177904613,45340
177910043,45324
177916210,45329
177922399,45324
177928557,45318
177934750,45324
177940971,45316
177947138,45317
177958495,45348
177964661,45355
177970850,45351
177976987,45356
177983790,45362
177990045,45362
177996271,45363
178002408,45358
178008629,45367
178014853,45363
178021055,45359
178027292,45372
178033438,45370
178039599,45373
178045019,45373
178051165,45373
178057343,45374
178062549,45376
178068712,45382
178074919,45379
178081095,45389
178092744,45415
178098902,45403
178105074,45406
178111295,45408
178117479,45412
178123669,45409
178129871,45424
178136115,45421
178142295,45414
178148466,45422
178154649,45421
178160890,45416
178167000,45421
178173191,45420
178177624,45421
178183797,45419
178189991,45418
178196830,45422
178203037,45422
178209225,45413
178215432,45422
178227096,45452
178233276,45453
178239474,45456
178245662,45464
178251864,45460
178258014,45467
178264178,45467
178270367,45462
178276558,45467
178282700,45469
178288929,45467
178295072,45463
178301248,45461
178307441,45470
178311857,45460
178318045,45459
178324240,45466
178330394,45459
178335841,45457
178342019,45456
178348179,45459
178354358,45445
178365759,45269
178371948,45256
178378136,45437
178384350,45256
178390517,45259
178396697,45248
178403386,45245
178409639,45247
178415880,45240
178422054,45237
178428281,45237
178434434,45236
178440630,45238
178446075,45233
178451265,45224
178457428,45215
178463588,45216
178469821,45217
178475239,45213
178481424,45209
178487589,45208
178499004,45084
178505178,45083
178511365,45080
178517494,45075
178523671,45068
178529908,45073
178536100,45064
178542299,45068
178548499,45061
178554742,45063
178560924,45062
178567103,45056
178573289,45054
178579466,45064
178584251,45059
178590468,45055
178596693,45054
178602886,45043
178608101,45051
178614939,45046
178621180,45042
178632833,45025
178638963,45029
178645065,45026
178651206,45026
178657359,45021
178663530,45031
178669705,45019
178675893,45022
178682038,45021
178688277,45016
178694458,45018
178700638,45019
178706879,45014
178713003,45012
178719154,45022
178725353,45019
178731524,45023
178737695,45016
178742907,45023
178749092,45022
178755326,45015
178761459,45020
178767606,45006
178773817,45011
178779987,45016
178786202,45018
178792378,45020
178798563,45015
178804716,45017
178810914,45018
178817127,45024
178823958,45024
178830134,45023
178836319,45016
178842496,45021
178848664,45016
178854164,45018
178859363,45016
178865580,45017
178871771,45015
178877273,45017
178883469,45016
178889687,45015
178895898,45016
178907248,44987
178913398,44987
178919555,44986
178925725,44987
178931906,44981
178938079,44989
178944306,44990
178950456,44995
178956677,44996
178962882,44992
178969057,44994
178981855,44995
178987330,44987
178992594,44990
178998796,44996
179004960,44990
179010427,45004
179016639,44990
179022869,45002
179029002,44998
179040512,45051
179047331,45050
179053489,45048
179059689,45049
179065911,45050
179072136,45053
179078327,45049
179084486,45047
179090645,45053
179096870,45051
179103056,45054
179109263,45053
179115390,45063
179121574,45057
179126321,45064
179132520,45064
179138671,45074
179143903,45065
179150116,45072
179156339,45068
179162460,45076
179174056,45045
179180228,45050
179186390,45042
179192576,45045
179198801,45046
179204983,45042
179211144,45036
179217331,45036
179223532,45031
179229766,45037
179235962,45031
179242121,45027
179248309,45027
179255003,45023
179259426,45021
179265611,45016
179271789,45020
179277991,45013
179284195,45012
179290434,45002
179296616,45011
179308245,44953
179314450,44955
179320600,44957
179326808,44950
179332969,44950
179339131,44952
179345301,44949
179351484,44960
179357698,44962
179363910,44954
179370082,44957
179376234,44962
179382449,44963
179388638,44954
179393895,44956
179400026,44965
179406270,44950
179412438,44955
179417877,44957
179424046,44956
179430230,44956
179436403,44958
179442549,44902
179448703,44897
179454918,44899
179461096,44898
179467923,44892
179474114,44892
179480289,44896
179486464,44897
179492663,44895
179498854,44898
179505042,44903
179511276,44907
179517531,44900
179523692,44904
179528945,44900
179534397,44901
179540590,44907
179546819,44912
179552018,44904
179558244,44908
179564391,44916
179570500,44914
179582065,44924
179588222,44929
179594375,44929
179600586,44924
179606816,44930
179613013,44935
179619196,44931
179625380,44939
179631572,44938
179637766,44936
179644000,44927
179650147,44930
179656315,44933
179662489,44934
179667715,44929
179673876,44930
179680075,44941
179686290,44939
179692508,44943
179698699,44938
179704912,44940
179716525,44982
179722671,44974
179728875,44975
179735025,44979
179741216,44984
179747409,44985
179753631,44989
179759893,44984
179766048,44989
179772264,44986
179778437,44994
179784582,45001
179790787,44998
179797000,45002
179802168,44992
179807616,44996
179813840,44998
179820036,44999
179826188,45013
179832404,44998
179838616,44998
179844782,45005
179850955,45062
179857080,45063
179863299,45065
179869468,45069
179875696,45066
179881889,45056
179888792,45068
179895015,45075
179901253,45075
179907459,45077
179913663,45077
179919882,45075
179926041,45087
179932226,45077
179938424,45079
179943640,45091
179949870,45093
179956045,45099
179962275,45094
179967714,45098
179973920,45100
179980113,45097
179991433,45095
179997560,45093
180003785,45085
180009950,45078
180016130,45081
180022340,45081
180028508,45082
180034676,45083
180040858,45085
180047078,45073
180053315,45072
180059470,45072
180065618,45074
180071799,45072
180077248,45061
180083433,45064
180089588,45065
180096420,45056
180101641,45056
180107848,45051
180114018,45053
180125610,45036
180131843,45026
180138044,45016
180144234,45015
180150398,45021
180156603,45018
180162799,45019
180168982,45016
180175148,45009
180181338,45011
180187510,45014
180193725,45012
180199964,45010
180206163,45010
180211390,45001
180223339,45005
180229586,45003
180235842,45014
180242021,45000
180248237,45001
180254402,44979
180260545,44973
180266736,44980
180272988,44987
180279257,44974
180285507,44980
180291755,44974
180298002,44969
180304207,44967
180311099,44969
180317334,44968
180323505,44976
180329655,44971
180335831,44965
180341294,44973
180346579,44968
180352795,44969
180358996,44972
180365212,44972
180370670,44972
180376888,44978
180383014,44970
180394372,44992
180400515,44989
180406693,44991
180412903,44995
180419073,44986
180425334,44990
180431513,44994
180437715,44994
180443932,44998
180450089,44991
180456308,44994
180462432,44991
180468593,44992
180474785,44989
180480241,44987
180486459,44989
180492625,44988
180498851,45002
180504060,44999
180510263,44992
180516423,44995
180528676,44995
180534873,45000
180541032,44994
180547232,45002
180553419,45005
180559553,45009
180565768,45008
180571962,45000
180578159,45013
180584341,45011
180590505,45015
180596705,45016
180602930,45011
180609109,45023
180614576,45017
180619800,45018
180626002,45014
180632213,45029
180638389,45020
180644528,45028
180650683,45026
180656826,45025
180662995,45059
180669194,45052
180675421,45051
180681588,45051
180687801,45054
180694011,45056
180700247,45052
180706439,45052
180712613,45061
180718796,45053
180724964,45058
180731693,45060
180737947,45064
180744101,45062
180749566,45062
180754796,45066
180761001,45065
180767220,45066
180773397,45065
180778864,45072
180785057,45076
180791231,45082
180802608,45043
180808798,45045
180814965,45035
180821126,45028
180827330,45019
180833467,45015
180839634,45018
180845827,45019
180851953,45004
180858116,45006
180864342,45002
180870535,45000
180876714,44996
180882147,44987
180888324,44986
180893532,44990
180899746,44985
180905944,44980
180912078,44978
180918271,44969
180924438,44973
180930599,44971
180936799,44919
180943557,44919
180949747,44922
180955927,44918
180962091,44932
180968322,44924
180974481,44912
180980618,44916
180986826,44917
180992984,44917
180999203,44919
181005397,44920
181011548,44926
181016957,44920
181023179,44924
181028361,44924
181034563,44919
181040716,44920
181046906,44925
181052343,44925
181058521,44934
181064703,44923
181070923,44925
181077104,44897
181083300,44896
181089507,44894
181095693,44897
181101896,44888
181108040,44892
181114198,44889
181120365,44895
181126546,44892
181132724,44888
181138944,44891
181145118,44889
181151321,44881
181158059,44889
181163249,44885
181169443,44888
181175602,44888
181181784,44893
181187202,44889
181193356,44893
181199538,44885
181210941,44912
181217117,44908
181223374,44911
181229540,44915
181235685,44905
181241897,44907
181248077,44905
181254272,44903
181260452,44905
181266596,44902
181272797,44905
181278979,44904
181285132,44904
181290583,44904
181296813,44901
181302041,44906
181308236,44907
181314408,44910
181320546,44896
181326741,44902
181332959,44907
181339177,44905
181345386,44949
181351500,44940
181357708,44940
181364422,44949
181370593,44954
181376787,44945
181382962,44954
181389132,44954
181395362,44948
181401588,44957
181407761,44960
181413985,44962
181420170,44963
181425624,44962
181431820,44967
181437000,44971
181443176,44970
181449352,44970
181455508,44963
181460917,44972
181473737,44967
181479982,44980
181486185,44981
181492380,44983
181498572,44986
181504828,44994
181510992,44984
181517137,44989
181523325,44988
181529513,44990
181535720,44993
181541966,44998
181548137,45004
181554325,45000
181560533,45001
181565742,45007
181571962,45008
181578147,44999
181584983,45001
181590393,45000
181596590,45009
181602817,45010
181609011,45010
181620378,45062
181626579,45053
181632770,45051
181638999,45056
181645151,45048
181651351,45037
181657540,45041
181663677,45031
181669866,45027
181676033,45021
181682248,45022
181688440,45009
181694589,45012
181700744,45001
181706921,44991
181713116,44991
181719355,44992
181724800,44975
181730996,44976
181737169,44969
181743339,44972
181754764,44860
181760973,44857
181767137,44860
181773375,44865
181779512,44853
181785696,44852
181792409,44859
181798611,44858
181804777,44859
181810967,44851
181817158,44849
181823369,44849
181829508,44847
181835055,44834
181841227,44836
181847429,44832
181853548,44836
181859731,44828
181865947,44828
181872141,44821
181878325,44824
181889949,44762
181896076,44771
181902242,44760
181908445,44767
181914641,44768
181920822,44763
181927011,44771
181933188,44765
181939410,44758
181945617,44770
181951837,44757
181958004,44764
181964165,44761
181969375,44760
181975544,44761
181981712,44762
181987853,44760
181994017,44760
182000732,44756
182006997,44755
182013264,44755
182024937,44759
182031152,44750
182037336,44749
182043520,44766
182049705,44753
182055912,44754
182062057,44754
182068225,44755
182074403,44755
182080601,44751
182086825,44759
182093045,44749
182099209,44752
182104409,44753
182110539,44759
182115965,44751
182122080,44742
182128239,44755
182133439,44754
182139603,44757
182145811,44753
182157491,44794
182163658,44787
182169885,44785
182176035,44782
182182188,44783
182188378,44794
182194566,44790
182200703,44793
182206915,44792
182213726,44792
182219947,44792
182226083,44786
182232271,44789
182237465,44798
182243592,44805
182249783,44807
182255263,44793
182261447,44796
182267606,44805
182273865,44806
182280029,44801
182286222,44798
182292388,44847
182298602,44852
182304789,44851
182310973,44848
182317082,44856
182323285,44851
182329442,44853
182335645,44852
182341876,44859
182348075,44865
182354217,44868
182360410,44862
182366590,44869
182371811,44866
182377961,44863
182384146,44873
182389605,44871
182395748,44883
182401973,44886
182408111,44880
182414327,44879
182420535,44876
182432528,44908
182438692,44909
182444847,44902
182450997,44901
182457173,44911
182463363,44906
182469524,44903
182475708,44893
182481892,44901
182488103,44900
182494323,44890
182500528,44903
182506732,44891
182512899,44899
182519074,44896
182524558,44899
182530749,44901
182536987,44888
182542211,44895
182548415,44894
182554556,44897
182566183,44949
182572383,44955
182578558,44953
182584730,44959
182590942,44965
182597051,44972
182603250,44964
182609442,44967
182615612,44966
182621823,44962
182628016,44962
182634812,44957
182641028,44955
182646188,44961
182652391,44961
182658585,44956
182664760,44952
182670979,44951
182676435,44952
182682662,44937
182688906,44939
182700347,44813
182706509,44812
182719342,44808
182725554,44807
182731770,44812
182737957,44801
182744145,44798
182750407,44802
182756563,44802
182762725,44798
182768940,44800
182775112,44805
182780572,44798
182786808,44794
182792992,44803
182798190,44797
182804351,44787
182809763,44788
182816000,44789
182822132,44781
182833463,44728
182839606,44732
182845779,44733
182852554,44732
182858793,44732
182864975,44727
182871181,44735
182877393,44729
182883557,44726
182889726,44726
182895949,44735
182902136,44725
182908390,44727
182913801,44722
182919974,44724
182926127,44721
182931310,44718
182937445,44719
182942905,44718
182949066,44719
182955232,44722
182966612,44707
182972830,44704
182979017,44708
182985161,44704
182991342,44703
182997506,44703
183003686,44697
183009879,44701
183016112,44697
183022352,44691
183028579,44700
183034734,44703
183040949,44705
183047138,44705
183053373,44706
183059547,44703
183066351,44696
183072547,44703
183077977,44700
183084132,44705
183090302,44704
183101707,44732
183107888,44733
183114041,44732
183120223,44731
183126388,44729
183132499,44724
183138647,44725
183144842,44729
183151030,44742
183157274,44735
183163465,44737
183169617,44737
183175844,44735
183182021,44732
183187430,44736
183193559,44739
183199698,44738
183205917,44744
183211139,44742
183216526,44740
183222697,44744
183228933,44746
183240273,44794
183246453,44795
183252560,44796
183258752,44805
183264949,44811
183271115,44806
183277911,44815
183284084,44817
183290276,44824
183296498,44817
183302668,44818
183308860,44822
183315041,44834
183321266,44833
183327454,44832
183333619,44833
183339804,44832
183345267,44831
183350784,44836
183357027,44844
183363178,44836
183374547,44867
183380704,44865
183386846,44871
183393038,44870
183399238,44869
183405420,44881
183411555,44875
183417748,44873
183423924,44881
183430113,44876
183436348,44877
183442521,44886
183448698,44876
183454868,44880
183461026,44882
183467208,44885
183473405,44892
183479558,44885
183485583,44890
183491771,44885
183497946,44895
183509604,44925
183515820,44934
183522046,44933
183528208,44942
183534350,44938
183540544,44937
183546724,44941
183552950,44940
183559140,44946
183565362,44948
183571533,44943
183577727,44952
183583939,44960
183590062,44966
183596176,44955
183601407,44954
183607566,44961
183613764,44954
183619155,44956
183625302,44961
183631517,44958
183642922,45010
183649099,45004
183655304,45013
183661466,45008
183667646,45005
183673880,44991
183680051,44999
183686239,44992
183693036,44981
183699309,44977
183705509,44974
183711698,44974
183717870,44964
183724051,44951
183730257,44962
183735730,44952
183741953,44947
183748165,44938
183753405,44941
183759608,44939
183765794,44937
183777384,44869
183783544,44870
183789747,44865
183795954,44870
183802096,44863
183808247,44868
183814425,44859
183820654,44872
183826880,44864
183833051,44861
183839244,44858
183845401,44860
183851605,44845
183857807,44859
183863999,44856
183870153,44863
183876334,44855
183882532,44846
183887751,44855
183893953,44852
183899391,44852
183911358,44826
183917534,44825
183923702,44827
183929889,44826
183936074,44816
183942282,44821
183948439,44818
183961270,44818
183967488,44814
183973721,44812
183979963,44807
183986133,44806
183992380,44810
183998526,44812
184004696,44811
184010858,44812
184017034,44801
184023274,44797
184029486,44805
184041027,44817
184047178,44820
184053376,44814
184059536,44820
184065711,44814
184071903,44818
184078075,44817
184084236,44827
184090439,44820
184096625,44808
184102838,44812
184109068,44817
184115250,44825
184122010,44829
184128139,44821
184134324,44825
184139498,44830
184145629,44820
184151819,44816
184158023,44819
184164192,44821
184175045,44840
184181229,44835
184187387,44834
184193567,44847
184199735,44835
184205947,44847
184212088,44849
184218230,44853
184224390,44855
184230560,44855
184236752,44862
184243000,44863
184249134,44863
184255302,44863
184261450,44868
184267620,44872
184273827,44866
184280069,44868
184286218,44873
184291451,44879
184297616,44870
184308250,44911
184314428,44911
184320535,44913
184326734,44908
184333480,44903
184339652,44909
184345810,44911
184351984,44912
184358189,44917
184364417,44917
184370553,44917
184376767,44913
184382937,44922
184389076,44921
184395261,44920
184401481,44927
184407624,44923
184413805,44929
184419977,44934
184425419,44933
184431576,44936
184437778,44940
184448544,44993
184454674,44998
184460851,44998
184467041,44990
184473200,44998
184479443,44998
184485605,44995
184491785,44994
184497965,44990
184504148,44990
184510387,44999
184516548,45001
184522743,44989
184528939,44995
184535097,44996
184541901,44984
184548092,44993
184554290,44994
184560486,44995
184566629,44990
184577271,45054
184583484,45057
184589613,45048
184595792,45053
184601976,45046
184608145,45049
184614388,45056
184620542,45040
184626719,45042
184632938,45042
184639134,45045
184645351,45029
184651478,45023
184657618,45019
184663776,45011
184669954,45008
184676156,45005
184682406,44998
184688581,44999
184694785,44988
184700971,44981
184712559,44884
184718741,44877
184724948,44879
184731104,44875
184737263,44877
184743463,44871
184750206,44873
184756362,44862
184762556,44867
184768738,44871
184774950,44870
184781113,44865
184787235,44870
184793453,44865
184799649,44860
184805889,44859
184812061,44863
184818243,44859
184823427,44861
184829572,44861
184835022,44854
184841206,44847
184847349,44823
184852548,44820
184858681,44821
184864853,44816
184870999,44814
184877186,44818
184883372,44812
184889536,44806
184895676,44817
184901877,44804
184908087,44802
184914301,44805
184920504,44802
184926623,44806
184932784,44805
184939009,44791
184945191,44795
184951386,44793
184956818,44794
184963607,44789
184968807,44793
184975013,44793
184986630,44857
184991827,44858
184998011,44855
185004168,44866
185010429,44863
185016556,44865
185022753,44865
185028973,44868
185035152,44863
185041416,44862
185047570,44864
185053731,44867
185059878,44865
185066063,44864
185072221,44869
185078476,44859
185084647,44864
185090825,44867
185097050,44864
185103284,44862
185109476,44859
185121083,44862
185126248,44867
185132420,44870
185138528,44873
185144707,44872
185150966,44874
185157139,44875
185163359,44880
185170118,44882
185176415,44883
185182604,44884
185188784,44892
185194995,44894
185208007,44893
185214282,44898
185220546,44898
185225765,44899
185231971,44901
185238165,44904
185244396,44909
185250553,44925
185255950,44918
185262067,44922
185268244,44919
185274425,44923
185280642,44920
185286859,44930
185293051,44925
185299206,44927
185305370,44930
185311586,44928
185317762,44930
185323970,44935
185330127,44934
185336273,44936
185342428,44935
185348629,44944
185354810,44940
185360082,44957
185366293,44954
185372537,44949
185378030,44962
185384249,44952
185391103,44984
185397284,44985
185403444,44997
185409630,44984
185415855,44990
185422046,44996
185428177,44989
185434351,44985
185440502,44987
185446672,44991
185452870,44988
185459024,44989
185465195,44992
185471342,44987
185477570,44992
185483738,44997
185489991,44999
185495191,44997
185501402,44995
185507538,45004
185512988,44995
185519112,45002
185530508,45065
185536686,45061
185542833,45066
185549060,45065
185555255,45060
185561429,45073
185567558,45075
185573730,45071
185579934,45079
185586150,45080
185592344,45088
185599218,45093
185605418,45092
185611657,45091
185617839,45093
185624041,45094
185629506,45097
185635690,45101
185641877,45098
185647100,45104
185653283,45098
185664957,44949
185671107,44949
185677278,44950
185683444,44947
185689632,44942
185695824,44941
185702025,44934
185708189,44934
185714363,44936
185720577,44937
185726780,44932
185732992,44932
185739164,44928
185745332,44923
185751527,44924
185757720,44924
185763933,44920
185770100,44922
185776293,44922
185781498,44915
185787685,44917
185799321,44840
185805478,44837
185811198,44836
185817410,44832
185823604,44910
185829775,44832
185835989,44825
185842156,44823
185848390,44830
185854519,44826
185860650,44822
185866806,44826
185872962,44816
185879138,44813
185885330,44813
185891507,44814
185897690,44826
185903137,44810
185909344,44816
185915555,44805
185921704,44809
185933135,44765
185939335,44772
185945498,44767
185951681,44775
185957867,44768
185964064,44774
185970264,44770
185976464,44777
185982621,44774
185988837,44771
185994981,44761
186001159,44768
186007346,44772
186013526,44776
186020428,44774
186026661,44780
186032871,44771
186038321,44777
186044533,44777
186050678,44787
186055889,44781
186067492,44806
186073651,44801
186079797,44812
186085995,44805
186092178,44803
186098367,44799
186104590,44805
186110775,44812
186116993,44800
186123202,44801
186129380,44801
186135532,44799
186141739,44797
186147985,44794
186154162,44802
186160335,44798
186166517,44803
186172686,44802
186178904,44804
186185083,44803
186190308,44800
186196468,44808
186202579,44868
186208749,44865
186214952,44866
186221135,44873
186227284,44872
186233511,44874
186239697,44878
186245862,44870
186252074,44884
186258269,44884
186264493,44886
186270635,44882
186276852,44890
186283052,44891
186289270,44891
186295478,44895
186301649,44899
186307109,44890
186313337,44894
186319525,44889
186324698,44893
186330878,44851
186337086,44932
186343331,44932
186349494,44935
186355662,44936
186361087,44942
186367231,44937
186373398,44945
186379596,44942
186385722,44949
186391917,44957
186398087,44940
186404206,44950
186410376,44944
186416588,44951
186422768,44947
186429011,44955
186435191,44950
186447676,44952
186453918,44958
186460148,44953
186471789,44968
186477990,44973
186484186,44977
186490414,44973
186495653,44979
186501854,44974
186508085,44974
186514304,44968
186520529,44971
186526730,44975
186532922,44970
186539063,44970
186545246,44975
186551457,44976
186557586,44976
186563772,44971
186569963,44973
186575432,44980
186581653,44982
186587818,44981
186594040,44984
186605388,45061
186611574,45059
186617769,45050
186623948,45052
186629368,45057
186635521,45057
186641698,45057
186647898,45044
186654094,45042
186660961,45029
186667126,45039
186673286,45033
186679480,45016
186685730,45017
186691945,45011
186698097,45005
186704273,45008
186709480,45008
186715640,45033
186721821,44994
186727998,44977
186734209,44978
186740405,44910
186746594,44912
186752778,44910
186759003,44911
186764473,44904
186770663,44908
186776888,44906
186783096,44901
186789257,44907
186795403,44903
186801597,44905
186807787,44901
186813996,44900
186820180,44899
186826357,44896
186832481,44891
186838644,44898
186843851,44888
186850064,44884
186856251,44886
186862449,44889
186874728,44865
186880972,44869
186887165,44866
186893342,44865
186899533,44866
186905726,44861
186911972,44864
186918179,44860
186924322,44858
186930534,44857
186936707,44861
186942893,44850
186949103,44855
186955270,44859
186961449,44854
186967635,44857
186973819,44851
186979056,44845
186985236,44848
186991435,44852
186997596,44849
187003033,44847
187009190,44843
187015361,44844
187021596,44843
187027784,44846
187034000,44851
187040176,44837
187046378,44847
187052612,44840
187058800,44845
187064999,44850
187071186,44853
187078004,44852
187084159,44846
187090319,44845
187096457,44849
187102667,44840
187108877,44847
187115085,44854
187121295,44855
187127419,44853
187133590,44851
187139796,44853
187146016,44875
187152229,44879
187158411,44881
187164570,44875
187170748,44884
187175954,44882
187182141,44890
187188361,44893
187194501,44884
187200621,44896
187206801,44890
187213005,44895
187219203,44898
187225417,44892
187231597,44905
187237796,44909
187243978,44901
187249455,44902
187255679,44910
187261847,44914
187268078,44908
187273308,44915
187279527,44905
187286260,44931
187292499,44932
187298624,44928
187304825,44934
187310279,44933
187316467,44928
187322670,44935
187328815,44934
187335056,44938
187341273,44930
187347464,44938
187353641,44935
187359885,44937
187366091,44937
187372293,44939
187378491,44942
187383711,44946
187389898,44952
187396103,44953
187402313,44945
187408459,44962
187414617,44954
187426257,44970
187432425,44978
187438598,44975
187444816,44971
187451012,44976
187457148,44984
187463316,44984
187469473,44979
187475648,44979
187481870,44978
187488104,44980
187494287,44983
187501084,44973
187507265,44986
187513492,44970
187518708,44981
187524830,44975
187531019,44975
187537184,44985
187543430,44982
187548916,44985
187560334,44993
187566506,44988
187572671,44982
187578900,44982
187584357,44979
187590528,44976
187596667,44960
187602820,44959
187609051,44954
187615192,44945
187621389,44944
187627592,44939
187633802,44931
187640011,44931
187646163,44927
187652356,44921
187658527,44914
187664707,44914
187670901,44904
187677083,44906
187682289,44898
187695291,44851
187701474,44841
187707720,44846
187714560,44836
187720733,44838
187726978,44836
187733143,44833
187739321,44833
187745527,44828
187751702,44838
187757947,44824
187764162,44828
187770311,44827
187776467,44822
187782654,44830
187787818,44822
187794034,44812
187800190,44818
187806387,44824
187811816,44817
187818023,44804
187829447,44788
187835613,44784
187841803,44796
187847992,44788
187854193,44790
187860397,44783
187866533,44780
187872720,44780
187878899,44778
187885068,44777
187891261,44782
187897479,44779
187903625,44774
187909801,44772
187915978,44779
187921447,44774
187928172,44769
187934348,44764
187940516,44773
187946684,44768
187952886,44764
187964330,44768
187970536,44773
187976707,44768
187982902,44775
187989065,44779
187995231,44769
188001444,44772
188007611,44779
188013807,44776
188020001,44779
188026234,44779
188032470,44786
188038641,44780
188044839,44785
188051051,44782
188056477,44781
188062654,44780
188068830,44783
188075055,44783
188081201,44781
188086389,44784
188098005,44802
188104157,44799
188110331,44803
188116543,44810
188122691,44804
188128909,44806
188135049,44805
188141204,44809
188147376,44811
188153539,44818
188159735,44818
188165963,44818
188172120,44816
188178245,44820
188184410,44821
188190585,44824
188196764,44823
188203007,44823
188209163,44827
188215358,44829
188220569,44832
188232163,44887
188238321,44887
188244529,44886
188250731,44875
188256929,44877
188263136,44881
188268287,44892
188274493,44885
188280632,44891
188286833,44883
188293052,44893
188299239,44885
188305452,44888
188311613,44882
188317800,44904
188324013,44896
188330174,44895
188336368,44898
188343147,44903
188349413,44900
188354880,44904
188366311,44932
188372531,44929
188378722,44927
188384924,44925
188391100,44929
188397248,44937
188402685,44932
188408896,44938
188415095,44942
188421285,44938
188427451,44941
188433631,44940
188439828,44950
188446044,44946
188452213,44953
188458370,44949
188464527,44950
188469736,44956
188475930,44955
188482128,44957
188488381,44954
188493824,44957
188505251,45009
188511490,45002
188517636,44994
188523819,45003
188529996,45010
188536175,45009
188541628,45000
188547814,45003
188554035,44996
188560913,44979
188567134,44988
188573307,44985
188579527,44981
188585715,44986
188591922,44982
188598128,44976
188604269,44964
188610449,44964
188616606,44962
188622771,44958
188627982,44950
188639623,44819
188645844,44823
188652077,44821
188658246,44816
188664388,44806
188670547,44804
188675713,44818
188681872,44808
188688082,44806
188694266,44805
188700502,44798
188706664,44793
188712885,44800
188719116,44800
188725272,44801
188731485,44796
188737624,44788
188743778,44788
188749966,44793
188756105,44788
188761548,44788
188773609,44747
188779782,44741
188785989,44734
188792171,44735
188798370,44731
188804516,44724
188810694,44734
188816880,44731
188823091,44721
188829335,44723
188835531,44724
188841711,44727
188847922,44719
188854119,44722
188860302,44719
188866493,44714
188872617,44708
188878791,44707
188884215,44701
188890392,44704
188895602,44706
188907253,44683
188913403,44684
188919583,44686
188925781,44689
188938611,44692
188944064,44691
188950309,44691
188956566,44679
188962794,44688
188969027,44688
188975234,44692
188981413,44695
188988244,44690
188994444,44689
189000639,44688
189006825,44698
189013048,44686
189019193,44692
189025402,44686
189036794,44707
189043002,44713
189049204,44705
189055467,44707
189061679,44713
189067840,44711
189074012,44717
189079411,44715
189085641,44717
189091840,44708
189098055,44721
189104235,44720
189110400,44718
189116593,44721
189122799,44724
189129015,44728
189135150,44729
189141311,44733
189147479,44730
189152713,44735
189158890,44733
189164301,44739
189170467,44768
189176716,44764
189182977,44766
189189240,44763
189196115,44758
189202233,44760
189208439,44761
189213643,44759
189219821,44754
189226040,44751
189232225,44750
189238437,44749
189244628,44749
189250798,44748
189257006,44744
189263201,44740
189269357,44751
189275514,44748
189281673,44755
189287146,44754
189293373,44757
189299549,44757
189310962,44821
189317162,44822
189323390,44826
189329584,44828
189335753,44824
189341973,44823
189348134,44825
189354351,44820
189360589,44826
189366767,44824
189372962,44829
189379155,44832
189385403,44829
189391654,44827
189397856,44833
189404738,44831
189410933,44834
189417100,44830
189422550,44836
189428785,44835
189435014,44841
189445651,44880
189451818,44886
189458034,44886
189464196,44882
189470324,44889
189476482,44888
189482693,44891
189488892,44894
189495090,44889
189501232,44891
189507404,44897
189513605,44905
189519817,44897
189526020,44910
189532200,44910
189538397,44913
189544568,44913
189550765,44913
189555996,44908
189562177,44922
189568408,44926
189573853,44918
189580056,44874
189586228,44870
189592361,44870
189598534,44862
189604691,44860
189610855,44851
189617648,44844
189623854,44849
189629095,44841
189635264,44839
189641478,44824
189647659,44821
189653861,44814
189660057,44817
189666224,44821
189672428,44804
189678586,44801
189684741,44804
189690945,44787
189697115,44785
189703322,44775
189708842,44776
189720267,44720
189726489,44719
189732621,44714
189738753,44702
189744990,44707
189751260,44704
189757514,44705
189763755,44704
189770025,44702
189776233,44697
189782452,44708
189788614,44701
189794810,44703
189800968,44698
189807108,44763
189813236,44690
189819478,44687
189826328,44685
189832566,44695
189838738,44691
189844144,44692
189855553,44643
189861724,44634
189867891,44633
189874074,44639
189880266,44628
189886471,44626
189892660,44628
189898839,44629
189904310,44624
189910534,44621
189916776,44626
189923046,44619
189929284,44624
189935518,44622
189941733,44613
189947963,44616
189954170,44610
189960397,44613
189965627,44610
189971838,44615
189977265,44608
189988758,44638
189994972,44630
190001099,44635
190007274,44642
190013489,44645
190019643,44645
190025831,44641
190032037,44642
190038775,44645
190045022,44648
190051230,44639
190057492,44646
190063643,44644
190069841,44639
190076068,44643
190082250,44653
190088479,44648
190094649,44646
190100072,44645
190106261,44651
190111461,44649
190123120,44713
190129317,44711
190135486,44719
190141713,44722
190147921,44716
190154161,44732
190160405,44733
190166663,44721
190172895,44737
190185691,44728
190191986,44735
190198269,44741
190204487,44735
190210656,44741
190216807,44742
190222966,44737
190229114,44747
190235351,44739
190240843,44749
190252241,44818
190259079,44815
190265263,44815
190271465,44823
190277631,44827
190283786,44829
190289953,44829
190296110,44822
190302315,44836
190308554,44832
190314000,44840
190320227,44833
190326428,44839
190332645,44843
190338806,44847
190345041,44841
190351210,44845
190357361,44846
190363533,44851
190369730,44849
190375980,44846
190387399,44879
190393578,44873
190399758,44877
190405924,44880
190412081,44882
190418252,44874
190424477,44876
190430678,44879
190436939,44886
190443183,44878
190449419,44885
190455670,44872
190461826,44873
190468609,44879
190474780,44876
190480966,44883
190487119,44889
190493291,44881
190499528,44887
190504964,44877
190511176,44887
190521877,44922
190528094,44918
190534231,44909
190540380,44905
190546529,44905
190552711,44902
190558951,44907
190565129,44902
190571285,44893
190577437,44890
190583621,44883
190589815,44884
190596035,44875
190602203,44874
190608398,44863
190614646,44854
190620909,44857
190627129,44850
190633346,44846
190638597,44843
190644793,44843
190655396,44781
190661556,44782
190667744,44783
190673911,44776
190680654,44775
190686795,44778
190692975,44769
190699194,44766
190705380,44772
190711624,44756
190717799,44771
190724026,44769
190730234,44768
190736457,44758
190742630,44762
190748825,44752
190754987,44762
190761152,44752
190767374,44756
190772801,44751
190779053,44754
190784249,44754
190790472,44733
190796651,44737
190802807,44732
190808970,44741
190815149,44739
190821334,44735
190827520,44736
190833643,44740
190839844,44737
190846036,44736
190852180,44736
190858414,44732
190864606,44735
190870760,44738
190876967,44723
190883130,44724
190889911,44734
190896111,44734
190902288,44727
190907737,44725
190913963,44733
190924642,44742
190930826,44734
190937036,44734
190943191,44740
190949329,44740
190955508,44745
190961734,44740
190967921,44742
190974126,44735
190980302,44748
190986527,44747
190992716,44746
190998940,44746
191005099,44746
191011227,44736
191017384,44740
191023594,44743
191029858,44740
191036105,44746
191041341,44743
191047605,44737
191053065,44739
191059230,44710
191065404,44721
191071545,44714
191077744,44719
191083928,44722
191090128,44717
191096333,44721
191103164,44727
191109403,44729
191115600,44726
191121786,44731
191128039,44730
191134205,44736
191139396,44737
191145567,44742
191151745,44749
191158007,44747
191164203,44748
191170405,44741
191175868,44744
191182061,44752
191187256,44748
191193482,44800
191199638,44800
191205813,44795
191212027,44805
191218292,44803
191224547,44806
191230771,44812
191237036,44815
191243210,44807
191249403,44811
191255571,44810
191261725,44817
191267887,44808
191274083,44813
191280268,44810
191286470,44821
191292615,44825
191298763,44821
191304962,44829
191311071,44823
191317242,44816
191322762,44827
191334199,44830
191340373,44843
191346562,44847
191352732,44846
191358918,44841
191365119,44845
191371319,44849
191377516,44847
191383707,44851
191389920,44847
191396127,44843
191402313,44854
191408491,44853
191414635,44865
191420829,44859
191433915,44862
191440175,44867
191446501,44872
191451772,44870
191463565,44924
191469846,44935
191476095,44934
191482309,44939
191488486,44932
191494680,44933
191500868,44936
191507110,44935
191513263,44930
191519456,44935
191526241,44935
191532453,44942
191538650,44928
191544817,44931
191549984,44935
191556183,44926
191562377,44922
191568585,44922
191574741,44913
191580197,44909
191586377,44908
191597830,44751
191604024,44748
191610210,44744
191616422,44743
191622602,44742
191628775,44734
191634974,44736
191641178,44729
191647384,44736
191653587,44729
191659763,44729
191666042,44731
191672266,44723
191678443,44721
191684636,44719
191690881,44715
191697066,44708
191703261,44705
191709499,44713
191714955,44709
191721121,44698
191731785,44644
191738547,44638
191744711,44650
191750858,44635
191757066,44639
191763211,44642
191769399,44635
191775609,44637
191781768,44635
191787988,44638
191794188,44633
191800373,44635
191806542,44626
191812697,44628
191818857,44629
191825064,44632
191831198,44630
191837382,44625
191843543,44624
191848762,44627
191854971,44621
191865627,44582
191871762,44592
191877967,44591
191884145,44593
191890296,44596
191896519,44591
191902674,44590
191908858,44590
191915072,44586
191921260,44586
191927492,44580
191933675,44586
191939845,44594
191946546,44591
191952680,44594
191958852,44593
191965046,44592
191971255,44606
191977495,44602
191982930,44599
191989113,44601
192000505,44612
192006612,44620
192012761,44606
192018964,44618
192025143,44617
192031265,44618
192037498,44615
192043637,44625
192049817,44628
192055984,44621
192062159,44626
192068397,44633
192074576,44622
192080750,44628
192086913,44635
192093144,44633
192099405,44609
192105663,44632
192111907,44631
192118173,44629
192124388,44639
192135361,44691
192141510,44689
192147713,44696
192153876,44704
192160714,44698
192166932,44703
192173152,44701
192179312,44707
192185496,44705
192191699,44702
192197904,44705
192204098,44705
192210295,44708
192216451,44709
192222655,44666
192228839,44714
192235057,44722
192240248,44715
192246450,44713
192252667,44716
192258866,44715
192269860,44727
192276057,44725
192282212,44723
192288367,44725
192294581,44716
192300840,44723
192307098,44710
192313349,44726
192319601,44725
192325828,44729
192332072,44720
192338242,44718
192344419,44723
192350569,44729
192356732,44726
192362897,44737
192369684,44735
192375867,44742
192382121,44744
192388338,44745
192393560,44741
192404525,44786
192410719,44787
192416947,44783
192423099,44790
192429251,44786
192435447,44790
192441680,44793
192447851,44788
192454110,44794
192460324,44788
192466516,44793
192472691,44792
192478835,44792
192485032,44792
192491226,44789
192497397,44796
192503579,44800
192509778,44805
192515981,44809
192522164,44805
192527368,44808
192538371,44848
192544503,44836
192550655,44834
192556845,44825
192563060,44829
192569236,44813
192576036,44809
192582205,44800
192588422,44799
192594594,44786
192600770,44777
192606966,44771
192613138,44768
192619331,44765
192625557,44753
192631741,44757
192637965,44747
192644190,44753
192650354,44740
192655562,44735
192661005,44734
192679007,44660
192685255,44660
192691548,44662
192697755,44654
192704042,44660
192710315,44657
192716570,44664
192722696,44652
192728864,44645
192735059,44639
192741267,44638
192747528,44629
192753679,44629
192759870,44629
192766068,44625
192772251,44624
192778496,44622
192784654,44609
192789407,44609
192796226,44613
192802416,44606
192807665,44599
192813857,44613
192820034,44614
192826194,44613
192832387,44604
192838586,44607
192844751,44609
192850940,44607
192857158,44603
192863331,44607
192869547,44608
192875715,44593
192881916,44599
192888077,44598
192894229,44589
192900455,44579
192906678,44585
192912867,44580
192919079,44575
192924489,44577
192930704,44585
192941336,44590
192947555,44590
192953688,44594
192959844,44594
192966041,44599
192972225,44595
192978487,44596
192984696,44598
192990981,44600
192997217,44593
193004105,44601
193010269,44609
193016480,44608
193022619,44608
193028768,44602
193035007,44604
193041269,44606
193047512,44611
193053739,44608
193059165,44600
193065337,44608
193075970,44636
193082168,44640
193088329,44637
193094546,44645
193100677,44645
193106894,44635
193113097,44647
193119263,44641
193125503,44657
193131698,44647
193137908,44653
193144149,44656
193150393,44654
193156580,44661
193162812,44665
193168987,44667
193175189,44664
193181421,44668
193187637,44669
193193826,44665
193199274,44672
193210645,44717
193217401,44717
193223557,44717
193229739,44720
193235921,44724
193242124,44719
193248297,44722
193254539,44716
193260721,44719
193266960,44729
193273142,44726
193279298,44726
193285493,44720
193291641,44730
193297808,44730
193304063,44726
193310322,44719
193316586,44732
193322818,44727
193329102,44735
193333887,44733
193345351,44775
193350825,44789
193357028,44780
193363167,44775
193369303,44782
193375515,44798
193381702,44796
193387871,44800
193394104,44792
193400296,44803
193406491,44801
193412669,44798
193418858,44803
193425703,44806
193431876,44801
193438116,44806
193444302,44809
193450467,44817
193456670,44810
193462858,44816
193468127,44824
193473539,44811
193479715,44859
193484902,44867
193491115,44869
193497280,44864
193503525,44870
193509698,44868
193515906,44867
193522180,44869
193528424,44872
193534686,44879
193540913,44879
193547144,44886
193553327,44887
193559521,44892
193565668,44886
193571848,44889
193578038,44884
193584192,44883
193590400,44883
193596621,44877
193602828,44896
193608258,44881
193619576,44738
193625721,44733
193632479,44731
193638686,44738
193644876,44726
193651081,44732
193657287,44716
193663520,44708
193669693,44721
193675858,44711
193682013,44715
193688184,44714
193694377,44717
193700576,44710
193706729,44708
193712938,44710
193719126,44704
193725335,44706
193731532,44708
193737667,44706
193742387,44705
193753730,44655
193759165,44662
193765276,44657
193771445,44657
193777639,44653
193783789,44659
193790020,44656
193796198,44658
193802340,44650
193808526,44655
193814678,44648
193820857,44650
193827076,44646
193833260,44648
193839450,44647
193846195,44649
193852349,44645
193858533,44640
193864728,44639
193870961,44634
193877167,44629
193888592,44598
193894060,44603
193900228,44593
193906358,44598
193912538,44601
193925303,44591
193931520,44596
193937781,44604
193944089,44604
193950332,44603
193956558,44610
193962759,44601
193969043,44601
193975232,44610
193981462,44603
193987650,44605
193993811,44606
194000069,44599
194006253,44608
194011720,44601
194017870,44616
194023080,44617
194029247,44610
194035435,44613
194041639,44611
194047809,44612
194053990,44614
194060689,44617
194066864,44609
194073054,44606
194079215,44615
194085436,44611
194091644,44610
194097814,44607
194104036,44616
194110221,44615
194116419,44610
194122619,44611
194128772,44612
194134961,44611
194141161,44617
194151872,44662
194156675,44666
194162911,44669
194169074,44674
194175295,44672
194181559,44674
194187777,44673
194194008,44675
194200193,44677
194206349,44682
194212543,44689
194218730,44678
194224897,44691
194231102,44689
194237258,44696
194243440,44700
194249670,44705
194255882,44696
194262088,44696
194268920,44703
194275119,44705
194280346,44699
194286529,44733
194291318,44738
194297498,44742
194303670,44739
194309855,44752
194316111,44742
194322279,44744
194328436,44739
194334603,44742
194340835,44738
194347047,44744
194353190,44744
194359351,44736
194365497,44745
194371680,44751
194377844,44747
194384080,44746
194390311,44750
194396544,44744
194402806,44747
194409052,44757
194415226,44753
194425800,44787
194431302,44799
194437473,44785
194443645,44793
194449832,44794
194456039,44790
194462197,44794
194468363,44797
194474565,44791
194481345,44801
194487567,44799
194493746,44797
194499889,44801
194506119,44800
194512289,44799
194518484,44805
194524694,44805
194530852,44804
194537087,44804
194543275,44809
194549443,44812
194554630,44815
194560080,44775
194565571,44765
194571748,44767
194577976,44749
194584173,44747
194590336,44744
194596501,44739
194602706,44731
194608867,44727
194615103,44723
194621253,44712
194627414,44717
194633570,44715
194639754,44716
194645908,44699
194652130,44696
194658344,44701
194664571,44686
194670764,44694
194677000,44688
194683197,44673
194689227,44679
194699186,44607
194705329,44604
194711562,44602
194717767,44602
194723928,44587
194730108,44602
194736303,44598
194742529,44584
194748661,44582
194754806,44585
194760967,44576
194767166,44571
194773324,44571
194779555,44568
194785804,44563
194792079,44567
194798317,44559
194804562,44560
194810765,44559
194817006,44555
194823171,44557
194833108,44537
194839310,44524
194845536,44529
194851725,44528
194857928,44532
194864151,44531
194870346,44534
194876558,44519
194882656,44517
194888824,44520
194894980,44513
194901750,44511
194907923,44513
194914113,44503
194920298,44513
194926502,44508
194932665,44506
194938840,44504
194945050,44508
194951223,44504
194957407,44498
194967388,44520
194973563,44513
194979728,44511
194985919,44508
194992135,44513
194998331,44517
195004554,44518
195010709,44524
195016866,44522
195023028,44531
195029222,44523
195035356,44518
195041580,44521
195047748,44524
195053942,44522
195060163,44520
195066368,44523
195072583,44529
195078715,44528
195084869,44525
195091062,44525
195097233,44517
195107663,44551
195113957,44558
195120217,44559
195126426,44560
195132656,44573
195138879,44562
195145067,44571
195151230,44568
195157463,44576
195163682,44578
195176696,44572
195182936,44588
195189165,44587
195195340,44592
195201512,44591
195207706,44593
195213907,44596
195220128,44598
195226297,44604
195236263,44634
195242470,44639
195248688,44628
195254821,44637
195261047,44641
195267215,44639
195273365,44640
195279556,44642
195285755,44646
195291944,44637
195298130,44646
195304271,44642
195310408,44644
195316564,44640
195323298,44640
195329516,44650
195335748,44645
195341948,44643
195348151,44652
195354337,44654
195360545,44646
195370539,44668
195376713,44664
195382879,44670
195389128,44671
195395264,44673
195401457,44678
195407631,44679
195413832,44676
195420047,44679
195426164,44667
195432327,44678
195438566,44674
195444814,44671
195451074,44676
195457280,44679
195463522,44679
195469773,44679
195476028,44677
195482220,44680
195488372,44680
195494558,44686
195504516,44739
195510726,44739
195516906,44737
195523125,44737
195529332,44727
195536161,44740
195542411,44741
195548633,44744
195554853,44742
195561049,44751
195567271,44753
195573412,44746
195579620,44750
195585832,44751
195592068,44755
195598286,44762
195604501,44759
195610767,44769
195617054,44767
195623269,44765
195629447,44771
195639463,44622
195645633,44617
195651817,44615
195658048,44609
195663245,44605
195669465,44606
195675687,44594
195681919,44583
195688118,44591
195694325,44586
195700565,44585
195706757,44575
195712923,44574
195719099,44571
195725286,44566
195731444,44565
195737656,44567
195744451,44570
195750625,44569
195756779,44560
195762951,44562
195772866,44520
195779044,44521
195785249,44522
195791465,44514
195797646,44512
195803901,44509
195810111,44508
195816281,44507
195822471,44506
195828623,44504
195834699,44498
195840833,44494
195847025,44505
195853223,44494
195859455,44499
195865637,44503
195871824,44498
195878052,44494
195884242,44492
195890438,44489
195896686,44493
195907634,44444
195913846,44439
195920085,44440
195926265,44438
195932410,44436
195938582,44429
195944796,44424
195950956,44422
195957739,44424
195963925,44425
195970130,44424
195976342,44419
195982570,44418
195988849,44419
195995093,44417
196001327,44414
196007561,44428
196013751,44420
196019914,44422
196026124,44414
196032274,44419
196042250,44449
196048434,44454
196054610,44446
196060816,44457
196067031,44451
196073275,44451
196078455,44450
196084663,44452
196090822,44454
196097011,44450
196103185,44447
196109326,44448
196115550,44456
196121730,44449
196127923,44449
196134106,44455
196140296,44446
196146510,44453
196152658,44452
196158835,44454
196165624,44447
196176528,44494
196182728,44494
196188929,44495
196195152,44495
196201341,44505
196207554,44499
196213759,44504
196219993,44507
196226199,44508
196232342,44513
196238498,44513
196244695,44516
196250909,44513
196257134,44527
196263291,44537
196269491,44527
196275708,44534
196281879,44537
196288110,44538
196294278,44541
196300478,44550
196305681,44546
196311128,44632
196317316,44634
196323499,44628
196329746,44637
196335928,44646
196342178,44633
196348423,44640
196353612,44639
196359863,44641
196366078,44643
196372331,44643
196379162,44643
196385359,44649
196391561,44646
196397739,44647
196403917,44662
196410122,44658
196422912,44655
196429133,44663
196435377,44661
196440078,44661
196446259,44705
196452429,44713
196458634,44710
196464866,44713
196471093,44712
196477236,44720
196483414,44708
196489609,44722
196495841,44722
196502026,44714
196508246,44720
196514481,44719
196520751,44713
196527010,44711
196533201,44718
196539384,44724
196545598,44717
196551805,44719
196558005,44726
196564225,44729
196570350,44725
196580305,44740
196586491,44752
196593224,44741
196599392,44749
196605579,44743
196611825,44761
196618027,44758
196624236,44765
196630387,44763
196636521,44764
196642706,44766
196648900,44766
196655131,44773
196661279,44776
196667447,44771
196673636,44774
196679846,44776
196686099,44779
196692254,44767
196698398,44767
196704585,44769
196709148,44768
196715315,44645
196721572,44647
196727730,44645
196733895,44643
196740098,44644
196746298,44639
196752511,44638
196758676,44636
196764059,44641
196770230,44634
196776334,44637
196782548,44635
196788755,44631
196794952,44636
196801815,44633
196808057,44623
196814241,44627
196820448,44633
196826606,44626
196832791,44626
196838941,44631
196843490,44624
196849643,44609
196855771,44608
196861950,44607
196868118,44604
196874306,44612
196880539,44610
196886739,44597
196892922,44607
196899128,44605
196905302,44595
196911498,44601
196917675,44596
196923862,44591
196930039,44582
196936226,44587
196942425,44590
196948652,44579
196954815,44580
196960999,44579
196967190,44574
196973373,44568
196978101,44572
196989592,44516
196995826,44524
197002096,44515
197008323,44517
197015234,44513
197021450,44521
197027639,44517
197033752,44516
197039168,44522
197045347,44522
197051528,44526
197057712,44520
197063908,44522
197070138,44525
197076319,44517
197082521,44523
197088709,44520
197094919,44526
197101117,44525
197107287,44519
197111855,44526
197123564,44492
197129743,44497
197135967,44486
197142154,44491
197148317,44495
197154495,44492
197160720,44488
197166903,44499
197173145,44494
197178708,44495
197184863,44497
197191107,44497
197197252,44501
197203421,44506
197209610,44500
197215838,44504
197222585,44507
197228800,44501
197234958,44512
197241201,44515
197245724,44516
197251889,44512
197258091,44560
197264264,44562
197270496,44566
197276692,44566
197282877,44568
197289065,44572
197295247,44565
197301393,44572
197307551,44568
197312951,44583
197319197,44579
197325364,44589
197331573,44581
197337774,44588
197343958,44597
197350180,44592
197356289,44593
197362466,44594
197368670,44601
197374863,44600
197380086,44601
197386282,44604
197397971,44622
197404180,44632
197410325,44630
197416554,44622
197422749,44626
197428888,44629
197435703,44629
197441895,44626
197447082,44631
197453293,44621
197459473,44621
197465673,44631
197471872,44624
197478071,44638
197484287,44631
197490491,44642
197496646,44640
197502788,44641
197508956,44644
197514418,44648
197520650,44647
197532090,44676
197538290,44673
197544497,44678
197550650,44680
197556789,44677
197562957,44683
197569157,44688
197575336,44681
197581563,44688
197587734,44689
197593943,44692
197600152,44694
197606354,44693
197612561,44686
197618743,44695
197624931,44693
197631099,44689
197637245,44693
197644046,44691
197649498,44686
197655669,44679
197667731,44520
197673933,44515
197680203,44515
197686434,44513
197692606,44514
197698830,44503
197705047,44503
197711231,44501
197717403,44504
197723619,44507
197729815,44501
197736058,44499
197742276,44499
197748442,44495
197754661,44493
197760816,44501
197767032,44492
197773210,44488
197778376,44495
197784551,44490
197790038,44489
197801491,44441
197807649,44441
197813791,44436
197819987,44438
197826170,44439
197832341,44446
197838554,44445
197844698,44440
197850831,44447
197857601,44441
197863842,44445
197869996,44445
197876198,44446
197882368,44444
197888615,44434
197894782,44443
197900920,44435
197907122,44443
197913286,44432
197919496,44431
197924964,44428
197936372,44393
197942564,44397
197948742,44399
197954939,44398
197961135,44390
197967322,44397
197973492,44398
197979633,44405
197985784,44400
197992053,44393
197997522,44405
198003742,44406
198009930,44406
198016166,44403
198022367,44402
198028554,44398
198034733,44396
198040903,44393
198047077,44397
198052263,44396
198058466,44400
198070745,44372
198076933,44381
198083143,44378
198089315,44378
198095484,44381
198101632,44384
198107840,44388
198114064,44384
198120233,44374
198126417,44385
198132600,44385
198138793,44384
198144981,44384
198151185,44388
198157316,44383
198163495,44396
198169664,44381
198175870,44387
198182050,44387
198187265,44387
198193487,44393
198204126,44456
198210334,44452
198216566,44461
198222788,44464
198229043,44465
198235271,44463
198241435,44467
198247610,44472
198253788,44468
198259975,44460
198266179,44473
198272349,44474
198279203,44477
198285465,44485
198291690,44483
198297847,44487
198303995,44492
198310176,44486
198316351,44497
198321800,44489
198327971,44497
198333182,44492
198339379,44541
198345603,44544
198351752,44553
198357917,44552
198364099,44544
198370281,44547
198376465,44540
198382651,44539
198388820,44546
198395038,44549
198401214,44547
198407391,44549
198412885,44551
198419098,44550
198425268,44557
198431429,44556
198437602,44554
198443755,44556
198449921,44556
198456150,44556
198462288,44554
198467486,44561
198473671,44601
198479845,44605
198486035,44611
198492763,44613
198498940,44605
198505090,44615
198511261,44614
198517455,44618
198523658,44619
198529866,44617
198536091,44618
198542281,44613
198547772,44619
198553943,44620
198560185,44630
198566330,44629
198572477,44627
198578682,44631
198584861,44628
198591040,44632
198596302,44637
198601748,44643
198613113,44548
198619300,44541
198625516,44530
198631706,44526
198637909,44526
198644118,44512
198650328,44509
198656562,44503
198662780,44501
198668943,44495
198675125,44492
198681291,44490
198686804,44490
198692952,44481
198699156,44472
198705974,44479
198712153,44466
198718292,44454
198724538,44460
198730747,44459
198735982,44451
198747662,44393
198753877,44389
198760085,44398
198766248,44391
198772387,44385
198778573,44391
198784755,44385
198790944,44384
198797168,44386
198803329,44380
198809539,44378
198815732,44370
198820951,44379
198827151,44374
198833308,44365
198839495,44369
198845674,44370
198851803,44378
198857997,44374
198864221,44367
198870397,44374
198882072,44385
198888250,44380
198894462,44378
198900644,44376
198913428,44378
198920225,44375
198926514,44372
198932764,44365
198938976,44377
198945215,44368
198950786,44370
198957016,44365
198963245,44367
198969416,44373
198975579,44359
198981778,44360
198987968,44364
198994211,44356
198999392,44367
199004861,44365
199011072,44381
199017273,44380
199023423,44389
199029584,44386
199035755,44381
199041892,44384
199048079,44395
199054275,44390
199060484,44392
199066690,44395
199072975,44389
199079186,44384
199085395,44382
199091623,44391
199097860,44396
199104084,44394
199110231,44392
199116336,44395
199122511,44383
199129269,44393
199134445,44389
199139901,44394
199151289,44429
199157488,44434
199163725,44435
199169849,44436
199176064,44438
199182261,44442
199188422,44439
199194653,44441
199200853,44450
199207015,44452
199213211,44447
199219414,44448
199225660,44453
199231781,44461
199237967,44460
199244154,44459
199250289,44469
199256481,44460
199262699,44463
199268861,44468
199274290,44472
199285751,44542
199291980,44544
199298229,44544
199304392,44561
199310596,44542
199316724,44544
199322876,44549
199329067,44545
199335230,44548
199342041,44551
199348240,44551
199354427,44551
199360646,44544
199366131,44555
199372274,44550
199378477,44557
199384637,44558
199390827,44547
199396994,44556
199403219,44553
199408404,44561
199420104,44611
199426304,44600
199432484,44599
199438643,44601
199444834,44607
199450996,44605
199457177,44609
199463353,44612
199469524,44616
199475679,44615
199481833,44620
199488087,44611
199494287,44620
199500430,44618
199505630,44613
199511805,44624
199518007,44620
199524158,44625
199530369,44634
199536625,44626
199542854,44631
199555134,44668
199561315,44663
199567490,44646
199573672,44643
199579788,44640
199585956,44649
199592159,44636
199598318,44635
199604554,44630
199610779,44624
199616950,44618
199623150,44616
199629308,44606
199635511,44605
199641653,44600
199647784,44595
199653983,44598
199660203,44585
199666366,44590
199672614,44584
199678750,44584
199688631,44510
199694807,44523
199700979,44519
199707214,44514
199713454,44510
199719679,44513
199725912,44511
199732168,44502
199738402,44515
199744643,44508
199750826,44508
199757013,44501
199763854,44504
199770025,44501
199776190,44498
199782359,44509
199788561,44500
199794769,44496
199800949,44498
199807190,44496
199813426,44502
199823433,44504
199829618,44516
199835756,44507
199841952,44507
199848155,44504
199854311,44507
199860519,44502
199866678,44506
199872810,44505
199878988,44508
199885197,44504
199891404,44498
199897610,44497
199903800,44497
199909977,44499
199916173,44498
199922359,44507
199928611,44487
199934771,44489
199940942,44483
199947128,44482
199951785,44487
199958023,44496
199964220,44498
199971000,44492
199977214,44488
199983344,44498
199989528,44492
199995743,44499
200001942,44501
200008159,44500
200014358,44497
200020555,44503
200026796,44500
200032991,44509
200039209,44513
200045369,44514
200051592,44513
200056808,44504
200063012,44509
200069196,44508
200075352,44510
200081548,44511
200086234,44511
200097598,44521
200103786,44521
200109956,44530
200116145,44530
200122279,44529
200128490,44526
200134700,44530
200140892,44536
200147165,44534
200160244,44540
200166488,44546
200172814,44550
200179064,44547
200185909,44551
200191175,44553
200197390,44547
200203611,44551
200209793,44553
200215215,44556
200226623,44603
200232826,44598
200239003,44607
200245214,44595
200251369,44601
200257601,44600
200263808,44602
200269971,44603
200276207,44599
200282385,44610
200288596,44610
200294761,44610
200300914,44607
200307110,44610
200313287,44606
200319487,44607
200324928,44600
200331207,44609
200337358,44601
200343531,44603
200349701,44606
200354248,44604
200365851,44652
200372067,44647
200378267,44642
200384435,44650
200390591,44650
200397393,44649
200403617,44652
200409809,44654
200416000,44662
200422229,44662
200428402,44664
200434573,44663
200440749,44667
200446920,44667
200453123,44668
200459333,44671
200465538,44669
200471702,44671
200477864,44670
200484066,44674
200488649,44676
200500247,44628
200506424,44626
200512569,44621
200518743,44622
200524940,44609
200531180,44599
200537400,44598
200543629,44600
200549892,44591
200556122,44582
200562307,44572
200568424,44576
200574592,44572
200580769,44573
200586953,44576
200593189,44558
200599365,44559
200606195,44557
200612391,44549
200618579,44552
200623122,44546
200634802,44487
200640962,44482
200647151,44487
200653319,44471
200659470,44480
200665649,44479
200671865,44473
200678095,44465
200684263,44467
200690390,44457
200696609,44456
200702792,44456
200708926,44460
200715151,44451
200721376,44449
200727592,44444
200733856,44450
200740114,44443
200746337,44441
200752553,44437
200757135,44440
200768792,44417
200774951,44424
200781126,44423
200787261,44428
200793397,44424
200799579,44416
200805771,44419
200811947,44424
200818796,44417
200825008,44412
200831261,44415
200837349,44410
200843527,44409
200849697,44409
200855901,44414
200862127,44414
200868314,44408
200874474,44406
200879671,44408
200885862,44400
200890568,44405
200901950,44427
200908098,44419
200914307,44428
200920559,44424
200926777,44428
200933038,44427
200939302,44433
200945495,44426
200951661,44429
200957846,44420
200964055,44429
200970254,44423
200976517,44426
200982750,44426
200988937,44429
200995190,44429
201001429,44427
201007683,44421
201013878,44429
201019318,44418
201025541,44425
201037559,44454
201043745,44456
201049899,44456
201056109,44456
201062281,44461
201068504,44456
201074703,44464
201080859,44468
201087094,44470
201093302,44470
201099513,44473
201105729,44472
201111871,44468
201118053,44479
201124221,44477
201130454,44482
201136678,44481
201142820,44480
201148957,44482
201154379,44480
201159593,44483
201165065,44484
201171258,44536
201177413,44532
201183608,44536
201189776,44542
201195954,44539
201202182,44537
201208373,44540
201214563,44546
201220772,44546
201226953,44545
201233206,44544
201240005,44554
201246198,44552
201252343,44548
201258536,44547
201264733,44556
201270925,44551
201277190,44550
201283346,44555
201288518,44563
201293952,44553
201299182,44569
201310739,44606
201316903,44609
201323109,44599
201329309,44608
201335465,44607
201341669,44610
201347847,44615
201354039,44606
201360269,44611
201366447,44617
201372609,44618
201378782,44613
201384967,44615
201391180,44626
201397394,44622
201410286,44622
201416550,44624
201421869,44622
201427350,44637
201432562,44621
201444192,44653
201450354,44645
201456546,44639
201463319,44639
201469479,44634
201475701,44631
201481904,44616
201488104,44612
201494312,44605
201500500,44608
201506694,44593
201512871,44598
201519067,44590
201525273,44580
201531446,44580
201537645,44572
201543850,44570
201550074,44572
201555307,44562
201560751,44559
201566003,44544
201577613,44481
201583762,44481
201589956,44475
201596181,44475
201602332,44467
201608530,44469
201614702,44465
201620896,44469
201627071,44466
201633255,44453
201639408,44460
201645582,44456
201651748,44447
201657901,44455
201664080,44449
201670965,44445
201677190,44443
201683344,44431
201689507,44434
201693950,44437
201700124,44431
201711749,44411
201717920,44407
201724096,44407
201730297,44404
201736431,44396
201742601,44398
201748781,44395
201754941,44398
201761140,44396
201767322,44393
201773482,44388
201779646,44390
201785827,44392
201791992,44385
201798198,44389
201804367,44386
201810582,44386
201816873,44382
201823120,44382
201828362,44385
201833857,44390
201840058,44386
201846304,44414
201852480,44407
201858615,44405
201864782,44411
201870924,44410
201877144,44408
201883946,44403
201890214,44421
201896381,44416
201902565,44413
201908787,44422
201914953,44419
201921161,44410
201927306,44409
201933456,44418
201939648,44416
201945866,44411
201952079,44418
201958331,44417
201963520,44415
201968984,44430
201979697,44440
201985870,44437
201992033,44452
201998215,44453
202004396,44452
202010631,44453
202016805,44454
202023028,44457
202029248,44467
202035405,44465
202041652,44472
202047798,44465
202053956,44478
202060138,44468
202066308,44478
202072527,44484
202078732,44477
202084888,44480
202091678,44476
202097887,44489
202102665,44491
202108884,44489
202114060,44548
202120236,44548
202126395,44543
202132556,44551
202138768,44553
202144940,44547
202151173,44553
202157348,44555
202163576,44553
202169743,44557
202175925,44562
202182121,44561
202188293,44562
202194465,44559
202200688,44555
202206852,44567
202213011,44564
202219202,44559
202225376,44570
202231590,44567
202236432,44572
202242650,44573
202248899,44607
202255143,44617
202261332,44611
202267556,44612
202273766,44621
202279953,44605
202286212,44616
202292400,44624
202299206,44616
202305363,44625
202311511,44617
202317697,44626
202323885,44631
202330031,44630
202336233,44627
202342410,44631
202348615,44635
202354820,44635
202360989,44641
202367233,44637
202371658,44636
202377824,44647
202388789,44701
202394971,44708
202401166,44707
202407338,44712
202413576,44712
202419803,44716
202426053,44718
202432314,44719
202438480,44724
202444645,44728
202450820,44729
202456968,44731
202463207,44729
202469321,44733
202475502,44724
202481684,44725
202487897,44734
202494051,44732
202500274,44729
202505497,44718
202512364,44725
202523327,44587
202529494,44589
202535685,44594
202541911,44586
202548144,44585
202554367,44587
202560635,44583
202566859,44581
202573044,44582
202579263,44584
202585365,44585
202591524,44587
202597685,44581
202603879,44587
202610087,44583
202616342,44579
202622476,44585
202628657,44586
202634842,44577
202640024,44566
202653051,44554
202659272,44557
202665517,44553
202671674,44556
202677878,44551
202684120,44556
202690348,44553
202696523,44559
202702712,44564
202708921,44553
202715132,44560
202721317,44555
202728093,44557
202734297,44560
202740493,44560
202746709,44561
202752899,44561
202759055,44559
202765271,44554
202770467,44554
202775925,44551
202782122,44553
202792766,44555
202798907,44555
202805079,44556
202811352,44555
202817566,44562
202823741,44565
202829943,44559
202836132,44564
202842324,44558
202848515,44556
202854706,44559
202860817,44554
202866984,44561
202873183,44562
202879427,44560
202885678,44558
202891888,44560
202898161,44560
202903627,44563
202909871,44555
202915089,44550
202926729,44572
202932900,44581
202939653,44577
202945822,44587
202951982,44587
202958209,44585
202964371,44591
202970554,44589
202976723,44587
202982884,44590
202989053,44589
202995280,44600
203001436,44599
203007636,44597
203013832,44597
203020034,44597
203026243,44607
203032445,44606
203037648,44603
203043814,44608
203049254,44614
203055392,44622
203066031,44672
203072232,44680
203078384,44686
203084530,44681
203090726,44689
203096904,44687
203103105,44685
203109320,44684
203115497,44695
203121665,44692
203127871,44687
203134055,44689
203140267,44694
203147120,44694
203153328,44694
203159531,44704
203165705,44701
203171878,44698
203177089,44698
203183249,44701
203189403,44700
203195621,44729
203201797,44733
203207971,44736
203214188,44729
203220345,44735
203226570,44733
203232750,44734
203238922,44733
203245103,44735
203251288,44732
203257491,44736
203263682,44741
203269802,44743
203275951,44740
203282110,44745
203288317,44750
203294531,44756
203300759,44748
203306943,44752
203313154,44750
203319282,44742
203324701,44746
203335441,44785
203341657,44789
203347826,44789
203354642,44786
203360824,44777
203367008,44774
203373252,44773
203379489,44770
203385707,44764
203391928,44772
203398185,44761
203404344,44757
203410564,44746
203416743,44745
203422919,44733
203429091,44724
203435324,44722
203441541,44719
203447002,44716
203453219,44700
203459375,44702
203469972,44624
203476206,44620
203482360,44631
203488537,44628
203494776,44624
203501026,44624
203507282,44625
203513498,44629
203519742,44619
203525967,44618
203532188,44624
203538332,44609
203544468,44625
203550663,44615
203556852,44605
203563025,44612
203569825,44611
203576013,44607
203581264,44603
203587448,44600
203593656,44609
203603541,44583
203609775,44589
203615972,44586
203622148,44584
203628314,44584
203634471,44578
203640668,44580
203646846,44582
203653032,44589
203659215,44579
203665381,44584
203671521,44584
203677759,44580
203683988,44589
203690222,44577
203696398,44576
203702612,44578
203708843,44579
203715034,44574
203720281,44578
203726440,44576
203732669,44573
203743525,44565
203749691,44574
203755906,44574
203762118,44566
203768339,44562
203774538,44565
203781352,44556
203787507,44573
203793664,44570
203799870,44564
203806048,44572
203812305,44573
203818462,44557
203824640,44570
203830834,44570
203837023,44568
203843223,44577
203849413,44574
203854604,44573
203860793,44572
203866953,44567
203876818,44565
203883017,44567
203889195,44572
203902234,44574
203908498,44579
203914761,44577
203921048,44580
203927292,44572
203933517,44582
203939771,44578
203946013,44595
203952231,44586
203958450,44586
203964634,44591
203970812,44594
203977014,44604
203982268,44600
203988405,44600
203995240,44606
204005249,44686
204011444,44694
204017671,44689
204023846,44692
204030027,44686
204036229,44693
204042416,44700
204048600,44701
204054764,44701
204060919,44706
204067128,44705
204073301,44707
204079498,44705
204085689,44714
204091829,44710
204098021,44714
204104232,44643
204110410,44721
204116659,44719
204122824,44726
204129024,44729
204139009,44758
204145190,44769
204151322,44768
204157482,44777
204163694,44768
204169806,44774
204175947,44775
204182132,44777
204188300,44779
204194431,44778
204200650,44781
204207446,44773
204213659,44778
204219809,44779
204225973,44779
204232174,44780
204238363,44776
204244591,44785
204250754,44782
204256911,44789
204263081,44781
204274031,44810
204280263,44810
204286404,44805
204292609,44816
204298771,44817
204304987,44817
204311211,44818
204317380,44820
204323539,44822
204329707,44815
204335875,44814
204342047,44812
204348257,44808
204354476,44811
204360659,44807
204366833,44808
204373050,44797
204379280,44788
204385415,44799
204390601,44776
204396766,44780
204402889,44774
204408293,44663
204415121,44679
204421307,44673
204427463,44669
204433636,44669
204439808,44675
204445983,44670
204452171,44675
204458327,44673
204464519,44674
204470687,44667
204476895,44668
204483133,44669
204489317,44665
204495546,44663
204501733,44664
204507912,44663
204514106,44665
204520278,44660
204525433,44656
204531640,44655
204537816,44651
204548450,44610
204553922,44608
204560101,44606
204566325,44606
204572520,44606
204578684,44610
204584843,44611
204591001,44606
204597219,44607
204603368,44607
204609511,44600
204615686,44596
204621913,44597
204628725,44590
204634933,44597
204641147,44595
204647314,44585
204653458,44593
204659651,44589
204665862,44586
204672033,44582
204682723,44519
204687967,44518
204694168,44516
204700358,44514
204706551,44510
204712766,44515
204718945,44515
204725128,44515
204731302,44514
204737486,44513
204743683,44520
204749844,44519
204756027,44520
204762210,44516
204768410,44510
204774604,44512
204780792,44512
204786957,44519
204793166,44516
204799361,44512
204805574,44529
204816539,44525
204822721,44529
204828947,44535
204835740,44537
204841952,44526
204848172,44527
204854328,44530
204860489,44527
204866676,44530
204872880,44537
204879043,44530
204885264,44531
204891406,44538
204897592,44525
204903774,44526
204910000,44532
204916225,44518
204922364,44528
204928492,44533
204934655,44530
204939853,44534
204946033,44536
204952261,44593
204958457,44598
204963952,44599
204970162,44595
204976370,44598
204982503,44596
204988679,44601
204994865,44606
205001021,44605
205007252,44608
205013483,44606
205019652,44613
205025822,44615
205031994,44614
205038217,44612
205045076,44619
205051284,44619
205057406,44622
205063625,44622
205069873,44627
205075116,44618
205081362,44622
205092085,44665
205097589,44667
205103857,44667
205110067,44666
205116281,44666
205122451,44671
205128595,44678
205134789,44672
205147591,44675
205153831,44673
205160042,44679
205166280,44685
205172398,44683
205178611,44679
205184789,44674
205190995,44680
205197185,44691
205203331,44691
205209446,44691
205220071,44745
205226276,44743
205231705,44749
205237904,44759
205244074,44745
205250303,44749
205256434,44747
205263229,44746
205269397,44749
205275550,44750
205281708,44746
205287917,44745
205294131,44753
205300365,44712
205306543,44758
205312739,44759
205318961,44752
205325177,44758
205331356,44757
205337490,44760
205342686,44756
205348826,44760
205359482,44733
205364948,44731
205371098,44718
205377327,44715
205383521,44709
205389704,44703
205395914,44693
205402134,44696
205408357,44684
205414567,44682
205420810,44676
205426996,44678
205433208,44668
205439423,44666
205445623,44666
205451858,44670
205458052,44654
205464271,44652
205470432,44651
205477230,44649
205483392,44650
205494015,44584
205500182,44583
205506397,44577
205512545,44579
205518737,44577
205524935,44573
205531164,44568
205537340,44572
205543454,44569
205549626,44564
205555814,44571
205561988,44557
205568183,44559
205574349,44568
205580556,44552
205586731,44552
205592909,44557
205599068,44553
205605274,44560
205611425,44563
205616635,44552
205627282,44545
205633424,44537
205639586,44533
205645829,44532
205651988,44536
205658185,44536
205664356,44535
205670502,44527
205676689,44531
205683418,44536
205689704,44523
205695845,44529
205702040,44529
205708270,44524
205714458,44521
205720680,44527
205726801,44526
205733023,44524
205739177,44524
205745395,44523
205751610,44520
205761508,44565
205767724,44570
205773862,44570
205780040,44575
205786238,44576
205792384,44581
205798595,44580
205804764,44584
205810906,44584
205817039,44588
205823228,44583
205829385,44586
205835591,44594
205841775,44595
205847950,44587
205854139,44599
205860333,44595
205866492,44605
205872714,44600
205878905,44604
205885090,44606
205889772,44607
205896611,44610
205902817,44615
205908995,44614
205915232,44612
205920437,44620
205926647,44614
205932803,44621
205938926,44622
205945145,44627
205951318,44625
205957491,44624
205963682,44617
205969880,44631
205976073,44632
205982274,44630
205988455,44630
205994679,44640
206000817,44646
206006996,44641
206013163,44643
206019378,44638
206029298,44690
206035498,44689
206041722,44694
206047907,44696
206054099,44700
206059552,44703
206065743,44702
206071936,44705
206078107,44707
206084333,44712
206090530,44706
206096737,44711
206103507,44717
206109757,44718
206115999,44720
206122194,44720
206128350,44730
206134491,44717
206140674,44728
206146887,44725
206153078,44718
206158322,44726
206168976,44745
206175189,44748
206181420,44748
206187604,44744
206193014,44745
206199220,44744
206205352,44742
206211534,44741
206217703,44746
206223871,44741
206230061,44733
206236254,44743
206242411,44746
206248581,44743
206254793,44741
206260955,44747
206267140,44747
206273314,44745
206279458,44755
206285615,44752
206291850,44755
206301935,44768
206308168,44752
206314974,44746
206321225,44737
206327401,44737
206332574,44725
206338741,44724
206344868,44709
206351070,44708
206357277,44708
206363477,44702
206369704,44697
206375881,44688
206388683,44686
206394922,44697
206401183,44682
206407345,44678
206413520,44670
206419752,44672
206425184,44663
206430407,44611
206436608,44604
206442775,44601
206448973,44599
206455208,44592
206460646,44590
206466843,44591
206473046,44595
206479255,44581
206485486,44583
206491748,44587
206498008,44581
206504247,44574
206510437,44556
206516588,44571
206522817,44570
206529002,44564
206535786,44552
206541954,44552
206548162,44544
206554386,44549
206559589,44546
206565059,44498
206571326,44490
206577473,44496
206583669,44495
206589889,44497
206596071,44487
206602270,44490
206608397,44490
206614563,44483
206620756,44490
206626999,44489
206633207,44493
206639402,44490
206645594,44484
206651795,44487
206657989,44470
206664231,44480
206670384,44482
206676547,44481
206682707,44477
206688897,44474
206694088,44476
206704705,44504
206710901,44503
206717124,44509
206723342,44512
206729605,44508
206735824,44515
206742587,44511
206748805,44511
206754920,44512
206761093,44515
206767297,44514
206773487,44512
206779741,44516
206785857,44513
206792024,44518
206798202,44518
206804363,44514
206810511,44521
206816729,44519
206822894,44516
206828335,44519
206833538,44519
206839766,44570
206845952,44570
206852134,44577
206858353,44583
206864563,44582
206870774,44580
206876269,44584
206882452,44582
206888651,44586
206894894,44591
206901122,44590
206907358,44592
206913565,44595
206919743,44602
206925936,44598
206932175,44600
206938395,44605
206944521,44615
206950697,44618
206957467,44610
206962680,44609
206968167,44614
206979577,44653
206985798,44658
206991931,44661
206998105,44661
207004338,44664
207010459,44663
207015971,44663
207022192,44661
207028366,44658
207034571,44668
207040747,44666
207046941,44663
207053153,44665
207059395,44671
207065531,44672
207071692,44667
207077890,44679
207084078,44680
207090314,44676
207096530,44680
207101066,44676
207107309,44680
207113579,44685
207119822,44672
207126004,44685
207132179,44679
207138362,44680
207144535,44687
207149989,44692
207156168,44696
207162376,44689
207169241,44698
207175383,44685
207181610,44701
207187796,44699
207194006,44700
207200208,44706
207206380,44704
207212535,44709
207218682,44712
207224867,44708
207231044,44717
207235612,44716
207241799,44714
207253411,44774
207259580,44773
207265721,44767
207271888,44769
207278052,44768
207284280,44770
207290460,44773
207296619,44760
207302833,44763
207308987,44763
207315195,44754
207321410,44754
207327626,44739
207333858,44738
207340023,44728
207346220,44726
207352386,44744
207358559,44714
207364714,44708
207369919,44702
207376804,44695
207388461,44543
207394671,44538
207400843,44537
207406999,44543
207413219,44544
207419384,44543
207424547,44530
207430706,44529
207436893,44532
207443058,44527
207449260,44531
207455441,44527
207461617,44530
207467802,44525
207473959,44529
207480135,44522
207486291,44524
207492491,44512
207498761,44511
207504239,44507
207510460,44516
207521932,44492
207528160,44494
207534377,44485
207540562,44483
207546755,44480
207552917,44471
207559126,44476
207565359,44467
207571579,44466
207577768,44464
207584566,44459
207590861,44452
207597032,44451
207603271,44451
207609500,44453
207615732,44443
207621946,44440
207634728,44438
207640233,44434
207651729,44399
207657881,44416
207664088,44409
207670294,44414
207676432,44411
207682617,44407
207688794,44406
207694233,44413
207700482,44413
207706731,44411
207712996,44417
207719213,44411
207725441,44411
207731716,44416
207737904,44419
207744088,44422
207750292,44417
207756465,44415
207762646,44412
207768832,44418
207773418,44419
207779646,44426
207785851,44448
207792021,44439
207798234,44446
207805059,44443
207811263,44446
207817398,44457
207823607,44453
207829849,44453
207836086,44455
207842282,44458
207848463,44457
207854657,44459
207860822,44468
207867002,44465
207873155,44472
207879362,44468
207885543,44472
207891749,44475
207897905,44479
207904098,44474
207908787,44478
207914991,44485
207926389,44527
207932601,44531
207938801,44525
207944939,44541
207951108,44539
207957289,44535
207963451,44536
207969673,44540
207975862,44541
207982023,44543
207988208,44546
207994394,44549
208000586,44544
208006761,44551
208013616,44551
208019822,44551
208025961,44555
208032156,44554
208038359,44554
208042997,44557
208049186,44556
208060635,44568
208066821,44574
208072990,44575
208079129,44573
208085321,44576
208091498,44571
208097686,44574
208103859,44580
208110049,44579
208116256,44577
208122469,44582
208128701,44591
208134885,44581
208141098,44595
208147341,44592
208153548,44589
208159806,44597
208166055,44588
208172316,44603
208177038,44600
208183249,44603
208194671,44672
208200887,44672
208207039,44679
208213230,44671
208219418,44667
208226201,44673
208232412,44675
208238682,44670
208244925,44675
208250338,44674
208256503,44673
208262687,44678
208268887,44677
208275094,44673
208281304,44680
208287487,44678
208293666,44672
208299857,44679
208306055,44679
208311298,44681
208317493,44679
208329224,44586
208335450,44579
208341651,44572
208347895,44569
208354116,44565
208360331,44554
208366467,44547
208372676,44533
208378873,44524
208385069,44515
208391306,44515
208397496,44510
208403689,44509
208409885,44499
208416060,44484
208422266,44495
208428424,44478
208435312,44489
208441497,44481
208446697,44469
208452124,44471
208463574,44385
208469776,44374
208475949,44373
208482119,44371
208488304,44361
208494488,44372
208500740,44367
208506901,44365
208513066,44368
208519295,44362
208525497,44365
208531758,44368
208537956,44361
208544118,44365
208550321,44363
208556510,44368
208562731,44360
208568898,44366
208575066,44368
208580493,44365
208585747,44370
208591912,44366
208598113,44261
208604307,44266
208610465,44267
208616704,44270
208622859,44269
208629039,44267
208635225,44264
208642017,44270
208648223,44267
208654429,44274
208660639,44280
208666820,44274
208672971,44278
208679136,44284
208685341,44282
208691520,44288
208697759,44293
208703925,44295
208710088,44292
208715502,44289
208720714,44305
208726903,44300
208738569,44298
208744741,44298
208750932,44299
208757111,44305
208763308,44302
208769460,44289
208775603,44295
208781784,44306
208787981,44297
208794211,44290
208800409,44287
208806514,44291
208812721,44293
208818894,44279
208825073,44278
208831315,44284
208837457,44284
208843631,44282
208848854,44293
208855674,44294
208861879,44287
208873403,44330
208886214,44339
208892412,44337
208898608,44340
208904844,44339
208911049,44342
208917303,44337
208923453,44338
208929664,44340
208935864,44332
208942037,44341
208948266,44338
208954419,44340
208960594,44347
208966790,44351
208973004,44347
208978216,44346
208984395,44347
208989823,44341
209001240,44346
209007437,44346
209013646,44352
209019818,44342
209025939,44353
209032153,44343
209038353,44350
209044522,44355
209050737,44348
209056916,44352
209063101,44341
209069777,44343
209075257,44341
209081399,44337
209087547,44340
209093743,44341
209099938,44333
209106094,44332
209112322,44331
209118462,44333
209124668,44344
209136092,44364
209142282,44365
209148498,44366
209154727,44363
209160893,44376
209167052,44372
209173260,44375
209179441,44377
209185671,44387
209191873,44383
209198001,44383
209204177,44393
209210331,44380
209216521,44399
209222717,44399
209228852,44400
209235053,44337
209241266,44401
209247448,44408
209252869,44416
209259047,44413
209270497,44353
209276725,44348
209283533,44340
209289734,44334
209295893,44321
209302093,44314
209308295,44312
209314475,44317
209320690,44298
209326860,44294
209333009,44292
209339223,44279
209345398,44279
209350779,44283
209356955,44269
209363109,44271
209369330,44268
209375527,44260
209381712,44262
209386954,44254
209393134,44262
209398584,44255
209404775,44179
209410974,44163
209417112,44172
209423291,44172
209429443,44173
209435606,44159
209441802,44164
209447987,44159
209454228,44148
209460411,44145
209466621,44144
209472787,44153
209478988,44146
209485205,44149
209492041,44143
209498245,44143
209504414,44143
209510589,44140
209516804,44148
209521981,44147
209528165,44150
209533634,44145
209545019,44077
209551179,44076
209557367,44066
209563478,44069
209569692,44071
209575857,44062
209582058,44062
209588250,44057
209594422,44062
209600660,44056
209606822,44053
209613010,44057
209619187,44049
209625388,44047
209631561,44048
209637794,44054
209643903,44043
209650139,44047
209656390,44059
209662642,44048
209668155,44040
209679617,43944
209685802,43950
209691969,43955
209698156,43956
209704936,43959
209711126,43947
209717339,43962
209723490,43972
209729730,43962
209735912,43960
209742095,43956
209748260,43960
209754442,43962
209760651,43961
209766128,43965
209772342,43962
209778545,43957
209784757,43962
209789972,43971
209796144,43965
209801590,43960
209807737,43971
209813884,44021
209820036,44028
209826246,44037
209832439,44041
209838602,44047
209844770,44038
209850980,44049
209857233,44056
209863397,44059
209869581,44078
209875727,44068
209881900,44072
209888101,44074
209894331,44086
209900567,44087
209905759,44088
209912615,44091
209918867,44102
209925013,44093
209931218,44096
209936626,44105
209942807,44104
209954266,44156
209960442,44163
209966630,44158
209972856,44160
209979008,44154
209985172,44171
209991360,44158
209997554,44157
210003747,44156
210009902,44160
210016070,44160
210022249,44168
210028429,44164
210034655,44166
210040074,44177
210046265,44169
210052410,44167
210058594,44167
210064802,44168
210071045,44180
210077291,44181
210088743,44180
210094957,44183
210101147,44185
210107357,44173
210113502,44181
210119734,44169
210133291,44166
210139572,44166
210145834,44164
210152054,44158
210158312,44162
210164509,44151
210170009,44156
210176251,44160
210182458,44184
210188683,44160
210194877,44159
210200104,44165
210205528,44160
210216928,44206
210223105,44196
210229288,44205
210235446,44204
210241669,44192
210247863,44193
210254042,44186
210260251,44182
210266444,44170
210272667,44177
210278832,44171
210285007,44169
210291160,44162
210297346,44164
210303542,44152
210309762,44149
210315977,44151
210322218,44148
210328508,44148
210334005,44133
210340269,44136
210352317,44096
210358469,44092
210364655,44095
210370822,44088
210376966,44076
210383146,44084
210389317,44084
210395508,44084
210401688,44072
210407913,44075
210414125,44074
210420318,44079
210426487,44077
210432714,44073
210438902,44081
210444324,44072
210450520,44072
210456679,44057
210462900,44066
210468081,44072
210474270,44066
210479741,44071
210485923,44150
210492102,44151
210498325,44155
210504484,44158
210510692,44163
210516905,44168
210523067,44173
210529309,44167
210535489,44168
210541680,44169
210547863,44172
210554702,44174
210560860,44176
210567030,44165
210573216,44168
210579412,44175
210585536,44167
210591702,44185
210597960,44179
210603234,44179
210609454,44186
210614887,44197
210626253,44282
210632456,44286
210638660,44276
210644845,44285
210651003,44288
210657210,44283
210663431,44281
210669654,44287
210675904,44285
210682104,44287
210688347,44280
210694611,44280
210700830,44278
210706974,44289
210713159,44277
210719370,44275
210725523,44275
210731764,44279
210737237,44282
210743427,44286
210748620,44279
210760288,44202
210767099,44205
210773346,44201
210779483,44212
210785649,44207
210791810,44201
210797991,44202
210804212,44200
210810404,44200
210816519,44250
210822697,44194
210828932,44187
210835105,44192
210841318,44183
210847498,44174
210853704,44176
210859916,44176
210866117,44175
210872362,44170
210878499,44161
210883682,44163
210895318,44199
210901427,44201
210907599,44213
210913736,44199
210919926,44200
210926089,44204
210932327,44212
210938480,44211
210944628,44211
210950807,44218
210956974,44217
210963137,44222
210969336,44222
210976174,44228
210982404,44233
210988606,44240
210994779,44233
211000019,44238
211006227,44239
211011660,44243
211017849,44245
211029061,44389
211035314,44396
211041504,44398
211047745,44410
211053936,44411
211060108,44419
211066291,44425
211072510,44426
211078770,44435
211084956,44453
211091112,44458
211097356,44451
211103545,44470
211109782,44481
211115941,44484
211122147,44490
211128334,44499
211134519,44501
211140729,44512
211146174,44515
211152392,44518
211157598,44529
211163812,44574
211169962,44567
211176131,44570
211182320,44564
211189104,44561
211195306,44559
211201484,44549
211207683,44541
211213906,44536
211220118,44530
211226329,44526
211232537,44520
211238770,44523
211244958,44510
211251142,44510
211257344,44515
211263523,44503
211269744,44504
211275172,44492
211280443,44503
211286594,44492
211292059,44489
211303516,44464
211309746,44459
211315985,44452
211322179,44448
211328375,44443
211334597,44445
211340817,44435
211346971,44438
211353135,44426
211359291,44423
211365474,44426
211378515,44426
211384753,44420
211390977,44416
211397142,44410
211404015,44411
211409230,44412
211414722,44412
211420905,44412
211432281,44307
211438469,44309
211444679,44300
211450832,44307
211457018,44301
211463234,44316
211469432,44320
211475629,44317
211481843,44329
211488025,44321
211494209,44316
211500401,44309
211506589,44310
211512815,44318
211518976,44319
211525160,44316
211531375,44314
211537565,44320
211543038,44312
211548299,44308
211554500,44318
211560724,44310
211566970,44276
211573200,44274
211579408,44273
211585610,44264
211591824,44268
211597938,44272
211604130,44272
211610341,44277
211617124,44270
211623266,44278
211629442,44284
211635640,44283
211641831,44277
211647940,44280
211654147,44280
211660325,44287
211666497,44288
211672683,44289
211678142,44290
211683371,44297
211689543,44292
211695776,44300
211706460,44156
211712660,44168
211718849,44177
211725032,44180
211731213,44189
211737409,44198
211743607,44206
211749811,44207
211755917,44219
211762053,44226
211768258,44224
211774421,44227
211780635,44236
211786848,44225
211792995,44219
211799212,44212
211805449,44206
211811629,44215
211816444,44216
211822569,44221
211829372,44223
211840774,44485
211846980,44498
211853125,44497
211859308,44504
211865476,44511
211871678,44521
211877864,44526
211883995,44533
211890146,44541
211896326,44544
211902483,44534
211908703,44545
211914925,44551
211921075,44556
211927310,44549
211933508,44555
211939715,44549
211945923,44558
211950714,44556
211956850,44554
211963075,44558
211969292,44554
211975518,44516
211981731,44515
211987999,44505
211994223,44491
212000417,44483
212006543,44470
212012745,44463
212018886,44452
212025096,44435
212031300,44421
212038102,44413
212044312,44406
212050474,44385
212056620,44386
212062811,44379
212069024,44367
212075283,44346
212081502,44330
212085947,44325
212092114,44316
212098303,44318
212104502,44313
212115104,44230
212121298,44233
212127467,44232
212133701,44232
212139886,44226
212146039,44229
212152190,44222
212158378,44213
212164549,44213
212170768,44216
212176946,44210
212183116,44208
212189293,44206
212195503,44211
212201706,44210
212207894,44213
212214043,44216
212220219,44214
212226387,44214
212232573,44231
212238799,44260
212250380,44371
212256563,44365
212262769,44371
212268943,44368
212275149,44374
212281335,44377
212287518,44378
212293695,44385
212299864,44375
212306002,44379
212312166,44379
212318329,44389
212324498,44388
212330689,44387
212336881,44386
212343028,44394
212349204,44391
212355367,44398
212360806,44392
212366970,44395
212373147,44407
212383824,44406
212390087,44404
212396328,44409
212402569,44406
212408807,44407
212415047,44407
212421249,44409
212427442,44408
212433564,44412
212439717,44398
212445894,44402
212452612,44399
212458828,44396
212465042,44396
212471250,44396
212477459,44396
212483561,44395
212489712,44390
212494926,44391
212500371,44387
212506532,44394
212512756,44387
212518921,44388
212525099,44393
212531291,44385
212537474,44389
212543568,44396
212549750,44395
212555914,44391
212562108,44396
212568338,44399
212574498,44404
212580673,44401
212586818,44396
212593001,44407
212599171,44407
212605366,44403
212611542,44407
212623349,44410
212629530,44414
212635043,44415
212641262,44415
212652684,44375
212658928,44375
212665131,44366
212672010,44367
212678191,44372
212684422,44366
212690658,44364
212696846,44356
212703008,44347
212709185,44351
212715352,44351
212721510,44350
212727691,44339
212733899,44342
212740056,44340
212746237,44335
212752437,44332
212757831,44328
212764015,44326
212769221,44314
212775410,44312
212781581,44292
212787032,44212
212793250,44213
212799429,44203
212805564,44198
212811752,44196
212817964,44186
212824110,44181
212830304,44180
212836490,44167
212842693,44158
212848952,44145
212855190,44143
212861400,44133
212867588,44125
212873778,44108
212880520,44099
212886764,44087
212893023,44074
212899219,44069
212904460,44065
212910662,44050
212916869,44043
212927586,44108
212933802,44105
212939924,44112
212946085,44112
212952329,43999
212958524,44117
212964757,44117
212970900,44112
212977066,44107
212983288,44105
212989457,44105
212995662,44104
213001867,44100
213008002,44110
213014180,44106
213020393,44109
213026565,44119
213032764,44120
213038168,44123
213044389,44121
213050565,44129
213055804,44128
213061979,44131
213068151,44130
213074344,44127
213080501,44129
213086720,44124
213093540,44129
213099797,44117
213105900,44116
213112001,44122
213118216,44119
213124436,44117
213130639,44117
213136867,44107
213143013,44115
213149198,44108
213155404,44107
213161607,44100
213167045,44098
213173207,44100
213179414,44092
213185575,44090
213190822,44079
213202398,44022
213208570,44016
213214743,44016
213220963,44015
213227140,44007
213233358,44004
213239527,44003
213245756,44004
213252032,43997
213258252,43994
213264496,43996
213270696,43996
213276903,44001
213283110,43993
213289359,43988
213295505,43981
213302317,43983
213308508,43974
213313657,43974
213319846,43967
213325301,43962
213336728,43921
213342889,43919
213349125,43922
213355292,43924
213361458,43916
213367676,43930
213373895,43925
213380058,43931
213386234,43933
213392445,43938
213398675,43940
213404878,43943
213410989,43943
213417191,43946
213423368,43954
213429532,43957
213435737,43958
213441179,43962
213447384,43964
213452587,43968
213458798,43967
213470492,44052
213476730,44059
213482985,44052
213489156,44062
213495368,44061
213501523,44060
213507682,44060
213514485,44060
213520652,44066
213526829,44057
213533022,44069
213539197,44070
213545415,44068
213551611,44075
213557780,44064
213563974,44078
213570182,44079
213575419,44084
213581628,44091
213587087,44091
213593304,44100
213604758,44153
213610938,44164
213617103,44162
213623292,44166
213629468,44165
213635689,44178
213641888,44168
213648074,44171
213654257,44176
213660416,44173
213666629,44180
213672859,44173
213678968,44176
213685132,44172
213691302,44175
213697478,44182
213703665,44173
213709855,44174
213716015,44157
213722093,44155
213728335,44145
213739361,43976
213745530,43978
213751673,43978
213757836,43980
213764003,43978
213770174,43979
213776397,43986
213782585,43980
213788776,43981
213795005,43977
213801180,43977
213807387,43979
213813524,43985
213819703,43971
213825892,43970
213832047,43965
213838247,43971
213844429,43974
213849658,43966
213855869,43962
213868675,43860
213874941,43860
213881145,43865
213887361,43856
213893563,43877
213899774,43867
213905986,43871
213912180,43867
213918364,43864
213924558,43867
213930837,43867
213937611,43868
213943872,43875
213950041,43870
213956227,43880
213962428,43883
213968589,43887
213974791,43883
213980222,43878
213986431,43887
213991604,43882
213997825,43889
214008783,43929
214014942,43932
214021128,43941
214027306,43940
214033494,43936
214039646,43945
214045828,43942
214052011,43948
214058188,43945
214064402,43950
214070546,43953
214076765,43960
214083040,43955
214089276,43958
214095498,43966
214101672,43971
214107898,43966
214114063,43976
214120295,43981
214126466,43983
214132688,43985
214143362,44029
214150111,44034
214156324,44031
214162482,44035
214168657,44041
214174863,44038
214180964,44035
214187154,44043
214193325,44045
214199562,44050
214205771,44048
214211935,44054
214218147,44046
214224348,44050
214230484,44053
214236714,44061
214242880,44059
214249005,44058
214254439,44061
214260583,44060
214266764,44054
214277401,44143
214283593,44151
214289817,44154
214295978,44152
214302143,44153
214308309,44151
214314487,44161
214320730,44166
214326906,44167
214333071,44167
214339254,44176
214345436,44175
214351659,44180
214358515,44189
214364707,44186
214370934,44197
214377050,44197
214383308,44199
214388756,44202
214394968,44206
214401162,44207
214411066,44252
214417288,44253
214423468,44243
214429611,44251
214435757,44242
214441925,44238
214448083,44226
214454290,44238
214460461,44239
214466645,44230
214472856,44229
214479072,44220
214485333,44220
214491570,44220
214497812,44222
214504064,44221
214510271,44213
214516487,44215
214522651,44203
214528840,44213
214535073,44209
214544983,44194
214551178,44199
214557380,44199
214563531,44197
214570332,44196
214576486,44193
214582635,44189
214588791,44188
214594970,44185
214601151,44179
214607383,44181
214613571,44177
214619771,44167
214625916,44172
214632131,44164
214638346,44150
214644488,44162
214650655,44154
214656843,44147
214663026,44150
214669206,44145
214679894,44182
214686076,44188
214692283,44185
214698475,44194
214704647,44190
214710804,44186
214716980,44186
214723194,44191
214729449,44190
214735586,44188
214741789,44197
214747990,44195
214754170,44204
214760397,44195
214766538,44196
214772685,44197
214779510,44194
214785658,44203
214791840,44197
214797069,44193
214803232,44199
214814853,44269
214819355,44270
214825534,44275
214831660,44282
214837797,44283
214843990,44282
214850164,44282
214856392,44283
214862550,44283
214868702,44288
214874915,44295
214881092,44292
214887325,44293
214893448,44299
214899611,44315
214905772,44305
214911946,44313
214918177,44316
214924418,44314
214930644,44326
214936872,44326
214943121,44326
214949368,44469
214953841,44472
214960052,44476
214966175,44474
214972406,44482
214978572,44475
214984712,44478
214991494,44490
214997656,44477
215003838,44483
215010034,44485
215016290,44493
215022513,44492
215028658,44485
215034840,44490
215041041,44492
215047268,44495
215053480,44490
215059601,44498
215065823,44490
215071012,44497
215077208,44503
215087903,44547
215093358,44551
215099497,44551
215112241,44550
215118438,44553
215124719,44564
215130929,44565
215137120,44568
215143328,44566
215149482,44569
215155672,44580
215161888,44578
215168052,44575
215174187,44589
215180444,44586
215186574,44589
215192755,44589
215198973,44603
215204177,44600
215210946,44608
215220897,44735
215227060,44741
215233215,44744
215239401,44749
215245553,44751
215251751,44760
215257879,44762
215263996,44757
215270194,44765
215276387,44759
215282593,44772
215288810,44779
215295011,44788
215301185,44790
215307366,44796
215313562,44801
215319752,44798
215325950,44804
215332102,44809
215337558,44806
215343747,44810
215355164,44819
215361375,44825
215367526,44804
215373708,44819
215379915,44813
215386044,44811
215392203,44812
215398414,44808
215404588,44815
215410819,44816
215417540,44805
215423759,44810
215429950,44807
215436112,44806
215442310,44800
215448489,44796
215454725,44794
215460966,44796
215467181,44794
215472685,44798
215478943,44791
215489594,44712
215495163,44712
215501372,44717
215507475,44712
215513595,44711
215519777,44711
215525950,44706
215532139,44702
215538351,44713
215544524,44696
215550684,44703
215556897,44701
215563086,44699
215569312,44699
215575500,44695
215581615,44706
215587756,44701
215593954,44698
215600156,44694
215606398,44698
215612528,44698
215623902,44693
215629171,44690
215635400,44693
215641561,44686
215647779,44682
215653927,44687
215660066,44681
215666214,44678
215672426,44681
215678624,44680
215684860,44682
215691076,44685
215697208,44688
215703357,44675
215709535,44689
215715758,44686
215721916,44674
215728107,44690
215734267,44687
215740475,44680
215745923,44683
215752107,44677
215758312,44658
215763494,44662
215769704,44674
215775891,44679
215782040,44672
215788192,44672
215794396,44680
215800553,44681
215806775,44681
215812959,44679
215819122,44675
215825322,44689
215831516,44690
215838313,44688
215844511,44689
215850714,44691
215856917,44693
215863030,44690
215869232,44692
215875466,44691
215880938,44696
215887144,44699
215897827,44724
215904022,44728
215910184,44716
215916401,44726
215922555,44726
215928747,44716
215934893,44723
215941125,44727
215947362,44715
215953545,44732
215959798,44733
215966033,44727
215972236,44740
215978436,44740
215984553,44736
215990711,44730
215996897,44737
216003078,44740
216009247,44744
216014529,44751
216020747,44742
216026956,44747
216033086,44798
216039257,44803
216044683,44815
216051492,44805
216057654,44817
216063817,44811
216070037,44814
216076234,44815
216082487,44817
216088675,44820
216094821,44824
216101025,44823
216107213,44827
216113429,44818
216119610,44820
216125792,44821
216132025,44825
216138197,44823
216144421,44828
216149620,44822
216155879,44827
216161998,44817
216172666,44843
216178114,44858
216184321,44855
216190508,44858
216196655,44858
216202823,44870
216209032,44865
216215296,44862
216221554,44875
216227796,44874
216234049,44875
216240288,44877
216246500,44877
216252693,44884
216259503,44893
216265637,44888
216271815,44887
216278010,44883
216284170,44882
216290410,44885
216296606,44889
216307971,44813
216312742,44811
216318891,44804
216325089,44803
216331244,44800
216337482,44800
216343613,44798
216356399,44803
216362626,44796
216368905,44789
216375085,44794
216381309,44800
216387513,44797
216393732,44788
216399928,44790
216406077,44792
216412268,44792
216418480,44798
216424685,44787
216436365,44784
216440804,44787
216446980,44782
216453127,44782
216459341,44774
216465543,44776
216471710,44772
216478529,44773
216484702,44772
216490945,44773
216497208,44766
216503451,44768
216509655,44768
216515810,44767
216521970,44773
216528135,44775
216534325,44771
216540520,44778
216546689,44777
216552877,44776
216558096,44777
216564270,44778
216570456,44721
216575848,44720
216581426,44723
216587575,44707
216593694,44718
216599871,44716
216606095,44719
216612328,44714
216618495,44706
216624620,44716
216630834,44714
216637010,44702
216643186,44703
216649364,44704
216655544,44707
216661684,44711
216667878,44712
216674071,44703
216680293,44702
216687113,44705
216692322,44704
216698492,44711
216704673,44707
216710919,44692
216717120,44688
216723299,44683
216729526,44690
216735740,44689
216741942,44693
216748111,44698
216754256,44689
216760440,44688
216766624,44686
216772849,44691
216779005,44686
216785190,44688
216791344,44687
216797563,44691
216803799,44684
216809993,44689
216816173,44679
216822395,44682
216827824,44672
216833998,44690
216845416,44720
216850208,44724
216856443,44723
216862640,44736
216868848,44732
216875093,44732
216881311,44729
216887511,44737
216894347,44732
216900503,44738
216906683,44738
216912870,44748
216919020,44746
216925189,44753
216931433,44745
216937620,44742
216943776,44745
216949974,44753
216956175,44762
216961455,44750
216967632,44761
216979305,44821
216984513,44827
216990728,44812
216996949,44823
217003126,44816
217009278,44818
217015473,44820
217021667,44823
217027845,44831
217034008,44824
217040156,44831
217046292,44835
217052478,44834
217058663,44829
217064897,44831
217071047,44828
217077198,44827
217083369,44829
217089538,44837
217095777,44833
217102591,44839
217114243,44852
217118699,44860
217124881,44849
217131067,44858
217137216,44853
217143448,44855
217149595,44856
217155809,44859
217162025,44855
217168212,44857
217174436,44855
217180586,44866
217186738,44864
217192946,44865
217199126,44868
217205324,44870
217211536,44871
217217700,44872
217223925,44865
217230144,44872
217236385,44876
217242625,44870
217248871,44760
217253356,44753
217259578,44760
217265751,44745
217271928,44747
217278132,44739
217284334,44735
217290505,44735
217296681,44736
217302820,44727
217309013,44736
217315830,44733
217322024,44724
217328219,44720
217334430,44719
217340598,44724
217346781,44722
217352974,44717
217359240,44723
217365448,44716
217370661,44713
217376860,44712
217383022,44663
217388451,44658
217394631,44659
217400806,44659
217406959,44644
217413149,44645
217419362,44647
217425557,44653
217431726,44647
217437910,44651
217444101,44651
217450282,44656
217456506,44655
217462716,44647
217468928,44657
217475126,44643
217481317,44654
217487512,44650
217493657,44652
217499830,44648
217505046,44650
217511198,44646
217522861,44591
217528663,44598
217534945,44601
217541136,44594
217547407,44594
217553656,44598
217559900,44595
217566104,44584
217572281,44594
217578477,44586
217584654,44591
217590890,44588
217603615,44593
217609802,44587
217616054,44588
217622258,44591
217628463,44593
217634695,44588
217640892,44597
217652447,44583
217657652,44581
217663131,44587
217669327,44583
217675537,44579
217681677,44581
217687844,44579
217694072,44580
217700220,44580
217706439,44569
217712585,44579
217718778,44574
217724945,44572
217731125,44578
217737305,44573
217744186,44574
217750424,44569
217756590,44576
217762796,44569
217769012,44572
217774182,44580
217780323,44576
217786507,44662
217791913,44664
217797115,44663
217803282,44667
217809480,44670
217815659,44659
217821905,44673
217828095,44669
217834281,44683
217840458,44680
217846631,44681
217852866,44688
217859006,44688
217865128,44694
217871346,44687
217877520,44690
217883698,44696
217889923,44700
217896068,44696
217902348,44703
217908562,44697
217914785,44704
217926583,44713
217932034,44715
217938194,44720
217944384,44720
217950568,44720
217957468,44721
217963620,44724
217969804,44717
217975990,44715
217982142,44712
217988293,44717
217994505,44712
218000645,44718
218006831,44721
218013105,44712
218019230,44705
218025438,44712
218031616,44709
218037813,44721
218043987,44714
218049208,44723
218060815,44710
218066051,44707
218072255,44715
218078448,44716
218084627,44715
218090850,44721
218097034,44712
218103218,44713
218109398,44721
218115575,44717
218121737,44710
218127951,44718
218134101,44721
218140262,44715
218146484,44710
218152678,44712
218158895,44716
218165782,44709
218171993,44709
218178191,44700
218183663,44696
218195051,44520
218200466,44514
218206699,44514
218212903,44508
218219090,44512
218225287,44510
218231512,44503
218237664,44506
218243843,44499
218250026,44494
218256214,44497
218262435,44496
218268615,44495
218274780,44491
218280988,44498
218287258,44488
218293534,44482
218299775,44481
218306041,44473
218312249,44471
218317516,44468
218329114,44397
218335284,44394
218341493,44399
218347038,44394
218353257,44395
218359458,44397
218365630,44402
218371793,44396
218378590,44394
218384769,44392
218390954,44400
218397158,44389
218403367,44391
218409572,44394
218415758,44393
218421893,44389
218428140,44389
218434341,44385
218440533,44392
218446737,44392
218451934,44394
218458060,44386
218464196,44371
218470404,44362
218475824,44367
218482068,44361
218488233,44363
218494481,44352
218500704,44359
218506887,44355
218513041,44362
218519194,44356
218525432,44357
218531565,44364
218537734,44356
218543923,44367
218550097,44357
218556250,44357
218562445,44352
218568623,44367
218574832,44349
218581022,44354
218586752,44362
218592941,44361
218604688,44334
218610161,44337
218616375,44331
218622569,44327
218628732,44330
218634900,44331
218641088,44330
218647257,44333
218653458,44333
218659572,44344
218665734,44335
218671933,44335
218678145,44328
218684392,44331
218690529,44339
218696683,44337
218702862,44335
218709027,44331
218715226,44341
218720445,44340
218726679,44343
218738380,44390
218744597,44387
218750826,44380
218757093,44387
218763292,44349
218769509,44386
218775661,44383
218781849,44391
218788033,44384
218794838,44392
218801050,44387
218807200,44389
218813446,44390
218819612,44396
218825781,44398
218831986,44391
218838171,44392
218850968,44398
218857191,44395
218868665,44420
218874913,44428
218880439,44435
218886649,44419
218891881,44424
218898099,44420
218904315,44420
218910546,44433
218916725,44437
218922937,44431
218929065,44433
218935252,44435
218941456,44433
218947639,44442
218953857,44437
218960081,44444
218966327,44441
218972567,44449
218978791,44448
218985003,44453
218990565,44448
219002224,44480
219008447,44484
219014613,44485
219020791,44484
219026986,44483
219033155,44492
219039398,44496
219045537,44495
219051735,44496
219057861,44499
219064064,44495
219070253,44494
219076462,44493
219082621,44494
219088781,44489
219094937,44490
219101141,44489
219107395,44481
219113574,44481
219119780,44474
219124972,44473
219136579,44320
219142748,44319
219147972,44312
219154114,44309
219160271,44312
219166480,44312
219171918,44302
219178072,44305
219184237,44306
219190443,44293
219196610,44301
219202797,44299
219208997,44287
219215165,44292
219222030,44290
219228202,44292
219234426,44281
219240607,44286
219246836,44270
219253044,44276
219259198,44275
219270659,44187
219276881,44194
219282353,44194
219288547,44195
219294705,44195
219300899,44201
219306115,44199
219312293,44192
219318467,44199
219324634,44193
219330801,44190
219336955,44187
219343091,44186
219349249,44187
219355446,44185
219361602,44178
219367798,44180
219373970,44171
219380123,44179
219386274,44171
219392472,44166
219398658,44172
219404878,44140
219411029,44128
219416481,44135
219422611,44132
219428765,44140
219435575,44133
219440762,44131
219446936,44133
219453081,44132
219459250,44139
219465459,44134
219471682,44143
219477899,44145
219484080,44139
219490263,44144
219496462,44145
219502635,44144
219508834,44140
219514999,44148
219521147,44151
219527328,44140
219533479,44145
219538917,44146
219545122,44156
219551351,44153
219557548,44154
219563717,44162
219569899,44162
219575092,44166
219581256,44160
219587423,44155
219593604,44160
219599822,44163
219606038,44171
219612183,44166
219618354,44171
219624533,44168
219630727,44172
219636946,44172
219643770,44177
219649954,44180
219656092,44175
219662282,44179
219668494,44176
219673922,44180
219685377,44242
219690807,44243
219697017,44239
219703220,44247
219709412,44242
219714594,44248
219720792,44248
219726975,44249
219733077,44254
219739258,44253
219745490,44250
219751706,44252
219757929,44261
219764074,44255
219770274,44261
219776511,44260
219782760,44259
219788980,44259
219795193,44259
219801413,44262
219807594,44263
219819324,44291
219825547,44293
219831751,44298
219837967,44301
219844208,44296
219849404,44297
219856204,44298
219862409,44301
219868553,44300
219874766,44298
219880962,44306
219887103,44301
219893268,44308
219899516,44312
219905734,44311
219911940,44311
219918123,44314
219924303,44318
219930486,44312
219936688,44323
219942918,44320
219953633,44367
219959868,44369
219965390,44375
219971626,44382
219977852,44374
219983066,44372
219989276,44374
219995473,44385
220001615,44386
220007820,44397
220014039,44395
220020237,44400
220026319,44404
220032535,44406
220038794,44414
220044973,44414
220051112,44413
220057285,44421
220063993,44424
220070204,44433
220076438,44434
220081876,44430
220088070,44303
220100881,44297
220107152,44298
220112385,44287
220118562,44283
220124724,44279
220130952,44273
220137083,44273
220143272,44275
220149468,44275
220155655,44274
220161899,44268
220168123,44261
220174315,44265
220180512,44265
220186673,44273
220192895,44264
220199070,44264
220205263,44266
220210738,44261
220222149,44225
220228365,44222
220233806,44219
220240000,44222
220246204,44221
220251409,44225
220257613,44222
220263840,44226
220270005,44232
220276118,44232
220282857,44233
220289068,44231
220295215,44229
220301444,44236
220307648,44237
220313871,44243
220320065,44231
220326250,44245
220332454,44231
220338602,44236
220344841,44231
220351002,44231
220357187,44199
220363371,44201
220368816,44194
220375037,44198
220381245,44196
220386486,44195
220392646,44198
220398830,44199
220404976,44195
220411107,44205
220417318,44200
220423505,44197
220429701,44205
220435909,44205
220442080,44210
220448267,44208
220454453,44214
220460636,44203
220466876,44213
220473016,44207
220479194,44203
220485394,44209
220497787,44238
220503271,44237
220509524,44239
220515708,44246
220520892,44242
220527023,44246
220533196,44252
220539381,44247
220545546,44248
220551773,44255
220558003,44250
220564160,44257
220570355,44253
220576571,44261
220582719,44263
220588888,44262
220595035,44259
220601220,44270
220607406,44257
220613585,44270
220619794,44278
220631476,44336
220637646,44332
220643835,44347
220649989,44341
220655184,44344
220661355,44352
220667542,44353
220673704,44358
220679903,44351
220686070,44356
220692235,44366
220698435,44367
220705239,44364
220711428,44372
220717570,44360
220723714,44377
220729920,44379
220736074,44382
220742234,44381
220748444,44377
220754637,44387
220765336,44454
220771537,44455
220776995,44466
220783174,44455
220789371,44453
220794583,44470
220800789,44473
220806997,44470
220813112,44467
220819298,44475
220825494,44467
220831670,44479
220837898,44474
220844060,44475
220850210,44480
220856396,44480
220862565,44479
220868730,44486
220874940,44490
220881085,44485
220887289,44490
220893517,44491
220899703,44534
220905883,44535
220912619,44534
220918891,44537
220925055,44529
220931197,44538
220937360,44531
220943526,44532
220949703,44533
220955944,44532
220962103,44545
220968275,44543
220974485,44548
220980633,44538
220986834,44549
220992965,44554
220999123,44559
221005326,44560
221011537,44556
221017731,44566
221023980,44531
221030167,44570
221040823,44478
221046981,44483
221052429,44471
221058572,44468
221064722,44479
221069924,44471
221076093,44466
221082293,44457
221088491,44462
221094661,44454
221100895,44451
221107051,44447
221113229,44452
221119432,44437
221126294,44432
221132464,44447
221138655,44444
221144820,44441
221150992,44443
221157213,44441
221163413,44444
221174045,44419
221180193,44409
221185604,44412
221191755,44413
221197914,44406
221204072,44413
221210261,44413
221216495,44410
221222678,44411
221228868,44411
221235066,44418
221241266,44412
221247475,44408
221253635,44418
221259789,44409
221265971,44421
221272147,44420
221278328,44423
221284540,44417
221290698,44417
221296879,44423
221302096,44413
221308342,44404
221314548,44404
221319939,44411
221326134,44407
221332295,44406
221345629,44406
221351870,44406
221358075,44409
221364262,44411
221370516,44415
221376693,44420
221382922,44421
221389115,44410
221395290,44415
221401512,44415
221407662,44418
221413844,44425
221420032,44424
221426235,44424
221431405,44428
221443036,44458
221449222,44461
221454436,44455
221460595,44462
221466832,44456
221472975,44461
221478330,44457
221484541,44461
221490689,44461
221496911,44458
221503117,44461
221509326,44458
221515553,44458
221521700,44462
221527879,44457
221534087,44456
221540258,44465
221546458,44462
221553321,44467
221559563,44465
221565731,44457
221570920,44465
221577109,44508
221583296,44512
221588717,44513
221594885,44518
221601078,44524
221607261,44517
221613469,44524
221619631,44525
221625754,44523
221631955,44521
221638151,44517
221644310,44524
221650511,44531
221656648,44532
221662756,44537
221668938,44534
221675127,44536
221681320,44542
221687519,44535
221693687,44542
221699839,44536
221705020,44544
221711184,44541
221717419,44580
221722849,44574
221729008,44579
221735191,44575
221741386,44579
221747565,44585
221753777,44582
221759966,44584
221766699,44582
221772829,44585
221779013,44578
221785225,44587
221791421,44587
221797614,44595
221803777,44592
221809918,44585
221816150,44593
221822369,44590
221828552,44595
221834681,44592
221839909,44593
221846055,44597
221857000,44641
221863184,44642
221869372,44639
221875556,44647
221881691,44647
221887878,44650
221894049,44647
221900231,44645
221906452,44650
221912642,44645
221918804,44646
221925003,44653
221931138,44663
221937314,44657
221943523,44671
221949626,44666
221955801,44660
221962036,44672
221968252,44665
221974094,44669
221980258,44674
221991220,44580
221997419,44581
222003589,44566
222009729,44572
222015910,44563
222022129,44560
222028374,44554
222034611,44554
222040769,44544
222046928,44544
222053103,44544
222059302,44538
222065545,44538
222071656,44536
222077839,44534
222084082,44537
222090276,44534
222096483,44535
222102650,44529
222107894,44520
222114048,44523
222125023,44463
222131222,44465
222137413,44468
222143591,44470
222149755,44463
222155964,44468
222162143,44470
222168389,44471
222174611,44474
222181420,44471
222187602,44475
222193781,44475
222199938,44473
222206092,44474
222212262,44473
222218488,44473
222224621,44469
222230767,44466
222236973,44477
222242192,44474
222248412,44474
222259401,44426
222265581,44437
222271734,44425
222277908,44437
222284064,44432
222290241,44436
222296456,44465
222302655,44435
222308892,44443
222315067,44442
222321226,44450
222327455,44437
222333600,44444
222339781,44450
222345966,44442
222352160,44442
222358322,44445
222364557,44445
222370697,44450
222375944,44447
222382115,44452
222388298,44456
222394305,44452
222400517,44457
222406647,44445
222412803,44446
222418976,44457
222425171,44460
222431383,44457
222437582,44454
222443727,44460
222449954,44461
222455177,44460
222461351,44463
222467547,44464
222473721,44456
222479932,44463
222486102,44465
222492263,44466
222498469,44455
222504629,44457
222510864,44457
222517045,44460
222523217,44462
222533831,44549
222539977,44555
222546092,44554
222552263,44555
222558457,44564
222564637,44559
222570847,44563
222577026,44561
222589033,44570
222595223,44570
222601444,44571
222608216,44568
222614430,44573
222620624,44571
222626836,44583
222633025,44578
222639224,44580
222645432,44583
222651633,44587
222662611,44610
222668792,44616
222675011,44619
222681197,44618
222687452,44624
222693624,44619
222699828,44618
222706014,44629
222712242,44633
222718466,44628
222723646,44635
222729863,44628
222736051,44637
222742153,44636
222748337,44641
222754561,44634
222760738,44644
222767000,44647
222773201,44644
222779418,44643
222784855,44652
222791028,44648
222801615,44681
222807766,44682
222813946,44682
222820713,44681
222826857,44686
222833060,44687
222839263,44687
222845480,44690
222851725,44691
222857886,44693
222864062,44696
222870241,44698
222876446,44696
222882621,44705
222888722,44698
222894865,44709
222901056,44710
222907236,44710
222913433,44719
222919619,44718
222925774,44714
222936417,44705
222942572,44700
222948729,44699
222954957,44693
222961158,44685
222967386,44671
222973599,44671
222979732,44671
222985931,44659
222992134,44653
222997330,44647
223003514,44647
223009695,44640
223015903,44638
223022102,44628
223028948,44626
223035129,44628
223041333,44620
223047503,44613
223053697,44614
223059145,44609
223069781,44567
223075960,44567
223082148,44555
223088320,44549
223094531,44560
223100746,44559
223106939,44556
223113140,44553
223119308,44554
223125529,44548
223131700,44549
223136898,44551
223143045,44545
223149165,44543
223155328,44544
223161508,44542
223167705,44544
223173953,44537
223180087,44548
223186286,44538
223192463,44535
223197905,44535
223208586,44508
223214718,44509
223220885,44504
223227054,44489
223233236,44501
223240024,44498
223246232,44496
223252485,44495
223258627,44485
223264743,44483
223269972,44478
223276162,44483
223282326,44476
223288505,44477
223294676,44476
223300895,44477
223307072,44473
223313200,44476
223319422,44472
223325592,44471
223331034,44471
223341663,44335
223347800,44327
223353983,44311
223360178,44300
223366390,44296
223372599,44271
223378785,44259
223384980,44239
223391143,44218
223397317,44196
223403563,44176
223408724,44146
223414953,44120
223421103,44087
223427312,44037
223433517,43992
223439703,43933
223445967,43875
223452843,43812
223459029,43742
223465114,43655
223474937,40670
223481110,40632
223487241,40605
223493444,40587
223499637,40592
223505904,40601
223512080,40617
223518203,40647
223524357,40672
223530568,40721
223536748,40775
223542954,40823
223549078,40903
223555251,40977
223561479,41056
223567690,41154
223573904,41238
223580084,41332
223586273,41419
223592428,41515
223598606,41621
223604053,41716
223609256,43509
223615439,43518
223621603,43526
223627789,43551
223634014,43557
223640160,43568
223646380,43570
223652588,43576
223659269,43578
223665516,43588
223671685,43588
223677913,43599
223683360,43603
223689565,43607
223695707,43616
223701852,43613
223708031,43631
223714217,43627
223720427,43642
223726583,43642
223732722,43641
223737944,43651
223743401,43651
223749612,43780
223755786,43779
223761976,43788
223768167,43789
223774329,43793
223780573,43802
223786772,43795
223792956,43808
223799206,43810
223805407,43815
223811621,43820
223817834,43816
223830622,43824
223836795,43819
223843030,43818
223849256,43828
223855473,43831
223861631,43839
223866831,43835
223872287,43859
223884319,43925
223890501,43926
223896688,43925
223902925,43914
223909091,43913
223915288,43907
223921500,43900
223927674,43900
223933869,43900
223940046,43894
223946174,43888
223952330,43880
223957754,43875
223963955,43871
223970126,43865
223976275,43868
223982529,43868
223988706,43853
223994864,43866
224001033,43856
224005601,43852
224011805,43855
224017953,43868
224024117,43869
224030288,43853
224036483,43861
224042668,43860
224048916,43862
224055051,43856
224061225,43860
224067419,43860
224073622,43861
224079754,43862
224086578,43869
224092091,43869
224098324,43867
224104561,43878
224110666,43882
224116872,43894
224123054,43900
224129255,43907
224135449,43908
224140022,43918
224146159,43917
224157814,44080
224163969,44089
224170162,44093
224176340,44088
224182585,44084
224188713,44085
224194856,44084
224201017,44087
224207181,44088
224213314,44092
224219536,44092
224225697,44085
224231890,44090
224238090,44086
224244258,44092
224250483,44089
224256640,44096
224262720,44109
224268905,44102
224274083,44089
224280222,44093
224286369,44083
224292553,44109
224299339,44106
224305539,44103
224311698,44110
224317902,44109
224324045,44106
224330188,44109
224336386,44103
224342540,44109
224348694,44107
224354866,44103
224361049,44093
224366472,44102
224372655,44098
224378837,44094
224385023,44095
224391219,44094
224397359,44093
224403552,44091
224408721,44094
224414194,44090
224420419,44089
224431852,44092
224438059,44092
224444209,44091
224450384,44088
224456602,44091
224462762,44090
224468966,44095
224475090,44092
224481215,44089
224487379,44090
224493602,44088
224499789,44087
224505893,44091
224512114,44087
224518271,44090
224524489,44088
224530645,44091
224536849,44084
224542355,44096
224548528,44091
224554711,44089
224566109,44089
224572279,44087
224578486,44094
224584662,44093
224590911,44088
224597075,44091
224603233,44088
224609375,44096
224615556,44090
224621740,44090
224627948,44094
224634117,44088
224639521,44094
224645665,44093
224651838,44094
224658070,44093
224664240,44099
224670445,44095
224675641,44098
224681854,44084
224688066,44094
224694231,44096
224700399,44098
224706595,44092
224712786,44097
224719631,44095
224725871,44097
224732082,44094
224738209,44100
224744390,44101
224750574,44105
224756763,44104
224763004,44101
224769223,44112
224774679,44102
224780887,44112
224787059,44100
224793263,44102
224799455,44104
224805612,44110
224810779,44099
224816997,44102
224823115,44095
224828549,44094
224834706,44088
224840876,44000
224847064,43998
224853225,44001
224859464,43988
224865671,43999
224871873,43994
224878030,43996
224884214,43996
224890411,43999
224896645,43992
224902844,44001
224909005,43991
224915180,43991
224921347,43991
224928201,43979
224934413,43986
224940620,43988
224945804,43972
224951988,43977
224958196,43970
224963608,43969
224974993,43922
224981129,43925
224987309,43925
224993490,43921
224999656,43916
225005850,43925
225012039,43922
225018253,43923
225024394,43920
225030577,43915
225036786,43921
225043000,43914
225049206,43913
225055404,43909
225061578,43915
225074380,43908
225080588,43913
225086824,43902
225092328,43903
225098573,43903
225104704,43866
225110907,43865
225117114,43862
225123292,43856
225129511,43854
225135691,43856
225141868,43856
225148656,43853
225154822,43857
225161005,43852
225167219,43856
225173423,43859
225179631,43853
225184825,43857
225191014,43858
225197163,43859
225203303,43854
225209506,43865
225214954,43859
225221165,43858
225226353,43863
225232566,43871
225238762,43875
225244980,43866
225251154,43867
225257344,43870
225263539,43869
225269700,43863
225275904,43864
225282113,43860
225288229,43858
225294414,43862
225300652,43849
225306844,43854
225313016,43854
225319171,43855
225325350,43851
225331545,43842
225337717,43845
225343895,43849
225349337,43841
225356181,43847
225361361,43840
225367549,43845
225379116,43698
225385305,43696
225391540,43691
225397705,43701
225403891,43696
225410046,43699
225416226,43697
225422411,43694
225428622,43705
225434800,43704
225440970,43714
225447136,43719
225453323,43720
225459522,43734
225465710,43745
225471876,43757
225478054,43763
225483277,43765
225489470,43776
225495666,43786
225501845,43785
225513537,43917
225519687,43925
225525883,43924
225532096,43913
225538290,43921
225544467,43922
225550630,43922
225556763,43919
225562949,43920
225569719,43911
225575947,43919
225582125,43911
225588281,43912
225594539,43901
225599696,43902
225605900,43896
225612073,43903
225618243,43897
225624407,43896
225630595,43893
225636023,43885
225647400,43687
225653614,43692
225659791,43691
225666015,43690
225672179,43684
225678339,43686
225684503,43688
225690684,43683
225696925,43701
225703085,43695
225709281,43705
225715496,43703
225721669,43715
225727885,43711
225734070,43727
225740176,43719
225746343,43718
225752522,43718
225758692,43731
225764865,43730
225770350,43733
225782522,43853
225788779,43865
225795014,43865
225801148,43877
225807400,43879
225813561,43873
225819747,43878
225826012,43881
225832197,43883
225838391,43878
225844605,43883
225850808,43889
225857069,43885
225863285,43890
225869487,43894
225874880,43889
225881054,43896
225887254,43885
225893496,43901
225899686,43882
225904903,43892
225916571,43953
225922778,43951
225928995,43961
225935184,43966
225941351,43956
225947540,43965
225953714,43971
225959853,43971
225966029,43976
225972224,43964
225978437,43969
225984644,43977
225991518,43977
225997667,43975
226003797,43972
226009993,43981
226016169,43970
226021348,43988
226027569,43976
226033734,43984
226039195,43984
226050634,44052
226056802,44053
226063005,44057
226069133,44068
226075303,44053
226081480,44066
226087641,44063
226093874,44071
226100070,44078
226106255,44087
226112455,44086
226118604,44088
226124816,44096
226131019,44085
226137132,44086
226143313,44092
226149491,44100
226155664,44100
226161869,44110
226168081,44107
226173524,44117
226179679,44120
226185869,44183
226192076,44182
226198905,44190
226205079,44189
226211286,44188
226217452,44196
226223648,44195
226229818,44193
226235991,44199
226242230,44204
226248461,44202
226254658,44203
226260841,44208
226267020,44205
226273213,44202
226279384,44200
226285619,44199
226290776,44204
226296232,44195
226302445,44204
226307652,44205
226320427,44199
226326658,44202
226332961,44191
226339171,44195
226345356,44198
226351547,44188
226357744,44188
226363961,44186
226370098,44187
226376299,44183
226382525,44185
226388737,44176
226395000,44167
226401205,44161
226407379,44157
226414207,44161
226420449,44154
226425888,44151
226432049,44152
226437284,44150
226443453,44149
226455066,44096
226461282,44105
226467479,44098
226473651,44100
226479812,44101
226486025,44103
226492195,44100
226498358,44089
226504552,44101
226510715,44098
226516894,44092
226523117,44085
226529313,44097
226535523,44090
226541647,44084
226547789,44090
226553973,44087
226559187,44073
226564624,44085
226570780,44072
226575999,44071
226582139,44066
226588320,44007
226594515,44000
226600756,44003
226606980,44000
226613126,44004
226619297,43998
226626017,43999
226632213,44004
226638388,44001
226644576,43999
226650755,43992
226656985,43992
226663141,43990
226669305,43990
226675509,43990
226681693,43996
226687896,43989
226694070,43989
226699464,43985
226705619,43988
226710797,43991
226716999,43987
226728581,44032
226734748,44040
226740909,44036
226747062,44046
226753257,44042
226759434,44052
226765616,44053
226771777,44049
226777971,44054
226784162,44056
226790333,44057
226796549,44060
226802714,44051
226808863,44072
226815030,44068
226821249,44074
226827489,44068
226832699,44074
226839551,44075
226844982,44074
226851156,44081
226862560,44097
226868732,44106
226874927,44115
226881103,44120
226887259,44117
226893404,44119
226899589,44113
226905791,44124
226911979,44140
226918156,44128
226924358,44129
226930559,44136
226936719,44129
226942925,44133
226949073,44130
226955169,44137
226961329,44127
226967541,44128
226973744,44130
226979214,44138
226985406,44135
226991604,44131
226997731,44128
227003898,44134
227010057,44133
227016232,44141
227022397,44151
227028612,44154
227034814,44149
227041019,44146
227047715,44159
227053910,44154
227060086,44157
227066264,44155
227072504,44165
227078658,44174
227084840,44171
227091021,44180
227097221,44179
227103451,44180
227107920,44183
227113375,44182
227119577,44178
227125718,44181
227131866,44250
227138066,44250
227144210,44247
227150406,44244
227156597,44244
227162717,44238
227168922,44227
227175094,44215
227181337,44213
227187562,44207
227193719,44200
227199846,44190
227206042,44181
227212268,44175
227218481,44158
227224639,44149
227230807,44145
227236952,44132
227242174,44116
227246952,44105
227253161,44100
227259978,44096
227271348,44049
227277546,44053
227283715,44049
227289939,44055
227296113,44050
227302297,44054
227308505,44049
227314716,44057
227320950,44056
227327113,44048
227333318,44049
227339485,44048
227345654,44046
227351824,44049
227358002,44045
227364188,44049
227370377,44047
227376587,44049
227381267,44054
227387465,44043
227393672,44042
227399804,44049
227405950,44181
227412129,44195
227418321,44197
227424573,44201
227430799,44200
227437062,44202
227443310,44200
227449574,44206
227455841,44218
227462074,44227
227468936,44229
227475138,44223
227481301,44227
227487512,44226
227493711,44237
227499930,44230
227506118,44232
227511370,44236
227516784,44233
227521983,44230
227528149,44238
227534303,44235
227545944,44151
227552086,44151
227564839,44146
227571097,44151
227577336,44146
227583571,44149
227589848,44157
227596113,44161
227602357,44158
227608640,44165
227614870,44160
227621074,44159
227627258,44154
227633468,44164
227639703,44159
227645113,44159
227651292,44166
227657507,44163
227663728,44161
227675079,44181
227681238,44181
227688085,44185
227694226,44180
227700409,44183
227706605,44197
227712768,44196
227719008,44195
227725242,44193
227731434,44201
227737647,44201
227743836,44205
227750058,44211
227756174,44226
227762367,44220
227768578,44222
227774744,44227
227780179,44233
227785363,44246
227791574,44254
227797795,44254
227809474,44395
227815640,44394
227821755,44404
227827934,44400
227834133,44399
227840316,44406
227846510,44404
227852688,44403
227858861,44413
227865073,44403
227871291,44416
227877475,44404
227883658,44423
227889777,44412
227896572,44408
227902735,44422
227908898,44409
227914115,44410
227919607,44413
227925776,44410
227931962,44417
227938210,44413
227944413,44457
227950623,44453
227956778,44466
227962975,44475
227969196,44483
227975375,44492
227981591,44487
227987761,44507
227993950,44513
228000112,44517
228006308,44524
228012530,44525
228018739,44522
228024907,44533
228031076,44540
228037275,44540
228043457,44549
228048683,44556
228054125,44551
228060329,44560
228066576,44561
228072743,44569
228084163,44469
228090320,44465
228096526,44461
228103269,44448
228109523,44453
228115711,44445
228121927,44440
228128095,44433
228134232,44422
228140455,44413
228146633,44406
228152826,44404
228159023,44404
228165198,44396
228171398,44395
228177586,44406
228183034,44399
228189248,44395
228195413,44399
228201608,44398
228206805,44394
228218481,44367
228224667,44359
228230785,44357
228236950,44363
228243145,44367
228249349,44359
228255584,44360
228261763,44350
228267952,44355
228274154,44359
228280343,44359
228286539,44363
228292689,44361
228298838,44367
228305037,44366
228311249,44380
228317116,44383
228323297,44384
228328752,44388
228334980,44392
228341152,44403
228346341,44411
228352585,44498
228358733,44488
228364927,44497
228371143,44487
228377314,44487
228383518,44484
228389669,44473
228395888,44478
228402096,44468
228408248,44479
228414406,44475
228420656,44467
228426845,44472
228433025,44465
228439182,44464
228445365,44472
228450864,44452
228457030,44449
228463203,44454
228469361,44453
228475565,44447
228480770,44443
228492444,44312
228498646,44306
228504770,44305
228510971,44319
228517159,44317
228523347,44312
228530212,44312
228536390,44321
228542611,44328
228548744,44331
228554919,44329
228561091,44338
228567289,44333
228573535,44339
228579736,44331
228584993,44343
228591148,44343
228597332,44338
228602742,44358
228608906,44352
228615083,44354
228626495,44408
228632686,44411
228638896,44411
228645099,44414
228651266,44421
228657451,44419
228663654,44430
228669809,44421
228676033,44427
228682167,44430
228688304,44431
228694514,44434
228700725,44444
228706933,44441
228713154,44443
228719318,44445
228725486,44442
228731688,44454
228737851,44458
228744049,44458
228750234,44463
228761031,44453
228767177,44459
228773382,44445
228779599,44446
228785784,44453
228791936,44448
228798120,44452
228810873,44447
228817110,44451
228823331,44447
228829535,44444
228835730,44436
228841972,44432
228848129,44438
228854301,44430
228860510,44435
228866714,44436
228872888,44429
228879103,44424
228884518,44425
228890713,44444
228896913,44452
228903068,44455
228909235,44462
228915391,44463
228921590,44481
228927776,44479
228933942,44477
228940111,44489
228946264,44479
228953041,44486
228959245,44488
228965422,44485
228971664,44486
228977867,44487
228984017,44501
228990301,44492
228995512,44497
229000918,44498
229007104,44498
229013261,44500
229023850,44650
229030012,44649
229036138,44647
229042336,44640
229048570,44643
229054732,44643
229060905,44640
229067092,44639
229073280,44638
229079417,44629
229085635,44635
229091799,44629
229097971,44624
229104149,44620
229110373,44627
229116613,44616
229122800,44619
229128995,44627
229135200,44618
229141361,44626
229147607,44621
229153797,44632
229160606,44652
229166780,44654
229172972,44659
229179148,44655
229185339,44659
229191584,44649
229197786,44644
229203955,44646
229210135,44644
229216335,44638
229222520,44645
229228704,44627
229234852,44625
229241017,44630
229247240,44613
229253392,44622
229259626,44618
229264837,44619
229271068,44606
229276544,44605
229282681,44596
229294071,44570
229299450,44570
229305648,44567
229311865,44574
229318111,44575
229324281,44571
229330502,44573
229336680,44569
229342816,44560
229349007,44566
229355200,44563
229361365,44555
229367582,44565
229374389,44557
229380613,44564
229386798,44567
229392974,44567
229398159,44570
229404373,44566
229409778,44569
229415974,44568
229422159,44561
229428324,44531
229433535,44521
229439723,44525
229445949,44528
229452132,44529
229458308,44526
229464523,44528
229470715,44523
229476933,44522
229483098,44523
229489221,44520
229495362,44520
229501540,44526
229507715,44526
229513917,44520
229520135,44523
229526290,44525
229532494,44517
229538690,44525
229544102,44522
229550307,44522
229556539,44522
229567974,44411
229574132,44406
229580870,44409
229587161,44408
229593356,44404
229599536,44401
229605708,44399
229611864,44389
229618035,44393
229624192,44398
229630386,44400
229636587,44399
229642765,44401
229648970,44408
229655192,44396
229661393,44396
229667580,44401
229673000,44398
229679146,44408
229685336,44407
229691546,44407
229702928,44462
229709159,44463
229715311,44466
229721508,44466
229727715,44469
229733933,44476
229740120,44474
229746241,44473
229752431,44476
229758610,44473
229764770,44470
229770969,44473
229777137,44477
229783318,44480
229790014,44473
229796244,44479
229802415,44481
229807888,44476
229813072,44472
229819212,44480
229825406,44483
229837053,44513
229843212,44510
229849409,44507
229855629,44507
229861783,44512
229867994,44517
229874135,44516
229880302,44519
229886487,44526
229892661,44525
229898823,44534
229904984,44539
229911184,44529
229917329,44535
229923503,44535
229929705,44532
229935859,44541
229941029,44550
229947165,44553
229953307,44549
229959457,44551
229965618,44550
229971822,44637
229978043,44640
229983480,44644
229989717,44658
229995884,44657
230002707,44666
230008853,44666
230015020,44684
230021208,44680
230027373,44687
230033591,44685
230039739,44697
230045885,44701
230058667,44707
230064865,44708
230070495,44709
230076727,44719
230082165,44719
230088338,44730
230094549,44730
230100722,44658
230106891,44657
230113068,44658
230119284,44655
230125526,44645
230131720,44646
230137929,44645
230144128,44652
230150322,44642
230156512,44645
230162670,44644
230168815,44647
230175007,44649
230181220,44645
230187395,44645
230193615,44642
230199735,44646
230204917,44646
230211091,44654
230217137,44652
230223373,44652
230229577,44640
230240936,44708
230247125,44708
230253287,44708
230259493,44714
230265675,44717
230271866,44717
230278052,44724
230284203,44726
230290383,44728
230296562,44730
230302739,44724
230308981,44732
230315152,44731
230321398,44738
230327581,44732
230333775,44735
230339204,44729
230345355,44727
230351565,44728
230357722,44730
230363888,44715
230375288,44626
230381471,44625
230387648,44630
230393054,44622
230399249,44613
230405480,44608
230411689,44611
230417868,44602
230423994,44604
230430746,44600
230436923,44598
230443091,44598
230449278,44602
230455502,44593
230461698,44590
230467821,44590
230474035,44583
230480228,44585
230486418,44575
230491646,44565
230497796,44568
230509437,44492
230515647,44489
230521852,44489
230528012,44484
230533271,44485
230539480,44488
230545693,44491
230551891,44466
230558073,44465
230564173,44469
230570316,44470
230576522,44455
230582699,44464
230588858,44457
230595078,44465
230601200,44458
230607388,44459
230613581,44453
230619741,44446
230625165,44441
230631375,44444
230638188,44441
230644362,44481
230650564,44475
230656718,44478
230662875,44479
230668055,44478
230674207,44474
230680388,44475
230686581,44481
230692770,44478
230698985,44473
230705172,44466
230711350,44476
230717562,44468
230723741,44468
230729977,44479
230736165,44466
230742329,44461
230748569,44471
230754002,44474
230760189,44464
230766345,44469
230772542,44469
230783964,44521
230790160,44525
230796380,44516
230801819,44527
230808003,44524
230814210,44532
230820357,44528
230826562,44535
230832732,44528
230838877,44527
230845062,44522
230851873,44533
230858033,44530
230864228,44528
230870385,44533
230876544,44531
230882716,44519
230887892,44526
230894107,44529
230899558,44529
230905731,44530
230911897,44520
230918094,44523
230924255,44520
230930427,44520
230936636,44526
230942767,44523
230948920,44527
230955077,44528
230961253,44534
230967475,44534
230973692,44529
230979834,44533
230986040,44543
230992216,44542
230998395,44539
231004628,44550
231010777,44555
231016923,44550
231022143,44550
231028314,44549
231033745,44560
231039898,44563
231046088,44558
231058046,44432
231064261,44421
231070469,44421
231076634,44410
231082822,44401
231089021,44397
231095186,44388
231101364,44378
231107578,44377
231113727,44363
231119937,44362
231126140,44352
231132260,44351
231138451,44329
231144654,44319
231150830,44311
231157077,44310
231163209,44295
231168680,44288
231174878,44287
231181045,44279
231192433,44097
231198617,44106
231204842,44093
231211056,44094
231216436,44098
231222631,44092
231228781,44101
231234920,44104
231241115,44105
231247310,44096
231253521,44093
231259723,44097
231265887,44088
231272733,44086
231278898,44093
231285063,44077
231291220,44070
231303996,44082
231310162,44075
231321871,44018
231328037,44010
231334235,44005
231340417,44009
231346633,44003
231352788,44003
231358943,43999
231365146,43998
231371342,44001
231377545,43998
231383751,44003
231389933,44002
231396132,43995
231402326,43993
231408539,43995
231414711,43996
231420851,43988
231427018,43988
231432235,43981
231437680,43986
231443807,43978
231449993,44019
231456172,43863
231462384,43864
231468635,43855
231474793,43855
231480922,43858
231486738,43858
231492962,43855
231499172,43863
231505270,43871
231511474,43866
231517675,43865
231523910,43873
231530094,43878
231536235,43880
231542452,43884
231548639,43879
231554803,43887
231561048,43890
231566455,43881
231572651,43895
231578787,43890
231584974,43894
231596406,43867
231602593,43867
231608777,43868
231614970,43868
231621160,43867
231626561,43862
231632726,43862
231638920,43867
231645095,43865
231651260,43869
231657455,43869
231663667,43871
231669809,43877
231675985,43876
231682133,43885
231688352,43873
231695149,43885
231700342,43884
231706489,43882
231712683,43889
231718887,43877
231730585,43951
231736772,43955
231742940,43949
231749089,43959
231755312,43954
231760511,43951
231766681,43958
231772879,43968
231779104,43962
231785263,43962
231791447,43960
231797658,43957
231803843,43963
231810073,43972
231816238,43972
231822420,43984
231828583,43977
231834787,43983
231840998,43984
231846426,43980
231852644,43991
231864043,44061
231870213,44060
231876373,44068
231882544,44075
231888709,44073
231894863,44076
231901063,44075
231907906,44081
231914125,44080
231920317,44082
231926527,44092
231932744,44097
231938940,44098
231945145,44098
231951307,44110
231957475,44103
231963656,44108
231969102,44115
231975299,44116
231980527,44112
231986740,44125
231992978,44125
231999163,44155
232005364,44156
232011577,44166
232017751,44158
232023955,44161
232030129,44165
232035488,44172
232041688,44171
232047839,44162
232054018,44165
232060209,44170
232066406,44168
232072632,44175
232078798,44171
232084961,44179
232091138,44176
232097346,44185
232103536,44183
232109729,44193
232115561,44192
232121771,44187
232128011,44190
232139646,44091
232145808,44092
232151968,44086
232158150,44076
232164364,44077
232169610,44074
232175822,44063
232182022,44066
232188200,44065
232194372,44057
232200545,44048
232206722,44042
232212895,44045
232219094,44047
232225218,44040
232231373,44039
232237568,44038
232243007,44033
232249192,44027
232254441,44032
232260667,44025
232266825,44024
232273074,43981
232279238,43982
232285432,43982
232291596,43982
232297756,43976
232303958,43972
232309402,43972
232315624,43974
232321794,43974
232328562,43966
232334752,43969
232340905,43965
232347061,43969
232353240,43959
232359420,43962
232365644,43951
232371802,43950
232378002,43959
232384241,43950
232390428,43955
232396662,43946
232402846,43949
232414167,43933
232420324,43941
232426502,43947
232432676,43942
232438865,43942
232444358,43940
232450547,43949
232456723,43949
232462857,43945
232469034,43947
232475228,43937
232481378,43950
232487588,43948
232493733,43948
232499930,43947
232506109,43953
232512327,43955
232518527,43967
232523735,43962
232529949,43968
232536745,43967
232549764,43965
232555977,43956
232562199,43962
232568394,43962
232573597,43962
232579769,43956
232585999,43967
232592229,43954
232598407,43953
232604644,43955
232610824,43960
232617037,43953
232623182,43942
232629362,43956
232635575,43954
232641722,43961
232647126,43963
232653324,43951
232659534,43961
232665708,43966
232671816,43965
232683164,44038
232689278,44048
232695469,44038
232701668,44041
232707826,44044
232714030,44036
232720198,44041
232726353,44042
232732525,44033
232738719,44041
232744901,44037
232751753,44031
232757977,44041
232764169,44033
232770333,44032
232776525,44029
232781968,44027
232788185,44037
232793409,44031
232799593,44025
232805784,44029
232817448,44060
232823646,44059
232829824,44060
232835934,44067
232842087,44063
232848263,44070
232854421,44078
232860666,44077
232866842,44076
232873016,44081
232879175,44081
232885362,44082
232891537,44081
232897739,44080
232903872,44092
232910040,44085
232916185,44084
232922404,44087
232927618,44083
232933830,44090
232940036,44085
232951639,44110
232957807,44108
232964608,44110
232970747,44106
232976945,44112
232983135,44113
232989310,44107
232995463,44103
233001667,44109
233007820,44108
233013993,44105
233020184,44114
233026345,44111
233032534,44122
233038749,44121
233044915,44130
233050102,44128
233056237,44133
233061682,44134
233067865,44140
233074082,44147
233085436,44100
233091610,44093
233097823,44091
233104011,44083
233110170,44082
233116335,44075
233122593,44071
233128773,44057
233134946,44060
233141153,44049
233147324,44048
233153488,44038
233159699,44032
233165883,44034
233172712,44029
233179009,44028
233185213,44017
233191366,44015
233196793,44014
233202919,44021
233209111,44012
233220516,43942
233226700,43940
233232897,43939
233239105,43943
233245260,43939
233251417,43935
233257579,43933
233263036,43924
233269243,43927
233275439,43922
233281679,43917
233287834,43911
233293985,43908
233300162,43911
233306346,43904
233312545,43904
233318745,43902
233323955,43899
233330166,43891
233335610,43889
233341743,43886
233347903,43881
233354090,43822
233360250,43825
233366425,43817
233372655,43825
233378848,43818
233385682,43819
233391853,43818
233398036,43819
233404268,43820
233410421,43824
233416661,43828
233422809,43820
233428965,43823
233435185,43821
233441383,43832
233447613,43832
233453781,43829
233459965,43829
233466166,43829
233472335,43829
233478493,43832
233484684,43828
233490818,43839
233497000,43830
233503140,43844
233509338,43835
233515529,43833
233521751,43841
233527925,43841
233534091,43842
233539304,43837
233545506,43842
233551681,43840
233557834,43845
233564049,43838
233570199,43841
233576348,43835
233582552,43840
233588751,43837
233594887,43847
233600361,43834
233606599,43840
233612764,43837
233618937,43842
233630272,43884
233636425,43889
233642609,43889
233648791,43890
233655001,43889
233661141,43890
233667283,43895
233673467,43894
233679634,43891
233685837,43895
233692030,43904
233698186,43898
233704307,43896
233710478,43901
233716676,43897
233722887,43910
233728372,43910
233734573,43906
233740742,43903
233746890,43909
233753063,43907
233759276,43898
233765424,43963
233771656,43963
233777818,43961
233790627,43970
233796847,43968
233803082,43972
233809784,43974
233815957,43974
233822109,43976
233828277,43980
233834443,43977
233840656,43984
233846852,43981
233853034,43983
233858261,43993
233864429,43989
233869882,43989
233876097,44002
233882299,43991
233888549,43994
233894733,44017
233900863,44017
233907035,44032
233913203,44023
233919360,44023
233925575,44026
233931742,44032
233937918,44032
233943068,44028
233949232,44034
233955400,44042
233961573,44045
233967741,44052
233973865,44051
233980092,44058
233986290,44061
233992474,44066
233998681,44076
234004166,44070
234010336,44070
234016492,44082
234023335,44086
234034776,44130
234040991,44128
234047195,44116
234053401,44114
234059601,44119
234065777,44123
234072014,44130
234078179,44124
234084296,44126
234090447,44134
234096653,44131
234102822,44129
234109034,44136
234115198,44130
234121383,44127
234126828,44131
234133041,44137
234138253,44125
234144421,44121
234150617,44127
234156778,44130
234168456,44029
234174656,44026
234180794,44019
234186953,44022
234193154,44020
234199321,44010
234205547,44015
234211751,44017
234217879,44009
234223106,44007
234229861,43998
234236129,43997
234242343,43997
234248572,43990
234254761,43987
234261001,43986
234267190,43982
234272657,43985
234278815,43977
234285035,43974
234291172,43974
234297356,43966
234303510,43916
234309717,43914
234315910,43911
234322100,43916
234328301,43912
234334463,43914
234340655,43909
234346807,43915
234352958,43917
234358162,43912
234364335,43916
234370471,43919
234376662,43918
234382791,43919
234389030,43915
234395222,43917
234400677,43922
234406812,43922
234412980,43919
234419172,43921
234425353,43921
234431572,43923
234437778,43889
234444636,43884
234450824,43890
234457033,43884
234463256,43886
234469422,43882
234475627,43884
234481802,43889
234487951,43912
234493122,43899
234499261,43900
234505422,43903
234511587,43899
234517767,43898
234523999,43903
234530204,43909
234535671,43912
234541839,43918
234547027,43913
234553186,43910
234559317,43925
234565489,43927
234577104,43949
234583283,43942
234589478,43942
234595720,43949
234601930,43948
234608126,43954
234614325,43950
234620505,43960
234626708,43955
234632891,43969
234639080,43958
234645274,43955
234652070,43962
234658284,43960
234664471,43967
234669704,43973
234675900,43976
234681369,43979
234687570,43968
234693739,43975
234699872,43975
234711225,44054
234717374,44058
234723532,44063
234729709,44061
234735892,44071
234742136,44071
234748236,44072
234754416,44069
234760600,44078
234766771,44080
234772989,44080
234779200,44075
234785382,44079
234791602,44083
234797822,44072
234804067,44074
234810201,44084
234816322,44078
234822516,44081
234828688,44075
234834856,44083
234846549,44087
234852763,44100
234858904,44088
234865726,44088
234871874,44090
234878059,44080
234884245,44081
234890404,44072
234896605,44084
234901799,44082
234908016,44083
234914223,44082
234920436,44073
234926636,44078
234932816,44075
234939001,44077
234944454,44081
234950667,44075
234956803,44079
234962952,44071
234969159,44079
234980521,44158
234986722,44151
234992889,44148
234999130,44154
235005295,44155
235011483,44153
235017679,44148
235023871,44163
235035957,44158
235042162,44157
235048422,44162
235054623,44159
235060782,44159
235066944,44160
235073139,44152
235079885,44163
235085109,44158
235091272,44159
235097438,44170
235103658,44173
235109824,44226
235116036,44225
235122242,44231
235128443,44221
235134627,44219
235140817,44210
235147044,44205
235153259,44210
235159371,44199
235165530,44200
235170956,44191
235177131,44184
235183305,44183
235189520,44173
235195739,44178
235201871,44166
235208047,44167
235213251,44161
235219387,44166
235225531,44154
235231722,44150
235237904,44150
235249592,44098
235255776,44091
235261934,44092
235268157,44098
235274357,44092
235280588,44099
235286786,44096
235293671,44096
235299808,44102
235304955,44094
235311124,44096
235317277,44097
235323476,44092
235329677,44093
235335856,44095
235342095,44096
235347534,44098
235353723,44091
235358923,44090
235365136,44098
235371297,44085
235377455,44088
235383653,44038
235389836,44041
235396056,44042
235402243,44039
235408414,44040
235414610,44035
235420782,44039
235427004,44037
235433181,44037
235439324,44036
235445484,44031
235451697,44028
235457891,44030
235464128,44026
235470333,44031
235476495,44036
235482696,44030
235488869,44032
235494293,44029
235501076,44034
235507263,44024
235513457,44033
235524868,44085
235531100,44085
235537281,44080
235543461,44080
235549645,44079
235555769,44075
235561955,44075
235568137,44086
235574269,44077
235579678,44076
235585843,44079
235591988,44079
235598183,44077
235604371,44075
235610551,44072
235616751,44072
235621919,44079
235628144,44075
235634298,44081
235640447,44068
235646662,44075
235658282,44126
235664459,44135
235670690,44136
235676887,44136
235683063,44148
235689236,44146
235695495,44151
235701738,44156
235707958,44155
235714809,44162
235721056,44166
235727275,44164
235733459,44176
235739672,44173
235745843,44173
235752010,44179
235757237,44185
235763402,44183
235768832,44193
235775045,44186
235781255,44189
235792641,44221
235798844,44228
235805108,44226
235811333,44233
235817600,44226
235823853,44227
235830099,44237
235836305,44236
235842449,44240
235848636,44238
235854814,44244
235861069,44245
235867276,44241
235873460,44241
235879670,44242
235885807,44248
235891245,44246
235897418,44249
235902650,44259
235908862,44248
235915074,44261
235927468,44305
235933653,44296
235939890,44292
235946151,44304
235952330,44305
235958492,44296
235964724,44304
235970875,44302
235977085,44294
235983314,44301
235989526,44303
235995022,44298
236001239,44302
236007420,44310
236013656,44308
236019861,44312
236025090,44308
236031275,44311
236036695,44313
236042876,44310
236049031,44312
236055229,44319
236061414,44359
236067636,44367
236073832,44368
236080005,44378
236086203,44375
236092381,44381
236098600,44373
236104789,44373
236110953,44370
236117193,44376
236123423,44371
236129625,44375
236136450,44371
236142697,44372
236148850,44374
236155024,44360
236160241,44369
236166440,44368
236171846,44357
236178075,44357
236184257,44366
236190462,44362
236201903,44257
236208136,44258
236214287,44256
236220480,44248
236226685,44255
236232872,44249
236239073,44250
236245209,44242
236251391,44247
236257592,44239
236263810,44239
236270022,44240
236282869,44239
236289101,44231
236295383,44236
236300910,44241
236307125,44235
236313386,44229
236319629,44241
236331083,44202
236337266,44200
236343452,44201
236350202,44193
236356399,44226
236362608,44198
236368813,44193
236375006,44196
236381217,44193
236387390,44194
236393573,44187
236399777,44185
236405275,44182
236411510,44182
236417783,44174
236423939,44174
236429140,44177
236435291,44180
236441496,44172
236447691,44174
236453878,44166
236465597,44173
236471826,44176
236477953,44173
236484109,44187
236490279,44183
236496457,44181
236502686,44188
236508844,44182
236515008,44188
236521199,44180
236527382,44175
236533610,44178
236539820,44171
236545949,44170
236552140,44170
236558296,44176
236564033,44171
236570221,44182
236575694,44175
236581861,44175
236588081,44182
236599468,44183
236605689,44194
236611869,44194
236618070,44187
236624253,44191
236630409,44197
236636624,44203
236642809,44206
236648995,44205
236655195,44204
236661316,44202
236667504,44213
236673739,44208
236679932,44210
236686153,44214
236692321,44219
236698522,44213
236704694,44217
236710111,44219
236716251,44217
236722442,44219
236733912,44286
236740134,44289
236746281,44282
236752419,44287
236758603,44285
236764742,44297
236771497,44289
236777760,44293
236783940,44299
236790152,44292
236796263,44291
236802406,44302
236808591,44297
236814761,44290
236820269,44291
236826485,44304
236832713,44300
236838914,44300
236844119,44310
236850265,44302
236856445,44308
236862652,44304
236868857,44318
236875090,44320
236881264,44328
236887428,44326
236893631,44329
236899825,44327
236905975,44321
236912168,44327
236918294,44317
236924469,44320
236930680,44314
236936824,44309
236943006,44313
236949244,44317
236955400,44327
236961556,44328
236967746,44315
236973151,44317
236978347,44326
236985148,44320
236991323,44322
236997497,44327
237009147,44352
237015327,44353
237021501,44354
237027727,44356
237033855,44367
237040065,44359
237046276,44366
237052476,44367
237058726,44376
237064881,44373
237071076,44381
237077239,44380
237083438,44379
237089646,44385
237095816,44389
237101990,44388
237107167,44389
237113270,44396
237119418,44401
237125588,44386
237131781,44388
237143390,44324
237149539,44319
237155760,44325
237161897,44318
237168073,44318
237174283,44314
237180439,44314
237186657,44310
237193491,44311
237199713,44309
237205962,44317
237212152,44315
237218341,44303
237224519,44311
237230731,44305
237235934,44308
237241360,44303
237247544,44303
237252742,44317
237258888,44299
237265121,44306
237276812,44289
237282982,44285
237289146,44282
237295291,44275
237301412,44282
237307568,44279
237313732,44281
237319935,44280
237326149,44284
237332318,44281
237338521,44284
237344707,44287
237350916,44280
237357147,44289
237363283,44287
237369450,44288
237374866,44287
237380082,44291
237386263,44285
237391718,44290
237397882,44285
237404703,44291
237416077,44271
237422256,44274
237428395,44276
237434569,44280
237440762,44284
237446915,44280
237453135,44281
237459307,44284
237465535,44287
237471743,44280
237477916,44281
237484144,44281
237490303,44296
237496496,44293
237502715,44287
237508896,44294
237514308,44293
237527076,44294
237533303,44296
237544797,44323
237550935,44315
237557151,44314
237563312,44312
237569471,44318
237575673,44314
237581871,44318
237588065,44316
237594319,44324
237600508,44318
237606694,44320
237612868,44323
237619713,44325
237625938,44327
237632148,44330
237638298,44332
237643072,44338
237649239,44331
237655405,44337
237660628,44353
237666815,44346
237678454,44419
237684680,44419
237690838,44423
237696998,44433
237703147,44422
237709305,44419
237715468,44429
237721674,44426
237727814,44424
237733962,44426
237740128,44437
237746312,44431
237752502,44428
237758730,44433
237764907,44440
237771089,44439
237776306,44439
237782473,44437
237788644,44447
237794067,44441
237800254,44443
237806457,44447
237812664,44495
237818811,44491
237824906,44495
237831737,44489
237837895,44489
237844065,44486
237850225,44484
237856434,44489
237862668,44493
237868914,44493
237875138,44499
237881318,44501
237887509,44502
237893716,44499
237899876,44504
237906059,44509
237911253,44512
237917350,44514
237923528,44510
237928982,44514
237935168,44511
237946570,44536
237952766,44533
237958981,44533
237965190,44550
237971318,44542
237977515,44548
237983728,44554
237989903,44551
237996089,44552
238002287,44556
238008477,44556
238014656,44558
238020855,44559
238027080,44563
238033223,44564
238039935,44559
238046196,44560
238051579,44564
238057783,44560
238062991,44559
238069194,44560
238075343,44543
238081526,44474
238087719,44471
238093902,44477
238100100,44473
238106273,44468
238112431,44469
238118595,44464
238124833,44460
238131047,44464
238137265,44461
238143472,44463
238149687,44457
238155874,44458
238162100,44455
238168244,44461
238174408,44467
238180578,44453
238186731,44454
238192895,44455
238198340,44458
238204552,44458
238210781,44453
238222184,44438
238228313,44444
238234474,44441
238240654,44439
238246818,44437
238253585,44446
238259774,44441
238265981,44441
238272191,44447
238278374,44443
238284579,44435
238290815,44442
238296951,44441
238303151,44445
238309289,44442
238315440,44444
238320916,44447
238327088,44442
238332270,44443
238338455,44444
238344662,44432
238356240,44443
238362420,44441
238368619,44445
238374852,44447
238380992,44445
238387161,44446
238393334,44449
238399508,44444
238405711,44446
238411904,44456
238418140,44449
238424350,44456
238430523,44453
238436729,44451
238442859,44449
238449008,44448
238454215,44452
238460931,44458
238465768,44454
238471880,44455
238478063,44454
238489427,44456
238495585,44460
238501774,44465
238507926,44463
238514141,44462
238520324,44459
238526527,44460
238532743,44463
238538950,44462
238545171,44467
238551382,44461
238557543,44464
238563765,44473
238569947,44469
238576162,44477
238582287,44471
238588482,44476
238593886,44477
238599093,44478
238604539,44475
238610732,44482
238616937,44481
238628282,44556
238634421,44563
238640644,44569
238646798,44565
238652922,44563
238659121,44560
238665305,44557
238671991,44558
238678212,44556
238684390,44558
238690592,44562
238696766,44557
238702967,44554
238709162,44549
238715309,44547
238721495,44550
238726919,44555
238733123,44547
238737578,44549
238743797,44548
238749911,44548
238761266,44591
238774309,44598
238780561,44601
238786805,44597
238792955,44610
238799164,44606
238805364,44606
238811615,44612
238817851,44602
238824028,44609
238830220,44612
238836434,44609
238842640,44613
238848822,44611
238854945,44614
238860144,44612
238866337,44619
238872510,44614
238878732,44621
238884893,44621
238891732,44648
238897916,44640
238904121,44645
238910309,44644
238916434,44641
238922582,44637
238928772,44637
238934954,44634
238941171,44636
238947378,44626
238953577,44621
238959773,44628
238965955,44625
238972179,44625
238978322,44615
238984489,44615
238990698,44616
238996885,44607
239003083,44603
239007864,44585
239014004,44595
239025390,44545
239031547,44543
239037767,44547
239043939,44534
239050159,44539
239056350,44536
239062546,44541
239068739,44537
239074880,44542
239081077,44533
239087294,44526
239093450,44525
239100212,44528
239106359,44528
239112533,44533
239118706,44529
239124857,44522
239130292,44521
239136479,44519
239141732,44516
239147902,44517
239159611,44489
239165799,44481
239171969,44488
239178160,44482
239184354,44480
239190518,44471
239196771,44474
239202969,44465
239209151,44474
239215327,44470
239221498,44466
239227734,44465
239233883,44462
239240042,44458
239246215,44452
239252400,44454
239258573,44448
239264790,44448
239270962,44443
239276178,44437
239282338,44438
239288514,44443
239294748,44457
239300877,44464
239307633,44463
239313864,44456
239320047,44466
239326267,44463
239332435,44456
239338630,44470
239344834,44460
239351059,44467
239357279,44469
239363415,44466
239369558,44470
239375741,44466
239381878,44466
239388064,44467
239394250,44459
239400392,44463
239405840,44459
239411061,44460
239417245,44456
239422666,44463
239434048,44446
239440250,44439
239446377,44453
239452552,44447
239458741,44454
239464906,44448
239471124,44453
239477254,44460
239483427,44458
239489581,44455
239495773,44459
239501963,44462
239508181,44467
239514327,44466
239521131,44469
239527287,44473
239533474,44469
239538932,44472
239545120,44479
239551291,44478
239557488,44476
239568875,44529
239575127,44525
239581305,44524
239587460,44528
239593648,44523
239599850,44525
239606078,44529
239612278,44523
239618437,44525
239624627,44525
239630820,44520
239637018,44523
239643240,44518
239649403,44516
239655586,44515
239661785,44517
239667983,44517
239673451,44514
239679670,44513
239684858,44510
239691085,44510
239701697,44532
239707896,44528
239714091,44525
239720286,44531
239726463,44523
239733239,44526
239739387,44533
239745578,44534
239751780,44532
239757950,44532
239764178,44542
239770333,44550
239776501,44551
239782716,44541
239788861,44554
239795095,44557
239801297,44556
239807503,44563
239813672,44559
239819092,44564
239825271,44562
239831439,44555
239836634,44494
239842795,44490
239848980,44490
239855218,44478
239861397,44485
239867606,44487
239873776,44483
239879980,44478
239886181,44482
239892348,44474
239898491,44475
239904690,44471
239910864,44474
239917014,44471
239923217,44468
239929339,44463
239935523,44465
239942309,44462
239947743,44464
239953941,44461
239960103,44465
239966260,44459
239977100,44408
239983257,44407
239989380,44413
239995575,44411
240001766,44417
240014567,44405
240020783,44403
240027045,44394
240033279,44400
240039457,44397
240045665,44404
240051836,44401
240058058,44403
240064286,44394
240070458,44396
240076661,44399
240082840,44390
240089075,44389
240095271,44391
240106039,44365
240112236,44366
240118419,44364
240124641,44363
240130829,44364
240136999,44366
240143202,44358
240149379,44356
240156154,44363
240162375,44365
240168583,44365
240174812,44359
240180983,44363
240187178,44359
240193348,44358
240199546,44362
240205826,44363
240212007,44366
240217230,44370
240222682,44363
240228850,44361
240234971,44365
240241128,44322
240247274,44327
240253484,44322
240259683,44322
240265856,44317
240272011,44323
240278216,44324
240284415,44316
240290638,44328
240296849,44329
240303020,44325
240309187,44331
240315365,44323
240321511,44331
240327729,44327
240333909,44326
240340108,44322
240346305,44325
240351549,44327
240356966,44331
240363173,44328
240375140,44392
240381284,44385
240387408,44395
240393550,44393
240399803,44387
240405980,44399
240412188,44393
240418364,44397
240424542,44395
240430807,44401
240436998,44405
240443192,44404
240449357,44402
240455523,44412
240461718,44406
240467932,44413
240474155,44416
240480293,44418
240485662,44418
240491842,44409
240497981,44420
240509331,44437
240515514,44434
240521676,44433
240527852,44444
240534070,44439
240540267,44442
240546411,44443
240552568,44445
240558754,44443
240564930,44447
240571149,44442
240577989,44437
240584203,44443
240590342,44448
240596474,44443
240602667,44446
240608850,44444
240615068,44442
240620533,44446
240625727,44456
240631892,44452
240638111,44453
240644278,44484
240650407,44486
240655841,44477
240661975,44481
240668156,44489
240674371,44484
240680544,44487
240686757,44491
240692909,44478
240699069,44486
240705196,44478
240711364,44482
240717549,44483
240723766,44479
240729929,44484
240736117,44481
240742283,44482
240748462,44475
240754683,44477
240760879,44470
240767049,44462
240773234,44450
240785156,44366
240790606,44365
240796798,44357
240802923,44358
240809069,44363
240815222,44351
240821420,44353
240827592,44353
240833802,44355
240839905,44354
240846059,44353
240852213,44352
240858385,44350
240864595,44354
240870798,44349
240876935,44345
240883161,44346
240889361,44338
240894566,44337
240899974,44331
240906162,44334
240912318,44330
240918524,44293
240924755,44280
240929965,44287
240936195,44287
240942344,44286
240948492,44317
240954707,44289
240960874,44289
240967047,44280
240973273,44281
240979395,44277
240985572,44287
240991758,44289
240998562,44274
241004803,44288
241010991,44279
241017191,44276
241023367,44282
241028819,44278
241035022,44282
241041215,44277
241047364,44280
241058810,44278
241064265,44277
241070416,44272
241076595,44266
241082789,44265
241088946,44272
241095124,44271
241101346,44269
241107546,44273
241113772,44271
241119929,44273
241126099,44277
241132319,44278
241138503,44275
241144704,44279
241150898,44283
241157060,44283
241163251,44278
241169416,44275
241174619,44269
241180806,44269
241192403,44271
241198569,44277
241204811,44277
241211649,44280
241217855,44281
241224005,44277
241230226,44282
241236416,44280
241242571,44284
241248774,44282
241261589,44286
241267740,44283
241274025,44295
241280243,44295
241286418,44299
241292619,44301
241298098,44293
241304253,44305
241310465,44306
241321894,44361
241328139,44346
241333533,44346
241339778,44359
241345917,44357
241352059,44363
241358266,44359
241364480,44354
241370647,44363
241376831,44355
241382951,44353
241389119,44355
241395287,44360
241401482,44362
241407726,44362
241413878,44362
241420061,44357
241426885,44363
241432082,44357
241438279,44353
241444420,44359
241455986,44357
241462172,44359
241468403,44359
241474656,44362
241480863,44356
241487057,44359
241493235,44348
241499437,44354
241505592,44355
241511817,44358
241517940,44360
241524103,44364
241530253,44357
241536501,44370
241542715,44366
241548883,44369
241555062,44368
241561263,44370
241566474,44366
241572677,44368
241578095,44373
241584232,44373
241590453,44341
241596649,44335
241602883,44329
241609066,44319
241615255,44320
241621437,44317
241627649,44309
241634497,44305
241640704,44302
241646872,44308
241653035,44298
241659208,44303
241665380,44294
241671572,44293
241677790,44290
241683941,44295
241690107,44289
241696284,44287
241701498,44287
241707692,44291
241713103,44281
241719260,44279
241730689,44237
241736923,44226
241743116,44221
241749297,44229
241755466,44224
241761668,44217
241767855,44227
241774000,44224
241780223,44225
241786334,44229
241792452,44224
241798618,44216
241804841,44215
241811013,44209
241817236,44224
241823386,44218
241829595,44214
241835811,44219
241842549,44215
241848034,44221
241854175,44214
241865576,44181
241871795,44182
241877969,44180
241884217,44180
241889635,44181
241895875,44185
241902047,44187
241908254,44176
241914450,44189
241920606,44185
241926811,44185
241932959,44185
241939127,44190
241945324,44193
241951486,44181
241957718,44195
241963910,44193
241970071,44198
241975289,44191
241981467,44195
241987685,44191
241999260,44202
242005414,44201
242011583,44201
242017807,44203
242023988,44194
242030194,44203
242036377,44196
242042559,44199
242048770,44195
242055596,44204
242061818,44198
242067952,44195
242074120,44200
242080390,44203
242086575,44205
242092816,44201
242098974,44208
242105187,44206
242110400,44206
242116600,44204
242122032,44208
242133354,44267
242139508,44261
242145709,44263
242151867,44276
242158097,44272
242164311,44270
242170485,44272
242176685,44274
242182845,44276
242189010,44286
242195228,44286
242201406,44292
242207575,44285
242213767,44298
242219890,44289
242226122,44294
242232304,44300
242238487,44302
242244696,44311
242250855,44316
242256238,44317
242268545,44326
242274790,44324
242280950,44317
242287131,44326
242293273,44323
242299475,44325
242304685,44329
242310870,44328
242317030,44326
242323221,44322
242329365,44332
242335530,44330
242341728,44324
242347951,44321
242354157,44322
242360331,44321
242366490,44318
242372705,44326
242378907,44325
242384351,44319
242390497,44320
242396706,44323
242402888,44359
242409060,44350
242415222,44353
242421421,44347
242427591,44352
242433784,44338
242439953,44335
242446105,44345
242452248,44342
242458425,44330
242464578,44327
242470814,44323
242477680,44316
242483883,44317
242490022,44309
242496201,44310
242508978,44299
242514257,44303
242519692,44302
242525899,44298
242532007,44251
242538214,44244
242544415,44243
242550616,44246
242556816,44239
242562999,44235
242569189,44236
242575387,44238
242581540,44239
242587732,44230
242593877,44223
242600024,44227
242606228,44228
242612424,44219
242618600,44227
242624790,44223
242630949,44217
242637155,44217
242643343,44216
242648573,44220
242653974,44210
242660136,44211
242671472,44179
242677685,44174
242683844,44171
242690617,44178
242696861,44174
242703057,44173
242709286,44176
242714719,44165
242720889,44156
242727078,44158
242733241,44166
242739478,44169
242745674,44161
242751890,44160
242758025,44147
242764197,44158
242770391,44159
242776553,44163
242782791,44168
242788950,44154
242795135,44162
242806534,44196
242812742,44192
242818884,44197
242825037,44192
242831207,44182
242837413,44189
242843548,44194
242849736,44197
242855897,44194
242862098,44199
242868329,44194
242874518,44198
242880700,44185
242886873,44195
242893064,44189
242899924,44184
242906203,44193
242912312,44189
242918513,44181
242923926,44188
242929087,44189
242940779,44204
242946979,44207
242953157,44212
242959329,44212
242965493,44215
242971677,44211
242977855,44219
242983979,44223
242990172,44227
242996360,44230
243002568,44233
243008777,44232
243014922,44234
243021076,44235
243027270,44239
243033484,44240
243039685,44239
243045852,44249
243051933,44251
243057129,44257
243062595,44250
243068813,44256
243074982,44288
243081179,44296
243087375,44290
243093558,44285
243099795,44291
243105920,44289
243112704,44290
243118886,44300
243124984,44290
243130188,44297
243136400,44298
243142598,44301
243148799,44310
243155001,44308
243161245,44303
243167439,44297
243173615,44301
243179800,44305
243185971,44303
243191389,44297
243197549,44298
243203792,44309
243215189,44345
243221369,44350
243227548,44349
243233756,44349
243239959,44346
243246153,44359
243252324,44347
243258481,44350
243264660,44343
243270113,44345
243276312,44342
243282535,44343
243288743,44329
243294916,44330
243301126,44321
243307294,44321
243313492,44322
243319712,44321
243325567,44305
243331754,44303
243337199,44303
243348595,44235
243354820,44242
243361051,44240
243367305,44236
243373442,44240
243379602,44242
243385765,44241
243391947,44245
243398144,44240
243403587,44249
243409808,44248
243415980,44247
243422172,44248
243428349,44254
243434571,44242
243440797,44245
243446964,44239
243453103,44242
243459309,44241
243464551,44239
243470786,44238
243476965,44234
243483208,44207
243489361,44209
243495526,44203
243501710,44203
243507871,44213
243514030,44197
243520243,44203
243526391,44195
243533215,44200
243538724,44192
243544899,44194
243551071,44198
243557278,44196
243563469,44186
243569702,44185
243575890,44190
243582035,44191
243588225,44187
243594375,44178
243600546,44191
243606785,44189
243611989,44189
243623697,44212
243629932,44215
243636103,44218
243642282,44211
243648456,44205
243654688,44213
243660862,44216
243666993,44214
243673193,44204
243679439,44203
243685626,44205
243691855,44208
243697974,44207
243704138,44210
243710300,44203
243716460,44203
243722643,44201
243728805,44204
243733992,44201
243740214,44202
243753899,44228
243760140,44232
243766355,44227
243772594,44236
243778807,44232
243784999,44239
243791179,44242
243797381,44242
243803501,44243
243808716,44250
243814911,44253
243821088,44262
243827315,44258
243833481,44257
243839676,44255
243845840,44254
243852002,44259
243858253,44262
243863687,44262
243869907,44267
243876102,44265
243881300,44264
243892913,44304
243899093,44303
243905294,44308
243911453,44312
243917603,44315
243923792,44307
243929907,44310
243936074,44319
243942280,44316
243947496,44312
243953708,44326
243960461,44330
243966710,44324
243972913,44331
243979059,44342
243985237,44340
243991383,44342
243997530,44345
244002979,44339
244009157,44343
244014378,44349
244020540,44348
244026750,44336
244032939,44342
244039157,44341
244045320,44337
244051441,44342
244057616,44347
244063803,44348
244069958,44352
244076154,44348
244081601,44353
244087827,44357
244093975,44367
244100153,44359
244106358,44364
244112537,44368
244118751,44373
244124908,44374
244131087,44377
244136308,44378
244142440,44384
244148630,44384
244154847,44371
244166457,44303
244173304,44315
244179473,44308
244185693,44309
244191880,44311
244197982,44303
244204165,44307
244210370,44302
244216589,44307
244222823,44296
244228966,44300
244235153,44299
244241330,44293
244247510,44301
244253729,44289
244259891,44291
244266055,44284
244271267,44293
244277417,44285
244283634,44280
244289035,44283
244300422,44276
244306625,44284
244312817,44281
244318950,44283
244325138,44283
244331359,44279
244337548,44274
244343773,44277
244349965,44284
244356212,44279
244362388,44288
244368541,44288
244374754,44285
244381488,44287
244387722,44289
244393910,44289
244400063,44293
244405502,44285
244411724,44283
244417905,44276
244423120,44282
244429344,44281
244435524,44241
244441742,44235
244447934,44243
244454135,44244
244460328,44245
244466528,44248
244472708,44241
244478893,44251
244485093,44252
244491302,44250
244496720,44250
244502905,44254
244509066,44259
244515231,44261
244521392,44265
244527543,44266
244533718,44265
244538916,44268
244545096,44267
244551290,44275
244557447,44275
244563605,44279
244575294,44271
244581466,44278
244587615,44273
244594483,44268
244600688,44280
244606920,44273
244613103,44269
244619313,44270
244625487,44275
244631716,44276
244637946,44266
244644123,44272
244650288,44275
244656471,44275
244662644,44278
244668829,44283
244674018,44279
244680255,44269
244686447,44279
244692667,44281
244698093,44285
244709478,44365
244715648,44372
244721828,44365
244727968,44373
244734155,44374
244740366,44375
244746534,44373
244752695,44379
244758900,44376
244765133,44387
244771367,44386
244777505,44374
244783681,44381
244789878,44370
244796032,44376
244802871,44383
244808358,44375
244814559,44384
244820782,44378
244826956,44374
244832164,44382
244843842,44370
244849972,44373
244856178,44378
244862391,44377
244868577,44377
244874828,44380
244880986,44381
244887165,44379
244893346,44395
244899515,44387
244905732,44395
244911938,44392
244918083,44392
244924273,44395
244930465,44396
244936622,44392
244942877,44398
244949055,44398
244955245,44397
244961435,44389
244966667,44402
244978295,44288
244984473,44287
244997256,44271
245003452,44273
245009654,44269
245015859,44266
245022744,44266
245028941,44268
245035157,44259
245041334,44259
245046756,44264
245052961,44266
245059178,44252
245065384,44256
245071601,44253
245076887,44253
245083071,44248
245089299,44254
245095417,44249
245101593,44249
245107781,44248
245113948,44245
245120153,44245
245126355,44244
245132506,44241
245138692,44242
245144864,44246
245151060,44244
245157251,44247
245163441,44247
245169650,44242
245175865,44236
245182041,44238
245188286,44237
245194461,44238
245200620,44234
245206812,44232
245212231,44240
245218403,44236
245224564,44222
245231375,44229
245242039,44215
245248256,44208
245254437,44214
245260586,44215
245266837,44207
245273050,44218
245279256,44219
245285460,44213
245291671,44223
245297863,44227
245303999,44232
245310190,44223
245316375,44213
245322558,44226
245328748,44233
245334915,44233
245341145,44230
245346325,44234
245352474,44231
245358714,44234
245364897,44232
245370335,44233
245376559,44225
245382756,44216
245388919,44227
245395073,44233
245401237,44227
245407406,44235
245413609,44224
245419838,44235
245426086,44229
245432278,44235
245438486,44236
245445289,44232
245451442,44236
245457602,44241
245462811,44237
245468992,44235
245475224,44244
245480662,44244
245486863,44246
245493076,44243
245499250,44246
245504454,44255
245516044,44292
245522207,44296
245528399,44302
245534534,44293
245540729,44290
245546908,44302
245553107,44291
245559268,44301
245565463,44300
245571665,44297
245577876,44293
245583990,44300
245590112,44307
245596296,44295
245601514,44303
245607678,44305
245613905,44308
245619351,44316
245625530,44309
245631747,44314
245637968,44313
245643173,44316
245655373,44346
245661573,44338
245667760,44355
245673919,44342
245680081,44353
245686295,44354
245692486,44354
245698707,44347
245704923,44351
245711070,44357
245717208,44356
245723381,44358
245729561,44346
245734757,44349
245740939,44345
245747188,44340
245752623,44339
245758836,44344
245765005,44330
245771214,44328
245776443,44334
245788035,44238
245794189,44235
245800343,44236
245806521,44232
245812725,44234
245818929,44230
245825088,44238
245831248,44236
245837446,44246
245843638,44234
245849853,44241
245856001,44235
245862181,44236
245868965,44239
245874138,44237
245880358,44241
245886537,44239
245892704,44225
245898872,44234
245905098,44231
245910568,44232
245921979,44170
245928183,44167
245934365,44164
245940500,44165
245946672,44157
245952846,44171
245959016,44164
245965284,44160
245971431,44153
245977634,44165
245983833,44155
245989988,44154
245996203,44151
246002335,44153
246007716,44154
246013990,44149
246020180,44148
246026380,44149
246032598,44149
246038832,44139
246044983,44152
246056332,44147
246062446,44151
246068598,44145
246075242,44153
246081454,44139
246087622,44147
246093834,44144
246100048,44146
246106259,44145
246112439,44144
246118618,44146
246124824,44147
246130971,44141
246137203,44138
246142617,44136
246148839,44134
246154990,44143
246161136,44144
246166340,44137
246172496,44137
246178676,44146
246184849,44130
246191016,44145
246197192,44146
246203358,44149
246209506,44160
246215694,44159
246221860,44160
246228072,44165
246240909,44165
246247135,44158
246253411,44171
246259616,44168
246265827,44175
246271994,44170
246277483,44171
246283658,44176
246289890,44171
246295771,44176
246301977,44179
246308190,44189
246314413,44182
246319837,44178
246326006,44207
246332177,44203
246338350,44212
246344526,44212
246350747,44215
246356961,44211
246363146,44217
246369321,44218
246375495,44225
246381665,44225
246387871,44228
246394031,44237
246400215,44241
246406402,44240
246411611,44236
246417821,44237
246424011,44248
246430198,44252
246436366,44250
246442533,44249
246448754,44254
246454216,44245
246465581,44245
246471762,44242
246477929,44250
246484086,44250
246490306,44251
246496424,44255
246503184,44261
246509405,44264
246515570,44263
246521771,44266
246527950,44257
246534128,44261
246540325,44255
246545772,44261
246551977,44268
246558221,44259
246564419,44257
246569630,44265
246575922,44261
246582153,44260
246588364,44260
246599943,44189
246606075,44187
246612233,44177
246618456,44178
246624656,44179
246630903,44172
246637059,44173
246643244,44174
246649447,44175
246655643,44176
246661868,44175
246668011,44177
246674222,44179
246680443,44179
246686609,44171
246692848,44171
246699025,44166
246704189,44169
246710399,44167
246717182,44168
246723336,44165
246733961,44138
246740176,44135
246746372,44140
246752546,44141
246758752,44135
246764909,44142
246771084,44133
246777287,44137
246783479,44141
246789640,44136
246795853,44133
246802029,44124
246808216,44129
246814417,44136
246820571,44128
246826785,44127
246832974,44130
246839202,44134
246845378,44118
246851519,44119
246857678,44115
246868288,44096
246874418,44094
246880554,44099
246886802,44098
246892992,44100
246899188,44102
246905347,44106
246911530,44107
246917708,44101
246924466,44110
246930662,44108
246936850,44110
246943049,44112
246949277,44116
246955424,44119
246960906,44119
246967084,44128
246973292,44118
246978481,44113
246984652,44121
246990841,44123
246997022,44121
247003205,44114
247009393,44129
247015528,44123
247021714,44121
247027909,44125
247034104,44123
247040330,44121
247046477,44122
247052633,44126
247058823,44125
247065009,44124
247071222,44124
247077413,44130
247083630,44132
247089858,44136
247096044,44145
247102264,44143
247108412,44156
247113863,44150
247120041,44150
247126205,44147
247132388,44150
247143693,44234
247149899,44236
247156078,44237
247162319,44233
247168472,44242
247174637,44242
247180858,44246
247187034,44248
247193209,44243
247199384,44243
247205547,44240
247211796,44239
247217932,44246
247224111,44246
247230326,44245
247236457,44241
247242651,44241
247248107,44233
247254289,44225
247260466,44227
247266621,44233
247277240,44258
247283429,44260
247289631,44265
247295861,44265
247302015,44265
247308155,44267
247314348,44268
247320519,44268
247326687,44271
247332888,44263
247339091,44262
247345886,44263
247352103,44253
247358362,44257
247364611,44260
247370883,44255
247377161,44258
247382402,44249
247388612,44242
247394813,44240
247400952,44238
247411613,44156
247417857,44154
247424022,44155
247430220,44152
247436376,44156
247442605,44156
247448808,44157
247454954,44145
247461101,44146
247467293,44153
247473474,44152
247486245,44154
247492468,44157
247498723,44151
247504931,44151
247510370,44151
247515618,44173
247521857,44148
247528085,44141
247534312,44148
247545009,44171
247551199,44164
247557392,44163
247564134,44161
247570367,44164
247576564,44151
247582801,44158
247589013,44150
247595200,44155
247601404,44163
247607583,44158
247613805,44153
247619991,44146
247626215,44152
247632444,44146
247638608,44149
247644035,44153
247649281,44150
247655448,44144
247661644,44147
247667859,44141
247678464,44169
247684631,44174
247690857,44175
247697039,44173
247703316,44182
247709468,44177
247715686,44183
247721876,44178
247728067,44178
247734288,44175
247740473,44170
247746662,44173
247752862,44187
247759057,44175
247765274,44179
247771427,44179
247778223,44178
247783007,44182
247789185,44186
247795329,44179
247801505,44181
247806720,44183
247812895,44172
247819058,44171
247825281,44170
247831460,44174
247837623,44168
247843848,44175
247850052,44182
247856302,44175
247862413,44191
247868566,44185
247874720,44196
247880906,44202
247887090,44188
247893311,44195
247899467,44200
247905669,44200
247911873,44197
247917270,44198
247923473,44203
247929626,44214
247935802,44206
247941008,44158
247947204,44213
247953342,44210
247959493,44214
247965695,44217
247971881,44216
247978043,44221
247984852,44219
247991062,44208
247997253,44218
248003394,44211
248009515,44219
248015688,44217
248021894,44212
248028056,44214
248034317,44217
248040504,44215
248046666,44216
248052142,44221
248057341,44207
248063437,44216
248069597,44209
248075789,44204
248087402,44262
248093617,44265
248099813,44259
248106004,44258
248112163,44260
248118349,44253
248124533,44247
248130754,44238
248136931,44245
248143086,44216
248149254,44231
248155415,44239
248161621,44230
248167836,44223
248173995,44222
248180204,44213
248186394,44210
248190852,44209
248197612,44202
248203792,44194
248209966,44190
248220595,44124
248226817,44130
248233019,44129
248239197,44135
248245359,44122
248251470,44141
248257663,44134
248263858,44148
248270022,44141
248276231,44142
248282366,44148
248288521,44146
248294731,44143
248300964,44139
248307181,44144
248313416,44137
248319574,44141
248325008,44134
248330211,44131
248336377,44139
248342489,44131
248348645,44127
248359314,44107
248365548,44105
248371738,44104
248377959,44111
248384121,44097
248390322,44097
248396485,44094
248402640,44097
248409406,44097
248415562,44096
248421756,44097
248427925,44100
248434102,44097
248440324,44097
248446522,44101
248452712,44097
248458928,44097
248463715,44091
248469943,44097
248476116,44094
248482286,44101
248492957,44134
248499095,44135
248505256,44132
248511474,44140
248517614,44129
248523811,44138
248529952,44136
248536051,44139
248542235,44135
248548405,44137
248554552,44133
248560770,44133
248566974,44129
248573153,44125
248579351,44131
248585570,44119
248591783,44118
248596984,44117
248602389,44118
248608601,44111
248614784,44116
248626853,44135
248633033,44139
248639230,44150
248645389,44146
248651511,44146
248657720,44152
248663868,44153
248670040,44160
248676240,44160
248682406,44157
248688541,44160
248694704,44148
248700883,44165
248707119,44167
248713340,44170
248719485,44169
248730745,44181
248736926,44177
248743197,44182
248749395,44179
248760321,44205
248766546,44204
248772753,44204
248778960,44206
248785120,44203
248791311,44202
248797552,44200
248803763,44208
248809962,44205
248816085,44202
248822266,44202
248828475,44202
248835272,44213
248841512,44208
248847683,44210
248853918,44210
248860057,44212
248864485,44210
248870653,44217
248876874,44222
248883037,44224
248893989,44237
248900166,44245
248906331,44245
248912540,44254
248918776,44253
248924974,44256
248931115,44260
248937294,44260
248943500,44262
248949681,44265
248955881,44263
248962048,44264
248968258,44273
248974418,44269
248980599,44259
248986816,44271
248992989,44259
248999140,44262
249005339,44269
249011542,44259
249017690,44262
249028346,44175
249034503,44184
249040675,44174
249047384,44175
249053500,44167
249059678,44171
249065879,44173
249072010,44176
249078200,44169
249084402,44245
249090606,44162
249096807,44161
249102997,44159
249109195,44152
249115405,44160
249121610,44165
249127820,44153
249134007,44155
249139409,44149
249145588,44148
249151818,44151
249162414,44117
249168577,44123
249174746,44121
249180918,44118
249187065,44118
249193263,44124
249199387,44129
249205501,44120
249211669,44125
249217842,44122
249224024,44128
249230254,44120
249236406,44133
249242550,44122
249248748,44121
249255498,44119
249261675,44114
249267850,44117
249273274,44121
249279448,44116
249285612,44118
249296325,44066
249302493,44067
249308668,44068
249314844,44076
249321047,44070
249327276,44070
249333449,44078
249339618,44075
249345789,44077
249351967,44074
249358192,44080
249364426,44077
249370596,44086
249376808,44083
249382968,44086
249389150,44091
249395369,44091
249401493,44087
249407668,44091
249413842,44088
249419993,44098
249430998,44084
249437158,44082
249443332,44090
249449529,44085
249455713,44094
249462484,44090
249468694,44078
249474884,44090
249481043,44085
249487253,44085
249493453,44080
249499713,44084
249505924,44077
249512109,44082
249518271,44084
249524486,44076
249530682,44078
249536900,44081
249543056,44089
249548268,44089
249554402,44089
249565968,44170
249572124,44177
249578300,44179
249584489,44181
249590679,44181
249596871,44184
249603037,44189
249609169,44187
249615338,44197
249621536,44186
249627715,44197
249633935,44195
249640094,44207
249646271,44200
249652451,44199
249658612,44199
249664797,44199
249671692,44212
249677898,44203
249683114,44204
249689341,44204
249699951,44208
249705379,44203
249711571,44204
249717769,44207
249723983,44202
249730149,44210
249736326,44209
249742528,44213
249748695,44216
249754900,44216
249761050,44220
249767214,44212
249773386,44219
249779570,44223
249785793,44221
249791976,44215
249798116,44218
249804309,44218
249810506,44220
249816656,44221
249822913,44222
249829041,44232
249839739,44179
249845928,44178
249852088,44168
249858311,44166
249864463,44152
249870614,44150
249876797,44147
249883514,44147
249889758,44136
249895965,44139
249902153,44131
249908351,44123
249914550,44128
249920755,44123
249926980,44119
249933164,44115
249939363,44105
249945571,44108
249951740,44106
249957196,44106
249963401,44106
249976196,44097
249982387,44107
249988602,44102
249994804,44097
250000988,44088
250007224,44085
250013413,44088
250019537,44082
250025742,44082
250031917,44081
250038104,44082
250044313,44070
250050483,44069
250056674,44073
250062865,44064
250068996,44070
250075153,44066
250081343,44067
250086780,44060
250093020,44061
250104335,44044
250110522,44042
250115742,44034
250121909,44040
250128093,44038
250134321,44033
250140465,44041
250146654,44043
250152792,44040
250159000,44043
250165247,44040
250171439,44043
250177570,44048
250183750,44038
250189939,44034
250196146,44038
250202362,44038
250208532,44047
250214708,44044
250220165,44035
250226329,44041
250232521,44036
250237721,44051
250243915,44048
250249331,44056
250255523,44049
250261775,44046
250268020,44053
250274140,44052
250280308,44043
250286475,44043
250292678,44044
250298891,44048
250305045,44057
250311919,44057
250318062,44047
250324232,44051
250330389,44048
250336571,44048
250342784,44051
250348978,44048
250354147,44055
250360352,44051
250366494,44047
250372707,44126
250378904,44131
250384338,44123
250390545,44124
250396784,44135
250402986,44131
250409154,44133
250415340,44133
250421534,44126
250427736,44133
250433949,44129
250440172,44134
250446362,44135
250452549,44143
250458798,44138
250464991,44149
250471106,44146
250477274,44146
250483487,44146
250488701,44150
250494897,44149
250501092,44150
250512817,44154
250518020,44158
250524269,44154
250530478,44159
250536635,44155
250542816,44148
250549011,44153
250555209,44158
250561413,44166
250567546,44169
250573694,44165
250579908,44160
250586088,44168
250592337,44165
250598516,44166
250604723,44168
250610923,44175
250617090,44183
250623304,44173
250629488,44171
250635651,44173
250647289,44227
250651746,44223
250657935,44216
250664085,44233
250670261,44216
250676446,44224
250682642,44224
250688845,44220
250694989,44219
250701156,44214
250707342,44219
250713492,44224
250719697,44214
250725934,44187
250732803,44221
250739030,44207
250745211,44211
250751354,44206
250757553,44197
250763729,44205
250769935,44201
250781365,44118
250786107,44117
250792302,44116
250798475,44113
250804668,44109
250810854,44109
250817007,44106
250823157,44105
250829330,44101
250835531,44099
250841715,44104
250847903,44099
250854046,44093
250860260,44095
250866451,44089
250872629,44085
250878856,44094
250885008,44084
250891134,44088
250897287,44082
250903500,44084
250909645,44087
250915859,44103
250921061,44108
250927285,44095
250933457,44098
250940305,44091
250946474,44084
250952620,44090
250958822,44085
250964988,44081
250971165,44089
250977404,44074
250983498,44085
250989661,44078
250995845,44060
251002004,44072
251008126,44066
251014343,44074
251020537,44066
251026711,44063
251032937,44052
251038349,44059
251044564,44060
251055297,44097
251061465,44089
251067626,44085
251073867,44097
251080062,44091
251086242,44093
251092456,44090
251098611,44100
251104774,44103
251110938,44097
251117140,44098
251123409,44099
251129537,44095
251135710,44106
251141882,44095
251148659,44098
251154867,44096
251161075,44101
251167275,44099
251172699,44091
251178919,44086
251190311,44070
251196493,44071
251201940,44066
251208105,44067
251220918,44076
251227103,44081
251233356,44074
251239526,44077
251245696,44075
251251890,44092
251258074,44087
251264305,44089
251270462,44090
251276637,44096
251282821,44090
251289024,44107
251295239,44103
251301469,44099
251307646,44109
251319270,44156
251324454,44154
251330645,44157
251336062,44156
251342231,44145
251348372,44161
251354561,44157
251360748,44158
251367555,44153
251373729,44148
251379940,44158
251386074,44150
251392244,44150
251398424,44138
251404592,44148
251410805,44156
251417001,44150
251423161,44146
251429350,44145
251435549,44151
251440743,44157
251446950,44154
251458619,44216
251464843,44217
251470041,44225
251476247,44221
251482448,44220
251488561,44225
251494731,44227
251500926,44230
251507149,44225
251513325,44222
251519469,44232
251525642,44230
251531857,44223
251538029,44225
251544208,44231
251550438,44227
251556595,44227
251562762,44233
251568963,44223
251575770,44216
251581925,44223
251588104,44105
251594367,44106
251599830,44106
251605038,44104
251611250,44109
251617413,44106
251623558,44104
251629765,44106
251635941,44108
251642078,44109
251648277,44109
251654423,44110
251660657,44107
251666851,44105
251673019,44110
251679230,44096
251685446,44099
251691587,44103
251697768,44102
251703971,44106
251710165,44089
251715673,44109
251721925,44088
251728075,44009
251733285,44005
251739444,44000
251745617,44000
251751800,44007
251757986,43999
251764170,43990
251770380,44003
251776499,43993
251783230,43989
251789499,43982
251795685,43991
251801872,43983
251808020,43989
251814225,43984
251820428,43980
251826554,43986
251832768,43981
251838977,43985
251845226,43981
251850690,43975
251856927,43977
251867527,43980
251873721,43987
251879910,43978
251886078,43976
251892297,43973
251898474,43980
251904613,43984
251910762,43980
251916954,43981
251923135,43984
251929378,43982
251935553,43979
251941736,43982
251947916,43977
251954073,43982
251960267,43978
251966434,43987
251972616,43980
251978798,43981
251984243,43977
251990446,43984
252002422,43999
252008521,43993
252014713,43993
252020941,43995
252027091,44003
252033326,43993
252039502,43999
252045677,44000
252051879,44004
252058048,44000
252064250,44000
252070420,44009
252076584,44005
252082791,44003
252088960,44008
252095180,44010
252101419,44003
252107567,44001
252113743,44009
252119184,44014
252125347,44012
252136713,44045
252142108,44048
252148279,44049
252153434,44052
252159615,44049
252165792,44050
252171992,44047
252178164,44058
252184366,44062
252190533,44051
252196711,44071
252203404,44069
252209588,44065
252215775,44072
252221975,44070
252228191,44066
252234418,44070
252240547,44077
252246698,44079
252252898,44082
252259097,44080
252270708,44088
252276916,44080
252283040,44077
252288224,44084
252294453,44091
252300677,44081
252306857,44085
252313038,44076
252319245,44079
252325466,44083
252331615,44080
252337750,44073
252343927,44070
252350092,44074
252356254,44070
252362449,44063
252368621,44065
252374796,44065
252381009,44062
252387179,44069
252393423,44061
252399595,44060
252405722,44114
252412431,44115
252417924,44113
252423116,44111
252429339,44101
252435479,44100
252441684,44097
252447893,44093
252454087,44090
252467103,44081
252473307,44074
252479565,44065
252485764,44066
252491948,44052
252498065,44062
252504234,44056
252510442,44041
252516677,44046
252522890,44038
252534310,43964
252540482,43976
252545921,43970
252552047,43967
252558186,43962
252564377,43966
252570603,43966
252576830,43970
252583044,43961
252589190,43966
252595356,43968
252601552,43967
252607729,43969
252613932,43970
252620105,43966
252626260,43967
252633051,43965
252639194,43960
252645368,43964
252651559,43967
252657744,43964
252663008,43950
252669253,43902
252675461,43895
252680902,43891
252687021,43899
252692214,43887
252698444,43884
252704591,43878
252710763,43881
252716949,43880
252723084,43873
252729328,43865
252735486,43868
252741673,43869
252747850,43866
252754015,43860
252760195,43847
252766376,43848
252772552,43845
252778776,43847
252784978,43846
252791154,43832
252796636,43844
252802832,43840
252809045,43857
252814238,43868
252820437,43864
252826600,43873
252832052,43867
252838182,43869
252845039,43874
252851202,43873
252857367,43871
252863600,43881
252869776,43877
252875968,43878
252882134,43874
252888281,43872
252894476,43876
252900671,43866
252906855,43866
252913025,43864
252919240,43858
252925448,43863
252930629,43859
252936830,43859
252948412,43901
252953658,43904
252959834,43907
252965256,43907
252971451,43918
252977675,43918
252983938,43917
252990137,43922
252996325,43933
253002513,43937
253008684,43933
253014879,43938
253021062,43936
253027195,43945
253033372,43946
253039579,43941
253045732,43944
253052610,43944
253058831,43948
253065033,43952
253070241,43953
253076462,43960
253082621,44011
253088057,44006
253094245,44011
253100430,44010
253106646,44012
253112829,44018
253119019,44021
253125204,44020
253131363,44020
253137549,44021
253143735,44018
253149942,44024
253156119,44027
253162299,44020
253168490,44025
253174687,44032
253180888,44028
253187093,44020
253193291,44029
253199497,44023
253204726,44028
253210946,44028
253221871,44041
253228049,44040
253234287,44030
253240463,44038
253246649,44039
253252838,44040
253259027,44045
253265941,44047
253272103,44053
253278262,44052
253284416,44059
253290595,44054
253296750,44064
253303004,44058
253309146,44072
253315342,44065
253321512,44068
253327760,44079
253333957,44086
253339174,44075
253345387,44088
253356282,44002
253362494,43996
253368656,44000
253374849,43994
253381018,43990
253387235,43984
253393423,43982
253399644,43982
253405837,43979
253412024,43982
253418140,43992
253424310,43986
253430483,43984
253436692,43977
253442950,43985
253449114,43984
253455291,43976
253461531,43984
253467691,43982
253473533,43982
253479673,43981
253490657,44002
253496864,43996
253503057,44000
253509238,43999
253515444,44005
253521601,44004
253527751,44001
253534012,44009
253540264,44008
253546429,44009
253552668,44008
253558867,44012
253565071,44000
253571272,44009
253577517,44010
253583675,44010
253589893,44004
253596062,44001
253602204,44008
253607411,44001
253613505,43991
253619611,43999
253630281,43961
253636501,43969
253642655,43959
253648853,43972
253655022,43967
253661251,43970
253667447,43973
253673561,43968
253680320,43969
253686499,43974
253692623,43982
253698828,43980
253711619,43977
253717835,43973
253724070,43990
253730293,43987
253735775,43985
253742025,43976
253748260,43993
253758924,44014
253765108,44011
253771282,44002
253777493,44003
253783698,44006
253789934,44002
253795155,43997
253801383,44004
253807549,44000
253813712,44000
253819879,43990
253826036,43998
253832179,44000
253838400,44000
253844561,44005
253850725,44009
253856901,44006
253863050,44012
253869229,44011
253874706,44005
253880946,44007
253891539,44052
253898369,44058
253904597,44056
253910804,44058
253917019,44063
253923224,44063
253928669,44056
253934878,44065
253941121,44067
253947290,44070
253953458,44075
253959649,44074
253965856,44070
253972065,44073
253978252,44083
253984432,44081
253990618,44081
253996822,44075
254003040,44091
254008209,44084
254014404,44085
254020558,44082
254031176,44112
254037354,44111
254043539,44115
254049731,44114
254055923,44114
254062083,44108
254067547,44113
254073757,44106
254079943,44116
254086087,44114
254092234,44118
254098430,44118
254104606,44118
254111465,44115
254117668,44119
254123883,44111
254130050,44124
254136193,44119
254141374,44122
254147538,44125
254153748,44128
254164739,44144
254170957,44137
254177186,44128
254183366,44131
254189544,44123
254195734,44124
254200972,44125
254207169,44117
254213406,44118
254219586,44119
254225754,44110
254231952,44114
254238136,44107
254244361,44103
254250489,44102
254256652,44101
254262823,44093
254269034,44092
254274465,44099
254280643,44087
254286863,44088
254297509,44060
254303643,44053
254309864,44061
254316091,44059
254322889,44055
254329104,44057
254335331,44063
254340761,44053
254346962,44066
254353102,44054
254359296,44052
254365488,44045
254371707,44047
254377950,44052
254384127,44053
254390330,44052
254396534,44052
254402717,44047
254408943,44053
254415099,44050
254421267,44049
254431912,44051
254438128,44050
254444362,44045
254450555,44042
254456786,44037
254462985,44046
254469167,44040
254474662,44043
254480889,44041
254487053,44039
254493213,44043
254499348,44029
254505513,44037
254511712,44041
254517908,44037
254524083,44034
254530813,44038
254537070,44027
254543247,44034
254548439,44035
254554566,44034
254560707,44037
254571368,44028
254577536,44025
254583703,44034
254589960,44038
254596157,44041
254602397,44047
254608586,44046
254614731,44046
254620874,44054
254627043,44054
254633218,44058
254639439,44066
254645635,44054
254651791,44063
254657973,44061
254664187,44061
254670436,44070
254676558,44072
254682716,44070
254688875,44068
254695113,44066
254705796,44089
254711994,44093
254718166,44102
254724402,44090
254730559,44091
254736747,44091
254743501,44091
254748901,44094
254755066,44097
254761169,44106
254767359,44103
254773567,44105
254779783,44098
254786006,44108
254792197,44107
254798394,44110
254804642,44114
254810796,44115
254816990,44120
254822188,44120
254828410,44115
254839347,44169
254845520,44180
254851692,44181
254857943,44181
254864064,44191
254870239,44190
254876374,44174
254882583,44187
254887803,44187
254893984,44179
254900148,44183
254906361,44181
254912496,44188
254918604,44185
254924793,44192
254930997,44188
254937206,44191
254943415,44199
254955561,44197
254962378,44198
254967898,44231
254974054,44244
254980316,44242
254986547,44238
254992767,44240
254998994,44252
255005155,44252
255011335,44251
255016510,44244
255022740,44247
255028928,44256
255035067,44257
255041301,44258
255047491,44260
255053630,44258
255059794,44254
255066007,44263
255072189,44268
255078415,44263
255084584,44264
255090016,44265
255096160,44266
255101396,44265
255107566,44225
255113767,44230
255119966,44216
255126158,44224
255132419,44215
255138578,44209
255144774,44207
255150973,44217
255157157,44213
255163394,44217
255170212,44209
255176439,44201
255182590,44207
255188785,44195
255194994,44205
255201189,44208
255207415,44201
255213611,44199
255219764,44202
255225233,44200
255231426,44191
255236637,44204
255248241,44140
255254399,44147
255260577,44134
255266754,44150
255272998,44140
255279219,44131
255285392,44134
255291573,44135
255297713,44147
255303913,44143
255310085,44142
255316234,44137
255322423,44139
255328613,44142
255334756,44143
255340992,44144
255347187,44146
255353362,44148
255358546,44138
255364682,44144
255370844,44143
255383163,44120
255389394,44117
255395546,44120
255401689,44122
255407870,44121
255414038,44119
255420238,44122
255426438,44119
255431846,44124
255438010,44115
255444216,44123
255450383,44123
255456560,44132
255462759,44123
255468968,44124
255475175,44130
255481335,44123
255487533,44128
255492729,44126
255498899,44121
255505049,44132
255516662,44143
255522872,44140
255529068,44145
255535185,44141
255541372,44145
255547562,44140
255553719,44143
255559926,44146
255566057,44144
255571259,44149
255577458,44149
255583576,44144
255590406,44149
255596558,44147
255602700,44145
255608960,44141
255615161,44152
255621356,44155
255626794,44149
255633002,44146
255639127,44151
255645324,44215
255651504,44212
255657720,44218
255663922,44224
255670066,44222
255676233,44222
255682402,44235
255688584,44235
255694761,44232
255700982,44236
255706184,44231
255712401,44236
255718508,44242
255724659,44242
255730838,44248
255737039,44247
255743226,44250
255749444,44244
255755559,44247
255761699,44247
255767882,44249
255774053,44249
255784672,44290
255790846,44280
255797617,44291
255803857,44287
255810056,44282
255816251,44296
255822462,44293
255828635,44294
255834816,44305
255840252,44294
255846444,44290
255852650,44295
255858841,44287
255865057,44293
255871217,44290
255877402,44293
255883611,44304
255889768,44301
255895993,44300
255901196,44307
255907411,44301
255913613,44308
255919793,44344
255925996,44352
255932169,44357
255938392,44354
255944580,44353
255950759,44350
255956943,44364
255963099,44362
255969286,44364
255974731,44361
255980975,44368
255987149,44373
255993366,44368
255999572,44369
256005763,44376
256012579,44371
256018779,44371
256024998,44376
256031138,44371
256036339,44372
256042521,44370
256048717,44372
256059377,44270
256065594,44269
256071791,44266
256078018,44272
256084200,44259
256090409,44268
256096548,44267
256102692,44270
256108882,44278
256114351,44274
256120576,44268
256126743,44270
256132976,44271
256139156,44270
256145339,44265
256151535,44263
256157701,44263
256163880,44264
256170082,44265
256176242,44269
256182439,44260
256200436,44219
256206599,44225
256212871,44220
256219079,44212
256225831,44219
256232079,44217
256238244,44218
256243709,44222
256249958,44223
256256110,44218
256262320,44224
256268532,44222
256274725,44220
256280996,44216
256287133,44218
256293263,44224
256299429,44212
256304628,44217
256310801,44215
256317016,44220
256323221,44228
256329451,44224
256335565,44226
256341743,44228
256347943,44235
256354119,44235
256360344,44234
256366507,44234
256372635,44229
256378060,44235
256384246,44230
256390451,44230
256396650,44234
256402882,44239
256409086,44236
256415261,44237
256421459,44232
256427621,44240
256433779,44238
256439554,44236
256445763,44232
256451945,44247
256462573,44244
256468723,44236
256474910,44238
256481104,44229
256487303,44232
256493494,44236
256499615,44245
256505784,44243
256511967,44244
256518142,44238
256524371,44254
256530559,44252
256536733,44253
256542949,44260
256549129,44254
256555355,44259
256561546,44258
256567681,44258
256573869,44258
256580040,44255
256586255,44260
256596934,44305
256603115,44308
256609329,44317
256615538,44312
256621651,44314
256627836,44313
256634027,44322
256640199,44324
256647062,44317
256652517,44325
256658719,44327
256664954,44327
256671103,44331
256677267,44331
256683455,44330
256689648,44339
256695832,44328
256702028,44328
256708180,44329
256713401,44333
256719562,44334
256725770,44298
256731946,44373
256738127,44363
256744359,44371
256750506,44378
256756618,44373
256762811,44379
256769006,44373
256775177,44372
256781417,44374
256787526,44369
256793681,44380
256799892,44380
256806085,44383
256812309,44379
256818521,44377
256824672,44380
256830850,44382
256837044,44385
256843222,44377
256848733,44381
256854967,44378
256866185,44428
256872415,44430
256878581,44423
256884734,44418
256890927,44419
256897112,44411
256903321,44408
256909549,44409
256915706,44399
256921934,44398
256928139,44399
256934343,44393
256940528,44397
256946698,44393
256952868,44388
256959041,44385
256965233,44386
256971443,44374
256977585,44376
256983039,44367
256989192,44367
257000560,44355
257006735,44349
257012944,44348
257019119,44347
257025301,44349
257031511,44349
257037621,44346
257043781,44345
257050027,44346
257056194,44349
257062422,44347
257069301,44338
257075520,44345
257081695,44346
257087868,44339
257094006,44341
257100186,44341
257106431,44337
257112637,44336
257118063,44333
257124202,44334
257134860,44315
257141048,44321
257147193,44319
257153445,44313
257159611,44306
257165791,44310
257171968,44305
257178168,44310
257184379,44304
257190600,44314
257196815,44309
257203033,44312
257209223,44321
257215443,44313
257221576,44318
257227714,44321
257233876,44315
257240109,44319
257246351,44318
257251762,44317
257257980,44322
257269350,44336
257276143,44326
257282359,44327
257288548,44330
257294690,44320
257300884,44331
257307056,44326
257313255,44333
257319500,44331
257325620,44324
257331807,44323
257338007,44335
257343423,44328
257349625,44320
257355772,44325
257362009,44331
257368195,44330
257374356,44324
257380536,44325
257385753,44332
257391959,44334
257398124,44330
257404316,44350
257409808,44351
257416027,44353
257422153,44361
257428248,44366
257434411,44364
257447184,44362
257453448,44368
257459675,44364
257465894,44371
257472107,44366
257477327,44376
257483527,44371
257489680,44383
257496484,44380
257502650,44374
257508863,44385
257515079,44391
257521232,44389
257527439,44390
257538417,44421
257544616,44422
257550839,44432
257557017,44422
257563221,44426
257569406,44429
257575577,44424
257581766,44432
257588011,44424
257594171,44418
257600352,44427
257606548,44424
257611756,44432
257617994,44430
257624190,44435
257630379,44432
257636544,44447
257642689,44439
257648844,44448
257655072,44438
257661268,44436
257672979,44477
257679138,44476
257685331,44472
257691515,44477
257697692,44475
257704474,44476
257710647,44476
257716819,44477
257723047,44473
257729232,44478
257735431,44473
257741652,44479
257746850,44485
257753048,44481
257759208,44486
257765415,44487
257771548,44488
257777752,44497
257783960,44497
257790143,44502
257795564,44504
257801745,44508
257807950,44472
257813151,44461
257819364,44454
257825519,44459
257831615,44456
257837760,44453
257843980,44456
257850170,44446
257856419,44441
257862600,44439
257868807,44432
257875040,44432
257881185,44429
257887439,44420
257893535,44423
257899696,44420
257905815,44417
257912553,44415
257918763,44413
257924988,44412
257930402,44406
257941794,44358
257947196,44362
257953397,44359
257959578,44363
257965732,44360
257971923,44358
257978098,44366
257984303,44359
257990481,44355
257996707,44349
258002921,44356
258009100,44357
258015285,44350
258021467,44344
258027636,44349
258033794,44346
258040010,44348
258046168,44339
258052351,44347
258058572,44339
258063782,44338
258069972,44337
258076144,44311
258081542,44308
258087704,44310
258093902,44306
258100108,44318
258106289,44310
258112441,44319
258118616,44324
258125379,44313
258131569,44312
258137768,44312
258143957,44311
258150110,44306
258156280,44309
258161524,44315
258167653,44317
258173849,44318
258180028,44321
258186209,44323
258192423,44314
258198584,44322
258204787,44313
258216429,44331
258222624,44329
258228793,44328
258235014,44323
258241169,44325
258247304,44328
258253482,44332
258259683,44330
258265913,44330
258272146,44324
258278323,44327
258284496,44333
258290662,44330
258296811,44331
258303025,44336
258309182,44332
258315385,44327
258321566,44339
258327772,44338
258334555,44335
258339762,44339
258351397,44394
258356583,44386
258362748,44391
258368882,44389
258375046,44395
258381248,44401
258387475,44397
258393687,44404
258399852,44404
258406054,44400
258412223,44406
258418422,44399
258424568,44412
258430708,44413
258436860,44411
258443065,44411
258449225,44414
258455427,44423
258461586,44423
258467767,44417
258473212,44417
258484638,44468
258490061,44462
258496248,44468
258502419,44463
258508638,44463
258514820,44462
258521019,44465
258527154,44463
258533289,44453
258539457,44458
258546182,44449
258552337,44445
258558499,44451
258564692,44443
258570883,44447
258577141,44447
258583317,44455
258589488,44447
258595698,44455
258601917,44456
258607151,44455
258613372,44457
258619539,44512
258624969,44504
258631114,44514
258637228,44515
258643368,44518
258649537,44522
258655756,44527
258661949,44521
258668133,44526
258674293,44531
258687071,44529
258693269,44534
258699542,44541
258705723,44539
258711921,44538
258718069,44540
258724279,44542
258730538,44552
258736685,44546
258742888,44552
258754486,44433
258761216,44440
258767372,44440
258773559,44434
258779745,44426
258785963,44434
258792140,44434
258798400,44426
258804578,44425
258810749,44430
258816981,44428
258823135,44427
258829323,44429
258835514,44425
258841687,44428
258847898,44427
258853145,44427
258859368,44424
258865571,44414
258871755,44417
258877191,44424
258888539,44400
258894035,44403
258900185,44401
258906306,44402
258912445,44401
258918644,44398
258924808,44404
258931055,44402
258937184,44395
258943384,44396
258949576,44396
258955774,44390
258961972,44396
258968129,44396
258974971,44390
258981160,44396
258987336,44390
258993502,44392
258999694,44388
259005918,44394
259011126,44386
259017350,44387
259023576,44365
259028998,44357
259035162,44364
259041326,44361
259047506,44372
259053747,44369
259059948,44366
259066115,44374
259072254,44372
259078463,44368
259084656,44363
259090834,44374
259097012,44371
259103178,44377
259109377,44375
259115556,44377
259121757,44377
259126971,44383
259133149,44376
259139352,44379
259145580,44366
259151771,44368
259163342,44370
259169522,44380
259175694,44365
259182452,44385
259188672,44383
259194903,44380
259201118,44382
259207258,44380
259213450,44381
259219648,44390
259225793,44386
259232026,44392
259238171,44394
259244338,44394
259250524,44394
259256731,44395
259261937,44396
259268118,44402
259274301,44406
259279760,44406
259285964,44405
259297437,44434
259302854,44439
259309037,44443
259315239,44445
259321428,44442
259327642,44444
259333823,44446
259340032,44445
259346182,44446
259352327,44438
259358524,44449
259364700,44447
259370924,44446
259377088,44456
259383222,44450
259389398,44447
259396291,44455
259401490,44457
259407673,44463
259413816,44454
259420022,44467
259431657,44522
259436865,44522
259443062,44522
259449223,44518
259455382,44523
259461566,44517
259467696,44521
259473919,44528
259480122,44527
259486313,44518
259492505,44514
259498632,44519
259504751,44523
259510942,44526
259517125,44525
259523352,44524
259529545,44521
259534944,44527
259541125,44524
259547281,44529
259553493,44531
259559715,44526
259565913,44586
259572102,44577
259578309,44582
259584492,44566
259590716,44565
259596915,44571
259603776,44579
259610023,44578
259616174,44579
259622343,44577
259628514,44562
259634699,44558
259640862,44551
259647079,44546
259653257,44535
259659469,44533
259665660,44536
259670886,44524
259677081,44517
259683288,44515
259689487,44504
259694918,44506
259706284,44468
259711762,44473
259717937,44471
259724095,44471
259730256,44465
259736449,44471
259742654,44474
259748867,44481
259755058,44472
259761215,44472
259767374,44478
259773539,44469
259779729,44471
259785999,44473
259792130,44471
259798293,44481
259804458,44472
259809704,44484
259816552,44468
259822702,44480
259828130,44474
259834267,44469
259840429,44464
259845633,44461
259851821,44457
259858044,44454
259864248,44461
259870453,44454
259876605,44458
259882748,44460
259888934,44460
259895112,44456
259901305,44453
259907497,44453
259913670,44464
259919851,44456
259932699,44458
259938142,44455
259944354,44448
259950586,44454
259956783,44453
259961991,44456
259968180,44456
259974359,44537
259979845,44531
259986040,44528
259992239,44537
259998427,44533
260004636,44533
260010791,44536
260017040,44537
260023224,44525
260029402,44534
260036178,44525
260042340,44531
260048514,44530
260054723,44522
260060921,44526
260067129,44523
260072316,44515
260078541,44516
260084717,44525
260090909,44514
260096406,44518
260102579,44519
260113170,44543
260119340,44558
260125524,44556
260131734,44548
260137977,44557
260144162,44553
260150394,44557
260156568,44558
260162697,44566
260168859,44563
260175022,44562
260181212,44572
260187402,44569
260193589,44571
260199754,44572
260206004,44570
260211445,44581
260217660,44573
260223860,44578
260229091,44583
260235261,44583
260242111,44588
260252847,44600
260259021,44594
260265205,44600
260271399,44589
260277553,44591
260283721,44592
260289941,44601
260296092,44595
260302255,44595
260308495,44598
260314691,44599
260320896,44596
260327095,44594
260333262,44610
260339482,44610
260345662,44600
260351820,44609
260358033,44604
260363484,44608
260369669,44613
260375850,44615
260387246,44692
260393473,44682
260399629,44690
260405795,44694
260411969,44692
260418130,44701
260424383,44698
260430549,44690
260436684,44696
260442866,44701
260449097,44692
260455883,44695
260462131,44686
260468342,44697
260474547,44701
260480689,44691
260486141,44691
260492307,44687
260498466,44692
260504635,44646
260510825,44681
260521446,44574
260527638,44574
260533890,44572
260540092,44578
260546273,44574
260552464,44568
260558597,44567
260564765,44570
260570942,44564
260577103,44566
260583277,44570
260589474,44575
260595635,44572
260601799,44568
260607988,44563
260614169,44568
260620388,44568
260626552,44576
260632703,44573
260638859,44568
260645085,44565
260656021,44537
260662730,44543
260668958,44541
260675135,44547
260681251,44543
260687446,44539
260693625,44542
260699806,44547
260706065,44543
260712205,44544
260718337,44547
260724567,44542
260730781,44547
260736996,44544
260743175,44552
260749360,44544
260755561,44544
260760782,44543
260766967,44542
260772409,44550
260778545,44533
260789984,44527
260796152,44522
260802364,44521
260808553,44527
260814721,44526
260820941,44518
260827144,44531
260833359,44526
260839544,44535
260845697,44533
260851888,44527
260858081,44535
260864254,44534
260871124,44535
260877380,44536
260883577,44529
260889752,44537
260895917,44536
260902093,44534
260907513,44540
260913689,44548
260925162,44545
260930642,44559
260936825,44542
260943065,44549
260949239,44550
260955438,44550
260961617,44553
260967755,44556
260973962,44549
260980138,44544
260986283,44550
260992471,44554
260998632,44550
261004824,44559
261011077,44553
261017241,44555
261023448,44559
261029639,44557
261035805,44556
261040290,44555
261046472,44563
261058061,44612
261064278,44617
261070461,44619
261076658,44619
261083430,44607
261089623,44624
261095784,44623
261102001,44623
261108159,44621
261114294,44623
261120485,44630
261126708,44634
261132898,44634
261139106,44637
261145233,44634
261151421,44640
261157614,44645
261163809,44639
261170037,44651
261188077,44647
261194274,44658
261199749,44659
261205885,44662
261212122,44665
261218320,44664
261224496,44665
261230657,44662
261236816,44669
261243035,44671
261249163,44679
261255328,44644
261261536,44678
261267718,44677
261273948,44679
261280149,44676
261286328,44676
261292540,44681
261299263,44674
261305455,44681
261309910,44682
261316092,44680
261322264,44755
261328485,44743
261333954,44751
261340140,44744
261346296,44747
261352458,44742
261358652,44743
261364789,44738
261371011,44732
261377218,44717
261383321,44716
261389511,44710
261395700,44699
261401868,44704
261408097,44697
261414257,44690
261420448,44702
261426704,44700
261432871,44686
261439073,44681
261444275,44685
261449679,44681
261455834,44678
261462054,44634
261468220,44625
261474414,44630
261480558,44631
261486748,44628
261492968,44628
261499143,44628
261505288,44628
261512097,44626
261518228,44629
261524423,44630
261530611,44633
261536777,44631
261542984,44628
261549153,44633
261555331,44634
261561511,44643
261567704,44643
261573859,44640
261579100,44644
261585266,44642
261591481,44644
261603126,44600
261608315,44600
261614497,44597
261620669,44596
261626866,44581
261633095,44593
261639275,44587
261645497,44586
261651646,44586
261657796,44634
261663992,44585
261670190,44588
261676405,44587
261682597,44585
261688758,44584
261694969,44588
261701148,44585
261707314,44583
261713532,44592
261720345,44586
261726554,44586
261732744,44657
261738923,44659
261745177,44659
261751385,44660
261757587,44663
261763786,44660
261769910,44666
261776104,44662
261782307,44667
261788523,44662
261794704,44662
261800890,44657
261807078,44651
261813263,44656
261819522,44662
261825666,44655
261831836,44650
261838031,44650
261844256,44643
261850501,44648
261855312,44646
261861505,44635
261872896,44647
261879075,44651
261885273,44665
261891517,44659
261897678,44672
261903819,44678
261909987,44677
261916188,44674
261922361,44682
261929258,44675
261935514,44684
261941719,44680
261947903,44695
261954074,44685
261960303,44685
261966484,44679
261972671,44683
261978826,44678
261985039,44683
261989823,44688
261996038,44681
262007430,44697
262013589,44698
262019053,44699
262025178,44709
262031271,44704
262037458,44704
262043635,44709
262049808,44711
262056037,44716
262062259,44716
262068461,44727
262074677,44718
262080950,44720
262087213,44727
262093420,44723
262099650,44724
262105836,44727
262112053,44735
262118285,44731
262123489,44737
262129650,44731
262142003,44760
262148188,44758
262153624,44757
262159834,44764
262166045,44761
262172223,44771
262178392,44773
262184576,44764
262190774,44767
262196993,44771
262203152,44771
262209293,44775
262215475,44771
262221682,44772
262227911,44773
262234135,44769
262240268,44772
262246416,44776
262252573,44780
262257823,44784
262264044,44780
262270234,44785
262276439,44817
262282612,44814
262288078,44807
262294322,44801
262300484,44804
262306656,44796
262312830,44784
262319030,44787
262325184,44786
262331391,44779
262337573,44774
262343747,44764
262350521,44764
262356726,44762
262362901,44754
262369111,44740
262375268,44749
262381411,44744
262387604,44749
262392832,44745
262399069,44748
262404477,44744
262415890,44710
262428950,44709
262435214,44697
262441392,44692
262447588,44699
262453750,44700
262459992,44704
262466211,44692
262472413,44690
262478566,44690
262484782,44691
262491021,44691
262497231,44689
262503360,44694
262509553,44690
262515738,44692
262520917,44690
262527105,44687
262533316,44685
262538791,44685
262545000,44683
262551170,44683
262557355,44692
262564217,44680
262570418,44689
262576598,44677
262582794,44675
262589016,44679
262595221,44676
262601405,44682
262607608,44681
262613791,44672
262619974,44676
262626182,44676
262632345,44672
262638564,44672
262644728,44669
262650912,44671
262656161,44668
262662338,44673
262668558,44672
262673983,44670
262685392,44696
262691601,44687
262697068,44690
262703218,44691
262709392,44696
262715556,44695
262721716,44691
262727884,44683
262734107,44699
262740277,44689
262746428,44688
262752657,44686
262758833,44691
262765070,44702
262771238,44692
262778081,44690
262784256,44691
262790421,44697
262796603,44691
262802767,44699
262807972,44692
262819573,44758
262825809,44758
262831062,44758
262837220,44760
262843425,44755
262849587,44764
262855784,44767
262861924,44770
262868157,44767
262874324,44776
262880527,44775
262886721,44767
262892901,44771
262899112,44768
262905302,44778
262911516,44777
262917661,44779
262923805,44783
262930020,44780
262936240,44781
262942467,44786
262954108,44811
262960318,44811
262965504,44811
262971672,44819
262977836,44817
262984524,44817
262990663,44820
262996835,44825
263003062,44820
263009209,44816
263015449,44823
263021622,44826
263027841,44829
263034014,44827
263040196,44832
263046370,44831
263052586,44824
263058718,44831
263064908,44830
263070352,44834
263076590,44833
263081810,44830
263087979,44855
263094175,44860
263099594,44856
263105779,44852
263111970,44855
263118175,44854
263124310,44852
263130491,44846
263136676,44838
263142870,44847
263149088,44834
263155242,44836
263161408,44836
263167558,44829
263173759,44828
263179932,44825
263186114,44821
263192282,44819
263199108,44812
263204338,44808
263210542,44801
263215970,44804
263227433,44748
263233621,44752
263239054,44750
263245185,44743
263251334,44735
263257512,44743
263263726,44740
263269959,44741
263276194,44736
263282341,44736
263288512,44732
263294732,44735
263300874,44725
263307080,44726
263313247,44724
263319408,44723
263325585,44715
263331778,44723
263337976,44722
263343228,44727
263349431,44717
263355623,44720
263361801,44710
263367986,44709
263373392,44708
263379546,44709
263385715,44702
263391863,44705
263398091,44701
263404279,44707
263411113,44699
263417247,44697
263423408,44693
263429618,44698
263435811,44689
263442040,44692
263448197,44696
263454338,44695
263460552,44686
263466754,44682
263472967,44688
263479171,44686
263485324,44679
263490537,44678
263502170,44708
263507341,44715
263513515,44712
263519638,44722
263525762,44707
263531937,44723
263538135,44716
263544310,44722
263550543,44721
263556687,44719
263562905,44724
263569089,44720
263575275,44726
263581457,44721
263587608,44720
263593718,44721
263599910,44723
263606098,44727
263612276,44717
263619097,44716
263625255,44714
263636967,44708
263642167,44710
263648303,44706
263654519,44724
263660682,44720
263673728,44720
263680009,44716
263686235,44722
263692421,44722
263698596,44726
263704804,44721
263710997,44725
263717214,44726
263723356,44730
263729519,44725
263735742,44729
263741913,44728
263747128,44725
263753305,44729
263759550,44727
263765781,44774
263771203,44775
263777362,44773
263783515,44775
263789684,44780
263795843,44781
263802053,44780
263808222,44777
263814412,44783
263820555,44779
263826745,44777
263833564,44783
263839735,44784
263845857,44780
263852068,44784
263858252,44777
263864420,44781
263870658,44782
263876883,44785
263882146,44784
263888401,44779
263894658,44778
263904525,44812
263910653,44807
263916819,44803
263922988,44815
263929159,44825
263935347,44823
263941553,44820
263947655,44824
263953852,44826
263960084,44825
263966264,44832
263972439,44836
263978631,44837
263984784,44835
263990946,44844
263997120,44847
264003290,44833
264009526,44846
264015673,44841
264021121,44846
264027306,44849
264033522,44840
264044829,44734
264051011,44736
264057210,44746
264063356,44733
264069579,44734
264075749,44727
264081974,44727
264088177,44726
264094351,44727
264100513,44730
264106677,44725
264112831,44726
264119016,44723
264125212,44713
264131417,44714
264137652,44722
264143821,44718
264150008,44717
264155470,44716
264161671,44717
264167847,44716
264177860,44676
264184033,44673
264190188,44674
264196316,44674
264202499,44671
264208683,44673
264214872,44662
264221096,44668
264227284,44664
264233465,44699
264239632,44675
264245792,44663
264252530,44671
264258763,44674
264264934,44668
264271174,44673
264277337,44673
264283523,44666
264288725,44667
264294929,44662
264301126,44658
264311078,44651
264317285,44647
264323545,44645
264329680,44652
264335869,44653
264342064,44650
264348273,44645
264354505,44653
264360691,44649
264366887,44656
264373104,44658
264379258,44650
264385475,44660
264391661,44658
264397880,44657
264404063,44656
264410259,44664
264416467,44659
264422639,44666
264428799,44660
264434967,44666
264445915,44691
264452139,44696
264458272,44693
264465079,44693
264471282,44692
264477457,44703
264483632,44701
264489853,44693
264496123,44691
264502267,44703
264508437,44709
264514612,44713
264520822,44705
264527042,44711
264533226,44706
264539401,44709
264545589,44712
264551772,44723
264557948,44713
264563226,44717
264569400,44722
264580364,44764
264585534,44774
264591706,44778
264597877,44775
264604111,44773
264610290,44779
264616482,44778
264622626,44777
264628789,44779
264634972,44778
264641140,44792
264647322,44801
264653529,44785
264659704,44791
264665887,44791
264672569,44794
264678788,44796
264684964,44795
264691205,44747
264697377,44793
264703578,44805
264714543,44826
264720747,44825
264726906,44820
264733146,44822
264739351,44825
264745525,44825
264751766,44827
264758005,44827
264764227,44835
264770379,44829
264776539,44845
264782735,44798
264788874,44836
264795099,44846
264801292,44844
264807460,44838
264813670,44852
264819872,44844
264826101,44837
264832275,44843
264837484,44846
264849117,44882
264855308,44873
264861478,44866
264867691,44862
264873898,44862
264880119,44861
264886993,44849
264893232,44839
264899417,44843
264905622,44836
264918408,44828
264924616,44829
264930867,44823
264937079,44822
264943248,44812
264949482,44821
264955687,44803
264961855,44809
264967296,44805
264978688,44780
264984124,44787
264990275,44777
264996436,44779
265002601,44763
265008805,44772
265015017,44762
265021188,44762
265027316,44754
265033494,44763
265039676,44763
265045822,44756
265052003,44764
265058180,44757
265064346,44754
265070545,44752
265076768,44740
265082989,44747
265089203,44751
265095379,44736
265101264,44740
265107471,44744
265113637,44735
265119122,44741
265125275,44731
265131477,44730
265136665,44732
265142838,44727
265149031,44728
265155224,44724
265161382,44723
265167598,44724
265173723,44722
265179864,44724
265186029,44722
265192185,44725
265198364,44716
265204575,44720
265210701,44712
265216874,44720
265223073,44714
265229251,44715
265235483,44713
265241621,44713
265247756,44750
265253187,44744
265259308,44749
265265495,44745
265271728,44746
265277946,44746
265284175,44749
265290290,44749
265296440,44739
265302647,44750
265309454,44747
265315676,44743
265321847,44750
265328045,44742
265334227,44741
265340428,44745
265346583,44737
265352808,44739
265359009,44739
265365215,44750
265371357,44743
265376553,44744
265387514,44767
265393719,44763
265399919,44764
265406160,44765
265411348,44766
265417541,44770
265423677,44771
265429844,44765
265436035,44765
265442203,44771
265448319,44774
265454543,44773
265460678,44778
265466907,44779
265473115,44780
265479288,44778
265485508,44776
265491661,44784
265497863,44781
265504091,44784
265509514,44783
265515645,44793
265521719,44826
265527930,44820
265534138,44832
265540294,44820
265546462,44826
265552638,44816
265558831,44824
265565034,44823
265571208,44829
265577381,44821
265583567,44832
265589721,44829
265595929,44835
265602148,44832
265608296,44834
265614416,44844
265620574,44843
265626784,44837
265633034,44844
265639200,44850
265644365,44842
265650579,44845
265661216,44896
265667453,44902
265673653,44896
265679812,44895
265686016,44889
265691458,44895
265697643,44891
265703842,44893
265710027,44896
265716234,44893
265722372,44897
265729197,44890
265735319,44896
265741511,44892
265747738,44891
265753915,44892
265760138,44884
265766330,44894
265772484,44881
265778638,44883
265784806,44881
265796201,44821
265802355,44814
265808563,44811
265814709,44809
265820913,44809
265826398,44818
265832614,44818
265838792,44812
265845031,44810
265851222,44815
265857369,44806
265863564,44810
265869737,44802
265875969,44805
265882174,44805
265888325,44814
265894534,44807
265900759,44808
265906929,44802
265913139,44805
265918375,44805
265924559,44806
265930012,44808
265936220,44812
265943083,44817
265949249,44817
265955404,44815
265960608,44819
265966777,44814
265972954,44813
265979135,44815
265985317,44806
265991549,44818
265997714,44810
266003878,44815
266010099,44812
266016269,44819
266022475,44815
266028670,44810
266034833,44811
266041045,44811
266047201,44814
266052625,44807
266058774,44805
266064951,44837
266071146,44837
266077271,44839
266083418,44840
266089583,44841
266094818,44847
266101031,44846
266107179,44851
266113368,44841
266119579,44850
266125740,44851
266131919,44857
266138135,44849
266144294,44853
266151147,44849
266164165,44848
266170390,44853
266176618,44852
266181834,44856
266187975,44863
266199608,44861
266205799,44855
266212033,44864
266218236,44863
266224433,44859
266230633,44864
266236828,44864
266243036,44870
266249242,44869
266255389,44865
266261558,44871
266267729,44864
266273922,44859
266280136,44881
266286294,44876
266292434,44882
266298659,44881
266304885,44880
266311148,44887
266316352,44886
266322571,44894
266334212,44939
266340405,44947
266346616,44949
266352812,44947
266359007,44947
266365176,44954
266371324,44944
266377527,44947
266383733,44948
266389903,44944
266396137,44949
266402335,44946
266408525,44950
266414718,44942
266420923,44950
266427153,44952
266433285,44948
266439489,44946
266445653,44947
266450840,44955
266456999,44951
266468627,44987
266473865,45000
266480080,45006
266486274,45000
266492473,45001
266498721,45002
266504125,45000
266510316,45006
266516469,45012
266522648,45020
266528818,45008
266535038,45010
266541251,45017
266547412,45018
266553592,45019
266559766,45016
266565935,45021
266572158,45020
266579016,45021
266585226,45019
266591385,45027
266602763,44943
266608196,44947
266614407,44945
266620562,44943
266626752,44934
266632966,44933
266638235,44931
266644462,44934
266650643,44932
266656808,44931
266662953,44921
266669117,44924
266675280,44924
266681460,44924
266687655,44926
266693782,44924
266699945,44921
266706182,44912
266712374,44917
266718570,44918
266724696,44914
266730886,44909
266737084,44881
266742512,44882
266748678,44889
266754875,44883
266761107,44879
266767265,44881
266772440,44882
266778672,44891
266785436,44877
266791641,44882
266797767,44885
266803954,44882
266810162,44880
266816330,44888
266822550,44883
266828730,44880
266834950,44885
266841158,44885
266847312,44888
266853536,44884
266859678,44877
266865085,44879
266876479,44854
266882664,44857
266888799,44855
266894991,44851
266901184,44862
266907369,44853
266913578,44858
266919714,44862
266925868,44869
266932056,44860
266938218,44873
266944413,44863
266950630,44867
266956767,44867
266962954,44876
266969170,44868
266975417,44872
266981650,44876
266987782,44879
266994543,44876
267000031,44871
267011464,44879
267016946,44892
267023156,44884
267029375,44887
267035539,44878
267041724,44884
267047884,44887
267054075,44886
267060218,44882
267066346,44889
267072532,44884
267078765,44885
267084925,44877
267091153,44886
267097313,44891
267103536,44884
267109727,44881
267115866,44874
267122051,44885
267128249,44887
267134421,44878
267145820,44928
267151265,44940
267157436,44937
267163620,44939
267169841,44937
267176058,44948
267182245,44948
267188379,44948
267194515,44957
267200716,44950
267207535,44952
267213739,44958
267219949,44963
267226172,44960
267232345,44958
267238563,44961
267244728,44957
267250886,44962
267257124,44955
267263281,44952
267269427,44968
267280192,44981
267285623,44976
267291838,44991
267298056,44981
267304272,44983
267310422,44985
267316586,44989
267322741,44999
267327925,44994
267334104,44997
267340294,44998
267346497,44997
267352678,44996
267358864,44998
267365072,45002
267371254,45004
267377463,44995
267383631,44999
267389803,44998
267395969,45016
267414290,45047
267420573,45055
267427385,45049
267433604,45059
267439762,45051
267445948,45053
267452148,45064
267458309,45067
267464507,45061
267470694,45071
267476868,45067
267483062,45078
267489252,45071
267495472,45078
267501673,45080
267507853,45076
267514014,45079
267520186,45075
267526381,45069
267532581,45070
267543198,44982
267549362,44987
267554824,44989
267561018,44989
267567227,44988
267573414,44985
267579596,44979
267585791,44978
267591937,44981
267598149,44983
267604336,44986
267610534,44985
267616757,44987
267622931,44984
267629148,44984
267636015,44987
267642227,44977
267648352,44987
267654552,44976
267660747,44976
267666900,44963
267677730,44951
267683918,44945
267689356,44946
267695526,44937
267701734,44931
267707937,44947
267714166,44944
267720332,44943
267726504,44946
267732690,44940
267737922,44936
267744134,44937
267750283,44937
267756495,44930
267762634,44933
267768776,44935
267774948,44933
267781123,44928
267787321,44938
267793524,44935
267799650,44932
267805813,44931
267817462,44913
267823650,44913
267829839,44923
267836079,44918
267842877,44917
267849072,44916
267855236,44922
267861398,44920
267867602,44917
267873794,44925
267879988,44921
267886207,44931
267892356,44939
267898536,44935
267904724,44933
267910892,44923
267917062,44933
267923256,44938
267929420,44941
267935589,44929
267941784,44934
267947931,44915
267953169,44912
267959339,44922
267964776,44915
267970975,44918
267977159,44919
267983338,44917
267989494,44926
267995667,44930
268001855,44936
268008075,44923
268014238,44927
268020416,44934
268026612,44933
268032797,44931
268038987,44933
268045170,44927
268051966,44932
268058157,44940
268064332,44930
268070501,44939
268076706,44938
268087446,44971
268093630,44979
268099116,44977
268105285,44977
268111426,44974
268117553,44981
268123776,44980
268129964,44976
268136178,44980
268142393,44979
268148608,44978
268154799,44984
268160986,44983
268167205,44981
268173340,44996
268179516,44991
268185730,44986
268191883,44992
268198096,44991
268204253,44997
268210421,44997
268221145,45014
268227308,45007
268232793,45012
268238978,45016
268245166,45011
268251304,45010
268257466,45023
268264348,45013
268270535,45016
268276753,45009
268282956,45023
268289170,45018
268295366,45010
268301577,45012
268307782,45009
268313970,45014
268320196,45007
268326358,45006
268332545,45007
268338766,45006
268344929,45002
268355721,45080
268361883,45068
268367282,45089
268373425,45083
268379573,45081
268385752,45090
268391927,45085
268398165,45083
268404343,45084
268410528,45079
268416729,45083
268422928,45081
268429176,45074
268435323,45042
268441525,45076
268447735,45072
268453864,45069
268460052,45068
268466239,45062
268472956,45061
268479177,45050
268489888,44979
268496078,44980
268501544,44985
268507705,44989
268513915,44982
268520098,44987
268526279,44983
268532425,44978
268538615,44986
268544822,44990
268551027,44977
268557251,44979
268563418,44983
268569620,44979
268575817,44986
268582002,44984
268588182,44981
268594347,44981
268600525,44975
268606720,44985
268612904,44979
268619111,44980
268629926,44981
268636138,44974
268642326,44970
268655344,44972
268661572,44964
268667794,44968
268673982,44956
268680208,44962
268687046,44955
268693284,44957
268699474,44958
268704672,44954
268710862,44951
268717077,44947
268723278,44956
268729434,44943
268735676,44951
268741853,44950
268748092,44947
268758703,44941
268764862,44945
268771030,44944
268777231,44949
268783407,44936
268789601,44944
268795760,44942
268801949,44950
268808118,44950
268814303,44948
268820478,44958
268826689,44951
268832850,44952
268839020,44965
268845222,44965
268851364,44969
268857587,44964
268863732,44956
268869895,44969
268876120,44965
268882301,44967
268888490,44941
268895325,44940
268901618,44941
268907128,44939
268913320,44935
268919518,44947
268925700,44941
268931875,44946
268938110,44938
268944274,44944
268950485,44942
268956671,44940
268962884,44943
268969102,44949
268975275,44939
268980468,44949
268986644,44941
268992766,44941
268998963,44948
269005180,44953
269011374,44962
269017602,44962
269028264,45002
269034429,45003
269039888,45000
269046106,44991
269052299,44993
269058465,44991
269064644,44994
269070830,44993
269077054,44995
269083269,44990
269089447,44992
269095644,44986
269101828,44983
269108652,44989
269114827,44986
269120994,44988
269127212,44984
269133377,44987
269139579,44990
269145756,44997
269151939,44996
269157187,44994
269163344,45041
269169569,45047
269175027,45045
269181225,45037
269187356,45041
269193513,45040
269199663,45033
269205854,45047
269212081,45044
269218283,45034
269224454,45042
269230654,45036
269236880,45043
269243101,45047
269249283,45041
269254481,45040
269260721,45037
269266888,45041
269273101,45051
269279283,45047
269285516,45044
269291683,45051
269303269,45014
269308448,45010
269314664,45002
269321516,45001
269327693,44992
269333885,44992
269340106,44993
269346304,44989
269352507,44987
269358704,44975
269364854,44984
269371029,44973
269377205,44974
269383382,44972
269389572,44975
269395747,44967
269401907,44966
269408089,44958
269414251,44956
269420422,44958
269426611,44949
269437261,44890
269442688,44889
269448865,44886
269455074,44892
269461275,44889
269467461,44894
269473617,44893
269479820,44896
269485977,44891
269492191,44893
269498330,44894
269504527,44893
269510751,44895
269516934,44898
269523165,44898
269530007,44895
269536227,44889
269542401,44892
269548613,44893
269554810,44887
269560975,44895
269571718,44853
269577868,44845
269584101,44847
269590304,44841
269596501,44839
269602719,44843
269608827,44846
269615032,44837
269621213,44844
269627403,44842
269633598,44845
269639747,44843
269645888,44843
269652042,44842
269658235,44845
269664400,44840
269669870,44841
269676087,44840
269682276,44847
269688452,44853
269694609,44847
269705996,44856
269712185,44857
269717599,44856
269723788,44856
269729954,44857
269736199,44856
269743098,44860
269749279,44863
269755412,44859
269761592,44857
269767808,44860
269773998,44859
269780234,44859
269786394,44854
269792597,44853
269798790,44857
269804964,44850
269811184,44861
269817352,44858
269823546,44854
269829728,44845
269840546,44868
269846729,44862
269852163,44870
269858346,44872
269864566,44867
269870719,44876
269876934,44879
269883126,44880
269889320,44884
269902123,44877
269908335,44877
269914575,44885
269920760,44885
269926902,44889
269933140,44892
269939302,44896
269944780,44895
269950944,44892
269957750,44904
269963976,44898
269970217,44914
269976404,44906
269981624,44912
269987819,44899
269993961,44907
270000125,44911
270006307,44915
270012506,44905
270018760,44912
270024894,44910
270031041,44916
270037258,44909
270043417,44915
270049616,44908
270055757,44914
270061939,44910
270068123,44908
270074280,44912
270079684,44917
270085861,44911
270092077,44910
270098275,44914
270109662,44960
270115857,44961
270122002,44959
270128147,44964
270134340,44968
270140538,44976
270146717,44977
270152888,44988
270159044,44984
270165774,44985
270172000,44997
270178202,44981
270184384,44990
270190622,44995
270196761,44991
270202911,44996
270209105,44995
270214550,45003
270220772,44993
270226960,44993
270233177,44993
270243905,44874
270250098,44866
270255487,44872
270261617,44864
270267809,44853
270273991,44850
270280233,44849
270286366,44846
270292547,44845
270298732,44837
270304942,44846
270311144,44844
270317336,44843
270323483,44839
270329676,44843
270335860,44841
270341997,44836
270348217,44836
270354355,44834
270360533,44834
270366696,44838
270378052,44787
270384243,44788
270389666,44789
270395833,44787
270402018,44787
270408229,44793
270414419,44794
270420624,44790
270426808,44790
270433042,44785
270439283,44790
270445469,44787
270451657,44785
270457852,44787
270464025,44786
270470219,44784
270476386,44782
270482574,44780
270488764,44775
270494952,44773
270501208,44769
270507385,44773
270512588,44751
270518718,44745
270524156,44750
270530316,44745
270536468,44745
270542637,44745
270548823,44749
270555016,44745
270561216,44743
270567386,44748
270573546,44745
270579746,44740
270586418,44750
270592586,44747
270598795,44745
270604947,44746
270611163,44748
270617365,44746
270622592,44741
270628758,44748
270634953,44746
270641150,44755
270647311,44751
270653475,44738
270658930,44748
270665182,44745
270671343,44756
270677509,44753
270683698,44755
270689898,44752
270696078,44755
270702307,44754
270708470,44752
270714631,44752
270720837,44763
270727003,44751
270733227,44760
270739335,44753
270745516,44751
270751662,44761
270756878,44759
270763098,44751
270769280,44755
270775436,44751
270787128,44762
270793958,44761
270800212,44762
270806364,44757
270812578,44763
270818798,44767
270824981,44764
270831197,44766
270837358,44766
270843550,44763
270849728,44780
270855912,44775
270862100,44780
270868301,44778
270874420,44778
270880586,44785
270886797,44783
270892027,44788
270898245,44796
270904414,44797
270910627,44800
270922209,44771
270927413,44767
270932887,44765
270939098,44763
270945276,44763
270951425,44769
270957644,44769
270963869,44767
270970102,44759
270976285,44760
270982414,44770
270988601,44772
270994760,44763
271000933,44758
271007691,44759
271013864,44762
271020079,44762
271026274,44765
271032379,44760
271038546,44763
271044704,44761
271056091,44807
271061518,44809
271067692,44824
271073869,44814
271080089,44815
271086268,44815
271092417,44809
271098582,44810
271104777,44816
271110969,44816
271117201,44805
271123365,44797
271129572,44798
271142362,44799
271148619,44801
271154859,44795
271161071,44782
271167258,44785
271173454,44780
271179679,44775
271185817,44683
271191264,44676
271197384,44677
271202580,44672
271208761,44665
271214942,44667
271221764,44661
271227926,44663
271234188,44668
271240380,44658
271246595,44655
271252750,44663
271258844,44654
271265027,44655
271271203,44657
271277354,44658
271283622,44656
271289803,44651
271295974,44646
271302149,44645
271308329,44652
271314560,44645
271325198,44602
271331357,44608
271336782,44600
271342945,44602
271349228,44608
271355389,44602
271361557,44594
271367746,44593
271373951,44601
271380201,44588
271386387,44600
271392507,44594
271398713,44592
271404884,44587
271411089,44589
271417315,44594
271423483,44587
271430281,44593
271436424,44591
271442610,44587
271448823,44582
271459647,44575
271465820,44589
271471238,44581
271477414,44583
271483620,44580
271489783,44585
271495959,44579
271502202,44584
271508345,44590
271514549,44574
271520744,44587
271526921,44591
271533129,44587
271539290,44589
271545468,44586
271551684,44590
271557880,44592
271564028,44582
271570285,44591
271575464,44587
271581682,44591
271587808,44589
271593996,44616
271600185,44619
271605606,44615
271611760,44614
271617958,44619
271624195,44623
271630357,44623
271636559,44628
271643351,44617
271649550,44623
271655729,44624
271661897,44620
271668086,44620
271674280,44617
271680423,44617
271686638,44617
271692843,44618
271699017,44625
271705234,44627
271710388,44619
271716598,44612
271722745,44631
271733359,44670
271739560,44671
271745741,44667
271751907,44672
271758064,44673
271764250,44665
271770400,44670
271776621,44669
271782790,44674
271788939,44676
271795078,44680
271801240,44675
271807384,44688
271813603,44688
271819769,44681
271825962,44691
271832166,44690
271838346,44684
271843812,44687
271850607,44687
271856816,44696
271868234,44712
271874386,44721
271879864,44731
271886133,44725
271892370,44728
271898577,44722
271904744,44730
271910913,44726
271917120,44739
271923302,44723
271929424,44737
271935586,44732
271941755,44730
271947957,44728
271954220,44729
271960359,44732
271966504,44736
271972678,44737
271978871,44743
271985036,44745
271991217,44745
272002573,44690
272008015,44689
272014224,44679
272020374,44671
272026586,44679
272032768,44670
272038916,44667
272045120,44668
272051322,44656
272057455,44661
272064271,44664
272070380,44652
272076577,44653
272082764,44646
272088984,44648
272095230,44649
272101395,44640
272107570,44641
272113765,44642
272118969,44640
272125160,44640
272131328,44638
272137474,44606
272142940,44607
272149174,44606
272154369,44606
272160589,44610
272166750,44610
272172938,44604
272179136,44619
272185290,44610
272191433,44607
272197630,44608
272203783,44606
272209932,44613
272216078,44610
272222271,44616
272228454,44614
272234654,44612
272240798,44606
272246961,44619
272253141,44607
272258589,44613
272264815,44610
272271617,44598
272276828,44594
272282987,44599
272288402,44595
272294567,44599
272300731,44605
272306898,44606
272313078,44612
272319290,44608
272325414,44612
272331615,44606
272337803,44602
272344010,44605
272350208,44612
272356375,44608
272362534,44615
272368701,44616
272374905,44610
272387720,44612
272393933,44617
272400225,44618
272406371,44624
272412540,44621
272417724,44629
272423873,44621
272430036,44621
272436249,44627
272442458,44628
272448675,44624
272454852,44627
272461026,44615
272467211,44628
272473413,44623
272479674,44624
272486467,44623
272492727,44621
272498913,44627
272505134,44632
272511326,44635
272517476,44635
272523688,44626
272529852,44641
272541445,44684
272546661,44688
272552119,44686
272558312,44696
272564472,44690
272570666,44694
272576857,44692
272583046,44691
272589247,44691
272595418,44700
272601553,44687
272607710,44692
272613928,44696
272620151,44706
272626322,44697
272632494,44695
272638689,44692
272644904,44695
272651114,44694
272657308,44693
272663455,44701
272668650,44691
272674803,44748
272680975,44740
272687165,44738
272693349,44741
272700133,44746
272706332,44752
272712539,44740
272718733,44740
272724932,44749
272731018,44752
272737256,44750
272743404,44749
272749622,44748
272755793,44750
272761977,44757
272768177,44756
272774362,44757
272780546,44760
272786742,44759
272792887,44767
272799044,44757
272805278,44765
272811444,44778
272816935,44781
272822136,44773
272828342,44771
272834578,44769
272840738,44762
272846877,44765
272853069,44759
272859248,44753
272865422,44755
272871659,44753
272877826,44749
272884050,44742
272890266,44745
272896469,44733
272902656,44732
272909492,44727
272915715,44721
272921880,44721
272928040,44721
272934239,44716
272939656,44717
272945839,44709
272951043,44663
272956489,44662
272962742,44653
272968930,44657
272975120,44657
272981338,44667
272987452,44652
272993640,44650
272999853,44650
273006000,44657
273012232,44650
273018407,44640
273024555,44643
273030746,44644
273036957,44645
273043170,44644
273049353,44640
273055505,44633
273061659,44636
273067839,44644
273073963,44638
273079166,44631
273089734,44629
273095177,44623
273101313,44623
273107433,44624
273113624,44624
273120338,44626
273126502,44622
273132660,44632
273138824,44629
273145012,44621
273151126,44626
273157349,44625
273163568,44627
273169737,44624
273175927,44622
273182151,44617
273188328,44620
273194438,44623
273200642,44623
273206828,44625
273212030,44628
273222704,44651
273228145,44651
273234325,44660
273240517,44660
273246704,44665
273252951,44666
273259145,44650
273265317,44658
273271419,44656
273277559,44673
273283731,44665
273289903,44672
273296065,44669
273302270,44663
273308463,44675
273314663,44672
273320882,44674
273327039,44667
273333864,44674
273340020,44671
273346224,44667
273351420,44665
273362055,44706
273368266,44704
273374488,44710
273380705,44710
273386818,44721
273392991,44721
273399148,44719
273405302,44664
273411470,44725
273417670,44724
273423847,44724
273430039,44737
273436267,44729
273442478,44737
273448701,44733
273454831,44734
273460988,44729
273467194,44739
273473353,44737
273479554,44744
273485009,44743
273495767,44786
273501893,44787
273508067,44786
273514298,44789
273520494,44786
273526699,44785
273532877,44787
273539640,44789
273545826,44792
273552022,44795
273558214,44794
273564389,44796
273570608,44791
273576783,44797
273582960,44795
273589119,44788
273595299,44800
273601541,44804
273607750,44803
273613893,44802
273620083,44801
273632145,44854
273638328,44848
273644552,44850
273650719,44845
273656897,44853
273663115,44862
273669332,44857
273675464,44858
273681631,44878
273687814,44865
273694005,44857
273700264,44874
273706427,44875
273712632,44871
273718826,44875
273725017,44881
273731221,44877
273737347,44881
273743529,44886
273749721,44873
273761139,44789
273767301,44782
273772714,44780
273778887,44780
273785034,44782
273791271,44788
273797472,44778
273803622,44784
273809804,44800
273816006,44780
273822155,44784
273828321,44791
273834507,44777
273840707,44785
273846923,44781
273853168,44785
273859355,44785
273865499,44779
273871661,44784
273877848,44784
273884032,44785
273889273,44781
273900179,44743
273905380,44745
273911622,44750
273917762,44746
273923954,44746
273930154,44738
273936335,44750
273942519,44749
273948702,44749
273954879,44748
273961065,44746
273967805,44748
273973962,44742
273980219,44751
273986443,44738
273992656,44752
273998773,44746
274004896,44742
274011086,44751
274017310,44748
274023545,44744
274034410,44738
274039583,44736
274045783,44740
274051974,44743
274058138,44744
274064297,44740
274070452,44745
274076676,44745
274082807,44747
274089011,44742
274095216,44747
274101409,44744
274107628,44750
274113771,44749
274119961,44745
274126191,44756
274132356,44749
274138518,44757
274144680,44760
274150842,44756
274157030,44756
274166914,44765
274173095,44772
274179846,44762
274186043,44764
274192239,44768
274198377,44765
274204587,44763
274210756,44767
274216934,44758
274223108,44769
274229308,44761
274235484,44763
274241699,44760
274247899,44759
274254118,44753
274260322,44746
274266477,44759
274272721,44754
274278828,44753
274285032,44752
274291226,44755
274301131,44786
274307342,44783
274313567,44787
274319793,44784
274325947,44781
274332165,44796
274338386,44791
274344608,44796
274350807,44799
274357058,44803
274363309,44812
274369575,44813
274375799,44808
274382018,44814
274388844,44811
274395060,44818
274401257,44827
274407447,44820
274413678,44835
274419852,44821
274426051,44829
274435947,44881
274442157,44883
274448340,44882
274453774,44884
274459951,44885
274466136,44888
274472314,44887
274478453,44881
274484631,44885
274490836,44888
274497037,44885
274503286,44887
274509472,44888
274515642,44880
274521893,44893
274528141,44880
274534343,44880
274540490,44885
274546634,44884
274552840,44887
274559006,44894
274569828,44922
274576037,44924
274582265,44925
274587686,44917
274593839,44917
274600540,44917
274606824,44912
274613072,44910
274619339,44910
274625547,44909
274631778,44908
274638018,44900
274644243,44901
274650381,44894
274656536,44896
274662686,44899
274668856,44897
274675038,44893
274681269,44893
274687435,44891
274693604,44890
274704403,44866
274710613,44851
274716817,44852
274722261,44856
274728425,44858
274734599,44857
274740799,44859
274746992,44860
274753201,44847
274759391,44851
274765534,44856
274771731,44851
274777929,44850
274784146,44846
274790350,44850
274796546,44851
274802722,44847
274809464,44854
274815598,44846
274821860,44850
274828064,44857
274838839,44859
274845056,44860
274850490,44860
274856683,44856
274862883,44857
274869054,44860
274881824,44869
274888062,44859
274894290,44864
274900458,44857
274906649,44849
274912865,44862
274919080,44860
274925297,44849
274931444,44860
274937631,44858
274943850,44854
274950058,44866
274956284,44868
274962448,44857
274973229,44897
274979403,44898
274984872,44897
274991052,44894
274996247,44895
275002417,44891
275008643,44902
275014823,44895
275020949,44898
275027790,44890
275033978,44894
275040106,44899
275046316,44901
275052485,44904
275058726,44897
275064935,44896
275071095,44894
275077265,44894
275083476,44899
275089676,44893
275095848,44898
275106468,44935
275112697,44946
275118145,44942
275124318,44944
275129529,44945
275135713,44939
275141806,44941
275147929,44948
275154167,44938
275160345,44947
275166547,44940
275172761,44942
275178909,44935
275185126,44950
275191321,44950
275197481,44944
275203692,44949
275209881,44949
275216073,44949
275222257,44945
275228436,44961
275239694,44991
275245867,44990
275252026,44997
275257496,44997
275263661,44988
275269920,44996
275276069,44997
275282268,45008
275288410,45001
275294570,45004
275300742,44999
275306928,45004
275313145,45008
275319373,44995
275325540,45006
275331701,45013
275337887,45005
275344020,45006
275350227,45002
275356410,45011
275362586,45012
275368778,45016
275379516,45041
275385746,45038
275391151,45051
275397340,45054
275402518,45060
275408684,45050
275414877,45058
275421071,45059
275427255,45060
275433431,45057
275439662,45061
275446551,45070
275452748,45059
275458901,45061
275465055,45066
275471239,45069
275477400,45062
275483580,45061
275489809,45068
275495980,45069
275502154,45066
275512781,44976
275519000,44971
275525221,44978
275530644,44975
275536838,44975
275543021,44978
275549260,44968
275555407,44963
275561571,44968
275567747,44963
275573955,44966
275580104,44963
275586323,44961
275592451,44960
275598608,44959
275604748,44959
275610920,44951
275617106,44951
275623317,44961
275629470,44954
275635659,44950
275646394,44917
275653149,44922
275659383,44920
275664850,44920
275671051,44945
275677294,44926
275683432,44932
275689636,44927
275695844,44928
275702036,44925
275708275,44935
275714414,44929
275720601,44919
275726801,44927
275732986,44918
275739198,44922
275745367,44926
275751553,44921
275757749,44921
275763957,44919
275770167,44923
275780916,44906
275787099,44914
275793307,44907
275798737,44913
275804921,44907
275811107,44903
275816309,44907
275822487,44907
275828702,44906
275834869,44900
275841078,44902
275847253,44909
275853434,44904
275859670,44907
275866488,44900
275872689,44902
275878898,44909
275885103,44911
275891322,44903
275897520,44909
275903730,44914
275914391,44944
275920633,44936
275926806,44944
275932938,44940
275938376,44937
275944551,44943
275950752,44945
275956916,44946
275963149,44944
275969351,44948
275975475,44945
275981651,44940
275987851,44941
275994040,44937
276000266,44942
276006444,44941
276012636,44951
276018795,44945
276025026,44938
276031274,44936
276037415,44939
276043608,44941
276054369,44971
276060576,44966
276066794,44963
276072170,44968
276078937,44967
276085151,44973
276090578,44978
276096744,44977
276102944,44975
276109085,44975
276121890,44978
276128132,44983
276134377,44979
276140608,44989
276146783,44988
276152952,44990
276159137,44991
276165410,44996
276171644,45001
276182310,45018
276188523,45019
276194774,45018
276200925,45021
276207089,45032
276213291,45027
276219473,45030
276225708,45020
276231848,45027
276238010,45025
276244232,45019
276250379,45029
276256541,45028
276262746,45029
276268874,45030
276275027,45029
276281216,45035
276287404,45034
276294146,45028
276300388,45039
276306608,45031
276317246,45076
276323423,45078
276329638,45075
276335850,45071
276341268,45071
276347475,45073
276353685,45067
276359835,45069
276366026,45070
276372278,45057
276378450,45065
276384664,45061
276390821,45057
276397053,45053
276403243,45041
276409404,45048
276415541,45048
276421714,45042
276427880,45042
276434060,45030
276440279,45037
276450988,44966
276457200,44969
276463393,44958
276469636,44962
276475793,44956
276481214,44957
276487368,44945
276493518,44959
276500311,44955
276506468,44957
276512659,44949
276518857,44955
276525008,44965
276531239,44951
276537407,44947
276543587,44951
276549745,44944
276555923,44947
276562107,44946
276568342,44942
276574475,44941
276585209,44904
276591392,44908
276597570,44900
276603742,44905
276609872,44892
276615275,44895
276621419,44896
276627558,44895
276633733,44892
276639915,44884
276646092,44883
276652342,44885
276658489,44877
276664684,44874
276670869,44879
276677037,44884
276683212,44882
276689392,44886
276695568,44886
276701776,44885
276708532,44878
276719290,44893
276725476,44898
276731735,44894
276737908,44891
276744075,44891
276749505,44893
276755700,44891
276761904,44898
276768092,44895
276773315,44892
276779492,44887
276785732,44883
276791863,44890
276798065,44889
276804234,44891
276810398,44891
276816537,44892
276822737,44892
276828900,44892
276835115,44890
276841346,44884
276847543,44892
276853757,44897
276859903,44891
276866079,44891
276872280,44889
276878425,44889
276884628,44888
276890793,44893
276896929,44889
276903117,44885
276908549,44894
276914704,44887
276921476,44898
276927669,44894
276933851,44898
276940013,44906
276946197,44903
276952386,44905
276958558,44908
276964770,44904
276970987,44911
276977212,44906
276983394,44915
276994149,44920
277000305,44919
277006468,44927
277012673,44926
277018847,44928
277025015,44922
277031261,44930
277037444,44929
277042864,44926
277049032,44923
277055273,44930
277061443,44930
277067619,44936
277073755,44941
277079923,44935
277086067,44938
277092277,44934
277098481,44944
277104665,44941
277110858,44934
277117086,44940
277128442,44950
277134661,44952
277140835,44949
277146982,44953
277153155,44952
277159374,44943
277165604,44946
277171820,44950
277177259,44950
277183436,44949
277189625,44956
277195827,44951
277201997,44958
277208212,44958
277214372,44963
277220502,44968
277226689,44964
277232891,44973
277239097,44970
277245344,44970
277251510,44976
277262310,44939
277268488,44943
277274735,44941
277280854,44930
277287056,44921
277293251,44923
277299446,44914
277305670,44913
277311810,44912
277317972,44909
277324159,44899
277330355,44904
277337069,44905
277343301,44893
277349497,44899
277355722,44893
277368471,44891
277374699,44887
277380954,44893
277391599,44845
277397804,44835
277403983,44838
277410203,44836
277416370,44827
277422525,44828
277428721,44827
277434882,44829
277441086,44831
277447302,44828
277453501,44824
277459756,44813
277465900,44817
277472049,44812
277478246,44808
277484411,44812
277490605,44806
277496790,44814
277502950,44799
277509107,44798
277515311,44798
277525969,44792
277532135,44794
277538338,44802
277544506,44801
277550659,44799
277557484,44801
277563715,44797
277569904,44801
277576083,44797
277581548,44796
277587722,44798
277593922,44790
277600176,44796
277606369,44788
277612560,44800
277618736,44790
277624928,44790
277631114,44796
277637345,44801
277643511,44796
277649698,44797
277661151,44774
277667372,44772
277673567,44774
277679795,44771
277685935,44768
277692118,44780
277698313,44779
277704505,44771
277709975,44775
277715450,44774
277721623,44786
277727811,44778
277733988,44781
277740125,44774
277746329,44772
277752490,44773
277758636,44777
277765411,44776
277771604,44781
277777836,44771
277784019,44775
277795464,44816
277800908,44809
277807083,44805
277813292,44808
277819449,44807
277825604,44813
277831779,44808
277837986,44811
277844233,44808
277848699,44816
277854912,44812
277861114,44810
277867342,44819
277873473,44808
277879654,44811
277885809,44822
277892016,44817
277898232,44813
277904393,44808
277910502,44815
277916668,44818
277922897,44809
277934351,44831
277939804,44830
277945986,44821
277952180,44832
277958389,44825
277964542,44825
277970765,44825
277977506,44827
277982680,44829
277988111,44831
277994323,44827
278000558,44830
278006696,44828
278012860,44837
278019066,44832
278025279,44842
278031447,44844
278037644,44852
278043851,44840
278050037,44839
278056223,44853
278067662,44888
278073103,44891
278079344,44887
278085541,44882
278091723,44878
278097916,44884
278104108,44877
278110304,44870
278116438,44864
278120872,44871
278127066,44860
278133311,44856
278139502,44851
278145648,44842
278151852,44845
278158043,44834
278164232,44825
278170425,44821
278176566,44814
278182755,44805
278189487,44812
278195691,44796
278201868,44706
278207087,44714
278213299,44712
278219522,44712
278225742,44712
278231951,44717
278238161,44707
278244349,44707
278250501,44709
278255340,44703
278261459,44707
278267614,44702
278273780,44697
278279969,44691
278286136,44691
278292336,44692
278298531,44684
278304711,44688
278310901,44682
278317082,44684
278323293,44691
278329467,44684
278340847,44652
278347000,44645
278353210,44648
278359411,44640
278365647,44636
278371826,44644
278377987,44642
278384145,44636
278390358,44640
278397103,44626
278403370,44630
278409540,44632
278415754,44625
278421919,44630
278428105,44620
278434291,44620
278440487,44621
278446741,44619
278452905,44618
278459077,44611
278465273,44616
278476886,44629
278482070,44627
278488291,44634
278494450,44635
278500636,44629
278506814,44630
278512973,44636
278519115,44634
278525328,44635
278530787,44642
278536986,44649
278543190,44633
278549418,44636
278555564,44640
278561759,44635
278568008,44631
278574196,44639
278580419,44640
278586624,44634
278592814,44638
278598999,44638
278617922,44644
278624136,44644
278630371,44641
278636496,44649
278642714,44653
278648923,44651
278655130,44653
278660356,44656
278665786,44653
278671979,44658
278678208,44659
278684386,44660
278690544,44661
278696715,44660
278702911,44664
278709066,44654
278715297,44664
278721477,44655
278727649,44657
278733817,44655
278740020,44704
278746177,44700
278751426,44709
278757647,44714
278763816,44708
278769953,44715
278776116,44712
278782329,44713
278788517,44718
278794010,44710
278800281,44713
278806464,44721
278812640,44721
278818791,44717
278825490,44720
278831667,44717
278837865,44718
278844055,44713
278850316,44716
278856509,44712
278862709,44712
278868919,44726
278880293,44763
278885715,44762
278891907,44758
278898065,44760
278904268,44766
278910420,44767
278916616,44768
278922770,44770
278928966,44767
278935178,44764
278940388,44769
278946556,44764
278952735,44767
278958876,44761
278965039,44770
278971233,44772
278977483,44765
278983738,44772
278989896,44775
278996055,44773
279002267,44775
279013938,44775
279019147,44764
279025316,44756
279031511,44753
279038296,44752
279044502,44750
279050719,44742
279056907,44745
279063076,44741
279069229,44736
279075434,44733
279081654,44729
279087853,44720
279093965,44725
279100142,44720
279106348,44714
279112505,44707
279118726,44707
279124887,44706
279131047,44696
279137271,44692
279148878,44643
279154079,44649
279160282,44644
279166450,44634
279172672,44635
279178821,44639
279184957,44634
279191167,44636
279197368,44634
279202818,44641
279209001,44634
279215223,44626
279220453,44625
279226650,44624
279232818,44620
279238965,44631
279245698,44625
279251894,44619
279258046,44621
279264250,44617
279270464,44611
279276664,44621
279282819,44586
279288235,44587
279294420,44589
279300586,44590
279306761,44589
279312940,44590
279319143,44594
279325395,44599
279331574,44596
279336771,44594
279342964,44593
279349127,44593
279354530,44596
279360685,44588
279366880,44591
279373066,44582
279379298,44587
279385460,44592
279391624,44597
279397784,44599
279404001,44591
279410166,44598
279416384,44596
279422496,44611
279428671,44617
279434825,44613
279441016,44618
279447183,44621
279453413,44627
279460313,44623
279466471,44625
279471702,44624
279477861,44617
279483963,44628
279489387,44622
279495559,44631
279501745,44631
279507973,44625
279514149,44630
279520337,44629
279526495,44630
279532650,44624
279538824,44627
279545047,44638
279556479,44676
279561906,44673
279568078,44673
279574328,44676
279580528,44677
279586727,44678
279592893,44682
279599098,44684
279605323,44685
279610510,44687
279616727,44693
279622869,44695
279628284,44688
279634435,44690
279640615,44690
279646821,44700
279653022,44699
279659218,44693
279665436,44692
279672328,44694
279678439,44697
279684627,44698
279690830,44710
279697033,44716
279703256,44707
279709433,44715
279715612,44718
279721784,44717
279727961,44723
279734149,44718
279740361,44733
279746510,44723
279752667,44720
279758838,44728
279765068,44726
279771250,44723
279777428,44724
279783630,44726
279789802,44722
279795984,44734
279802167,44733
279808401,44727
279814574,44727
279820756,44734
279831440,44758
279837655,44760
279843845,44756
279850062,44761
279863087,44762
279869342,44763
279875597,44769
279882374,44765
279888526,44772
279893764,44769
279899945,44770
279906120,44767
279912330,44777
279918507,44781
279924745,44781
279930932,44778
279937142,44775
279943346,44785
279949478,44778
279960121,44761
279966300,44759
279972445,44747
279978680,44748
279984875,44740
279991068,44738
279997290,44741
280003477,44739
280009717,44736
280015105,44731
280021340,44732
280027461,44733
280033027,44729
280039255,44734
280045444,44727
280051627,44726
280057810,44725
280064008,44716
280070217,44725
280076446,44718
280082612,44717
280088800,44721
280095593,44679
280101716,44690
280107926,44686
280114093,44682
280120326,44679
280126487,44676
280132673,44678
280138921,44681
280145095,44703
280150296,44678
280156482,44687
280162655,44680
280168081,44675
280174276,44675
280180430,44679
280186582,44677
280192776,44672
280198947,44677
280205138,44666
280211340,44667
280217481,44665
280223649,44665
280235034,44653
280241233,44652
280247456,44655
280253657,44654
280259867,44663
280266048,44655
280272250,44655
280278401,44656
280283832,44657
280289999,44662
280296151,44658
280302321,44664
280308519,44659
280314716,44663
280320906,44675
280327101,44668
280333339,44668
280339493,44673
280345685,44672
280351858,44670
280358066,44673
280369476,44674
280375674,44672
280381842,44684
280387950,44682
280394134,44682
280400327,44668
280406507,44670
280412713,44678
280418130,44678
280424338,44684
280430482,44675
280436643,44673
280442845,44678
280449078,44681
280455284,44677
280461441,44684
280467626,44680
280473814,44679
280479970,44685
280486126,44692
280492342,44688
280503735,44712
280509183,44722
280515999,44718
280522214,44725
280528459,44723
280534610,44722
280540815,44727
280547006,44727
280553163,44727
280559386,44725
280565502,44740
280571734,44729
280576952,44728
280583132,44740
280589362,44749
280595565,44737
280601806,44742
280607962,44739
280614164,44750
280620328,44752
280626503,44754
280638154,44786
280643368,44781
280649544,44786
280655790,44780
280661941,44785
280668144,44791
280674350,44789
280680533,44796
280686733,44789
280692173,44784
280698423,44799
280704545,44795
280710756,44807
280715952,44810
280722692,44808
280728869,44817
280735032,44799
280741228,44817
280747410,44821
280753560,44819
280759769,44816
280765975,44816
280772127,44857
280778332,44857
280784513,44855
280790698,44863
280796886,44864
280803063,44865
280809276,44869
280815455,44864
280821653,44866
280827101,44870
280833310,44857
280839445,44873
280845589,44872
280850803,44873
280856961,44870
280863179,44871
280869372,44866
280875563,44865
280881767,44858
280887922,44861
280894039,44851
280900205,44852
280911854,44804
280917095,44806
280923310,44803
280929472,44806
280936271,44798
280942451,44802
280948657,44800
280954868,44795
280961019,44794
280967179,44797
280973367,44793
280979548,44796
280985031,44791
280991221,44792
280997458,44791
281003672,44803
281009883,44795
281016061,44794
281022271,44789
281028462,44789
281034564,44790
281045946,44786
281051404,44783
281057544,44778
281063721,44775
281069905,44781
281076110,44785
281082319,44785
281088448,44775
281094628,44779
281107462,44781
281113625,44774
281118892,44773
281125110,44774
281131331,44773
281137548,44771
281143777,44769
281150520,44770
281156764,44774
281162891,44774
281169081,44780
281175270,44787
281180682,44791
281186883,44786
281193107,44790
281199346,44780
281205516,44786
281211727,44787
281217917,44789
281224084,44786
281230290,44787
281235469,44787
281241648,44783
281247838,44792
281253281,44789
281259467,44793
281265647,44796
281271842,44802
281278034,44791
281284251,44799
281290464,44801
281296615,44804
281302782,44795
281308936,44800
281319696,44791
281325893,44786
281332104,44785
281338302,44786
281344448,44796
281350658,44794
281356840,44790
281363659,44797
281369860,44795
281375980,44800
281382195,44807
281387710,44799
281393903,44796
281400121,44812
281406358,44802
281412539,44816
281418723,44816
281424924,44822
281431102,44814
281437314,44816
281443455,44805
281454217,44846
281460426,44847
281466611,44856
281472828,44853
281479013,44861
281485185,44855
281491344,44856
281497524,44856
281503743,44857
281509926,44861
281516102,44863
281522283,44861
281528448,44859
281534684,44866
281540879,44865
281547044,44864
281553198,44872
281559375,44870
281565555,44869
281572351,44866
281582994,44907
281589151,44906
281595327,44899
281601538,44908
281607805,44907
281613942,44903
281620115,44901
281626314,44904
281632513,44909
281638694,44905
281644894,44911
281650351,44910
281656522,44912
281661730,44902
281667942,44908
281674118,44911
281680304,44914
281686456,44915
281692640,44915
281698831,44917
281704943,44921
281711128,44922
281722815,44932
281729035,44936
281735267,44927
281741436,44930
281747612,44923
281753779,44923
281759936,44921
281766179,44916
281772394,44909
281778507,44911
281784659,44902
281790867,44895
281796078,44893
281802264,44889
281808446,44895
281814667,44885
281820842,44882
281827030,44880
281833224,44883
281839419,44883
281845633,44883
281857300,44833
281863449,44834
281869619,44840
281875799,44831
281882030,44826
281888188,44823
281894393,44833
281900576,44834
281906801,44833
281912991,44834
281918183,44823
281924374,44830
281929803,44823
281936015,44824
281942206,44820
281948438,44824
281954566,44822
281960720,44812
281966907,44817
281973113,44819
281979299,44822
281991263,44802
281997497,44797
282003729,44802
282009929,44802
282016135,44802
282022319,44800
282028463,44796
282034679,44800
282040885,44801
282047053,44805
282053256,44796
282059474,44806
282064949,44806
282071147,44803
282077374,44799
282083498,44799
282089639,44802
282095776,44799
282101939,44802
282108111,44794
282114315,44804
282125662,44824
282131119,44828
282137387,44827
282143555,44826
282149696,44821
282155846,44835
282162039,44833
282168178,44824
282174369,44831
282180545,44829
282186750,44822
282192931,44832
282199096,44841
282205875,44830
282212052,44833
282218271,44835
282224455,44827
282230581,44831
282236777,44823
282242956,44830
282249110,44826
282260457,44850
282265936,44854
282272165,44846
282278395,44849
282284531,44858
282290665,44858
282296820,44853
282302984,44852
282309139,44853
282315367,44867
282321565,44868
282327771,44865
282332985,44857
282339182,44858
282351991,44864
282358172,44865
282364419,44867
282370590,44862
282376795,44865
282388421,44888
282394615,44882
282400836,44891
282407032,44890
282413265,44894
282420162,44901
282426394,44897
282432570,44905
282438734,44905
282444918,44911
282451106,44909
282457321,44905
282462541,44903
282468769,44906
282474950,44901
282481112,44912
282487285,44907
282493458,44909
282499625,44905
282505833,44903
282511951,44909
282523550,44944
282529742,44954
282534954,44950
282541107,44948
282547311,44914
282553510,44950
282559715,44956
282565894,44963
282571995,44961
282578169,44959
282584356,44962
282590512,44964
282595957,44972
282602168,44970
282608370,44969
282614523,44968
282619710,44975
282625899,44967
282632695,44976
282638879,44973
282645047,44980
282651215,44971
282657375,44917
282663552,44913
282669042,44913
282675273,44903
282681455,44906
282687628,44906
282693816,44910
282699986,44900
282706134,44904
282712367,44898
282718553,44894
282724740,44885
282730919,44886
282737093,44883
282743274,44887
282749457,44880
282754634,44875
282760816,44875
282766953,44876
282773126,44879
282779315,44878
282785489,44876
282797125,44826
282803332,44822
282809465,44824
282815650,44821
282821844,44825
282828034,44823
282834240,44821
282841113,44824
282847337,44819
282853518,44821
282859694,44823
282865914,44818
282871147,44818
282877331,44822
282883547,44819
282889002,44825
282895149,44815
282901386,44820
282907536,44813
282913701,44809
282919925,44817
282931357,44790
282937571,44789
282943788,44791
282949935,44791
282956081,44794
282962280,44790
282968471,44786
282974693,44793
282980878,44784
282987002,44788
282993168,44789
282999361,44784
283004798,44796
283010975,44792
283017149,44799
283023390,44804
283029562,44793
283035729,44801
283041887,44797
283048069,44798
283054895,44797
283066356,44779
283072537,44782
283077974,44778
283084155,44778
283090379,44779
283096507,44777
283102669,44777
283108848,44778
283115059,44782
283121275,44767
283127481,44781
283133652,44776
283139825,44778
283146067,44777
283152223,44781
283158410,44777
283163564,44774
283169813,44774
283175962,44773
283182103,44780
283188300,44778
283194485,44775
283200713,44798
283206894,44792
283212378,44798
283218548,44790
283224731,44798
283230860,44799
283237049,44799
283243269,44800
283249467,44802
283255608,44801
283262398,44799
283268574,44808
283274756,44802
283279956,44807
283286133,44809
283292312,44803
283298460,44796
283304681,44802
283310887,44805
283317035,44806
283323278,44792
283329473,44797
283341122,44801
283347374,44803
283353530,44804
283359697,44808
283365907,44804
283372093,44810
283378304,44812
283384470,44813
283390634,44807
283396766,44811
283402906,44821
283409081,44820
283414292,44815
283420467,44820
283426637,44821
283432846,44822
283438261,44822
283444461,44827
283450631,44829
283456801,44827
283463009,44835
283475410,44865
283481567,44857
283486753,44857
283492880,44861
283499024,44863
283505230,44863
283511391,44863
283517589,44862
283523851,44869
283530009,44868
283536239,44859
283542448,44869
283547863,44868
283554068,44870
283560245,44861
283566451,44861
283572561,44868
283577733,44864
283583915,44863
283596669,44856
283608422,44803
283614600,44792
283619854,44793
283626016,44793
283632219,44786
283638405,44784
283644575,44784
283650827,44779
283657011,44769
283663191,44773
283669406,44771
283675589,44760
283681061,44767
283687226,44771
283694015,44758
283700171,44766
283706379,44759
283712537,44760
283718708,44764
283724923,44754
283731135,44757
283742603,44730
283748844,44720
283754412,44727
283760569,44728
283766803,44725
283772969,44720
283779139,44722
283785290,44723
283791453,44735
283797614,44731
283803826,44727
283810010,44726
283815445,44729
283821579,44726
283827745,44731
283833942,44721
283840119,44727
283845331,44726
283851535,44726
283857737,44728
283863935,44721
283875552,44716
283881704,44717
283887848,44711
283894039,44716
283900889,44717
283907078,44714
283913280,44715
283919482,44718
283925661,44719
283931883,44722
283938059,44724
283944276,44719
283949487,44720
283955717,44722
283961919,44719
283968111,44721
283974321,44722
283979734,44718
283985966,44722
283992149,44723
283998396,44728
284009783,44729
284015927,44730
284022138,44739
284027552,44728
284033733,44731
284039904,44734
284046120,44731
284052343,44736
284058464,44733
284064643,44732
284070851,44733
284077069,44734
284083304,44735
284089505,44731
284095646,44730
284101802,44737
284107948,44745
284113708,44740
284119868,44738
284126022,44742
284132189,44746
284138394,44748
284144603,44770
284150845,44772
284157005,44776
284162481,44767
284168690,44766
284174846,44767
284181051,44760
284187223,44774
284193413,44784
284199618,44776
284205797,44774
284212000,44776
284218175,44776
284223417,44782
284229542,44781
284235764,44773
284241924,44779
284248080,44778
284254238,44775
284260475,44778
284266632,44780
284272850,44787
284284395,44805
284290580,44802
284296748,44807
284302876,44808
284309048,44803
284315262,44805
284322131,44801
284328354,44816
284334508,44811
284340688,44806
284346865,44808
284353090,44805
284358319,44809
284364483,44807
284370620,44805
284376818,44811
284382983,44804
284388449,44810
284394570,44808
284400774,44813
284406988,44813
284418381,44786
284424579,44792
284430806,44786
284436953,44784
284443122,44782
284449319,44779
284455502,44779
284461715,44768
284467923,44768
284474047,44753
284480300,44756
284486530,44759
284492719,44750
284498940,44749
284505105,44745
284511265,44753
284517492,44739
284523683,44740
284530519,44748
284536769,44734
284542964,44741
284554584,44668
284560738,44670
284566910,44676
284572141,44673
284578315,44672
284584509,44671
284590711,44679
284596945,44674
284603146,44671
284609350,44671
284615595,44674
284621804,44674
284627927,44660
284633376,44669
284639514,44662
284645665,44671
284651846,44670
284658059,44662
284664291,44677
284670470,44675
284676598,44673
284687958,44653
284694121,44657
284700304,44656
284705756,44651
284711946,44652
284718142,44657
284724394,44654
284730545,44650
284736748,44651
284743498,44657
284749659,44658
284755891,44659
284762075,44659
284767257,44648
284773445,44643
284779609,44648
284785807,44645
284791982,44648
284798173,44648
284804377,44647
284810539,44652
284822171,44670
284828379,44668
284841150,44665
284847370,44663
284853630,44658
284859846,44667
284865979,44671
284872173,44669
284878385,44675
284884565,44670
284890769,44668
284896232,44670
284902439,44666
284908585,44666
284914755,44672
284920922,44661
284927121,44671
284933362,44678
284938571,44674
284944777,44675
284950972,44699
284957724,44707
284963933,44707
284970071,44705
284975480,44712
284981571,44707
284987755,44700
284993952,44705
285000143,44704
285006306,44711
285012509,44707
285018679,44704
285024872,44713
285031063,44715
285037290,44707
285043500,44713
285049655,44708
285055823,44713
285062021,44713
285068182,44709
285073453,44709
285079673,44712
285091381,44730
285097546,44733
285103732,44735
285108925,44742
285115092,44741
285121263,44743
285127502,44746
285133734,44746
285139965,44751
285146127,44742
285152332,44753
285158502,44752
285164710,44757
285170850,44762
285177025,44753
285183183,44755
285189350,44750
285195520,44758
285201729,44757
285207147,44759
285213346,44760
285219552,44755
285225738,44800
285231902,44804
285238078,44801
285243287,44797
285249439,44801
285255597,44798
285261848,44804
285268015,44803
285274203,44791
285280391,44793
285286577,44770
285292844,44777
285299005,44773
285304455,44768
285310573,44769
285316747,44758
285322916,44754
285329122,44750
285335346,44740
285341529,44744
285347664,44735
285353841,44734
285365258,44681
285371458,44675
285378213,44679
285384442,44673
285390670,44672
285396876,44677
285403110,44674
285409343,44667
285415534,44675
285421753,44668
285427964,44678
285434212,44674
285439668,44669
285445823,44677
285452029,44671
285458207,44662
285464487,44656
285470614,44661
285476789,44652
285481990,44658
285488215,44658
285499831,44626
285505973,44622
285512157,44625
285517349,44621
285523549,44614
285529760,44618
285535955,44616
285542118,44616
285548324,44617
285554563,44621
285560781,44616
285567004,44611
285573250,44607
285579441,44609
285585586,44613
285592462,44611
285598672,44615
285604890,44609
285611062,44608
285617266,44610
285623501,44608
285635097,44641
285641319,44638
285647523,44652
285652699,44646
285658915,44642
285665116,44648
285671337,44648
285677528,44652
285683732,44648
285689941,44648
285696092,44654
285702276,44650
285708469,44643
285713958,44649
285720207,44645
285726424,44643
285732572,44643
285738708,44645
285744880,44643
285751061,44637
285756244,44640
285762440,44638
285768617,44643
285774851,44637
285781005,44650
285786429,44647
285792581,44649
285798747,44653
285805532,44654
285811718,44648
285817921,44648
285824170,44652
285830379,44658
285836579,44655
285842753,44654
285847974,44660
285854178,44662
285860360,44658
285866569,44663
285872761,44663
285878947,44658
285885145,44670
285890572,44663
285896745,44673
285908050,44680
285914217,44692
285920419,44698
285926618,44691
285932869,44696
285939026,44700
285945214,44703
285951420,44703
285957620,44702
285963841,44694
285970035,44705
285976218,44708
285982392,44707
285988583,44704
285994780,44704
286000976,44710
286007115,44712
286013923,44713
286020089,44707
286025548,44715
286031720,44716
286043075,44737
286049245,44728
286055444,44731
286060901,44731
286067091,44730
286073318,44740
286086136,44747
286092396,44744
286098641,44754
286104852,44750
286111020,44752
286117210,44759
286123428,44766
286129574,44765
286135750,44765
286141945,44766
286148168,44775
286154440,44773
286160588,44766
286171966,44629
286178129,44630
286184345,44630
286189774,44622
286195945,44613
286202131,44618
286208330,44625
286214488,44630
286220694,44627
286226882,44623
286233607,44632
286239739,44636
286245887,44644
286252057,44649
286257256,44650
286263484,44656
286269675,44668
286275884,44669
286282013,44675
286288246,44687
286294425,44685
286300629,44691
286306859,44678
286313010,44670
286319210,44675
286324640,44662
286330808,44659
286337001,44655
286343171,44645
286349385,44644
286355545,44648
286361700,44632
286367905,44625
286374077,44620
286380290,44626
286386491,44625
286391685,44638
286397926,44642
286404058,44632
286410231,44628
286416452,44622
286422627,44619
286428884,44620
286434996,44623
286447206,44652
286453417,44652
286458612,44658
286464839,44659
286471027,44659
286477235,44652
286483434,44654
286489635,44659
286495837,44660
286501976,44662
286508121,44666
286514292,44661
286520481,44661
286525903,44655
286532074,44676
286538277,44679
286544479,44683
286550677,44678
286556863,44677
286563021,44678
286569167,44671
286580584,44699
286586768,44705
286592918,44697
286598316,44707
286604518,44703
286610646,44699
286616848,44695
286623058,44697
286629247,44695
286635425,44691
286641603,44689
286647770,44694
286654519,44692
286659744,44690
286665975,44695
286672133,44689
286678334,44689
286684545,44693
286690812,44687
286696979,44681
286703136,44693
286709325,44686
286715511,44758
286721693,44759
286727892,44776
286734030,44770
286740190,44765
286746354,44772
286752545,44774
286758778,44784
286764941,44775
286771129,44773
286777315,44783
286783459,44784
286789606,44785
286795047,44791
286801211,44790
286807439,44789
286813580,44790
286819750,44793
286825958,44787
286832147,44787
286838335,44792
286849707,44807
286855889,44806
286862679,44805
286868113,44806
286874345,44811
286880553,44819
286886700,44812
286892861,44815
286899060,44826
286905242,44825
286911429,44823
286917628,44825
286923806,44825
286929022,44835
286935201,44833
286941417,44839
286947581,44836
286953793,44850
286959939,44848
286966118,44848
286972299,44855
286983918,44833
286990101,44828
286996317,44824
287002523,44824
287008713,44818
287014872,44818
287021068,44816
287027239,44817
287033465,44809
287039576,44811
287045743,44807
287051901,44809
287058095,44809
287063312,44804
287070087,44809
287076321,44806
287082506,44806
287088691,44798
287094921,44798
287101076,44798
287107270,44796
287118864,44753
287125063,44756
287130242,44751
287136456,44757
287141889,44747
287148109,44745
287154332,44745
287160525,44746
287166702,44751
287172877,44747
287179052,44751
287185218,44752
287191462,44757
287197607,44758
287202834,44757
287208974,44761
287215152,44757
287221350,44765
287227508,44758
287233716,44766
287239952,44758
287246082,44772
287257689,44765
287263865,44768
287269120,44768
287275376,44767
287280836,44766
287287637,44768
287293820,44768
287300034,44765
287306187,44762
287312410,44760
287318567,44767
287331361,44773
287337581,44767
287343867,44765
287350094,44763
287356262,44764
287362476,44765
287368621,44766
287374811,44768
287386176,44811
287392376,44813
287397796,44807
287404058,44813
287409316,44807
287415518,44817
287421690,44808
287427925,44817
287434063,44812
287440245,44811
287446449,44815
287452658,44813
287458856,44828
287465011,44819
287470448,44822
287476622,44819
287482788,44824
287488954,44824
287495127,44828
287501944,44837
287508194,44833
287519589,44843
287525790,44844
287531945,44853
287537400,44848
287542590,44852
287548802,44853
287555053,44862
287561246,44860
287567462,44856
287573624,44854
287579840,44859
287586014,44860
287592154,44866
287598380,44860
287604587,44863
287610796,44868
287616964,44874
287623124,44869
287629359,44875
287635538,44883
287641711,44875
287647892,44872
287654044,44923
287660186,44926
287666358,44917
287671794,44934
287677980,44933
287684157,44938
287690401,44930
287696568,44935
287702733,44929
287708876,44928
287715630,44938
287721818,44942
287728024,44931
287734209,44936
287739426,44944
287745592,44941
287751840,44937
287758008,44942
287764206,44941
287770441,44941
287776596,44937
287782813,44948
287794445,44973
287800593,44971
287805791,44954
287811987,44956
287817404,44957
287823545,44960
287829721,44949
287835903,44943
287842117,44938
287848250,44932
287854455,44934
287860605,44931
287866801,44925
287872998,44922
287879174,44918
287885405,44918
287891554,44907
287897707,44910
287903904,44902
287910065,44908
287916227,44906
287928305,44881
287934543,44878
287940769,44875
287946946,44872
287952362,44873
287958545,44873
287964659,44867
287970837,44860
287977025,44869
287983228,44862
287989461,44859
287995624,44854
288001808,44858
288008007,44858
288013233,44852
288019451,44853
288025614,44860
288031835,44857
288038010,44860
288044185,44853
288050358,44855
288056564,44855
288062783,44848
288068981,44845
288075152,44839
288080577,44846
288085772,44845
288091992,44849
288098155,44850
288104362,44851
288110510,44852
288116674,44850
288122898,44855
288129068,44855
288135920,44858
288142079,44857
288147545,44856
288153706,44860
288159897,44864
288166098,44854
288172277,44849
288178485,44858
288184654,44863
288190832,44859
288197000,44883
288203212,44884
288209398,44885
288215568,44892
288219996,44887
288226215,44897
288232402,44896
288238595,44903
288244773,44902
288250946,44909
288257115,44906
288263281,44910
288269446,44906
288275627,44904
288281850,44904
288288041,44905
288294200,44900
288300400,44891
288306574,44897
288312784,44895
288318982,44897
288325124,44890
288336739,44891
288343546,44896
288349751,44900
288354194,44889
288360427,44901
288366601,44897
288372776,44895
288378947,44894
288385080,44898
288391267,44900
288397447,44906
288403604,44909
288409816,44907
288416005,44913
288421466,44902
288427655,44912
288433855,44918
288440019,44920
288446185,44920
288452383,44933
288458546,44927
288464705,44935
288470862,44954
288477061,44954
288483260,44958
288488476,44958
288493920,44960
288500139,44957
288506284,44960
288512465,44966
288518609,44959
288524730,44973
288530890,44974
288537099,44967
288543272,44974
288549489,44969
288556387,44977
288562586,44974
288575341,44971
288581557,44959
288587815,44966
288594029,44973
288605396,45010
288611585,45013
288617820,45015
288622609,45013
288628808,45017
288635025,45021
288641211,45025
288647452,45027
288653646,45028
288659794,45029
288665971,45026
288672155,45028
288678347,45038
288684597,44984
288690755,45033
288696933,45033
288703159,45037
288709351,45037
288715531,45035
288721715,45027
288727876,45036
288734013,45029
288740194,44949
288746416,44952
288752619,44949
288757074,44956
288763280,44953
288770101,44948
288776303,44946
288782503,44947
288788659,44944
288794909,44953
288801072,44958
288807271,44953
288813452,44951
288819675,44944
288825914,44949
288831420,44948
288837587,44948
288843777,44951
288849948,44940
288856133,44946
288862283,44950
288868477,44946
288879863,44890
288886037,44901
288891454,44892
288897589,44891
288903750,44896
288909914,44891
288916097,44892
288922261,44895
288928482,44891
288934628,44888
288940810,44891
288946978,44873
288953184,44884
288959410,44883
288964658,44886
288970893,44896
288977653,44884
288983913,44884
288990048,44889
288996204,44881
289002406,44886
289013987,44877
289020181,44881
289025376,44876
289031564,44886
289037765,44886
289043973,44895
289050092,44889
289056251,44898
289062442,44895
289068616,44899
289074841,44902
289080961,44901
289087120,44901
289093306,44900
289099497,44904
289105700,44901
289111897,44902
289118057,44906
289124231,44903
289130452,44904
289136669,44907
289148328,44888
289154535,44879
289159785,44881
289165986,44880
289171411,44881
289177570,44881
289183692,44884
289190471,44878
289196653,44880
289202832,44880
289208991,44885
289215125,44883
289221360,44889
289227525,44893
289233688,44896
289238905,44885
289245035,44895
289251212,44893
289257374,44900
289263544,44897
289269703,44898
289275904,44898
289287552,44925
289293685,44918
289298870,44913
289305115,44916
289310534,44919
289316627,44917
289322801,44915
289328985,44912
289335156,44922
289341354,44918
289347568,44919
289353698,44914
289359905,44922
289366109,44917
289372278,44921
289377476,44917
289383683,44915
289389918,44919
289396074,44916
289402907,44909
289409089,44918
289420768,44940
289426984,44939
289432198,44937
289438385,44945
289443821,44942
289449972,44940
289456152,44940
289462273,44949
289468475,44946
289474614,44936
289480784,44940
289486992,44939
289493182,44947
289499424,44935
289505587,44940
289510742,44950
289516933,44945
289523126,44944
289529300,44947
289535488,44951
289541660,44947
289547894,44942
289554050,44989
289560222,44984
289566440,44985
289572603,44977
289578787,44984
289584995,44981
289591137,44981
289597305,44978
289603504,44966
289610222,44969
289616475,44972
289622662,44963
289628914,44963
289635051,44959
289641195,44963
289646622,44953
289652771,44945
289658962,44946
289665137,44936
289671299,44940
289677527,44935
289683679,44928
289695064,44886
289701244,44889
289706686,44880
289712856,44880
289719033,44888
289725199,44884
289731409,44881
289737607,44892
289743749,44884
289749945,44890
289756136,44897
289762314,44892
289768524,44890
289774651,44888
289779904,44889
289786061,44893
289792231,44891
289798416,44900
289804607,44894
289810780,44896
289823603,44876
289830499,44866
289835951,44869
289842187,44872
289848381,44868
289854572,44870
289860756,44861
289866931,44867
289873123,44865
289879320,44870
289885520,44867
289891701,44868
289897889,44866
289904068,44862
289909300,44856
289915496,44858
289921684,44863
289927923,44867
289934065,44860
289940244,44868
289946459,44860
289952621,44869
289964250,44899
289969473,44897
289975670,44903
289981929,44903
289988027,44905
289994186,44914
290000335,44904
290006511,44911
290012687,44909
290018905,44902
290025095,44902
290031309,44900
290038026,44912
290043509,44905
290049663,44908
290055833,44903
290061981,44904
290068174,44901
290074372,44905
290080616,44898
290086782,44899
290098172,44912
290104331,44917
290110543,44913
290116696,44918
290122894,44925
290129036,44925
290134504,44928
290140643,44925
290146831,44928
290153027,44929
290159242,44931
290165475,44926
290171696,44931
290177897,44933
290184088,44933
290190260,44940
290196474,44938
290202674,44944
290208878,44943
290215099,44947
290221300,44954
290232699,44963
290238959,44969
290244366,44964
290251231,44966
290257435,44958
290263594,44955
290269747,44960
290275947,44961
290282144,44959
290288309,44964
290294557,44967
290300786,44968
290306993,44963
290313168,44958
290318356,44971
290324568,44967
290330788,44964
290336975,44966
290343110,44968
290349288,44965
290355518,44971
290367151,45009
290373331,45007
290378591,45010
290384784,45012
290390950,45019
290397096,45025
290403253,45015
290409437,45019
290415620,45020
290421804,45021
290428014,45016
290434210,45021
290440409,45012
290446609,45011
290452036,45014
290458217,45009
290464988,45014
290471132,45012
290477357,45001
290483552,45001
290489706,45003
290501038,44894
290507195,44899
290513381,44897
290519573,44891
290525746,44890
290531968,44891
290538132,44886
290544305,44874
290549761,44876
290555957,44868
290562130,44875
290568322,44873
290574542,44864
290580661,44870
290586828,44870
290593025,44857
290599196,44861
290605394,44861
290611566,44865
290617705,44857
290623880,44850
290635293,44833
290641501,44834
290647657,44836
290653862,44838
290660022,44827
290666222,44831
290673003,44829
290679135,44833
290685299,44826
290691540,44826
290697745,44833
290703946,44822
290710054,44815
290716239,44826
290722440,44815
290727832,44817
290733987,44824
290740154,44822
290746389,44809
290752616,44816
290758764,44804
290770143,44808
290776320,44806
290782506,44807
290787918,44799
290794081,44812
290800273,44800
290806497,44802
290812689,44810
290818925,44810
290825125,44803
290831277,44816
290837489,44810
290843628,44812
290849781,44819
290855940,44814
290861129,44817
290867316,44820
290873527,44818
290880306,44817
290886564,44819
290892705,44820
290904423,44809
290910610,44816
290916758,44814
290921969,44824
290928103,44816
290934260,44824
290940457,44823
290946661,44821
290952835,44822
290959011,44820
290965188,44823
290971385,44824
290977575,44828
290983769,44823
290989926,44821
290995368,44824
291001539,44829
291007655,44825
291013834,44830
291020009,44826
291026196,44833
291032381,44830
291038582,44868
291044712,44868
291050890,44865
291062662,44867
291068911,44867
291075104,44875
291081356,44875
291087541,44882
291093687,44878
291100582,44876
291106814,44876
291113012,44882
291119140,44878
291124546,44886
291130705,44879
291136891,44882
291143079,44865
291149251,44870
291155497,44878
291161644,44873
291173017,44908
291179168,44906
291185343,44906
291191550,44901
291197684,44908
291203861,44910
291209993,44912
291216159,44914
291222356,44911
291228575,44908
291234751,44910
291240952,44909
291247179,44910
291253360,44915
291259551,44899
291265746,44904
291271955,44913
291278173,44915
291284328,44915
291290505,44912
291296696,44913
291309048,44944
291315259,44944
291321491,44942
291326702,44939
291332910,44933
291339050,44920
291345209,44940
291351360,44924
291357579,44918
291363756,44914
291369960,44914
291376138,44912
291381554,44897
291387678,44895
291393849,44900
291399058,44893
291405190,44893
291411354,44882
291417547,44892
291423754,44872
291429979,44873
291436112,44874
291442302,44807
291448484,44803
291454638,44808
291460091,44809
291466254,44806
291472488,44799
291478669,44795
291484836,44795
291491067,44784
291497261,44792
291503489,44783
291509704,44780
291515902,44783
291522695,44772
291528902,44777
291534137,44770
291540281,44767
291546519,44761
291552720,44763
291558934,44766
291565113,44760
291571293,44760
291582899,44732
291589084,44728
291594278,44725
291600447,44727
291606611,44724
291612826,44722
291619025,44723
291625201,44716
291631365,44720
291637601,44719
291643837,44727
291650012,44718
291656130,44723
291662320,44713
291667698,44718
291673850,44722
291680069,44712
291686268,44716
291692511,44718
291698696,44720
291704874,44719
291716273,44734
291722446,44739
291729221,44742
291735470,44734
291741607,44742
291747834,44736
291754030,44736
291760235,44737
291766415,44739
291772596,44735
291778834,44729
291785021,44737
291791187,44732
291796629,44732
291802754,44733
291808924,44731
291815108,44726
291821292,44729
291827528,44735
291833711,44733
291839937,44725
291851348,44748
291857568,44745
291863739,44743
291869183,44750
291875392,44752
291881585,44753
291887760,44754
291893984,44754
291900199,44750
291906441,44746
291912638,44750
291918773,44746
291924958,44750
291931177,44755
291937321,44748
291943494,44745
291949651,44745
291955795,44751
291961960,44754
291968169,44753
291974389,44763
291985767,44783
291991981,44779
291998121,44783
292003550,44779
292009671,44784
292015827,44786
292022050,44784
292028235,44782
292034457,44784
292040623,44788
292046801,44785
292052959,44784
292059157,44787
292065371,44791
292071566,44786
292076019,44790
292082199,44795
292088419,44788
292094596,44792
292100765,44795
292106949,44793
292113153,44800
292119331,44822
292125548,44826
292131699,44820
292137868,44819
292144054,44832
292150866,44825
292157092,44821
292163282,44825
292169526,44825
292175676,44823
292181877,44832
292188049,44829
292194242,44823
292200440,44833
292206607,44830
292211068,44826
292217240,44827
292223448,44832
292229610,44831
292235780,44825
292241973,44823
292248157,44838
292259569,44877
292265734,44882
292271973,44874
292278176,44875
292284433,44863
292290635,44867
292296841,44863
292309856,44863
292316085,44859
292322314,44853
292328530,44854
292334684,44851
292339875,44845
292345281,44852
292351484,44838
292357634,44827
292363716,44830
292370577,44825
292376791,44823
292383012,44821
292389223,44744
292395429,44747
292401625,44744
292406813,44748
292413027,44740
292419243,44748
292425466,44742
292431679,44740
292437889,44752
292444017,44747
292450176,44742
292456360,44732
292462576,44739
292468766,44738
292474219,44732
292479734,44736
292485914,44727
292492110,44732
292498292,44728
292504514,44720
292510716,44724
292516947,44721
292523123,44706
292529324,44713
292535549,44704
292540734,44700
292546911,44701
292553106,44703
292559326,44702
292565522,44699
292571693,44691
292578569,44696
292584765,44697
292590936,44694
292597085,44688
292603330,44680
292608770,44690
292614300,44675
292620533,44678
292626705,44685
292632899,44680
292639049,44680
292645211,44683
292651423,44674
292662806,44707
292669022,44712
292675117,44710
292681299,44720
292687504,44717
292693697,44716
292699948,44711
292706110,44716
292712269,44716
292718442,44719
292724615,44720
292730825,44722
292736982,44727
292743119,44728
292747901,44724
292754085,44722
292760307,44722
292766525,44725
292772666,44726
292778817,44724
292785553,44729
292796942,44721
292803071,44725
292809227,44727
292815393,44717
292821574,44721
292827733,44720
292833943,44726
292840094,44727
292846245,44735
292852468,44732
292858660,44737
292864838,44735
292871025,44736
292877098,44741
292881855,44735
292888045,44741
292894222,44735
292900441,44737
292906596,44742
292912748,44740
292918950,44748
292925119,44745
292931292,44785
292937513,44787
292943662,44787
292949836,44789
292955071,44795
292961235,44794
292967431,44789
292973632,44789
292979850,44798
292986050,44787
292992205,44791
292999043,44800
293005180,44795
293011360,44795
293016810,44792
293023014,44793
293029223,44792
293035423,44783
293041641,44790
293047825,44798
293053989,44796
293060189,44792
293071610,44825
293077767,44828
293083982,44824
293089396,44822
293095615,44825
293101756,44823
293107946,44818
293114128,44827
293120292,44822
293126497,44826
293132639,44820
293138782,44827
293144943,44834
293150136,44834
293156300,44830
293162514,44839
293168676,44836
293174907,44841
293181126,44841
293187307,44851
293193523,44853
293199740,44855
293206589,44822
293212768,44809
293219006,44813
293224530,44802
293230739,44805
293236950,44802
293243150,44799
293249340,44802
293255556,44795
293261674,44793
293267835,44786
293274013,44785
293280206,44790
293285430,44785
293291634,44784
293297124,44777
293303307,44772
293309537,44781
293315735,44765
293321955,44769
293328177,44768
293334317,44766
293345702,44738
293351943,44730
293358148,44733
293364331,44736
293370568,44737
293376769,44728
293382987,44735
293389123,44735
293395282,44736
293401451,44728
293407597,44739
293414327,44733
293419821,44737
293425990,44736
293432190,44743
293438407,44748
293444617,44740
293450785,44747
293456929,44746
293463095,44745
293469335,44750
293480783,44718
293487027,44720
293493203,44713
293498617,44729
293504835,44719
293511014,44720
293517171,44723
293523348,44727
293529573,44721
293535685,44719
293541830,44727
293554594,44730
293560858,44728
293567127,44730
293573304,44728
293579492,44734
293585679,44740
293591912,44733
293598090,44737
293609676,44770
293615827,44766
293622016,44767
293627258,44772
293634034,44768
293640158,44761
293646332,44767
293652552,44771
293658706,44771
293664922,44764
293671154,44761
293677314,44767
293683501,44765
293688959,44767
293695108,44772
293701304,44773
293707516,44777
293713693,44783
293719875,44777
293726019,44781
293732191,44777
293743573,44787
293749752,44786
293755972,44782
293762126,44796
293768324,44790
293774504,44794
293780692,44800
293786890,44802
293793070,44805
293799247,44807
293805432,44811
293811592,44815
293817773,44813
293823237,44818
293829470,44822
293835658,44816
293842488,44817
293847719,44827
293853934,44828
293860096,44819
293866233,44829
293872382,44830
293878572,44861
293884726,44859
293890939,44857
293897137,44855
293902542,44860
293908695,44864
293914874,44856
293921075,44865
293927240,44859
293933422,44856
293939632,44858
293945728,44860
293951916,44858
293958107,44862
293964281,44868
293970486,44866
293976620,44869
293982753,44874
293988898,44871
293995106,44870
294001272,44874
294007501,44876
294018890,44925
294025053,44933
294031211,44934
294036648,44935
294042793,44932
294048989,44926
294055735,44944
294061887,44944
294068095,44942
294074245,44937
294080462,44944
294086683,44947
294092852,44953
294098040,44945
294104180,44943
294110328,44949
294116539,44950
294122683,44945
294128893,44958
294135088,44949
294141259,44945
294152881,44861
294159083,44863
294165258,44868
294170483,44867
294176662,44862
294182824,44855
294189026,44860
294195157,44851
294201391,44856
294207575,44850
294213711,44850
294219910,44843
294226057,44846
294231526,44849
294237711,44852
294243895,44849
294250104,44851
294256270,44853
294263049,44846
294269234,44838
294275434,44848
294286888,44810
294293063,44809
294299250,44800
294305490,44807
294311667,44808
294317860,44810
294324055,44814
294330174,44802
294336347,44807
294342516,44809
294348698,44803
294354947,44804
294361098,44804
294366538,44796
294372701,44806
294378895,44803
294385115,44805
294391273,44799
294397498,44797
294402683,44799
294408863,44801
294415093,44797
294421229,44776
294427385,44779
294433564,44776
294439795,44780
294445267,44786
294451487,44775
294457648,44784
294463777,44786
294469936,44785
294476712,44783
294482914,44781
294489123,44782
294495301,44786
294500511,44785
294506688,44794
294512903,44804
294519113,44797
294525285,44794
294531487,44797
294537675,44794
294543852,44788
294550050,44791
294561656,44794
294567825,44794
294574027,44793
294579235,44800
294585456,44791
294591619,44797
294597765,44798
294603990,44793
294610161,44796
294616337,44793
294622544,44794
294628728,44792
294634939,44797
294641108,44796
294647304,44799
294653493,44797
294659657,44803
294665801,44811
294672018,44811
294678127,44808
294684937,44816
294696548,44874
294702707,44868
294708828,44867
294714071,44868
294720211,44879
294726428,44872
294732619,44869
294738786,44875
294744978,44872
294751176,44882
294757356,44876
294763562,44878
294769756,44878
294775211,44877
294781374,44880
294787566,44884
294800304,44875
294806493,44882
294812712,44878
294817874,44884
294829517,44889
294835725,44892
294841919,44892
294847147,44891
294853381,44894
294859563,44899
294865751,44895
294871997,44899
294878133,44897
294884309,44905
294890551,44912
294896730,44903
294903547,44907
294909005,44909
294915174,44909
294921389,44914
294927579,44915
294933801,44921
294939996,44923
294946164,44917
294951359,44929
294962967,44958
294969146,44959
294975314,44957
294980557,44960
294986756,44956
294992997,44964
294999153,44961
295005304,44957
295011492,44956
295017679,44960
295023903,44966
295030097,44964
295036269,44961
295041715,44966
295047912,44966
295054091,44961
295060305,44960
295066526,44972
295072707,44965
295078819,44962
295085011,44968
295090226,44960
295096422,44901
295102610,44894
295108804,44898
295115645,44899
295121839,44900
295128045,44905
295134175,44901
295140346,44902
295146527,44895
295152687,44897
295158912,44900
295165111,44895
295171305,44897
295176728,44907
295182921,44898
295189110,44902
295195274,44892
295201464,44893
295207645,44893
295213783,44889
295219953,44885
295225215,44885
295236841,44817
295243022,44823
295249203,44823
295255445,44814
295261620,44822
295267776,44820
295273939,44815
295280005,44811
295285600,44815
295291866,44812
295298096,44819
295304339,44811
295310562,44817
295316736,44817
295323600,44815
295329766,44810
295335956,44806
295342137,44816
295348337,44812
295354552,44819
295359745,44812
295371401,44803
295377576,44805
295383745,44809
295388940,44795
295395103,44803
295401301,44802
295407491,44802
295413664,44795
295419888,44805
295426070,44799
295432175,44798
295438360,44801
295444576,44798
295450009,44808
295456197,44798
295462372,44804
295468569,44803
295474701,44802
295480863,44799
295487046,44799
295493274,44801
295504684,44810
295510919,44815
295517082,44804
295523240,44807
295529407,44810
295536120,44808
295542313,44804
295548463,44801
295554634,44801
295560842,44815
295567029,44812
295573209,44810
295579407,44810
295584849,44813
295590995,44814
295597144,44820
295603317,44814
295609557,44814
295615693,44822
295621866,44826
295628045,44823
295639422,44856
295645630,44854
295651835,44849
295658003,44845
295663440,44853
295669637,44856
295675865,44858
295682033,44857
295688212,44857
295694367,44850
295700572,44850
295706759,44845
295712938,44856
295719141,44859
295725288,44852
295731499,44847
295737660,44859
295744406,44849
295750647,44847
295756789,44845
295762970,44845
295773603,44884
295779751,44875
295785905,44877
295792054,44876
295798198,44871
295804365,44881
295810580,44886
295816707,44880
295822893,44883
295829080,44884
295835257,44883
295841439,44882
295847645,44893
295853804,44890
295859003,44886
295865140,44893
295871264,44889
295877471,44883
295883651,44888
295889883,44890
295896094,44896
295902285,44893
295908469,44903
295914652,44905
295920870,44904
295927059,44904
295933159,44890
295938620,44902
295944711,44899
295950879,44901
295957709,44893
295963868,44897
295970057,44891
295976240,44882
295982480,44885
295988645,44878
295993840,44871
296000016,44875
296006148,44871
296012317,44860
296018505,44864
296024688,44868
296030916,44865
296043970,44816
296050187,44812
296056499,44818
296062653,44804
296067840,44805
296074057,44802
296080249,44812
296086397,44813
296092640,44807
296098835,44800
296105066,44794
296111258,44799
296117481,44794
296122939,44798
296129126,44794
296135286,44798
296141499,44798
296147663,44783
296153813,44788
296159986,44787
296166167,44788
296178210,44781
296184392,44773
296190688,44766
296196867,44769
296202301,44771
296208510,44769
296214635,44768
296220730,44760
296226897,44765
296233096,44761
296239302,44762
296245507,44760
296251693,44754
296257864,44757
296264038,44754
296270270,44754
296276505,44750
296282679,44752
296288837,44756
296295051,44749
296301287,44754
296312708,44788
296318923,44789
296324333,44780
296330531,44789
296335717,44788
296341917,44778
296348092,44787
296354206,44783
296360422,44786
296366655,44785
296372828,44782
296379635,44780
296385893,44783
296392089,44782
296398226,44784
296404411,44776
296410611,44774
296416789,44774
296423008,44776
296429170,44777
296435367,44780
296447024,44782
296453219,44786
296459389,44781
296465609,44791
296470804,44781
296477021,44791
296483125,44795
296489312,44797
296495500,44796
296501666,44796
296507825,44796
296514035,44810
296520219,44812
296526393,44808
296531819,44817
296537985,44823
296544202,44817
296550375,44823
296556574,44825
296562736,44823
296568936,44824
296580321,44847
296586534,44837
296593341,44846
296599519,44849
296604297,44854
296610500,44855
296616664,44844
296622852,44851
296629032,44856
296635251,44858
296641480,44853
296647682,44856
296653837,44857
296660039,44862
296666227,44863
296672414,44850
296678636,44860
296684780,44856
296690953,44851
296697132,44859
296703379,44858
296714839,44887
296721078,44882
296727212,44878
296733401,44884
296738813,44879
296743997,44886
296750153,44884
296756297,44894
296762492,44887
296768664,44897
296774906,44894
296781109,44897
296787266,44901
296793506,44897
296800339,44903
296805858,44900
296812038,44900
296818218,44917
296824454,44904
296830699,44916
296836865,44917
296843043,44919
296849228,44843
296855469,44843
296861657,44835
296867815,44838
296873038,44842
296878439,44827
296884636,44825
296890766,44822
296896919,44818
296903099,44824
296909273,44817
296915504,44814
296921693,44803
296927880,44808
296934075,44804
296940254,44803
296946448,44799
296952661,44800
296958845,44797
296965021,44792
296971238,44794
296977467,44797
296988906,44732
296995086,44727
297001210,44722
297007393,44730
297013508,44720
297019632,44718
297025858,44728
297032098,44722
297038311,44718
297044576,44719
297050793,44732
297057033,44719
297063224,44720
297069359,44721
297075509,44720
297080933,44718
297087128,44717
297093316,44710
297099542,44718
297105721,44713
297111902,44706
297123336,44679
297129559,44689
297135678,44687
297141835,44678
297147300,44687
297153474,44681
297159672,44679
297165808,44682
297171992,44683
297178200,44686
297184415,44682
297190628,44679
297196764,44692
297202932,44685
297209171,44685
297214357,44684
297221081,44691
297227271,44687
297233490,44688
297239664,44699
297245847,44694
297252077,44681
297258240,44676
297264432,44679
297270608,44661
297276733,44660
297288819,44662
297295020,44665
297301289,44671
297307538,44667
297313735,44666
297319926,44665
297326169,44668
297332372,44664
297338589,44667
297343796,44669
297350014,44666
297356183,44668
297362376,44671
297368608,44674
297374812,44669
297381033,44672
297392599,44708
297398788,44721
297404955,44726
297410129,44720
297416312,44724
297422513,44724
297428704,44717
297434894,44725
297441770,44726
297448038,44720
297454208,44732
297460364,44735
297466555,44741
297472737,44735
297478170,44730
297484341,44738
297490552,44738
297496742,44735
297502910,44727
297509082,44736
297515313,44744
297526732,44754
297532938,44753
297539138,44764
297544596,44763
297550756,44760
297556934,44776
297563104,44768
297569277,44766
297575495,44770
297581679,44767
297587876,44770
297594081,44769
297600237,44774
297606416,44775
297612649,44770
297618802,44777
297624958,44779
297631150,44772
297637312,44780
297643537,44783
297650375,44788
297661806,44818
297668030,44812
297674188,44818
297679626,44822
297685759,44822
297691918,44819
297698098,44821
297703309,44822
297709506,44821
297715723,44823
297721928,44828
297728124,44821
297734283,44830
297740469,44830
297746677,44823
297752129,44829
297758284,44837
297764495,44828
297770697,44835
297776879,44829
297783054,44838
297789290,44843
297800679,44737
297806851,44739
297813045,44726
297819178,44721
297825309,44727
297831494,44731
297837674,44720
297843873,44725
297850087,44713
297856265,44710
297863073,44708
297869195,44703
297875374,44703
297881582,44696
297887001,44700
297893191,44701
297899363,44707
297905609,44700
297911803,44699
297917990,44701
297924204,44700
297930360,44633
297936606,44634
297942754,44635
297948889,44631
297954101,44625
297960234,44631
297966468,44632
297972661,44625
297978101,44622
297984288,44623
297990503,44611
297996663,44620
298002783,44619
298008948,44627
298015150,44619
298021308,44607
298027536,44608
298033704,44609
298039884,44604
298046034,44602
298052230,44605
298058403,44606
298070398,44591
298076656,44599
298082824,44597
298088307,44599
298094494,44594
298100712,44606
298106913,44607
298113099,44601
298119276,44599
298125509,44602
298131675,44604
298137804,44613
298143988,44610
298150186,44606
298156366,44609
298161547,44606
298167701,44610
298173910,44606
298180138,44599
298186290,44603
298192464,44607
298198614,44606
298204783,44581
298211020,44567
298217204,44575
298222611,44573
298228813,44573
298235015,44575
298241224,44580
298247418,44571
298253650,44572
298259784,44572
298265949,44570
298272104,44580
298278283,44577
298285083,44567
298291285,44570
298296512,44570
298302671,44565
298308841,44572
298315042,44571
298321247,44571
298327436,44574
298333655,44574
298345208,44611
298351379,44616
298356599,44617
298362790,44619
298368964,44621
298375123,44623
298381281,44624
298387485,44614
298393687,44620
298399899,44625
298406082,44617
298412251,44618
298418421,44620
298424612,44622
298430037,44622
298436218,44621
298442371,44617
298448606,44616
298454784,44613
298460971,44608
298467117,44617
298478554,44615
298484799,44610
298491623,44615
298497900,44612
298504107,44616
298510243,44616
298516451,44608
298522643,44613
298535484,44610
298541660,44621
298547977,44616
298554155,44619
298559586,44615
298565769,44617
298571988,44623
298578222,44634
298584431,44631
298590657,44634
298596816,44633
298608216,44684
298614382,44680
298620591,44678
298626054,44686
298632253,44689
298638429,44680
298644628,44682
298650801,44690
298656981,44686
298663171,44679
298668397,44676
298674580,44669
298680730,44672
298686945,44671
298693113,44669
298698624,44666
298704831,44664
298711610,44653
298717782,44654
298723981,44655
298730159,44657
298736361,44649
298742547,44582
298748753,44580
298754967,44582
298760201,44580
298766403,44582
298772614,44587
298778794,44579
298785032,44585
298791184,44581
298797344,44573
298803521,44572
298809689,44574
298815847,44568
298822049,44569
298828153,44565
298834307,44561
298840513,44559
298846721,44559
298852939,44559
298859128,44549
298865292,44550
298871503,44554
298883128,44552
298889308,44547
298894519,44543
298900712,44540
298906940,44543
298913146,44545
298919927,44545
298926129,44547
298932278,44546
298938425,44543
298943844,44540
298950082,44541
298956326,44546
298962539,44538
298968733,44539
298974899,44545
298981119,44541
298987346,44533
298993575,44544
298999743,44536
299005957,44541
299017309,44562
299023495,44562
299029682,44561
299035836,44566
299042094,44566
299048274,44568
299054458,44565
299060640,44568
299066822,44562
299073027,44565
299079214,44565
299085359,44566
299091550,44566
299097724,44559
299103159,44559
299109354,44564
299115568,44554
299121745,44556
299127976,44556
299134885,44556
299141089,44558
299152481,44573
299158671,44571
299164884,44568
299170341,44582
299176569,44579
299182762,44584
299188948,44583
299195124,44584
299201321,44586
299207494,44586
299213701,44585
299219815,44590
299225971,44598
299232191,44593
299237410,44591
299243608,44594
299249789,44599
299255988,44602
299262130,44601
299268272,44595
299274422,44603
299286001,44622
299292177,44630
299298373,44638
299303623,44630
299309804,44638
299316040,44639
299322205,44637
299328365,44637
299334571,44628
299341306,44640
299347557,44635
299353746,44631
299359940,44644
299366154,44641
299371617,44642
299377792,44645
299383996,44648
299390180,44648
299396373,44653
299402612,44656
299408778,44651
299420115,44673
299426277,44686
299432459,44683
299437918,44678
299444088,44690
299450262,44690
299456427,44701
299462656,44704
299468796,44703
299474957,44702
299481142,44704
299487282,44705
299493396,44709
299498606,44712
299504784,44708
299510217,44713
299516411,44720
299522628,44718
299528831,44724
299535013,44722
299541201,44720
299547393,44719
299554254,44626
299560408,44624
299566624,44623
299572808,44624
299578993,44623
299585165,44625
299591342,44613
299597553,44618
299603744,44610
299609919,44617
299616079,44608
299622258,44606
299628470,44608
299633695,44605
299639872,44604
299645356,44606
299651582,44604
299657780,44597
299663995,44603
299670197,44593
299676342,44592
299682529,44597
299693935,44540
299700148,44550
299706319,44538
299712505,44542
299718712,44539
299724844,44550
299731054,44546
299737212,44552
299743370,44545
299749568,44547
299755784,44549
299762620,44548
299768090,44542
299780900,44544
299787142,44549
299793412,44540
299799661,44543
299805853,44539
299812110,44534
299823773,44528
299829961,44525
299836159,44529
299841400,44533
299847632,44521
299853805,44522
299860036,44523
299866223,44529
299872410,44523
299878602,44528
299884794,44528
299890978,44528
299897182,44523
299903323,44538
299909483,44533
299915697,44539
299921862,44534
299928084,44542
299934300,44539
299940468,44547
299946667,44544
299958273,44545
299964494,44546
299970684,44552
299975903,44550
299982788,44537
299989019,44542
299995221,44543
300001410,44548
300007607,44538
300013794,44541
300020038,44540
300026190,44537
300031693,44531
300037895,44539
300044084,44536
300049323,44539
300055563,44542
300061738,44546
300067955,44540
300074142,44537
300080316,44539
300086476,44545
300092639,44593
300098789,44592
300105018,44597
300111139,44603
300117310,44601
300123481,44595
300129696,44593
300135942,44595
300142120,44592
300148213,44602
300154356,44608
300160530,44607
300166700,44606
300172945,44614
300179160,44608
300184616,44613
300191482,44614
300197721,44615
300203860,44617
300210019,44613
300216197,44614
300222378,44615
300233824,44618
300240072,44622
300246271,44625
300251730,44617
300257940,44622
300264091,44627
300270267,44632
300276408,44631
300282620,44627
300288767,44640
300294918,44641
300301091,44637
300307263,44642
300313440,44647
300318651,44643
300324862,44650
300331074,44657
300337244,44655
300343406,44654
300349618,44659
300355821,44666
300367535,44710
300373701,44711
300379852,44695
300385061,44693
300391218,44692
300397396,44689
300404188,44686
300410343,44676
300416595,44673
300422754,44665
300428942,44653
300435154,44645
300441314,44647
300447544,44649
300453012,44642
300459194,44633
300465359,44625
300471548,44629
300477722,44618
300483860,44613
300490070,44623
300501479,44584
300507661,44587
300513868,44580
300519343,44579
300525556,44579
300531730,44576
300537885,44576
300544060,44568
300550270,44572
300556418,44568
300562654,44568
300568837,44568
300574998,44566
300581249,44567
300586473,44568
300591960,44569
300598171,44567
300604344,44572
300610564,44568
300617364,44562
300623564,44565
300629754,44563
300635972,44526
300642217,44518
300648422,44517
300653701,44520
300659898,44517
300666120,44516
300672288,44517
300678473,44513
300684634,44516
300690793,44513
300697013,44508
300703179,44516
300709353,44511
300715591,44518
300721063,44519
300726625,44509
300732816,44523
300738958,44521
300745161,44524
300751314,44517
300757497,44520
300763669,44520
300775093,44552
300781262,44542
300787461,44546
300792962,44547
300799134,44544
300805334,44540
300811559,44543
300817712,44540
300824588,44541
300830713,44549
300836837,44540
300843018,44534
300849224,44536
300855418,44534
300860644,44540
300866870,44540
300873088,44532
300879229,44540
300885417,44533
300891612,44524
300897763,44532
300909372,44559
300915599,44566
300921763,44566
300926942,44559
300933162,44573
300939362,44569
300945561,44568
300951727,44570
300957945,44577
300964146,44581
300970294,44578
300976494,44567
300982679,44572
300988873,44579
300994340,44576
300999524,44581
301005728,44575
301011898,44577
301024940,44579
301031185,44581
301043469,44606
301049684,44597
301054880,44609
301061099,44600
301067277,44606
301073459,44600
301079650,44606
301085804,44609
301092028,44602
301098180,44608
301104304,44608
301110503,44604
301116715,44596
301122897,44612
301128334,44610
301134544,44611
301140725,44609
301146884,44605
301153050,44619
301159234,44619
301165412,44619
301176852,44641
301183061,44644
301189254,44645
301195433,44645
301201645,44652
301207848,44646
301214053,44641
301220200,44650
301226360,44644
301232584,44650
301238775,44654
301244969,44659
301251818,44656
301258055,44667
301262848,44658
301269026,44670
301275236,44664
301281377,44668
301287588,44670
301293775,44668
301299936,44665
301311292,44619
301317486,44610
301323647,44600
301329105,44602
301335280,44599
301341524,44588
301347716,44589
301353893,44588
301360052,44589
301366234,44588
301372372,44585
301378588,44579
301384731,44574
301390941,44576
301397167,44570
301402359,44570
301408576,44572
301414767,44575
301421006,44572
301427179,44584
301433331,44576
301444928,44528
301451113,44528
301457287,44526
301464114,44527
301470294,44526
301476521,44521
301482699,44515
301488827,44526
301495011,44511
301501158,44521
301507341,44530
301513573,44521
301519745,44522
301525906,44523
301532090,44516
301536518,44517
301542724,44517
301548921,44516
301555099,44518
301561275,44510
301567441,44520
301573657,44520
301579848,44530
301586016,44531
301592209,44534
301598393,44538
301603649,44530
301609836,44543
301616060,44550
301622217,44533
301628390,44538
301634561,44542
301640736,44548
301646882,44539
301653103,44542
301659248,44539
301665443,44539
301671441,44538
301677653,44551
301683816,44545
301690033,44550
301696198,44552
301702364,44547
301713752,44572
301719958,44572
301726194,44581
301732380,44582
301737824,44568
301743974,44573
301750103,44571
301756312,44572
301762517,44571
301768705,44569
301774910,44573
301781132,44572
301787338,44572
301793574,44570
301799730,44581
301805919,44580
301811457,44575
301817661,44574
301823839,44571
301830002,44579
301836193,44578
301842388,44577
301848599,44613
301854781,44611
301860916,44618
301867099,44615
301872317,44618
301879054,44623
301885229,44623
301891337,44627
301897530,44631
301903713,44629
301909898,44625
301916093,44630
301922304,44636
301928456,44628
301934664,44638
301940852,44626
301946331,44624
301952540,44624
301958744,44627
301964900,44627
301971072,44628
301977314,44631
301988754,44670
301994966,44680
302001142,44679
302007328,44685
302013484,44685
302019691,44680
302025870,44686
302032054,44690
302038184,44686
302044375,44697
302050590,44698
302056805,44690
302063021,44692
302069168,44703
302075291,44695
302080734,44694
302085885,44698
302092690,44700
302098831,44714
302105043,44702
302111203,44709
302122803,44677
302129018,44679
302135202,44677
302141409,44676
302146584,44668
302152772,44666
302159019,44657
302165170,44657
302171321,44653
302177461,44636
302183690,44644
302189928,44638
302196138,44640
302202303,44634
302208507,44626
302214675,44634
302220845,44618
302227065,44624
302233157,44625
302239338,44618
302245495,44624
302257157,44578
302269941,44566
302276206,44566
302282505,44568
302288714,44569
302294888,44571
302301083,44564
302307862,44564
302314057,44563
302320271,44561
302326485,44566
302332739,44566
302338916,44559
302345119,44560
302350381,44562
302355849,44562
302362076,44559
302368254,44566
302374423,44570
302380651,44570
302386806,44558
302393014,44559
302399220,44555
302405450,44564
302411683,44562
302416862,44563
302423066,44565
302429206,44558
302435388,44566
302441557,44562
302447775,44565
302453985,44563
302460188,44566
302466420,44569
302472627,44569
302478818,44568
302484234,44565
302490424,44574
302495656,44573
302501812,44572
302508003,44573
302514230,44580
302521019,44606
302527210,44609
302533377,44614
302539581,44605
302545799,44609
302551219,44605
302557424,44617
302563655,44607
302569781,44613
302575981,44613
302582147,44616
302588378,44617
302594598,44616
302600768,44608
302606926,44619
302613132,44616
302618368,44621
302624555,44623
302629987,44617
302636161,44620
302642366,44615
302648555,44614
302654772,44613
302660914,44645
302667080,44643
302673271,44641
302679455,44646
302684699,44648
302690842,44645
302697012,44652
302703172,44658
302709329,44655
302715520,44654
302721707,44658
302728488,44657
302734741,44657
302740935,44652
302747127,44654
302753283,44658
302759447,44654
302764869,44656
302771071,44669
302777250,44665
302783415,44665
302794853,44677
302801081,44675
302807307,44676
302813535,44680
302819740,44670
302825928,44679
302832133,44690
302838216,44679
302844371,44688
302850579,44671
302856763,44679
302862948,44680
302869180,44676
302875360,44678
302881564,44676
302887759,44683
302893899,44669
302899367,44689
302905602,44689
302911765,44685
302917889,44690
302929313,44742
302935479,44744
302942223,44750
302948388,44749
302954599,44747
302960043,44749
302966213,44749
302972368,44749
302978554,44742
302984751,44742
302990935,44739
302997144,44743
303003376,44733
303009599,44730
303015763,44734
303021966,44726
303027498,44724
303033686,44726
303039841,44715
303046017,44718
303052218,44711
303063654,44604
303069828,44600
303076043,44591
303082207,44594
303088382,44592
303093830,44580
303099970,44583
303106148,44582
303112359,44573
303118563,44584
303124766,44578
303130887,44575
303137048,44575
303143234,44574
303150033,44570
303156238,44576
303161451,44572
303167662,44574
303173853,44579
303180087,44575
303186239,44568
303192402,44566
303198568,44515
303204766,44518
303210972,44516
303217154,44515
303223278,44521
303228705,44513
303234851,44512
303241031,44509
303247252,44506
303253443,44505
303259654,44506
303265836,44511
303272017,44501
303278163,44508
303284350,44499
303290546,44498
303296726,44497
303302883,44500
303309081,44494
303314289,44495
303320478,44482
303326694,44487
303338315,44481
303344487,44484
303350680,44484
303356817,44483
303362723,44480
303368885,44476
303375113,44485
303381244,44486
303387428,44483
303393672,44486
303399869,44476
303406098,44484
303412237,44489
303418380,44490
303424567,44481
303430757,44487
303436927,44491
303443141,44492
303449312,44488
303455515,44491
303461729,44491
303473349,44478
303479529,44480
303485725,44480
303491900,44479
303497092,44485
303503228,44473
303516234,44482
303522432,44475
303528740,44478
303534881,44490
303541081,44480
303547261,44481
303553462,44484
303559685,44489
303565846,44479
303572024,44493
303578821,44490
303584011,44495
303590202,44498
303601801,44554
303607965,44551
303614168,44543
303620366,44549
303626558,44537
303632727,44550
303638857,44554
303645017,44550
303651226,44547
303657412,44551
303663620,44552
303669785,44554
303675931,44554
303682124,44548
303688269,44546
303694440,44553
303699673,44558
303705835,44560
303712040,44563
303718189,44566
303723618,44559
303729771,44560
303735956,44566
303742137,44573
303748353,44573
303754507,44560
303760702,44561
303765886,44559
303772124,44557
303778241,44561
303784999,44551
303791208,44561
303797347,44567
303803507,44560
303809700,44565
303815873,44557
303822120,44563
303828222,44568
303834343,44569
303840558,44566
303846747,44571
303852901,44570
303858361,44575
303864601,44580
303875995,44616
303882209,44617
303888377,44613
303894605,44606
303900762,44603
303906934,44600
303913171,44600
303919312,44591
303925509,44586
303931696,44592
303937871,44590
303944103,44592
303950276,44584
303956448,44586
303962658,44569
303968816,44580
303974247,44572
303980444,44573
303986695,44562
303992260,44571
303999017,44560
304010440,44523
304016628,44532
304022849,44517
304029024,44523
304035220,44524
304040635,44530
304046816,44518
304052978,44512
304059154,44510
304065363,44514
304071589,44507
304077799,44508
304083944,44509
304090115,44508
304096313,44499
304102459,44504
304108678,44509
304114826,44506
304121002,44493
304127195,44494
304133373,44499
304144795,44460
304150993,44465
304157199,44457
304163342,44461
304169516,44455
304174990,44454
304181145,44460
304187348,44451
304193558,44461
304199770,44444
304206588,44447
304212807,44445
304218934,44444
304225115,44442
304231317,44441
304237501,44443
304243714,44437
304248937,44443
304255152,44444
304261381,44447
304267560,44445
304279177,44454
304285372,44462
304291580,44454
304297793,44452
304303941,44454
304309145,44454
304315297,44444
304321512,44451
304327716,44447
304333910,44450
304340139,44446
304346302,44432
304352490,44432
304358675,44430
304364856,44427
304371082,44432
304377226,44425
304382696,44426
304388850,44423
304395045,44431
304401198,44427
304406404,44430
304418667,44430
304424783,44431
304430956,44442
304437165,44430
304443360,44433
304448584,44436
304454769,44447
304461003,44439
304467243,44442
304473440,44441
304479623,44443
304485777,44449
304491997,44450
304498170,44449
304504270,44444
304510431,44454
304516616,44446
304522847,44457
304529052,44450
304535238,44452
304540660,44450
304552060,44498
304558268,44495
304564458,44494
304570702,44497
304576868,44499
304582334,44490
304588528,44504
304594727,44499
304600881,44499
304607051,44491
304613233,44499
304619395,44495
304625590,44489
304632420,44497
304638627,44498
304644807,44495
304650997,44502
304657184,44508
304663387,44495
304669601,44492
304674830,44505
304686508,44521
304692698,44515
304698880,44515
304704988,44524
304711233,44527
304716431,44518
304722628,44527
304728849,44523
304735062,44528
304741231,44532
304747400,44534
304760175,44533
304766348,44537
304772612,44539
304778813,44540
304785045,44550
304791230,44538
304797422,44541
304803654,44548
304814507,44542
304820767,44536
304826913,44538
304833119,44531
304839297,44528
304846113,44527
304852313,44523
304858566,44520
304864815,44516
304870986,44517
304877177,44514
304883406,44563
304889648,44507
304895777,44506
304901903,44499
304908071,44495
304914235,44495
304920456,44495
304926702,44497
304931901,44492
304938159,44490
304949046,44468
304955289,44467
304961492,44464
304967699,44470
304973882,44471
304980050,44478
304986204,44475
304992384,44473
304998590,44465
305004780,44470
305010960,44472
305017143,44472
305023315,44476
305029498,44475
305035737,44467
305041901,44468
305048081,44468
305054789,44465
305060961,44463
305066170,44470
305072344,44469
305077786,44462
305083939,44444
305090120,44444
305096270,44454
305102430,44449
305108633,44448
305114801,44445
305120020,44456
305126240,44457
305132421,44463
305138605,44462
305144791,44457
305150971,44456
305157130,44456
305163268,44455
305169426,44465
305175630,44458
305181795,44461
305188028,44451
305194223,44465
305200357,44454
305206517,44453
305212725,44453
305224326,44480
305230476,44476
305236705,44475
305242887,44476
305249072,44465
305254294,44475
305260505,44475
305267251,44473
305273446,44472
305279660,44472
305285881,44476
305292093,44469
305298259,44459
305304425,44478
305310641,44474
305316819,44468
305323034,44474
305329237,44474
305334723,44468
305340849,44459
305347031,44468
305358386,44489
305364569,44491
305370751,44498
305376908,44494
305383145,44497
305388563,44494
305394749,44502
305400912,44506
305407111,44505
305413340,44505
305419527,44519
305425743,44520
305431897,44510
305438100,44521
305444305,44526
305450515,44518
305456769,44516
305462926,44526
305469103,44526
305475858,44522
305482069,44530
305493537,44548
305499758,44554
305505928,44546
305512128,44547
305518285,44552
305523758,44547
305529909,44566
305536109,44562
305542266,44557
305548464,44558
305554647,44563
305560780,44563
305566944,44562
305573132,44571
305579279,44560
305585473,44576
305591692,44569
305597876,44564
305604057,44573
305609237,44566
305615407,44560
305626981,44598
305632173,44597
305638305,44604
305644458,44599
305650672,44596
305656880,44608
305663054,44607
305669206,44611
305675345,44614
305681552,44622
305688288,44614
305694450,44614
305700594,44628
305706803,44628
305712999,44626
305719215,44625
305725392,44624
305731578,44628
305737782,44628
305743235,44625
305749433,44627
305755598,44623
305761790,44520
305766961,44521
305773165,44513
305779377,44508
305785542,44518
305791748,44514
305797200,44517
305803394,44512
305809615,44505
305815811,44503
305821970,44508
305828137,44514
305834329,44506
305840502,44507
305846698,44510
305852877,44506
305859080,44506
305865271,44511
305871468,44512
305877713,44502
305883948,44510
305890138,44505
305901328,44464
305907483,44461
305913710,44463
305919945,44460
305926198,44462
305931408,44458
305937603,44457
305943833,44460
305950067,44462
305956226,44453
305962350,44450
305968518,44447
305974712,44444
305980857,44444
305987078,44441
305993265,44453
306006285,44445
306012510,44448
306018786,44446
306030212,44461
306036348,44465
306042541,44468
306048727,44474
306054879,44463
306061106,44467
306067253,44469
306073449,44473
306079642,44482
306085823,44473
306092051,44477
306098218,44490
306104356,44485
306111121,44484
306117320,44493
306123477,44482
306129654,44487
306135860,44481
306142078,44486
306148229,44479
306153691,44478
306165099,44442
306171216,44455
306177402,44455
306183566,44457
306189752,44464
306195918,44468
306201376,44465
306207562,44468
306213771,44470
306219934,44475
306226142,44472
306232317,44468
306238505,44477
306244715,44480
306250904,44480
306257072,44488
306263266,44478
306269470,44490
306275715,44489
306281861,44489
306287067,44496
306293218,44493
306299331,44522
306305528,44525
306311707,44518
306317866,44525
306324693,44525
306330860,44521
306336295,44531
306342507,44526
306348735,44522
306354934,44527
306361085,44528
306367277,44528
306373438,44524
306379645,44524
306385815,44536
306392024,44531
306398205,44537
306404376,44549
306410537,44549
306416743,44550
306421978,44556
306428212,44563
306439800,44621
306445901,44621
306452075,44621
306458263,44625
306464451,44631
306469667,44628
306475871,44632
306482093,44636
306488251,44633
306494411,44636
306500557,44638
306506765,44636
306512929,44642
306519163,44638
306525332,44649
306532079,44644
306538262,44645
306544457,44650
306550636,44648
306556126,44648
306562316,44648
306573724,44684
306579877,44689
306586076,44689
306592244,44684
306598439,44682
306604625,44689
306610824,44690
306617042,44696
306623206,44691
306629321,44690
306635501,44689
306641743,44689
306647900,44689
306654098,44692
306660285,44690
306666450,44698
306672644,44686
306678812,44686
306684969,44694
306690415,44693
306696599,44683
306708025,44640
306714228,44642
306720377,44640
306726577,44635
306732768,44637
306738980,44634
306745173,44631
306751303,44630
306757482,44627
306763670,44617
306769856,44627
306776034,44620
306782229,44620
306788345,44612
306794533,44621
306800723,44621
306806869,44614
306813072,44614
306819255,44606
306824713,44614
306830871,44611
306842248,44557
306848376,44554
306854559,44557
306860766,44555
306866238,44543
306872450,44553
306878659,44542
306884832,44532
306891007,44546
306897155,44543
306903347,44548
306909503,44546
306915730,44543
306921922,44541
306928087,44545
306934258,44541
306940462,44534
306946686,44543
306953508,44534
306959732,44539
306965929,44547
306977274,44559
306983428,44564
306989631,44568
306995813,44564
307001297,44560
307007490,44564
307013746,44562
307019004,44566
307025230,44565
307031379,44566
307037559,44567
307043796,44563
307050000,44573
307056215,44562
307062379,44566
307068577,44563
307074775,44560
307080951,44568
307087172,44562
307093329,44560
307098755,44557
307104902,44565
307111068,44582
307117265,44579
307123437,44589
307129637,44587
307134813,44592
307141059,44588
307147233,44589
307152680,44595
307158821,44601
307165562,44600
307171771,44597
307177899,44600
307184076,44599
307190237,44594
307196441,44601
307202684,44604
307208825,44614
307214981,44619
307221162,44620
307227326,44611
307233452,44621
307239643,44609
307252459,44635
307258660,44644
307264164,44643
307270378,44644
307276545,44642
307281787,44650
307288053,44646
307294241,44647
307300348,44649
307306564,44648
307312756,44647
307318979,44655
307325186,44657
307331339,44661
307337502,44664
307343727,44669
307349887,44670
307356072,44672
307362235,44666
307368373,44664
307374538,44674
307386731,44725
307392900,44738
307399101,44732
307405288,44740
307411466,44739
307416672,44737
307422877,44741
307429097,44746
307435256,44751
307441398,44739
307447542,44738
307453724,44748
307459911,44742
307466141,44742
307472302,44752
307478481,44752
307484683,44759
307490866,44754
307497061,44755
307502516,44757
307508732,44755
307520083,44799
307526313,44802
307532452,44806
307538622,44809
307544034,44807
307550233,44806
307555428,44810
307561594,44819
307567794,44812
307573902,44815
307580090,44815
307586232,44815
307593066,44812
307599224,44817
307605386,44810
307611569,44820
307617787,44814
307623995,44819
307630174,44813
307636335,44807
307641784,44804
307647914,44805
307654075,44701
307660236,44697
307666450,44712
307672665,44699
307677876,44709
307684133,44706
307689597,44701
307695767,44697
307701884,44699
307708023,44697
307714212,44691
307720383,44690
307726623,44691
307732824,44690
307739029,44682
307745205,44680
307751399,44683
307757644,44681
307763819,44678
307769910,44678
307775085,44669
307781247,44679
307787408,44671
307793559,44638
307800251,44638
307806437,44639
307811868,44627
307818041,44643
307823263,44629
307829368,44632
307835512,44629
307841726,44629
307847893,44635
307854086,44634
307860313,44630
307866478,44633
307872684,44630
307878881,44626
307885085,44634
307891264,44631
307897375,44630
307903529,44629
307908949,44627
307915120,44626
307921304,44624
307927506,44632
307933756,44630
307939904,44626
307946094,44628
307951308,44627
307957490,44619
307963683,44628
307969832,44633
307976024,44625
307982243,44632
307988432,44626
307994600,44617
308000829,44627
308007061,44625
308013937,44619
308020178,44632
308026333,44632
308032510,44628
308038649,44628
308044038,44627
308050184,44625
308056403,44625
308062639,44635
308074095,44652
308080294,44650
308085724,44639
308091905,44649
308097079,44655
308103271,44647
308109441,44643
308115631,44640
308121790,44650
308128034,44644
308134210,44644
308140364,44648
308146576,44648
308152757,44643
308158932,44650
308165153,44655
308171325,44641
308177472,44649
308183669,44656
308189824,44656
308196010,44665
308207684,44685
308213892,44691
308220046,44698
308226901,44699
308232070,44703
308238277,44701
308244483,44702
308250665,44709
308256833,44709
308263047,44714
308269269,44707
308275434,44712
308281657,44711
308287849,44725
308293978,44720
308300205,44720
308306347,44724
308312506,44720
308317910,44725
308324137,44724
308330351,44718
308341753,44742
308347968,44750
308354215,44749
308359670,44750
308365839,44744
308371973,44751
308378166,44749
308384371,44764
308390551,44761
308396734,44756
308402887,44762
308409042,44758
308415218,44769
308421419,44763
308427625,44760
308434451,44761
308440652,44760
308446816,44760
308452010,44755
308458238,44762
308464409,44758
308470596,44752
308476792,44786
308482991,44793
308496010,44792
308501222,44797
308507418,44796
308513598,44796
308519802,44797
308525994,44808
308532224,44796
308538390,44797
308544604,44793
308550796,44788
308556984,44796
308563207,44790
308569323,44785
308575481,44773
308581676,44781
308587845,44776
308594016,44774
308600223,44768
308611806,44659
308617986,44669
308624165,44661
308630399,44665
308635595,44660
308641805,44666
308648532,44659
308654770,44655
308660964,44654
308667205,44655
308673377,44648
308679549,44655
308685766,44641
308691941,44652
308698147,44654
308704322,44647
308710495,44639
308716673,44642
308722108,44637
308728309,44623
308734476,44620
308745962,44619
308752177,44617
308758339,44618
308764514,44610
308769912,44619
308776091,44615
308782240,44617
308788432,44610
308794592,44621
308800835,44618
308806970,44616
308813180,44615
308819374,44612
308825534,44611
308831746,44623
308837917,44611
308844102,44614
308850286,44608
308855479,44601
308862304,44609
308868445,44603
308880068,44606
308886237,44609
308892431,44613
308898583,44607
308903823,44620
308909985,44617
308916206,44621
308922332,44625
308928498,44623
308934708,44622
308940873,44625
308947118,44624
308953272,44623
308959434,44633
308965591,44632
308971779,44634
308977933,44621
308984109,44629
308990311,44637
308996475,44629
309002661,44625
309014304,44629
309020471,44629
309026692,44637
309032863,44633
309039018,44640
309045161,44637
309050410,44640
309056580,44641
309062794,44636
309069657,44652
309075940,44647
309082187,44645
309088415,44648
309094641,44644
309100823,44650
309106964,44651
309113191,44654
309119323,44654
309125498,44653
309130946,44660
309137118,44659
309148574,44660
309154790,44660
309161008,44654
309167200,44656
309173301,44663
309178765,44656
309184901,44663
309190065,44665
309196247,44671
309202378,44660
309208565,44667
309214783,44672
309221025,44692
309227279,44682
309233484,44697
309239699,44685
309245912,44693
309252115,44698
309258318,44690
309264465,44689
309270638,44688
309276868,44700
309283729,44747
309289935,44754
309296191,44759
309302315,44749
309308453,44759
309313873,44748
309320068,44751
309325296,44761
309331467,44756
309337612,44760
309343804,44746
309350003,44756
309356225,44765
309362387,44766
309368538,44768
309374731,44763
309380930,44767
309387122,44768
309393292,44773
309398733,44773
309404922,44773
309411117,44780
309422528,44779
309428688,44778
309434874,44771
309441072,44770
309447284,44780
309453423,44774
309458861,44764
309465015,44761
309471188,44759
309477408,44753
309483654,44753
309489853,44800
309496702,44753
309502858,44746
309509007,44744
309515173,44743
309521372,44738
309527559,44734
309533797,44724
309539967,44726
309546173,44725
309557590,44663
309563758,44661
309569917,44661
309576118,44662
309582296,44661
309587711,44665
309593880,44657
309600036,44660
309606252,44655
309612470,44653
309618727,44656
309624914,44660
309631111,44651
309637360,44657
309643553,44660
309649781,44657
309655935,44655
309662143,44653
309668336,44662
309674542,44661
309680787,44655
309692132,44645
309698259,44640
309705089,44632
309711318,44647
309717491,44643
309722927,44645
309729135,44636
309741941,44643
309748162,44647
309754411,44643
309760600,44646
309766775,44644
309772949,44632
309779129,44641
309785317,44640
309791467,44644
309797673,44636
309803135,44635
309809327,44638
309820746,44678
309827001,44684
309833261,44687
309839471,44679
309845746,44683
309851176,44679
309857411,44676
309863587,44676
309868809,44684
309875004,44687
309881232,44686
309887383,44686
309893572,44683
309899763,44689
309905944,44689
309912141,44694
309918933,44685
309925182,44687
309931359,44695
309936801,44693
309943007,44698
309949280,44698
309955506,44752
309961737,44747
309967948,44760
309974208,44748
309980408,44754
309985630,44761
309991809,44758
309998022,44757
310003466,44764
310009645,44755
310015852,44755
310022008,44760
310028159,44763
310034360,44765
310040536,44765
310046771,44771
310052972,44769
310059192,44770
310065461,44775
310071709,44770
310077904,44765
310084107,44767
310095592,44777
310101803,44780
310107980,44778
310114228,44780
310120362,44779
310126524,44776
310133310,44776
310138742,44768
310144904,44777
310151075,44778
310157275,44778
310163456,44783
310169651,44790
310175812,44788
310182006,44795
310188199,44788
310194394,44791
310200577,44798
310206822,44796
310212051,44804
310218248,44809
310229897,44820
310236069,44824
310242228,44812
310248421,44828
310254591,44823
310259833,44831
310266008,44834
310272242,44830
310277745,44838
310283960,44839
310290184,44847
310296371,44844
310302567,44845
310308787,44848
310314924,44849
310321083,44850
310327243,44840
310333470,44848
310339681,44857
310345854,44850
310352019,44854
310358218,44853
310364411,44787
310370599,44777
310376841,44774
310383020,44775
310389192,44775
310394421,44770
310400619,44765
310406794,44762
310412199,44752
310418429,44749
310424607,44745
310430840,44741
310436950,44743
310443115,44748
310449312,44739
310455503,44729
310461692,44742
310467856,44742
310474031,44739
310480196,44739
310486381,44736
310492572,44738
310503993,44689
310510201,44683
310516345,44687
310522540,44686
310528726,44683
310534902,44672
310541095,44677
310546581,44674
310553420,44665
310559611,44671
310565835,44667
310571993,44674
310578164,44662
310584360,44667
310590519,44671
310596717,44664
310602916,44667
310609080,44673
310615272,44671
310620507,44658
310626680,44667
310638259,44712
310644425,44711
310650658,44701
310656886,44708
310663049,44707
310668265,44707
310674428,44697
310680596,44698
310686070,44707
310692231,44695
310698438,44699
310704626,44699
310710809,44687
310716981,44681
310723147,44678
310729325,44683
310735516,44687
310741765,44684
310747928,44688
310754110,44683
310760369,44672
310772400,44734
310778637,44732
310784877,44731
310791029,44731
310797265,44728
310802668,44732
310808859,44731
310815076,44740
310820320,44734
310826524,44732
310832736,44740
310838918,44742
310845147,44745
310851329,44736
310857497,44738
310863700,44748
310869866,44740
310876086,44746
310882276,44746
310888422,44748
310893864,44749
310900024,44754
310911427,44786
310917644,44788
310923865,44790
310930097,44787
310936315,44780
310941709,44785
310947908,44788
310954109,44793
310960308,44792
310966481,44781
310972668,44790
310986122,44786
310992306,44780
310998539,44787
311004764,44784
311010945,44785
311017176,44784
311023359,44783
311029576,44779
311041218,44841
311047444,44840
311053612,44840
311059870,44842
311066004,44840
311071190,44841
311077347,44847
311083521,44848
311088984,44846
311095145,44839
311101368,44840
311107560,44850
311113798,44849
311119963,44845
311126163,44847
311132320,44847
311138500,44845
311144725,44854
311150922,44857
311157127,44863
311163313,44859
311174746,44900
311180894,44901
311187088,44910
311193938,44901
311200130,44903
311205583,44897
311211786,44893
311217970,44883
311224156,44891
311230389,44883
311236610,44876
311242843,44864
311249042,44873
311255280,44871
311261508,44858
311267743,44861
311273921,44864
311280086,44856
311286267,44856
311292470,44843
311298716,44851
311309373,44782
311315547,44788
311321787,44784
311327970,44786
311334105,44788
311339305,44778
311345497,44778
311351680,44785
311357861,44783
311364110,44780
311370325,44775
311376490,44777
311382682,44766
311388849,44766
311395031,44768
311401839,44768
311408140,44767
311414324,44765
311420514,44765
311426702,44765
311432889,44765
311443579,44728
311449785,44726
311455980,44725
311462224,44728
311468376,44733
311473815,44740
311479934,44742
311486107,44736
311492300,44733
311498484,44732
311504677,44735
311510887,44723
311517002,44728
311523185,44727
311529366,44726
311535531,44731
311541745,44726
311547898,44733
311554036,44726
311560214,44733
311566413,44728
311577119,44716
311583312,44709
311589482,44711
311595694,44713
311601866,44718
311607019,44713
311613869,44713
311620130,44706
311626324,44712
311632445,44716
311638628,44704
311644870,44708
311651112,44700
311657345,44698
311663574,44698
311669778,44704
311675995,44694
311682208,44701
311688384,44691
311694554,44702
311700779,44700
311711371,44709
311717518,44703
311723695,44707
311729878,44721
311736047,44719
311742283,44722
311748437,44724
311754612,44730
311760794,44731
311766973,44740
311773216,44736
311779372,44736
311785520,44738
311791702,44743
311797864,44739
311804052,44746
311810259,44741
311816405,44743
311823209,44737
311829398,44737
311835567,44738
311846185,44750
311852361,44748
311858558,44749
311864733,44752
311870915,44752
311877110,44759
311882568,44758
311888787,44757
311894938,44765
311901144,44758
311907319,44763
311913475,44763
311919665,44766
311925831,44759
311931969,44764
311938155,44752
311944392,44763
311950604,44763
311956832,44765
311963021,44770
311969211,44766
311979840,44768
311986038,44764
311992243,44774
311998404,44773
312004608,44769
312010905,44775
312016361,44765
312022592,44781
312028792,44784
312035695,44782
312041890,44780
312048021,44780
312054216,44787
312060417,44791
312066568,44788
312072780,44796
312078954,44790
312085127,44801
312091316,44798
312097500,44807
312103757,44808
312114416,44737
312120586,44750
312126781,44746
312132968,44737
312139191,44745
312145336,44737
312150736,44742
312156939,44746
312163131,44745
312169303,44733
312175503,44745
312181712,44741
312187903,44740
312193984,44736
312200167,44744
312206361,44746
312212546,44746
312218763,44750
312231513,44749
312237708,44746
312248508,44746
312255374,44738
312261593,44736
312267858,44745
312274078,44737
312280281,44742
312286421,44741
312292648,44736
312298887,44743
312305063,44742
312311300,44736
312317448,44737
312323647,44740
312329824,44742
312335192,44735
312341398,44748
312347569,44742
312353802,44744
312359976,44742
312366186,44745
312372386,44741
312382981,44789
312389158,44793
312395334,44785
312401524,44787
312407709,44787
312413882,44786
312420086,44794
312426286,44794
312432453,44788
312438617,44793
312444841,44795
312450981,44799
312457141,44799
312463935,44796
312470080,44792
312476330,44802
312482571,44804
312488823,44800
312495054,44794
312501260,44793
312507493,44802
312518138,44795
312524305,44800
312530485,44799
312536640,44801
312542862,44795
312548998,44801
312554202,44790
312560398,44786
312566552,44793
312572749,44789
312578933,44791
312585111,44802
312591290,44795
312597474,44797
312603641,44803
312609870,44793
312616044,44792
312622222,44795
312628382,44802
312634549,44796
312640729,44799
312651312,44808
312657458,44807
312663673,44811
312670371,44806
312676581,44812
312682766,44814
312688930,44813
312695130,44814
312701324,44817
312707482,44821
312713642,44820
312719812,44824
312726045,44824
312732250,44834
312738432,44828
312744659,44830
312750850,44838
312757004,44843
312763253,44842
312769434,44837
312775599,44842
312786208,44894
312792381,44898
312798567,44897
312804749,44893
312810895,44893
312817107,44902
312823307,44896
312828731,44897
312834946,44903
312841152,44899
312847406,44914
312853635,44908
312859828,44899
312866068,44918
312872193,44902
312878405,44915
312885144,44914
312890340,44915
312896532,44913
312902776,44921
312908949,44919
312919570,44976
312925783,44980
312931938,44977
312938153,44974
312944341,44976
312950540,44974
312956753,44966
312962921,44971
312969128,44965
312975366,44953
312981523,44954
312987726,44952
312993951,44946
313000198,44943
313006425,44940
313012652,44949
313018842,44941
313024286,44939
313030460,44937
313036633,44928
313042838,44920
313053465,44844
313059639,44838
313065798,44831
313071995,44837
313078198,44832
313084377,44839
313091203,44836
313097410,44830
313102851,44829
313109045,44821
313115212,44824
313121394,44815
313127571,44817
313133817,44816
313139992,44823
313146162,44818
313152345,44810
313158566,44818
313164777,44816
313170924,44819
313177067,44815
313187692,44802
313193867,44809
313200053,44799
313206247,44806
313212424,44798
313218605,44807
313224817,44810
313231082,44813
313237323,44810
313243546,44797
313249724,44803
313255894,44802
313262017,44808
313268251,44811
313274377,44798
313280555,44803
313286767,44806
313293026,44800
313298535,44804
313305380,44800
313311622,44805
313322641,44815
313328900,44807
313335069,44820
313341233,44819
313347433,44818
313353620,44824
313359826,44821
313365997,44818
313372195,44816
313377388,44821
313383570,44823
313389750,44820
313395933,44825
313402140,44831
313408350,44825
313414538,44828
313420731,44830
313426913,44833
313433107,44832
313439325,44831
313445417,44831
313456374,44816
313462508,44814
313468704,44821
313481539,44822
313487836,44814
313494069,44823
313500326,44813
313506582,44827
313512819,44829
313519636,44827
313525853,44827
313531982,44819
313538181,44823
313544409,44820
313550608,44821
313556823,44815
313562990,44813
313569187,44815
313575365,44822
313586014,44852
313592252,44859
313598398,44857
313604538,44865
313610738,44851
313616915,44860
313623120,44812
313629317,44866
313635503,44865
313640931,44863
313647114,44865
313653315,44859
313659509,44868
313665717,44869
313671899,44869
313678042,44860
313684241,44867
313690406,44873
313696573,44875
313702830,44881
313708041,44875
313714272,44878
313725007,44899
313731878,44901
313738051,44904
313744228,44912
313750414,44907
313756597,44905
313762792,44910
313768994,44908
313775199,44910
313781384,44912
313787546,44909
313793776,44915
313799963,44916
313806165,44913
313812386,44913
313818548,44914
313824734,44919
313830904,44923
313837072,44918
313842534,44919
313848747,44916
313859407,44959
313865596,44955
313871824,44960
313877976,44964
313884202,44961
313890398,44954
313896559,44959
313902789,44945
313908955,44951
313915112,44940
313921267,44946
313927478,44934
313933617,44934
313940459,44926
313946650,44925
313952881,44925
313959026,44919
313965217,44910
313971409,44905
313976635,44904
313982840,44900
313993485,44838
313999681,44832
314005885,44833
314012082,44836
314018289,44833
314024437,44827
314030611,44829
314036868,44822
314043040,44818
314049288,44825
314054700,44818
314060901,44814
314067048,44811
314073226,44803
314079415,44807
314085607,44801
314091868,44802
314098053,44800
314104279,44794
314110543,44796
314115762,44785
314126756,44697
314132913,44696
314139087,44696
314145244,44699
314151951,44695
314158189,44699
314164347,44698
314170534,44692
314176749,44692
314182934,44687
314189083,44683
314195248,44688
314201426,44681
314207641,44681
314213848,44681
314220016,44679
314226243,44667
314232408,44665
314238620,44674
314244817,44673
314250003,44666
314260927,44667
314267093,44673
314273259,44673
314279453,44665
314285665,44673
314291900,44675
314298023,44677
314304211,44678
314310442,44677
314316667,44674
314322909,44682
314329136,44682
314335382,44681
314341604,44685
314347773,44689
314353924,44683
314360718,44685
314366926,44678
314373100,44687
314379308,44685
314384530,44683
314395470,44676
314401674,44671
314407858,44672
314414027,44677
314420217,44680
314426428,44680
314432589,44683
314438819,44680
314445050,44687
314451229,44687
314457398,44680
314463552,44686
314469734,44694
314475896,44695
314482087,44703
314488248,44699
314494444,44697
314500666,44699
314506898,44702
314513098,44703
314519309,44695
314530067,44675
314536294,44664
314542531,44668
314548756,44672
314554924,44672
314561104,44683
314567298,44680
314574086,44692
314580258,44692
314586407,44699
314592537,44700
314598747,44700
314604159,44702
314610314,44707
314616463,44702
314622671,44711
314628892,44705
314635041,44712
314641243,44713
314647471,44706
314653650,44707
314664300,44757
314670422,44754
314676586,44754
314682774,44739
314688953,44744
314695176,44754
314701333,44751
314707489,44753
314713646,44761
314726437,44750
314732655,44754
314738915,44748
314745131,44749
314751313,44760
314757459,44756
314763639,44753
314769830,44760
314776041,44767
314782287,44761
314792855,44778
314799027,44774
314805265,44784
314811427,44773
314817551,44784
314823755,44783
314829956,44783
314836163,44783
314842349,44782
314848530,44788
314854724,44794
314860915,44796
314867098,44803
314872551,44811
314878765,44816
314884952,44817
314891098,44801
314897309,44809
314903490,44820
314909685,44809
314915926,44803
314922112,44808
314932723,44756
314938918,44755
314945061,44738
314951223,44748
314957411,44740
314963566,44741
314969812,44732
314975982,44739
314982140,44738
314988312,44734
314995031,44723
315001195,44726
315006376,44719
315012602,44721
315018824,44718
315024997,44720
315031184,44718
315037357,44718
315043546,44716
315049752,44713
315055901,44711
315065891,44658
315072070,44651
315078259,44656
315084430,44650
315090643,44648
315096823,44655
315103029,44647
315109267,44652
315115431,44652
315121612,44650
315127804,44645
315133976,44651
315140155,44653
315145634,44645
315151901,44649
315158077,44654
315164237,44651
315170432,44656
315176604,44654
315182831,44654
315188987,44658
315199569,44641
315206260,44632
315212476,44642
315218647,44643
315224847,44644
315231029,44644
315237223,44632
315243404,44645
315249596,44646
315255825,44632
315261995,44643
315268204,44647
315274376,44655
315279805,44642
315285963,44648
315292122,44658
315298314,44649
315304516,44651
315310743,44649
315316957,44648
315323113,44652
315333760,44653
315339949,44654
315346120,44654
315352327,44657
315358528,44659
315364703,44655
315370897,44650
315377065,44654
315383268,44652
315389409,44653
315395600,44651
315401788,44655
315407966,44655
315413405,44651
315420119,44650
315426288,44647
315432507,44655
315438640,44656
315444856,44652
315451034,44658
315457222,44662
315463438,44656
315474113,44699
315480283,44703
315486498,44704
315492646,44706
315498877,44703
315505039,44704
315511236,44703
315517478,44699
315523666,44704
315529883,44711
315536069,44709
315542263,44710
315547479,44710
315553664,44711
315559908,44704
315566072,44710
315572294,44719
315578532,44707
315584753,44711
315590980,44717
315597219,44718
315607963,44744
315614201,44753
315620374,44758
315627124,44759
315633360,44746
315639552,44749
315645742,44749
315651935,44755
315658113,44760
315664325,44768
315670425,44765
315676670,44765
315682154,44758
315688342,44767
315694509,44768
315700729,44769
315706938,44774
315713076,44763
315719276,44773
315725481,44774
315731731,44774
315742331,44805
315748523,44808
315754761,44804
315759993,44807
315766223,44811
315772411,44808
315778635,44816
315784911,44811
315791152,44809
315797328,44813
315803483,44818
315809634,44807
315815833,44807
315821994,44819
315828223,44812
315834396,44820
315841191,44818
315847350,44811
315853529,44830
315859694,44822
315865878,44828
315877489,44803
315883629,44792
315889846,44790
315895030,44793
315901245,44777
315907444,44772
315913655,44778
315919844,44771
315926012,44772
315932211,44770
315938370,44758
315944540,44756
315950709,44754
315956202,44752
315968946,44842
315975197,44741
315981417,44745
315987598,44737
315993805,44740
316005407,44665
316010618,44664
316016808,44657
316022992,44665
316028476,44663
316034657,44662
316040878,44657
316047069,44664
316053240,44661
316060034,44646
316066199,44655
316072398,44655
316078606,44651
316084856,44651
316091078,44642
316097289,44635
316103536,44638
316109761,44643
316115948,44635
316122147,44631
316128288,44636
316139661,44596
316145077,44598
316151296,44595
316157525,44600
316162782,44593
316168991,44602
316175227,44597
316181405,44599
316187611,44603
316193836,44601
316200001,44601
316206199,44589
316212360,44595
316218525,44603
316224693,44596
316230869,44600
316237073,44595
316243271,44596
316249483,44588
316255671,44600
316261910,44589
316274186,44632
316279387,44632
316285567,44630
316291767,44628
316297953,44637
316304196,44632
316310403,44637
316316584,44641
316322821,44633
316329055,44642
316335262,44640
316341459,44630
316347619,44635
316353823,44633
316359987,44634
316365448,44624
316371669,44641
316377889,44637
316384031,44634
316390189,44622
316396368,44631
316407790,44635
316413286,44628
316419534,44643
316425753,44636
316431977,44647
316438114,44643
316444310,44643
316450521,44644
316456735,44654
316462953,44647
316469113,44660
316475309,44666
316481993,44660
316488156,44661
316494364,44660
316499591,44658
316505774,44659
316511983,44657
316518201,44669
316524398,44671
316530557,44669
316536728,44677
316542987,44706
316548479,44708
316554672,44710
316560911,44699
316567103,44709
316573300,44708
316578505,44706
316584692,44709
316590923,44712
316597080,44717
316603281,44712
316609435,44716
316615587,44711
316621765,44712
316627926,44717
316633366,44718
316639540,44717
316645692,44712
316651900,44711
316658093,44703
316664332,44701
316670579,44715
316681288,44777
316688083,44772
316694334,44772
316700505,44779
316706698,44773
316712910,44775
316719071,44780
316725289,44783
316731456,44786
316737651,44777
316743843,44787
316750010,44779
316756226,44783
316762395,44783
316768544,44796
316774717,44789
316780965,44788
316787193,44797
316793393,44800
316799551,44799
316805734,44792
316816754,44825
316822950,44829
316829141,44832
316835343,44839
316841521,44839
316847740,44835
316853977,44849
316860164,44836
316866345,44846
316872536,44849
316878749,44847
316884969,44847
316891123,44842
316897906,44844
316903094,44847
316909335,44840
316915515,44833
316921690,44839
316927908,44842
316934052,44831
316940245,44832
316951256,44711
316957443,44722
316963621,44713
316969880,44708
316976115,44705
316982319,44707
316988534,44708
316994711,44697
317000905,44694
317007057,44700
317013216,44687
317019387,44693
317025567,44689
317031785,44687
317036981,44678
317043180,44682
317049379,44687
317055553,44678
317061736,44684
317067932,44669
317074150,44676
317085191,44626
317091412,44623
317097698,44618
317103961,44612
317110732,44612
317116955,44616
317123085,44616
317129272,44616
317135467,44612
317141678,44609
317147893,44614
317154062,44602
317160209,44611
317166410,44603
317171648,44599
317177847,44606
317184046,44600
317190289,44603
317196445,44596
317202627,44600
317208815,44592
317221873,44626
317228049,44624
317234243,44625
317240425,44624
317246612,44620
317252812,44621
317259017,44622
317265175,44622
317271314,44618
317277498,44623
317283679,44627
317289883,44620
317296036,44613
317301227,44612
317307437,44613
317313633,44622
317319820,44612
317326667,44624
317332854,44616
317339026,44610
317345237,44606
317356129,44615
317362300,44628
317368511,44615
317374674,44617
317380880,44614
317387116,44611
317393306,44623
317398542,44625
317404714,44617
317410900,44625
317417081,44610
317423310,44623
317429449,44623
317435573,44616
317441754,44624
317447969,44623
317454190,44623
317460415,44633
317466632,44629
317472870,44621
317479084,44630
317490123,44636
317496275,44633
317502463,44633
317508665,44639
317514888,44639
317521058,44640
317527249,44642
317533986,44644
317540207,44638
317546375,44640
317552519,44648
317558673,44649
317564893,44639
317571052,44641
317576284,44647
317582479,44644
317588676,44653
317594850,44649
317601002,44657
317607190,44653
317613386,44655
317624315,44682
317630518,44679
317636718,44680
317642944,44687
317649090,44685
317655296,44687
317661491,44686
317667677,44699
317673883,44696
317680048,44703
317686192,44701
317692395,44706
317698565,44707
317704795,44701
317710057,44708
317716285,44711
317722524,44709
317728797,44704
317735051,44716
317741897,44714
317748082,44716
317759053,44767
317765231,44771
317771406,44767
317777599,44768
317783823,44769
317789990,44775
317796097,44782
317802271,44773
317808440,44774
317814634,44777
317820847,44774
317827034,44783
317833201,44774
317839356,44781
317844568,44776
317850801,44784
317856989,44788
317863186,44790
317869404,44786
317875530,44793
317881721,44790
317892657,44701
317898884,44692
317905066,44695
317911294,44686
317917508,44688
317923680,44674
317929930,44691
317936027,44693
317942178,44682
317948360,44686
317954522,44678
317960694,44684
317966904,44693
317973038,44691
317979249,44676
317985433,44681
317991625,44682
317997877,44682
318004067,44685
318010266,44681
318016434,44682
318027075,44654
318033288,44653
318039432,44644
318045596,44653
318051787,44648
318057980,44653
318064132,44656
318070355,44647
318076537,44649
318082740,44651
318088913,44648
318095084,44638
318101344,44641
318107506,44639
318113686,44644
318119128,44649
318125314,44641
318131516,44643
318137675,44643
318143898,44639
318150041,44651
318162045,44671
318168286,44667
318174468,44668
318180652,44663
318186877,44671
318193055,44668
318199230,44666
318205423,44666
318211576,44662
318217748,44662
318223947,44668
318229357,44678
318235564,44672
318241765,44677
318247996,44675
318253184,44673
318259416,44679
318265572,44679
318271741,44680
318277955,44687
318284141,44691
318295801,44697
318300999,44700
318307205,44695
318313424,44695
318319605,44696
318325770,44694
318331950,44695
318338092,44703
318344298,44695
318350423,44698
318356617,44702
318362870,44692
318368363,44698
318375148,44702
318381417,44710
318387655,44709
318393894,44713
318400011,44715
318406120,44719
318412290,44721
318418497,44718
318424660,44730
318430895,44791
318436073,44789
318442286,44791
318448489,44789
318454692,44797
318467713,44795
318473976,44803
318480233,44795
318486477,44795
318492707,44796
318497950,44796
318504188,44805
318510406,44810
318516645,44809
318522105,44804
318528326,44806
318534520,44818
318540668,44813
318546880,44814
318553040,44813
318559169,44825
318565331,44885
318571511,44870
318577720,44874
318583918,44871
318590792,44871
318596977,44888
318603139,44884
318609293,44888
318615446,44885
318621614,44885
318627842,44883
318633020,44887
318639215,44895
318645425,44895
318651593,44890
318657004,44889
318663181,44894
318669367,44886
318675552,44896
318681793,44902
318687991,44900
318699360,44937
318704844,44930
318711031,44939
318717188,44947
318723386,44946
318729576,44937
318735814,44945
318741990,44934
318748243,44936
318754498,44934
318760727,44937
318766974,44944
318773185,44938
318779325,44934
318785497,44937
318790724,44930
318796929,44928
318803706,44933
318809962,44929
318816186,44924
318822430,44926
318834141,44859
318839705,44870
318845921,44862
318852075,44863
318858258,44856
318864420,44856
318870639,44855
318876809,44857
318882991,44855
318889143,44848
318895283,44835
318901460,44841
318907618,44833
318913806,44836
318919995,44833
318926149,44835
318932311,44831
318938487,44824
318944671,44826
318950901,44820
318957062,44829
318968454,44788
318973904,44796
318980093,44792
318986250,44792
318992454,44792
318998640,44794
319004843,44793
319011636,44796
319017864,44798
319024028,44801
319030221,44807
319036400,44807
319042592,44811
319047799,44798
319054016,44803
319060230,44799
319066410,44804
319072557,44805
319078729,44811
319084899,44811
319091033,44811
319102692,44831
319107912,44824
319114098,44820
319120329,44826
319126484,44828
319132672,44830
319138842,44828
319145014,44821
319151231,44824
319157435,44825
319163564,44831
319169716,44825
319175907,44825
319182071,44828
319188277,44837
319194471,44836
319199891,44833
319206027,44836
319212189,44838
319218352,44839
319225068,44829
319231198,44828
319237376,44854
319242618,44852
319248840,44854
319254989,44861
319261202,44862
319267401,44864
319273576,44865
319279780,44874
319285977,44860
319292111,44857
319298356,44862
319304513,44869
319310659,44864
319316860,44854
319323049,44865
319329302,44869
319334769,44867
319340966,44867
319347140,44874
319353321,44869
319359522,44874
319365702,44880
319377128,44928
319383343,44927
319389539,44922
319395735,44930
319401931,44926
319408130,44935
319414373,44935
319420572,44932
319426744,44939
319433393,44940
319439662,44936
319445858,44935
319452036,44935
319458240,44932
319464398,44935
319469827,44941
319476033,44945
319482224,44940
319488388,44944
319494551,44950
319500781,44951
319512204,44992
319517694,44986
319523918,44998
319530094,45001
319536249,44997
319542455,45009
319548611,45007
319554808,45005
319560992,45003
319567168,45006
319573317,45017
319579532,45012
319585745,45013
319591985,45015
319598193,45018
319602617,45015
319608866,45022
319615062,45017
319621248,45024
319627449,45031
319633692,45027
319646069,45069
319651563,45069
319657821,45068
319664028,45066
319670175,45075
319676343,45064
319682540,45067
319688723,45066
319694926,45074
319701080,45062
319713900,45066
319720138,45070
319726324,45059
319731541,45059
319736994,45052
319743185,45056
319749380,45051
319755575,45053
319761789,45050
319767988,45043
319779444,44980
319784890,44985
319791037,45041
319797223,44992
319803412,44991
319809664,44985
319815885,44983
319822120,44982
319828399,44977
319834629,44985
319840859,44980
319847069,44983
319853263,44980
319860076,44981
319865610,44973
319870832,44978
319877064,44971
319883274,44964
319889432,44967
319895580,44964
319901764,44961
319913397,44908
319918652,44903
319924845,44906
319931028,44913
319937278,44905
319943451,44908
319949612,44904
319955765,44911
319961956,44907
319968150,44914
319974341,44910
319980487,44899
319986608,44910
319992828,44908
319998973,44905
320003781,44904
320009972,44903
320016104,44908
320022301,44904
320028490,44898
320034645,44903
320040860,44912
320047050,44941
320052214,44949
320058412,44953
320064570,44942
320071432,44957
320077575,44963
320083711,44958
320089910,44953
320096091,44962
320102295,44957
320108460,44955
320114656,44955
320120835,44960
320127014,44958
320133239,44959
320138713,44960
320144918,44957
320151057,44965
320157199,44957
320163390,44955
320169563,44948
320175754,44954
320187233,44926
320193442,44928
320199608,44921
320205761,44923
320211951,44926
320218111,44932
320224357,44930
320230520,44931
320236712,44936
320242917,44933
320249097,44933
320255343,44932
320261510,44938
320267709,44941
320273210,44932
320279192,44941
320285394,44941
320291569,44939
320297741,44939
320303955,44943
320310122,44946
320321525,44972
320326989,44973
320333235,44974
320339419,44974
320345597,44976
320351780,44978
320357985,44971
320364158,44965
320370355,44969
320376605,44978
320382834,44978
320389048,44973
320395255,44970
320401433,44968
320407605,44970
320412036,44965
320418247,44965
320424440,44963
320430614,44963
320436810,44958
320443003,44956
320449181,44956
320455408,44987
320460938,44979
320467193,44987
320473412,44985
320479616,44985
320485820,44989
320492615,44991
320498858,44988
320505060,44996
320511229,44997
320517391,44996
320523568,44995
320529736,45002
320535943,45000
320542176,45006
320546677,45007
320552919,45007
320559136,45007
320565349,45005
320571566,45017
320577813,45007
320584023,45014
320595658,44995
320601876,44988
320608048,44987
320614183,44994
320620372,44986
320626535,44982
320632734,44980
320638939,44977
320645116,44987
320651304,44979
320657495,44976
320663680,44982
320669917,44978
320676091,44988
320681262,44980
320686739,44967
320692918,44962
320699607,44965
320705846,44972
320712011,44962
320718170,44967
320729605,44990
320735019,44984
320741233,44981
320747441,44980
320753636,44979
320759811,44979
320766014,44979
320772210,44981
320778350,44981
320784539,44979
320790732,44981
320796943,44980
320803130,44971
320809315,44974
320815494,44965
320819911,44970
320826103,44971
320832309,44968
320838497,44961
320844656,44951
320850905,44959
320857164,44954
320863417,44949
320869628,44947
320875853,44950
320882035,44956
320888251,44948
320894429,44947
320900558,44959
320906695,44956
320913531,44955
320919687,44960
320925905,44951
320932063,44965
320938244,44955
320944443,44961
320957438,44968
320963673,44963
320969951,44976
320976122,44971
320982309,44971
320988484,44973
320999910,45024
321005337,45019
321011547,45021
321017751,45021
321024035,45018
321030259,45013
321036471,45018
321042727,45019
321048992,45023
321055212,45018
321061409,45022
321067619,45016
321073819,45013
321080005,45012
321086109,45010
321092281,45013
321098465,45019
321104685,45012
321110947,45012
321117120,45009
321123960,45014
321130188,45029
321136341,45023
321142554,45035
321148713,45040
321154914,45032
321161069,45028
321167233,45032
321173408,45022
321179627,45030
321185838,45028
321192012,45032
321198234,45027
321204392,45033
321210591,45023
321216750,45027
321221963,45030
321227342,45032
321233534,45034
321239720,45028
321245933,45041
321252121,45030
321258297,45030
321269804,45023
321276059,45029
321282307,45021
321288554,45023
321294770,45015
321301017,45021
321307173,45020
321313373,45022
321319539,45025
321325736,45028
321332427,45028
321338646,45037
321344839,45038
321351012,45046
321356456,45051
321361652,45061
321367839,45066
321374019,45075
321380185,45075
321386390,45076
321392558,45079
321404224,45162
321410450,45152
321415648,45156
321421835,45161
321428058,45160
321434240,45165
321440451,45159
321446647,45158
321452875,45159
321459068,45154
321465293,45157
321471464,45154
321477617,45157
321483809,45158
321489239,45155
321495408,45145
321500639,45145
321506854,45139
321513065,45146
321519289,45140
321525482,45135
321531674,45134
321543330,45062
321550082,45064
321556218,45069
321562378,45068
321568549,45066
321574755,45068
321580940,45060
321587078,45058
321593249,45055
321599454,45059
321605639,45052
321611868,45059
321618032,45052
321624187,45052
321630339,45058
321635581,45051
321641755,45057
321647934,45056
321654095,45057
321660326,45058
321666494,45055
321672646,45006
321678802,45010
321685065,45003
321690546,45011
321696780,45008
321703000,45011
321709221,45003
321715441,44999
321721657,45004
321727857,44992
321734046,44986
321740228,44996
321746410,44999
321752583,44997
321758418,44993
321764555,45001
321769974,44995
321776216,44985
321782409,44989
321788627,44995
321794820,44996
321801022,45000
321812408,44995
321818571,44988
321823992,44985
321830138,44989
321836323,44975
321842493,44983
321848711,44985
321854937,44972
321861110,44974
321867323,44971
321873592,44972
321879788,44961
321886019,44966
321892262,44965
321897479,44962
321903693,44959
321909189,44957
321915387,44966
321921597,44965
321927838,44973
321934042,44967
321940220,44970
321951621,45065
321957829,45069
321963248,45066
321970047,45058
321976209,45052
321982417,45053
321988639,45048
321994882,45047
322001074,45048
322007271,45040
322013495,45037
322019665,45034
322025883,45030
322031087,45030
322037267,45023
322042755,45021
322048968,45027
322055183,45023
322061355,45019
322067557,45015
322073734,45012
322085142,45034
322091359,45033
322096763,45043
322102980,45050
322109152,45059
322115363,45059
322121545,45065
322127745,45068
322133979,45072
322140177,45075
322146356,45078
322152540,45081
322158758,45086
322164999,45085
322171105,45091
322177268,45080
322184034,45079
322190161,45089
322203036,45085
322214617,45054
322220869,45068
322226381,45066
322232658,45074
322238916,45074
322245134,45073
322251314,45078
322257498,45076
322263681,45075
322269961,45071
322276191,45072
322282379,45072
322288568,45070
322293761,45079
322299965,45072
322306122,45074
322312307,45077
322318482,45089
322324642,45084
322330858,45095
322337055,45091
322348742,45134
322354973,45133
322360147,45137
322366345,45141
322372497,45145
322378672,45152
322384868,45153
322391091,45145
322397897,45154
322404123,45150
322410306,45155
322416495,45153
322422645,45156
322428886,45154
322435072,45155
322441276,45150
322447507,45154
322453685,45152
322459880,45153
322466040,45148
322472249,45152
322483929,45080
322490075,45075
322495312,45072
322501498,45066
322507738,45068
322513991,45064
322520250,45057
322526502,45055
322532736,45054
322538923,45054
322545106,45057
322551340,45057
322557515,45056
322562936,45045
322569106,45047
322575288,45040
322581464,45040
322587670,45036
322593869,45036
322600051,45035
322606279,45028
322618288,44998
322624455,44999
322629896,44995
322636100,44995
322642282,44990
322648469,44996
322654650,44998
322660862,44993
322667098,44983
322673288,44992
322679511,44981
322685704,44986
322691912,44981
322697110,44987
322703329,44989
322709499,44988
322715665,44988
322721866,44982
322727312,44987
322733485,44981
322739677,44992
322745897,44977
322752098,44956
322758278,44963
322763457,44972
322769577,44959
322775758,44967
322781942,44976
322788128,44969
322794319,44973
322800527,44967
322806727,44976
322812986,44979
322819832,44970
322826126,44980
322832327,44978
322838508,44977
322844679,44982
322850915,44980
322857134,44984
322862611,44982
322868839,44987
322875042,44986
322881215,44979
322892535,44998
322897985,44994
322904126,44991
322910279,44994
322916452,44998
322922644,44993
322928871,44987
322935039,44984
322941156,44984
322947335,44987
322953545,44990
322959707,44982
322965904,44985
322972054,44983
322978211,44978
322984412,44980
322990596,44976
322996749,44974
323002010,44982
323008204,44985
323014431,44981
323025979,44981
323032793,44982
323039001,44990
323045099,44989
323051294,44995
323057439,44999
323063653,44995
323069867,44990
323076030,44998
323082227,44997
323088406,44996
323094572,44994
323100789,45003
323106032,44994
323112165,44999
323118398,44997
323124572,44996
323130754,44998
323136208,44999
323142369,44983
323148593,44990
323159990,45008
323166132,45006
323172330,45007
323178519,45007
323184709,45011
323190882,45007
323197061,45015
323203296,45013
323209510,45011
323215692,45022
323221854,45019
323228037,45017
323234204,45016
323241027,45013
323247307,45012
323253495,45023
323259628,45010
323265828,45012
323271263,45024
323277421,45015
323283630,45011
323295090,45044
323301297,45042
323307504,45037
323312919,45044
323319067,45034
323325208,45042
323331384,45042
323337583,45043
323343780,45047
323349990,45051
323356128,45051
323362290,45040
323368487,45046
323374669,45045
323380892,45040
323387046,45050
323393158,45049
323399344,45039
323405537,45042
323411739,45046
323417960,45043
323429366,44935
323435593,44928
323448667,44924
323454894,44919
323461882,44918
323468144,44918
323474375,44913
323480599,44914
323486787,44915
323492987,44912
323499148,44909
323505342,44908
323511526,44904
323516755,44903
323522960,44906
323529147,44886
323535393,44894
323540822,44897
323547045,44888
323558435,44840
323564646,44844
323570797,44829
323577013,44834
323582455,44823
323588681,44836
323594899,44825
323601076,44838
323607253,44833
323613448,44828
323619654,44836
323625875,44831
323632074,44834
323638239,44834
323644385,44830
323649556,44835
323655715,44830
323661927,44837
323668650,44830
323674869,44843
323681052,44830
323687298,44833
323693467,44815
323699644,44815
323705830,44815
323712019,44818
323718182,44820
323724421,44815
323730583,44827
323736793,44825
323742979,44828
323749198,44828
323755411,44825
323761616,44828
323767783,44822
323774040,44845
323780223,44840
323785706,44834
323791961,44836
323798134,44842
323804292,44833
323810486,44840
323815716,44834
323827349,44824
323833517,44826
323839697,44821
323845882,44827
323852059,44826
323858257,44830
323864427,44825
323870633,44814
323876851,44831
323883667,44822
323889898,44829
323896087,44823
323902229,44824
323908435,44829
323914663,44825
323919845,44833
323926030,44837
323932227,44832
323938469,44841
323944687,44830
323950859,44846
323962487,44851
323968657,44848
323974865,44857
323981071,44853
323987268,44857
323992451,44841
323998610,44845
324004782,44848
324010991,44841
324017184,44853
324023388,44844
324029575,44848
324035712,44846
324041945,44850
324048089,44851
324053578,44852
324059762,44848
324065992,44848
324072121,44852
324078289,44850
324084477,44856
324095656,44873
324101880,44877
324108049,44881
324114173,44875
324120382,44878
324126632,44885
324132869,44873
324139094,44879
324145304,44878
324151572,44887
324157776,44878
324163973,44884
324170116,44886
324176273,44889
324182436,44883
324187649,44891
324193853,44898
324200049,44896
324206235,44897
324212459,44899
324218568,44901
324224768,44900
324235640,44888
324241787,44891
324248002,44881
324254159,44878
324260375,44875
324266530,44878
324272710,44874
324278927,44867
324285105,44865
324291245,44873
324297385,44871
324304139,44859
324310305,44857
324316455,44850
324321684,44849
324327906,44847
324334125,44844
324340336,44839
324346567,44840
324352784,44837
324358974,44833
324369854,44764
324376053,44764
324382238,44764
324388489,44763
324394745,44758
324401013,44763
324406248,44758
324412505,44761
324418667,44757
324424830,44756
324431027,44753
324437180,44748
324443407,44746
324449534,44742
324455717,44744
324461156,44743
324467336,44745
324473552,44740
324479743,44736
324485993,44740
324492124,44739
324502715,44706
324508924,44702
324515746,44704
324521989,44703
324528124,44697
324534268,44701
324540421,44693
324546616,44700
324552796,44701
324559009,44691
324565156,44695
324571360,44698
324577554,44699
324583751,44702
324589993,44691
324595189,44701
324601440,44700
324607577,44701
324613768,44700
324619988,44706
324626172,44709
324636808,44749
324642968,44750
324649163,44742
324655370,44751
324661573,44749
324667792,44748
324674014,44749
324679456,44747
324685657,44754
324698445,44750
324704666,44745
324710881,44740
324717115,44746
324723252,44738
324730098,44738
324736265,44744
324742476,44745
324748700,44750
324754917,44738
324766373,44772
324772562,44765
324778761,44767
324784992,44774
324791169,44763
324797423,44768
324803561,44763
324808975,44777
324815161,44778
324821357,44781
324827547,44782
324833682,44775
324839839,44775
324846072,44781
324852204,44777
324858372,44793
324863605,44753
324869764,44787
324875978,44794
324882204,44778
324888446,44790
324894664,44780
324900936,44827
324906414,44822
324912587,44827
324918734,44822
324924951,44837
324931121,44828
324937341,44825
324944168,44831
324950367,44831
324956602,44834
324962763,44835
324968983,44835
324975134,44839
324981267,44840
324987450,44840
324993650,44839
324998847,44844
325005017,44850
325011202,44842
325017436,44838
325023588,44834
325029746,44844
325041353,44883
325047580,44879
325053754,44887
325059997,44889
325066160,44892
325072349,44894
325078541,44895
325083738,44901
325089941,44899
325096102,44893
325102259,44904
325108450,44902
325114566,44899
325120719,44891
325126899,44895
325132325,44895
325138497,44897
325144745,44894
325151577,44888
325157811,44897
325164046,44895
325175433,44801
325181596,44797
325187776,44798
325194004,44800
325200166,44794
325206387,44790
325212555,44789
325218033,44790
325224187,44785
325230359,44784
325236521,44783
325242691,44782
325248897,44777
325255055,44780
325261193,44772
325266390,44772
325272573,44769
325278763,44770
325284916,44766
325291097,44763
325297295,44765
325303509,44767
325309647,44743
325315779,44740
325321973,44745
325328148,44746
325334365,44741
325340502,44743
325346671,44747
325352119,44746
325358321,44750
325365107,44732
325371280,44743
325377506,44743
325383693,44738
325389937,44738
325396100,44731
325401277,44739
325407510,44735
325413757,44742
325419957,44738
325426191,44745
325432424,44734
325444015,44776
325450176,44764
325456355,44764
325461599,44772
325467790,44773
325473985,44778
325480138,44777
325486336,44780
325492522,44778
325498738,44779
325504979,44780
325511191,44788
325517431,44776
325523663,44782
325529855,44791
325535322,44784
325541502,44785
325547688,44790
325553946,44791
325560102,44794
325566262,44785
325578236,44804
325584463,44807
325590620,44805
325596101,44806
325602239,44807
325608426,44808
325614659,44814
325620870,44813
325627044,44809
325633194,44816
325639364,44816
325645555,44815
325651708,44817
325657944,44815
325664147,44821
325670320,44825
325676529,44827
325682728,44823
325688930,44822
325695143,44830
325701347,44826
325712798,44862
325719038,44866
325725235,44868
325730730,44867
325736969,44866
325743187,44871
325749373,44875
325755558,44867
325761730,44870
325766954,44874
325773128,44878
325779340,44876
325786174,44881
325792423,44888
325798600,44890
325804796,44892
325810953,44877
325817150,44880
325823398,44885
325829557,44888
325835743,44886
325847376,44916
325853570,44920
325859768,44917
325864995,44923
325871181,44919
325877407,44920
325883551,44921
325889737,44918
325895907,44929
325901313,44923
325907477,44926
325913668,44924
325919910,44933
325926139,44932
325932381,44928
325945239,44935
325951557,44933
325957864,44926
325964129,44925
325970351,44932
325976528,44956
325982730,44961
325988950,44961
325995089,44962
326001890,44955
326008091,44949
326014263,44953
326020455,44953
326026669,44956
326031874,44947
326038053,44947
326044246,44946
326050449,44941
326056630,44933
326062799,44938
326069013,44936
326075170,44929
326080625,44927
326086835,44925
326093066,44924
326099255,44922
326105409,44921
326116821,44887
326123023,44892
326129203,44880
326134677,44888
326140896,44883
326147110,44880
326153272,44879
326159463,44878
326164688,44876
326170861,44876
326177041,44882
326183250,44875
326189457,44870
326195625,44874
326201798,44865
326208029,44871
326214165,44872
326220393,44867
326226585,44869
326232844,44859
326239059,44859
326250683,44835
326256841,44831
326263049,44831
326269206,44829
326274424,44827
326280637,44830
326286871,44826
326293129,44831
326299355,44826
326305521,44819
326311702,44822
326317861,44829
326324055,44823
326330241,44820
326336468,44829
326342702,44830
326348119,44822
326354363,44823
326360572,44826
326366746,44819
326372971,44827
326379159,44824
326385297,44860
326391480,44855
326397673,44855
326403827,44855
326409036,44872
326415221,44865
326422056,44868
326428309,44867
326434531,44870
326439943,44868
326446107,44872
326452279,44881
326458435,44878
326464640,44882
326470784,44887
326476995,44888
326482208,44888
326488413,44893
326494582,44895
326500785,44886
326506972,44893
326513161,44897
326524782,44891
326531012,44886
326537178,44882
326542360,44881
326548560,44882
326554797,44888
326561078,44896
326567345,44883
326573575,44887
326579756,44882
326585952,44885
326592142,44887
326598330,44889
326604527,44886
326610719,44895
326616911,44895
326623084,44892
326629295,44894
326636182,44892
326642402,44893
326648571,44902
326660208,44939
326666382,44942
326672564,44937
326677747,44942
326683965,44940
326690157,44945
326696371,44941
326702566,44943
326708023,44942
326714223,44952
326720430,44956
326726635,44952
326732846,44954
326739056,44959
326745245,44954
326751425,44948
326756624,44962
326762803,44960
326768998,44960
326775158,44955
326781339,44963
326787579,44960
326793788,45001
326800048,45001
326806328,45020
326812567,45007
326818733,45020
326824929,45016
326831125,45021
326837323,45027
326842772,45027
326849598,45027
326855777,45025
326862009,45035
326868186,45039
326874330,45029
326880550,45046
326886791,45041
326892062,45056
326898234,45051
326904440,45058
326910547,45054
326916717,45054
326922922,45059
326934524,45001
326940717,44999
326946948,44996
326953127,44990
326959319,44994
326965513,44989
326971693,44987
326976888,44984
326983060,44980
326989236,44981
326995444,44976
327001589,44980
327007743,44983
327013943,44973
327020143,44975
327025596,44975
327031779,44974
327038031,44975
327044215,44968
327050365,44976
327057147,44972
327068552,44924
327074703,44924
327080932,44916
327087113,44919
327093344,44911
327099598,44918
327105782,44909
327111220,44915
327117377,44910
327123539,44918
327129703,44913
327135943,44917
327142114,44923
327148298,44915
327154492,44924
327159705,44924
327165947,44929
327172126,44926
327178312,44932
327191383,44937
327197612,44961
327203789,44970
327210031,44967
327216206,44966
327222436,44963
327228660,44961
327234852,44967
327241045,44961
327247174,44969
327253344,44967
327259545,44972
327265727,44972
327272507,44971
327278686,44976
327284912,44969
327290172,44974
327296405,44979
327302618,44984
327308783,44982
327315022,44969
327321153,44984
327332764,45016
327338984,45019
327345188,45019
327351365,45025
327357536,45021
327362756,45017
327368980,45028
327375152,45027
327380559,45026
327386760,45027
327392931,45025
327399111,45029
327405287,45028
327411437,45034
327417628,45039
327423804,45039
327430015,45034
327436185,45041
327442385,45036
327448588,45034
327454785,45040
327466235,45061
327472434,45057
327478654,45059
327485537,45064
327491728,45071
327497877,45060
327504062,45067
327510243,45059
327515716,45062
327521902,45057
327528152,45066
327534310,45066
327540498,45067
327546689,45061
327552854,45065
327559059,45061
327564287,45065
327570533,45063
327576699,45066
327582932,45062
327589138,45063
327600685,45102
327606859,45104
327613053,45095
327619247,45104
327625451,45098
327631655,45102
327637841,45096
327644075,45105
327649284,45112
327655462,45101
327661579,45100
327667758,45102
327673932,45093
327680106,45103
327686294,45108
327693120,45100
327698609,45099
327704823,45107
327711029,45107
327717176,45112
327723330,45108
327734677,45174
327740837,45176
327747024,45176
327753204,45175
327759408,45183
327765605,45186
327771819,45183
327778005,45187
327784163,45182
327790355,45179
327796579,45185
327802735,45179
327808923,45179
327815092,45179
327821240,45158
327827447,45170
327832890,45170
327839098,45160
327845258,45163
327851438,45153
327857647,45151
327863826,45145
327870043,45067
327876251,45061
327882493,45062
327888735,45065
327894977,45063
327901228,45055
327908111,45066
327914303,45053
327919498,45051
327924959,45055
327931117,45054
327937306,45051
327943456,45054
327949665,45046
327955839,45052
327962085,45045
327967327,45047
327973548,45041
327979700,45036
327985838,45034
327992048,45085
327998227,45038
328009937,45018
328016115,45027
328022240,45024
328028432,45026
328034614,45023
328040769,45033
328046951,45029
328053135,45025
328057574,45036
328063741,45035
328069950,45036
328076150,45034
328082380,45032
328088578,45038
328094839,45033
328101098,45029
328107318,45042
328113491,45037
328120311,45031
328126494,45027
328132686,45041
328144097,45076
328150307,45073
328156499,45068
328162718,45072
328168899,45069
328175117,45071
328181278,45071
328187493,45076
328192289,45069
328198505,45072
328204711,45064
328210930,45069
328217148,45065
328223368,45073
328229605,45059
328235755,45066
328240937,45057
328247099,45065
328253280,45063
328259506,45061
328265684,45065
328271879,45058
328278098,45039
328284341,45055
328290555,45053
328296719,45056
328302917,45057
328309088,45056
328315266,45059
328321492,45058
328327606,45051
328333789,45050
328340038,45050
328346227,45049
328352413,45059
328358619,45060
328364811,45056
328371061,45064
328376260,45064
328382479,45068
328388629,45058
328394832,45064
328401008,45070
328407195,45073
328418829,45067
328425064,45056
328437951,45049
328444210,45051
328450431,45045
328456611,45037
328461827,45039
328468061,45036
328474227,45031
328480437,45032
328486636,45023
328492821,45026
328499043,45026
328505221,45029
328511471,45028
328517642,45025
328523772,45037
328529982,45035
328536137,45042
328548458,45195
328554627,45184
328560806,45175
328567101,45187
328573353,45189
328579591,45186
328585799,45193
328592033,45191
328596835,45190
328603070,45197
328609251,45196
328615444,45184
328621668,45183
328627824,45184
328634032,45185
328640213,45185
328645432,45182
328651576,45181
328657693,45169
328663855,45170
328670061,45169
328681676,45132
328687875,45130
328694099,45138
328700231,45142
328706421,45145
328712638,45149
328718872,45147
328725098,45147
328731296,45150
328737464,45145
328743667,45147
328749874,45143
328756653,45139
328762864,45145
328769070,45145
328775250,45142
328780466,45138
328786608,45137
328792745,45135
328798959,45135
328805136,45133
328816807,45027
328823055,45029
328829189,45025
328835372,45015
328841579,45022
328847761,45019
328853940,45020
328860108,45009
328866304,45015
328871515,45014
328877664,45006
328883823,44998
328889982,44990
328896179,44993
328902406,44987
328908571,44987
328913972,44981
328920156,44970
328926289,44974
328932464,44970
328938634,44964
328944822,44963
328951070,44894
328957200,44894
328964062,44898
328970250,44896
328976445,44893
328982609,44893
328988770,44903
328995020,44897
329001187,44907
329006384,44901
329011822,44902
329018059,44899
329024285,44897
329030534,44894
329036776,44896
329043022,44897
329048277,44891
329054493,44893
329060640,44892
329066810,44895
329072984,44894
329079189,44891
329090824,44862
329097074,44870
329103217,44856
329109433,44863
329115646,44861
329121802,44859
329128022,44853
329134164,44851
329139356,44861
329145576,44851
329150942,44855
329157167,44863
329163340,44859
329169522,44860
329176279,44861
329182448,44862
329188662,44852
329194826,44863
329201047,44855
329207225,44857
329213399,44857
329224776,44887
329230999,44884
329237177,44883
329243410,44884
329249599,44879
329255783,44875
329261966,44875
329268150,44883
329274372,44880
329280593,44876
329286003,44889
329292162,44880
329298338,44884
329304508,44886
329310712,44883
329316859,44891
329322105,44889
329328304,44895
329334537,44899
329340741,44894
329347021,44901
329353268,44903
329359501,44895
329365664,44892
329371857,44883
329378032,44887
329384832,44885
329391082,44884
329397285,44889
329403502,44882
329408983,44885
329415166,44892
329420360,44889
329426572,44885
329432789,44886
329438970,44889
329445135,44887
329451285,44896
329457494,44897
329463624,44894
329469747,44894
329475953,44899
329482143,44901
329493822,44954
329500089,44942
329506241,44953
329512428,44953
329518578,44951
329524750,44948
329530947,44936
329537182,44938
329543348,44938
329549515,44939
329554736,44943
329560979,44932
329567193,44942
329573417,44941
329579618,44931
329585811,44944
329591950,44939
329598673,44940
329604861,44942
329611069,44939
329617259,44942
329628883,44945
329635110,44929
329641237,44932
329647417,44932
329653607,44929
329659774,44927
329666002,44927
329672188,44928
329685011,44922
329691232,44920
329697455,44919
329703645,44915
329709858,44907
329716070,44906
329722226,44911
329727438,44904
329733620,44911
329739808,44898
329746012,44901
329757684,44802
329763880,44806
329770103,44801
329776302,44796
329782499,44799
329788672,44790
329794807,44792
329801012,44795
329807176,44791
329814082,44778
329819327,44785
329825499,44782
329831665,44777
329837830,44782
329844022,44778
329850207,44780
329856422,44774
329861853,44781
329868102,44781
329874261,44782
329880465,44781
329891834,44770
329898053,44775
329904238,44768
329910462,44768
329916636,44772
329922771,44769
329928945,44765
329935151,44770
329941388,44764
329947610,44769
329953111,44767
329959341,44767
329965590,44757
329971795,44762
329977997,44765
329984159,44767
329990287,44765
329995515,44760
330001726,44773
330007875,44766
330014054,44763
330020224,44765
330027100,44772
330033289,44781
330039516,44784
330045683,44781
330051879,44777
330058132,44781
330064333,44773
330070621,44780
330076841,44777
330083074,44779
330088539,44778
330094750,44780
330099961,44778
330106176,44777
330112404,44779
330118582,44777
330124699,44779
330130161,44779
330136342,44784
330142579,44781
330148803,44779
330154986,44776
330166385,44794
330172614,44797
330178825,44798
330185092,44800
330191320,44804
330197550,44804
330203799,44801
330210053,44802
330216225,44806
330221699,44813
330227883,44811
330234116,44810
330240992,44814
330247205,44820
330253402,44809
330259573,44818
330264814,44814
330271017,44818
330277195,44818
330283439,44820
330289595,44821
330301220,44822
330307431,44819
330313592,44823
330319766,44837
330326000,44830
330332195,44830
330338366,44825
330344552,44836
330350751,44829
330355966,44830
330362234,44828
330368478,44831
330374708,44829
330380970,44832
330387141,44832
330393292,44835
330398723,44839
330404946,44843
330411172,44838
330417353,44852
330423527,44848
330434960,44897
330441145,44896
330447992,44890
330454228,44894
330460412,44901
330466564,44891
330472680,44892
330478882,44888
330485106,44888
330490533,44883
330496718,44877
330502943,44882
330509144,44884
330515342,44870
330521493,44872
330527660,44872
330532863,44863
330539039,44867
330545213,44870
330551444,44866
330557603,44868
330563791,44870
330569964,44897
330576172,44900
330582405,44898
330588590,44891
330594735,44888
330600883,44882
330607086,44881
330613269,44875
330619507,44872
330624944,44868
330631183,44868
330637352,44866
330643536,44854
330649708,44860
330655891,44857
330662666,44844
330667890,44845
330674082,44844
330680281,44846
330686492,44842
330692706,44832
330698894,44829
330710586,44746
330716743,44747
330722951,44734
330729155,44732
330735265,44730
330741427,44727
330747602,44722
330753826,44723
330759059,44730
330765251,44719
330771478,44714
330777626,44709
330783823,44711
330790014,44711
330795438,44700
330801635,44704
330806849,44702
330813032,44705
330819260,44697
330825501,44698
330831711,44700
330843343,44658
330849527,44655
330855718,44650
330861893,44654
330868095,44659
330875009,44660
330881203,44655
330887360,44649
330893537,44643
330899740,44650
330905935,44649
330912163,44648
330918406,44656
330931232,44654
330937483,44645
330943686,44656
330949877,44655
330956102,44661
330962259,44660
330973660,44673
330979853,44666
330986019,44677
330992173,44670
330998333,44682
331004529,44689
331010751,44688
331016913,44685
331023090,44689
331028562,44687
331034733,44697
331040931,44689
331047149,44689
331053276,44693
331059443,44693
331064657,44695
331070787,44696
331077001,44697
331083187,44696
331090032,44693
331096224,44696
331107887,44699
331114116,44695
331120277,44696
331126439,44706
331132600,44697
331138778,44697
331144978,44701
331151151,44702
331157290,44697
331162504,44706
331168664,44706
331174829,44698
331181037,44694
331187235,44706
331193436,44700
331198843,44692
331205058,44698
331211243,44692
331217405,44697
331223588,44706
331229752,44706
331235988,44703
331242135,44745
331248263,44744
331254432,44745
331260653,44745
331266835,44745
331273076,44749
331279228,44742
331285395,44748
331291567,44740
331298313,44744
331304517,44742
331310706,44745
331316844,44748
331323093,44743
331329281,44743
331334469,44751
331340662,44746
331346852,44747
331352283,44743
331358456,44756
331364635,44748
331370809,44763
331382254,44790
331388455,44791
331394598,44796
331400752,44798
331406902,44795
331413073,44794
331419276,44795
331425504,44783
331431641,44791
331437063,44782
331443225,44785
331449380,44788
331455571,44786
331461746,44785
331467953,44795
331474159,44798
331480337,44798
331485562,44795
331491746,44799
331497966,44794
331504148,44798
331516420,44812
331522630,44818
331528784,44815
331534982,44819
331541171,44809
331547284,44814
331553499,44822
331559732,44822
331565971,44821
331571164,44825
331577392,44828
331583599,44830
331589781,44827
331595951,44835
331602117,44832
331608296,44837
331614513,44833
331619940,44830
331626169,44832
331632383,44834
331638575,44830
331644798,44827
331651032,44737
331657192,44729
331663352,44730
331669526,44735
331675743,44725
331681906,44727
331688082,44723
331694224,44717
331700442,44713
331705651,44714
331711810,44705
331718502,44708
331724691,44708
331730887,44710
331737093,44703
331743298,44703
331748777,44700
331753995,44700
331760184,44688
331766397,44698
331772613,44687
331778733,44684
331790278,44605
331796434,44610
331802602,44607
331808790,44598
331814971,44603
331821180,44605
331827335,44604
331833541,44601
331839752,44598
331844993,44593
331851222,44597
331857424,44587
331863615,44587
331869740,44589
331875951,44585
331882123,44595
331887547,44592
331892784,44586
331899046,44585
331905302,44581
331911539,44584
331917758,44586
331924012,44559
331930829,44557
331937056,44564
331943231,44558
331949426,44563
331955612,44570
331961771,44568
331967951,44569
331974160,44575
331979580,44570
331985756,44567
331991937,44568
331998142,44577
332004236,44571
332010410,44576
332016613,44589
332021829,44578
332027244,44576
332033409,44574
332039602,44586
332045764,44581
332051993,44584
332058166,44585
332064406,44599
332070622,44590
332076903,44592
332083099,44593
332089353,44601
332095579,44594
332101780,44595
332108006,44598
332113262,44604
332119489,44606
332125688,44612
332131877,44622
332138068,44620
332144886,44622
332151087,44629
332156508,44627
332161691,44634
332174492,44636
332180709,44639
332186923,44633
332198545,44668
332204756,44669
332210995,44669
332217171,44666
332223358,44668
332229570,44670
332235768,44679
332242038,44672
332248290,44673
332254557,44672
332260820,44673
332266985,44676
332273162,44683
332279277,44681
332285445,44679
332289910,44686
332296091,44690
332302251,44687
332308493,44687
332314682,44702
332320900,44692
332327106,44698
332333273,44718
332339508,44711
332345648,44724
332351795,44722
332358503,44732
332364728,44727
332370897,44725
332376303,44732
332382540,44739
332388743,44739
332394986,44752
332401152,44743
332407382,44746
332413575,44749
332419783,44746
332424220,44754
332430395,44747
332436651,44751
332442802,44753
332448962,44755
332455184,44760
332461429,44760
332473093,44789
332479229,44787
332485407,44786
332491578,44789
332497836,44789
332504090,44790
332510331,44777
332516575,44790
332522833,44786
332529057,44790
332535188,44792
332541399,44788
332547559,44794
332553782,44799
332559001,44802
332565238,44799
332572028,44797
332578251,44802
332584528,44801
332590674,44804
332596851,44804
332608482,44788
332614652,44791
332620818,44786
332627035,44787
332633189,44786
332639312,44790
332645535,44792
332650754,44783
332656995,44779
332663183,44777
332669317,44776
332675528,44783
332681696,44766
332687882,44772
332693295,44770
332699537,44768
332705761,44765
332711983,44765
332718241,44759
332724472,44754
332730697,44753
332742101,44687
332748321,44687
332754527,44687
332760638,44689
332766806,44683
332773022,44677
332779802,44669
332785246,44680
332791398,44678
332797562,44670
332803768,44670
332809935,44670
332816154,44678
332822264,44666
332827526,44677
332833689,44672
332839869,44667
332846071,44666
332852236,44671
332858445,44672
332864656,44676
332876290,44702
332882452,44707
332888677,44705
332894848,44701
332901051,44702
332907246,44697
332913418,44697
332919610,44703
332925811,44700
332932019,44699
332938225,44708
332944403,44710
332950574,44701
332956751,44708
332962936,44700
332969125,44703
332975319,44707
332980523,44698
332986707,44705
332993541,44701
332999704,44695
333011258,44721
333017408,44732
333023608,44732
333029832,44732
333036010,44740
333042210,44745
333048405,44750
333054565,44742
333059795,44743
333065941,44735
333072138,44747
333078325,44747
333084575,44744
333090748,44747
333096997,44749
333103245,44753
333109480,44751
333114975,44751
333121238,44757
333127415,44748
333133603,44750
333145002,44752
333151225,44760
333157429,44752
333163643,44758
333169767,44756
333175949,44753
333182137,44760
333188337,44754
333193814,44761
333200014,44762
333206806,44757
333213018,44766
333219212,44757
333225337,44764
333231548,44757
333236761,44763
333242991,44761
333249213,44754
333255354,44761
333261588,44763
333267806,44758
333279437,44839
333285631,44840
333291830,44836
333298053,44835
333304209,44836
333310381,44839
333316576,44834
333322785,44838
333328009,44842
333334260,44829
333340494,44841
333346724,44836
333352933,44837
333359171,44846
333365407,44843
333370864,44844
333377109,44844
333383257,44846
333389420,44850
333394619,44854
333400801,44858
333406938,44852
333420585,44900
333426837,44894
333433131,44901
333439395,44899
333445588,44901
333451797,44904
333457075,44909
333463267,44915
333469472,44914
333475643,44916
333481804,44914
333488049,44918
333494241,44918
333500464,44919
333506656,44917
333512835,44924
333519062,44922
333524501,44923
333530714,44933
333536959,44930
333548463,44962
333554686,44960
333560901,44966
333567131,44960
333573356,44962
333579550,44964
333585732,44967
333591915,44965
333598169,44965
333604391,44957
333610575,44955
333616742,44951
333622903,44952
333629638,44954
333635891,44957
333641334,44950
333647487,44950
333653637,44947
333658818,44950
333665034,44947
333671199,44941
333677361,44942
333683600,44875
333689806,44877
333695973,44873
333702163,44868
333708298,44863
333714537,44867
333720790,44865
333727068,44858
333732576,44868
333738830,44852
333745083,44855
333751281,44850
333757484,44840
333763652,44841
333769838,44840
333775064,44838
333781234,44833
333787417,44826
333792865,44844
333799104,44823
333805272,44824
333811393,44831
333817537,44791
333823728,44794
333829883,44786
333836113,44783
333842934,44792
333849175,44790
333855343,44788
333861504,44794
333866713,44789
333872885,44791
333879116,44786
333885345,44790
333891594,44788
333897801,44784
333904014,44789
333909471,44788
333915673,44788
333921877,44787
333928113,44785
333934270,44789
333940398,44792
333946559,44800
333957964,44796
333964160,44807
333970355,44815
333976543,44809
333982659,44811
333988805,44816
333995017,44810
334000518,44810
334006776,44807
334012974,44806
334019204,44812
334025452,44820
334031636,44811
334037809,44808
334044035,44808
334050242,44817
334057120,44806
334063266,44813
334068447,44810
334074640,44818
334080771,44808
334092361,44840
334098547,44845
334104738,44842
334110952,44843
334117185,44839
334123374,44845
334129548,44848
334134728,44853
334140908,44845
334147079,44848
334153258,44847
334159453,44848
334165603,44847
334171739,44845
334177882,44841
334184080,44847
334190259,44844
334196474,44835
334202624,44847
334208727,44846
334214900,44842
334226532,44883
334232696,44875
334238875,44897
334245099,44889
334251258,44890
334257430,44897
334264238,44893
334269445,44897
334275638,44905
334281776,44904
334287969,44897
334294126,44895
334300281,44894
334306505,44888
334312688,44888
334318127,44891
334324291,44887
334330469,44878
334336615,44895
334342811,44897
334349037,44895
334360470,44930
334366644,44934
334372802,44940
334378979,44947
334385237,44946
334391366,44947
334397580,44946
334403789,44943
334409978,44942
334416178,44948
334422343,44948
334428542,44953
334434744,44950
334440919,44949
334447124,44947
334452555,44944
334458762,44949
334464885,44956
334471069,44956
334477922,44945
334483120,44943
334489271,44949
334495481,44960
334501618,44955
334507803,44956
334514035,44964
334520195,44959
334526377,44963
334532554,44963
334538689,44957
334544132,44961
334550298,44958
334556494,44958
334562690,44962
334568886,44966
334575105,44970
334581292,44966
334586534,44967
334592778,44973
334598995,44971
334605244,44976
334611476,44972
334617677,44966
334623881,44973
334630075,45005
334636260,45007
334642489,45011
334648682,45014
334654859,45007
334667689,45005
334673139,45003
334679438,45002
334685645,44988
334692495,44993
334698706,44983
334704899,44983
334711135,44966
334716400,44971
334722586,44967
334728807,44964
334734999,44950
334741218,44950
334747435,44941
334753656,44940
334765236,44855
334771462,44847
334777651,44852
334783872,44850
334790090,44847
334796280,44846
334802418,44839
334807643,44839
334813768,44838
334819920,44829
334826122,44825
334832305,44825
334838494,44823
334844686,44815
334850919,44814
334857227,44801
334863384,44802
334869593,44798
334875779,44799
334882024,44796
334888228,44795
334899169,44792
334906063,44801
334912264,44798
334918491,44801
334924673,44795
334930879,44796
334937141,44798
334942346,44785
334948560,44788
334954762,44788
334960971,44778
334967143,44783
334973318,44773
334979568,44778
334985811,44770
334991276,44778
334997452,44779
335003672,44773
335009876,44765
335016060,44764
335022239,44752
335032818,44734
335039039,44734
335045271,44733
335051480,44739
335057650,44743
335063836,44755
335070066,44754
335076297,44757
335082516,44761
335088781,44765
335095036,44770
335101207,44772
335107352,44770
335114141,44779
335120307,44774
335125517,44775
335131711,44772
335137890,44780
335144059,44765
335150224,44775
335156385,44773
335167008,44778
335173212,44775
335179433,44771
335185640,44768
335191832,44772
335198035,44774
335204241,44774
335210418,44777
335216612,44777
335222812,44773
335228960,44772
335235164,44776
335241333,44771
335247570,44781
335253802,44776
335259244,44777
335265414,44785
335271612,44781
335277804,44776
335284027,44780
335290239,44786
335301594,44825
335307760,44838
335313937,44838
335320126,44842
335326988,44831
335333195,44841
335339357,44842
335345550,44847
335351020,44847
335357217,44853
335363390,44849
335369562,44853
335375784,44853
335381951,44859
335388215,44847
335394390,44864
335400562,44863
335406776,44863
335412972,44863
335419152,44863
335425323,44860
335436737,44891
335442189,44896
335448405,44898
335454615,44883
335460850,44886
335467072,44895
335473227,44888
335479419,44895
335485574,44895
335491761,44897
335497931,44900
335504158,44899
335510322,44906
335516503,44907
335522726,44901
335528900,44910
335535731,44909
335541926,44908
335548144,44914
335554252,44915
335560400,44926
335571768,44938
335577206,44945
335583420,44945
335589626,44943
335595839,44944
335602073,44951
335608244,44942
335614378,44945
335620544,44955
335625736,44952
335631948,44956
335638150,44958
335644340,44955
335650573,44963
335656745,44955
335662918,44957
335668462,44966
335674684,44957
335680933,44961
335687177,44957
335693388,44962
335699593,44959
335705823,44872
335712019,44873
335718235,44860
335724459,44866
335730620,44861
335736855,44854
335743093,44850
335750005,44853
335756235,44847
335761465,44853
335767665,44846
335773868,44850
335780082,44852
335786321,44843
335792559,44850
335798796,44844
335804271,44845
335810457,44848
335816642,44840
335822811,44845
335828942,44840
335835128,44844
335846546,44834
335852727,44832
335858871,44837
335865068,44828
335871267,44831
335877457,44839
335883648,44841
335889842,44833
335895286,44836
335901479,44841
335914259,44834
335920500,44832
335926779,44838
335932016,44841
335938229,44849
335944470,44835
335950660,44846
335956790,44838
335963573,44843
335975276,44852
335981495,44854
335987673,44854
335993874,44858
336000105,44852
336006306,44843
336012493,44856
336018665,44843
336023887,44850
336030086,44841
336036319,44840
336042529,44834
336048723,44832
336054871,44832
336061056,44831
336066495,44824
336072698,44837
336078885,44823
336085071,44825
336091265,44815
336097422,44812
336108806,44801
336114970,44793
336121179,44800
336127352,44795
336133589,44797
336139746,44800
336145934,44802
336152081,44809
336158260,44808
336164455,44808
336170639,44821
336177480,44824
336183687,44831
336189865,44824
336196064,44824
336201513,44821
336207714,44823
336213911,44833
336220154,44823
336226319,44826
336232476,44830
336243860,44748
336250055,44745
336256212,44733
336261630,44742
336267809,44744
336274044,44739
336280263,44737
336286436,44733
336292597,44737
336297820,44733
336304012,44746
336310261,44745
336316504,44738
336322716,44732
336328948,44741
336335184,44736
336341344,44736
336347608,44731
336353766,44741
336359935,44744
336366129,44739
336377754,44757
336383980,44757
336390804,44754
336397014,44752
336403230,44759
336409430,44755
336415638,44750
336421827,44750
336428037,44754
336433246,44752
336439389,44750
336445598,44754
336451757,44758
336457945,44758
336464158,44756
336470361,44756
336475834,44754
336481975,44758
336488168,44766
336494299,44768
336500446,44764
336506591,44767
336512824,44883
336519023,44887
336525254,44907
336531406,44899
336537582,44911
336543733,44919
336549929,44930
336556164,44931
336562326,44941
336567540,44955
336573731,44963
336579876,44968
336586072,44978
336592267,44984
336599100,44994
336605296,45002
336610733,45001
336616882,45021
336623079,45020
336629249,45034
336635355,44792
336641517,45049
336652862,45185
336659051,45191
336665253,45191
336671432,45195
336676910,45196
336683128,45200
336689309,45211
336695480,45215
336701657,45210
336707799,45096
336713958,45222
336720190,45221
336726352,45225
336732589,45221
336738775,45214
336743991,45225
336750205,45230
336756438,45234
336762674,45229
336768889,45243
336775114,45225
336786784,45277
336792976,45265
336799222,45277
336805382,45279
336811233,45272
336817419,45281
336823649,45286
336829767,45285
336835928,45292
336841341,45297
336847580,45297
336853761,45288
336859955,45291
336866194,45282
336872340,45293
336878508,45292
336884678,45293
336890873,45295
336897062,45294
336903264,45299
336909415,45299
336920772,45329
336926977,45335
336933189,45334
336939381,45337
336944877,45337
336951077,45336
336957241,45340
336963395,45341
336969613,45344
336975830,45347
336982050,45358
336988278,45355
336994468,45352
337000652,45350
337006872,45360
337013118,45360
337019265,45353
337025369,45365
337031541,45368
337037727,45361
337043931,45374
337055359,45428
337061585,45436
337067791,45422
337073976,45430
337080225,45431
337086459,45429
337092605,45427
337098808,45418
337104968,45415
337111195,45420
337116617,45416
337122834,45420
337129036,45424
337135222,45419
337141367,45429
337147548,45421
337159585,45427
337165793,45427
337172096,45440
337178274,45440
337184427,45463
337190623,45474
337196829,45476
337203002,45479
337209222,45483
337214410,45474
337220628,45487
337226758,45484
337233583,45484
337239786,45490
337245185,45490
337251369,45484
337257549,45496
337263732,45497
337269937,45496
337276177,45496
337282347,45501
337288533,45492
337294735,45500
337300951,45503
337307173,45495
337313326,45498
337324666,45433
337330856,45427
337337008,45422
337343203,45416
337348661,45413
337354849,45412
337361061,45415
337367283,45408
337373437,45413
337378645,45399
337384842,45400
337391032,45392
337397266,45379
337403452,45385
337409693,45367
337415880,45361
337422116,45358
337428304,45352
337434517,45349
337440716,45341
337447500,45332
337459176,45182
337465325,45177
337471504,45180
337477701,45176
337482930,45177
337489130,45185
337495282,45172
337501476,45182
337507674,45189
337513124,45178
337519284,45188
337525448,45191
337531648,45196
337537855,45190
337544056,45182
337550269,45194
337556369,45189
337561580,45181
337567771,45183
337573945,45182
337580135,45182
337586324,45178
337597982,45086
337604190,45079
337610312,45083
337616494,45075
337621663,45078
337627843,45078
337634011,45087
337640183,45071
337646339,45073
337651838,45076
337658658,45074
337664884,45067
337671092,45072
337677276,45067
337683468,45062
337689672,45075
337695835,45069
337702044,45053
337708227,45051
337714399,45056
337720606,45050
337732031,45000
337738210,45002
337744409,44995
337750649,44994
337756038,44999
337762279,44994
337768502,44993
337774677,44995
337780934,44996
337786199,44997
337792423,44999
337798664,44999
337804846,44998
337811049,45003
337817276,44985
337823481,44995
337829685,44998
337835870,45007
337842028,45005
337848192,44999
337854370,45011
337866081,45018
337872884,45010
337879089,45016
337885274,45014
337890425,45019
337896602,45013
337902763,45025
337908925,45023
337915085,45021
337920513,45024
337926717,45028
337932939,45031
337939174,45023
337945330,45026
337951537,45031
337957725,45023
337963903,45026
337970088,45026
337975289,45026
337981489,45030
337987701,45028
337999289,45046
338005473,45049
338011631,45052
338017886,45056
338024059,45056
338029291,45062
338035522,45064
338041696,45066
338047866,45066
338054027,45057
338060208,45069
338066406,45069
338072616,45070
338079313,45074
338085615,45070
338091782,45077
338097951,45073
338104161,45072
338110308,45023
338116516,45077
338122697,45075
338134295,45084
338140439,45086
338146623,45094
338152826,45078
338159058,45081
338164283,45083
338170510,45088
338176670,45081
338182798,45080
338188978,45078
338194437,45077
338200601,45074
338206787,45076
338212949,45079
338219189,45080
338225368,45070
338231559,45077
338237796,45073
338243956,45067
338250185,45073
338256342,45080
338262540,45080
338268726,45078
338274890,45072
338281117,45088
338287281,45083
338294090,45080
338299296,45089
338305519,45087
338311722,45085
338317887,45088
338324053,45096
338329493,45096
338335751,45095
338342020,45101
338348265,45096
338354487,45100
338360690,45101
338366879,45102
338373114,45102
338379267,45112
338384498,45105
338390710,45111
338396890,45106
338409908,45138
338416245,45145
338422426,45145
338428639,45144
338434810,45151
338441047,45149
338447249,45144
338453477,45151
338459002,45147
338465242,45157
338471454,45149
338477660,45142
338483865,45146
338490081,45148
338496303,45148
338502490,45148
338509295,45134
338514527,45143
338520545,45134
338526606,45136
338538216,45046
338544378,45045
338550565,45046
338556775,45036
338562993,45031
338569220,45043
338575348,45033
338581497,45036
338587713,45023
338592958,45027
338599160,45036
338605325,45025
338611533,45026
338617753,45019
338623911,45026
338630075,45026
338636214,45026
338642364,45023
338647826,45023
338653981,45030
338660180,45028
338671658,44973
338677884,44971
338684145,44969
338690382,44971
338696628,44967
338702787,44960
338708968,44965
338715646,44969
338721888,44965
338727287,44972
338733481,44968
338739678,44965
338745870,44977
338752077,44975
338758289,44968
338764435,44966
338770574,44973
338776777,44971
338782914,44970
338789130,44973
338795315,44967
338806705,44983
338812885,44989
338819074,44990
338825262,44993
338831465,44987
338837661,44987
338843820,44996
338850003,44997
338856238,44996
338861729,44990
338868004,44995
338874264,44998
338880479,44997
338886683,45000
338892827,45003
338899015,45003
338905237,45007
338911387,45003
338917535,44994
338922728,44994
338929520,44997
338941176,44981
338947369,44981
338953565,44973
338959749,44979
338965947,44976
338972186,44983
338978314,44985
338983505,44988
338989699,44990
338995830,44984
339001998,44996
339008167,44997
339014339,44996
339020576,45010
339026724,45003
339032891,45009
339039080,45005
339045217,45015
339051385,45011
339056855,45010
339063078,45022
339069282,45021
339075454,45033
339081633,45031
339087824,45027
339093979,45017
339100189,45029
339106342,45035
339112489,45033
339118650,45030
339124873,45037
339131113,45037
339136941,45036
339143224,45037
339149406,45041
339155654,45042
339161800,45037
339167960,45039
339174140,45044
339180338,45039
339186567,45034
339192014,45040
339198255,45038
339204405,45041
339215771,45070
339221958,45079
339228113,45077
339234277,45081
339240428,45077
339246645,45080
339252814,45081
339258997,45089
339265184,45085
339270607,45085
339276785,45085
339282962,45092
339289205,45094
339295317,45100
339301544,45104
339307776,45110
339313931,45104
339320211,45108
339325409,45106
339331653,45112
339337893,45112
339350334,45143
339356585,45144
339362854,45138
339369006,45135
339375216,45139
339381299,45144
339387550,45135
339393736,45130
339398942,45131
339404403,45122
339410596,45123
339416802,45122
339422974,45117
339429175,45120
339435351,45104
339441508,45110
339447648,45109
339453822,45100
339460013,45099
339466210,45096
339472387,45096
339483792,45014
339489968,45008
339496132,45010
339502301,44999
339508515,44997
339514702,45003
339520815,45000
339526966,44985
339533087,44992
339538251,44991
339544410,44983
339550611,44989
339556808,44993
339563611,44990
339569828,44988
339576007,44991
339582278,44992
339588480,44995
339594685,44995
339599885,44985
339606094,44992
339612290,44992
339618509,44954
339624696,44947
339630812,44943
339636973,44937
339649739,44940
339655969,44940
339662192,44941
339667650,44946
339673188,44933
339679355,44929
339685549,44931
339691779,44939
339697963,44933
339704222,44933
339710367,44925
339716594,44930
339722825,44931
339729008,44932
339735228,44925
339741394,44930
339752725,44943
339758860,44935
339765127,44936
339771324,44938
339778206,44939
339784345,44934
339790563,44936
339796734,44930
339802146,44935
339807681,44941
339813879,44940
339820112,44937
339826293,44935
339832414,44933
339838597,44934
339844769,44935
339850944,44948
339857162,44947
339863343,44946
339869484,44948
339875654,44947
339887032,44949
339893239,44947
339899412,44945
339905645,44947
339911790,44951
339917930,44955
339924117,44957
339930293,44958
339936525,44951
339941332,44954
339947508,44955
339953672,44956
339959886,44954
339966089,44957
339972262,44961
339978440,44958
339985193,44960
339991391,44962
339997555,44969
340003741,44967
340008973,44967
340015170,44963
340021390,45053
340027656,45054
340033781,45058
340039931,45050
340046152,45050
340052321,45041
340058523,45047
340064703,45043
340070913,45043
340075723,45039
340081927,45046
340088112,45038
340094286,45032
340100435,45022
340106634,45029
340112806,45019
340118950,45016
340125100,45024
340131291,45027
340137427,45019
340143604,45017
340149818,45020
340161208,45023
340167407,45031
340173644,45032
340179810,45044
340186008,45048
340192203,45051
340198988,45048
340205161,45056
340209927,45064
340216154,45068
340222308,45077
340228460,45085
340234646,45094
340240805,45090
340246988,45096
340253226,45102
340259377,45105
340265585,45097
340271767,45108
340277953,45110
340283143,45120
340289284,45121
340295441,45119
340301663,45113
340307813,45114
340314010,45108
340320189,45112
340326394,45105
340332581,45113
340338754,45111
340344220,45099
340350400,45108
340356582,45107
340362774,45103
340368951,45101
340375133,45106
340381320,45105
340387485,45101
340393682,45102
340399894,45106
340406717,45102
340412976,45102
340418272,45095
340424501,45093
340436184,44979
340442329,44986
340448488,44966
340454661,44977
340460862,44966
340467097,44960
340473308,44963
340478510,44953
340484737,44951
340490850,44948
340497030,44957
340503192,44946
340509393,44943
340515637,44943
340521771,44937
340527933,44937
340534161,44940
340540423,44930
340546661,44931
340552217,44928
340558480,44937
340570218,44917
340576421,44909
340582663,44918
340588864,44911
340595098,44908
340601356,44910
340607572,44915
340612791,44907
340619588,44909
340625051,44914
340631303,44912
340637405,44901
340643590,44898
340649754,44898
340655933,44901
340662160,44898
340668355,44906
340674557,44899
340680765,44894
340685987,44893
340692231,44892
340698386,44900
340704563,44907
340710717,44900
340716862,44903
340723081,44901
340729312,44903
340735508,44907
340741705,44909
340747214,44916
340753396,44907
340759586,44923
340765768,44925
340771932,44917
340778133,44918
340784291,44917
340790460,44926
340796636,44924
340802839,44928
340809031,44925
340815237,44922
340820472,44925
340827329,44923
340833509,44930
340845195,44937
340851335,44945
340857525,44942
340863710,44947
340869894,44939
340876083,44939
340881285,44947
340887449,44945
340899575,44945
340905787,44945
340912098,44946
340918297,44946
340924447,44938
340930607,44937
340936811,44938
340942997,44936
340949221,44934
340954406,44937
340960685,44932
340966890,44945
340973051,44964
340979244,44957
340985484,44962
340991711,44961
340997954,44971
341004205,44969
341010427,44976
341016664,44975
341022851,44976
341029039,44973
341034524,44976
341040691,44976
341047398,44973
341053567,44988
341059749,44974
341065891,44972
341072096,44977
341078301,44976
341084457,44969
341090629,44976
341096811,44966
341102980,44968
341114410,45044
341120623,45038
341126802,45044
341132966,45043
341139186,45046
341145348,45047
341150770,45048
341156959,45056
341163207,45061
341168435,45058
341174657,45061
341180802,45063
341186982,45064
341193125,45061
341199289,45061
341205428,45062
341211646,45057
341217824,45058
341224043,45053
341230223,45064
341236404,45064
341248020,45051
341254854,45043
341261022,45050
341267267,45059
341273376,45060
341279528,45062
341285690,45062
341291888,45064
341298033,45065
341303247,45078
341309449,45069
341315661,45078
341321788,45079
341327938,45073
341334141,45076
341340336,45080
341346587,45082
341352793,45076
341358955,45073
341364379,45078
341370560,45081
341381939,45014
341388152,45001
341394399,44999
341400634,44991
341406846,44988
341413052,44984
341419260,44986
341424699,44979
341430898,44978
341437140,44973
341442332,44981
341448466,44974
341454674,44970
341460880,44976
341467733,44972
341473894,44957
341480074,44962
341486293,44955
341492470,44962
341498699,44955
341504845,44950
341516479,44844
341522654,44840
341528848,44837
341535064,44839
341541282,44836
341547422,44835
341553655,44829
341559851,44832
341566024,44839
341572210,44832
341577423,44836
341583622,44834
341589824,44841
341595979,44848
341602164,44848
341608325,44843
341614481,44848
341620739,44840
341626894,44848
341633115,44846
341638545,44840
341644744,44846
341650937,44827
341657172,44827
341663350,44824
341669521,44823
341676327,44822
341682497,44830
341688736,44828
341694925,44832
341700091,44833
341706273,44828
341711703,44825
341717855,44834
341724059,44835
341730285,44833
341736451,44833
341742603,44831
341748805,44837
341754979,44831
341761239,44828
341767404,44825
341772586,44821
341778741,44825
341784893,44818
341791070,44816
341797247,44817
341803433,44818
341809667,44817
341815800,44825
341822015,44824
341828214,44832
341833649,44838
341839797,44831
341845943,44832
341852126,44828
341858341,44829
341864520,44833
341870719,44829
341876952,44827
341883194,44832
341890022,44831
341896252,44828
341902417,44832
341907630,44830
341913758,44833
341925347,44845
341931500,44857
341937656,44853
341943841,44859
341950015,44861
341956236,44863
341962407,44866
341967589,44869
341973753,44880
341979900,44884
341986068,44877
341992241,44878
341998374,44885
342004559,44889
342010767,44878
342016949,44886
342023156,44884
342029389,44893
342035594,44888
342041768,44889
342047955,44894
342059614,44905
342065830,44905
342072034,44904
342078280,44910
342084434,44909
342090611,44913
342097368,44911
342102563,44911
342108773,44925
342114902,44927
342121076,44925
342127258,44927
342133441,44931
342146516,44934
342152760,44935
342159005,44941
342165239,44945
342171414,44951
342176610,44951
342182769,44960
342188937,44993
342195090,44992
342201307,45005
342207485,44998
342213685,45007
342219844,44999
342226016,45002
342232238,45000
342238409,45006
342244593,45002
342250778,45005
342256203,45009
342262376,45004
342268593,45005
342274807,45001
342280971,45001
342287196,45003
342293376,44999
342299547,45003
342305723,44993
342311751,45002
342317940,45007
342329334,44942
342335557,44935
342341793,44925
342347914,44917
342354139,44912
342360372,44923
342366603,44919
342372789,44912
342378944,44910
342385145,44916
342391313,44915
342397469,44905
342403685,44908
342409859,44912
342416064,44904
342422277,44906
342428465,44905
342434698,44900
342440861,44907
342446278,44901
342452477,44901
342463963,44832
342470235,44831
342476486,44834
342482714,44832
342488959,44829
342495212,44826
342501436,44828
342506875,44823
342513098,44824
342519295,44829
342526133,44829
342531340,44832
342537576,44828
342543736,44821
342549847,44859
342556014,44832
342562197,44815
342568416,44823
342574610,44818
342580023,44828
342586260,44820
342597698,44817
342603941,44813
342610100,44816
342616285,44816
342622478,44817
342628695,44824
342634912,44823
342640319,44825
342646417,44825
342652603,44823
342658782,44832
342664944,44837
342670154,44839
342676330,44839
342682509,44841
342688728,44839
342694872,44847
342701025,44856
342707173,44855
342713344,44862
342718750,44854
342724960,44862
342737310,44852
342743492,44856
342749667,44852
342755878,44855
342762071,44854
342768282,44844
342774418,44853
342779588,44849
342785738,44848
342791862,44855
342798008,44856
342803448,44858
342809617,44855
342815813,44852
342822006,44859
342828196,44860
342834390,44862
342840567,44868
342846733,44869
342851921,44865
342858077,44869
342869721,44921
342875883,44923
342882087,44921
342888301,44919
342894438,44917
342900677,44918
342906869,44920
342912060,44924
342918240,44920
342924418,44926
342930603,44924
342936764,44929
342942842,44932
342949066,44938
342955295,44934
342961467,44932
342967685,44939
342973831,44938
342979986,44941
342986191,44940
342992348,44947
343004023,44964
343010242,44971
343016437,44978
343022623,44967
343028805,44967
343034996,44977
343041249,44970
343046453,44969
343052666,44977
343058840,44980
343064964,44990
343071141,44981
343076576,44988
343082762,44983
343088984,44985
343095257,44993
343101408,44994
343107520,44994
343113671,44999
343119870,44996
343126052,44998
343132283,45006
343138372,45000
343144531,45005
343150683,45000
343157414,45013
343163610,45006
343169808,45013
343176025,45012
343181235,45012
343187385,45020
343193575,45020
343199779,45012
343205949,45017
343211379,45019
343217553,45029
343223750,45020
343229918,45017
343236155,45028
343242352,45029
343248523,45027
343254717,45037
343260926,45037
343266145,45038
343272334,44971
343278503,44958
343284709,44965
343290835,44953
343297024,44958
343303216,44950
343309387,44939
343315584,44942
343321790,44938
343327927,44938
343334104,44937
343340302,44932
343346448,44926
343352686,44931
343358848,44919
343365672,44919
343371868,44920
343378051,44919
343390804,44911
343396291,44911
343407719,44854
343413838,44864
343420028,44849
343426321,44841
343432502,44843
343438779,44834
343444931,44836
343450347,44842
343456528,44840
343462697,44831
343468876,44834
343475039,44829
343481259,44835
343487406,44827
343493580,44831
343499747,44835
343505966,44842
343512153,44832
343518338,44827
343524468,44839
343529690,44836
343535816,44839
343541971,44824
343548164,44819
343554365,44825
343560575,44820
343566794,44827
343572991,44826
343579702,44824
343585213,44820
343591381,44825
343597556,44820
343603714,44820
343609909,44827
343616160,44826
343622357,44831
343628544,44825
343634735,44820
343640923,44818
343647089,44828
343653307,44843
343659479,44830
343664687,44832
343670844,44830
343682444,44837
343688653,44841
343694864,44835
343701093,44840
343707282,44831
343713409,44831
343719578,44830
343725752,44837
343731935,44833
343738148,44832
343744369,44832
343750542,44830
343756708,44834
343762924,44826
343769148,44831
343775385,44833
343781605,44834
343787869,44828
343794787,44842
343800027,44837
343806212,44839
343817902,44861
343824144,44871
343830363,44870
343836529,44875
343842728,44881
343848919,44876
343855173,44884
343860370,44888
343866567,44881
343872798,44885
343878981,44892
343885199,44891
343891387,44892
343896871,44896
343903052,44898
343909314,44897
343915515,44899
343921687,44904
343927842,44901
343933028,44906
343939238,44901
343950864,44938
343957016,44943
343963255,44944
343969431,44951
343975605,44954
343981784,44962
343987972,44954
343993206,44958
343999350,44966
344006209,44957
344012397,44958
344018611,44963
344024797,44961
344030967,44968
344036417,44965
344042636,44965
344048792,44974
344054975,44963
344061186,44968
344067371,44967
344073583,44969
344085006,45001
344091176,45007
344097381,45004
344103606,45001
344109823,44998
344115978,45004
344122183,45009
344127642,45001
344133823,45005
344139988,44999
344146192,45008
344152409,45010
344158667,45011
344164845,45008
344170064,45004
344176269,45002
344182451,45022
344188666,45015
344194838,45020
344200981,45010
344207181,45024
344219561,44982
344225791,44992
344232008,44985
344238205,44978
344244397,44973
344250574,44978
344256757,44976
344262219,44971
344268396,44965
344274605,44963
344280827,44959
344287058,44961
344293271,44956
344299437,44951
344304618,44938
344310830,44945
344317002,44939
344323160,44937
344329349,44941
344335526,44930
344341736,44932
344347111,44928
344353326,44870
344359452,44860
344365615,44865
344371809,44854
344377988,44854
344384160,44850
344390390,44856
344396549,44848
344402711,44855
344408897,44841
344415047,44837
344421283,44838
344428148,44831
344434392,44833
344439566,44828
344445763,44830
344451956,44821
344458137,44825
344464344,44821
344470495,44814
344476705,44812
344482139,44810
344493640,44801
344499812,44800
344505985,44802
344512183,44798
344518391,44802
344524606,44803
344530765,44800
344536961,44802
344542976,44791
344549124,44790
344555338,44796
344561525,44795
344567758,44788
344573896,44797
344579295,44787
344585415,44797
344591553,44784
344597734,44783
344603958,44784
344610207,44784
344615413,44790
344621626,44799
344634635,44794
344641406,44791
344647626,44784
344653831,44788
344659984,44791
344666151,44796
344671377,44790
344677632,44794
344683878,44790
344690075,44798
344696284,44798
344702490,44789
344707960,44795
344714189,44795
344720354,44792
344726477,44790
344732650,44783
344738849,44788
344744989,44795
344751198,44790
344762605,44782
344768780,44782
344774915,44784
344781093,44789
344787315,44789
344793534,44793
344799786,44799
344806040,44792
344812299,44798
344818504,44790
344824728,44799
344830907,44783
344837107,44790
344842515,44792
344848699,44801
344855495,44787
344861650,44793
344867860,44799
344874034,44783
344880261,44790
344885517,44794
344897176,44828
344903417,44823
344909647,44822
344915838,44817
344922031,44830
344928211,44828
344934413,44821
344940566,44829
344945766,44833
344951953,44834
344958142,44839
344964346,44845
344970575,44844
344976786,44844
344982174,44852
344988373,44864
344994539,44855
345000712,44855
345006923,44855
345013125,44854
345019337,44855
345030685,44912
345036839,44905
345042988,44911
345049193,44913
345055391,44920
345062211,44915
345068413,44917
345074609,44920
345080072,44919
345086304,44928
345092437,44930
345098642,44923
345104840,44932
345111021,44927
345116207,44930
345122358,44934
345128544,44931
345134767,44937
345140927,44940
345147127,44935
345153345,44940
345158811,44932
345165056,44913
345171276,44907
345177450,44920
345183600,44915
345189787,44905
345195953,44941
345202101,44899
345208315,44897
345214455,44895
345220634,44893
345226874,44893
345233060,44884
345239278,44886
345245413,44881
345250581,44889
345256784,44883
345262929,44883
345269062,44880
345275890,44885
345282075,44878
345288301,44870
345293731,44884
345305198,44841
345311406,44850
345317599,44845
345323794,44852
345329982,44839
345336124,44843
345342333,44847
345348486,44846
345353955,44852
345360185,44851
345366366,44848
345372510,44857
345378670,44856
345384885,44858
345391050,44860
345397284,44862
345403406,44867
345409534,44863
345415700,44869
345421951,44863
345428156,44862
345439553,44860
345445764,44862
345451948,44859
345458124,44854
345464331,44863
345470511,44868
345476723,44863
345483481,44866
345489004,44871
345495201,44861
345501405,44870
345507575,44870
345513739,44870
345519939,44872
345525113,44870
345531338,44878
345537525,44877
345543728,44877
345549864,44879
345556048,44874
345562240,44875
345567686,44876
345573874,44896
345580083,44896
345586310,44899
345592435,44893
345598592,44897
345604757,44894
345610958,44895
345617189,44891
345623373,44900
345629526,44907
345635704,44893
345641889,44897
345648067,44911
345654300,44903
345660450,44909
345666645,44918
345672860,44910
345679033,44914
345685280,44915
345691459,44919
345698295,44925
345703480,44918
345715211,44970
345721354,44971
345727511,44973
345733719,44975
345739869,44972
345746040,44976
345752307,44978
345758443,44978
345763619,44985
345769811,44981
345775970,44979
345782145,44976
345788319,44982
345794489,44985
345800724,44983
345806874,44992
345813050,44989
345819256,44985
345825460,44991
345831684,44982
345837127,44979
345848526,45019
345854744,45026
345860863,45032
345867017,45032
345880059,45034
345886321,45031
345892592,45042
345898818,45039
345905014,45031
345911823,45041
345918057,45042
345924299,45042
345930430,45043
345935622,45048
345941837,45051
345947994,45050
345954200,45053
345960400,45054
345966639,45062
345978311,45079
345984473,45076
345990665,45083
345996869,45088
346003074,45087
346009298,45086
346015485,45095
346021683,45098
346027892,45100
346033115,45091
346039334,45099
346045513,45102
346051737,45096
346057912,45109
346064088,45098
346070328,45105
346076492,45106
346082720,45093
346088954,45103
346095135,45098
346100596,45098
346111960,45027
346118153,45016
346124865,45014
346131030,45008
346137183,45003
346143359,45000
346149542,45007
346155761,44997
346161897,44995
346167294,44989
346173487,44986
346179695,44987
346185889,44989
346192087,44989
346198297,44996
346204465,44986
346210639,44988
346216815,44982
346223021,44992
346229240,44977
346235414,44980
346246828,44937
346252929,44937
346259104,44931
346265283,44935
346271440,44934
346277613,44934
346283839,44932
346290043,44926
346296227,44929
346301646,44925
346307874,44926
346314088,44921
346320312,44916
346326447,44921
346333233,44921
346339397,44924
346345576,44960
346350814,44925
346357029,44929
346363228,44924
346369420,44923
346374853,44920
346381062,44920
346387292,44924
346393459,44921
346399612,44919
346405770,44914
346411972,44920
346418189,44920
346424406,44912
346430597,44910
346435792,44919
346441938,44919
346448152,44916
346454291,44923
346460467,44924
346466686,44928
346472833,44915
346479013,44930
346485243,44925
346490661,44930
346496865,44936
346503053,44944
346509298,44940
346520680,44938
346526815,44933
346532934,44935
346539129,44934
346545862,44923
346552074,44923
346558293,44922
346564455,44928
346569900,44921
346576087,44924
346582310,44924
346588500,44917
346594663,44912
346600833,44919
346607002,44924
346613206,44917
346619405,44919
346624546,44919
346630742,44913
346636928,44914
346643136,44918
346649326,44908
346655515,45012
346661755,45021
346667879,45024
346674024,45028
346680161,45031
346686387,45036
346692606,45038
346698828,45043
346704273,45046
346710438,45040
346716594,45042
346722779,45038
346728946,45041
346735141,45027
346741353,45028
346747484,45036
346754297,45033
346759486,45032
346765695,45035
346771856,45033
346778021,45034
346788704,44982
346794845,44980
346800991,44987
346807168,44989
346813376,44978
346819527,44977
346825765,44987
346831925,45000
346838081,44997
346844290,45000
346850477,45009
346856655,45009
346862833,45010
346869011,45012
346875250,45011
346881489,45016
346887723,45021
346893944,45027
346900208,45027
346906428,45040
346912657,45043
346923331,45102
346929503,45095
346935749,45092
346941906,45095
346948089,45086
346954286,45080
346960494,45096
346967338,45086
346973548,45083
346979036,45081
346985262,45086
346991459,45081
346997677,45090
347003859,45080
347010006,45092
347016263,45085
347022479,45090
347028738,45091
347033976,45090
347040173,45085
347046422,45083
347052646,45081
347058085,45019
347064303,45022
347070461,45022
347076628,45020
347082813,45029
347089029,45018
347095246,45023
347101439,45018
347107616,45015
347112841,45016
347125873,45010
347132070,45015
347138358,45011
347144538,45009
347150701,45004
347156882,45008
347163053,45003
347168322,44997
347174513,45004
347181412,45003
347186899,44992
347193099,44885
347199327,44874
347205460,44873
347211654,44869
347217855,44868
347224040,44858
347230222,44856
347236415,44863
347242581,44852
347248772,44856
347254963,44846
347261142,44847
347267339,44850
347273488,44855
347279649,44846
347285862,44847
347292081,44853
347298315,44852
347303518,44856
347309716,44867
347315917,44861
347321377,44862
347332733,44863
347338900,44866
347345017,44869
347351197,44874
347357398,44879
347363639,44871
347369834,44874
347376053,44864
347382280,44866
347388495,44865
347395289,44866
347401477,44858
347407680,44859
347413874,44863
347420100,44856
347426339,44863
347432528,44858
347438010,44855
347444258,44857
347450434,44852
347456539,44855
347467924,44847
347474094,44848
347480268,44849
347486411,44855
347492610,44852
347498831,44850
347505001,44855
347511168,44839
347516648,44848
347522857,44846
347529038,44856
347535261,44855
347541435,44852
347547585,44853
347553754,44862
347559981,44852
347566184,44840
347571431,44848
347577645,44847
347583861,44850
347590091,44852
347601749,44859
347608491,44858
347614687,44845
347620878,44842
347627073,44857
347633326,44854
347639484,44861
347645684,44853
347650911,44844
347657102,44849
347663305,44843
347669459,44844
347675651,44842
347681838,44844
347687997,44842
347694173,44832
347700350,44841
347706555,44825
347712780,44841
347718974,44828
347725146,44836
347735785,44839
347741914,44841
347748101,44841
347754317,44846
347760501,44846
347766745,44849
347772912,44843
347779083,44847
347785365,44856
347791611,44851
347797842,44848
347804038,44851
347810298,44849
347817144,44853
347823417,44860
347829670,44850
347835812,44855
347841989,44855
347847414,44863
347853623,44857
347859770,44858
347870471,44853
347876655,44848
347882819,44847
347889044,44851
347895296,44843
347901473,44844
347907721,44836
347913884,44838
347920083,44835
347925492,44846
347931641,44836
347937829,44838
347944009,44841
347950230,44839
347956499,44829
347962745,44834
347968973,44841
347975222,44832
347981407,44841
347986617,44829
347992825,44844
347999035,44846
348005270,44851
348011465,44841
348017647,44846
348024503,44839
348030761,44840
348036923,44840
348043063,44837
348049263,44838
348055466,44840
348060853,44828
348067055,44829
348073283,44828
348079465,44822
348085635,44816
348091867,44812
348098123,44809
348104321,44803
348110482,44805
348116641,44804
348122853,44796
348129047,44794
348135229,44794
348145968,44725
348152154,44731
348158346,44730
348164540,44727
348170755,44731
348176922,44729
348183087,44726
348189281,44720
348194698,44719
348200868,44716
348207082,44709
348213317,44709
348219469,44698
348225666,44696
348231838,44693
348238603,44690
348244800,44686
348250998,44683
348257213,44684
348263411,44675
348269533,44690
348280242,44710
348286392,44710
348292561,44715
348298755,44726
348304912,44728
348311122,44735
348317299,44726
348323446,44727
348328876,44736
348335043,44726
348341230,44739
348347418,44729
348353601,44736
348359797,44744
348372647,44736
348378848,44737
348385144,44739
348391367,44737
348396560,44741
348402767,44731
348408900,44704
348415074,44712
348421251,44714
348427409,44718
348433652,44719
348439864,44717
348445978,44721
348452776,44722
348458239,44721
348464414,44720
348470601,44727
348476772,44716
348483005,44719
348489210,44717
348495453,44720
348501681,44719
348507865,44709
348514052,44725
348520280,44714
348526438,44718
348531595,44714
348537795,44727
348548425,44752
348554625,44759
348560854,44759
348567045,44759
348573253,44759
348579443,44765
348585650,44773
348591863,44770
348597306,44764
348603480,44776
348609649,44771
348615833,44776
348622010,44781
348628231,44778
348634386,44768
348640571,44777
348646754,44777
348652928,44781
348659107,44787
348664973,44779
348671144,44782
348681805,44800
348687922,44785
348694067,44794
348700256,44800
348706438,44810
348712643,44808
348718882,44809
348725059,44813
348730483,44811
348736608,44816
348742767,44821
348748937,44818
348755106,44819
348761331,44822
348767495,44828
348773654,44831
348779838,44832
348786050,44831
348792260,44832
348798434,44826
348803585,44831
348809760,44844
348820409,44875
348826567,44877
348832774,44870
348838955,44876
348845130,44874
348851338,44874
348857518,44873
348863745,44872
348869878,44884
348876589,44875
348882806,44878
348888908,44878
348895109,44877
348901298,44874
348907487,44869
348913691,44872
348919874,44874
348926051,44869
348932194,44877
348937634,44869
348943830,44876
348954547,44793
348960788,44802
348966912,44784
348973105,44785
348979313,44786
348985478,44777
348991690,44787
348997846,44777
349003998,44786
349010151,44776
349016335,44783
349022561,44780
349028769,44775
349034913,44773
349041130,44771
349047272,44771
349053493,44776
349059713,44763
349065864,44768
349072010,44764
349078190,44769
349089727,44740
349095906,44740
349102081,44737
349108340,44743
349114545,44751
349120740,44746
349126943,44746
349133089,44736
349138305,44742
349144512,44734
349150737,44734
349156928,44728
349163117,44725
349169344,44731
349175539,44728
349181777,44730
349187917,44721
349194089,44718
349200272,44720
349206448,44721
349212648,44716
349217443,44704
349223605,44716
349229775,44722
349235956,44716
349242154,44713
349248362,44722
349254560,44718
349260734,44727
349266907,44725
349273095,44732
349279277,44720
349285468,44731
349292135,44735
349298370,44741
349304496,44734
349310678,44741
349316863,44745
349323063,44749
349329254,44749
349335445,44749
349341602,44747
349347790,44746
349352246,44754
349363861,44746
349370037,44741
349376265,44740
349382450,44743
349388629,44745
349394800,44753
349400991,44748
349407149,44745
349412340,44750
349418516,44749
349424708,44751
349430875,44759
349437044,44752
349443251,44754
349449399,44756
349455649,44754
349461848,44764
349467972,44753
349474168,44759
349480339,44762
349485783,44754
349490975,44763
349497165,44803
349503961,44804
349510139,44805
349516348,44801
349522496,44808
349528709,44806
349534890,44804
349541090,44806
349547287,44802
349553487,44812
349559704,44814
349565846,44818
349572039,44816
349578255,44810
349584402,44820
349590537,44827
349596782,44838
349602942,44825
349615703,44824
349620493,44822
349631922,44848
349638114,44860
349644301,44846
349650487,44847
349656727,44845
349662939,44861
349669113,44851
349675298,44856
349680708,44858
349686913,44863
349693086,44865
349699308,44870
349705441,44866
349711621,44870
349718419,44873
349724587,44872
349730788,44868
349736960,44869
349743127,44874
349749393,44872
349753846,44873
349760020,44881
349766206,44927
349772388,44935
349778551,44931
349784779,44931
349790989,44932
349797171,44923
349803396,44926
349809570,44925
349815030,44922
349821218,44925
349827439,44918
349833571,44915
349839780,44920
349845992,44918
349852140,44923
349858351,44907
349864529,44915
349870700,44913
349876899,44912
349883061,44911
349888253,44908
349894430,44904
349906028,44820
349912227,44818
349918454,44827
349924647,44825
349931435,44820
349937549,44816
349943736,44815
349948932,44816
349955059,44814
349961239,44818
349967451,44817
349973672,44812
349979867,44807
349986050,44807
349992288,44810
349998450,44816
350004660,44806
350010862,44807
350016982,44809
350022441,44809
350028614,44812
350039950,44779
350046136,44780
350052338,44777
350058500,44780
350064701,44772
350070845,44773
350076986,44776
350082418,44774
350088509,44774
350094643,44774
350100825,44780
350107019,44767
350113259,44778
350119444,44778
350125649,44780
350131811,44790
350138561,44793
350144766,44775
350150922,44780
350157099,44787
350163317,44788
350168519,44791
350174745,44817
350180920,44823
350187086,44822
350193313,44824
350199510,44828
350205728,44824
350211884,44828
350217309,44833
350223436,44836
350229620,44831
350235790,44829
350241972,44839
350248171,44838
350254381,44843
350260526,44841
350266654,44835
350272839,44840
350279030,44837
350285270,44839
350291420,44838
350296632,44841
350302825,44837
350308290,44835
350314451,44847
350320596,44848
350326755,44853
350332920,44858
350339106,44858
350345307,44862
350352129,44853
350358362,44869
350364549,44867
350370720,44868
350376929,44865
350383090,44874
350389353,44875
350395493,44882
350401686,44888
350407828,44884
350414027,44882
350420243,44898
350426446,44891
350431662,44893
350437843,44886
350443203,44901
350454661,44940
350460868,44944
350466976,44937
350473144,44946
350479340,44947
350485509,44950
350491725,44946
350497912,44955
350504077,44955
350510310,44960
350516483,44960
350522735,44958
350528887,44965
350535071,44964
350541256,44962
350547445,44970
350553661,44969
350560578,44965
350566110,44968
350572370,44969
350577597,44973
350589355,45017
350595520,45028
350601736,45021
350607892,45025
350614077,45029
350620288,45026
350625503,45025
350631706,45035
350637856,45031
350644038,45031
350650219,45034
350656403,45032
350662572,45037
350668794,45039
350675001,45029
350681178,45035
350687363,45036
350693555,45040
350699812,45037
350705999,45040
350711389,45043
350722830,45069
350729016,45055
350735178,45063
350741387,45065
350747538,45069
350753752,45065
350759874,45064
350766050,45056
350772853,45067
350778985,45065
350785166,45066
350791409,45056
350797601,45058
350803823,45052
350809974,45052
350816142,45056
350822339,45055
350828542,45061
350834739,45058
350840197,45045
350846398,45054
350864580,44991
350870807,44992
350877034,44993
350883260,44989
350889441,44988
350894631,44989
350900836,44986
350907002,44987
350913144,44984
350919327,44985
350925543,44978
350931799,44979
350937966,44970
350944138,44978
350950347,45004
350956515,44980
350962733,44969
350968926,44971
350975063,44977
350987298,44934
350993495,44937
350999736,44937
351005998,44941
351012246,44964
351018483,44939
351024729,44938
351029952,44940
351036160,44943
351042339,44935
351048531,44942
351054738,44943
351060935,44944
351067149,44940
351073327,44940
351079480,44940
351085706,44942
351091879,44933
351098044,44944
351104256,44940
351109729,44941
351121182,44957
351127427,44952
351133652,44964
351139830,44955
351145918,44963
351152035,44967
351158203,44967
351163645,44955
351169843,44965
351176026,44970
351182268,44961
351188484,44969
351194649,44968
351201501,44970
351207657,44965
351213804,44960
351219972,44962
351226140,44966
351232382,44963
351238618,44967
351243849,44965
351249991,44956
351256165,44974
351261616,44985
351267820,44980
351274005,44975
351280166,44982
351286358,44983
351292515,44979
351298671,44987
351304869,44986
351311071,44992
351317201,44993
351323451,44987
351329605,44998
351335778,44995
351341945,45001
351348098,44997
351354332,44991
351360482,44998
351366672,45000
351372871,45005
351378069,45004
351384298,45001
351390472,45053
351396683,45055
351402936,45052
351409706,45055
351415901,45057
351422064,45065
351428206,45061
351434419,45062
351439807,45069
351445986,45065
351452162,45065
351458387,45066
351464551,45070
351470723,45070
351476877,45069
351483054,45071
351489229,45070
351495440,45071
351501599,45075
351507746,45074
351512952,45070
351519140,45073
351530782,45136
351536960,45144
351543115,45141
351549298,45141
351555485,45146
351561648,45159
351567813,45155
351573040,45149
351579236,45158
351585435,45157
351591643,45153
351597875,45161
351603993,45159
351610154,45160
351616846,45151
351623052,45151
351629231,45157
351635450,45158
351641689,45163
351647177,45161
351653404,45164
351664836,45212
351670991,45214
351677148,45213
351683336,45215
351689482,45183
351695684,45217
351701891,45213
351707352,45208
351713555,45207
351719757,45206
351725936,45204
351732160,45196
351738382,45204
351744518,45212
351750680,45204
351756868,45198
351763034,45200
351769267,45208
351775490,45198
351781671,45199
351787903,45197
351799437,45181
351805663,45173
351811881,45179
351817330,45184
351823543,45189
351830403,45184
351836650,45188
351841881,45173
351848059,45181
351854303,45185
351860521,45178
351866755,45184
351872922,45181
351879125,45186
351885310,45183
351891477,45178
351897626,45179
351903859,45172
351910122,45179
351916284,45180
351921719,45176
351933134,45200
351939327,45206
351945497,45206
351951674,45203
351957884,45204
351964012,45213
351970204,45210
351975633,45214
351981802,45216
351988018,45208
351994193,45212
352000402,45213
352006549,45213
352012737,45220
352018908,45220
352025076,45220
352031302,45216
352037505,45222
352044411,45222
352050557,45217
352055778,45210
352061960,45214
352068096,45247
352074291,45246
352080456,45247
352086632,45255
352092825,45244
352105566,45248
352111823,45252
352118046,45244
352124266,45248
352130510,45252
352136720,45246
352142909,45255
352149081,45242
352155252,45250
352161455,45248
352167661,45252
352173895,45252
352180088,45256
352185543,45258
352196943,45286
352203141,45280
352209330,45284
352215519,45284
352221709,45291
352227153,45292
352233368,45293
352239534,45297
352244710,45301
352250883,45309
352257597,45291
352263857,45304
352270021,45304
352276189,45301
352282383,45310
352288556,45308
352294772,45305
352300927,45309
352307125,45311
352313335,45312
352319542,45320
352325751,45317
352331912,45326
352338071,45334
352344210,45337
352350390,45341
352356548,45333
352362013,45342
352368205,45350
352374421,45348
352379621,45357
352385844,45347
352391973,45356
352398172,45352
352404389,45367
352410555,45351
352416762,45362
352422917,45365
352429077,45363
352435231,45365
352441429,45360
352447578,45365
352453804,45365
352459233,45371
352471539,45408
352477713,45414
352483864,45411
352490037,45398
352495209,45408
352501394,45406
352507594,45410
352513822,45409
352520004,45419
352526206,45410
352532387,45415
352538562,45411
352544738,45417
352550926,45418
352557103,45424
352563313,45414
352569516,45419
352575727,45412
352581932,45427
352588104,45426
352594309,45426
352600491,45411
352606726,45414
352612909,45417
352619086,45414
352625218,45409
352630645,45406
352636846,45411
352643038,45408
352649214,45412
352654405,45402
352660573,45395
352666828,45389
352673006,45391
352679826,45388
352685998,45392
352692186,45383
352698402,45391
352704597,45387
352710820,45387
352716973,45378
352723152,45377
352729320,45380
352739941,45326
352746067,45327
352752222,45322
352758407,45324
352764576,45327
352770055,45322
352776276,45320
352782485,45311
352788670,45314
352794844,45309
352801057,45312
352807272,45304
352813475,45314
352819620,45307
352825772,45311
352831959,45306
352838132,45305
352844380,45305
352850553,45311
352856770,45311
352862988,45310
352873778,45306
352879911,45311
352886583,45309
352892839,45315
352898973,45308
352904423,45304
352910581,45311
352916747,45297
352922915,45305
352929094,45304
352935312,45306
352941473,45303
352947560,45308
352953737,45306
352959914,45302
352966081,45307
352972307,45309
352978464,45295
352984616,45304
352990825,45303
352997015,45302
353007754,45304
353013920,45298
353020027,45302
353026248,45299
353032438,45302
353037874,45305
353044082,45307
353050301,45300
353056489,45305
353062615,45295
353068782,45305
353074972,45309
353081160,45295
353087390,45296
353093536,45296
353100375,45296
353106553,45294
353112711,45301
353118930,45293
353125103,45302
353131316,45302
353142051,45298
353148237,45298
353154409,45305
353160555,45304
353166776,45303
353172960,45294
353179179,45295
353185403,45297
353191570,45289
353197764,45302
353203216,45298
353209437,45294
353215564,45291
353221723,45284
353227908,45294
353234104,45300
353240283,45289
353246515,45301
353252721,45298
353258863,45306
353265064,45306
353275805,45312
353282002,45308
353288169,45311
353294333,45313
353300524,45307
353307310,45312
353313502,45316
353319655,45315
353325838,45317
353332001,45314
353337434,45313
353343577,45322
353356405,45322
353362621,45325
353368815,45324
353375028,45319
353381203,45322
353387409,45314
353393605,45316
353404402,45349
353410665,45336
353416923,45347
353423148,45354
353429402,45349
353435570,45341
353441809,45348
353448023,45349
353454251,45339
353460453,45346
353465955,45349
353472160,45345
353478408,45339
353484584,45349
353490741,45345
353496904,45346
353503082,45355
353509273,45354
353515487,45357
353522200,45356
353528428,45364
353539178,45376
353545363,45371
353551549,45375
353557747,45366
353563936,45376
353570108,45366
353576373,45364
353582575,45362
353588815,45358
353595001,45348
353600442,45349
353606601,45343
353612763,45347
353618928,45345
353625100,45343
353631338,45337
353637526,45335
353643728,45338
353649899,45334
353656074,45332
353662287,45330
353673103,45250
353679350,45242
353685568,45327
353691803,45240
353698023,45235
353704245,45231
353710451,45226
353716653,45232
353722854,45226
353728270,45228
353735130,45217
353741365,45217
353747557,45215
353753710,45212
353759888,45210
353766122,45205
353772335,45203
353778558,45206
353784746,45207
353790911,45194
353797129,45204
353803375,45158
353808598,45157
353814881,45147
353821048,45147
353827279,45155
353833445,45144
353839637,45146
353845868,45145
353852054,45138
353858263,45144
353863700,45144
353869922,45141
353875193,45137
353881356,45139
353887473,45141
353893648,45147
353899836,45142
353905977,45136
353912145,45133
353918349,45138
353924535,45135
353930714,45139
353936919,45139
353942336,45077
353949169,45083
353955402,45079
353961614,45073
353967873,45078
353974111,45076
353980355,45075
353986542,45079
353992701,45076
353998883,45073
354005083,45078
354010274,45081
354016454,45077
354022646,45064
354028884,45061
354035088,45072
354041320,45071
354047521,45062
354053721,45065
354059918,45065
354066094,45058
354072312,45056
354082933,45047
354089065,45052
354095255,45052
354101433,45044
354107600,45051
354113821,45050
354119979,45057
354126167,45051
354132373,45053
354138538,45054
354143329,45047
354149546,45049
354156456,45046
354162686,45049
354168923,45041
354175150,45039
354181379,45042
354187596,45039
354193782,45034
354199983,45039
354206256,45029
354216983,45019
354223190,45019
354229390,45019
354235556,45021
354241742,45018
354247938,45021
354254093,45018
354260267,45022
354266473,45023
354272678,45022
354277525,45028
354283684,45024
354289846,45033
354296039,45034
354302188,45024
354308412,45030
354314585,45023
354320756,45038
354326939,45029
354333112,45034
354339324,45038
354345521,45032
354351630,45038
354357804,45037
354364560,45035
354370739,45042
354376932,45037
354383131,45040
354389376,45033
354395513,45038
354401684,45037
354407870,45039
354412375,45031
354418563,45027
354424687,45026
354430841,45027
354437025,45020
354443164,45024
354449349,45023
354455560,45014
354461723,45020
354467941,45018
354474135,45021
354479304,45012
354490927,45035
354497117,45025
354503290,45029
354509510,45029
354515676,45023
354521902,45021
354528129,45017
354534348,45015
354540545,45017
354546679,45010
354551130,45010
354557329,44999
354563483,45004
354569601,45004
354576395,45000
354582546,44999
354588669,44984
354601494,44990
354607730,44986
354613243,44990
354624648,44918
354630872,44911
354637063,44978
354643234,44902
354649439,44900
354655600,44905
354661828,44897
354668037,44891
354674224,44895
354679693,44895
354685860,44894
354692063,44894
354698204,44880
354704409,44882
354710583,44890
354716775,44875
354722938,44872
354729146,44870
354735397,44873
354741539,44871
354746728,44854
354758401,44830
354764560,44822
354770721,44832
354776909,44830
354783099,44827
354789290,44826
354796081,44827
354802307,44827
354808488,44823
354813700,44833
354819152,44817
354825395,44816
354831517,44822
354837666,44817
354843847,44813
354850050,44813
354856199,44816
354862421,44819
354868558,44814
354874740,44813
354880911,44816
354892317,44795
354898520,44795
354904671,44788
354910882,44786
354917039,44793
354923237,44794
354929423,44799
354935610,44801
354941849,44796
354948000,44797
354954176,44801
354960386,44795
354966562,44798
354972774,44801
354978979,44800
354985143,44804
354991359,44799
354997546,44800
355004367,44784
355010561,44789
355016800,44799
355027421,44796
355033589,44798
355039789,44799
355045982,44797
355052164,44797
355058368,44793
355064539,44797
355070744,44795
355076949,44790
355083124,44793
355088532,44797
355094623,44794
355100760,44792
355106926,44784
355113139,44787
355119341,44784
355125499,44787
355131634,44786
355137836,44785
355144026,44784
355150218,44787
355160916,44815
355167058,44811
355173226,44814
355179378,44815
355185566,44810
355191796,44813
355197960,44814
355204114,44821
355210851,44812
355217059,44818
355222472,44817
355228626,44822
355234816,44821
355241010,44820
355247180,44820
355253367,44823
355259519,44830
355265651,44827
355271830,44823
355278042,44827
355284191,44823
355289448,44804
355295606,44840
355301814,44838
355307953,44850
355314077,44846
355320259,44859
355326481,44849
355332648,44855
355338873,44854
355345029,44855
355351206,44852
355356591,44850
355362789,44854
355368939,44849
355375109,44850
355381314,44857
355387539,44858
355393726,44856
355399896,44851
355406094,44855
355412343,44856
355418512,44846
355424343,44853
355435971,44844
355442158,44835
355448395,44845
355454573,44840
355460772,44833
355467007,44835
355473165,44836
355479386,44825
355485530,44824
355491654,44825
355497822,44817
355504000,44816
355510178,44804
355515379,44805
355521604,44806
355527814,44803
355533984,44801
355540129,44793
355546333,44790
355552502,44787
355558702,44777
355570342,44683
355576558,44671
355582710,44683
355588885,44674
355595120,44662
355601344,44655
355607538,44658
355613697,44657
355619848,44652
355626042,44647
355631815,44649
355638041,44642
355644275,44651
355649763,44640
355655928,44641
355662126,44642
355668317,44634
355674515,44632
355680666,44628
355686853,44627
355693061,44627
355698240,44624
355704423,44600
355710614,44601
355716834,44595
355722992,44597
355729190,44597
355735388,44604
355741567,44589
355747779,44590
355753939,44595
355760086,44597
355765523,44602
355771652,44601
355777834,44599
355784074,44609
355789258,44610
355795425,44610
355801597,44611
355807839,44608
355814039,44597
355820196,44608
355826392,44606
355832568,44602
355845346,44607
355852069,44597
355858291,44601
355864528,44604
355870792,44605
355877062,44607
355883360,44603
355889641,44605
355895180,44608
355901416,44601
355907668,44608
355913863,44601
355919089,44612
355925254,44615
355931489,44620
355937672,44609
355943897,44611
355950043,44612
355956253,44607
355962488,44612
355967941,44619
355979311,44618
355985524,44612
355991727,44628
355997939,44619
356004148,44621
356010316,44627
356016533,44620
356022732,44617
356028941,44621
356035130,44618
356041318,44628
356047522,44630
356052949,44629
356059158,44637
356065991,44637
356072171,44632
356078380,44635
356084562,44638
356090699,44644
356096904,44637
356102109,44637
356113711,44639
356119900,44637
356126106,44637
356132321,44641
356138522,44633
356144707,44634
356150920,44637
356157083,44634
356163227,44650
356169443,44649
356175614,44650
356181768,44654
356187947,44651
356194141,44656
356200350,44660
356206575,44660
356212727,44664
356218898,44670
356225074,44673
356231259,44674
356236508,44667
356248124,44721
356254313,44710
356260526,44711
356266708,44709
356273549,44715
356279771,44713
356285976,44714
356292211,44707
356298430,44707
356304611,44708
356309807,44700
356316010,44713
356322186,44711
356327634,44711
356333847,44716
356340073,44709
356346317,44713
356352528,44717
356358699,44727
356364920,44728
356371105,44716
356382476,44755
356388716,44756
356394909,44760
356401055,44753
356407206,44759
356413418,44765
356419631,44756
356425805,44754
356432004,44755
356438129,44758
356443535,44766
356449687,44764
356455881,44757
356462093,44764
356467297,44762
356473498,44768
356479683,44768
356486525,44767
356492682,44771
356498861,44780
356505020,44781
356515652,44710
356521881,44709
356528058,44702
356534235,44701
356540435,44685
356546635,44693
356552880,44688
356559035,44691
356565180,44681
356571373,44673
356577540,44675
356583733,44681
356589970,44669
356596159,44674
356601616,44671
356607817,44674
356613974,44664
356620199,44667
356626415,44667
356632548,44662
356638716,44659
356649413,44595
356655603,44598
356661826,44591
356667980,44590
356674189,44582
356680420,44585
356686635,44586
356693459,44584
356699678,44578
356705890,44579
356712025,44576
356717430,44574
356723605,44573
356729823,44577
356735999,44576
356742142,44576
356748352,44570
356754545,44582
356760668,44575
356766826,44580
356773018,44587
356779151,44584
356785356,44594
356791535,44591
356797704,44596
356803851,44598
356810043,44600
356816249,44596
356822468,44592
356828656,44606
356834840,44585
356841022,44604
356847214,44592
356852432,44594
356858646,44591
356864885,44591
356871053,44601
356877246,44592
356883456,44588
356889642,44590
356895868,44588
356902604,44583
356908849,44583
356915028,44588
356925666,44577
356931910,44584
356938035,44581
356944196,44589
356950412,44587
356956548,44578
356962748,44587
356968926,44596
356975114,44599
356981363,44596
356986783,44597
356992971,44594
356999194,44595
357005417,44597
357010599,44599
357016835,44600
357023037,44599
357029206,44593
357035375,44596
357041551,44598
357047780,44594
357059440,44606
357065585,44611
357071747,44597
357077949,44608
357090777,44612
357096965,44615
357103242,44612
357109475,44602
357115640,44610
357122462,44605
357128689,44611
357134899,44608
357141099,44609
357147289,44613
357153534,44619
357159686,44615
357165885,44614
357172077,44612
357178260,44616
357189022,44656
357195225,44654
357201437,44650
357207616,44648
357213814,44653
357219959,44659
357226108,44657
357232279,44661
357238451,44655
357244627,44652
357250833,44668
357256270,44668
357262499,44674
357268647,44680
357274826,44669
357281002,44662
357287222,44666
357293443,44667
357299608,44671
357305758,44671
357311947,44680
357317174,44684
357323308,44714
357329983,44712
357336194,44712
357342389,44706
357348574,44709
357354787,44712
357360985,44717
357367179,44709
357373376,44702
357379563,44713
357385734,44718
357391198,44710
357397457,44707
357403604,44698
357409773,44707
357415958,44700
357421199,44705
357427353,44698
357433536,44703
357439685,44707
357445888,44709
357452035,44702
357463679,44732
357469908,44735
357476090,44739
357482268,44740
357488493,44752
357494617,44749
357500779,44750
357506971,44752
357513167,44754
357519370,44755
357524597,44748
357530807,44748
357536989,44750
357543743,44754
357549966,44746
357556090,44746
357562264,44740
357568449,44739
357574595,44736
357580781,44734
357586996,44728
357597600,44641
357603791,44634
357609968,44637
357616167,44631
357622359,44631
357628526,44629
357634704,44626
357640894,44628
357647053,44620
357653193,44610
357659398,44607
357665553,44611
357671762,44610
357677985,44597
357684135,44606
357690305,44596
357696506,44598
357702680,44597
357708922,44590
357715108,44591
357721264,44583
357731987,44585
357738136,44586
357744301,44585
357751058,44588
357757279,44591
357763476,44590
357769635,44595
357775820,44590
357781978,44593
357788140,44590
357793569,44593
357799754,44595
357805954,44592
357812146,44592
357818362,44584
357824558,44591
357830712,44585
357836893,44586
357843093,44593
357849295,44582
357855506,44590
357866205,44648
357872371,44648
357878513,44646
357884678,44656
357890880,44649
357897032,44646
357903204,44657
357909381,44652
357915550,44655
357921784,44653
357927972,44660
357934124,44653
357940307,44655
357946495,44660
357952698,44652
357959526,44661
357965721,44659
357971946,44664
357977348,44661
357983555,44663
357989751,44669
358000512,44675
358006721,44678
358012931,44662
358019095,44670
358025271,44671
358031470,44669
358037645,44676
358043829,44668
358050007,44676
358056168,44680
358062349,44684
358067774,44685
358073948,44681
358080116,44688
358086344,44688
358092548,44686
358098746,44689
358104895,44694
358111070,44699
358116278,44694
358122487,44696
358128677,44692
358139377,44731
358145563,44723
358151720,44727
358157951,44730
358164071,44728
358170862,44734
358177079,44742
358183267,44738
358189484,44732
358195685,44733
358201903,44737
358208060,44736
358214225,44736
358220429,44746
358226603,44740
358232783,44732
358238993,44739
358245178,44738
358250618,44744
358256796,44734
358262983,44740
358273784,44823
358279963,44821
358286170,44820
358292341,44828
358298589,44820
358304792,44825
358310999,44835
358317143,44826
358323352,44834
358336407,44842
358342557,44837
358348824,44843
358355023,44838
358361196,44837
358367401,44840
358373613,44838
358379806,44838
358386562,44842
358392766,44842
358403543,44873
358409788,44872
358416012,44864
358422197,44869
358428405,44868
358434553,44865
358440782,44870
358446947,44872
358453093,44880
358459259,44868
358465483,44858
358471655,44868
358477059,44871
358483225,44868
358489463,44870
358495651,44864
358501820,44871
358508013,44854
358514236,44865
358520431,44853
358526627,44857
358537381,44802
358543593,44803
358549809,44805
358556000,44799
358562164,44798
358568377,44793
358574535,44796
358580717,44790
358586924,44790
358593115,44794
358599917,44791
358606092,44791
358611532,44782
358617679,44790
358623869,44791
358630052,44786
358636229,44782
358642440,44774
358648614,44781
358654852,44772
358661023,44776
358671784,44747
358678026,44749
358684184,44755
358690379,44750
358696538,44750
358702690,44741
358708929,44739
358715083,44740
358721271,44748
358727505,44743
358733687,44748
358739888,44748
358745384,44747
358751557,44741
358757749,44727
358763928,44746
358770118,44743
358776290,44755
358782526,44754
358788639,44752
358794820,44756
358804708,44788
358811530,44775
358817663,44781
358823869,44769
358830076,44779
358836208,44776
358842385,44773
358848567,44783
358854769,44778
358860975,44779
358867185,44779
358873396,44780
358879606,44772
358885806,44777
358891992,44780
358898169,44784
358904351,44787
358910581,44782
358916741,44790
358922920,44793
358929122,44795
358933583,44793
358939787,44808
358945993,44813
358952155,44807
358958388,44806
358964542,44804
358970685,44815
358976883,44815
358983020,44817
358989171,44814
358995346,44815
359001506,44811
359007702,44819
359013935,44822
359019921,44819
359026151,44830
359032349,44823
359038574,44819
359044724,44826
359050877,44827
359057048,44819
359063229,44830
359068417,44833
359080044,44845
359086195,44842
359092367,44840
359098573,44846
359104781,44840
359110970,44846
359117152,44852
359123314,44856
359129548,44852
359135688,44853
359141913,44852
359148088,44849
359154257,44847
359160488,44859
359166639,44863
359172792,44867
359178970,44859
359185171,44863
359191379,44865
359197577,44870
359202775,44867
359214400,44921
359220579,44921
359227332,44917
359233527,44917
359239657,44921
359245858,44921
359251988,44927
359258161,44930
359264409,44921
359270625,44928
359276792,44932
359282992,44929
359289203,44931
359294440,44927
359300624,44938
359306810,44930
359313029,44923
359319233,44924
359325458,44928
359331690,44918
359337924,44926
359348580,44933
359354748,44938
359360968,44933
359367068,44932
359373210,44925
359379402,44927
359385570,44924
359391741,44915
359397956,44927
359404080,44920
359410246,44913
359416416,44917
359422604,44917
359428030,44916
359434184,44906
359440993,44909
359447155,44910
359453398,44909
359459584,44908
359465757,44901
359471974,44899
359481946,44875
359488154,44879
359494309,44881
359500508,44884
359506628,44869
359512791,44874
359518946,44873
359525160,44871
359531364,44868
359537532,44864
359543726,44873
359549936,44868
359556132,44868
359562302,44858
359568503,44864
359581299,44865
359587533,44857
359593766,44854
359599974,44859
359609974,44851
359616197,44847
359622433,44850
359628622,44856
359634808,44853
359641000,44851
359647212,44862
359653968,44851
359660154,44863
359666368,44862
359672596,44856
359678778,44856
359685003,44861
359691205,44864
359697399,44867
359703544,44865
359709751,44869
359715960,44875
359722151,44870
359728382,44874
359734582,44871
359745342,44907
359751536,44913
359757747,44908
359763965,44912
359770104,44918
359776263,44917
359782448,44914
359788591,44920
359794809,44922
359801003,44929
359807135,44923
359813318,44919
359819510,44918
359825700,44917
359831908,44915
359837331,44923
359843530,44921
359849668,44912
359855799,44923
359862549,44917
359868726,44916
359874922,44919
359880153,44975
359885591,44965
359891739,44969
359897906,44967
359904074,44966
359910248,44967
359916510,44967
359922645,44961
359928795,44965
359934968,44965
359941148,44968
359947338,44961
359953549,44957
359959689,44967
359965873,44972
359971080,44966
359977264,44967
359983442,44972
359989649,44970
359995857,44968
360002040,44971
360008194,44975
360018833,44989
360024264,44987
360030504,44988
360036645,44999
360042787,44995
360048953,45007
360055124,45008
360061302,45011
360067530,45016
360074331,45014
360080553,45019
360086680,45015
360092873,45026
360099056,45022
360105259,45015
360110477,45026
360116639,45026
360122847,45024
360129023,45030
360135212,45028
360141412,45027
360152070,45056
360158257,45052
360164437,45061
360170597,45048
360176821,45053
