70141041,45769
70149151,45775
70156382,45786
70164792,46019
70172406,46026
70179262,46027
70187115,46037
70194772,46044
70202622,46054
70210231,46059
70218099,46064
70225014,46080
70232636,46096
70240470,46094
70248058,46110
70255963,46125
70263564,46143
70271428,46152
70279026,46166
70286860,46524
70294441,46546
70302306,46562
70309898,46584
70317721,46595
70325392,46608
70333279,46628
70340205,46636
70347810,46658
70355618,46671
70363245,46684
70371676,46699
70379294,46712
70387137,46721
70394815,46735
70409481,47114
70417091,47113
70424940,47109
70432549,47116
70440407,47108
70448016,47111
70455897,47109
70463493,47116
70471383,47103
70478931,47101
70486793,47096
70494426,47097
70502248,47083
70509856,47073
70517653,47070
70525288,46394
70533162,46368
70540086,46347
70547737,46324
70555552,46313
70563180,46291
70571017,46275
70577869,46245
70586071,46231
70594000,46210
70601576,46197
70609469,46184
70617087,46152
70624942,46139
70631848,46127
70639452,46104
70653961,45729
70661819,45724
70669531,45713
70676471,45707
70684363,45703
70691938,45696
70699780,45699
70707400,45689
70715258,45686
70722897,45674
70730756,45671
70738368,45654
70746217,45650
70753856,45637
70768543,45343
70776166,45339
70784009,45313
70791649,45312
70800253,45297
70807877,45286
70814719,45282
70822556,45270
70830128,45263
70837965,45242
70845553,45248
70853403,45243
70861005,45245
70868853,45239
70883419,45140
70891338,45139
70898885,45136
70906697,45128
70914267,45122
70922175,45137
70929822,45125
70937634,45121
70945254,45113
70953090,45131
70960765,45121
70968576,45132
70976187,45127
70984025,45121
70991637,45123
70999484,45032
71007715,45035
71015551,45025
71022396,45032
71030010,45028
71036903,45022
71044715,45020
71051578,45015
71059195,45008
71067027,45004
71074656,45005
71082458,45004
71090020,44999
71097828,44992
71105427,45001
71113309,44983
71120871,44937
71128717,44935
71136316,44925
71143166,44935
71151028,44927
71157920,44918
71165522,44916
71172388,44913
71180255,44915
71187906,44911
71195780,44910
71203388,44916
71211272,44915
71219549,44909
71227427,44903
71235033,44904
71242855,44885
71250443,44880
71258352,44882
71265943,44881
71272820,44874
71280662,44884
71287537,44879
71295165,44874
71303019,44884
71310604,44880
71318446,44875
71326062,44883
71333943,44890
71341601,44885
71349499,44882
71357065,44888
71364956,44880
71372538,44876
71380439,44872
71388000,44875
71395879,44874
71403538,44881
71411481,44883
71419074,44874
71427465,44885
71435071,44884
71442884,44883
71450496,44876
71458377,44875
71465967,44870
71472825,44868
71487481,44895
71495066,44901
71502891,44895
71510507,44904
71518370,44906
71525263,44893
71532897,44899
71540728,44892
71548387,44902
71556242,44893
71563846,44895
71571620,44894
71579205,44883
71587048,44888
71594649,44890
71602521,44815
71610139,44811
71617965,44812
71625555,44809
71633431,44812
71641708,44809
71649501,44796
71657113,44800
71664974,44794
71672574,44789
71680425,44791
71688016,44781
71695869,44774
71703455,44782
71710308,44769
71718111,44761
71725792,44689
71733641,44681
71741275,44672
71748139,44662
71755966,44660
71763597,44658
71771478,44650
71779020,44646
71786841,44643
71794474,44647
71802349,44646
71809952,44642
71817824,44642
71825443,44636
71833274,44644
71848320,44729
71856174,44734
71863804,44745
71871619,44753
71879260,44764
71886137,44781
71900589,44783
71908514,44783
71916112,44793
71924013,44801
71931673,44811
71939506,44820
71946377,44824
71953966,44838
71961813,44994
71969418,45006
71977278,45019
71984893,45013
71991770,45028
71998630,45031
72006457,45034
72014081,45043
72021950,45052
72029561,45065
72037440,45063
72045043,45072
72052861,45074
72061071,45072
72068977,45080
72083435,45191
72091357,45194
72098960,45200
72106745,45202
72114376,45206
72122240,45207
72129875,45212
72137696,45212
72145305,45212
72153132,45221
72160807,45226
72168623,45228
72176230,45236
72184052,45246
72191711,45243
72199511,45380
72207129,45377
72214948,45390
72222546,45383
72229460,45387
72237335,45392
72244906,45395
72252688,45387
72260306,45388
72268135,45393
72276337,45379
72284050,45393
72291698,45389
72299507,45389
72307079,45392
72321745,45180
72329382,45174
72337269,45173
72344858,45175
72351690,45183
72358534,45180
72366420,45178
72373969,45178
72381780,45168
72389393,45167
72397251,45164
72404878,45161
72412706,45165
72420352,45161
72428157,45155
72442678,45083
72450493,45089
72458084,45086
72465929,45081
72472144,45081
72479050,45092
72487270,45102
72495050,45104
72502673,45113
72510524,45117
72518182,45119
72526086,45127
72533721,45121
72541548,45124
72549169,45130
72557020,45177
72564622,45172
72572464,45176
72580040,45169
72587888,45169
72594756,45166
72602356,45176
72610192,45174
72617856,45164
72625714,45173
72633303,45169
72641146,45171
72648786,45171
72656573,45170
72664176,45169
72672032,45168
72679725,45109
72687540,45085
72695796,45089
72703637,45089
72710534,45158
72718140,45074
72725979,45074
72733596,45069
72741478,45063
72749051,45057
72756908,45050
72764497,45041
72772381,45040
72779974,45039
72787847,45048
72801612,45042
72809181,45049
72817070,45055
72824730,45059
72830925,45058
72837771,45054
72845602,45054
72853211,45060
72861042,45060
72868687,45056
72876546,45051
72884181,45049
72892025,45050
72900198,45045
72908087,45041
72921854,45015
72929517,45011
72937437,45002
72945009,44997
72952891,44999
72960488,45005
72968383,45000
72975945,45011
72983775,45006
72991389,45012
72999277,45026
73006898,45022
73014716,45016
73022354,45031
73030179,45017
73037813,44879
73045558,44873
73053209,44852
73061064,44856
73067186,44847
73074869,44845
73082697,44839
73090336,44827
73098129,44822
73105780,44818
73114266,44811
73121881,44806
73129736,44792
73143997,44792
73150892,44770
73158794,44765
73166433,44762
73174287,44771
73181141,44764
73188778,44778
73195631,44779
73203473,44779
73211100,44790
73218997,44777
73226707,44782
73234592,44780
73242219,44787
73250064,44785
73257613,44778
73265497,44786
73273066,44748
73280902,44750
73288505,44755
73296402,44751
73303274,44751
73310866,44763
73318662,44762
73326836,44776
73334716,44783
73342385,44787
73350267,44794
73357916,44802
73365744,44815
73373391,44818
73381208,44825
73388063,44826
73395724,44834
73403566,44845
73411162,44836
73419026,44840
73426681,44845
73434514,44850
73442083,44847
73449921,44842
73457527,44843
73465410,44844
73472988,44846
73480825,44843
73488460,44841
73496365,44838
73503926,44842
73518567,44906
73526177,44911
73534044,44916
73541522,44925
73549125,44927
73557008,44936
73564667,44941
73572516,44960
73580086,44965
73587959,44981
73595578,44990
73603463,44994
73611029,44984
73618895,44985
73626495,44989
73634385,44890
73641951,44886
73649787,44896
73657464,44889
73664326,44888
73672146,44894
73679076,44889
73686714,44881
73694552,44874
73702163,44876
73710009,44871
73717613,44868
73725545,44860
73733167,44858
73741049,44850
73756213,44754
73764046,44761
73771668,44761
73779513,44750
73787170,44751
73795046,44755
73802648,44749
73810556,44748
73818152,44744
73826023,44733
73833599,44733
73841461,44727
73849019,44721
73856834,44714
73864499,44718
73871342,44680
73879196,44680
73886866,44675
73894624,44686
73901500,44679
73909111,44685
73916931,44683
73924549,44680
73932439,44680
73940052,44678
73947901,44683
73956116,44676
73964025,44672
73971630,44668
73979483,44668
73993977,44654
74001825,44654
74009477,44649
74017405,44645
74024244,44634
74031880,44622
74039678,44617
74047250,44622
74055104,44622
74062750,44619
74070551,44607
74078178,44604
74086046,44608
74093614,44607
74101472,44596
74109094,44583
74116884,44584
74124492,44586
74132413,44584
74139352,44578
74146974,44587
74154812,44577
74162394,44590
74170834,44580
74178441,44579
74186304,44584
74193967,44590
74201791,44596
74209398,44601
74217263,44595
74224885,44606
74231766,44616
74239603,44611
74247212,44627
74255085,44622
74262740,44622
74270588,44624
74278192,44631
74286080,44634
74293769,44631
74301604,44639
74309234,44653
74317113,44636
74324752,44642
74332551,44642
74340127,44651
74347019,44654
74354839,44654
74362455,44666
74370319,44665
74377898,44663
74392384,44663
74400329,44662
74407242,44673
74414849,44672
74422701,44674
74430343,44678
74438224,44681
74445869,44685
74453711,44676
74461388,44677
74469219,44699
74476865,44691
74484679,44692
74491592,44690
74499197,44683
74507032,44682
74514651,44686
74522499,44676
74530108,44678
74537966,44669
74545572,44670
74553458,44668
74561006,44672
74568855,44666
74576506,44663
74583390,44661
74591877,44743
74599504,44736
74607397,44740
74615034,44735
74622931,44736
74630558,44740
74638455,44736
74645336,44733
74652937,44729
74660773,44730
74668398,44737
74676303,44723
74683919,44730
74691780,44732
74699388,44731
74707270,44732
74714920,44647
74722746,44644
74729570,44644
74737162,44639
74745002,44639
74752586,44629
74760441,44617
74768038,44616
74775887,44612
74783497,44608
74791424,44609
74799655,44601
74807547,44591
74815135,44594
74821970,44586
74829811,44533
74837426,44528
74845287,44528
74852904,44522
74860744,44516
74867665,44521
74875248,44512
74883084,44517
74890758,44512
74898550,44509
74906139,44514
74913987,44506
74921561,44505
74929445,44507
74937050,44503
74944917,44507
74952512,44522
74960384,44528
74967261,44529
74974892,44526
74982656,44535
74990292,44528
74998142,44525
75005792,44513
75014332,44522
75021943,44529
75029776,44522
75037375,44525
75045181,44514
75052827,44509
75060652,44511
75075163,44505
75083027,44506
75090636,44509
75098493,44509
75105386,44502
75112950,44502
75120735,44509
75128360,44509
75136166,44511
75143816,44504
75151684,44502
75159327,44503
75167167,44505
75174829,44504
75182669,44502
75190301,44490
75198131,44485
75205020,44492
75212636,44482
75221180,44477
75228816,44482
75236624,44485
75244200,44483
75252060,44485
75259669,44470
75267534,44472
75275118,44467
75282955,44465
75290598,44464
75298468,44473
75305353,44475
75312933,44513
75320771,44516
75328427,44534
75336296,44536
75343966,44536
75351834,44534
75359464,44545
75367337,44542
75374915,44552
75382771,44553
75390387,44552
75398248,44554
75405879,44556
75413700,44561
75421321,44562
75436665,44608
75444313,44616
75452167,44622
75459847,44643
75466703,44657
75474578,44655
75482184,44668
75490004,44671
75497611,44678
75505525,44686
75513081,44690
75520963,44693
75528576,44701
75536433,44704
75543351,44704
75550985,44773
75558840,44776
75566424,44782
75574202,44777
75581864,44776
75589662,44779
75597289,44774
75605153,44770
75612815,44774
75620614,44772
75635063,44771
75643347,44769
75651217,44769
75658092,44761
75672592,44812
75679482,44815
75687415,44811
75694983,44816
75701829,44813
75709631,44821
75717212,44824
75725099,44820
75732748,44828
75740577,44824
75748176,44825
75756029,44825
75763609,44823
75771503,44827
75778390,44837
75785992,44830
75793824,44832
75801438,44821
75809290,44824
75816905,44819
75824751,44815
75832385,44821
75840194,44828
75847842,44822
75855631,44830
75863283,44827
75871140,44837
75878785,44833
75886598,44835
75893495,44835
75901069,44835
75908902,44844
75916497,44838
75924415,44834
75931974,44835
75939791,44836
75947401,44842
75955220,44845
75962828,44847
75970627,44843
75978236,44849
75986074,44849
75993751,44845
76001602,44852
76009240,44852
76017113,44866
76031595,44914
76038481,44916
76046324,44911
76053953,44914
76061747,44915
76069968,44922
76077768,44927
76085418,44935
76093284,44930
76100887,44934
76108610,44939
76116230,44941
76124112,44954
76131785,44958
76139593,44957
76147190,45098
76155057,45113
76162694,45117
76170518,45124
76178101,45126
76184987,45123
76192834,45139
76200412,45142
76208204,45147
76215851,45150
76223638,45149
76231250,45155
76239108,45160
76246756,45156
76253617,45168
76261499,45174
76269078,45298
76276908,45306
76284514,45312
76292425,45308
76299994,45318
76307761,45322
76315363,45329
76323213,45324
76330839,45337
76338678,45337
76346293,45342
76354136,45341
76361782,45350
76369568,45343
76377165,45355
76391917,45537
76399524,45549
76407436,45367
76415009,45556
76422857,45554
76430446,45386
76438293,45562
76445937,45569
76453724,45575
76461367,45583
76469224,45590
76476854,45596
76485364,45608
76492200,45618
76499821,45622
76507567,45587
76514413,45572
76522059,45581
76529955,45574
76537624,45570
76544544,45580
76552445,45570
76559971,45577
76567762,45569
76575380,45567
76583236,45569
76590933,45565
76598751,45560
76606398,45562
76613270,45547
76621151,45548
76628774,45513
76636597,45503
76644202,45510
76652087,45511
76659722,45509
76667554,45514
76675150,45514
76683017,45516
76691196,45516
76699054,45515
76706660,45509
76714555,45511
76722176,45513
76729025,45518
76736871,45512
76744525,45509
76752449,45446
76759991,45449
76767822,45443
76775454,45430
76783337,45422
76790960,45425
76798773,45418
76806380,45421
76814240,45408
76821884,45408
76828714,45399
76836509,45393
76844082,45399
76851927,45399
76859543,45393
76874059,45271
76881942,45259
76889614,45262
76897507,45254
76904347,45256
76912609,45247
76920521,45245
76928122,45253
76935991,45246
76943664,45246
76951600,45246
76959197,45247
76966064,45252
76973893,45248
76981523,45232
76989419,45237
76997012,45225
77004850,45230
77012486,45223
77019360,45226
77027196,45227
77034832,45228
77042582,45226
77050146,45218
77058008,45227
77065627,45230
77073515,45226
77081129,45222
77088967,45217
77096577,45219
77104459,45225
77112019,45313
77120514,45308
77128130,45310
77136012,45305
77143653,45302
77151550,45307
77159216,45313
77167083,45302
77174639,45309
77182514,45315
77189336,45317
77196967,45317
77203872,45320
77211655,45315
77219289,45321
77233994,45369
77241594,45363
77249481,45367
77257077,45368
77264942,45376
77272554,45365
77280433,45365
77288021,45363
77295845,45359
77303436,45371
77311234,45377
77318880,45373
77327367,45375
77334976,45377
77342830,45383
77350429,45381
77357290,45383
77365167,45394
77372829,45378
77379673,45387
77387556,45375
77395177,45379
77403024,45378
77410586,45377
77418464,45378
77426027,45382
77433875,45369
77441524,45379
77449397,45369
77457016,45372
77464856,45363
77471719,45198
77479351,45190
77487215,45179
77494865,45173
77502663,45158
77510222,45150
77518090,45128
77525750,45120
77533561,45110
77541832,45104
77549655,45098
77557274,45085
77564138,45080
77572003,45074
77579600,45066
77594397,44874
77601945,44879
77609757,44879
77617385,44889
77625204,44881
77632822,44888
77640668,44892
77648336,44898
77656159,44897
77663801,44895
77671681,44900
77679303,44895
77687169,44907
77694801,44900
77702607,44901
77709460,44955
77717022,44957
77724887,44959
77732516,44963
77740398,44963
77748678,44970
77756551,44972
77764137,44978
77771963,44980
77779573,44977
77787450,44981
77795084,44985
77801943,44996
77809782,44982
77817420,44987
77825259,44996
77832891,45127
77840626,45133
77848237,45137
77856131,45150
77863052,45158
77870677,45153
77878548,45148
77886120,45154
77893944,45153
77901527,45150
77909369,45140
77916942,45143
77924753,45139
77932337,45145
77940178,45145
77955236,45246
77963123,45241
77970758,45240
77978565,45244
77986149,45245
77994008,45254
78001596,45245
78009506,45250
78017111,45254
78024939,45242
78032540,45250
78039400,45249
78047219,45243
78054867,45247
78062696,45251
78069518,45325
78077133,45336
78084933,45344
78092527,45338
78100376,45359
78107950,45362
78122454,45377
78130144,45389
78138021,45400
78145672,45412
78153540,45419
78160422,45436
78167974,45462
78176452,45466
78183361,45476
78190986,45785
78198819,45781
78206468,45794
78214326,45797
78221203,45806
78228870,45801
78236740,45815
78244357,45812
78252207,45816
78259863,45811
78267709,45815
78275308,45803
78283180,45810
78290790,45808
78298597,45817
78312944,45866
78320728,45858
78328387,45862
78336218,45853
78343922,45852
78351755,45855
78359384,45868
78367184,45855
78374835,45854
78383336,45855
78390999,45846
78398845,45849
78406474,45846
78414394,45850
78421259,45848
78428890,45719
78436754,45705
78444327,45699
78452220,45695
78459095,45689
78466748,45685
78474597,45682
78482225,45664
78490085,45667
78497685,45665
78505534,45656
78513112,45651
78520950,45651
78528585,45636
78536456,45637
78550947,45438
78558801,45439
78566374,45426
78574168,45421
78581796,45420
78589631,45599
78597955,45412
78605776,45398
78613464,45389
78621392,45387
78629013,45377
78636851,45377
78643719,45359
78651368,45358
78659201,45358
78666879,45174
78674710,45180
78682343,45176
78690166,45171
78697006,45170
78704612,45163
78712469,45161
78720014,45161
78727875,45158
78735523,45152
78743383,45153
78751021,45154
78758804,45158
78766457,45158
78774289,45157
78781210,45155
78788886,45559
78796802,45573
78804989,45592
78812829,45611
78820427,45629
78828249,45655
78835878,45676
78843670,45694
78851265,45717
78859153,45732
78866807,45748
78874615,45766
78881468,45781
78889106,45802
78896965,45818
78911401,46460
78919217,46472
78926871,46489
78934663,46509
78942266,46528
78950137,46544
78957761,46559
78965594,46573
78973156,46585
78980917,46606
78988516,46616
78996406,46632
79004048,46653
79012509,46666
79019440,46675
79027042,47097
79034919,47098
79042558,47095
79050480,47093
79057355,47097
79064943,47090
79072845,47096
79080488,47075
79088336,47066
79095966,47061
79103765,47052
79111377,47039
79119243,47042
79126875,47029
79134670,47009
79142255,46996
79150084,46418
79157685,46407
79165537,46391
79173137,46374
79180981,46365
79188576,46353
79196470,46327
79204034,46316
79211931,46300
79220151,46301
79228029,46286
79235612,46269
79242465,46267
79250343,46256
79257220,46234
79271831,46010
79279707,46007
79287312,46005
79295156,45992
79302816,45992
79310636,45989
79318253,45981
79326091,45982
79333702,45984
79341568,45971
79349181,45973
79363618,45975
79370478,45971
79378154,45966
79386003,45676
79393657,45659
79401591,45658
79409180,45647
79416057,45638
79423933,45642
79431584,45625
79439980,45619
79447599,45611
79455449,45614
79463051,45603
79470885,45598
79477801,45582
79485402,45578
79493233,45571
79507731,45377
79515561,45374
79523181,45366
79531045,45359
79538710,45361
79546579,45353
79554181,45351
79562016,45350
79569672,45337
79577561,45342
79585174,45340
79593041,45351
79600646,45347
79608514,45343
79616090,45334
79623917,45190
79631554,45192
79639453,45184
79647618,45176
79654579,45166
79662441,45161
79670016,45157
79677825,45152
79685499,45146
79693340,45146
79700960,45139
79708789,45135
79715661,45136
79723268,45123
79731087,45130
79738680,45128
79746554,45705
79754152,45736
79761988,45763
79769582,45787
79777396,45811
79785000,45831
79792853,45849
79800484,45882
79808360,45901
79816010,45912
79823847,45930
79831425,45943
79839263,45962
79846905,45968
79853759,45975
79862256,46025
79869904,46026
79877733,46027
79885375,46030
79893231,46029
79900885,46034
79908695,46033
79916352,46038
79924211,46041
79931839,46048
79939627,46047
79947251,46049
79954118,46057
79961946,46062
79968808,46075
79976432,46077
79984269,46353
79991931,46360
79999752,46372
80007378,46380
80014243,46399
80022088,46413
80029695,46421
80037576,46432
80045164,46445
80053044,46453
80060709,46468
80069239,46476
80076922,46492
80084706,46493
80092312,46508
80099170,46512
80106999,46801
80114642,46802
80122535,46829
80130131,46833
80137970,46853
80145625,46867
80153511,46879
80161103,46890
80168929,46908
80176553,46919
80184429,46925
80192002,46925
80199808,46940
80206660,46948
80214320,46961
80228977,47027
80236594,47016
80244483,47015
80252048,47009
80259837,47012
80267469,47010
80275349,47010
80283607,47008
80291474,47019
80299024,47008
80306867,47002
80314484,46993
80322296,46990
80329914,46987
80344587,46880
80352118,46876
80359946,46877
80367576,46868
80375458,46869
80383079,46871
80390909,46865
80398563,46869
80406429,46859
80414018,46859
80421828,46855
80429421,46851
80436285,46857
80444146,46862
80451780,46852
80459637,46788
80467213,46779
80475100,46780
80482720,46783
80491216,46761
80498117,46765
80505735,46753
80513628,46748
80521281,46738
80529147,46735
80536782,46728
80544637,46715
80552268,46710
80560092,46710
80566961,46694
80574569,46684
80582465,46277
80590046,46249
80597902,46238
80611364,46217
80619294,46201
80626947,46188
80634689,46170
80642302,46155
80650164,46138
80657796,46122
80665639,46098
80673260,46080
80681130,46067
80688699,46054
80703448,45461
80711099,45451
80718924,45427
80726551,45423
80734424,45413
80742004,45403
80749853,45390
80757463,45375
80765355,45359
80772987,45341
80780817,45314
80788418,45308
80795277,45281
80803137,45271
80810794,45261
80818669,45025
80826289,45034
80834121,45032
80841713,45029
80849566,45039
80857165,45033
80865016,45027
80872593,45030
80880502,45027
80888105,45020
80895931,45017
80903543,45014
80912040,45010
80918928,45004
80926536,44985
80941210,45036
80948866,45029
80956711,45015
80964308,45009
80971211,44995
80979081,44993
80986693,44983
80994575,44970
81002174,44958
81010052,44955
81017675,44955
81025537,44936
81033169,44931
81041005,44921
81048660,44913
81056524,44441
81064132,44433
81071953,44414
81079579,44398
81087488,44383
81095049,44383
81102918,44365
81110492,44358
81118394,44358
81126653,44360
81134522,44352
81142089,44350
81149934,44350
81156838,44352
81164483,44354
81172308,44341
81179981,44539
81186784,44570
81194652,44576
81202240,44583
81210141,44598
81217751,44609
81225570,44623
81233124,44626
81240945,44638
81248583,44661
81256483,44678
81264060,44689
81271884,44713
81278731,44726
81286310,44728
81300973,45019
81307831,45032
81315459,45046
81323335,45063
81331613,45076
81339499,45087
81347090,45101
81354884,45113
81362517,45121
81370406,45138
81378003,45142
81385834,45162
81393450,45169
81401253,45170
81415829,45395
81423672,45395
81431292,45208
81439145,45403
81446810,45401
81453729,45399
81461602,45400
81469168,45402
81476997,45400
81484604,45407
81492431,45397
81499993,45396
81507759,45403
81515340,45408
81523236,45397
81530889,45374
81538737,45371
81546269,45373
81553889,45373
81561641,45377
81569236,45381
81577101,45378
81584738,45373
81592582,45384
81600214,45382
81608077,45382
81615700,45390
81623564,45386
81631184,45392
81638034,45390
81645862,45392
81653480,45479
81661304,45484
81668958,45479
81676787,45494
81684368,45482
81692227,45494
81699835,45488
81707667,45501
81715317,45493
81723161,45499
81730792,45494
81738652,45498
81746267,45502
81754650,45504
81762238,45501
81776944,45395
81784579,45388
81792462,45383
81800055,45381
81807902,45384
81814751,45372
81822334,45376
81830200,45377
81837798,45378
81852299,45379
81859970,45388
81867902,45373
81874131,45377
81881770,45369
81889617,45611
81897228,45617
81905079,45627
81912708,45646
81920612,45652
81928226,45672
81936105,45679
81943725,45701
81951618,45711
81959176,45720
81967635,45741
81975259,45753
81983099,45765
81989999,45778
81997597,45790
82012339,46180
82020001,46183
82027772,46192
82035346,46204
82043174,46208
82050872,46218
82058659,46219
82066267,46236
82074127,46237
82081770,46248
82089620,46247
82097218,46249
82105058,46255
82111888,46266
82119533,46254
82127385,46152
82135007,46146
82142852,46145
82149731,46127
82157335,46124
82165166,46115
82172031,46121
82180294,46114
82188171,46111
82195765,46110
82203590,46100
82211194,46089
82218980,46093
82226603,46079
82234441,46072
82242031,46074
82249911,45923
82257542,45917
82265371,45918
82273038,45918
82280872,45916
82288492,45909
82296293,45904
82303921,45902
82311800,45906
82319470,45902
82327352,45904
82334994,45900
82342815,45902
82349648,45903
82357237,45898
82371952,45890
82379566,45894
82388072,45894
82395715,45900
82403576,45906
82411212,45899
82419053,45900
82426694,45902
82434600,45907
82442219,45914
82450103,45914
82457682,45910
82465587,45915
82472492,45920
82480089,45925
82487921,45966
82495510,45966
82503329,45963
82510977,45959
82518806,45958
82526445,45948
82534279,45953
82541946,45948
82549788,45948
82557370,45938
82565162,45933
82572772,45938
82580649,45940
82587515,45932
82595694,45927
82610536,45681
82618114,45670
82625944,45662
82633547,45657
82641454,45654
82649084,45641
82656932,45642
82664560,45640
82672434,45628
82680072,45621
82687885,45624
82695540,45613
82703409,45612
82711066,45603
82718901,45602
82726505,45471
82734376,45466
82742032,45466
82749835,45459
82756709,45455
82764346,45461
82771218,45461
82779129,45455
82786758,45449
82794656,45440
82802278,45446
82810716,45440
82818339,45444
82826155,45443
82833030,45441
82840649,45442
82848513,45428
82856120,45422
82863957,45429
82871621,45423
82879491,45423
82887095,45423
82894902,45422
82902498,45429
82910404,45428
82918070,45432
82925875,45418
82933512,45422
82941329,45435
82948966,45425
82956755,45427
82971224,45463
82979083,45470
82986707,45427
82994558,45465
83002127,45468
83009963,45470
83018148,45476
83025957,45473
83033557,45470
83041423,45476
83049027,45478
83056825,45474
83063659,45475
83071286,45477
83079115,45485
83086707,45580
83101202,45585
83108925,45589
83115817,45591
83123709,45585
83130562,45595
83138125,45601
83145991,45597
83153615,45608
83161458,45602
83169040,45599
83176906,45607
83184544,45608
83191430,45616
83199246,45617
83206884,45710
83214789,45695
83222401,45703
83230276,45706
83237760,45637
83245372,45716
83253208,45714
83260842,45703
83268672,45712
83276319,45712
83284203,45719
83291854,45715
83299678,45713
83307318,45721
83315195,45717
83329672,45645
83337547,45625
83345141,45640
83352959,45637
83360599,45636
83367438,45645
83375280,45647
83382947,45649
83390805,45653
83398481,45645
83406334,45644
83413945,45653
83421780,45657
83429354,45655
83437194,45643
83445445,45705
83453325,45712
83460966,45727
83468807,45725
83475682,45723
83483311,45726
83491157,45732
83498750,45734
83506621,45725
83514205,45733
83522036,45743
83529635,45734
83537520,45735
83545169,45740
83552024,45741
83559803,45735
83567376,45802
83575198,45801
83582866,45803
83590681,45807
83598251,45811
83606089,45821
83613732,45814
83621580,45825
83629100,45828
83636916,45819
83644547,45827
83653047,45830
83659921,45831
83667524,45831
83675357,45836
83689838,45875
83697672,45879
83705289,45883
83713157,45874
83720773,45872
83728651,45875
83736235,45873
83744108,45870
83751689,45870
83759522,45875
83767116,45881
83774942,45880
83782603,45880
83789499,45878
83797343,45880
83804991,45856
83812844,45849
83820454,45862
83828312,45873
83835962,45865
83843804,45872
83850667,45868
83858234,45863
83866671,45866
83874282,45863
83882156,45865
83889756,45865
83897632,45862
83905203,45861
83913046,45860
83927575,45894
83935462,45902
83943093,45899
83950949,45901
83958558,45907
83966439,45908
83974042,45903
83981881,45905
83989501,45909
83997320,45910
84004978,45911
84012728,45925
84019588,45916
84027092,45924
84034895,45924
84042531,45974
84050440,45987
84058022,45983
84065733,45990
84074006,45990
84081840,45995
84088722,45989
84096343,45990
84104169,45990
84111802,45991
84119670,45990
84127253,45993
84135161,46000
84142740,45997
84150603,46004
84158159,46011
84166000,46112
84173626,46113
84181531,46113
84189098,46118
84196945,46118
84203796,46118
84211382,46125
84219204,46118
84226796,46131
84234618,46121
84242207,46125
84250022,46125
84256889,46126
84264481,46122
84271369,46129
84279217,46132
84287446,46176
84295261,46175
84302882,46173
84310815,46177
84318400,46178
84325261,46181
84339746,46180
84347659,46184
84355362,46184
84363226,46192
84370873,46198
84378715,46189
84385634,46189
84393237,46189
84407913,46221
84415575,46216
84423427,46211
84431054,46200
84438860,46206
84446510,46207
84454374,46197
84462036,46204
84469846,46200
84477480,46193
84485293,46194
84492169,46194
84500363,46189
84508195,46186
84515862,46186
84523700,46134
84531336,46129
84539252,46136
84546928,46140
84554728,46136
84562361,46137
84569234,46138
84577138,46134
84584798,46134
84592662,46138
84600257,46149
84608148,46133
84615776,46133
84622667,46140
84630544,46140
84638121,46147
84645966,46152
84653594,46138
84661478,46140
84669079,46142
84676927,46144
84684553,46144
84692378,46133
84700007,46139
84708529,46140
84716130,46143
84723957,46136
84730818,46137
84738400,46145
84746259,46139
84753884,46141
84768597,46127
84776155,46129
84784002,46124
84791645,46123
84799522,46128
84807106,46130
84814954,46131
84822555,46141
84830450,46128
84838086,46137
84845936,46139
84853570,46133
84861466,46135
84869031,46128
84876899,46142
84884535,46159
84892419,46167
84900031,46173
84907893,46165
84916018,46168
84922910,46161
84929767,46158
84937645,46161
84945255,46164
84953127,46164
84960710,46163
84968582,46167
84976118,46162
84983950,46161
84991589,46158
85006321,46150
85013945,46159
85021738,46154
85029365,46162
85037266,46164
85044135,46159
85051722,46160
85059649,46163
85067316,46161
85075189,46165
85082817,46164
85089705,46166
85097584,46176
85105158,46178
85113023,46165
85120647,46198
85129175,46199
85136852,46200
85144710,46206
85152302,46195
85160134,46198
85167719,46205
85175603,46199
85183172,46198
85191027,46205
85198694,46197
85206573,46201
85214201,46207
85221107,46212
85228975,46204
85236566,46216
85244469,46203
85252069,46197
85259904,46201
85267538,46197
85275375,46199
85282992,46196
85289835,46199
85297665,46206
85305215,46197
85313097,46200
85320717,46190
85328601,46207
85336768,46200
85344678,46200
85352238,46211
85366938,46235
85374570,46236
85382422,46239
85390070,46237
85397878,46229
85405543,46236
85413385,46238
85421051,46239
85428904,46230
85436508,46231
85444418,46234
85451341,46234
85458986,46224
85466806,46224
85474465,46221
85482307,46096
85489937,46094
85497760,46101
85505377,46094
85513211,46087
85520851,46091
85527754,46086
85535615,46080
85543195,46076
85551690,46074
85559267,46065
85566134,46074
85573998,46073
85588263,46072
85603087,45995
85610762,45997
85618633,45990
85626190,45994
85634000,45999
85640900,45998
85648549,45996
85656428,46001
85664068,45990
85671898,45995
85679553,45987
85687350,45990
85694976,45989
85701851,45985
85709674,45995
85717310,45937
85725210,45933
85732866,45929
85740714,45927
85748294,45921
85756104,45930
85763621,45920
85771493,45923
85779097,45924
85786958,45924
85794558,45920
85801449,45922
85809311,45922
85816998,45923
85824810,45916
85832399,45919
85840248,45913
85847906,45902
85855697,45909
85863322,45909
85871154,45906
85878034,45912
85885654,45910
85893513,45911
85901126,45908
85908932,45903
85916583,45914
85924433,45910
85932068,45909
85939941,45911
85947568,45907
85955390,45907
85963045,45900
85970904,45899
85979077,45901
85986887,45897
85994494,45903
86002343,45902
86009249,45906
86016883,45901
86024692,45908
86032314,45908
86040147,45907
86047749,45912
86055632,45907
86062527,45906
86070105,45913
86077938,45935
86085555,45942
86093341,45933
86100978,45936
86108775,45937
86116400,45927
86124302,45940
86131966,45938
86139776,45939
86147377,45934
86155195,45941
86162062,45936
86169670,45933
86177554,45936
86185818,45934
86193658,45932
86201256,45944
86209076,45936
86216676,45935
86224568,45938
86232148,45927
86239970,45936
86246851,45932
86254424,45932
86262274,45933
86269924,45930
86277761,45936
86285355,45941
86293217,45935
86300090,45942
86307682,45940
86322482,45964
86330080,45961
86337917,45963
86345535,45962
86353372,45961
86361025,45967
86368856,45955
86376481,45967
86384337,45971
86392646,45965
86399546,45973
86407391,45965
86415026,45958
86422822,45962
86437355,45980
86445234,45975
86452866,45977
86460716,45974
86468323,45969
86476189,45972
86483809,45976
86491636,45964
86499224,45959
86507051,45968
86514660,45955
86522578,45957
86530154,45950
86538022,45951
86545633,45950
86553445,45794
86561035,45788
86568834,45787
86576428,45788
86584256,45779
86591879,45784
86599761,45771
86607298,45763
86614892,45764
86622673,45769
86630280,45757
86637099,45762
86644962,45752
86652607,45755
86660448,45747
86668103,45751
86675940,45677
86683550,45672
86691448,45679
86699056,45674
86706851,45662
86714478,45674
86722324,45669
86729279,45660
86736940,45660
86744728,45658
86752339,45650
86760149,45655
86767752,45652
86775665,45645
86782568,45650
86797118,45519
86804996,45519
86813237,45516
86821128,45515
86835384,45517
86842356,45513
86850263,45501
86857891,45493
86865830,45495
86872702,45498
86880305,45495
86888098,45504
86895739,45495
86903653,45496
86911219,45485
86919055,45480
86926692,45486
86934559,45480
86942151,45481
86949974,45486
86957601,45480
86965473,45481
86973106,45483
86980922,45484
86988564,45486
86996412,45481
87004090,45487
87011921,45489
87018756,45486
87033838,45470
87041684,45475
87049262,45476
87057122,45474
87064798,45472
87072667,45475
87080234,45471
87088080,45472
87095663,45478
87103574,45486
87111207,45486
87119040,45484
87126661,45474
87134565,45482
87142185,45483
87149972,45550
87157595,45547
87165412,45546
87173011,45557
87180820,45545
87188407,45552
87196252,45555
87203132,45549
87210774,45564
87218660,45563
87226173,45566
87233056,45569
87241521,45567
87249116,45573
87256937,45575
87264568,45577
87272401,45625
87280093,45614
87287923,45619
87295528,45621
87303324,45624
87311002,45619
87318810,45630
87326396,45631
87333251,45630
87341121,45636
87348741,45631
87356617,45632
87364190,45634
87372062,45633
87378998,45637
87393539,45703
87401305,45704
87408954,45703
87416818,45720
87424392,45718
87432257,45714
87439916,45722
87447713,45722
87455265,45724
87462926,45723
87470809,45727
87478435,45727
87486310,45729
87493900,45734
87501756,45744
87509359,45745
87517199,45747
87524798,45743
87532655,45748
87540221,45743
87548022,45736
87555608,45742
87563501,45739
87570366,45739
87578034,45732
87585868,45731
87592742,45741
87600333,45736
87608245,45734
87615825,45737
87623672,45743
87631274,45876
87639105,45883
87646737,45890
87654601,45895
87662885,45899
87670700,45910
87678262,45908
87685136,45917
87691984,45915
87699843,45928
87707489,45927
87715360,45939
87723014,45943
87730866,45949
87738502,45951
87746338,45951
87753968,46062
87761778,46071
87769390,46065
87777245,46069
87784906,46071
87792737,46067
87800372,46070
87807253,46078
87815132,46077
87822706,46080
87830587,46073
87838129,46070
87845973,46076
87853593,46068
87861419,46061
87876799,46048
87884396,46054
87892249,46054
87899898,46055
87907726,46059
87915381,46053
87923255,46060
87930835,46063
87938745,46065
87946333,46057
87953176,46065
87960986,46061
87968583,46064
87976479,46075
87983339,46065
87991012,46137
87998842,46141
88006482,46143
88014298,46143
88021911,46143
88029763,46156
88037401,46150
88045245,46157
88052822,46157
88060664,46156
88075104,46167
88082764,46165
88091302,46166
88098190,46174
88112686,46352
88120608,46356
88128243,46350
88136090,46362
88143744,46365
88151588,46375
88159121,46383
88165973,46384
88173744,46384
88181342,46402
88188241,46407
88196084,46410
88203676,46413
88211574,46422
88218401,46428
88232908,46618
88240844,46625
88248442,46625
88256319,46641
88263939,46637
88271792,46637
88279411,46652
88286272,46650
88293097,46661
88301568,46663
88308397,46673
88316066,46678
88323977,46675
88331615,46684
88339500,46684
88347157,46787
88355029,46784
88362610,46794
88370465,46791
88378133,46791
88385973,46791
88393619,46789
88401484,46792
88408353,46799
88416031,46804
88422898,46800
88430751,46804
88438317,46811
88446192,46809
88453786,46812
88461726,46817
88469310,46785
88477173,46772
88484756,46771
88492618,46769
88500213,46770
88508625,46764
88516166,46753
88523960,46748
88531576,46744
88539394,46729
88547040,46726
88554842,46711
88562498,46703
88570368,46690
88577254,46677
88591723,46374
88599631,46364
88607285,46351
88615124,46339
88622744,46336
88630623,46325
88638228,46308
88646093,46304
88653729,46292
88661601,46277
88669206,46271
88677053,46259
88684684,46250
88692503,46247
88700097,46237
88707899,46051
88716028,46044
88723849,46040
88731483,46048
88739297,46036
88746943,46038
88754785,46025
88761632,46029
88769220,46020
88777061,46020
88783881,46020
88791505,46016
88799360,46012
88807038,46010
88814869,46009
88822493,46009
88830329,45949
88837949,45948
88845771,45938
88853380,45947
88861234,45944
88868832,45939
88876716,45945
88884314,45951
88892146,45953
88899011,45943
88906614,45942
88914429,45942
88922048,45938
88930538,45939
88937398,45940
88945052,45948
88952862,45945
88960497,45944
88968379,45944
88976034,45936
88983910,45941
88991579,45931
88999427,45934
89007106,45930
89014940,45935
89022555,45931
89030349,45922
89038002,45932
89045859,45933
89053491,45935
89068206,45925
89075813,45927
89083661,45926
89091210,45934
89099049,45935
89106690,45929
89114596,45934
89122206,45941
89130026,45937
89137432,45938
89145113,45933
89152898,45938
89160510,45942
89168321,45948
89175983,45941
89183861,45960
89191490,45956
89199343,45959
89206949,45961
89214766,45950
89222340,45965
89230187,45959
89237831,45954
89244715,45960
89252596,45967
89258812,45959
89266448,45961
89274291,45953
89281906,45954
89289736,45953
89297337,45956
89305163,45942
89319644,45938
89327241,45944
89335118,45937
89342757,45931
89351220,45934
89358108,45948
89365751,45933
89371915,45936
89379577,45944
89387519,45933
89395144,45927
89402993,45933
89410616,45935
89417458,45934
89425243,45947
89432843,45946
89440710,45950
89448364,45945
89456214,45942
89463791,45945
89471734,45945
89478631,45953
89486224,45949
89492356,45948
89499964,45945
89507775,45947
89515413,45949
89523274,45946
89530860,45947
89537739,45951
89552532,45832
89560161,45827
89568629,45822
89576207,45815
89584040,45807
89591667,45805
89598534,45795
89606368,45786
89613288,45783
89620928,45781
89628789,45773
89636378,45789
89644204,45772
89651852,45767
89659680,45763
89667305,45601
89675123,45595
89682752,45589
89690578,45596
89698183,45585
89706015,45587
89713630,45580
89721466,45575
89728350,45570
89735969,45572
89743763,45557
89751391,45556
89759272,45556
89766909,45554
89775410,45550
89789942,45533
89797756,45532
89805404,45531
89813251,45531
89820838,45528
89828723,45536
89835523,45530
89843152,45530
89849989,45527
89857807,45535
89865420,45525
89873287,45516
89880919,45515
89888747,45508
89896350,45503
89904193,45420
89911826,45414
89919684,45420
89927203,45413
89935059,45407
89942685,45411
89950544,45411
89958174,45408
89965978,45403
89972801,45409
89980396,45408
89988782,45405
89996354,45411
90004219,45411
90011833,45412
90018741,45409
90026626,45414
90034202,45409
90042024,45410
90049645,45416
90057495,45411
90065118,45409
90072938,45420
90080564,45414
90088415,45410
90096003,45411
90103866,45409
90111465,45408
90119392,45409
90127031,45419
90134870,45415
90149331,45434
90157164,45450
90164825,45445
90172693,45452
90180312,45453
90188172,45450
90195778,45455
90203708,45455
90210565,45452
90218158,45461
90225958,45463
90233610,45456
90241456,45462
90249104,45464
90256925,45458
90264582,45464
90272451,45467
90280107,45473
90287904,45465
90295486,45471
90303308,45475
90310936,45476
90318763,45476
90326368,45475
90334209,45481
90341825,45481
90349682,45480
90357305,45488
90365166,45490
90372797,45486
90379695,45488
90387561,45578
90395136,45577
90403558,45582
90411152,45582
90418978,45578
90426595,45586
90434437,45586
90442064,45597
90448951,45601
90456779,45596
90464415,45594
90472263,45599
90479871,45597
90487717,45601
90495277,45597
90509968,45480
90517600,45463
90525440,45448
90533086,45428
90540921,45414
90548544,45396
90563013,45383
90569893,45375
90577553,45355
90585422,45336
90593087,45327
90600919,45320
90608561,45301
90615454,45297
90623830,44938
90631456,45273
90639245,44927
90646859,44926
90654770,44929
90662397,44932
90670227,44924
90677817,44914
90684738,44902
90692609,44892
90700182,44883
90707991,44876
90715660,44869
90723511,44860
90731180,44843
90745918,44699
90753550,44700
90761379,44703
90769053,44702
90776882,44703
90784462,44703
90792289,44692
90799887,44678
90807722,44670
90815387,44661
90823222,44645
90831374,44635
90839195,44638
90846791,44626
90853640,44624
90861526,44631
90869157,44629
90877003,44633
90884606,44626
90892447,44636
90900067,44632
90907906,44629
90914768,44632
90922383,44638
90930257,44634
90937864,44641
90945755,44636
90953343,44632
90961190,44636
90968807,44641
90976649,44639
90984242,44805
90992101,44813
90999714,44808
91007646,44824
91015226,44828
91023031,44831
91030635,44835
91039136,44854
91046016,44854
91053639,44860
91061541,44864
91069211,44876
91077102,44879
91084706,44890
91092543,44889
91100148,45033
91107975,45041
91115639,45038
91123507,45049
91131146,45053
91139037,45057
91146674,45063
91153534,45063
91161363,45068
91168963,45070
91175802,45070
91183682,45082
91191245,45083
91199156,45078
91206764,45079
91214644,45094
91222242,45149
91230064,45150
91237637,45150
91245513,45154
91253803,45156
91261693,45156
91269259,45155
91277083,45155
91284732,45161
91292603,45160
91300183,45156
91307970,45159
91315620,45155
91323520,45161
91331165,45157
91344888,45185
91352718,45192
91360293,45196
91368111,45198
91375719,45199
91383624,45207
91391199,45202
91399060,45207
91406710,45210
91414651,45218
91422191,45221
91430028,45228
91437661,45229
91445516,45226
91453148,45226
91461606,45309
91469223,45314
91477056,45314
91484706,45321
91492515,45319
91500151,45319
91508011,45324
91514915,45333
91521730,45342
91529316,45338
91537153,45333
91544768,45334
91552675,45337
91560221,45336
91568080,45333
91574958,45338
91582568,45290
91590420,45278
91598081,45274
91605860,45280
91613469,45273
91621310,45273
91628967,45274
91636801,45279
91644451,45269
91652278,45273
91659979,45270
91668473,45279
91676120,45276
91683873,45272
91691452,45278
91706135,45278
91713743,45274
91721641,45281
91729232,45284
91737113,45279
91744732,45281
91751605,45281
91758488,45285
91766339,45294
91773944,45282
91781788,45281
91789383,45296
91797245,45290
91811538,45294
91819450,45317
91827108,45320
91834893,45321
91842541,45318
91850382,45317
91858024,45317
91865851,45311
91872725,45310
91880372,45320
91888820,45316
91896436,45317
91903283,45312
91911071,45316
91918715,45318
91926584,45313
91941104,45335
91948969,45338
91956582,45337
91964401,45337
91972052,45347
91979819,45339
91987427,45341
91995298,45341
92002903,45338
92010764,45334
92018329,45338
92026121,45334
92033788,45338
92041631,45337
92049289,45337
92057146,45285
92064809,45279
92072735,45282
92080343,45280
92088208,45269
92096419,45278
92104300,45272
92110396,45280
92118063,45280
92125895,45281
92133549,45275
92141403,45276
92149061,45276
92156861,45286
92164434,45281
92171260,45282
92179096,45360
92186730,45361
92194562,45361
92202163,45366
92209983,45361
92217597,45358
92225466,45367
92233138,45366
92240965,45374
92248614,45368
92256428,45371
92264101,45376
92271898,45367
92279546,45378
92287405,45371
92302469,45363
92310327,45363
92317975,45364
92325803,45371
92333376,45368
92341271,45361
92348156,45362
92355792,45373
92363646,45369
92371284,45361
92379113,45364
92386778,45359
92394652,45362
92402306,45370
92410149,45365
92417772,45444
92425651,45440
92433225,45442
92441028,45442
92448683,45445
92456539,45453
92464199,45449
92471036,45461
92478884,45459
92486521,45467
92494353,45462
92501959,45459
92509816,45463
92518099,45468
92525917,45467
92532755,45509
92540317,45514
92548152,45519
92555752,45517
92563590,45519
92571216,45510
92579046,45517
92586694,45514
92594567,45516
92602164,45512
92610004,45515
92617599,45513
92625416,45509
92633076,45509
92640846,45500
92648432,45496
92656265,45349
92663847,45351
92671761,45347
92679351,45352
92687166,45339
92694757,45336
92702638,45339
92708761,45335
92716347,45318
92724796,45333
92732394,45315
92740301,45307
92747927,45316
92755773,45298
92763390,45297
92770224,45294
92778049,45178
92785677,45179
92793519,45180
92801177,45181
92808977,45189
92816554,45194
92824410,45189
92832059,45189
92839876,45198
92847476,45193
92855295,45197
92862919,45202
92870737,45209
92878286,45198
92886108,45198
92900559,45139
92908421,45141
92916080,45134
92923904,45142
92932137,45136
92939915,45137
92946796,45125
92954388,45128
92962263,45128
92969886,45110
92977776,45128
92985381,45122
92993209,45119
93000873,45121
93008713,45119
93016293,45076
93024087,45070
93031743,45070
93039654,45075
93054133,45061
93061082,45067
93067994,45055
93075644,45104
93083474,45063
93091117,45056
93098901,45048
93106491,45043
93113369,45052
93121280,45052
93128166,45055
93135763,45033
93143695,45054
93151975,45024
93159799,45028
93167372,45021
93175229,45013
93182850,45013
93190797,45005
93198469,45001
93206373,45004
93213993,45005
93221839,45002
93229475,45005
93237316,45005
93244983,45001
93252832,45084
93260415,45083
93268336,45081
93276001,45077
93283871,45067
93291477,45065
93298337,45069
93305233,45067
93313101,45069
93320744,45065
93328657,45069
93336233,45065
93344073,45061
93351690,45052
93360168,45063
93367099,45064
93374769,45039
93382676,45037
93390270,45023
93398154,45029
93405829,45032
93413746,45031
93421351,45028
93429212,45030
93436852,45028
93444717,45028
93452280,45029
93460104,45029
93467733,45038
93474647,45036
93482458,45028
93490103,45028
93497879,45085
93505489,45090
93513392,45090
93521030,45101
93528924,45096
93536602,45104
93543508,45105
93551306,45108
93558907,45110
93567448,45119
93575100,45120
93583009,45123
93590684,45122
93598590,45120
93605535,45122
93620060,45189
93627846,45183
93635465,45182
93643333,45179
93650922,45183
93658816,45176
93666444,45173
93674323,45164
93681922,45153
93689762,45148
93697352,45140
93705184,45133
93712794,45118
93720660,45111
93728261,45106
93736115,44782
93743721,44773
93751578,44769
93759194,44772
93767026,44779
93775138,44792
93782044,44786
93789845,44779
93797496,44782
93805339,44774
93812952,44772
93820806,44762
93828428,44762
93836267,44756
93843880,44763
93858683,44813
93866318,44809
93874158,44809
93881759,44814
93889625,44806
93897234,44806
93905078,44802
93912697,44795
93920569,44806
93928223,44802
93936138,44809
93943772,44812
93951661,44809
93958459,44816
93966122,44818
93973933,44811
93981615,44810
93989986,44803
93997621,44811
94005423,44801
94013013,44807
94020847,44803
94028462,44807
94036372,44815
94043993,44816
94051839,44808
94059437,44807
94067259,44804
94074888,44794
94082749,44795
94089650,44798
94097194,44566
94104960,44565
94112588,44555
94120452,44566
94128115,44569
94135918,44558
94142777,44567
94150337,44567
94158148,44568
94165779,44557
94173682,44546
94181304,44545
94189167,44528
94197413,44514
94204275,44491
94219026,44598
94226671,44603
94234515,44615
94242129,44624
94249959,44640
94257589,44642
94265436,44634
94273116,44631
94280897,44626
94295096,44621
94302938,44623
94310610,44619
94318468,44613
94333012,44761
94340830,44765
94348423,44768
94356246,44769
94363899,44779
94371766,44793
94378630,44797
94386283,44805
94394088,44805
94401704,44806
94409598,44808
94417864,44809
94425731,44809
94433358,44803
94441233,44806
94448845,44838
94456786,44830
94464405,44843
94472301,44818
94479906,44812
94487745,44818
94494619,44814
94501496,44794
94509139,44798
94516992,44790
94524625,44766
94532458,44766
94540104,44762
94547915,44740
94554772,44728
94561702,44724
94576410,44702
94584044,44712
94591840,44728
94599477,44731
94607329,44735
94614208,44736
94621053,44739
94629220,44744
94637057,44746
94644706,44750
94652593,44755
94660212,44759
94668044,44749
94674922,44747
94682502,44746
94690330,44509
94697934,44507
94705790,44496
94713412,44492
94721258,44476
94728889,44467
94736774,44462
94744347,44442
94752173,44441
94759803,44437
94767708,44436
94775226,44433
94783038,44423
94790655,44413
94798492,44406
94813040,44228
94820841,44226
94828431,44218
94836825,44213
94844414,44214
94851262,44204
94858139,44200
94865973,44199
94873575,44195
94881442,44197
94889090,44196
94896901,44196
94904506,44193
94912321,44187
94919943,44179
94927781,44081
94935426,44094
94943280,44097
94950920,44091
94958777,44084
94966393,44086
94973248,44085
94981081,44081
94988719,44075
94996594,44078
95004206,44073
95012025,44076
95019612,44082
95027427,44082
95035041,44089
95041839,44100
95049753,44115
95057335,44122
95065156,44135
95072815,44149
95080695,44159
95088327,44165
95096148,44164
95103767,44180
95111632,44188
95119268,44197
95127112,44198
95134756,44206
95142676,44197
95150259,44202
95157114,44199
95164915,44193
95172564,44286
95180404,44282
95188017,44279
95195834,44280
95203439,44283
95211312,44280
95218910,44274
95226807,44272
95234433,44265
95242260,44255
95250483,44257
95258394,44239
95266043,44229
95273932,44220
95280872,44203
95295598,44345
95303244,44349
95311086,44357
95318765,44365
95326643,44365
95333512,44376
95341127,44382
95348974,44397
95356551,44404
95364383,44419
95372001,44435
95379921,44439
95387568,44462
95395459,44472
95402344,44475
95409956,44816
95417806,44824
95425387,44828
95433210,44839
95440838,44842
95448730,44844
95455559,44852
95463871,44842
95471809,44830
95479386,44820
95487261,44816
95494845,44817
95502689,44814
95510299,44800
95517166,44793
95524989,44790
95539246,44747
95547147,44746
95554913,44753
95562802,44751
95569642,44744
95577240,44753
95585119,44761
95592756,44750
95600647,44761
95608250,44763
95616075,44763
95623682,44765
95631587,44768
95638446,44771
95653016,44675
95660845,44669
95668448,44671
95676313,44663
95684615,44663
95692421,44670
95700048,44657
95707840,44653
95715490,44646
95723371,44650
95731052,44644
95738847,44638
95746445,44639
95753255,44629
95761069,44616
95768694,44491
95776519,44493
95784145,44489
95791946,44494
95799551,44483
95806460,44496
95814353,44499
95821998,44500
95829819,44497
95837374,44495
95845237,44494
95852848,44495
95860740,44500
95868323,44483
95876217,44494
95883848,44482
95892308,44371
95899902,44373
95907787,44370
95915411,44371
95923282,44365
95930145,44356
95937778,44366
95945633,44357
95953214,44352
95960998,44350
95968656,44349
95976521,44333
95984172,44337
95991965,44330
95999571,44327
96014324,44253
96021906,44250
96029791,44244
96037326,44239
96045148,44234
96052783,44232
96060636,44229
96068195,44221
96076032,44228
96083683,44232
96091491,44230
96099754,44232
96107625,44223
96114481,44231
96122152,44236
96129951,44242
96137571,44246
96145433,44250
96153046,44243
96160864,44256
96168449,44249
96176315,44249
96183891,44258
96191807,44263
96199431,44255
96207296,44259
96214895,44258
96222792,44262
96230387,44262
96238245,44252
96252046,44276
96259933,44282
96267534,44282
96275425,44287
96282287,44291
96289921,44293
96297791,44303
96306000,44315
96313855,44327
96321451,44327
96329323,44335
96336948,44343
96344816,44344
96352444,44357
96360275,44360
96367890,44450
96375771,44455
96383383,44464
96391266,44474
96398867,44473
96406727,44478
96413548,44485
96421179,44496
96428963,44502
96436560,44499
96444403,44510
96452042,44513
96459866,44513
96467501,44520
96474364,44518
96482207,44533
96489807,44641
96497698,44636
96505268,44645
96513085,44640
96520617,44639
96528283,44641
96536142,44646
96543773,44647
96551624,44636
96559213,44641
96567034,44636
96574642,44641
96582491,44637
96590169,44640
96597980,44633
96612398,44651
96620202,44641
96627774,44643
96635620,44653
96643239,44651
96651061,44649
96658673,44671
96666474,44658
96674134,44670
96681958,44675
96689516,44686
96697383,44685
96705026,44695
96712878,44690
96720483,44699
96728894,44634
96736512,44624
96744358,44640
96751925,44634
96758808,44624
96766662,44623
96773505,44617
96788025,44618
96795695,44613
96803637,44617
96811261,44620
96819091,44617
96826733,44606
96833630,44594
96848337,44495
96855949,44494
96863866,44489
96871504,44502
96879354,44498
96886968,44489
96894802,44492
96902370,44501
96910227,44504
96917842,44503
96925733,44496
96933327,44499
96941768,44498
96948648,44502
96956229,44497
96964054,44408
96970893,44404
96978538,44403
96986399,44394
96994037,44392
97001896,44386
97008770,44384
97016336,44375
97024171,44375
97031787,44370
97039703,44359
97047327,44359
97055154,44352
97062799,44362
97069648,44357
97077498,44357
97085151,44257
97091974,44259
97099801,44261
97107404,44269
97115231,44269
97122869,44263
97129746,44269
97137607,44261
97145241,44258
97153681,44257
97161266,44260
97169100,44256
97176717,44257
97184586,44250
97192238,44248
97200103,44251
97207713,44216
97215523,44221
97223175,44215
97230909,44227
97237774,44218
97244619,44221
97252255,44221
97260066,44225
97267692,44227
97275535,44220
97283134,44211
97290924,44219
97298523,44216
97306402,44225
97314039,44229
97321845,44231
97329436,44339
97337362,44340
97344973,44345
97352802,44350
97360901,44351
97368806,44358
97376426,44358
97384289,44361
97391872,44371
97399752,44369
97407314,44367
97415140,44375
97422765,44376
97429625,44378
97437480,44384
97452043,44486
97459896,44488
97467516,44482
97475360,44494
97482969,44496
97490857,44495
97498432,44501
97506306,44510
97513915,44510
97521822,44513
97529430,44524
97537307,44524
97544894,44521
97552754,44541
97560315,44541
97568161,44652
97575599,44652
97583259,44654
97591092,44665
97597983,44667
97605661,44675
97613490,44670
97621143,44660
97628931,44681
97636527,44674
97644420,44685
97652053,44684
97659864,44680
97667443,44675
97675291,44680
97689799,44769
97696688,44777
97704506,44774
97712177,44788
97719965,44785
97726844,44788
97734427,44795
97742267,44789
97749852,44797
97757708,44802
97765314,44807
97773126,44804
97781236,44806
97789099,44823
97796749,44818
97811408,44748
97819045,44736
97826876,44740
97834505,44729
97842364,44726
97849955,44711
97857817,44698
97865350,44691
97873176,44681
97880796,44677
97888605,44678
97896235,44673
97904107,44668
97910987,44650
97918626,44659
97926489,44697
97934157,44697
97942005,44703
97949594,44711
97956470,44713
97964260,44707
97971921,44713
97979813,44725
97987404,44716
97995832,44720
98003420,44717
98011232,44724
98018810,44726
98033316,44728
98041245,44799
98048871,44794
98055804,44806
98063751,44800
98070654,44809
98078272,44809
98085092,44817
98092871,44820
98100493,44828
98108314,44825
98115896,44829
98123736,44835
98131360,44833
98139242,44833
98146869,44840
98154727,44833
98169158,44789
98176946,44792
98184576,44785
98191470,44780
98199311,44776
98206184,44769
98214325,44763
98222138,44762
98229744,44764
98237631,44754
98245270,44759
98253076,44761
98260687,44750
98268534,44769
98276168,44754
98283952,44773
98291530,44763
98299369,44761
98306244,44764
98313852,44758
98320758,44760
98328625,44754
98336231,44750
98344023,44756
98351637,44747
98359467,44745
98367135,44751
98374905,44737
98382516,44740
98390374,44737
98397983,44737
98405826,44840
98413448,44733
98421950,44851
98429560,44855
98437387,44861
98444991,44875
98452883,44887
98460506,44896
98468373,44899
98476044,44900
98483879,44907
98491465,44916
98499322,44928
98506942,44927
98513873,44936
98528629,45039
98536269,45048
98544106,45051
98551722,45054
98559616,45062
98567244,45064
98575012,45067
98582655,45077
98590491,45076
98598150,45076
98606000,45086
98613634,45087
98621472,45086
98629692,45100
98644522,45219
98652159,45221
98660000,45221
98666850,45221
98674465,45223
98681288,45227
98689150,45241
98696758,45239
98704608,45238
98712243,45246
98720047,45246
98727659,45238
98735505,45249
98743165,45250
98750984,45249
98765461,45224
98773307,45228
98780942,45224
98788841,45220
98796402,45229
98804242,45229
98811888,45217
98819737,45224
98827308,45230
98835154,45216
98843349,45217
98851185,45220
98858836,45205
98866725,45208
98880445,45042
98888093,45040
98895910,45040
98903494,45038
98911359,45033
98918971,45034
98926838,45034
98934436,45019
98942246,45016
98949843,45013
98957720,44999
98965280,45007
98973072,44999
98980685,44998
98988501,45001
98996162,44935
99004022,44932
99011599,44935
99019412,44927
99026246,44930
99033836,44929
99041658,44925
99049973,44920
99057861,44919
99065473,44924
99073313,44924
99080940,44919
99088808,44925
99096342,44922
99104144,44917
99118668,44847
99126502,44845
99134159,44848
99141992,44838
99149596,44841
99157425,44839
99164286,44826
99171889,44824
99179730,44819
99187330,44819
99195178,44820
99202821,44824
99210673,44820
99218268,44810
99226119,44794
99233734,44693
99241571,44684
99249216,44688
99257655,44689
99271156,44681
99278021,44669
99285918,44680
99293569,44668
99301462,44662
99309122,44664
99316975,44653
99324572,44653
99332438,44653
99340139,44648
99354841,44547
99362378,44551
99370204,44546
99377833,44542
99385732,44552
99392586,44549
99400241,44540
99408055,44547
99415666,44541
99423493,44545
99431122,44543
99438912,44540
99446570,44537
99454401,44534
99462015,44533
99469858,44471
99478164,44474
99485925,44471
99493520,44465
99500356,44458
99508216,44466
99515823,44464
99523688,44462
99531300,44464
99539166,44460
99546822,44449
99554698,44453
99562274,44452
99570157,44459
99577765,44451
99585663,44453
99593291,44497
99601131,44501
99608748,44501
99615601,44504
99623470,44499
99631109,44517
99637965,44513
99645814,44520
99653442,44519
99661254,44520
99668928,44525
99676828,44514
99685059,44526
99692914,44537
99700516,44533
99708378,44683
99715973,44681
99723846,44681
99731403,44687
99739257,44685
99746873,44690
99753809,44689
99761663,44701
99769300,44700
99777098,44705
99784702,44711
99792542,44713
99800228,44713
99808056,44711
99815611,44711
99823445,44713
99831088,44675
99838902,44673
99846492,44667
99854332,44671
99861928,44673
99869841,44683
99877432,44681
99885258,44668
99893421,44668
99901243,44663
99908875,44663
99916759,44670
99924351,44663
99932179,44651
99939810,44641
99953607,44648
99961461,44644
99969072,44639
99975971,44638
99983843,44638
99991433,44634
99997543,44623
100005406,44624
100013058,44621
100020909,44604
100028486,44606
100036344,44601
100043990,44599
100051860,44593
100059486,44578
100073222,44496
100080998,44498
100088577,44484
100095466,44487
100103875,44481
100111451,44474
100119322,44469
100126950,44473
100134824,44472
100142366,44467
100150194,44465
100157792,44459
100165662,44461
100173286,44453
100181117,44445
100188740,44354
100196652,44362
100204280,44353
100211104,44356
100218921,44359
100226454,44362
100234253,44358
100241876,44357
100249767,44362
100257334,44368
100265138,44355
100272771,44359
100280560,44361
100288190,44356
100296003,44355
100303629,44351
100312128,44402
100319795,44407
100327695,44410
100335325,44414
100343179,44408
100350786,44416
100357684,44414
100365540,44427
100373196,44432
100380990,44430
100388593,44432
100396471,44432
100404122,44439
100411918,44440
100419544,44446
100433295,44460
100441131,44466
100448766,44463
100456592,44466
100464236,44460
100472081,44465
100478939,44462
100486539,44470
100494372,44464
100501978,44471
100516463,44476
100524356,44463
100532613,44478
100547409,44488
100555008,44502
100562866,44501
100569768,44504
100577362,44499
100585239,44494
100592153,44500
100599813,44496
100607744,44494
100615341,44501
100623138,44491
100630781,44481
100638593,44487
100646229,44492
100654104,44483
100661735,44488
100669539,44488
100677230,44491
100685063,44495
100692636,44493
100700503,44487
100708133,44492
100715014,44484
100722860,44491
100730448,44490
100738862,44490
100746436,44496
100754313,44488
100761913,44490
100769823,44487
100777390,44493
100784250,44353
100792112,44348
100799760,44354
100807629,44356
100815256,44340
100823083,44329
100830721,44332
100838571,44325
100846238,44320
100854043,44320
100861713,44314
100869543,44318
100877219,44305
100885055,44307
100892649,44304
100907350,44194
100914948,44190
100922824,44191
100930393,44186
100938244,44178
100946447,44175
100953337,44178
100961149,44176
100968709,44174
100976539,44168
100984197,44167
100992038,44169
100999639,44165
101007501,44159
101015133,44154
101022923,44099
101030535,44099
101038352,44094
101045229,44094
101052871,44097
101060758,44093
101068371,44088
101076214,44087
101083824,44089
101091663,44091
101099284,44097
101107121,44092
101114737,44088
101122552,44091
101130209,44098
101138055,44089
101144882,44088
101152456,44081
101160896,44083
101168483,44072
101176386,44077
101184033,44067
101191902,44069
101198783,44067
101206379,44061
101214178,44060
101221763,44060
101229592,44063
101237229,44064
101245048,44064
101252683,44056
101267419,44016
101275097,44017
101282947,44008
101290567,44013
101298360,44024
101305976,44010
101313860,44011
101321455,44013
101329272,44015
101336925,44010
101344795,44019
101352356,44014
101360155,44015
101368352,44018
101376207,44021
101383041,44065
101390691,44058
101398542,44056
101405441,44058
101413027,44061
101420884,44069
101428525,44068
101435382,44079
101442268,44076
101450121,44073
101457736,44074
101465599,44075
101473267,44068
101481096,44078
101488704,44071
101496543,44078
101510267,44090
101517928,44090
101524781,44096
101532679,44091
101540331,44093
101548175,44097
101555083,44097
101561926,44098
101569515,44102
101577394,44106
101585682,44105
101593545,44107
101601212,44101
101609030,44113
101616609,44114
101623438,44143
101631284,44151
101638938,44140
101646800,44147
101654408,44146
101662208,44154
101669844,44149
101677699,44141
101685315,44149
101693151,44152
101700773,44153
101708668,44151
101716305,44147
101724168,44153
101731817,44148
101738728,44144
101746537,43976
101760839,43968
101768759,43961
101776387,43951
101784237,43946
101791120,43943
101798569,43934
101806243,43936
101814131,43934
101821742,43931
101829585,43930
101837219,43922
101845103,43922
101852685,43920
101867335,43864
101874962,43860
101881879,43860
101889742,43872
101897313,43867
101905113,43863
101911974,43863
101918818,43866
101926360,43867
101934221,43864
101941847,43865
101949767,43861
101957376,43868
101965233,43862
101972886,43857
101987684,43817
101995296,43812
102003186,43820
102011377,43814
102019208,43809
102026816,43810
102034677,43806
102042318,43804
102050044,43794
102057744,43805
102065629,43800
102073263,43797
102081133,43791
102088734,43793
102103465,43787
102111097,43785
102117962,43789
102125850,43787
102133408,43787
102141255,43790
102148902,43785
102155767,43788
102163579,43787
102171247,43788
102179044,43787
102186657,43794
102194531,43796
102202235,43794
102210016,43793
102218201,43841
102226068,43837
102233680,43843
102241498,43848
102249139,43856
102256986,43851
102264616,43849
102270749,43851
102278604,43858
102286242,43860
102294037,43869
102301646,43869
102309517,43867
102317169,43863
102325043,43877
102332712,43877
102340589,43998
102348224,44007
102356067,44012
102363681,44014
102371532,44021
102379214,44027
102387003,44032
102394649,44036
102402491,44052
102410151,44057
102417966,44056
102426151,44061
102433959,44064
102441562,44075
102449440,44086
102463947,44347
102471873,44353
102478736,44372
102486296,44375
102494091,44375
102501687,44381
102509504,44391
102517109,44395
102524930,44394
102532523,44408
102540388,44406
102548013,44409
102555866,44414
102563433,44416
102571269,44411
102578858,44351
102586717,44346
102594340,44344
102602205,44339
102609835,44334
102617674,44336
102625333,44337
102633160,44341
102641354,44341
102649219,44339
102656865,44331
102664746,44330
102672324,44331
102680139,44323
102687725,44335
102701714,44303
102709321,44297
102716172,44291
102723994,44292
102731588,44293
102739423,44289
102747049,44282
102754883,44282
102762467,44271
102770368,44274
102777988,44274
102785910,44264
102793501,44265
102801377,44266
102809000,44253
102816844,44198
102824393,44197
102832224,44190
102839846,44192
102848328,44198
102855966,44195
102863833,44199
102870672,44198
102877554,44201
102885227,44207
102892995,44194
102900591,44201
102908493,44200
102916130,44192
102923955,44200
102931573,44206
102939491,44236
102947127,44235
102953969,44244
102961830,44235
102969466,44243
102977331,44249
102984957,44243
102992865,44239
103007299,44251
103014999,44253
103022894,44251
103030518,44251
103038355,44251
103046000,44247
103060575,44295
103068281,44292
103076095,44298
103083713,44310
103091505,44311
103099160,44313
103106025,44309
103113917,44318
103121509,44316
103129357,44320
103136958,44320
103144840,44320
103152416,44335
103160214,44335
103167829,44331
103175669,44388
103183315,44380
103190127,44381
103197961,44391
103205609,44404
103213469,44404
103221115,44403
103228963,44398
103236566,44405
103244472,44393
103252126,44388
103259925,44391
103268132,44391
103276000,44397
103283636,44394
103297614,44397
103305263,44393
103313144,44401
103320807,44397
103328706,44407
103336315,44403
103344144,44407
103351743,44405
103359563,44405
103367214,44408
103375070,44405
103382691,44409
103390533,44405
103398176,44404
103406002,44407
103413622,44497
103421463,44493
103428303,44495
103435921,44501
103443782,44494
103451366,44503
103459172,44501
103466053,44509
103473627,44505
103481976,44508
103489544,44508
103497393,44515
103504982,44510
103512869,44511
103520489,44515
103528315,44521
103535986,44661
103543874,44658
103551417,44666
103559266,44676
103566903,44677
103574817,44690
103582340,44693
103590176,44693
103597841,44684
103605745,44693
103613358,44691
103621152,44699
103628756,44707
103636568,44701
103644224,44699
103658154,44717
103665791,44693
103673694,44688
103681324,44689
103689818,44665
103697391,44664
103704252,44662
103712061,44654
103719707,44651
103727552,44648
103735158,44652
103743031,44644
103750622,44637
103758475,44624
103766107,44619
103773972,44509
103781557,44502
103788436,44497
103796277,44493
103803964,44492
103811833,44492
103819420,44489
103827257,44479
103834859,44475
103842695,44480
103850332,44480
103858116,44471
103865740,44478
103873605,44465
103881251,44483
103889077,44472
103896605,44554
103904267,44548
103912020,44550
103919648,44547
103927527,44550
103935179,44546
103942959,44544
103950587,44542
103958409,44544
103965272,44539
103972899,44547
103980757,44541
103988387,44547
103996209,44542
104003856,44536
104011731,44535
104019291,44537
104026131,44542
104033992,44543
104041576,44543
104049422,44546
104057053,44539
104064936,44538
104072572,44537
104080450,44536
104087285,44539
104094925,44545
104102812,44535
104111091,44528
104118963,44532
104126601,44530
104134482,44472
104142077,44473
104149898,44470
104157514,44457
104165357,44452
104172967,44449
104180834,44440
104187689,44434
104195344,44437
104203130,44424
104210723,44431
104218557,44426
104226175,44420
104234014,44424
104254682,44366
104261636,44365
104269319,44359
104277138,44367
104284777,44357
104292591,44360
104300251,44358
104308091,44360
104315801,44363
104324279,44364
104331925,44369
104339848,44361
104347439,44373
104355212,44369
104362854,44369
104370717,44413
104377592,44409
104385244,44411
104393041,44426
104400678,44420
104408553,44424
104416151,44428
104423030,44432
104430912,44435
104438529,44436
104446375,44429
104453975,44431
104461866,44442
104469431,44433
104477301,44431
104484933,44429
104492793,44495
104500419,44493
104508285,44507
104515929,44506
104523814,44501
104532125,44518
104539986,44516
104547569,44506
104555387,44509
104562244,44509
104569891,44513
104577754,44512
104585394,44502
104593243,44504
104600865,44508
104614904,44428
104622473,44415
104630310,44410
104637937,44409
104645831,44403
104653401,44397
104661257,44392
104668895,44391
104676826,44385
104683701,44368
104691340,44372
104699159,44364
104706739,44364
104714563,44351
104722247,44349
104730045,44103
104738209,44106
104746091,44103
104753730,44104
104761537,44096
104769191,44087
104777017,44078
104783910,44073
104791542,44068
104799433,44063
104807091,44060
104814937,44062
104822516,44053
104830349,44055
104837950,44048
104845824,44035
104853454,44024
104861309,44020
104868980,44021
104876833,44016
104884414,44024
104892236,44020
104899897,44020
104907825,44013
104915447,44015
104922307,44017
104930180,44018
104937816,44013
104945643,44016
104953891,44013
104961771,44020
104969377,44058
104975460,44054
104983295,44050
104990942,44057
104998828,44053
105006407,44060
105014267,44057
105021893,44071
105029757,44065
105037360,44065
105045191,44063
105052805,44066
105060668,44063
105068353,44063
105076180,44056
105083788,44055
105091628,44016
105099261,44023
105107085,44016
105114740,44013
105122587,44012
105130264,44011
105138161,44012
105145018,44017
105152651,44024
105161020,44023
105168633,44014
105176473,44025
105184170,44021
105191979,44027
105199623,44032
105213546,44118
105221116,44115
105228946,44116
105236607,44119
105244446,44136
105252036,44128
105259926,44129
105267484,44131
105275314,44137
105282152,44142
105289777,44140
105297606,44139
105305275,44132
105313099,44136
105320721,44145
105328563,44129
105335422,44133
105343022,44124
105350893,44132
105358446,44137
105366903,44142
105374473,44135
105382297,44129
105389922,44134
105397823,44137
105405406,44144
105413235,44132
105420825,44137
105428638,44141
105436296,44147
105444152,44147
105451739,44177
105459573,44188
105467219,44183
105475033,44182
105482623,44193
105497134,44197
105505048,44189
105512714,44196
105520585,44191
105528274,44194
105536122,44184
105543723,44194
105551553,44189
105559254,44183
105572358,44108
105580851,44107
105588436,44100
105596306,44098
105603943,44108
105611837,44105
105619416,44116
105627231,44107
105634849,44100
105641686,44101
105649539,44109
105657161,44106
105665008,44102
105672683,44103
105680513,44102
105688141,44058
105695961,44063
105703553,44066
105711396,44068
105718987,44067
105726825,44072
105734409,44072
105742262,44072
105749869,44063
105756684,44074
105764539,44068
105772197,44064
105780027,44075
105788215,44068
105796051,44066
105809903,44066
105817764,44057
105825337,44059
105833147,44062
105840784,44056
105848575,44068
105856253,44062
105864037,44055
105871663,44055
105878519,44055
105886347,44055
105893984,44049
105901866,44047
105909447,44046
105917301,44051
105924941,43982
105932834,43985
105940440,43982
105948281,43976
105955885,43974
105963754,43979
105971391,43979
105979230,43978
105986862,43981
105993750,43977
106002162,43974
106009765,43976
106017573,43982
106025177,43984
106033009,43982
106040579,43975
106047453,44076
106055284,44076
106062913,44071
106070786,44075
106078366,44086
106086193,44088
106093798,44085
106101630,44084
106108551,44089
106115472,44092
106123068,44092
106130914,44101
106138531,44093
106146340,44092
106153937,44103
106161838,44105
106169422,44068
106177279,44063
106184887,44062
106192786,44062
106200369,44058
106208826,44058
106216377,44045
106224210,44048
106231034,44047
106238679,44050
106246560,44060
106254167,44048
106262038,44047
106269638,44050
106277506,44052
106291983,44155
106299865,44156
106307484,44166
106315351,44164
106322978,44170
106330867,44175
106338437,44185
106346268,44182
106353900,44188
106361781,44192
106369390,44198
106377213,44195
106384876,44205
106392749,44208
106400362,44208
106407198,44172
106414075,44165
106422559,44157
106430168,44159
106438057,44154
106445675,44153
106453537,44156
106461191,44153
106469028,44157
106476625,44150
106484447,44149
106492062,44150
106499975,44155
106507584,44142
106515416,44149
106529942,44197
106537861,44205
106545455,44205
106553322,44198
106560966,44206
106568862,44204
106576487,44202
106584355,44198
106591994,44197
106599905,44193
106607436,44196
106615269,44204
106622872,44193
106631372,44193
106639024,44187
106645887,44154
106652766,44144
106660627,44162
106668283,44156
106676105,44141
106683702,44147
106691534,44146
106699178,44150
106707008,44153
106714622,44150
106722481,44139
106737037,44149
106744677,44147
106752566,44144
106766304,44180
106773920,44191
106781801,44145
106789434,44186
106797309,44188
106804970,44138
106812846,44195
106820470,44194
106827325,44197
106835128,44197
106843264,44205
106851171,44209
106858819,44208
106866676,44213
106874299,44218
106882159,44221
106888974,44219
106896566,44220
106904421,44227
106912044,44223
106919904,44224
106927509,44224
106935404,44222
106943028,44219
106950893,44219
106957796,44225
106965392,44230
106973194,44222
106980848,44227
106988693,44231
106996324,44224
107004090,44290
107011692,44291
107019564,44302
107027187,44300
107035024,44300
107042622,44308
107050468,44308
107058672,44314
107065574,44321
107073433,44320
107081080,44326
107088950,44321
107096527,44325
107104379,44335
107111991,44334
107118861,44334
107126763,44456
107134391,44454
107142199,44467
107149814,44471
107157633,44465
107165274,44469
107173181,44477
107180787,44473
107188635,44475
107196295,44477
107204155,44480
107211708,44484
107219561,44484
107227192,44490
107235007,44490
107249464,44415
107257321,44419
107265520,44412
107273342,44407
107280929,44398
107288785,44399
107296385,44399
107304207,44403
107311886,44390
107318743,44380
107326617,44379
107334248,44379
107342121,44369
107349723,44374
107356620,44369
107364433,44323
107371319,44327
107378930,44332
107386800,44327
107394430,44328
107402284,44323
107409917,44327
107417757,44325
107425389,44329
107433277,44329
107440173,44326
107447798,44320
107455647,44325
107463318,44326
107471194,44317
107479431,44318
107487260,44281
107494830,44273
107502664,44279
107510306,44282
107518146,44276
107525723,44271
107533609,44262
107541238,44263
107548086,44261
107555945,44260
107563536,44263
107571363,44254
107578994,44243
107586886,44258
107594456,44254
107602298,44145
107609880,44149
107617683,44144
107625295,44136
107633166,44142
107640776,44132
107648642,44130
107656314,44124
107664094,44132
107671665,44125
107678521,44126
107686956,44123
107694533,44117
107702363,44114
107710003,44116
107716893,44106
107724818,44118
107732446,44112
107740280,44120
107747922,44113
107755807,44110
107763421,44117
107771236,44117
107778908,44115
107786792,44127
107794388,44126
107802207,44131
107809821,44127
107817664,44135
107825297,44140
107832172,44138
107846927,44166
107854501,44169
107862344,44171
107869996,44166
107877848,44168
107885430,44169
107893903,44169
107901462,44169
107909319,44170
107916964,44166
107924873,44164
107932444,44173
107940245,44175
107947800,44180
107955672,44179
107963319,44170
107970248,44177
107984762,44166
107992469,44171
108000321,44171
108007937,44163
108015818,44171
108022720,44172
108030356,44162
108038159,44164
108045823,44152
108053688,44154
108061329,44146
108068151,44151
108082860,44084
108090439,44090
108098247,44081
108105879,44088
108114369,44080
108121978,44082
108129876,44076
108137469,44070
108145281,44072
108152871,44075
108160673,44069
108168315,44076
108176142,44065
108183787,44063
108191631,44066
108199291,44051
108206175,44058
108213997,44057
108221633,44054
108229442,44044
108237082,44053
108244974,44055
108252571,44047
108260435,44052
108268059,44055
108275939,44053
108283493,44042
108291353,44053
108298944,44049
108305819,44040
108313630,44046
108321930,44036
108329822,44035
108337401,44018
108345219,44027
108352806,44026
108360643,44029
108368326,44028
108376042,44021
108382895,44016
108390514,44024
108398336,44018
108405957,44016
108413821,44012
108421359,44010
108429076,44003
108443607,43907
108451447,43908
108459052,43911
108466959,43904
108474492,43904
108482295,43894
108489903,43900
108497743,43898
108505350,43900
108513198,43899
108520804,43897
108529266,43894
108536878,43899
108544695,43901
108552327,43896
108560102,43911
108566989,43908
108574580,43909
108582419,43912
108590038,43908
108597932,43904
108605474,43909
108613281,43910
108620875,43907
108628712,43899
108636360,43907
108644141,43901
108651784,43896
108659640,43895
108667318,43899
108681967,43837
108689549,43843
108697382,43904
108705027,43848
108712877,43844
108720491,43837
108728327,43840
108736533,43849
108743424,43836
108751249,43838
108758871,43844
108766673,43842
108774347,43842
108782155,43840
108789812,43842
108797639,43861
108805266,43856
108813043,43861
108820653,43855
108828512,43864
108836138,43864
108843983,43873
108851557,43866
108859411,43871
108867056,43875
108874919,43864
108882477,43869
108889371,43879
108897187,43872
108904053,43873
108911670,43886
108919530,43901
108927195,43901
108935105,43901
108942701,43902
108951117,43905
108958734,43897
108966630,43901
108974258,43900
108982031,43895
108989661,43900
108997536,43906
109005135,43908
109012993,43904
109020558,43914
109028406,43913
109042925,44047
109049812,44054
109057684,44053
109065337,44059
109073084,44061
109080688,44061
109088533,44075
109096103,44086
109104024,44081
109111652,44087
109119554,44102
109127212,44111
109135051,44120
109142690,44130
109150551,44139
109158803,44217
109165661,44215
109173498,44208
109181119,44201
109188971,44196
109196564,44188
109204443,44190
109212032,44184
109226559,44177
109234515,44169
109242196,44162
109249086,44160
109255958,44152
109263869,44149
109278343,43862
109286135,43866
109293765,43854
109301619,43857
109309242,43855
109317088,43839
109324703,43848
109332555,43844
109340199,43830
109348045,43825
109355629,43825
109363478,43820
109371708,43813
109379591,43811
109387296,43811
109395067,43797
109401973,43800
109409505,43805
109417340,43805
109424990,43798
109432865,43812
109440493,43822
109448350,43816
109455989,43824
109463934,43826
109471491,43828
109479295,43828
109486916,43834
109493816,43835
109501640,43834
109509326,43839
109517151,43939
109524800,43935
109532644,43926
109540305,43922
109548062,43920
109555628,43905
109563448,43899
109571061,43896
109578932,43881
109586420,43882
109594032,43868
109601920,43850
109609473,43845
109617290,43835
109624915,43828
109639692,43498
109647320,43492
109655184,43487
109662835,43479
109670635,43487
109678246,43477
109686076,43477
109693670,43473
109701550,43468
109709211,43464
109717053,43461
109724658,43464
109732472,43445
109740039,43450
109747882,43458
109755446,43441
109762291,43445
109770097,43437
109777725,43434
109785581,43446
109793805,43452
109801602,43445
109809221,43446
109817026,43465
109824605,43459
109832428,43464
109840094,43460
109847990,43466
109854884,43465
109862470,43474
109877133,43879
109884713,43896
109892542,43900
109900138,43913
109907993,43921
109915536,43933
109923402,43946
109931032,43964
109938948,43973
109946535,43979
109954388,43984
109962015,43992
109969898,44006
109976740,44010
109984400,44022
109992189,43978
110000305,43962
110008225,43964
110015854,43963
110023717,43951
110031406,43949
110039229,43939
110046860,43932
110054713,43930
110062392,43926
110069258,43900
110077114,43910
110084692,43897
110091603,43890
110098471,43896
110106306,43879
110113948,43793
110121857,43811
110129428,43806
110137246,43809
110144848,43809
110152706,43815
110160348,43816
110168171,43819
110175771,43827
110183640,43827
110191265,43832
110199064,43829
110206647,43831
110214105,43838
110221982,43847
110229618,43853
110237470,44311
110244330,44329
110251919,44353
110259820,44368
110267404,44391
110275221,44410
110282848,44433
110290722,44463
110298378,44477
110306203,44496
110313852,44518
110321723,44534
110329397,44547
110337240,44576
110344843,44582
110359497,44879
110367091,44879
110374989,44883
110382615,44871
110390458,44870
110398070,44863
110405926,44858
110413486,44856
110421975,44850
110428859,44839
110436475,44831
110444269,44819
110451902,44798
110459794,44797
110474047,44011
110480975,43986
110488834,43972
110496429,43961
110504296,43934
110511952,43924
110519827,43911
110527444,43893
110535307,43876
110542934,43860
110550804,43849
110558410,43841
110565260,43823
110573085,43810
110580672,43803
110595363,43665
110602987,43661
110610840,43667
110618456,43674
110626265,43675
110633905,43683
110642374,43685
110650015,43685
110657921,43688
110664796,43699
110672394,43701
110680264,43706
110687900,43711
110695778,43722
110703395,43731
110711194,44528
110718812,44540
110726654,44572
110734372,44596
110742164,44613
110749738,44629
110757577,44648
110765170,44660
110773005,44676
110780586,44683
110788472,44694
110796098,44717
110803992,44722
110811555,44745
110818366,44750
110826213,44760
110833828,44347
110840711,44316
110849131,44283
110856809,44258
110864683,44235
110872315,44201
110880142,44178
110887765,44152
110895668,44127
110903325,44109
110911167,44083
110918799,44059
110925686,44040
110933534,44021
110941119,43997
110949020,43735
110956639,43720
110964502,43739
110972108,43733
110979998,43726
110987591,43726
110995457,43730
111003069,43733
111010913,43723
111018524,43727
111025387,43735
111033204,43732
111040793,43730
111048638,43722
111056910,43738
111064834,43739
111072398,44033
111079290,44049
111087093,44072
111094686,44096
111102564,44120
111110192,44135
111118096,44170
111125714,44202
111133568,44231
111141160,44258
111149009,44289
111156569,44305
111163439,44336
111171260,44372
111178885,44396
111186735,45111
111194362,45117
111202234,45143
111209900,45147
111217698,45160
111225362,45168
111233132,45179
111240748,45189
111248602,45200
111256275,45219
111264089,45221
111272315,45227
111280095,45234
111287665,45239
111295479,45239
111302361,45255
111309983,45331
111317859,45329
111325460,45326
111333310,45332
111340901,45327
111348785,45334
111356438,45325
111364261,45330
111371911,45326
111379744,45319
111386661,45319
111394328,45316
111401191,45309
111409029,45307
111416607,45304
111423437,45294
111431257,45187
111438880,45187
111446739,45186
111454400,45178
111462237,45173
111469836,45164
111478274,45161
111485899,45150
111493750,45152
111501380,45135
111509217,45139
111516877,45131
111524740,45126
111532350,45117
111539206,45113
111553906,45096
111561498,45098
111569356,45101
111576986,45091
111584891,45092
111592502,45090
111600295,45082
111607916,45081
111615731,45085
111623373,45083
111631159,45080
111638796,45086
111646682,45087
111654331,45075
111662175,45078
111669739,44959
111677592,44946
111684481,44941
111692651,44942
111700478,44927
111714713,44921
111722661,44912
111730362,44904
111738224,44901
111745098,44897
111752733,44877
111759645,44869
111767499,44864
111775115,44855
111789938,44454
111797519,44442
111805331,44435
111812911,44418
111820682,44414
111828369,44398
111836183,44389
111843818,44384
111851715,44374
111859369,44364
111867159,44361
111874758,44351
111882573,44343
111890168,44344
111898019,44335
111906226,44240
111914109,44247
111920942,44240
111928551,44246
111936437,44242
111944057,44247
111951939,44249
111959519,44252
111967370,44262
111975017,44263
111982913,44267
111990519,44266
111997369,44273
112005226,44279
112012868,44277
112020693,44286
112028373,44572
112036246,44594
112043895,44598
112051739,44610
112059365,44629
112067182,44639
112074779,44651
112082646,44663
112090291,44685
112098117,44690
112104988,44715
112113124,44719
112121032,44744
112128623,44754
112136447,44768
112150146,45084
112158015,45088
112165608,45087
112173482,45094
112181115,45097
112188997,45102
112196641,45113
112204512,45116
112212110,45118
112220004,45119
112227568,45115
112234445,45127
112242257,45132
112249885,45130
112257739,45128
112271452,45212
112279247,45213
112286856,45210
112294697,45210
112302356,45202
112310178,45200
112317756,45206
112326226,45201
112333865,45205
112341669,45194
112349321,45190
112357110,45186
112364721,45182
112372647,45181
112387147,45085
112395036,45094
112401918,45085
112409526,45080
112417382,45081
112425004,45081
112432840,45076
112440446,45073
112448301,45061
112455935,45073
112463793,45067
112471401,45067
112479148,45061
112486782,45053
112494627,45060
112501523,44968
112509144,44969
112517017,44962
112524626,44959
112532993,44951
112540652,44949
112548443,44949
112556048,44943
112563932,44941
112571606,44941
112579442,44933
112586307,44930
112593949,44927
112601803,44930
112609439,44920
112617218,44909
112624804,44678
112632675,44669
112640381,44659
112648197,44659
112655801,44650
112663638,44642
112671247,44632
112679076,44629
112686681,44627
112694575,44615
112701437,44609
112709078,44604
112715960,44613
112723858,44602
112731474,44602
112739292,44605
112747475,44642
112755288,44638
112762224,44647
112769890,44648
112777797,44657
112785418,44652
112793227,44655
112800861,44651
112808660,44660
112816302,44661
112824172,44666
112831777,44666
112839641,44670
112847287,44675
112855105,44665
112861979,44677
112869501,44675
112877296,44690
112884909,44676
112892758,44676
112900422,44682
112908238,44668
112915886,44667
112923765,44675
112931364,44662
112939144,44667
112946757,44669
112961931,44671
112969854,44672
112983647,44708
112991519,44711
112998418,44716
113006009,44722
113013872,44720
113021503,44718
113029342,44722
113036997,44729
113044900,44724
113052495,44727
113059328,44735
113067117,44739
113073961,44734
113081489,44741
113089309,44736
113103045,44820
113110949,44819
113117843,44816
113125445,44817
113133241,44821
113140875,44812
113148716,44824
113156358,44826
113164162,44825
113172417,44837
113179313,44833
113187092,44831
113193956,44834
113201627,44843
113209434,44836
113223140,44793
113231041,44790
113237964,44794
113245529,44787
113253390,44787
113261024,44786
113268954,44785
113276495,44782
113284293,44780
113291960,44777
113298832,44775
113306682,44778
113314319,44774
113322108,44769
113329688,44775
113336576,44680
113344411,44682
113352038,44686
113359935,44681
113367516,44669
113375371,44673
113383563,44672
113391414,44674
113399085,44663
113406921,44667
113413795,44655
113421435,44666
113429222,44658
113436865,44662
113444733,44663
113452367,44664
113460144,44661
113467722,44666
113475537,44669
113483136,44663
113491005,44662
113498556,44659
113506394,44650
113514004,44657
113521868,44653
113529514,44656
113537307,44653
113544912,44651
113551746,44658
113559577,44659
113567180,44652
113575035,44677
113582623,44677
113591034,44677
113597945,44677
113605464,44680
113613282,44674
113620878,44681
113628701,44683
113636332,44687
113644160,44684
113651809,44681
113659678,44683
113667366,44678
113675216,44681
113682838,44686
113690669,44682
113697542,44695
113705121,44692
113713033,44687
113720659,44690
113728563,44683
113736169,44681
113744061,44685
113751644,44681
113759492,44688
113767126,44678
113774028,44682
113781935,44675
113789546,44678
113797381,44680
113805568,44681
113819214,44676
113827109,44667
113834751,44667
113842611,44664
113850271,44668
113858123,44659
113865742,44671
113873605,44672
113881160,44669
113889065,44669
113895945,44666
113903585,44658
113911408,44660
113919019,44656
113926886,44650
113941367,44522
113949108,44530
113956686,44522
113964517,44524
113972156,44514
113980051,44518
113987589,44522
113995438,44515
114003038,44518
114011427,44508
114019080,44515
114026946,44518
114033761,44512
114041388,44518
114056071,44548
114063674,44545
114071504,44546
114079101,44552
114086954,44553
114094506,44545
114102384,44557
114110027,44563
114117910,44557
114125500,44564
114133334,44558
114140931,44560
114148773,44561
114156452,44558
114164265,44556
114171866,44564
114179674,44552
114187305,44557
114201772,44560
114209676,44562
114217311,44555
114225764,44565
114233433,44559
114241197,44555
114248111,44556
114255734,44557
114263619,44561
114270488,44556
114278107,44555
114292866,44429
114299748,44429
114307418,44430
114315223,44429
114322099,44420
114329696,44419
114337543,44417
114345184,44418
114353033,44418
114360589,44413
114367444,44405
114375254,44399
114382852,44403
114389725,44398
114397598,44406
114412056,44303
114418903,44307
114426729,44290
114434341,44294
114442100,44294
114449722,44285
114457547,44279
114465169,44282
114473056,44287
114480644,44280
114488528,44277
114496118,44266
114504025,44266
114511649,44268
114519458,44265
114527102,44206
114534964,44205
114542529,44209
114550360,44207
114557238,44202
114564797,44200
114572660,44196
114580309,44198
114588219,44198
114595876,44192
114603701,44196
114611344,44194
114619118,44194
114625988,44187
114633552,44192
114641370,44186
114649552,44226
114657389,44223
114665009,44227
114672878,44226
114680443,44229
114688243,44220
114695888,44226
114703735,44236
114711406,44222
114719223,44233
114726089,44231
114733700,44229
114741561,44228
114749184,44233
114757063,44235
114771618,44239
114779439,44242
114787068,44233
114794915,44235
114802473,44239
114810257,44228
114817803,44234
114825638,44240
114833207,44241
114841093,44242
114848789,44242
114857238,44238
114864113,44245
114871735,44239
114879596,44241
114887216,44293
114895096,44302
114902692,44295
114910501,44303
114917393,44303
114925032,44303
114932871,44305
114940472,44311
114948298,44309
114955971,44308
114963870,44303
114971485,44311
114979353,44306
114986984,44309
114994842,44309
115002483,44307
115010319,44273
115017960,44272
115024800,44277
115032637,44281
115040274,44282
115048130,44285
115055755,44279
115063633,44293
115071864,44297
115079657,44300
115086583,44294
115094176,44308
115102067,44308
115109640,44308
115117459,44306
115131962,44310
115139764,44314
115146661,44306
115154276,44311
115162100,44311
115169690,44316
115177514,44317
115185104,44321
115192997,44321
115200571,44318
115207440,44328
115215303,44318
115222926,44318
115230785,44324
115238422,44328
115253236,44275
115260834,44280
115268697,44278
115276946,44262
115284846,44267
115292466,44264
115300273,44258
115307893,44260
115315710,44259
115322595,44253
115330272,44253
115338111,44248
115344998,44250
115352587,44244
115360502,44248
115368147,44172
115376060,44169
115383598,44168
115391433,44175
115399045,44163
115406862,44170
115414452,44161
115422224,44158
115429856,44162
115444320,44157
115451986,44152
115458921,44154
115466808,44155
115474452,44143
115482229,44124
115489863,44134
115498268,44136
115505124,44127
115512754,44129
115519573,44129
115527405,44125
115535068,44137
115542962,44123
115550523,44131
115558332,44122
115565941,44122
115573803,44130
115581411,44118
115589190,44119
115603674,44110
115611510,44106
115619089,44108
115626004,44115
115633850,44111
115641503,44105
115649335,44118
115656990,44117
115664874,44115
115672520,44115
115680349,44114
115687964,44122
115695795,44121
115704042,44120
115711992,44118
115719572,44092
115727427,44091
115735083,44098
115741975,44089
115749783,44095
115757427,44091
115765236,44084
115772883,44080
115780740,44089
115788389,44088
115796230,44084
115803094,44088
115810714,44086
115818546,44088
115826189,44089
115834045,44083
115841652,44061
115849474,44057
115857104,44061
115865004,44059
115872602,44058
115879440,44057
115887188,44051
115894791,44048
115902651,44048
115910306,44049
115918757,44046
115926407,44047
115934274,44043
115941167,44049
115948740,44046
115956624,44041
115964224,44007
115972067,44029
115979666,44003
115987504,44008
115995134,44004
116003030,44002
116010601,44007
116018465,44000
116026058,44014
116033929,44007
116041545,44002
116049343,44002
116056949,43999
116064809,44000
116072441,43997
116087076,44001
116094679,44003
116102524,44015
116110154,44014
116117978,44005
116126250,44001
116134131,43999
116141763,44014
116149578,44007
116157203,44003
116164119,43999
116172009,44008
116178947,44004
116186559,44012
116194401,44004
116202028,44030
116209878,44042
116217502,44041
116225298,44038
116232942,44038
116239818,44043
116247693,44047
116255315,44047
116263146,44041
116270748,44048
116278608,44053
116286228,44052
116294076,44054
116301698,44064
116309563,44057
116324065,44025
116331972,44015
116340221,44014
116348079,44019
116355678,44015
116363524,44017
116371142,44010
116379020,44007
116386629,44003
116394516,44000
116401382,43997
116408958,43997
116416804,44001
116424388,44000
116432201,43999
116439806,43921
116447606,43921
116455245,43910
116463117,43922
116469916,43926
116477524,43913
116485304,43909
116492879,43902
116500723,43904
116508345,43906
116516185,43895
116523058,43890
116530616,43891
116538437,43888
116546572,43897
116554390,43892
116562005,43855
116569855,43860
116577505,43860
116585368,43853
116592999,43857
116599842,43853
116607702,43856
116615318,43849
116623142,43854
116630773,43859
116637618,43852
116645529,43854
116653143,43853
116659987,43859
116667818,43854
116675441,43851
116689912,43860
116697799,43856
116705488,43854
116713337,43856
116720973,43860
116728850,43849
116736521,43866
116744339,43846
116751976,43863
116760509,43860
116768138,43853
116775011,43855
116782823,43848
116790461,43851
116805147,43841
116812756,43834
116820587,43833
116828143,43837
116836002,43841
116843571,43832
116851400,43839
116859044,43833
116866967,43826
116873819,43831
116881426,43831
116889242,43834
116896820,43832
116904675,43834
116912316,43837
116920199,43850
116927800,43845
116935711,43847
116943353,43844
116951142,43847
116957987,43850
116965557,43838
116974015,43841
116981606,43849
116989435,43840
116997060,43839
117004914,43844
117011758,43840
117019393,43839
117027240,43845
117034855,43836
117042760,43816
117050405,43816
117058207,43818
117065835,43827
117073696,43823
117081328,43822
117089127,43819
117096716,43817
117104547,43814
117112168,43817
117120069,43815
117127689,43823
117135483,43823
117143101,43821
117150994,43824
117165480,43817
117173282,43822
117181464,43820
117189305,43820
117196171,43821
117203817,43821
117211686,43828
117219308,43827
117227148,43833
117234020,43824
117241639,43836
117249491,43833
117257127,43833
117265000,43842
117272637,43849
117280476,43936
117288090,43940
117295920,43941
117303541,43941
117311425,43942
117318284,43939
117325894,43948
117333743,43947
117341432,43943
117349220,43947
117356818,43954
117364666,43954
117371514,43948
117379108,43953
117387008,43943
117395319,43950
117403161,43932
117410775,43936
117418610,43944
117426234,43948
117434084,43950
117441714,43964
117449568,43961
117457173,43968
117465110,43968
117472712,43985
117480510,43980
117488200,43990
117496101,43992
117503694,44003
117511541,44000
117526079,44130
117534004,44139
117541610,44142
117549456,44146
117557074,44152
117564944,44154
117572558,44156
117580383,44158
117588004,44173
117594837,44171
117603249,44176
117610090,44170
117617671,44179
117625509,44190
117633157,44191
117641033,44317
117648662,44325
117656488,44315
117664140,44324
117671997,44321
117678825,44325
117686415,44330
117694198,44327
117701833,44341
117709686,44341
117717364,44346
117725193,44354
117732774,44342
117740623,44347
117748183,44353
117762957,44448
117770546,44450
117778344,44446
117785958,44445
117793799,44455
117801417,44463
117809910,44460
117817505,44451
117825317,44457
117832973,44452
117840797,44463
117847685,44467
117855320,44469
117863163,44464
117870738,44461
117878606,44475
117886165,44477
117894040,44471
117901616,44475
117909419,44469
117917067,44481
117931546,44482
117939198,44478
117947132,44486
117953935,44477
117961544,44476
117969423,44480
117977085,44483
117984980,44473
117999492,44527
118007255,44527
118014859,44529
118022691,44516
118030916,44520
118037756,44530
118045642,44531
118053259,44527
118061130,44530
118068703,44522
118076521,44524
118083388,44531
118091007,44529
118098889,44523
118106499,44523
118114264,44532
118121921,44537
118129779,44534
118137420,44533
118145166,44533
118152740,44529
118159645,44537
118167478,44538
118175103,44533
118182984,44536
118190587,44533
118198402,44540
118206026,44544
118213892,44537
118221509,44541
118229295,44539
118237490,44586
118245351,44580
118252944,44576
118260827,44584
118268464,44584
118275364,44589
118283190,44586
118290802,44585
118298685,44588
118306341,44587
118313214,44578
118321136,44580
118328700,44590
118336519,44586
118344130,44585
118352010,44589
118359599,44504
118367456,44496
118375092,44495
118382990,44494
118390610,44488
118398480,44487
118406105,44476
118413949,44486
118421568,44478
118429445,44474
118437090,44471
118444477,44464
118452414,44473
118460072,44464
118467953,44456
118482411,44381
118490272,44382
118497904,44380
118505789,44380
118513468,44383
118521343,44378
118528993,44377
118536824,44369
118544465,44371
118551323,44375
118559165,44370
118566778,44370
118574626,44368
118582230,44366
118590119,44358
118597703,44337
118605521,44337
118613182,44340
118621027,44336
118628617,44339
118635490,44339
118643374,44342
118651025,44333
118659475,44336
118667094,44340
118674953,44338
118681822,44334
118689454,44341
118697302,44335
118704949,44342
118719695,44343
118727355,44345
118735164,44345
118742791,44341
118750595,44345
118758191,44344
118766079,44348
118773659,44347
118781495,44342
118789133,44343
118797024,44344
118804583,44348
118812381,44358
118819909,44352
118827758,44344
118835370,44286
118843172,44279
118850801,44271
118858672,44269
118866902,44271
118874724,44271
118882365,44282
118889217,44277
118897154,44282
118904796,44274
118911658,44280
118918526,44294
118926380,44278
118934007,44279
118941845,44282
118949473,44280
118957297,44275
118964935,44272
118972791,44275
118980450,44268
118988268,44265
118995139,44267
119002688,44266
119009528,44267
119017310,44259
119024926,44264
119031815,44263
119038734,44264
119046567,44259
119054221,44254
119062099,44262
119069690,44257
119078113,44212
119085709,44212
119093595,44209
119101209,44206
119109082,44207
119116673,44207
119124547,44202
119132174,44206
119140033,44203
119147595,44201
119154431,44201
119162227,44199
119176709,44190
119184386,44191
119199185,44200
119206832,44203
119214703,44207
119222337,44210
119229239,44211
119237153,44208
119244790,44215
119252617,44210
119260280,44213
119267174,44215
119275031,44218
119282628,44220
119290473,44223
119298674,44226
119306533,44223
119314128,44238
119322026,44240
119329601,44245
119337458,44232
119345039,44226
119352919,44227
119360537,44226
119367469,44210
119375290,44219
119382972,44210
119389838,44209
119397682,44202
119405252,44202
119413101,44201
119420636,44201
119428470,44206
119436092,44116
119443967,44117
119451553,44115
119459384,44113
119466981,44107
119474782,44105
119482441,44100
119489283,44102
119497144,44104
119505377,44094
119513188,44096
119520798,44086
119528641,44087
119536240,44089
119544148,44085
119551717,44082
119559612,44012
119567188,44013
119575036,44008
119582668,44003
119590509,44008
119598158,44003
119605049,44006
119612918,44005
119620540,44001
119627419,44003
119635274,44002
119642854,43996
119650695,43987
119658393,43992
119666196,43992
119673805,43992
119681652,43929
119689263,43932
119697154,43925
119704735,43927
119713127,43927
119720712,43928
119728555,43920
119736190,43921
119744093,43919
119750961,43919
119758556,43922
119766365,43916
119773973,43928
119781845,43921
119789519,43923
119804201,43904
119811798,43901
119819567,43896
119827175,43890
119835093,43894
119842671,43892
119850516,43896
119858139,43889
119866052,43888
119873631,43881
119881454,43890
119889075,43887
119896942,43882
119904562,43882
119912414,43881
119920551,43863
119928475,43867
119936070,43867
119943955,43868
119950769,43868
119958436,43877
119966240,43868
119973858,43871
119981700,43862
119988588,43868
119996225,43866
120004129,43869
120011692,43864
120019495,43868
120027168,43865
120035048,43878
120042672,43864
120050566,43868
120058158,43879
120066028,43873
120073623,43861
120081466,43871
120089077,43866
120096920,43868
120104541,43868
120112348,43869
120119978,43874
120127809,43869
120136039,43868
120143848,43867
120158448,43869
120166286,43866
120173928,43862
120181810,43858
120189487,43866
120197284,43866
120204867,43862
120211721,43864
120219541,43855
120226398,43851
120233995,43860
120241853,43851
120249548,43852
120257353,43847
120264968,43852
120279666,43851
120287252,43855
120295139,43848
120302740,43848
120310564,43854
120318193,43857
120326080,43843
120332892,43863
120341116,43857
120349046,43858
120356597,43848
120364464,43862
120372092,43867
120379965,43849
120394493,43808
120402264,43812
120409887,43810
120424393,43802
120431377,43801
120439275,43796
120446141,43795
120453773,43791
120461661,43785
120468550,43779
120476148,43772
120484019,43775
120491600,43765
120499384,43767
120507044,43724
120514946,43715
120522554,43725
120530294,43715
120537915,43710
120545748,43715
120553331,43718
120561831,43709
120569490,43711
120577346,43721
120584146,43722
120591710,43714
120599626,43701
120607294,43702
120615137,43696
120622724,43702
120630564,43666
120638201,43670
120646075,43663
120653654,43652
120661529,43657
120669181,43656
120677068,43654
120684660,43651
120692486,43653
120699330,43651
120706964,43651
120714795,43658
120722509,43657
120730359,43650
120737968,43651
120752628,43633
120760264,43643
120768824,43637
120776518,43647
120784333,43641
120791194,43649
120798792,43651
120806633,43649
120814268,43645
120822110,43651
120829763,43650
120837601,43657
120845209,43653
120853056,43655
120860650,43663
120868475,43659
120876091,43657
120883918,43655
120891540,43662
120899351,43652
120906965,43652
120914816,43652
120922481,43651
120930325,43647
120937192,43656
120944769,43645
120952643,43649
120960211,43649
120968050,43646
120976213,43644
120991037,43677
120998685,43669
121006510,43680
121014150,43680
121021997,43677
121029604,43681
121037371,43677
121045002,43682
121052811,43678
121060485,43681
121067343,43682
121075155,43683
121082724,43683
121090551,43682
121098170,43683
121106048,43714
121113648,43718
121121502,43710
121129141,43709
121137013,43712
121144571,43712
121152356,43716
121159947,43709
121167789,43712
121175427,43710
121183230,43705
121191469,43705
121199281,43703
121206851,43714
121214754,43703
121229306,43749
121237174,43751
121244843,43754
121252693,43762
121260343,43762
121268158,43761
121275789,43761
121283621,43763
121291256,43765
121298194,43762
121306052,43769
121313715,43771
121321646,43765
121329256,43770
121337134,43765
121344739,43792
121352660,43789
121360280,43791
121368136,43786
121375767,43783
121383646,43775
121391251,43786
121399771,43780
121407401,43781
121414281,43774
121422134,43780
121428975,43779
121436605,43768
121444439,43773
121452072,43772
121459959,43766
121467567,43660
121475358,43659
121482971,43661
121490770,43658
121498415,43660
121506249,43659
121513850,43651
121521749,43653
121529373,43651
121536241,43646
121544133,43646
121551752,43640
121559664,43642
121567302,43640
121575181,43642
121589597,43575
121597455,43581
121605589,43571
121613448,43580
121621054,43582
121627916,43583
121635751,43575
121643383,43583
121651189,43579
121665604,43584
121673249,43585
121681132,43576
121688700,43569
121703456,43575
121711047,43574
121718880,43565
121726527,43567
121734386,43561
121742000,43557
121749821,43560
121757432,43566
121765238,43566
121772109,43565
121779677,43572
121786515,43566
121794375,43568
121801957,43570
121809793,43575
121824935,43620
121832772,43622
121840394,43615
121848240,43619
121855854,43624
121863696,43619
121871357,43615
121879216,43619
121886808,43606
121894654,43612
121902265,43610
121910151,43613
121917705,43606
121925551,43606
121940057,43603
121947889,43608
121955529,43606
121963345,43610
121970955,43617
121978782,43616
121986413,43610
121994238,43619
122001839,43616
122008677,43622
122016483,43620
122024136,43622
122032597,43627
122040230,43622
122048152,43629
122055712,43666
122063576,43668
122071186,43673
122079033,43677
122086649,43668
122094474,43679
122102071,43680
122108961,43680
122116809,43682
122124510,43680
122132332,43678
122139986,43676
122146838,43683
122154692,43690
122162279,43690
122170151,43685
122177738,43764
122185592,43770
122193232,43770
122201108,43773
122208682,43773
122216565,43787
122224190,43787
122232084,43788
122240344,43802
122247298,43797
122255158,43807
122262777,43813
122270626,43820
122278228,43824
122286061,43823
122300489,43993
122308324,43992
122315928,44006
122323763,44016
122331440,44019
122339263,44027
122346863,44039
122354694,44037
122362299,44045
122370150,44052
122377726,44054
122384605,44063
122392462,44060
122400059,44076
122407906,44077
122415566,44274
122423381,44281
122430997,44281
122438884,44282
122446559,44282
122455095,44290
122462641,44296
122469525,44307
122477341,44309
122484943,44314
122492796,44328
122500430,44321
122507297,44336
122515157,44331
122522821,44341
122530706,44340
122538307,44616
122546147,44620
122553710,44642
122561584,44649
122569234,44647
122577082,44643
122584691,44643
122592520,44651
122600126,44650
122607008,44660
122614830,44656
122622466,44654
122629338,44644
122637175,44646
122644770,44629
122652629,44631
122660861,44479
122668760,44460
122676364,44459
122684234,44462
122691802,44460
122699674,44443
122707280,44443
122715192,44442
122722815,44432
122730640,44431
122738252,44427
122744390,44413
122752217,44396
122759897,44400
122767725,44391
122782169,44240
122790014,44240
122797617,44245
122805421,44242
122813043,44237
122820875,44230
122828538,44225
122836335,44223
122843972,44225
122851808,44221
122859443,44219
122866271,44204
122874788,44213
122882418,44204
122890282,44198
122897885,44191
122912467,44194
122920232,44197
122928163,44197
122935776,44204
122943638,44206
122950504,44206
122958140,44214
122965017,44207
122972907,44213
122979796,44219
122987469,44218
122995294,44219
123002908,44219
123017565,44170
123025163,44173
123033048,44167
123040614,44174
123048414,44166
123056051,44170
123063897,44163
123071524,44161
123079288,44158
123087527,44159
123095411,44158
123103042,44158
123110900,44162
123118534,44154
123126322,44147
123133919,44026
123141730,44026
123149331,44026
123157187,44021
123164777,44015
123172629,44012
123180253,44015
123187121,44009
123195047,44006
123201870,44004
123209502,44001
123217336,44009
123224200,44007
123231802,44008
123239671,44008
123247255,44007
123255152,43977
123262777,43974
123270587,43970
123278224,43974
123286099,43968
123293705,43974
123302190,43962
123309815,43967
123317719,43963
123325326,43972
123333198,43970
123340080,43963
123347671,43964
123355509,43969
123363123,43962
123370969,43962
123378594,43962
123386420,43947
123394054,43953
123401904,43957
123409514,43954
123417300,43951
123424903,43949
123432765,43941
123439644,43934
123447281,43935
123455165,43931
123462727,43931
123470560,43925
123478165,43916
123486030,43917
123500524,43682
123508993,43682
123516621,43673
123524435,43669
123532064,43663
123539960,43661
123547595,43643
123555437,43640
123563081,43629
123570975,43630
123577855,43622
123585510,43616
123593376,43606
123600970,43600
123608775,43596
123616384,43471
123624205,43464
123631829,43472
123639684,43461
123647330,43461
123655202,43461
123662815,43460
123669620,43461
123677413,43450
123685014,43455
123692880,43444
123700513,43450
123708255,43454
123716453,43446
123724324,43452
123738817,43392
123746671,43392
123754224,43390
123762102,43391
123769712,43390
123777600,43387
123785271,43395
123793223,43399
123800062,43385
123807692,43380
123815499,43384
123823104,43387
123830937,43386
123838600,43386
123846431,43378
123854041,43400
123861896,43399
123869549,43395
123877361,43399
123884967,43392
123892811,43393
123900404,43393
123908342,43386
123915949,43389
123923843,43393
123932095,43391
123938942,43390
123946788,43390
123954425,43386
123962241,43388
123976623,43347
123984481,43349
123992123,43344
124000010,43340
124007583,43340
124015408,43341
124023024,43352
124030891,43342
124037803,43341
124045449,43346
124053241,43344
124060874,43345
124068734,43335
124076353,43341
124084204,43340
124091809,43376
124099648,43390
124107233,43378
124115102,43380
124122707,43387
124130565,43383
124138758,43390
124153267,43384
124160839,43377
124168756,43391
124175650,43389
124183260,43391
124190144,43402
124198011,43394
124205577,43397
124213368,43421
124221005,43419
124228860,43424
124236499,43422
124244355,43422
124252001,43424
124259815,43432
124267473,43434
124274321,43433
124282214,43431
124289774,43434
124297630,43439
124305244,43426
124313128,43432
124320698,43432
124328621,43373
124336196,43377
124344043,43375
124352225,43374
124360153,43371
124367696,43375
124375568,43372
124382479,43365
124389315,43363
124396966,43364
124404853,43356
124412543,43356
124420330,43346
124427945,43355
124435807,43350
124443402,43352
124451259,43349
124458881,43337
124466774,43341
124474415,43333
124482347,43335
124489940,43336
124497818,43329
124505487,43337
124513372,43330
124521061,43336
124529016,43342
124535910,43338
124543526,43337
124551285,43329
124558877,43330
124574207,43292
124581777,43292
124589641,43287
124597292,43283
124605177,43290
124612750,43285
124620568,43289
124627465,43280
124635112,43294
124643006,43288
124650625,43288
124658434,43281
124666055,43287
124673871,43284
124681516,43278
124689283,43311
124696858,43307
124704756,43302
124712429,43305
124720291,43307
124727922,43308
124735757,43312
124742628,43310
124750241,43304
124758116,43305
124765696,43309
124773544,43310
124781211,43315
124789111,43314
124795946,43320
124803606,43311
124811392,43327
124818975,43328
124826819,43332
124834475,43323
124842278,43322
124849872,43326
124857739,43323
124865358,43333
124873239,43334
124880819,43327
124888732,43328
124896364,43330
124904197,43331
124911800,43333
124919685,43342
124934136,43369
124941985,43380
124949592,43375
124957410,43379
124965019,43390
124972878,43387
124981177,43387
124988096,43381
124995911,43388
125003523,43391
125011373,43401
125019005,43400
125026845,43400
125034498,43395
125042336,43399
125049926,43432
125057798,43422
125065439,43426
125073332,43423
125080934,43437
125088758,43430
125096454,43438
125103346,43436
125111205,43443
125118797,43444
125126685,43440
125133560,43440
125141193,43446
125149087,43439
125156714,43438
125164535,43441
125172121,43405
125179978,43404
125187629,43395
125196049,43399
125203658,43391
125211496,43395
125219140,43398
125226049,43398
125233898,43398
125241560,43390
125249358,43399
125257004,43395
125264867,43396
125272493,43402
125280274,43396
125294663,43407
125302503,43421
125310159,43411
125318082,43430
125325696,43427
125333537,43422
125341165,43424
125349031,43431
125356634,43435
125364483,43434
125372119,43430
125379926,43434
125387568,43435
125408806,43452
125416717,43444
125424307,43437
125432179,43444
125439758,43439
125447609,43433
125455255,43435
125461397,43439
125469261,43437
125476897,43431
125484746,43440
125491562,43434
125499205,43436
125507054,43432
125514662,43439
125528675,43499
125536273,43503
125544123,43506
125551693,43505
125559509,43510
125567138,43516
125575023,43518
125581207,43528
125588814,43529
125596684,43533
125604280,43531
125611167,43538
125619602,43531
125627214,43541
125635093,43543
125642680,43675
125650519,43679
125658140,43677
125666076,43688
125673678,43693
125681483,43690
125689109,43687
125696979,43697
125704633,43699
125712494,43699
125720133,43700
125727023,43701
125734899,43705
125742537,43699
125750362,43695
125757958,43698
125765807,43657
125773491,43658
125781313,43649
125788914,43657
125796763,43651
125804346,43654
125812194,43650
125819098,43653
125827272,43651
125835195,43648
125842793,43648
125850659,43644
125858305,43638
125866199,43645
125873745,43642
125888405,43610
125896026,43609
125903865,43606
125911542,43599
125919377,43606
125926991,43598
125934834,43606
125942463,43608
125950256,43613
125957823,43598
125965690,43609
125973286,43611
125981198,43610
125988816,43614
125996695,43608
126003550,43608
126011155,43607
126019029,43596
126026644,43601
126034504,43601
126042717,43597
126050597,43602
126057484,43589
126065081,43594
126072887,43589
126080541,43580
126088359,43581
126095956,43578
126103829,43581
126111484,43571
126125248,43475
126133146,43475
126140722,43469
126148517,43467
126156152,43473
126164015,43469
126171626,43463
126178538,43461
126186355,43446
126193967,43456
126201799,43457
126209374,43449
126217216,43451
126224870,43446
126232735,43450
126247822,43388
126255705,43386
126263331,43386
126271224,43386
126278839,43387
126286731,43386
126293630,43379
126301270,43382
126309151,43382
126316777,43384
126324640,43384
126331499,43374
126339140,43380
126347038,43368
126354673,43376
126362525,43347
126370169,43352
126378012,43350
126385661,43350
126393473,43348
126401071,43350
126408883,43360
126415768,43358
126423333,43353
126431218,43345
126438811,43345
126446652,43349
126454268,43348
126462598,43360
126470223,43349
126478035,43379
126485637,43383
126493516,43379
126501169,43378
126509041,43377
126516641,43370
126524495,43372
126532125,43375
126539949,43384
126547592,43374
126555458,43374
126563105,43377
126569948,43378
126577789,43371
126585438,43378
126600229,43396
126607819,43395
126615660,43400
126623242,43400
126631138,43400
126645639,43398
126651952,43399
126659636,43402
126667503,43392
126675723,43402
126683566,43414
126691201,43412
126699085,43408
126706748,43412
126714635,43447
126722250,43441
126729112,43450
126736937,43443
126744562,43436
126752404,43448
126759992,43448
126767855,43447
126775492,43450
126783297,43449
126790898,43450
126798759,43453
126806386,43454
126814202,43445
126821793,43456
126836517,43457
126844109,43455
126851969,43457
126859625,43455
126867409,43456
126874990,43453
126883330,43459
126889528,43456
126897156,43462
126905036,43458
126912672,43460
126920518,43462
126928177,43463
126936035,43462
126943656,43472
126951409,43483
126959017,43490
126966861,43494
126974487,43495
126982338,43501
126989945,43489
126997830,43494
127005473,43493
127013318,43502
127020924,43503
127028814,43496
127036451,43503
127044276,43500
127051141,43506
127058734,43500
127066550,43509
127074161,43405
127082049,43394
127090299,43395
127098216,43384
127105790,43385
127113626,43378
127121272,43370
127128136,43364
127135959,43362
127143589,43358
127151396,43357
127159049,43349
127166912,43354
127174593,43343
127182457,43343
127196939,43259
127204788,43261
127212438,43338
127220295,43253
127227922,43251
127235757,43242
127243345,43242
127251210,43241
127258856,43232
127266719,43226
127274285,43227
127282146,43233
127288993,43229
127296621,43224
127305116,43220
127312666,43174
127320490,43169
127328124,43176
127335892,43165
127343543,43162
127351314,43162
127358931,43158
127365829,43162
127373704,43161
127381323,43151
127389206,43161
127396806,43157
127404680,43158
127412278,43147
127420153,43155
127427713,43151
127435529,43176
127443191,43177
127451059,43181
127458677,43184
127466484,43187
127474076,43193
127481914,43197
127489561,43199
127497389,43206
127504980,43204
127513354,43200
127520983,43207
127527911,43209
127535728,43209
127543366,43210
127558143,43271
127565737,43270
127573570,43275
127581189,43275
127589114,43279
127596713,43283
127603515,43285
127611310,43282
127618891,43286
127626726,43288
127634351,43297
127642231,43300
127649788,43307
127657640,43305
127665260,43306
127673117,43405
127680713,43403
127688550,43403
127696144,43401
127704007,43402
127711669,43416
127720161,43412
127727772,43411
127734625,43408
127742418,43413
127749980,43407
127757852,43417
127765478,43426
127773289,43421
127780932,43422
127795651,43436
127803237,43430
127811128,43439
127818692,43438
127826524,43435
127834148,43432
127842025,43434
127849637,43434
127857482,43436
127865106,43441
127872950,43440
127887197,43443
127895105,43437
127909596,43455
127917441,43467
127925122,43454
127933053,43461
127941284,43465
127949162,43462
127956788,43461
127964672,43456
127972296,43460
127980181,43461
127987726,43476
127995587,43465
128003197,43462
128011028,43466
128018627,43473
128026448,43482
128034112,43481
128041951,43478
128049614,43477
128056420,43471
128064227,43477
128071791,43464
128079621,43465
128087218,43464
128095081,43460
128102680,43461
128110530,43456
128118210,43455
128126121,43448
128133720,43448
128149119,43397
128156966,43406
128164606,43406
128172387,43405
128180038,43409
128187862,43411
128195519,43399
128202381,43412
128210263,43407
128217855,43400
128225720,43406
128233396,43404
128241237,43407
128248083,43413
128255695,43414
128263511,43523
128271130,43520
128278973,43527
128286606,43533
128294481,43529
128302089,43541
128309889,43541
128317588,43540
128325419,43543
128332278,43550
128339811,43549
128347599,43548
128355725,43560
128363538,43556
128371166,43568
128379043,43554
128386700,43700
128394568,43698
128402203,43710
128410057,43709
128416962,43711
128424658,43712
128432462,43716
128439324,43720
128446936,43720
128454820,43727
128462419,43731
128470246,43739
128477846,43742
128485730,43749
128493329,43751
128501210,43749
128508817,43741
128516691,43741
128524309,43729
128532168,43743
128538983,43741
128546626,43737
128554426,43735
128562581,43739
128570468,43737
128578161,43729
128586055,43732
128593655,43724
128601534,43714
128608388,43710
128615993,43709
128623850,43608
128631527,43605
128639333,43612
128646913,43616
128654784,43622
128662405,43635
128670239,43625
128677786,43631
128685597,43628
128692489,43633
128700150,43642
128707965,43647
128715595,43644
128723395,43638
128731017,43646
128738860,43647
128746479,43767
128754299,43769
128761872,43775
128769712,43777
128777213,43785
128784793,43786
128792654,43797
128799549,43802
128807201,43808
128815071,43801
128822663,43806
128830541,43816
128838176,43818
128845981,43829
128853664,43848
128861566,43851
128869214,44163
128877038,44170
128884635,44189
128892488,44186
128900119,44193
128907947,44197
128915615,44199
128923398,44206
128930996,44209
128938856,44212
128946518,44220
128954324,44219
128961912,44228
128968780,44232
128976663,44240
128991796,44396
128999635,44404
129007233,44416
129015069,44414
129022668,44422
129030496,44427
129037328,44427
129044903,44437
129052787,44428
129060402,44438
129068255,44438
129075850,44443
129083663,44442
129090569,44453
129098184,44448
129105995,44617
129113626,44628
129121408,44628
129135643,44645
129143475,44646
129151109,44655
129158972,44659
129166570,44670
129173529,44668
129181462,44674
129189098,44676
129197026,44685
129204530,44701
129212171,44699
129226928,44727
129234572,44723
129242387,44721
129249987,44721
129257879,44718
129265507,44716
129273379,44715
129280984,44718
129288809,44726
129296404,44731
129304301,44728
129311936,44727
129318805,44728
129326629,44741
129334275,44746
129342147,44926
129349803,44928
129357660,44936
129365276,44934
129373106,44942
129380697,44956
129388535,44967
129396179,44972
129403997,44979
129411447,44987
129419024,45000
129426895,45005
129434549,45013
129442342,45022
129449900,45037
129457764,45034
129465375,45306
129473252,45305
129480820,45315
129488636,45323
129496256,45332
129503166,45339
129511036,45349
129518680,45353
129526491,45355
129534119,45364
129542021,45370
129549624,45379
129557438,45387
129565091,45398
129572913,45400
129580588,45557
129588435,45556
129596086,45567
129603940,45568
129611603,45564
129620086,45568
129627722,45572
129634642,45575
129642441,45573
129649321,45573
129656964,45578
129664797,45576
129672415,45574
129679306,45576
129687188,45586
129694841,45597
129702716,45681
129710345,45686
129718256,45681
129725861,45685
129733678,45689
129741295,45694
129749177,45696
129756751,45698
129764637,45699
129772236,45699
129780111,45708
129787744,45710
129795549,45708
129803140,45713
129810973,45722
129825493,45781
129834061,45775
129841721,45776
129849598,45781
129857223,45785
129865059,45783
129871937,45788
129879597,45780
129887468,45782
129895096,45786
129902967,45785
129910594,45792
129918410,45789
129926016,45793
129933813,45796
129941414,45803
129949293,45805
129956889,45803
129964726,45806
129972385,45795
129980318,45794
129987227,45799
129994877,45798
130002730,45800
130010364,45793
130018242,45795
130025868,45793
130033654,45795
130041190,45787
130049085,45787
130056707,45792
130064566,45681
130072186,45680
130080098,45669
130087671,45660
130095541,45649
130103113,45652
130109987,45648
130117918,45632
130125579,45625
130132421,45621
130140300,45610
130147911,45606
130155778,45603
130163404,45603
130171289,45588
130185691,45462
130193517,45461
130201111,45461
130208960,45447
130216612,45449
130224438,45436
130231283,45439
130238912,45431
130246780,45418
130254948,45419
130262797,45420
130270358,45413
130278213,45416
130285799,45412
130293674,45400
130301353,45337
130309269,45336
130316868,45327
130324692,45319
130332284,45316
130340132,45319
130346354,45317
130353979,45308
130361837,45307
130376305,45300
130383970,45302
130391916,45303
130398854,45286
130406496,45295
130414362,45294
130421972,45237
130429841,45234
130437494,45233
130445334,45235
130452936,45232
130460813,45234
130468993,45228
130476843,45215
130484495,45218
130491387,45221
130499263,45223
130506867,45223
130514751,45223
130522338,45226
130530217,45204
130537789,45123
130545612,45118
130553246,45108
130561159,45115
130568750,45118
130576609,45109
130583491,45113
130591131,45107
130598962,45112
130606612,45101
130614381,45100
130621981,45106
130629812,45101
130636687,45099
130644343,45096
130652218,45108
130659856,45073
130667658,45073
130675843,45074
130683662,45071
130691320,45074
130699232,45075
130706097,45068
130713754,45073
130721575,45065
130728443,45075
130736030,45075
130743844,45072
130751443,45079
130759309,45072
130766897,45077
130774758,45068
130782349,45030
130790195,45025
130797765,45024
130805532,45024
130813143,45024
130820962,45022
130828627,45024
130836438,45020
130844069,45026
130851911,45022
130859581,45021
130867334,45020
130874971,45018
130883339,45017
130890955,45010
130905713,44936
130913367,44932
130921270,44935
130928866,44936
130936671,44935
130944269,44930
130952129,44926
130959788,44927
130966687,44926
130974495,44918
130982098,44922
130989981,44916
130996850,44910
131004448,44908
131012287,44908
131019869,44746
131027716,44756
131035325,44758
131043222,44752
131050756,44744
131058648,44749
131066239,44751
131074095,44742
131081694,44749
131089519,44749
131097734,44746
131105538,44749
131113203,44746
131121090,44742
131128693,44746
131143327,44895
131150949,44904
131158812,44914
131166435,44919
131174349,44936
131181212,44942
131188837,44946
131196630,44960
131204260,44972
131212131,44984
131219739,44995
131227609,45012
131235264,45024
131243113,45032
131250733,45041
131258554,45485
131266180,45500
131274018,45509
131281647,45519
131289448,45530
131296310,45546
131304571,45542
131312402,45560
131320029,45575
131327892,45587
131335493,45597
131343336,45609
131350953,45622
131357823,45633
131365664,45637
131373266,45638
131381156,45920
131388788,45926
131396602,45939
131404188,45946
131411991,45953
131419618,45958
131427405,45964
131434280,45969
131441848,45977
131448711,45979
131456521,45981
131464105,45986
131471943,45989
131478821,45994
131486422,46001
131494286,46001
131501911,46097
131509755,46100
131517936,46107
131525765,46101
131533382,46105
131541318,46106
131548954,46104
131555857,46033
131563718,46117
131571326,46115
131579210,46117
131586797,46128
131593657,46125
131601485,46119
131609080,46135
131623546,46159
131631302,46149
131639237,46144
131646886,46155
131653834,46149
131661825,46151
131668675,46137
131676269,46143
131683161,46144
131690972,46143
131698617,46134
131706466,46139
131714059,46148
131721939,46143
131730186,46138
131744953,46148
131752610,46162
131760409,46161
131767995,46165
131775958,46164
131783594,46166
131790440,46162
131798312,46175
131805908,46179
131813760,46174
131821358,46177
131829262,46180
131836856,46186
131844735,46184
131852370,46185
131860283,46281
131867842,46281
131875687,46284
131883307,46283
131891217,46285
131898846,46291
131905708,46285
131913561,46283
131921210,46286
131929084,46287
131936750,46295
131945211,46301
131952068,46302
131959722,46289
131967495,46289
131982018,46263
131989884,46265
131997563,46257
132005369,46267
132012970,46258
132020828,46262
132027683,46260
132035295,46263
132043205,46266
132050868,46266
132058798,46266
132066472,46262
132074387,46270
132082003,46267
132089849,46272
132097463,46279
132105349,46272
132112986,46276
132120823,46273
132128423,46272
132135308,46275
132143154,46280
132151372,46281
132159327,46287
132166192,46286
132173817,46283
132181659,46287
132189276,46288
132197097,46292
132204688,46299
132212473,46293
132220119,46327
132227942,46322
132235586,46330
132243365,46333
132251010,46339
132258859,46330
132265721,46330
132273316,46335
132281238,46329
132288844,46329
132296750,46336
132304410,46325
132312295,46333
132319924,46328
132327782,46334
132342275,46369
132350153,46368
132357712,46372
132366204,46367
132373107,46369
132380721,46367
132388566,46372
132396204,46372
132404006,46371
132411646,46367
132419468,46373
132427074,46371
132433955,46371
132441802,46373
132449452,46367
132457295,46368
132464875,46373
132472691,46373
132480332,46365
132488200,46379
132495802,46371
132503667,46375
132511304,46369
132519205,46371
132526103,46380
132533765,46371
132541572,46371
132549199,46370
132557019,46377
132564672,46384
132573116,46383
132580720,46402
132588594,46397
132596168,46398
132603992,46406
132610891,46404
132618489,46406
132626399,46405
132634003,46410
132641853,46409
132649460,46413
132657338,46410
132664911,46408
132672881,46421
132680533,46412
132688459,46411
132702978,46435
132710827,46442
132718434,46433
132726309,46435
132733914,46441
132741776,46438
132749408,46430
132757321,46443
132764192,46445
132771824,46440
132779685,46446
132787804,46442
132795669,46452
132803336,46455
132811194,46451
132818789,46473
132826705,46476
132834305,46479
132842179,46480
132849077,46474
132856728,46475
132870480,46475
132878196,46479
132886080,46472
132893721,46468
132901527,46476
132908378,46478
132916006,46479
132923866,46471
132938469,46403
132946300,46393
132953886,46389
132961766,46389
132969401,46383
132977269,46379
132984876,46381
132992718,46376
133000897,46375
133008788,46372
133016388,46376
133024280,46365
133031823,46357
133039661,46355
133047337,46357
133055221,46296
133062835,46289
133070649,46291
133078247,46294
133085111,46282
133093002,46282
133100681,46282
133108506,46269
133116138,46273
133122990,46272
133130833,46269
133138406,46270
133146224,46262
133153811,46270
133161667,46270
133169307,46264
133177149,46184
133184759,46174
133192602,46174
133200206,46172
133208713,46162
133216330,46164
133224212,46151
133231081,46148
133238718,46148
133246527,46142
133254121,46133
133261984,46128
133268902,46122
133276542,46125
133284334,46116
133298778,45994
133306603,45998
133314248,45995
133322146,45994
133329752,45991
133337560,45993
133345186,45989
133352032,45972
133359882,45970
133367490,45970
133375351,45963
133382944,45969
133389816,45954
133397673,45945
133405299,45941
133420618,45725
133428241,45722
133436092,45715
133443746,45710
133451589,45705
133459222,45701
133467098,45707
133474695,45697
133482554,45702
133490205,45686
133498056,45689
133505000,45686
133512691,45677
133520579,45679
133535210,45556
133543127,45556
133550755,45545
133558526,45551
133565405,45541
133573047,45543
133580924,45541
133588556,45540
133596456,45529
133604087,45530
133611936,45518
133619564,45517
133627427,45500
133635660,45503
133643502,45495
133651120,45110
133658975,45097
133666611,45088
133674333,45070
133681953,45061
133689794,45048
133697423,45035
133705340,45024
133712957,45014
133720781,45003
133727628,44997
133735305,44981
133743219,44977
133750869,44971
133758809,44957
133773258,44725
133781127,44718
133788758,44705
133796563,44708
133804143,44702
133811970,44700
133819579,44694
133827470,44686
133835062,44680
133843482,44669
133851137,44669
133859000,44662
133865868,44655
133873435,44657
133881368,44647
133888976,44503
133896827,44488
133904422,44488
133912314,44483
133919923,44474
133927835,44477
133935490,44473
133943387,44464
133950997,44466
133957869,44463
133964723,44454
133972533,44448
133980173,44441
133988013,44440
133995650,44441
134003433,44434
134011033,44331
134018900,44337
134026563,44326
134034422,44324
134042035,44315
134050437,44313
134058037,44304
134065881,44306
134073480,44297
134081333,44293
134088915,44295
134096739,44287
134111220,44290
134118899,44282
134126824,44188
134134416,44190
134142322,44182
134149920,44185
134156793,44189
134164656,44183
134172313,44171
134180231,44166
134187832,44173
134194726,44172
134201630,44170
134209482,44167
134217166,44164
134225079,44162
134232743,44159
134240619,44157
134255072,44093
134262934,44100
134271180,44095
134279003,44096
134286598,44092
134294434,44101
134302049,44090
134309969,44090
134317632,44091
134325458,44095
134333049,44085
134339920,44088
134347793,44091
134355403,44098
134370224,44050
134377852,44058
134385713,44047
134393370,44042
134401188,44036
134408797,44037
134416669,44035
134424260,44032
134432131,44038
134439740,44039
134447533,44029
134455169,44034
134462991,44022
134470617,44023
134479173,44030
134486854,44018
134494769,44021
134502407,44016
134510312,44016
134517229,44020
134524799,44017
134532653,44010
134540295,44013
134548239,44013
134555843,44020
134563717,44019
134571351,44018
134578263,44011
134586145,44019
134593768,44013
134601562,44042
134609167,44032
134617009,44036
134624694,44035
134632586,44038
134640204,44036
134648046,44038
134655720,44033
134663494,44035
134671088,44040
134677979,44031
134686364,44044
134694002,44034
134701851,44032
134709464,44030
134717322,44027
134724910,44059
134732775,44063
134740385,44058
134748247,44058
134755132,44064
134762767,44056
134770656,44055
134778300,44064
134786184,44059
134793823,44060
134800667,44066
134808506,44054
134816095,44062
134823972,44053
134831631,44058
134839435,44065
134847015,44080
134854883,44075
134862562,44081
134870407,44079
134878029,44079
134885897,44083
134894138,44085
134901987,44088
134909669,44086
134916549,44077
134924423,44080
134932031,44085
134938858,44080
134946699,44082
134954306,44083
134969031,44112
134976690,44112
134984539,44108
134991407,44104
134998972,44112
135006797,44104
135014414,44097
135022308,44088
135029969,44090
135036925,44084
135043859,44078
135051761,44078
135058699,44070
135066337,44061
135074188,44068
135088653,43950
135096457,43950
135104046,43955
135111819,43937
135119450,43938
135127372,43936
135134965,43942
135142779,43940
135150377,43931
135157226,43923
135164115,43930
135171991,43925
135178869,43924
135186488,43921
135194383,43924
135208854,43855
135216673,43844
135224312,43846
135231198,43844
135239027,43843
135246670,43837
135254509,43837
135262153,43840
135269985,43832
135277581,43839
135284439,43832
135292293,43827
135299118,43822
135306731,43820
135314560,43821
135322786,43776
135330615,43780
135338243,43781
135346085,43777
135360349,43784
135368288,43791
135375893,43789
135383745,43788
135391384,43787
135398301,43797
135406176,43789
135413029,43797
135420680,43786
135428532,43796
135443019,43852
135450834,43848
135458464,43852
135465361,43855
135473259,43866
135480905,43865
135488853,43876
135496496,43879
135504405,43888
135512074,43890
135518942,43883
135526812,43899
135534441,43914
135542922,43917
135550517,43922
135558368,44458
135565964,44481
135573785,44508
135581436,44529
135589371,44553
135596998,44587
135604873,44617
135612469,44644
135620325,44687
135627932,44716
135634047,44742
135641680,44778
135649509,44798
135657111,44818
135664985,44847
135672597,44867
135680428,45467
135688040,45480
135695986,45487
135703653,45500
135711556,45513
135719176,45526
135727047,45543
135734686,45545
135742497,45561
135750703,45576
135758494,45588
135766097,45594
135773025,45613
135780895,45613
135788479,45630
135803342,45793
135810937,45800
135818791,45798
135826410,45801
135834306,45809
135841931,45802
135849771,45810
135857394,45816
135865283,45818
135872849,45825
135880675,45826
135888281,45819
135896172,45837
135903839,45834
135911758,45836
135919415,45809
135927298,45805
135934843,45807
135941698,45801
135949475,45803
135957655,45795
135965564,45790
135973221,45786
135981043,45781
135988722,45778
135995582,45786
136003392,45784
136010198,45769
136017814,45763
136025624,45762
136033240,45763
136041080,45674
136048756,45662
136056563,45658
136064197,45654
136072029,45649
136079677,45644
136087508,45635
136095084,45627
136102933,45623
136110598,45622
136118425,45610
136126024,45615
136133881,45600
136141510,45603
136149357,45592
136163804,45365
136172305,45362
136179218,45345
136186806,45354
136194599,45350
136202208,45347
136210023,45333
136217694,45335
136225491,45323
136233126,45312
136240993,45319
136248638,45308
136256461,45305
136264080,45305
136271907,45285
136279501,45180
136287345,45175
136294865,45166
136302671,45164
136310285,45158
136318249,45153
136325891,45159
136333857,45162
136341481,45155
136349352,45157
136356223,45139
136363846,45151
136370724,45148
136379233,45143
136386865,45146
136394730,45146
136402358,45098
136410267,45099
136417831,45089
136425683,45087
136433295,45095
136441144,45091
136448826,45086
136456687,45085
136464283,45088
136472152,45085
136479786,45081
136487596,45078
136495230,45082
136503084,45088
136510738,45086
136518560,45070
136526175,45062
136533985,45061
136541588,45064
136549406,45065
136556994,45060
136564876,45056
136572446,45051
136580302,45059
136588604,45066
136601378,45050
136608289,45057
136615893,45045
136623745,45052
136638222,45023
136646089,45030
136653014,45019
136660680,45017
136668511,45019
136676122,45015
136683958,45010
136691621,45011
136699449,45015
136707171,45011
136715077,45013
136722723,45017
136730584,45014
136738236,45016
136746045,45016
136753687,45007
136761497,45009
136769082,45001
136776928,45010
136784517,45012
136792370,45006
136799966,45001
136808542,45009
136816212,45000
136824133,44995
136831070,45001
136838722,45004
136845598,45004
136853430,44999
136861072,45000
136868942,45002
136876501,44938
136884357,44934
136891213,44934
136898826,44931
136906678,44931
136914329,44926
136922202,44928
136929821,44922
136937614,44916
136945236,44917
136953059,44904
136960702,44904
136968537,44898
136976135,44886
136983963,44892
136998475,44682
137006332,44684
137014463,44680
137022395,44670
137029991,44670
137037863,44658
137045476,44652
137053384,44646
137061004,44652
137068865,44649
137076469,44646
137084367,44638
137091964,44633
137099827,44633
137107472,44638
137115343,44667
137122916,44665
137129761,44668
137137535,44669
137145176,44662
137153039,44671
137160671,44674
137168495,44672
137176100,44668
137183968,44656
137190840,44662
137198468,44654
137206326,44656
137213932,44647
137221750,44642
137236756,44506
137244609,44494
137252242,44489
137260080,44485
137267734,44476
137275540,44474
137283104,44462
137290982,44461
137298640,44451
137306429,44447
137314012,44439
137321878,44436
137328760,44426
137336385,44424
137344213,44421
137351859,44265
137359738,44264
137367450,44258
137375351,44256
137382918,44250
137390764,44246
137398401,44244
137406248,44249
137413914,44245
137421759,44241
137429435,44238
137437915,44233
137444778,44243
137452397,44225
137460306,44232
137467925,44223
137475789,44174
137483407,44160
137491271,44172
137498900,44171
137506740,44172
137514384,44172
137522249,44166
137529817,44165
137537634,44157
137545298,44161
137552212,44162
137560126,44165
137567800,44164
137575692,44163
137583323,44171
137598154,44152
137605054,44147
137612695,44148
137620522,44142
137628127,44150
137635998,44141
137644306,44154
137652159,44143
137659813,44141
137667611,44147
137675257,44147
137683080,44139
137690722,44147
137698556,44142
137706190,44147
137714026,44208
137721674,44213
137729553,44214
137737179,44212
137745042,44213
137752678,44212
137760468,44222
137768080,44219
137775919,44221
137783520,44226
137790430,44237
137798320,44234
137805129,44239
137812786,44243
137820636,44249
137828243,44261
137836069,44593
137850364,44619
137858322,44637
137866647,44656
137874481,44680
137882109,44705
137889924,44737
137897555,44758
137904462,44785
137912375,44811
137919192,44847
137926828,44869
137933683,44902
137941547,44941
137949106,45800
137957002,45818
137963839,45823
137971435,45838
137979319,45848
137986876,45859
137994701,45879
138002326,45880
138010212,45900
138017797,45909
138024671,45920
138032460,45932
138039383,45950
138047041,45961
138053994,45965
138061966,45984
138069622,46195
138078182,46194
138085844,46204
138093643,46203
138101282,46196
138109176,46208
138116793,46204
138124647,46208
138132303,46209
138140192,46222
138147805,46215
138155656,46224
138163278,46218
138170127,46228
138177965,46232
138185584,46235
138193432,46186
138200317,46161
138207862,46169
138215664,46156
138223268,46146
138231163,46137
138238803,46118
138246707,46106
138254383,46106
138262293,46096
138269884,46075
138277713,46066
138285803,46055
138293603,46034
138301249,46021
138315992,45742
138323646,45740
138331450,45733
138339020,45729
138346880,45723
138354488,45718
138362419,45725
138370045,45719
138377913,45710
138385507,45711
138393413,45705
138401037,45705
138408889,45705
138416484,45707
138424369,45703
138431928,45725
138438771,45725
138446619,45731
138454252,45734
138462099,45735
138469746,45737
138477571,45742
138485196,45739
138493678,45734
138500536,45732
138508150,45749
138516017,45745
138523662,45744
138531498,45754
138539133,45750
138553916,45766
138561502,45765
138569388,45761
138576990,45760
138584850,45764
138592563,45765
138600509,45763
138608160,45769
138615990,45766
138623633,45770
138631485,45776
138638367,45773
138645966,45771
138653821,45763
138661430,45774
138669323,45757
138676926,45763
138684754,45758
138692389,45755
138700236,45756
138708464,45755
138716293,45757
138723878,45753
138731728,45753
138739368,45751
138747223,45745
138754084,45747
138761727,45745
138769621,45742
138776524,45746
138784159,45743
138792067,45737
138798976,45736
138806543,45742
138814398,45744
138821947,45735
138829792,45737
138837408,45741
138845314,45735
138852918,45738
138860876,45738
138868541,45727
138875463,45732
138883387,45736
138890987,45729
138897839,45734
138905719,45733
138913918,45703
138921861,45704
138929547,45708
138937443,45710
138945088,45711
138952947,45704
138960530,45710
138968409,45710
138976047,45713
138982862,45710
138990685,45708
138998331,45699
139006126,45703
139013005,45705
139020641,45699
139035350,45687
139042960,45685
139050841,45695
139058480,45687
139066419,45685
139073976,45686
139081816,45683
139096083,45682
139104004,45679
139110880,45683
139118488,45676
139126427,45672
139134730,45680
139142575,45671
139150141,45654
139157029,45654
139164922,45657
139172541,45655
139180434,45648
139188037,45649
139195956,45657
139203619,45649
139211437,45657
139219031,45651
139225908,45649
139233774,45642
139241402,45638
139249318,45655
139256912,45640
139271588,45620
139279193,45614
139287006,45620
139294648,45609
139302446,45603
139310046,45594
139317909,45589
139325522,45589
139333438,45581
139341576,45580
139349463,45574
139357067,45579
139364927,45577
139372542,45568
139380415,45557
139388000,45445
139394870,45443
139402705,45445
139410353,45441
139418218,45434
139425888,45437
139433707,45437
139441341,45428
139449221,45428
139456829,45417
139463714,45415
139471564,45419
139479156,45419
139487102,45416
139494740,45421
139502614,45409
139510220,45305
139518041,45290
139525700,45295
139533561,45290
139541151,45287
139548978,45284
139557166,45287
139564980,45276
139572637,45277
139579519,45272
139586410,45265
139594309,45260
139601990,45257
139609840,45250
139617464,45248
139632224,45088
139639822,45089
139647592,45079
139655228,45075
139663111,45079
139670773,45072
139678545,45069
139686139,45073
139693980,45071
139701638,45065
139709497,45056
139717083,45061
139724929,45058
139732579,45056
139740431,45057
139747970,44995
139755801,44993
139763967,44989
139771826,44991
139779490,44981
139787403,44975
139795000,44986
139802846,45043
139810463,44976
139818332,44970
139825181,44975
139832813,44970
139840714,44969
139848318,44971
139856135,44967
139869936,44963
139877512,44961
139885367,44956
139892912,44962
139900730,44959
139908381,44950
139916277,44957
139923889,44958
139931722,44966
139939354,44964
139946198,44962
139954018,44964
139961644,44951
139969461,44971
139977731,44971
139985539,44987
139993159,44979
140000997,44977
140008652,44985
140016498,44977
140024090,44982
140031956,44987
140039545,44984
140047447,44978
140055090,44985
140061296,44976
140069143,44983
140076807,44979
140084615,44979
140092248,44981
140100084,44981
140107741,44967
140115583,44956
140123203,44958
140131118,44961
140138778,44961
140146687,44960
140154370,44958
140162200,44968
140169834,44961
140177689,44963
140185947,44964
140193834,44958
140201481,44967
140209352,44973
140216925,44969
140229967,44995
140237813,44986
140245415,44987
140253302,45001
140260947,44996
140268786,45001
140276379,44997
140284224,44996
140291838,44997
140299663,45000
140307293,44990
140315148,44994
140322764,44994
140337234,44992
140344103,44886
140351790,44888
140359551,44880
140367138,44870
140375053,44866
140382720,44868
140390549,44864
140398815,44852
140406717,44845
140414332,44846
140420520,44833
140428412,44836
140435959,44828
140443842,44825
140451484,44820
140459327,44820
140466887,44726
140474702,44723
140482296,44718
140490117,44717
140497742,44716
140505580,44705
140513237,44693
140521094,44696
140528781,44692
140535625,44677
140543473,44682
140551084,44677
140558932,44674
140566515,44683
140574377,44673
140581312,44576
140588916,44569
140596734,44571
140604957,44568
140612809,44566
140620405,44562
140628242,44556
140635851,44555
140643687,44551
140651304,44549
140657520,44544
140665404,44541
140673028,44533
140680841,44529
140688440,44532
140696288,44522
140703913,44479
140711848,44481
140719541,44475
140727461,44478
140735140,44478
140743097,44477
140750742,44473
140758537,44470
140766137,44469
140773010,44469
140780835,44466
140788476,44473
140796353,44474
140803964,44470
140811799,44476
140819265,44473
140826838,44422
140834649,44422
140842291,44424
140850137,44425
140857777,44459
140865601,44424
140873246,44419
140881068,44417
140888728,44424
140896506,44420
140904111,44417
140911966,44420
140919590,44421
140927513,44421
140935118,44422
140949751,44424
140957341,44423
140965223,44430
140972817,44432
140980643,44429
140988297,44435
140996165,44417
141003775,44426
141010635,44429
141018453,44426
141026719,44422
141034551,44432
141042182,44432
141050030,44429
141057729,44432
141065514,44447
141072421,44447
141080073,44449
141087990,44444
141095626,44444
141103519,44449
141111123,44440
141119026,44445
141126668,44447
141134451,44445
141141337,44451
141148892,44446
141156651,44448
141164258,44445
141172138,44450
141179039,44455
141186660,44456
141193512,44446
141201394,44455
141208984,44450
141216800,44449
141224428,44456
141232297,44458
141240528,44454
141248443,44449
141256078,44445
141263973,44447
141271550,44445
141279400,44448
141287022,44452
141294838,44448
141309338,44438
141317207,44436
141324840,44428
141332631,44431
141340245,44437
141348083,44427
141355754,44430
141363598,44427
141371234,44420
141379145,44416
141386834,44416
141394784,44409
141402474,44406
141410375,44390
141417285,44388
141424904,44215
141432770,44215
141440419,44209
141448958,44205
141456612,44193
141464510,44203
141472106,44194
141479980,44184
141487673,44182
141494554,44179
141501482,44180
141509360,44169
141517010,44175
141524837,44171
141532497,44172
141547263,44049
141554874,44042
141562667,44034
141570299,44042
141584822,44033
141592456,44032
141600395,44033
141607391,44030
141615246,44027
141622893,44021
141630745,44026
141638382,44018
141646276,44011
141653136,44013
141661387,43934
141668360,43925
141676235,43919
141683840,43924
141691728,43923
141699342,43917
141707200,43913
141714828,43912
141722677,43919
141730307,43916
141738117,43908
141745753,43912
141753517,43916
141761112,43898
141768962,43910
141783452,43896
141790343,43898
141798175,43890
141805813,43889
141813586,43892
141821187,43881
141829021,43887
141836636,43888
141844512,43882
141852144,43881
141860022,43888
141867693,43883
141876211,43879
141883811,43875
141890700,43871
141898511,43844
141905379,43844
141913032,43843
141920932,43849
141928579,43845
141936495,43843
141944098,43847
141951911,43848
141959497,43848
141967336,43850
141974963,43852
141982843,43850
141990476,43845
141998351,43852
142005948,43843
142013734,43846
142021351,43848
142029239,43846
142036880,43846
142044789,43848
142052479,43849
142060393,43850
142067951,43848
142075782,43843
142083934,43838
142090787,43839
142097678,43848
142105564,43846
142113188,43847
142121062,43839
142128713,43843
142143418,43835
142151042,43832
142158831,43832
142166455,43834
142174361,43839
142181958,43837
142189806,43841
142197436,43838
142205346,43834
142212900,43837
142220728,43840
142228346,43840
142236173,43839
142243860,43840
142250685,43846
142258502,43841
142266165,43851
142274060,43844
142281679,43847
142289470,43849
142297727,43850
142305577,43844
142313184,43844
142320983,43846
142327885,43851
142335512,43851
142343387,43852
142350969,43849
142358803,43858
142366428,43852
142374346,43856
142381936,43840
142389878,43844
142397557,43839
142405471,43840
142413102,43838
142420975,43838
142428591,43834
142436474,43821
142444067,43831
142451905,43820
142458761,43824
142466378,43826
142474173,43812
142481810,43814
142488610,43815
142496465,43815
142504682,43785
142512513,43796
142520148,43795
142528031,43796
142535674,43791
142543529,43790
142551136,43788
142558991,43787
142566591,43794
142574456,43777
142582080,43783
142589945,43779
142597586,43785
142605463,43787
142613040,43776
142627686,43770
142635317,43770
142643149,43779
142650755,43785
142658544,43773
142666193,43779
142674004,43776
142681614,43778
142688495,43785
142696362,43781
142704017,43776
142712497,43777
142720122,43781
142728013,43778
142742536,43780
142750371,43791
142757984,43795
142765855,43785
142773473,43793
142781389,43793
142788956,43798
142796813,43795
142804419,43781
142812270,43798
142825733,43805
142833566,43793
142840466,43797
142848080,43799
142855970,43815
142863646,43806
142871492,43810
142879024,43804
142886838,43812
142894476,43814
142902375,43808
142910003,43807
142917818,43809
142924738,43806
142932416,43797
142940296,43807
142947889,43810
142955698,43821
142963365,43818
142971291,43817
142978970,43862
142986879,43876
142993814,43866
143001447,43871
143009276,43879
143016871,43873
143024668,43880
143032296,43874
143040141,43877
143047789,43874
143055579,43879
143063207,43883
143071156,43882
143078814,43884
143086657,43897
143101183,43940
143109066,43939
143116702,43939
143124513,43937
143132078,43944
143140575,43943
143148136,43944
143156004,43947
143163649,43946
143170533,43950
143178391,43953
143186040,43945
143193898,43947
143201547,43950
143209413,43949
143217004,44003
143224823,44001
143232409,44003
143240322,44004
143247902,43999
143255694,44007
143263324,43999
143271163,44005
143278792,44005
143286605,44004
143294167,44008
143302040,44017
143309677,44015
143316562,44012
143324439,44015
143338906,44002
143347322,44000
143354907,43991
143362743,43994
143370351,43982
143378210,43982
143385850,43972
143393697,43974
143401311,43961
143409198,43966
143416845,43962
143424753,43963
143432456,43954
143440354,43949
143447942,43945
143455795,43868
143463418,43866
143471294,43863
143478192,43865
143485835,43864
143493640,43850
143501280,43849
143509150,43853
143516790,43849
143523662,43853
143531513,43840
143539057,43848
143546883,43842
143555135,43843
143563061,43837
143577661,43800
143585514,43796
143593125,43794
143600994,43793
143608652,43789
143616523,43791
143624095,43791
143631953,43796
143639577,43792
143647451,43791
143655078,43801
143662929,43803
143670529,43794
143677386,43792
143685320,43796
143692983,43802
143700937,43786
143708648,43792
143716538,43794
143724129,43799
143732000,43802
143739618,43806
143747478,43804
143755067,43807
143761938,43810
143770456,43810
143778077,43809
143785923,43807
143792791,43805
143800450,43810
143808356,43806
143815986,43796
143823893,43791
143831525,43789
143839379,43791
143846956,43795
143854811,43796
143862441,43790
143870294,43792
143877860,43792
143885621,43793
143892458,43794
143900072,43793
143907959,43791
143915557,43796
143923475,43797
143931070,43810
143938925,43823
143946518,43817
143954370,43823
143961927,43818
143969785,43826
143977926,43825
143985749,43830
143993326,43834
144001131,43831
144008783,43832
144016650,43835
144024280,43832
144031153,43834
144039051,43837
144046712,43837
144054516,43865
144062088,43860
144076558,43867
144083483,43864
144091107,43873
144098950,43880
144106564,43870
144114483,43870
144121350,43871
144128956,43870
144136890,43874
144144606,43885
144152502,43876
144160131,43868
144174858,43910
144182476,43916
144190321,43913
144198573,43915
144206434,43917
144214016,43920
144221896,43923
144229494,43914
144237362,43916
144244358,43912
144252206,43923
144259848,43923
144266702,43926
144274502,43935
144282138,43928
144289978,43959
144297575,43956
144305455,43957
144313088,43957
144321031,43950
144328737,43956
144336671,43951
144344340,43947
144352161,43946
144359032,43941
144365930,43945
144373560,43943
144381406,43930
144389040,43938
144396905,43937
144412041,43782
144419846,43794
144427460,43788
144435316,43790
144442913,43783
144450721,43779
144458356,43771
144466265,43770
144473903,43771
144480082,43761
144487974,43758
144495578,43758
144503457,43752
144511074,43756
144518918,43746
144533440,43677
144541267,43675
144548878,43670
144556655,43668
144564267,43672
144572141,43673
144579839,43657
144587657,43665
144595298,43655
144603163,43655
144611435,43656
144619395,43653
144626254,43660
144633860,43659
144648527,43610
144656098,43614
144663953,43604
144671562,43609
144679458,43609
144687015,43599
144694879,43600
144702538,43597
144710471,43606
144718124,43599
144726038,43594
144733727,43602
144741515,43594
144749132,43600
144756969,43593
144764564,43613
144772468,43605
144780109,43603
144787968,43595
144795607,43602
144803486,43605
144811086,43604
144818979,43608
144827196,43610
144834044,43606
144840893,43604
144848751,43601
144856388,43601
144864213,43605
144871880,43598
144886536,43602
144894134,43608
144901993,43608
144909626,43600
144917512,43608
144925103,43610
144933016,43606
144940636,43604
144948469,43608
144955990,43607
144963854,43607
144971510,43618
144979451,43613
144986348,43609
144993906,43611
145001748,43634
145009364,43626
145017211,43634
145024855,43637
145033282,43635
145040889,43638
145048711,43631
145055565,43637
145063180,43639
145071054,43635
145078692,43636
145086551,43640
145094182,43645
145102068,43646
145109710,43639
145117548,43643
145125108,43643
145132935,43632
145140520,43641
145148399,43635
145155987,43642
145163845,43634
145171530,43646
145179447,43640
145187104,43648
145193988,43642
145200931,43635
145208762,43646
145216392,43650
145224212,43655
145231844,43650
145247293,43669
145255170,43676
145262853,43678
145270601,43680
145278194,43674
145286105,43679
145293723,43674
145301584,43678
145309181,43685
145323759,43682
145331715,43684
145339368,43678
145347196,43682
145361729,43619
145369534,43621
145377129,43622
145385010,43606
145392622,43621
145400492,43612
145408067,43613
145414916,43606
145422738,43604
145430405,43602
145437244,43605
145445098,43595
145452730,43606
145461289,43602
145468965,43597
145476807,43594
145484408,43587
145492292,43591
145499881,43583
145507665,43592
145515284,43590
145523137,43584
145530771,43588
145538557,43590
145546119,43592
145552952,43581
145560786,43580
145568384,43578
145576280,43581
145583917,43584
145591740,43575
145599359,43587
145607172,43587
145614850,43582
145622657,43586
145630367,43578
145638302,43583
145645987,43582
145653871,43589
145661477,43590
145669020,43589
145675883,43585
145683674,43592
145691297,43594
145699120,43591
145706026,43586
145713658,43590
145721515,43623
145729112,43624
145736987,43628
145744573,43628
145752453,43627
145760073,43628
145767968,43632
145775597,43638
145783478,43631
145791065,43639
145798869,43636
145806483,43637
145814288,43631
145821927,43632
145829733,43631
145844306,43617
145852168,43618
145859826,43615
145867692,43614
145875798,43618
145883663,43621
145891272,43619
145899110,43622
145906742,43630
145914585,43632
145922186,43634
145930040,43625
145937640,43630
145944524,43634
145952431,43631
145960010,43678
145967880,43684
145975523,43680
145983402,43682
145991059,43688
145998914,43696
146006560,43695
146014427,43696
146021248,43691
146028876,43700
146036683,43699
146044364,43702
146052210,43703
146059847,43702
146067618,43703
146075229,43759
146083101,43747
146091330,43753
146099189,43758
146106821,43753
146114684,43758
146122349,43757
146130283,43754
146137890,43759
146145665,43769
146152505,43772
146159378,43769
146166961,43772
146174753,43768
146181586,43780
146189201,43767
146197053,43812
146204714,43815
146212585,43815
146220219,43816
146228086,43809
146235733,43817
146243553,43820
146251128,43818
146258973,43825
146266594,43822
146274508,43814
146282065,43817
146289904,43822
146298188,43820
146306055,43823
146320551,43764
146328437,43758
146336029,43759
146343841,43748
146351430,43750
146359286,43747
146366938,43747
146374778,43732
146382400,43734
146389247,43739
146397095,43725
146404707,43732
146412563,43713
146419412,43714
146427015,43722
146434844,43660
146442473,43659
146450403,43656
146457997,43655
146465887,43653
146473483,43655
146481301,43634
146488936,43641
146496792,43637
146504987,43636
146512865,43635
146520523,43637
146528398,43640
146536031,43638
146543922,43632
146565021,43598
146572939,43603
146580591,43603
146588484,43607
146596134,43600
146603980,43605
146611580,43603
146619463,43595
146625641,43596
146633308,43598
146641161,43593
146648785,43594
146655656,43597
146663511,43592
146671065,43599
146678917,43593
146686513,43600
146694357,43601
146701934,43600
146709739,43605
146717353,43608
146725822,43606
146733437,43614
146741324,43607
146748913,43609
146756729,43602
146764343,43611
146771214,43607
146779073,43615
146786725,43608
146794557,43601
146802137,43603
146809997,43603
146817640,43603
146825570,43598
146833161,43604
146841016,43599
146848638,43601
146856553,43605
146864196,43604
146871089,43601
146878901,43600
146886475,43605
146894321,43603
146901906,43607
146916579,43643
146924189,43646
146932541,43648
146940157,43657
146948022,43657
146955666,43660
146963567,43659
146971164,43660
146979029,43660
146985894,43667
146991820,43664
146999671,43669
147007282,43673
147014148,43671
147021983,43675
147036410,43703
147044220,43696
147051854,43707
147059668,43708
147067237,43706
147075075,43712
147082671,43708
147090516,43709
147098121,43721
147104977,43697
147111094,43712
147118740,43707
147126601,43716
147134235,43722
147142097,43721
147150323,43753
147158149,43753
147165826,43751
147173648,43754
147181298,43754
147189179,43754
147196843,43756
147204677,43760
147212262,43761
147220127,43761
147226012,43767
147233862,43769
147241480,43765
147249333,43764
147256908,43770
147264834,43765
147272521,43770
147280410,43765
147287974,43760
147295761,43758
147303376,43762
147311249,43754
147318907,43750
147326759,43747
147334417,43746
147341291,43744
147349130,43735
147357343,43731
147365188,43734
147372098,43720
147379725,43732
147387584,43724
147395206,43629
147403068,43636
147410681,43630
147418522,43629
147426133,43619
147434006,43617
147441644,43626
147449529,43616
147457150,43620
147465038,43621
147471904,43615
147479511,43606
147487405,43614
147494963,43607
147502764,43601
147510373,43612
147518232,43540
147525895,43534
147533759,43537
147541344,43539
147549244,43525
147556905,43532
147565439,43532
147573066,43530
147579978,43533
147586863,43528
147594712,43520
147602328,43524
147610160,43523
147617770,43523
147625596,43526
147640104,43491
147647918,43482
147655542,43482
147663422,43486
147671006,43482
147678845,43492
147686454,43488
147694256,43490
147701146,43488
147708039,43485
147714914,43489
147722536,43490
147730456,43479
147738070,43488
147746018,43489
147760595,43476
147768490,43466
147776621,43467
147784530,43467
147792125,43471
147806554,43462
147813488,43462
147820418,43468
147828240,43462
147835843,43467
147843705,43465
147850563,43464
147858186,43459
147872950,43484
147880617,43485
147888511,43484
147896073,43490
147903895,43481
147911515,43490
147919380,43479
147926958,43485
147933876,43483
147940817,43484
147948591,43491
147956163,43486
147964000,43478
147970838,43490
147978456,43488
147993212,43519
148001528,43519
148009437,43518
148017026,43521
148024854,43515
148032503,43512
148040348,43506
148047941,43515
148055773,43518
148063378,43518
148071225,43519
148078875,43525
148085724,43522
148093590,43515
148101162,43517
148109007,43530
148116632,43532
148124509,43532
148132077,43530
148139924,43534
148147533,43532
148155415,43537
148163021,43538
148170826,43538
148178459,43532
148186448,43546
148194041,43535
148201928,43531
148210050,43544
148217861,43534
148232296,43562
148240155,43565
148247783,43564
148255579,43557
148263211,43567
148271024,43582
148278650,43575
148286521,43559
148293403,43568
148300317,43562
148307979,43568
148315892,43559
148323554,43558
148331449,43559
148339079,43564
148346975,43493
148354609,43493
148362480,43495
148370080,43487
148377948,43492
148385602,43492
148393518,43492
148401185,43494
148409048,43498
148417242,43498
148425096,43497
148432729,43488
148439601,43496
148446454,43486
148454351,43501
148468854,43476
148476664,43474
148484249,43467
148492086,43478
148499750,43478
148507557,43476
148515174,43477
148523081,43481
148530692,43469
148538591,43477
148546160,43472
148554036,43475
148560884,43469
148568479,43470
148576332,43466
148583950,43468
148591759,43476
148599388,43469
148607240,43467
148614891,43458
148622645,43462
148630897,43463
148638692,43462
148646335,43467
148654154,43456
148661064,43464
148668675,43465
148676520,43463
148684106,43460
148691917,43467
148699540,43466
148707426,43478
148715049,43476
148722899,43483
148730511,43482
148738399,43486
148746020,43482
148753837,43480
148761424,43477
148769275,43478
148776923,43473
148784712,43469
148792313,43467
148799195,43471
148806041,43466
148813888,43473
148821493,43472
148829333,43464
148837622,43459
148845535,43466
148853091,43468
148860932,43468
148868545,43467
148876422,43466
148884020,43470
148891895,43472
148899512,43476
148907363,43476
148914966,43476
148921797,43483
148929671,43489
148937268,43481
148951918,43527
148959538,43540
148967412,43541
148975010,43532
148982902,43548
148990598,43543
148998548,43540
149006190,43548
149014080,43545
149021702,43553
149029574,43553
149037124,43548
149052162,43556
149066845,43576
149074664,43578
149082296,43581
149090178,43572
149097810,43577
149105605,43580
149113222,43584
149121096,43585
149128714,43587
149134985,43590
149142846,43594
149150470,43587
149157318,43593
149165142,43594
149172755,43595
149180617,43642
149188231,43638
149196080,43640
149203691,43639
149211569,43644
149219192,43654
149227065,43647
149234687,43652
149242579,43652
149250216,43646
149258155,43642
149266503,43643
149274452,43641
149281296,43648
149288910,43647
149303544,43560
149311110,43558
149318915,43558
149326528,43551
149334401,43545
149341984,43536
149349818,43540
149357429,43538
149365252,43533
149372125,43529
149379797,43526
149387614,43518
149395237,43517
149402121,43520
149410072,43622
149424543,43433
149432427,43435
149440052,43437
149447872,43427
149455517,43424
149463390,43438
149471632,43427
149479531,43428
149487093,43431
149494953,43425
149502580,43426
149510464,43423
149517348,43422
149524961,43431
149539646,43381
149547242,43386
149555072,43376
149562664,43385
149570537,43383
149578105,43380
149585971,43381
149593583,43381
149601448,43375
149609060,43370
149616894,43374
149624496,43380
149632366,43373
149639959,43372
149647792,43368
149655414,43356
149663220,43367
149670876,43351
149678703,43363
149686957,43361
149694769,43356
149702368,43357
149710224,43355
149717880,43357
149725779,43359
149732685,43356
149739569,43357
149747169,43357
149755094,43353
149762002,43354
149769665,43357
149777570,43310
149785228,43310
149793094,43314
149800777,43310
149808598,43310
149816232,43310
149824063,43307
149831665,43313
149839532,43315
149847092,43318
149854952,43315
149862616,43310
149870486,43315
149877349,43318
149884958,43311
149900283,43366
149907921,43358
149915692,43361
149923324,43362
149931224,43370
149938868,43363
149946710,43368
149954311,43369
149962201,43358
149969845,43366
149977677,43375
149985294,43372
149993150,43372
150000753,43376
150008610,43376
150016198,43397
150024012,43401
150031640,43398
150039473,43397
150047059,43403
150054886,43394
150062501,43399
150070404,43401
150078018,43401
150085859,43402
150093501,43395
150100887,43395
150108737,43405
150115607,43396
150123182,43402
150131056,43396
150138722,43430
150146639,43427
150154296,43439
150162236,43436
150169887,43438
150177774,43440
150185417,43441
150193238,43439
150200915,43447
150208723,43438
150216357,43444
150224201,43444
150231815,43438
150239633,43442
150246464,43442
150260893,43464
150268676,43449
150276222,43457
150284134,43461
150298395,43461
150306279,43458
150313941,43444
150322477,43449
150329357,43453
150336244,43451
150343906,43449
150351727,43448
150359362,43443
150367193,43441
150374814,43336
150382635,43336
150390273,43334
150398126,43340
150405730,43329
150413627,43332
150421272,43334
150429220,43329
150436862,43342
150444764,43336
150452394,43330
150460261,43338
150467189,43337
150474830,43340
150482654,43345
150497168,43335
150505000,43331
150512632,43328
150520505,43331
150528609,43328
150536548,43330
150544164,43336
150552005,43329
150559614,43328
150567467,43332
150575044,43331
150582878,43322
150590469,43323
150598318,43321
150612911,43290
150620732,43284
150628309,43279
150636136,43283
150643807,43278
150651704,43270
150659315,43278
150667183,43277
150674849,43279
150682649,43277
150689509,43280
150696419,43283
150704094,43281
150712062,43278
150719714,43284
150727600,43295
150735168,43298
150743632,43305
150751243,43298
150759078,43307
150766678,43298
150774545,43297
150782162,43294
150790027,43298
150797637,43295
150805559,43293
150813146,43295
150820947,43297
150827791,43294
150835423,43294
150843243,43298
150850128,43286
150857726,43289
150865604,43291
150873209,43293
150881052,43292
150888630,43294
150896510,43299
150904084,43295
150911880,43305
150919513,43296
150927377,43300
150934990,43307
150942822,43304
150950989,43301
150958779,43305
150973218,43340
150981099,43335
150988697,43335
150996567,43336
151004161,43332
151011989,43336
151019553,43346
151027433,43341
151035045,43329
151042824,43341
151050495,43344
151057378,43343
151065199,43349
151072849,43343
151080635,43347
151088272,43361
151096099,43359
151103709,43365
151111566,43360
151119210,43365
151127067,43369
151134707,43369
151142572,43366
151150164,43366
151158562,43365
151166178,43365
151174024,43366
151181623,43369
151188520,43376
151196365,43369
151204022,43374
151211819,43394
151219410,43393
151227222,43396
151234809,43397
151242652,43403
151250259,43403
151258135,43405
151265774,43400
151273694,43401
151281307,43398
151288210,43389
151296157,43396
151303083,43397
151310710,43401
151318570,43394
151326172,43403
151334035,43473
151341634,43471
151349483,43471
151357060,43470
151364886,43475
151373113,43464
151380928,43472
151388559,43472
151396494,43458
151404074,43464
151411866,43462
151419518,43455
151427371,43451
151435021,43453
151442879,43459
151456598,43375
151464213,43369
151472066,43370
151479654,43366
151487466,43369
151495076,43362
151502905,43364
151510547,43368
151518480,43373
151526087,43371
151540551,43379
151548543,43375
151556271,43372
151571176,43316
151578854,43304
151587478,43306
151595075,43305
151602948,43304
151610614,43297
151618467,43300
151626048,43297
151633866,43294
151641492,43295
151648355,43285
151655222,43288
151662127,43276
151669987,43278
151677619,43271
151685505,43209
151693047,43206
151700912,43204
151708538,43208
151716410,43205
151724049,43204
151731966,43204
151739599,43197
151747483,43203
151755048,43204
151762863,43200
151770464,43196
151777329,43195
151785209,43190
151793416,43197
151808248,43187
151815912,43181
151823695,43186
151831339,43189
151839238,43190
151846907,43187
151854695,43178
151862312,43183
151870162,43178
151877844,43179
151884729,43177
151891599,43184
151899473,43177
151907055,43180
151914881,43180
151929434,43195
151937282,43201
151944929,43208
151952761,43206
151960411,43211
151968194,43212
151975828,43212
151983660,43220
151991256,43221
151999128,43227
152006732,43227
152014621,43232
152022179,43223
152029993,43232
152044485,43300
152052292,43292
152059947,43294
152067841,43299
152075467,43307
152083333,43301
152090981,43301
152098769,43307
152106350,43312
152114234,43311
152121135,43319
152128754,43304
152136623,43304
152144226,43310
152152090,43311
152159688,43353
152167582,43361
152175149,43363
152183009,43361
152190676,43359
152198578,43369
152206148,43361
152214651,43360
152222285,43359
152230247,43366
152237922,43353
152245814,43363
152252676,43370
152259563,43375
152267178,43368
152275056,43372
152282678,43431
152290570,43423
152298169,43435
152305942,43442
152313565,43436
152321467,43438
152329061,43437
152336938,43443
152344613,43443
152352481,43455
152360123,43452
152367978,43455
152374849,43456
152382489,43456
152390372,43454
152404920,43424
152412765,43423
152420406,43427
152427797,43425
152435703,43410
152443287,43419
152451129,43416
152458737,43417
152466649,43419
152474245,43419
152482078,43405
152489681,43400
152497566,43394
152505176,43393
152513078,43397
152520744,43382
152528627,43380
152536296,43392
152544207,43387
152551838,43378
152559649,43382
152567268,43379
152575151,43381
152582769,43381
152590622,43381
152598275,43383
152606124,43381
152613008,43381
152620605,43380
152628411,43386
152643524,43389
152651468,43390
152659103,43387
152667037,43390
152674709,43392
152682608,43397
152690210,43397
152698102,43397
152705699,43398
152713585,43395
152720450,43394
152728031,43395
152735880,43395
152743482,43394
152751287,43395
152758957,43431
152766817,43430
152774483,43432
152788287,43431
152796004,43428
152804012,43434
152811706,43440
152819549,43427
152827171,43443
152834051,43438
152841892,43440
152848116,43438
152856365,43438
152864265,43437
152878819,43427
152886629,43430
152894225,43429
152902028,43425
152908897,43431
152916523,43426
152924294,43435
152931930,43420
152939792,43425
152947465,43423
152954325,43422
152962133,43429
152968304,43428
152975949,43424
152983716,43423
152998280,43467
153006218,43467
153013897,43466
153021811,43467
153028733,43472
153036316,43474
153044154,43481
153051783,43477
153059625,43474
153067817,43478
153074677,43479
153082604,43486
153089494,43483
153097072,43489
153104904,43490
153112540,43526
153120404,43517
153128003,43522
153135826,43520
153143449,43522
153151284,43527
153158902,43527
153166665,43523
153174260,43532
153182121,43526
153189749,43536
153197612,43529
153204510,43534
153212121,43538
153219971,43544
153227566,43542
153235433,43583
153243015,43586
153250855,43593
153258505,43580
153266406,43589
153274699,43594
153282580,43594
153290101,43588
153297997,43594
153305678,43594
153312623,43598
153320558,43601
153327483,43604
153335092,43599
153342935,43596
153350574,43606
153358409,43648
153365970,43655
153373792,43649
153381428,43657
153388280,43646
153396153,43646
153403771,43641
153411659,43645
153419270,43652
153427123,43641
153434715,43649
153442583,43647
153450215,43644
153458054,43646
153465678,43640
153480466,43570
153488685,43569
153496573,43559
153504130,43554
153511983,43568
153519627,43561
153527518,43563
153535103,43558
153542947,43556
153550555,43558
153558422,43559
153565311,43550
153572934,43556
153580728,43550
153588342,43547
153596232,43527
153603848,43521
153611692,43530
153619293,43527
153627161,43529
153634808,43530
153642657,43534
153650285,43539
153658148,43526
153665791,43529
153672737,43528
153680658,43529
153687505,43532
153695775,43528
153703608,43540
153711165,43532
153719080,43524
153726692,43525
153734613,43520
153742204,43526
153750064,43525
153757656,43520
153765527,43516
153773086,43514
153780946,43511
153788612,43512
153796572,43513
153803495,43516
153811147,43513
153819001,43507
153826610,43512
153841393,43506
153849068,43509
153856903,43502
153864483,43508
153872321,43514
153879961,43512
153887838,43507
153895416,43509
153903889,43517
153910772,43510
153918423,43514
153926238,43519
153933922,43511
153941757,43511
153949355,43509
153957159,43455
153964754,43459
153972610,43460
153980200,43472
153988042,43483
153994909,43463
154002543,43452
154010375,43458
154018045,43460
154032590,43458
154038785,43457
154046802,43456
154054510,43463
154062442,43457
154077046,43529
154084962,43531
154092562,43522
154100442,43526
154108091,43525
154115985,43529
154124243,43523
154132141,43526
154139762,43526
154146648,43526
154154515,43532
154162119,43532
154169904,43525
154177515,43535
154185404,43529
154193043,43534
154200919,43526
154208588,43535
154216472,43537
154224067,43529
154231848,43538
154239502,43539
154247304,43534
154254959,43537
154262823,43550
154270471,43539
154277322,43542
154285159,43544
154292745,43553
154300635,43552
154315050,43719
154322950,43733
154331118,43727
154339060,43724
154346753,43731
154354665,43734
154362219,43737
154370065,43746
154377670,43738
154385538,43744
154393063,43745
154400862,43745
154408478,43752
154416301,43747
154423945,43752
154431724,43930
154439343,43928
154447163,43938
154454813,43937
154462631,43953
154470252,43947
154478116,43955
154485752,43963
154493594,43964
154501230,43965
154508109,43962
154514950,43973
154522776,43969
154530404,43974
154538897,43967
154553389,44050
154561250,44049
154568946,44059
154576765,44053
154584412,44060
154592265,44054
154599896,44065
154607769,44067
154615392,44074
154623217,44073
154630839,44076
154638676,44082
154646288,44070
154654140,44079
154661785,44086
154669636,44061
154677232,44064
154685107,44067
154692718,44060
154700547,44059
154708091,44056
154715919,44052
154723528,44050
154731430,44046
154739026,44052
154746710,44050
154753578,44049
154760472,44036
154768074,44042
154775929,44046
154783555,44049
154791421,44068
154799038,44075
154806915,44078
154814552,44075
154822359,44085
154830007,44085
154837882,44095
154845486,44092
154853314,44097
154860979,44104
154868738,44100
154876357,44106
154884193,44106
154891814,44112
154899700,44111
154914187,44224
154922040,44232
154929652,44229
154937565,44228
154945147,44227
154952944,44229
154960371,44230
154968000,44232
154975851,44239
154983492,44241
154991291,44245
154998960,44236
155006814,44253
155014468,44250
155022315,44259
155029951,44324
155037786,44326
155045381,44336
155053203,44335
155060842,44343
155068678,44336
155076329,44341
155084162,44356
155091777,44341
155099706,44348
155106656,44352
155113580,44365
155120484,44365
155128133,44357
155136007,44367
155143627,44375
155151477,44468
155159087,44457
155167528,44472
155175115,44475
155182981,44469
155190605,44476
155198465,44474
155206048,44476
155213842,44475
155221436,44478
155229262,44473
155236913,44476
155244692,44474
155252277,44473
155260147,44474
155281651,44498
155289284,44510
155297184,44505
155304776,44511
155312627,44515
155320269,44513
155328102,44513
155335733,44515
155342649,44512
155349534,44512
155356382,44514
155364282,44517
155371919,44516
155379825,44522
155388110,44577
155395939,44577
155403590,44583
155411495,44583
155419137,44577
155426977,44578
155434565,44579
155441444,44577
155449300,44575
155456947,44580
155464740,44581
155472371,44573
155480197,44575
155487836,44575
155495689,44567
155510166,44526
155517994,44537
155525612,44531
155533544,44532
155541151,44534
155548976,44539
155556620,44538
155564533,44543
155572085,44548
155579984,44538
155586923,44553
155595160,44548
155603052,44540
155610650,44536
155618517,44536
155626146,44505
155633985,44513
155641565,44512
155649442,44512
155657062,44508
155664880,44511
155672519,44510
155679414,44512
155687222,44503
155694861,44500
155702652,44504
155710242,44501
155717097,44503
155724923,44511
155732530,44495
155740327,44506
155747969,44493
155755773,44504
155763370,44491
155771212,44498
155778769,44506
155786635,44501
155794236,44507
155802693,44500
155810361,44502
155818244,44495
155825101,44503
155832729,44508
155840623,44504
155848217,44506
155856079,44502
155870598,44518
155878518,44527
155886144,44526
155893970,44525
155901571,44521
155909430,44523
155917084,44522
155924897,44527
155932548,44532
155940408,44529
155948045,44521
155955833,44526
155963466,44520
155971294,44525
155978965,44522
155986753,44535
155994380,44536
156002233,44535
156010528,44544
156018399,44545
156026013,44552
156033794,44544
156041392,44551
156049287,44546
156056964,44551
156063821,44552
156071642,44549
156079225,44554
156087082,44558
156094719,44562
156109452,44594
156117086,44595
156124966,44588
156132603,44592
156140456,44593
156148076,44601
156155835,44591
156162672,44589
156170274,44587
156178119,44589
156185715,44588
156193605,44595
156201128,44583
156208992,44587
156216618,44589
156225109,44587
156232730,44582
156240597,44578
156248220,44580
156256073,44585
156263715,44588
156271611,44572
156278482,44579
156286055,44582
156293865,44583
156300728,44592
156308311,44582
156316206,44567
156323843,44574
156331707,44575
156339334,44581
156347181,44498
156354774,44565
156362635,44484
156370170,44489
156378028,44573
156385647,44483
156393543,44484
156401123,44476
156408953,44480
156416587,44481
156423476,44476
156432032,44478
156438906,44482
156446534,44486
156454479,44479
156468977,44453
156476856,44451
156484491,44443
156492335,44451
156499979,44452
156507797,44447
156522047,44444
156529940,44452
156536896,44448
156544529,44439
156552442,44442
156560074,44442
156567945,44443
156575570,44450
156583350,44583
156590999,44592
156598813,44600
156606437,44603
156614304,44610
156621946,44619
156629721,44624
156637311,44619
156645126,44628
156652586,44631
156660173,44636
156668000,44645
156674936,44652
156682546,44643
156690425,44653
156704912,44784
156712729,44787
156720359,44786
156728220,44796
156735881,44795
156743710,44795
156751358,44802
156759209,44798
156766861,44805
156773747,44809
156781634,44803
156789223,44806
156797089,44809
156804694,44807
156812607,44797
156820227,44832
156828149,44830
156835784,44840
156843705,44843
156851295,44837
156859661,44838
156867273,44841
156875196,44845
156882138,44847
156888999,44845
156896634,44838
156903531,44842
156911435,44847
156919061,44842
156926878,44838
156934495,44848
156942307,44751
156949966,44742
156957765,44735
156965352,44727
156973162,44719
156980750,44727
156988637,44719
156996217,44716
157003067,44709
157010933,44698
157018622,44684
157026523,44694
157034134,44688
157042052,44683
157049708,44682
157057595,44674
157065178,44512
157073627,44494
157081262,44499
157089109,44488
157096682,44483
157104556,44475
157112169,44472
157119064,44467
157125935,44459
157133806,44448
157141409,44447
157149267,44441
157156150,44442
157163758,44433
157171635,44430
157179183,44430
157186997,44621
157194592,44418
157202478,44645
157210113,44680
157217902,44419
157225493,44713
157233344,44737
157240289,44751
157247238,44779
157254918,44787
157262802,44812
157270424,44831
157277297,44850
157285739,44880
157293307,44895
157301147,44920
157308761,45612
157316649,44965
157324265,45649
157332132,45657
157339760,45670
157347645,45689
157355244,45708
157362113,45717
157369948,45741
157377575,45749
157385422,45768
157392294,45771
157399938,45788
157407826,45805
157415398,45817
157430104,46075
157437738,46082
157445653,46096
157453298,46084
157461205,46091
157468815,46089
157476653,46084
157484238,46094
157492674,46094
157500259,46090
157508074,46084
157515700,46085
157523589,46085
157531134,46073
157539000,46065
157546607,45155
157554448,45118
157562105,45084
157569876,45051
157577469,45011
157585295,44977
157592938,44941
157599806,44914
157607651,44878
157615229,44847
157623020,44810
157630649,44780
157638514,44752
157646089,44712
157653911,44693
157661518,44664
157669366,44124
157677029,44109
157684829,44103
157692451,44093
157700935,44089
157708564,44082
157716430,44076
157723307,44067
157730953,44067
157738766,44060
157746406,44054
157753287,44054
157767767,44040
157775396,44038
157783321,43927
157790996,43927
157798841,43922
157806476,43915
157814297,43917
157821921,43916
157829747,43915
157836622,43916
157844178,43913
157851993,43918
157859626,43915
157865843,43914
157873684,43918
157881273,43911
157889167,43908
157896748,43922
157904622,43928
157912185,43932
157920761,43935
157928425,43937
157936365,43937
157944009,43928
157951825,43940
157959388,43938
157967242,43934
157974819,43943
157982710,43940
157990289,43942
157998117,43934
158005764,43934
158013667,43936
158028099,43951
158035900,43942
158043522,43949
158051356,43939
158059014,43952
158066906,43947
158073846,43938
158081549,43944
158089502,43951
158097106,43953
158104938,43957
158112577,43959
158120451,43953
158128770,43953
158143564,44144
158151126,44152
158158930,44156
158166539,44180
158174372,44179
158182019,43980
158189834,44206
158197439,44219
158204323,44222
158212200,44232
158219840,44247
158226752,44254
158234652,44268
158242295,44288
158250218,44293
158264694,44605
158272591,44613
158280200,44618
158288081,44609
158295665,44614
158303552,44616
158311097,44616
158318933,44613
158325774,44618
158333424,44610
158341823,44618
158348687,44613
158356300,44611
158364190,44608
158371772,44606
158379641,44451
158387232,44442
158395053,44429
158402666,44439
158410525,44439
158418098,44425
158425901,44424
158433538,44420
158441341,44417
158449033,44415
158456850,44404
158463714,44400
158471337,44406
158479133,44394
158486722,44389
158501470,44186
158509050,44184
158516870,44181
158524472,44171
158532328,44169
158539998,44160
158548475,44157
158555340,44152
158563001,44153
158570865,44145
158578480,44134
158586401,44139
158593997,44126
158601781,44122
158609436,44116
158617331,44048
158624984,44052
158632840,44041
158640401,44049
158648227,44046
158655896,44045
158663732,44044
158671373,44053
158679198,44048
158686057,44035
158693674,44045
158701507,44045
158708376,44049
158716001,44036
158723797,44046
158731445,44049
158739391,44003
158747056,43993
158754940,43994
158763249,44003
158771063,43995
158778726,44004
158786597,43990
158793478,43989
158801126,43993
158807950,43988
158815844,43987
158823485,43971
158831341,43980
158838997,43981
158846814,43979
158861447,43971
158869403,43973
158877103,43974
158885033,43979
158892637,43974
158900524,43971
158908108,43967
158915905,43968
158922788,43972
158930389,43971
158938241,43965
158945889,43970
158953759,43968
158961392,43965
158969746,43965
158977354,43960
158985188,43959
158992786,43958
159000694,43955
159014924,43963
159022825,43960
159029722,43958
159037307,43968
159045116,43965
159052760,43965
159060705,43972
159067538,43967
159075159,43973
159083000,43971
159097478,44148
159105298,44154
159112917,44170
159120728,44182
159128341,44185
159136191,44213
159143781,44212
159151719,44239
159159398,44252
159167360,44268
159175044,44278
159182899,44297
159191166,44311
159199041,44341
159206664,44352
159214518,44984
159222190,44989
159230037,45009
159237661,45015
159245518,45033
159253113,45038
159260968,45062
159267861,45066
159275514,45073
159282367,45083
159290204,45089
159297872,45101
159304754,45109
159312663,45120
159320236,45131
159328076,45134
159335757,45141
159343621,45136
159351247,45127
159359087,45115
159366699,45098
159374574,45095
159382167,45095
159390034,45067
159398323,45065
159406231,45050
159413943,45035
159421839,45026
159428680,45012
159436286,45000
159444085,44993
159458625,44780
159466520,44780
159474141,44777
159481950,44773
159489606,44772
159497422,44765
159505079,44755
159512878,44753
159520508,44740
159528355,44735
159536015,44728
159543784,44727
159551400,44712
159559234,44698
159566814,44689
159574647,44472
159582206,44464
159590035,44459
159597651,44466
159606093,44462
159613695,44455
159621570,44461
159629133,44453
159636969,44454
159644576,44448
159652418,44444
159660046,44443
159666974,44445
159674806,44451
159682442,44439
159697138,44354
159704748,44356
159712612,44351
159720213,44345
159728078,44339
159735714,44334
159742593,44328
159750475,44331
159758100,44325
159764888,44315
159772713,44326
159780286,44324
159786537,44327
159794392,44321
159802062,44319
159817586,44212
159825219,44213
159833069,44216
159840681,44214
159848525,44204
159856125,44201
159863314,44196
159871012,44199
159878780,44195
159885657,44193
159893191,44188
159901031,44189
159908643,44184
159916522,44188
159924154,44185
159932010,44155
159939703,44158
159947611,44157
159955229,44166
159963175,44155
159970826,44162
159978673,44151
159986259,44151
159994133,44156
160001018,44146
160008618,44142
160016490,44142
160023352,44145
160031605,44142
160039452,44147
160054008,44253
160061865,44257
160069490,44270
160077314,44283
160084933,44290
160092836,44301
160099679,44327
160107268,44343
160115169,44362
160122017,44380
160129666,44407
160137603,44420
160144554,44453
160152241,44477
160160209,44508
160174648,45256
160182512,45274
160190097,45283
160198019,45287
160205732,45304
160213626,45313
160220548,45332
160228190,45337
160236047,45341
160244172,45356
160258638,45369
160265537,45378
160273235,45387
160287947,45327
160295610,45315
160303528,45289
160311120,45269
160318954,45250
160326622,45237
160333452,45229
160341297,45191
160348924,45161
160356792,45141
160364396,45118
160372226,45096
160379088,45067
160385983,45031
160393613,45011
160408401,44317
160416069,44312
160423926,44301
160431565,44293
160439401,44277
160447027,44267
160453896,44253
160462389,44256
160470046,44241
160477900,44239
160485574,44224
160493426,44221
160501061,44223
160508894,44210
160523372,44094
160531255,44098
160538928,44095
160546806,44095
160554461,44096
160562312,44101
160569147,44095
160576760,44098
160584634,44094
160592212,44094
160600023,44093
160606916,44088
160614590,44090
160621468,44092
160629315,44088
160643751,44012
160651609,44014
160659199,44001
160667028,44005
160675243,44003
160683073,44003
160690689,43998
160698602,44002
160706185,43997
160714000,43998
160721653,43999
160729541,43997
160736405,44000
160744057,43991
160751840,43988
160759462,44086
160767288,44098
160774906,44111
160782747,44111
160790331,44119
160798182,44125
160805791,44140
160813681,44142
160821281,44150
160829140,44156
160836723,44156
160844594,44169
160852160,44178
160859999,44181
160866850,44186
160881972,44470
160889788,44478
160897388,44485
160905219,44496
160912821,44498
160920710,44509
160928299,44510
160936180,44516
160943774,44523
160951681,44511
160959301,44519
160967214,44515
160974813,44510
160982711,44514
160990317,44505
160998213,44309
161005807,44299
161013706,44285
161021374,44289
161029190,44280
161036801,44273
161044675,44261
161051542,44257
161059163,44253
161067031,44247
161074645,44241
161082571,44239
161090131,44233
161097063,44226
161104681,44223
161119377,44109
161127039,44106
161134835,44104
161142411,44099
161150271,44114
161157914,44102
161165762,44111
161173342,44105
161181166,44101
161188811,44102
161196691,44108
161204251,44106
161212120,44100
161219743,44105
161227607,44111
161235168,44116
161242976,44116
161250598,44114
161258411,44115
161266088,44127
161273950,44118
161281608,44123
161288574,44124
161296348,44120
161304630,44118
161312493,44126
161320124,44119
161327902,44124
161335578,44119
161343485,44125
161358017,44097
161365836,44102
161373421,44101
161381265,44103
161388890,44107
161396729,44102
161404336,44110
161412205,44113
161419859,44114
161427742,44112
161435315,44110
161443169,44116
161450806,44117
161457714,44104
161465591,44120
161473159,44138
161480958,44136
161488594,44132
161503097,44143
161510735,44135
161519271,44135
161526924,44136
161534839,44148
161542523,44151
161550476,44146
161558164,44149
161566093,44150
161572394,44149
161580019,44150
161586884,44146
161594756,44156
161602372,44163
161610210,44168
161617834,44161
161625719,44156
161633333,44154
161641164,44155
161648761,44150
161656633,44144
161664192,44150
161672034,44150
161679643,44140
161687506,44144
161695125,44139
161701966,44134
161716684,44062
161724765,44057
161732686,44060
161740305,44050
161748149,44059
161755762,44056
161763628,44058
161771201,44061
161778985,44062
161786594,44066
161794431,44069
161802090,44069
161809903,44072
161817534,44082
161825389,44074
161833024,44313
161840781,44312
161848333,44314
161856152,44318
161863767,44326
161871621,44327
161879190,44331
161886067,44330
161893871,44338
161901474,44342
161909281,44337
161916953,44343
161924858,44352
161931813,44349
161940155,44352
161954899,44407
161962563,44417
161970361,44423
161978022,44418
161985842,44416
161993475,44423
162001340,44429
162008987,44427
162016850,44432
162024464,44432
162032302,44441
162039943,44441
162047808,44437
162054666,44443
162062251,44447
162070203,44448
162077888,44449
162085816,44443
162093556,44448
162101455,44442
162109089,44449
162116923,44445
162123808,44441
162131440,44449
162139327,44448
162147571,44453
162155435,44454
162163096,44450
162169981,44448
162177804,44454
162184677,44453
162192276,44561
162200091,44563
162207725,44568
162215595,44575
162223179,44584
162231023,44590
162238610,44599
162246446,44599
162254083,44614
162261941,44613
162269539,44625
162277421,44635
162285090,44629
162292970,44636
162300548,44653
162315256,44884
162322877,44884
162330717,44896
162338306,44895
162346134,44906
162354333,44903
162362209,44920
162369807,44913
162377663,44939
162385255,44934
162393072,44948
162400699,44950
162408569,44950
162416141,44959
162423043,44969
162430827,45109
162438416,45110
162446255,45103
162453830,45106
162461729,45110
162469345,45121
162477174,45119
162484092,45118
162491703,45123
162499580,45122
162507158,45128
162514967,45132
162522583,45130
162530411,45122
162538027,45129
162545836,45134
162553447,45200
162561313,45200
162569594,45198
162577452,45203
162585069,45205
162592886,45206
162600473,45210
162608318,45216
162615979,45214
162623778,45217
162631355,45211
162639173,45212
162646788,45218
162653715,45219
162661574,45215
162676062,45188
162683904,45179
162691529,45179
162699348,45168
162706992,45167
162714768,45165
162722367,45160
162730198,45151
162737807,45153
162752320,45150
162760249,45144
162767137,45142
162774746,45128
162781816,45128
162789475,45043
162797334,45043
162805005,45042
162812803,45039
162820450,45043
162828313,45028
162835975,45032
162843787,45031
162851351,45029
162859225,45032
162866808,45025
162874660,45017
162882250,45023
162890080,45020
162897702,45020
162912445,44959
162920087,44971
162927851,44966
162935474,44964
162943330,44957
162950980,44962
162958808,44955
162966411,44957
162974294,44964
162981935,44963
162990396,44966
162998093,44956
163005963,44953
163013578,44957
163020440,44951
163028309,44952
163035965,44945
163043825,44949
163051424,44943
163059255,44939
163066875,44936
163073764,44945
163081627,44946
163089232,44947
163097072,44944
163104666,44946
163112472,44936
163120128,44949
163127914,44948
163135546,44943
163149635,44897
163157243,44894
163165055,44884
163172613,44889
163180429,44901
163188042,44949
163194930,44896
163203368,44892
163211053,44898
163218854,44898
163226427,44895
163234320,44893
163241984,44894
163249818,44891
163257398,44896
163265243,44862
163272840,44853
163280736,44858
163288412,44856
163296258,44864
163303839,44858
163310729,44854
163318581,44847
163326156,44860
163334003,44858
163341604,44849
163349393,44848
163357012,44848
163364808,44842
163372437,44846
163379290,44841
163387120,44841
163394740,44841
163402652,44839
163410970,44837
163418827,44839
163425641,44845
163433271,44838
163441083,44839
163448685,44841
163456557,44836
163464150,44847
163472004,44834
163479620,44831
163487462,44834
163495094,44831
163501889,44825
163509762,44833
163517372,44838
163525211,44837
163532835,44833
163540749,44844
163548344,44830
163556239,44837
163563833,44836
163571723,44828
163579295,44831
163587169,44838
163594803,44836
163602687,44833
163609515,44833
163617852,44829
163632634,44839
163640233,44838
163648053,44840
163655665,44832
163663557,44833
163671167,44833
163678971,44837
163686599,44837
163694411,44833
163702078,44833
163709853,44842
163717445,44832
163725316,44836
163732973,44835
163739858,44836
163747741,44791
163755300,44786
163763098,44773
163770736,44775
163778560,44769
163785481,44764
163793123,44763
163800943,44752
163808602,44753
163816516,44746
163824752,44742
163832649,44739
163840251,44737
163848063,44722
163855707,44726
163870529,44651
163878162,44647
163885979,44647
163893581,44638
163901387,44650
163909013,44647
163916831,44646
163924446,44641
163932320,44644
163939978,44635
163947821,44641
163955419,44629
163963293,44630
163970156,44627
163977809,44628
163992285,44580
163999904,44577
164007842,44577
164015480,44566
164022446,44562
164030347,44563
164038013,44560
164046461,44557
164054093,44561
164061952,44561
164069601,44551
164077428,44552
164084349,44554
164092003,44551
164105711,44549
164113596,44544
164121178,44547
164129002,44547
164136618,44549
164144467,44544
164152120,44548
164159934,44549
164167502,44550
164175343,44548
164182971,44543
164190809,44545
164198428,44551
164205319,44544
164213174,44541
164220799,44530
164228665,44530
164236242,44533
164244063,44525
164252179,44530
164259088,44526
164266950,44527
164274564,44531
164282483,44531
164290135,44534
164297971,44532
164305566,44533
164313418,44533
164320310,44531
164327952,44536
164335841,44531
164343431,44573
164351290,44569
164358960,44570
164366820,44576
164374434,44583
164382255,44582
164389882,44585
164397763,44579
164405372,44586
164413253,44578
164420880,44578
164428733,44582
164436302,44579
164444132,44587
164451744,44595
164458655,44588
164467141,44616
164473998,44615
164481584,44617
164489415,44618
164497056,44617
164504899,44618
164512572,44613
164520382,44628
164528041,44617
164535870,44614
164543509,44617
164551393,44624
164559014,44617
164566829,44617
164574392,44622
164589151,44652
164596779,44648
164604686,44656
164612252,44653
164619120,44649
164626903,44643
164634471,44649
164642282,44643
164649906,44641
164657741,44642
164665310,44642
164673769,44643
164680592,44632
164688207,44633
164696046,44640
164703679,44628
164711527,44614
164719154,44621
164726941,44616
164734562,44612
164742388,44609
164750004,44608
164757819,44611
164765411,44601
164773248,44592
164780840,44597
164788684,44596
164796290,44586
164804152,44588
164811786,44580
164818683,44576
164826577,44573
164834186,44574
164841979,44576
164849610,44581
164857460,44571
164865125,44576
164872860,44574
164881005,44569
164888860,44571
164896431,44569
164904259,44564
164911847,44565
164919703,44578
164927265,44569
164935160,44576
164949676,44574
164957531,44587
164965128,44582
164972960,44582
164979807,44583
164987407,44589
164995265,44581
165002892,44584
165010747,44585
165018372,44577
165026168,44591
165033845,44583
165041694,44583
165049262,44585
165057103,44586
165064767,44572
165072676,44570
165080332,44577
165088132,44571
165095563,44572
165103190,44571
165110975,44577
165118609,44580
165126450,44575
165134097,44575
165141953,44564
165149565,44583
165157409,44584
165165012,44570
165172917,44574
165186686,44535
165194296,44537
165201133,44534
165208975,44536
165215820,44536
165223384,44520
165237865,44530
165245782,44527
165253393,44527
165261273,44526
165268906,44524
165276749,44524
165284337,44527
165292187,44529
165299819,44549
165308354,44549
165315254,44545
165322827,44551
165329696,44544
165337573,44545
165345209,44550
165353000,44542
165360635,44544
165368444,44543
165376115,44539
165383918,44542
165391509,44546
165399375,44541
165407012,44545
165414916,44545
165422501,44598
165430348,44605
165437973,44610
165444860,44608
165452739,44599
165460291,44601
165468157,44605
165475778,44610
165483701,44606
165491251,44607
165499084,44610
165506686,44605
165514458,44612
165522718,44608
165530582,44619
165537454,44622
165545104,44667
165552905,44666
165560528,44666
165568372,44667
165575925,44671
165583798,44671
165591426,44671
165599267,44672
165606895,44678
165614768,44681
165622376,44681
165630236,44694
165637843,44699
165645719,44697
165653279,44699
165661085,44764
165668713,44767
165675577,44775
165683454,44778
165691099,44780
165698849,44773
165706453,44774
165714298,44775
165721925,44791
165730479,44793
165738125,44786
165745935,44795
165753617,44791
165760494,44787
165768348,44790
165775917,44778
165783764,44741
165791366,44739
165799185,44734
165806807,44734
165814677,44732
165822281,44736
165830084,44732
165837704,44724
165845571,44724
165853183,44721
165860975,44714
165868584,44716
165876435,44712
165884099,44713
165891892,44707
165898758,44635
165906314,44631
165914125,44637
165920987,44625
165928591,44621
165937024,44621
165944628,44613
165952475,44610
165960139,44612
165967921,44606
165975473,44604
165983325,44606
165990993,44606
165997892,44597
166005760,44606
166013292,44593
166021168,44550
166028756,44544
166036613,44540
166044206,44540
166051988,44534
166059635,44536
166067515,44536
166075156,44530
166082948,44524
166090530,44523
166098365,44528
166105969,44519
166113794,44518
166121409,44514
166129272,44520
166136092,44512
166144324,44521
166152319,44527
166159268,44515
166166914,44526
166174786,44524
166182399,44527
166190290,44523
166197915,44528
166205758,44517
166213309,44522
166221150,44512
166228787,44521
166236636,44512
166244255,44510
166252105,44508
166266612,44470
166274457,44474
166282119,44478
166289978,44481
166297625,44481
166305430,44480
166313024,44479
166320874,44473
166328529,44479
166336400,44483
166344081,44485
166351872,44482
166359496,44479
166367328,44486
166381788,44503
166389685,44514
166397290,44517
166404125,44516
166411964,44518
166419572,44512
166427381,44514
166435028,44515
166442841,44520
166450460,44514
166458311,44520
166465929,44522
166480421,44517
166488091,44516
166495068,44526
166502869,44516
166510439,44517
166517311,44516
166525177,44524
166532816,44527
166540715,44519
166548301,44522
166556150,44521
166563807,44524
166572319,44520
166579895,44528
166587780,44523
166594664,44523
166602279,44522
166610143,44528
166617786,44550
166625694,44540
166632579,44540
166640207,44547
166647980,44545
166655581,44541
166663448,44544
166671104,44551
166678928,44553
166686549,44558
166694411,44549
166702037,44556
166709880,44560
166717503,44555
166725325,44556
166739830,44561
166747716,44560
166755303,44553
166763116,44552
166770715,44552
166778570,44556
166786782,44558
166794691,44539
166802318,44549
166810198,44549
166817838,44544
166825736,44544
166833381,44530
166841234,44534
166848837,44528
166855702,44482
166863558,44480
166871212,44500
166878994,44487
166885835,44487
166893358,44487
166901168,44477
166908759,44481
166916606,44485
166924199,44485
166932029,44484
166939617,44485
166947468,44480
166955136,44473
166962952,44473
166970592,44482
166978404,44462
166986045,44459
166994532,44467
167002179,44461
167009978,44471
167017596,44462
167025383,44450
167033007,44451
167040857,44448
167048468,44446
167056332,44442
167063954,44427
167071823,44429
167078688,44429
167086273,44433
167100014,44444
167107845,44448
167115411,44448
167123255,44464
167130144,44453
167137747,44423
167145648,44453
167153249,44448
167161043,44450
167168658,44458
167176546,44454
167184150,44453
167192005,44455
167200144,44459
167207991,44450
167214886,44465
167222521,44466
167230362,44458
167237945,44462
167245805,44456
167253393,44458
167261259,44455
167268877,44458
167276805,44458
167284378,44454
167292206,44462
167299838,44450
167307694,44463
167315251,44454
167323079,44451
167329965,44449
167337582,44492
167345443,44497
167352359,44503
167359955,44501
167367812,44517
167375391,44512
167383195,44513
167390827,44502
167398693,44512
167406253,44514
167414765,44511
167422290,44513
167430141,44519
167437769,44515
167445664,44518
167460142,44569
167467975,44567
167475628,44561
167483476,44565
167490355,44569
167497940,44568
167505821,44564
167513368,44573
167521203,44575
167528830,44577
167536688,44572
167544299,44572
167552127,44576
167559002,44570
167566614,44579
167581287,44599
167588901,44599
167596810,44606
167604411,44612
167611287,44612
167619153,44615
167627279,44620
167635107,44612
167642691,44617
167650580,44614
167658236,44622
167666031,44620
167673655,44621
167681555,44624
167696053,44658
167703843,44659
167711429,44648
167725146,44655
167732766,44653
167740691,44649
167748343,44648
167756246,44650
167763860,44646
167771750,44648
167779364,44648
167787256,44643
167794898,44644
167802787,44638
167809673,44563
167817255,44558
167825095,44565
167831941,44557
167840164,44555
167847967,44556
167855581,44560
167863437,44548
167871069,44553
167878940,44563
167886551,44555
167894396,44552
167902056,44553
167909862,44547
167916704,44545
167924300,44546
167932147,44517
167939771,44526
167947653,44518
167955261,44520
167963064,44518
167970644,44519
167978441,44509
167986052,44517
167993877,44512
168001506,44514
168009362,44506
168017013,44520
168024921,44515
168032517,44516
168040359,44513
168055391,44479
168063224,44471
168070078,44474
168077702,44470
168085553,44477
168093185,44467
168100938,44475
168108543,44476
168116373,44472
168124008,44473
168131882,44477
168139467,44477
168147335,44468
168154979,44477
168162772,44485
168169659,44476
168177217,44465
168185015,44474
168192652,44466
168200468,44464
168208125,44465
168215946,44465
168223537,44460
168231379,44461
168238970,44458
168246812,44470
168254938,44462
168262873,44455
168270491,44457
168277374,44463
168285199,44461
168292791,44461
168300718,44464
168307653,44472
168315273,44473
168323158,44476
168330770,44465
168338634,44472
168346245,44477
168354051,44473
168361692,44475
168369508,44468
168377156,44470
168384966,44478
168392612,44472
168400444,44475
168414894,44516
168422787,44514
168430328,44512
168438128,44509
168445729,44510
168453586,44514
168461213,44508
168469690,44510
168477270,44513
168485095,44518
168492717,44513
168500543,44513
168508182,44514
168515980,44519
168523565,44522
168530464,44552
168538313,44555
168545194,44551
168552824,44560
168560667,44561
168568243,44558
168575076,44562
168582883,44557
168590506,44562
168598369,44563
168606023,44566
168613890,44570
168621509,44565
168629333,44568
168636960,44565
168644819,44567
168652420,44564
168660282,44556
168667889,44565
168676427,44569
168684091,44571
168691915,44575
168699531,44576
168707325,44573
168714891,44580
168722773,44580
168730358,44576
168738215,44580
168745848,44575
168753734,44579
168760602,44569
168775164,44497
168782977,44491
168790616,44492
168798492,44491
168806153,44494
168813987,44493
168821546,44493
168829414,44493
168837048,44487
168844913,44497
168852526,44489
168860384,44491
168868046,44491
168875877,44486
168884066,44481
168891000,44415
168898790,44413
168905703,44409
168913256,44409
168921065,44405
168928697,44399
168936554,44395
168944207,44395
168952006,44389
168966207,44380
168974110,44383
168981715,44387
168989602,44388
168996507,44385
169004188,44330
169012003,44337
169018871,44327
169026456,44323
169034303,44329
169041959,44321
169049820,44312
169056660,44321
169064260,44316
169072066,44313
169079687,44303
169087534,44309
169095188,44303
169103705,44292
169111302,44302
169119123,44293
169126740,44294
169134631,44301
169142254,44297
169150093,44304
169157712,44303
169165547,44304
169173176,44312
169181007,44302
169188612,44306
169196479,44300
169204144,44307
169211926,44304
169219496,44294
169227342,44293
169234175,44294
169241766,44299
169248657,44260
169256475,44261
169264148,44257
169272000,44261
169279615,44256
169287434,44246
169295097,44246
169302897,44254
169311077,44255
169318914,44254
169326512,44255
169334407,44254
169342070,44256
169349913,44253
169357539,44252
169372206,44296
169379050,44295
169386668,44292
169394529,44284
169402157,44291
169409966,44291
169417622,44291
169425505,44286
169433164,44289
169440976,44291
169448543,44290
169456417,44293
169464051,44290
169471865,44296
169479471,44298
169487353,44252
169494923,44256
169502806,44251
169510423,44259
169518243,44252
169526427,44253
169534279,44254
169541138,44256
169548798,44260
169556657,44261
169564255,44267
169572085,44260
169579690,44254
169587518,44269
169595150,44265
169609046,44311
169616695,44313
169624518,44315
169632153,44317
169639925,44314
169647532,44315
169655432,44322
169662290,44316
169669875,44317
169677731,44317
169685343,44317
169693134,44318
169700748,44326
169708553,44321
169716171,44324
169730795,44331
169738365,44329
169746208,44330
169753844,44329
169761706,44336
169769276,44338
169777141,44331
169784787,44328
169792673,44329
169800286,44329
169808118,44324
169815758,44326
169823613,44318
169831256,44324
169838086,44314
169844950,44234
169852847,44240
169859740,44227
169867369,44233
169875211,44230
169882814,44234
169890680,44231
169898332,44242
169906135,44238
169913709,44228
169921609,44232
169929270,44231
169937128,44239
169945335,44232
169953157,44226
169960804,44192
169968694,44189
169976295,44192
169984153,44199
169991801,44186
169999659,44192
170007264,44198
170015072,44180
170022636,44175
170030486,44185
170038145,44175
170045959,44181
170053576,44184
170061457,44173
170069087,44178
170083780,44174
170091321,44176
170098180,44172
170105931,44177
170113525,44185
170121387,44191
170129067,44184
170136990,44184
170144638,44178
170153010,44190
170160618,44188
170168448,44182
170176100,44192
170183932,44193
170191537,44195
170212316,44208
170220005,44209
170227886,44206
170235473,44212
170243282,44213
170250925,44214
170258820,44208
170265646,44211
170273282,44213
170281142,44211
170288772,44213
170296638,44212
170304284,44214
170318881,44244
170325746,44248
170333339,44251
170341193,44251
170348817,44253
170356688,44261
170364905,44261
170372860,44267
170380486,44270
170388393,44264
170396031,44267
170403862,44271
170411420,44270
170419248,44272
170426867,44278
170434722,44307
170441550,44298
170449165,44311
170456071,44302
170463877,44305
170471483,44313
170479318,44310
170486939,44308
170494826,44310
170502360,44311
170510190,44317
170517824,44317
170525759,44314
170533362,44314
170541220,44322
170555761,44360
170562642,44366
170570476,44357
170578690,44365
170586523,44369
170594159,44365
170601983,44362
170609588,44367
170617448,44365
170625097,44373
170632920,44363
170640525,44368
170648329,44362
170655920,44372
170663853,44317
170671438,44380
170678295,44382
170686099,44380
170693730,44372
170701559,44376
170709216,44380
170717046,44366
170724679,44363
170732518,44369
170740162,44375
170747992,44371
170755604,44365
170763496,44366
170771142,44367
170778943,44359
170787193,44358
170794103,44278
170800967,44284
170808864,44281
170816526,44282
170824386,44282
170831972,44281
170839841,44274
170847425,44279
170855329,44262
170862961,44276
170870827,44266
170878411,44270
170886332,44265
170893945,44265
170901839,44258
170909398,44213
170917218,44213
170924816,44213
170931703,44205
170939499,44208
170947175,44211
170954958,44214
170962585,44214
170970394,44211
170978011,44220
170985891,44207
170994027,44214
171001896,44210
171009531,44207
171017362,44210
171024938,44209
171032829,44195
171039653,44194
171047261,44201
171055077,44205
171062674,44202
171070506,44202
171078140,44202
171085904,44198
171093499,44209
171101335,44205
171108919,44208
171115823,44210
171123723,44204
171131345,44211
171139207,44202
171146872,44205
171154725,44236
171162280,44220
171170114,44229
171177732,44225
171185579,44225
171193198,44221
171201024,44222
171209274,44226
171217067,44230
171224683,44231
171232469,44232
171240085,44233
171247928,44230
171255562,44229
171263454,44234
171277279,44237
171285075,44236
171292704,44241
171300530,44234
171308199,44247
171315962,44243
171323605,44245
171331486,44242
171339090,44254
171346953,44251
171354584,44257
171362405,44256
171370022,44246
171377912,44252
171385551,44259
171393433,44296
171400296,44292
171407920,44290
171416337,44299
171423943,44290
171431842,44294
171439418,44306
171453865,44300
171461801,44305
171469453,44309
171476324,44309
171484206,44307
171491855,44308
171499756,44311
171513533,44340
171521387,44343
171529005,44344
171536871,44343
171544482,44345
171552332,44348
171559912,44343
171567781,44348
171575384,44350
171583224,44350
171590856,44355
171598767,44349
171606397,44365
171614225,44367
171621836,44363
171630292,44405
171637173,44412
171644023,44413
171651657,44416
171659556,44417
171667202,44421
171675006,44415
171682648,44412
171690515,44413
171698173,44406
171705962,44410
171713550,44410
171721432,44407
171729078,44401
171736923,44416
171751363,44315
171759196,44319
171766803,44312
171774635,44310
171782292,44303
171790129,44303
171797785,44301
171805715,44304
171813296,44301
171821103,44296
171828756,44301
171837297,44308
171844869,44302
171852738,44298
171860349,44294
171868216,44250
171874152,44235
171881035,44241
171888881,44243
171896452,44239
171904286,44233
171911906,44242
171919789,44237
171927392,44242
171935246,44236
171942867,44247
171950754,44242
171958313,44228
171966116,44231
171973716,44239
171981583,44238
171989224,44167
171997041,44165
172004679,44171
172012581,44172
172020180,44164
172027958,44162
172035539,44160
172043365,44169
172051595,44165
172059451,44166
172067126,44169
172074946,44156
172081822,44164
172089362,44161
172097183,44169
172111666,44175
172119491,44173
172127154,44171
172134931,44170
172142517,44171
172150353,44171
172157953,44178
172165866,44173
172173404,44169
172181228,44167
172188853,44171
172196768,44167
172203623,44161
172211247,44166
172219039,44170
172226614,44157
172233515,44172
172241376,44168
172248982,44161
172257524,44167
172265161,44167
172272987,44174
172280620,44176
172288436,44175
172296075,44178
172303960,44168
172311585,44183
172318503,44178
172326337,44176
172333983,44169
172341834,44178
172349404,44226
172356287,44225
172363105,44225
172370929,44231
172378525,44233
172386373,44229
172394002,44230
172401898,44233
172409472,44238
172417300,44235
172424947,44242
172432793,44234
172439582,44232
172447208,44234
172455036,44244
172462688,44246
172471057,44257
172478701,44254
172486507,44253
172494136,44258
172501907,44263
172509519,44255
172517381,44263
172525029,44258
172532897,44266
172540513,44271
172548341,44268
172555968,44266
172563869,44273
172571437,44274
172579276,44278
172593804,44298
172600690,44303
172608580,44301
172616243,44306
172624119,44309
172631744,44306
172639612,44305
172647259,44314
172655071,44305
172662693,44311
172670541,44314
172678079,44307
172685696,44319
172700266,44317
172707997,44264
172714319,44263
172722207,44255
172729920,44257
172737732,44258
172745471,44257
172753345,44246
172760982,44249
172768867,44244
172776433,44242
172784289,44237
172791923,44231
172799850,44237
172807472,44228
172815321,44222
172822942,44204
172829806,44192
172836664,44196
172844479,44199
172852090,44199
172859953,44196
172867571,44194
172875482,44198
172883142,44201
172890903,44193
172899229,44186
172907099,44178
172914696,44180
172922585,44186
172930222,44185
172938120,44176
172945740,44165
172952612,44166
172960386,44175
172967993,44173
172975862,44170
172983468,44181
172991310,44183
172998918,44176
173006772,44182
173014344,44182
173022209,44172
173029819,44180
173037666,44178
173045271,44183
173053098,44190
173067598,44217
173074514,44219
173082347,44223
173089937,44224
173097825,44219
173106028,44209
173113952,44219
173121649,44211
173129497,44215
173137175,44211
173145009,44224
173152631,44229
173159491,44224
173167348,44222
173174958,44220
173182829,44244
173190368,44242
173198215,44249
173205846,44247
173213732,44245
173221337,44251
173229142,44258
173236772,44251
173244576,44258
173252195,44260
173259999,44270
173267641,44264
173275497,44269
173283148,44265
173290998,44279
173298603,44279
173306457,44336
173313283,44327
173320921,44334
173328809,44346
173336462,44345
173344290,44348
173351897,44343
173359765,44336
173367381,44342
173375165,44344
173382817,44337
173390727,44341
173398367,44347
173406190,44339
173413811,44349
173428531,44385
173435459,44381
173443088,44375
173450901,44377
173458571,44376
173466439,44385
173474068,44382
173481933,44380
173489494,44381
173497293,44386
173504909,44383
173512772,44385
173520926,44380
173528879,44386
173536509,44348
173544382,44400
173551225,44407
173558843,44403
173566764,44412
173574373,44401
173582197,44403
173589820,44406
173597671,44400
173605346,44404
173613221,44400
173620831,44396
173628697,44402
173636317,44396
173644166,44393
173651826,44398
173666569,44327
173673485,44332
173681104,44328
173688927,44322
173696520,44320
173704377,44317
173711941,44327
173719790,44328
173727390,44316
173735863,44325
173743481,44324
173751301,44318
173758931,44327
173766819,44317
173774381,44324
173782238,44298
173789059,44304
173796698,44304
173804559,44307
173812202,44308
173820011,44313
173827617,44306
173835476,44312
173843095,44302
173850936,44302
173858576,44299
173866421,44306
173874008,44308
173881871,44310
173889498,44306
173897341,44304
173904935,44300
173911807,44308
173919688,44312
173927318,44315
173935162,44309
173950066,44310
173957966,44306
173965583,44302
173973441,44309
173981110,44310
173988951,44314
173996581,44306
174003491,44310
174011373,44313
174025168,44342
174031985,44336
174039576,44337
174047386,44339
174054991,44329
174062879,44333
174070487,44332
174078355,44338
174085965,44333
174093815,44329
174101358,44330
174109223,44333
174116827,44333
174123667,44330
174131547,44330
174139229,44340
174147081,44348
174154720,44345
174163077,44342
174170697,44339
174178508,44340
174186141,44345
174193981,44356
174201591,44343
174209491,44348
174217114,44350
174224949,44358
174232549,44355
174240397,44349
174247987,44358
174262787,44393
174269697,44405
174277301,44399
174285093,44403
174292702,44400
174300511,44402
174308094,44405
174315915,44407
174323490,44399
174331341,44411
174338959,44406
174346852,44409
174354477,44414
174362325,44402
174370546,44400
174378382,44436
174385256,44437
174392139,44445
174399785,44436
174407603,44436
174415248,44448
174423093,44447
174430728,44443
174438543,44451
174446170,44437
174453984,44452
174461623,44450
174469490,44452
174477106,44456
174484962,44460
174492554,44460
174500406,44478
174507967,44487
174515820,44488
174523395,44488
174531210,44487
174538842,44497
174546727,44498
174554301,44498
174562078,44503
174569703,44496
174578186,44487
174585837,44487
174593707,44485
174601329,44483
174608197,44488
174622284,44378
174629906,44373
174637772,44380
174645323,44381
174653155,44373
174660796,44368
174668669,44367
174676311,44367
174684089,44366
174691711,44368
174699548,44370
174707161,44372
174714939,44370
174722557,44373
174730432,44378
174738026,44322
174745917,44316
174752791,44315
174760387,44308
174768190,44309
174775809,44317
174783693,44309
174791940,44308
174799848,44310
174807432,44305
174815277,44305
174822856,44308
174830728,44307
174838344,44316
174846165,44308
174853780,44298
174860658,44210
174868527,44192
174876135,44192
174883945,44199
174891539,44194
174899398,44202
174907020,44210
174914889,44205
174922467,44204
174930382,44203
174938001,44204
174945886,44197
174953520,44198
174961374,44201
174968987,44194
174983793,44187
174990650,44191
174998928,44191
175006798,44188
175014396,44192
175022233,44181
175029858,44181
175037740,44179
175045335,44179
175053187,44175
175060820,44170
175068662,44172
175076328,44184
175084108,44176
175091000,44173
175098566,44126
175106412,44132
175114035,44130
175121928,44132
175129553,44126
175137442,44139
175145094,44135
175152929,44136
175160587,44141
175168413,44139
175176064,44147
175190561,44142
175198480,44147
175206178,44141
175214701,44164
175222366,44167
175230210,44166
175237814,44171
175245611,44169
175253269,44166
175261143,44168
175268744,44167
175276591,44171
175284204,44172
175292032,44169
175299672,44179
175307489,44174
175315117,44177
175323000,44180
175329897,44177
175336800,44190
175344395,44188
175352199,44189
175359799,44185
175367595,44185
175375205,44182
175383004,44186
175390609,44196
175398474,44191
175406112,44182
175413962,44185
175422210,44196
175430010,44191
175437634,44192
175445444,44191
175460011,44202
175466905,44208
175474814,44211
175482393,44203
175490194,44207
175497786,44209
175505622,44216
175513247,44214
175521077,44208
175528690,44209
175536521,44216
175544170,44209
175551941,44212
175559507,44207
175567359,44206
175581080,44181
175587955,44176
175595543,44177
175603397,44168
175610997,44166
175618867,44163
175626443,44160
175634927,44145
175642435,44146
175650292,44143
175657898,44146
175665775,44145
175673400,44141
175681284,44138
175688902,44132
175695782,44081
175703575,44082
175711188,44078
175718985,44078
175726549,44069
175734413,44075
175742005,44074
175749878,44064
175757507,44071
175765338,44079
175772958,44072
175780833,44074
175788429,44067
175796306,44063
175803936,44064
175810798,44059
175818685,44013
175825526,44015
175833154,44015
175841649,44015
175849273,44018
175857128,44013
175864749,44012
175872643,44021
175880269,44017
175888104,44013
175895748,44009
175903587,44014
175911252,44005
175919135,44004
175926748,44003
175934606,44026
175942242,44020
175949992,44033
175956820,44024
175964441,44028
175972242,44024
175979850,44034
175987729,44033
175995323,44027
176003166,44024
176010802,44022
176018630,44029
176026295,44029
176034110,44030
176041721,44038
176049168,44030
176057031,44038
176063914,44038
176071512,44033
176079362,44036
176086942,44047
176094793,44029
176102357,44040
176110167,44047
176117818,44041
176125717,44045
176133364,44049
176141148,44044
176148757,44054
176156583,44053
176164250,44046
176172083,44097
176178955,44103
176186526,44102
176194399,44107
176202006,44103
176209901,44104
176217438,44117
176225225,44112
176232812,44116
176240600,44117
176248240,44113
176256072,44119
176264305,44117
176272203,44121
176279820,44122
176286688,44121
176294517,44141
176302129,44144
176310012,44145
176317619,44145
176325475,44145
176333131,44158
176340974,44158
176348551,44148
176356390,44151
176363997,44144
176371856,44143
176379465,44149
176387339,44149
176394937,44145
176402853,44150
176417243,44198
176423332,44197
176437628,44203
176445552,44211
176453231,44208
176461089,44210
176468726,44213
176477217,44216
176484857,44218
176492727,44221
176500331,44218
176508170,44224
176515784,44214
176522641,44216
176530506,44241
176537434,44236
176545022,44238
176551944,44236
176559829,44227
176567365,44223
176575190,44226
176582819,44219
176590690,44229
176598312,44222
176606228,44221
176613895,44216
176621791,44214
176629389,44213
176637240,44207
176644854,44216
176652728,44110
176660371,44114
176668183,44112
176675816,44119
176683649,44118
176691858,44120
176699757,44122
176707386,44122
176715227,44117
176722899,44117
176730764,44116
176738353,44114
176746204,44114
176753812,44110
176760676,44104
176775343,44103
176782253,44102
176789894,44095
176797768,44098
176805331,44095
176813125,44083
176820703,44084
176828523,44089
176836152,44108
176844003,44094
176851614,44100
176859465,44094
176867066,44092
176874984,44087
176882569,44091
176890413,44083
176897904,44091
176905509,44089
176912397,44085
176920258,44087
176927881,44090
176935795,44084
176943399,44086
176951196,44094
176958819,44092
176966643,44088
176974270,44093
176982112,44101
176989759,44094
176997617,44098
177005266,44105
177013111,44118
177020774,44112
177028592,44118
177036236,44114
177044083,44107
177051687,44108
177059559,44118
177067247,44116
177075047,44112
177082657,44116
177090515,44111
177098131,44113
177106618,44102
177114262,44109
177121118,44111
177135854,44148
177141752,44144
177149582,44151
177157183,44155
177164983,44154
177172556,44152
177180404,44154
177188013,44146
177195906,44163
177203509,44162
177211337,44166
177218967,44174
177226871,44171
177234437,44172
177242268,44167
177249883,44202
177256742,44203
177263637,44207
177271518,44177
177279162,44210
177286989,44219
177294591,44213
177302432,44212
177310048,44220
177318602,44213
177326301,44213
177334157,44234
177341812,44221
177349630,44229
177357266,44222
177365111,44225
177372660,44253
177378789,44253
177386382,44256
177394161,44257
177401804,44248
177409711,44259
177417342,44255
177425175,44258
177432804,44261
177440642,44266
177448281,44270
177456124,44266
177463765,44265
177471600,44270
177479278,44273
177487087,44278
177493948,44315
177501536,44306
177509376,44313
177516230,44316
177523848,44315
177532304,44321
177539952,44316
177547836,44321
177555446,44319
177563311,44327
177570928,44323
177578787,44329
177586390,44332
177594214,44337
177601101,44339
177608725,44333
177615566,44289
177623434,44287
177631016,44292
177638874,44282
177646472,44279
177654335,44274
177661976,44272
177676469,44269
177684352,44271
177692049,44271
177699936,44263
177707536,44261
177715365,44256
177723018,44253
177736221,44216
177744617,44216
177752317,44209
177760129,44216
177767712,44214
177775529,44211
177783179,44205
177791025,44202
177798638,44193
177806451,44193
177814067,44195
177821971,44202
177829535,44190
177836377,44187
177844147,44185
177851787,44132
177859588,44133
177867249,44137
177874106,44129
177881947,44131
177889532,44130
177897352,44133
177904996,44123
177912871,44130
177920477,44123
177928286,44120
177935900,44120
177943838,44127
177951998,44125
177959942,44116
177974339,44091
177982184,44091
177989849,44088
177997669,44101
178005304,44094
178013150,44092
178020786,44093
178028619,44088
178036246,44097
178044023,44094
178051615,44093
178059471,44094
178067103,44090
178074954,44088
178082546,44094
178090363,44061
178097241,44064
178104851,44062
178112720,44056
178120345,44044
178128232,44049
178135852,44042
178143729,44039
178151376,44042
178159190,44035
178167394,44034
178175216,44033
178182846,44033
178190734,44035
178197615,44032
178205300,44027
178212157,44089
178219993,44096
178227640,44088
178234470,44090
178242289,44092
178249933,44094
178257830,44090
178265446,44095
178273314,44092
178280905,44093
178288724,44095
178296323,44098
178304133,44104
178311743,44099
178319559,44111
178327210,44113
178334063,44126
178341950,44127
178349536,44125
178357408,44130
178365036,44121
178373601,44123
178381256,44124
178389096,44133
178396709,44136
178404584,44130
178412202,44129
178420046,44128
178427661,44127
178434562,44121
178442386,44122
178449255,44129
178456862,44144
178464743,44143
178472368,44150
178480170,44157
178487760,44152
178495598,44156
178503268,44158
178511079,44161
178518700,44158
178526575,44165
178534214,44158
178542012,44168
178549618,44168
178557484,44161
178565090,44160
178579020,44196
178587292,44193
178595144,44193
178602798,44194
178610669,44192
178618322,44194
178626157,44187
178633747,44189
178641594,44188
178649230,44183
178657027,44188
178664629,44185
178672481,44180
178680111,44185
178687951,44185
178695583,44126
178703445,44126
178711057,44115
178717997,44127
178725912,44116
178733484,44125
178741330,44123
178748931,44123
178756782,44115
178764391,44112
178772214,44115
178779840,44111
178787663,44115
178795147,44120
178802759,44109
178810588,44115
178818213,44107
178826085,44108
178833661,44110
178841463,44106
178849041,44107
178856925,44107
178864488,44111
178872348,44112
178879983,44114
178887863,44109
178895573,44114
178903452,44119
178910316,44112
178930808,44106
178937722,44115
178945624,44109
178953285,44111
178961173,44101
178968783,44112
178976593,44105
178984249,44109
178992042,44109
178999685,44104
179008163,44116
179015810,44105
179023634,44104
179031288,44113
179039060,44112
179046667,44145
179052817,44149
179060434,44149
179068279,44147
179075146,44152
179082768,44146
179090600,44149
179098210,44153
179106002,44151
179113578,44159
179121412,44157
179129069,44149
179136944,44152
179144527,44160
179152405,44160
179160008,44161
179167865,44160
179174759,44165
179182398,44170
179190241,44163
179197883,44166
179205766,44166
179213386,44165
179221838,44176
179229444,44177
179237237,44169
179244873,44176
179252729,44173
179260386,44171
179268206,44181
179275865,44179
179283672,44182
179290535,44243
179298172,44246
179305988,44243
179313570,44240
179321422,44241
179329086,44248
179336993,44251
179344620,44251
179352462,44251
179360034,44255
179367909,44258
179375497,44255
179383313,44268
179390971,44254
179398857,44262
179412570,44291
179420223,44294
179428694,44290
179435585,44296
179443206,44300
179451095,44303
179458767,44306
179466612,44311
179474274,44311
179482079,44307
179489684,44312
179497527,44309
179505121,44320
179512958,44318
179520548,44314
179528427,44362
179536067,44358
179543959,44357
179551541,44365
179559416,44366
179567037,44372
179574890,44369
179582499,44374
179590333,44373
179597962,44370
179605805,44373
179613389,44381
179621228,44377
179628058,44371
179636231,44371
179644062,44379
179650964,44326
179658539,44328
179666345,44318
179673964,44312
179681884,44311
179689449,44308
179697321,44301
179704894,44293
179712761,44292
179720420,44296
179728219,44295
179735862,44299
179743794,44289
179751387,44284
179759253,44279
179773734,44253
179781611,44253
179789221,44272
179796079,44249
179803945,44249
179811546,44246
179819382,44255
179826975,44249
179834811,44249
179842401,44252
179850876,44249
179858476,44249
179865369,44258
179873158,44254
179880804,44253
179888643,44242
179896289,44238
179904110,44246
179911681,44248
179919549,44243
179927137,44232
179934987,44241
179942564,44238
179950372,44243
179957994,44245
179965894,44241
179973458,44238
179981300,44241
179988930,44244
179996826,44242
180004453,44239
180011320,44261
180019136,44260
180026713,44259
180034544,44270
180042127,44271
180049976,44269
180058250,44268
180066024,44263
180073615,44261
180081430,44261
180089007,44257
180096864,44268
180103762,44267
180111379,44270
180119215,44268
180133702,44263
180141572,44260
180149241,44255
180156040,44260
180170489,44262
180178416,44279
180186058,44278
180193936,44285
180201517,44256
180209378,44286
180216998,44281
180224879,44286
180232490,44295
180240351,44285
180247243,44342
180254874,44331
180261711,44337
180269578,44342
180277821,44338
180285637,44345
180293301,44344
180301113,44342
180308741,44345
180316630,44344
180324290,44343
180332132,44349
180338965,44352
180346592,44351
180354425,44356
180362007,44359
180369875,44385
180377473,44383
180385343,44386
180392251,44392
180399868,44382
180407773,44389
180415409,44382
180423250,44392
180430883,44383
180438680,44393
180446330,44389
180454128,44392
180461747,44387
180469552,44392
180477218,44400
180492555,44370
180500210,44370
180508023,44375
180515621,44368
180523481,44369
180531065,44366
180538958,44373
180546527,44379
180554351,44383
180561990,44381
180569889,44385
180577486,44384
180585299,44387
180592949,44390
180600833,44384
180607694,44431
180615362,44433
180623173,44444
180630788,44437
180638624,44441
180646251,44434
180654060,44441
180661676,44434
180669525,44430
180677150,44427
180685009,44425
180693265,44420
180700105,44434
180707985,44424
180715587,44421
180730362,44359
180737969,44349
180744888,44351
180752708,44352
180760318,44350
180768113,44356
180775694,44354
180783558,44346
180791147,44340
180799010,44344
180806618,44351
180814480,44344
180822111,44346
180829987,44342
180837538,44341
180845381,44308
180853022,44293
180860868,44294
180868459,44297
180875336,44292
180883094,44290
180890706,44299
180898543,44291
180906783,44291
180914659,44287
180922331,44287
180930175,44288
180937057,44279
180944660,44278
180952517,44272
180960122,44271
180967998,44212
180975619,44214
180983484,44206
180991138,44212
180998972,44212
181006563,44212
181014372,44214
181021993,44209
181029884,44206
181037435,44207
181045326,44205
181052955,44211
181060836,44202
181068415,44204
181076245,44204
181090118,44184
181097943,44176
181105540,44179
181113044,44170
181120911,44166
181128509,44166
181136343,44168
181143969,44159
181151849,44168
181159483,44164
181167314,44163
181174911,44166
181182834,44169
181190453,44171
181198249,44169
181205851,44159
181213707,44162
181221341,44157
181229148,44164
181236746,44168
181244613,44167
181252261,44164
181260072,44173
181267708,44178
181275557,44178
181283163,44182
181291007,44188
181297888,44182
181305433,44183
181313321,44177
181321424,44180
181328334,44211
181336189,44205
181343799,44212
181351607,44212
181359280,44210
181367081,44214
181374708,44216
181382562,44212
181390194,44215
181398058,44215
181412326,44210
181420224,44214
181427888,44215
181435793,44219
181449572,44227
181457220,44227
181465028,44234
181471905,44227
181479494,44229
181487325,44234
181494931,44229
181502780,44225
181510404,44227
181518214,44225
181525858,44223
181532719,44221
181541101,44223
181548717,44222
181556561,44224
181563419,44255
181571053,44254
181578899,44254
181586494,44256
181593370,44246
181601144,44251
181608749,44255
181616624,44252
181624244,44251
181632039,44249
181639623,44253
181647477,44255
181655110,44248
181662980,44250
181670579,44251
181678449,44255
181686064,44231
181693984,44229
181701536,44233
181709384,44229
181717015,44224
181724901,44226
181732487,44219
181740313,44211
181748461,44214
181756256,44214
181763872,44203
181770701,44203
181778534,44204
181786183,44199
181794052,44202
181800895,44197
181808550,44164
181816415,44156
181824042,44153
181830962,44162
181837832,44164
181845670,44167
181853335,44170
181861214,44156
181868847,44156
181876696,44150
181884359,44150
181891190,44158
181899020,44158
181906596,44152
181914468,44149
181921317,44149
181928947,44127
181936816,44130
181944419,44130
181951237,44135
181959724,44135
181967339,44132
181975145,44130
181982811,44134
181990639,44131
181998302,44130
182006135,44129
182013722,44127
182021537,44124
182029197,44118
182036078,44126
182043964,44122
182051560,44117
182059431,44111
182067038,44116
182074912,44115
182082483,44122
182090292,44117
182097879,44117
182105697,44121
182113369,44119
182121229,44114
182128056,44118
182135672,44120
182143544,44116
182151148,44121
182158988,44121
182174264,44104
182181920,44113
182188801,44107
182196668,44114
182204323,44115
182212202,44113
182219802,44114
182227602,44119
182235236,44112
182243144,44119
182250753,44109
182258582,44109
182266162,44107
182274031,44119
182281582,44112
182289462,44160
182297094,44150
182304955,44163
182312523,44159
182320369,44162
182328003,44162
182335846,44174
182343434,44163
182351268,44169
182358901,44170
182365704,44168
182373528,44174
182381788,44171
182389642,44166
182396527,44166
182404147,44171
182412007,44200
182419596,44198
182427383,44199
182435003,44202
182441937,44192
182449834,44196
182457473,44194
182465336,44201
182472990,44195
182480850,44195
182488440,44192
182496254,44200
182503867,44202
182511667,44205
182519350,44199
182534022,44211
182541609,44213
182549465,44210
182557085,44213
182564972,44206
182572631,44210
182580486,44207
182588718,44206
182596601,44214
182603491,44223
182611093,44221
182618964,44223
182626594,44225
182634433,44220
182642086,44229
182656614,44243
182664518,44240
182671363,44227
182678997,44235
182686920,44232
182694547,44225
182702413,44223
182710033,44218
182717939,44214
182725540,44210
182733390,44204
182741004,44204
182748889,44202
182755786,44199
182770283,44119
182778075,44127
182785706,44195
182791824,44118
182799695,44125
182807942,44120
182815835,44116
182823426,44113
182831190,44109
182838817,44115
182846636,44111
182854292,44108
182862129,44111
182869707,44111
182877543,44108
182885136,44069
182892989,44069
182900534,44060
182907416,44068
182915230,44063
182922860,44073
182930731,44064
182938371,44061
182946247,44059
182953839,44062
182960697,44067
182968532,44053
182976160,44056
182984040,44056
182991644,44052
182999520,44057
183007127,44043
183015651,44038
183023277,44035
183031055,44043
183038616,44046
183046455,44042
183054108,44041
183062000,44035
183069613,44038
183077466,44042
183085061,44042
183092918,44038
183100494,44041
183108305,44040
183115134,44047
183122753,44046
183130595,44033
183138223,44033
183146096,44033
183152945,44033
183160518,44032
183168326,44032
183175971,44026
183183845,44034
183191483,44038
183199321,44035
183206985,44033
183214834,44030
183223065,44029
183230930,44034
183238479,44036
183253181,44048
183260815,44055
183267720,44053
183274594,44047
183282422,44054
183290064,44056
183297944,44062
183305557,44063
183313449,44065
183320321,44061
183327952,44075
183335810,44063
183343438,44067
183351249,44070
183358117,44074
183372538,44102
183380392,44108
183387315,44104
183394251,44101
183401937,44103
183409862,44106
183417505,44103
183425426,44107
183433651,44102
183440547,44095
183448386,44097
183456083,44097
183464016,44097
183471645,44094
183479479,44090
183487089,44123
183494957,44123
183502510,44139
183510369,44140
183517999,44135
183525918,44144
183533526,44143
183541389,44144
183549021,44144
183555831,44146
183563647,44143
183571284,44150
183579080,44151
183586757,44144
183594653,44143
183602302,44143
183610192,44181
183617791,44189
183625634,44185
183633256,44179
183641083,44180
183649342,44191
183657192,44186
183664820,44188
183672682,44181
183680375,44180
183688192,44185
183695783,44177
183703597,44175
183711247,44182
183718119,44175
183732932,44080
183740533,44073
183747337,44072
183755169,44060
183762751,44065
183770578,44060
183778186,44053
183786057,44059
183793651,44050
183801478,44053
183809094,44041
183816958,44045
183824516,44038
183832375,44038
183839984,44039
183847853,43960
183856104,43959
183863965,43952
183871580,43944
183879433,43947
183887028,43953
183901525,43943
183909156,43945
183917049,43939
183924673,43936
183932525,43945
183940184,43939
183948039,43939
183955668,43937
183963513,43873
183971136,43863
183979052,43866
183985882,43859
183992717,43852
184000375,43856
184008213,43848
184015829,43854
184023644,43853
184031221,43855
184039049,43859
184046623,43851
184054470,43849
184062096,43849
184070624,43848
184078274,43852
184086118,43852
184093715,43849
184100561,43843
184108421,43853
184116044,43843
184123937,43848
184131529,43853
184139379,43839
184146995,43843
184153864,43844
184161703,43841
184169354,43844
184177146,43838
184184782,43842
184192651,43835
184200300,43839
184208090,43843
184215702,43830
184223567,43844
184231130,43828
184239049,43838
184246632,43829
184254511,43839
184262158,43836
184270007,43842
184278155,43841
184286015,43842
184293569,43839
184301418,43846
184309017,43847
184315891,43854
184330633,43873
184338281,43877
184346121,43874
184353713,43875
184361551,43874
184369148,43880
184377030,43883
184384631,43876
184392520,43877
184400083,43876
184407977,43872
184415550,43884
184423420,43884
184431012,43878
184438876,43876
184446504,43900
184454349,43894
184461249,43894
184468840,43892
184475740,43897
184483582,43900
184491782,43903
184499604,43901
184507251,43891
184514130,43888
184522015,43899
184529585,43897
184537464,43896
184545121,43892
184552993,43900
184560563,43897
184568383,43907
184575981,43899
184583850,43909
184591460,43909
184599299,43903
184606922,43908
184614811,43909
184622460,43916
184630241,43917
184637820,43926
184645676,43925
184653357,43921
184661227,43928
184668869,43921
184675771,43926
184690470,43913
184698591,43906
184706445,43903
184714085,43902
184721963,43901
184729606,43901
184737436,43896
184745070,43895
184751895,43889
184759707,43881
184767362,43889
184775185,43890
184782772,43888
184790634,43878
184797506,43882
184811955,43891
184819767,43887
184827390,43892
184835143,43882
184841998,43890
184849575,43884
184857430,43890
184865040,43892
184871894,43880
184879745,43882
184887358,43891
184895111,43890
184902663,43890
184911059,43878
184918711,43883
184926562,43895
184934174,43898
184942026,43893
184949588,43898
184957431,43897
184965044,43889
184972908,43897
184980550,43891
184987410,43889
184995202,43892
185002781,43886
185010644,43890
185018274,43886
185026170,43880
185033757,43890
185048513,43925
185056140,43927
185064025,43933
185071671,43930
185079503,43925
185087118,43921
185095017,43929
185102559,43930
185110354,43927
185118546,43932
185126454,43930
185140690,43941
185148528,43937
185155435,43939
185163056,43940
185170946,43943
185178567,43937
185185435,43939
185193287,43936
185200168,43937
185207805,43945
185215702,43939
185222617,43952
185230269,43943
185238104,43946
185245678,43942
185253537,43950
185261181,43950
185269042,43940
185283463,44000
185291254,44012
185298870,44010
185306712,44014
185314370,44011
185321216,44008
185329047,44018
185337229,44006
185345133,44012
185352739,44017
185360594,44009
185368215,44018
185376079,44019
185383717,44020
185398450,44053
185406052,44056
185413964,44057
185421549,44058
185429357,44058
185436237,44062
185443874,44062
185451709,44061
185459372,44061
185467192,44049
185474783,44063
185482653,44065
185490308,44060
185498097,44065
185505680,44069
185513559,44111
185521171,44104
185529034,44104
185536624,44106
185544505,44116
185552692,44109
185560544,44116
185568131,44108
185575989,44119
185582868,44123
185590490,44120
185598319,44121
185605918,44119
185613788,44127
185621405,44137
185629230,44131
185636067,44122
185643618,44117
185651460,44119
185659073,44113
185666966,44111
185674542,44111
185682365,44109
185689960,44109
185697783,44109
185705433,44107
185713255,44101
185720916,44108
185728772,44096
185736419,44098
185744240,44087
185759401,44052
185767240,44053
185774885,44056
185782746,44047
185789656,44053
185797325,44049
185805106,44048
185812693,44045
185820550,44042
185828130,44048
185835984,44043
185843546,44043
185851383,44039
185858999,44042
185866836,44036
185874456,44030
185882246,44028
185889823,44037
185897689,44041
185905333,44032
185913143,44040
185920765,44037
185928639,44029
185936295,44033
185943201,44032
185951062,44043
185958646,44047
185967083,44043
185974688,44038
185982542,44032
185990179,44035
185998038,44041
186005658,44034
186013494,44035
186021103,44038
186028013,44041
186035863,44043
186043475,44042
186051297,44041
186058894,44043
186066714,44056
186074322,44051
186082129,44051
186089730,44043
186097557,44047
186105173,44054
186119968,44038
186127550,44037
186135433,44045
186143077,44050
186150960,44040
186158564,44054
186166419,44041
186174631,44042
186181529,44044
186189402,44044
186197009,44047
186204850,44045
186212477,44047
186220276,44048
186227913,44044
186235698,44096
186243403,44103
186251237,44100
186258863,44102
186265738,44110
186273584,44102
186281167,44105
186289047,44106
186296614,44110
186304483,44113
186312114,44121
186319985,44119
186327567,44113
186335405,44118
186343050,44121
186357837,44176
186365464,44182
186373311,44181
186387568,44182
186396113,44178
186402961,44182
186410607,44186
186417479,44187
186425325,44186
186432972,44189
186440815,44191
186448446,44197
186456265,44195
186463889,44191
186470771,44227
186478632,44222
186486267,44226
186494116,44231
186501692,44233
186509560,44230
186517208,44239
186524089,44236
186531964,44235
186539564,44235
186547385,44244
186555003,44239
186562874,44235
186570461,44231
186578318,44234
186585901,44234
186593728,44271
186602034,44271
186609963,44277
186617510,44271
186624341,44268
186632126,44283
186638926,44276
186646498,44285
186654341,44282
186661989,44282
186669874,44284
186677515,44282
186685369,44278
186693003,44275
186700833,44280
186715359,44213
186723144,44216
186730728,44206
186738601,44214
186746286,44207
186754135,44203
186760958,44203
186768497,44213
186775401,44210
186783237,44207
186790867,44207
186798692,44210
186806359,44203
186814858,44210
186822486,44214
186830276,44187
186837880,44190
186845691,44193
186853321,44182
186861231,44180
186868825,44179
186876668,44177
186884294,44179
186892108,44185
186899709,44189
186907594,44184
186915151,44180
186923044,44172
186930603,44165
186938464,44174
186946117,44170
186952978,44120
186960767,44124
186968415,44120
186976251,44119
186983872,44113
186991716,44117
186999390,44122
187007215,44108
187014062,44114
187022345,44111
187030253,44115
187037850,44110
187045727,44106
187053415,44110
187061266,44100
187075792,44074
187083679,44080
187091274,44077
187099117,44073
187105973,44076
187113599,44075
187121439,44072
187129095,44072
187136986,44076
187144557,44069
187152361,44077
187159992,44066
187167842,44076
187175506,44065
187183339,44062
187190983,44064
187198876,44068
187206507,44064
187214344,44065
187221974,44069
187229768,44063
187238019,44069
187245892,44070
187252768,44070
187260414,44070
187268219,44073
187275855,44073
187283709,44077
187291321,44076
187299113,44079
187306703,44079
187313573,44128
187321405,44133
187329030,44128
187336850,44131
187344466,44130
187352233,44137
187359852,44133
187367674,44131
187375312,44136
187383159,44141
187390779,44137
187398634,44137
187406262,44145
187414085,44136
187421643,44146
187436350,44152
187444528,44158
187452329,44156
187459967,44162
187466829,44156
187474748,44162
187482398,44164
187490182,44164
187497781,44161
187505640,44162
187513271,44159
187521114,44158
187528696,44151
187536536,44156
187544143,44159
187552008,44187
187559647,44187
187567483,44188
187575084,44177
187582965,44189
187590577,44185
187598423,44184
187605255,44186
187612052,44190
187619639,44183
187634108,44187
187642042,44186
187649628,44185
187658064,44190
187671893,44183
187679729,44182
187687393,44183
187695276,44184
187702163,44184
187709782,44181
187717638,44176
187725228,44173
187733090,44170
187740660,44174
187748505,44169
187756115,44165
187763986,44160
187771577,44156
187779433,44158
187787093,44139
187794981,44137
187802558,44136
187810412,44133
187818046,44136
187825889,44135
187833478,44141
187841312,44134
187848193,44127
187855877,44130
187863723,44128
187871999,44136
187879870,44128
187887482,44124
187895266,44125
187902884,44122
187909782,44112
187917686,44118
187925314,44109
187933148,44110
187940734,44111
187948565,44109
187956164,44108
187964009,44121
187971565,44113
187979441,44116
187987031,44116
187994871,44110
188002506,44115
188010331,44118
188017925,44115
188032646,44113
188040250,44113
188048131,44111
188055741,44114
188062608,44113
188070471,44113
188078636,44116
188085472,44115
188093336,44120
188100963,44113
188108758,44128
188116419,44121
188124286,44118
188131896,44115
188139774,44112
188147405,44101
188155192,44107
188162760,44103
188170600,44100
188178187,44101
188186060,44101
188193649,44114
188201487,44111
188209087,44106
188216958,44109
188224530,44103
188232347,44097
188239978,44113
188247812,44109
188255471,44108
188263259,44113
188270087,44155
188277671,44153
188286093,44152
188293663,44145
188301498,44155
188309108,44156
188317003,44162
188323866,44163
188331519,44164
188339334,44169
188346922,44170
188354752,44171
188362423,44172
188370199,44171
188377817,44173
188392556,44208
188400173,44213
188408066,44211
188415670,44215
188423510,44214
188431124,44204
188438990,44216
188446597,44215
188454445,44213
188462089,44222
188469956,44214
188477531,44216
188485341,44223
188493491,44219
188501304,44223
188508951,44279
188516784,44272
188524437,44278
188532254,44284
188539904,44270
188547764,44281
188555419,44275
188562274,44286
188570083,44286
188577686,44288
188585519,44292
188593147,44287
188600995,44285
188608550,44292
188616328,44292
188623935,44289
188630775,44302
188638638,44314
188646324,44309
188654155,44304
188661762,44295
188669642,44307
188677221,44296
188685081,44305
188692636,44300
188700500,44297
188708648,44296
188716521,44294
188724144,44285
188732036,44282
188739634,44274
188754342,44197
188762005,44196
188769863,44197
188777470,44191
188784364,44200
188792174,44193
188799774,44193
188807606,44189
188815236,44190
188823139,44185
188830725,44187
188838552,44184
188846194,44176
188854080,44183
188861654,44189
188876111,44150
188883778,44143
188891671,44144
188898501,44138
188906111,44135
188913988,44140
188922259,44132
188930114,44143
188936960,44141
188944622,44140
188952439,44128
188960068,44131
188967917,44123
188975545,44121
188989552,44092
188997161,44095
189005028,44096
189012643,44090
189020443,44089
189028030,44096
189034950,44093
189042779,44097
189050393,44101
189058228,44095
189065906,44096
189073761,44094
189081429,44087
189089230,44087
189096804,44088
189104626,44082
189112214,44080
189120077,44088
189128226,44076
189136118,44083
189143712,44080
189151528,44081
189159107,44069
189166929,44071
189174555,44077
189182426,44071
189190045,44074
189197907,44082
189205512,44076
189213310,44077
189227107,44092
189234998,44089
189242582,44086
189250421,44098
189258034,44095
189265920,44101
189273551,44097
189281348,44101
189288983,44100
189296831,44094
189304491,44101
189312356,44106
189319958,44104
189327839,44103
189336112,44109
189344028,44145
189351580,44138
189359463,44134
189367057,44147
189374927,44147
189381808,44148
189389478,44150
189397290,44141
189404901,44147
189412755,44144
189419619,44139
189427227,44147
189435118,44142
189442703,44149
189450567,44149
189458198,44145
189466090,44179
189473646,44176
189481443,44174
189489078,44177
189496981,44164
189504604,44177
189511486,44172
189519303,44177
189526928,44175
189534792,44184
189542458,44179
189550996,44187
189558602,44185
189566438,44191
189574084,44189
189588828,44207
189596496,44202
189604323,44212
189611920,44211
189618783,44213
189626615,44213
189634218,44217
189642106,44221
189649688,44217
189657579,44211
189665193,44212
189673050,44211
189680635,44205
189688477,44209
189696089,44209
189703962,44111
189711569,44100
189719404,44099
189727021,44091
189734913,44082
189742524,44087
189749374,44086
189757811,44080
189765466,44079
189773293,44085
189780907,44081
189788740,44081
189796368,44087
189804167,44079
189811740,44076
189826449,44005
189834054,44015
189841932,44007
189849522,44006
189857307,44003
189864926,44011
189872780,44003
189880436,44008
189888219,44000
189895805,44004
189903650,43998
189911264,43998
189919112,43996
189926698,43994
189934499,43996
189942175,43943
189949022,43938
189956841,43942
189965082,43942
189972973,43937
189979821,43931
189987491,43933
189995337,43933
190002963,43930
190010837,43929
190018514,43928
190026294,43929
190033914,43925
190041773,43920
190049437,43928
190057249,43932
190064884,43915
190072731,43903
190080349,43905
190088176,43910
190095750,43909
190103639,43899
190117156,43904
190124748,43892
190132684,43898
190140335,43892
190148147,43893
190155809,43890
190163651,43890
190171260,43890
190186064,43862
190193727,43861
190201680,43864
190209338,43873
190216261,43863
190223138,43861
190231048,43862
190238621,43864
190246461,43862
190254103,43864
190261988,43869
190269587,43874
190277430,43871
190285069,43874
190292918,43866
190300549,43895
190308366,43900
190315995,43903
190323838,43899
190331484,43893
190339381,43896
190347048,43902
190354925,43874
190362538,43906
190370326,43904
190377930,43906
190384787,43909
190393187,43907
190400844,43918
190408683,43906
190422497,43886
190430273,43894
190437889,43894
190445761,43890
190453452,43892
190461310,43896
190468952,43899
190476782,43899
190484417,43901
190492256,43902
190499883,43904
190506754,43907
190514608,43909
190522239,43912
190530092,43911
190537709,43925
190545508,43921
190553139,43928
190561019,43937
190568596,43935
190575494,43935
190583268,43941
190590886,43944
190598749,43933
190606963,43928
190614768,43934
190622377,43936
190630181,43935
190637814,43941
190645673,43936
190653308,43942
190661178,43941
190668775,43927
190676605,43929
190684226,43930
190692090,43926
190699652,43926
190706527,43917
190714368,43918
190721984,43916
190729809,43915
190737478,43905
190744293,43902
190752115,43907
190759648,43905
190767461,43899
190775094,43894
190782947,43849
190790550,43851
190798367,43851
190806023,43849
190814477,43845
190821324,43854
190828871,43851
190836761,43845
190844396,43838
190852211,43851
190859822,43851
190867681,43845
190875287,43848
190883155,43848
190890730,43836
190904671,43814
190912283,43819
190920162,43820
190927704,43828
190934577,43822
190941434,43818
190949225,43814
190956819,43825
190964671,43822
190972312,43810
190980183,43820
190987037,43822
190994633,43824
191002481,43819
191010090,43818
191024650,43821
191032288,43818
191040179,43823
191047825,43813
191054671,43822
191062506,43826
191070126,43822
191077980,43823
191085561,43823
191093376,43826
191101003,43827
191107853,43821
191115705,43826
191123269,43827
191131129,43827
191138690,43850
191146544,43850
191154153,43853
191162030,43855
191169645,43858
191177484,43863
191185111,43861
191193035,43862
191200644,43863
191208450,43872
191216085,43876
191223961,43873
191232246,43866
191240130,43868
191247703,43871
191262425,43906
191270074,43905
191277968,43909
191285570,43904
191292417,43915
191300267,43917
191307870,43911
191315748,43922
191323397,43921
191331210,43924
191338815,43921
191346652,43936
191361136,43924
191368729,43929
191376627,43974
191383524,43969
191391138,43972
191399040,43963
191405941,43984
191413548,43967
191420401,43977
191428193,43970
191435787,43975
191443663,43972
191451950,43968
191459793,43977
191467465,43977
191475336,43971
191482962,43973
191490773,43987
191498386,44017
191506217,44028
191513829,44032
191521722,44021
191529363,44025
191536225,44030
191544118,44027
191551681,44026
191559502,44024
191567097,44024
191574999,44030
191582600,44035
191590435,44033
191598044,44034
191605936,44043
191620422,44034
191628273,44026
191635883,44021
191643728,44032
191651339,44028
191659864,44020
191667524,44015
191675400,44015
191683010,44009
191690866,44004
191698517,44009
191705301,44015
191713140,44007
191720735,44009
191728541,44005
191736144,43938
191742993,43938
191750782,43933
191758425,43932
191766225,43926
191773821,43928
191781660,43923
191789286,43923
191797118,43923
191804722,43918
191812586,43916
191820212,43921
191828054,43920
191835651,43922
191843511,43915
191851159,43920
191859040,43902
191867316,43895
191875156,43903
191882724,43895
191890514,43906
191898135,43897
191905984,43900
191913581,43901
191921386,43890
191929032,43894
191936857,43889
191944477,43899
191952307,43887
191959984,43884
191967815,43888
191975481,43846
191982393,43848
191990245,43854
191997837,43848
192004711,43840
192012549,43847
192020147,43846
192028018,43835
192035580,43836
192043441,43846
192051084,43840
192058970,43845
192066572,43848
192075036,43842
192082569,43847
192097210,43856
192104840,43856
192112722,43855
192120383,43859
192128272,43864
192135877,43857
192143726,43861
192151281,43859
192159135,43858
192166708,43861
192174579,43850
192182202,43859
192189089,43859
192196974,43857
192204561,43860
192212387,43878
192220031,43872
192227850,43872
192235486,43877
192243291,43871
192250895,43872
192258742,43872
192266392,43879
192274205,43876
192282393,43873
192290291,43877
192297895,43881
192305742,43878
192313382,43885
192321178,43884
192335629,43956
192342487,43959
192350242,43962
192357866,43955
192364707,43968
192372530,43956
192380160,43964
192388051,43963
192395592,43962
192403392,43956
192410972,43960
192418809,43962
192426457,43973
192433292,43962
192441124,43960
192455576,44003
192462470,44018
192470318,44016
192477898,44009
192484739,44011
192492563,44014
192499986,44021
192507563,44023
192515381,44025
192523038,44028
192530946,44020
192538597,44026
192546435,44031
192553293,44034
192560876,44028
192575598,44058
192583228,44062
192591118,44065
192605605,44061
192612514,44059
192620213,44060
192628094,44058
192635649,44062
192643465,44063
192651094,44053
192658977,44056
192665857,44051
192673527,44048
192688212,43966
192695830,43962
192703672,43960
192711861,43961
192719780,43964
192727402,43952
192735205,43959
192742886,43954
192750778,43947
192758430,43955
192766217,43956
192773821,43953
192781738,43955
192789417,43948
192797251,43951
192804838,43907
192812685,43914
192819572,43908
192827175,43907
192835062,43909
192841952,43907
192849557,43904
192857401,43903
192865006,43901
192872826,43895
192880479,43897
192888268,43899
192895884,43899
192903753,43884
192911384,43890
192919217,43881
192927484,43882
192935284,43884
192942886,43878
192950731,43874
192958348,43879
192966198,43886
192973101,43871
192980676,43879
192988529,43887
192996133,43885
193004013,43880
193011620,43882
193019456,43885
193027119,43883
193034968,43882
193049457,43892
193057269,43882
193064888,43878
193072734,43874
193080405,43882
193088229,43883
193095828,43884
193103692,43885
193111352,43881
193119218,43880
193126823,43879
193135256,43879
193142881,43876
193149761,43875
193157599,43876
193165207,43881
193173076,43881
193179965,43878
193187584,43886
193195397,43886
193202266,43890
193209910,43895
193217734,43885
193225383,43895
193233216,43897
193240788,43903
193248687,43898
193256293,43898
193264194,43898
193271071,43902
193278750,43907
193286648,43924
193294256,43926
193302168,43925
193309758,43927
193317645,43930
193325275,43931
193332189,43932
193340069,43930
193348346,43934
193356217,43929
193363872,43933
193371717,43930
193379338,43936
193387235,43932
193394813,43932
193409521,43962
193417168,43966
193425075,43967
193432651,43961
193440498,43962
193448110,43963
193455992,43970
193463597,43962
193471392,43965
193478991,43957
193486835,43968
193494478,43969
193502324,43969
193509194,43973
193516802,43978
193524597,44010
193532235,44016
193539161,44008
193546996,44016
193555238,44012
193563068,44012
193569880,44011
193577536,44013
193585333,44012
193592934,44012
193600845,44022
193608497,44024
193616337,44021
193623910,44030
193630778,44025
193638651,44024
193646260,43979
193654149,43983
193661045,43976
193668664,43975
193676525,43975
193684151,43964
193692048,43970
193699586,43965
193707412,43969
193715028,43969
193722869,43964
193730512,43953
193738292,43962
193745912,43953
193753763,43960
193769219,43946
193776124,43940
193783675,43944
193791498,43941
193799163,43944
193806990,43932
193814626,43938
193822465,43940
193830133,43931
193838051,43928
193852548,43929
193860248,43923
193867160,43925
193875072,43928
193882664,43910
193889540,43907
193897300,43904
193904899,43909
193912766,43906
193920426,43912
193926644,43910
193934479,43911
193942075,43911
193949881,43912
193957524,43907
193965329,43911
193972908,43907
193981284,43905
193988901,43906
193996762,43908
194004457,43926
194012326,43928
194019859,43923
194027708,43919
194035311,43915
194042223,43923
194050126,43920
194057701,43926
194065572,43931
194073221,43921
194081072,43930
194088666,43927
194096482,43924
194104052,43934
194111860,43927
194119537,43933
194127322,43939
194134925,43935
194142795,43939
194150407,43938
194158228,43934
194165090,43936
194172643,43943
194180486,43941
194188705,43941
194196592,43943
194204190,43946
194212075,43939
194219633,43946
194227425,43940
194235033,43946
194249725,44036
194257399,44034
194265221,44038
194272788,44042
194280603,44040
194288224,44043
194296082,44044
194303675,44044
194311521,44043
194319157,44045
194327040,44050
194334609,44053
194342448,44055
194350041,44059
194357870,44059
194365508,44106
194372410,44104
194380208,44109
194387782,44109
194395685,44106
194403183,44106
194410773,44103
194418592,44102
194426207,44116
194434031,44110
194441679,44107
194449531,44107
194457171,44107
194465068,44104
194472630,44112
194487336,44144
194494925,44142
194502792,44138
194510445,44132
194518232,44138
194525088,44135
194532650,44138
194540467,44141
194548079,44139
194555941,44138
194563583,44137
194571423,44146
194579060,44140
194586912,44142
194594519,44151
194602333,44090
194610590,44086
194618375,44091
194626000,44081
194633799,44079
194640665,44075
194648296,44071
194656185,44062
194663785,44064
194671623,44054
194679244,44040
194687108,44046
194694691,44030
194702557,44033
194710198,44029
194717097,44028
194724996,44026
194732619,44032
194740455,44028
194748066,44030
194755873,44034
194763496,44033
194771290,44028
194778867,44032
194786735,44035
194794406,44035
194802226,44032
194809779,44044
194818204,44046
194825758,44035
194832579,44043
194847303,44060
194854152,44061
194861728,44072
194869590,44069
194877171,44072
194885085,44065
194892692,44071
194900533,44074
194908142,44074
194916008,44081
194923639,44083
194931445,44078
194939051,44080
194946910,44087
194954577,44082
194962389,44105
194970068,44103
194977935,44092
194985527,44106
194993341,44106
195000954,44105
195007818,44104
195015667,44098
195023266,44107
195031781,44107
195039422,44116
195047273,44125
195054892,44128
195062758,44137
195070397,44142
195078255,44143
195092713,44260
195100324,44262
195108247,44260
195115111,44262
195121963,44255
195129636,44256
195137455,44258
195145071,44252
195152930,44249
195160571,44256
195168423,44250
195176084,44255
195183901,44248
195190840,44246
195205397,44267
195212286,44267
195220192,44263
195227785,44261
195234624,44271
195241492,44261
195250101,44271
195257706,44259
195265540,44260
195273187,44264
195281078,44268
195288642,44263
195296460,44255
195304091,44265
195310944,44261
195325724,44256
195332598,44258
195340224,44255
195348086,44255
195355673,44258
195363505,44253
195371096,44259
195378921,44253
195386580,44252
195394441,44258
195402040,44254
195409855,44253
195417521,44251
195425297,44252
195432102,44252
195439733,44313
195447596,44317
195455758,44327
195463656,44330
195471310,44331
195479226,44328
195486783,44337
195494650,44342
195502241,44341
195510146,44349
195517719,44348
195525615,44356
195533235,44354
195541121,44357
195547997,44353
195555579,44359
195563369,44398
195570206,44403
195577828,44397
195585740,44398
195593403,44394
195601221,44393
195608858,44392
195616684,44395
195624308,44387
195632203,44381
195639769,44383
195647654,44376
195655280,44383
195663184,44377
195671502,44373
195686182,44341
195693741,44341
195701595,44338
195709240,44340
195716127,44343
195722988,44343
195730818,44335
195738485,44336
195746303,44342
195753869,44328
195761701,44332
195769304,44328
195777205,44339
195784795,44332
195791693,44335
195799592,44331
195807216,44335
195815094,44346
195822645,44349
195830464,44343
195838090,44353
195845910,44359
195853602,44363
195861425,44357
195869065,44367
195877486,44362
195885105,44372
195892976,44381
195900610,44373
195907441,44377
195915330,44379
195922925,44448
195930786,44446
195938467,44457
195946303,44457
195953191,44455
195960728,44456
195968576,44461
195976190,44460
195984072,44475
195991656,44474
195999496,44475
196007131,44480
196014991,44482
196022583,44486
196030439,44486
196044963,44449
196052756,44451
196060356,44451
196068209,44452
196075788,44443
196083633,44439
196091771,44437
196099628,44440
196107279,44437
196115166,44433
196122726,44428
196130575,44420
196138173,44407
196146051,44404
196153604,44395
196161390,44062
196169018,44059
196176862,44061
196184544,44054
196191424,44054
196199266,44050
196206874,44040
196214713,44040
196222303,44032
196230171,44028
196237769,44023
196245608,44026
196253220,44027
196261084,44024
196268650,44017
196283299,44000
196290903,43996
196299326,43993
196306954,43997
196314803,44007
196322464,43993
196336944,43996
196344573,43999
196352498,44000
196360133,44000
196367984,43994
196375640,43999
196383483,43996
196390327,44001
196397954,44081
196405864,44095
196413496,44090
196421304,44096
196428145,44090
196435725,44090
196443577,44100
196451167,44107
196459033,44104
196466640,44102
196474450,44105
196482050,44116
196489876,44119
196497522,44121
196505326,44130
196513596,44202
196521436,44211
196529049,44213
196536870,44220
196543765,44216
196551412,44228
196558299,44228
196566188,44223
196573776,44233
196581622,44235
196589218,44231
196597114,44238
196604728,44239
196612582,44239
196620166,44245
196628010,44246
196635608,44250
196643430,44241
196651032,44236
196658906,44235
196666554,44235
196674410,44234
196682029,44223
196689845,44218
196697489,44208
196705358,44211
196712983,44205
196721447,44210
196729071,44204
196736896,44209
196744517,44203
196758583,44171
196766181,44161
196773062,44161
196780907,44169
196788572,44163
196796347,44162
196803954,44160
196811797,44165
196819443,44164
196827298,44163
196834904,44159
196842754,44157
196850405,44159
196858250,44154
196865897,44149
196873780,44039
196881372,44033
196889209,44030
196896758,44023
196903636,44013
196911448,44007
196918323,44010
196925925,43996
196934321,43988
196941937,43981
196949777,43975
196957363,43968
196965244,43958
196972857,43948
196980700,43953
196988319,43938
196996198,43720
197003772,43715
197011613,43717
197019191,43719
197027065,43720
197034684,43715
197042483,43716
197050115,43718
197057930,43718
197065568,43722
197073365,43725
197080953,43719
197088806,43720
197096437,43719
197104297,43721
197118820,43713
197126678,43720
197133543,43710
197141682,43696
197149492,43702
197157129,43710
197165036,43710
197172647,43714
197180475,43724
197188108,43716
197195994,43723
197203627,43722
197211438,43728
197219030,43735
197226844,43745
197234488,43903
197242307,43906
197249915,43907
197257763,43910
197264651,43905
197272257,43914
197279146,43913
197287030,43912
197294616,43908
197302433,43910
197310156,43918
197318086,43916
197325685,43912
197333524,43914
197341114,43922
197356392,43883
197364038,43881
197371908,43874
197379580,43886
197387382,43878
197395053,43882
197402931,43884
197410556,43878
197418322,43880
197425956,43878
197433810,43889
197441454,43883
197449322,43895
197456933,43892
197464837,43885
197472453,43938
197479698,43937
197487351,43950
197494240,43945
197502150,43945
197509758,43947
197517589,43939
197525259,43946
197533164,43943
197540770,43939
197548608,43945
197556772,43950
197564654,43955
197572264,43955
197593594,43919
197601479,43925
197608377,43927
197615212,43916
197622827,43917
197630626,43921
197637513,43919
197645161,43923
197653029,43923
197660624,43920
197668459,43917
197676080,43914
197683890,43914
197691547,43911
197699341,43907
197713871,43892
197720798,43898
197727660,43892
197734523,43901
197742358,43906
197749967,43907
197756810,43910
197764639,43908
197772258,43903
197780753,43920
197788393,43922
197796258,43925
197803842,43935
197811713,43939
197819311,43938
197827218,44128
197834773,44139
197842616,44145
197850230,44154
197858118,44152
197865684,44158
197872531,44162
197880318,44166
197887918,44178
197895753,44183
197903366,44185
197911228,44192
197918823,44201
197926668,44199
197934272,44205
197942124,44214
197949738,44462
197957589,44475
197965206,44474
197972090,44486
197979940,44488
197988216,44500
197996034,44495
198003681,44496
198011492,44504
198019103,44511
198026872,44508
198034492,44513
198042349,44521
198049981,44525
198057821,44520
198072350,44481
198080269,44483
198087883,44483
198095740,44485
198103338,44486
198111208,44481
198118805,44481
198126622,44486
198134262,44478
198142115,44482
198149691,44472
198157497,44474
198165114,44473
198172950,44481
198180584,44476
198188426,44553
198196650,44551
198203532,44563
198209629,44562
198217481,44564
198225084,44571
198232912,44576
198240551,44579
198248399,44590
198256045,44576
198263927,44588
198271565,44585
198279409,44596
198287050,44595
198294901,44594
198302564,44597
198310437,44586
198318087,44584
198324974,44584
198332824,44591
198340516,44581
198348308,44584
198355156,44591
198362811,44592
198370650,44582
198378312,44585
198386218,44579
198393797,44580
198401649,44585
198409763,44587
198417589,44589
198432117,44682
198439967,44684
198447614,44680
198455441,44687
198463079,44687
198470911,44687
198478593,44692
198486422,44689
198494032,44698
198501828,44697
198509507,44691
198517321,44694
198524948,44687
198532824,44690
198540476,44686
198548319,44557
198555934,44556
198562792,44550
198569650,44544
198577464,44536
198585032,44536
198592873,44531
198600520,44530
198608286,44525
198616520,44519
198624368,44508
198632036,44504
198639908,44502
198647463,44493
198655363,44490
198662982,44481
198670833,44417
198678471,44414
198686306,44412
198693176,44419
198700752,44421
198708632,44416
198715501,44415
198723130,44446
198731017,44417
198738651,44417
198746400,44428
198753968,44422
198761782,44431
198769450,44424
198777330,44419
198784962,44431
198792843,44399
198800514,44393
198808304,44405
198815898,44401
198830320,44397
198838215,44396
198845819,44380
198853684,44388
198861342,44389
198869243,44383
198876825,44386
198884669,44373
198892302,44373
198900181,44367
198907756,44256
198915628,44261
198921864,44251
198928752,44248
198936365,44260
198944283,44252
198951120,44258
198958689,44252
198966527,44252
198974139,44250
198982018,44249
198989642,44249
198997501,44252
199005093,44250
199012896,44251
199020539,44253
199035282,44299
199042072,44297
199048945,44298
199056602,44299
199064380,44303
199071998,44302
199079839,44303
199087479,44302
199095336,44300
199102906,44300
199110753,44306
199118333,44304
199126238,44306
199133824,44303
199141669,44313
199149266,44309
199157142,44304
199164754,44299
199172598,44302
199180205,44303
199187088,44291
199194948,44296
199202573,44304
199210388,44314
199217970,44317
199225797,44308
199233403,44311
199241262,44316
199249551,44314
199257387,44311
199264998,44311
199272857,44329
199279802,44329
199285727,44327
199293525,44332
199301134,44334
199308051,44333
199315901,44329
199323563,44332
199331437,44339
199339077,44338
199346902,44335
199354571,44331
199362371,44332
199369987,44336
199377865,44339
199392392,44303
199399287,44298
199405398,44301
199413023,44295
199420879,44302
199427814,44295
199435370,44286
199443255,44289
199450837,44290
199458634,44294
199466789,44286
199474650,44291
199482280,44285
199490170,44284
199497740,44285
199512429,44294
199520070,44298
199527884,44294
199535542,44292
199542400,44302
199550246,44302
199557785,44295
199565624,44302
199573242,44306
199581095,44297
199588674,44295
199596524,44300
199604170,44301
199612038,44302
199619670,44289
199627476,44229
199635067,44227
199642929,44224
199650590,44217
199658427,44217
199666015,44215
199674440,44209
199682030,44207
199689822,44202
199697445,44199
199705303,44196
199712930,44197
199720830,44194
199728459,44188
199736297,44187
199750676,44193
199757498,44190
199765338,44197
199772922,44196
199780808,44199
199788475,44200
199796299,44196
199803912,44199
199811759,44205
199819338,44202
199827226,44207
199834781,44201
199842629,44202
199850274,44212
199858145,44215
199865753,44277
199873597,44275
199881726,44288
199887826,44290
199895464,44290
199903328,44295
199910970,44294
199918795,44301
199926412,44307
199934269,44310
199941891,44304
199949725,44319
199957332,44313
199965186,44321
199972776,44318
199987537,44378
199995167,44380
200003026,44379
200010660,44377
200018521,44378
200025401,44372
200032999,44381
200040827,44393
200048465,44388
200056328,44386
200070589,44390
200078507,44386
200086127,44388
200093971,44388
200102197,44364
200110052,44369
200116967,44368
200123830,44362
200131485,44377
200139318,44375
200146926,44373
200154790,44377
200162395,44386
200170239,44383
200177811,44390
200185677,44392
200193329,44399
200201233,44388
200208833,44394
200223553,44483
200231165,44482
200239019,44483
200246691,44485
200254542,44496
200261431,44497
200269074,44505
200276939,44500
200284572,44494
200292349,44494
200299940,44498
200308340,44502
200315972,44501
200323860,44500
200331486,44497
200339300,44495
200346888,44488
200353708,44486
200361511,44485
200369116,44482
200376950,44488
200384599,44494
200392449,44496
200400073,44482
200407909,44482
200415601,44483
200423366,44486
200430947,44483
200438802,44483
200446462,44484
200454365,44469
200462003,44445
200469856,44433
200477497,44448
200484415,44442
200491300,44448
200499150,44446
200506720,44445
200514541,44448
200522720,44447
200530612,44447
200538279,44441
200546195,44444
200553779,44443
200561588,44444
200569176,44450
200583947,44457
200591648,44453
200599530,44459
200607164,44458
200615048,44462
200621935,44461
200629571,44460
200637362,44466
200644971,44463
200652836,44469
200660498,44475
200668335,44462
200675952,44471
200683814,44479
200691394,44469
200699235,44525
200706884,44521
200713733,44526
200721571,44532
200729754,44539
200737647,44530
200745253,44541
200753113,44535
200760750,44536
200768608,44533
200776256,44545
200784166,44546
200791798,44546
200799656,44541
200807302,44549
200815161,44552
200822740,44561
200829607,44558
200837465,44556
200845115,44559
200852951,44558
200860628,44561
200868482,44564
200876107,44558
200883947,44560
200891586,44561
200899457,44558
200907135,44560
200914979,44558
200922636,44561
200930533,44560
200945603,44591
200953495,44588
200961126,44597
200967948,44591
200975849,44590
200983474,44589
200991397,44593
200999009,44585
201006845,44591
201014427,44591
201022244,44603
201029762,44602
201037631,44586
201045238,44595
201053174,44589
201060756,44635
201067650,44629
201075508,44629
201083103,44636
201090920,44633
201097774,44641
201105367,44637
201113253,44640
201120799,44644
201128632,44636
201136230,44642
201144073,44648
201152309,44648
201160156,44648
201167770,44657
201182472,44729
201190067,44724
201197926,44730
201205616,44736
201213326,44731
201220934,44734
201228799,44724
201236378,44724
201244234,44725
201251783,44727
201259635,44734
201267263,44724
201275153,44721
201282716,44719
201290512,44709
201298123,44676
201312552,44667
201319469,44677
201327436,44673
201335073,44683
201342963,44678
201350633,44684
201358485,44684
201366762,44677
201374625,44683
201382286,44681
201390163,44682
201397779,44680
201405600,44683
201420089,44643
201427963,44651
201435597,44655
201443399,44646
201451014,44649
201457881,44641
201465717,44642
201473351,44645
201481195,44637
201488784,44636
201496644,44638
201504271,44629
201512122,44630
201519766,44630
201527589,44620
201535201,44614
201543062,44607
201550714,44612
201557565,44613
201565360,44612
201573583,44610
201581448,44612
201589059,44616
201596890,44616
201604574,44609
201612388,44613
201619973,44619
201627848,44616
201635464,44607
201643302,44612
201657764,44581
201665570,44577
201673184,44583
201681000,44576
201688624,44586
201696420,44585
201704012,44578
201711856,44580
201719521,44583
201727345,44575
201734921,44578
201742783,44585
201750409,44586
201758267,44577
201765858,44580
201773747,44618
201782006,44612
201789864,44621
201796770,44627
201804400,44624
201812290,44623
201819130,44628
201826704,44630
201834532,44629
201842141,44627
201849954,44634
201857628,44634
201865437,44628
201873036,44624
201880868,44633
201895359,44649
201903231,44650
201910801,44650
201918652,44646
201926296,44637
201934197,44639
201940354,44637
201947939,44640
201955776,44640
201963403,44638
201971260,44640
201978924,44639
201986773,44643
201994934,44639
202002827,44637
202010418,44644
202018280,44639
202025146,44649
202032699,44642
202040520,44639
202048162,44644
202055980,44635
202063611,44633
202071447,44638
202079080,44646
202086940,44634
202094543,44645
202102361,44644
202109954,44645
202117849,44653
202125472,44645
202133328,44569
202140924,44565
202148732,44561
202155630,44556
202163216,44554
202171059,44554
202178732,44548
202186597,44547
202194254,44548
202202712,44533
202210337,44538
202218214,44530
202225762,44536
202233554,44532
202241182,44527
202255964,44483
202262894,44479
202270529,44471
202278365,44475
202285934,44467
202293792,44464
202300666,44467
202308269,44464
202316180,44461
202323777,44463
202331620,44459
202339229,44449
202347077,44453
202354664,44457
202362433,44455
202376936,44417
202383814,44414
202391674,44410
202399317,44414
202407178,44402
202415432,44408
202422289,44408
202430179,44398
202437807,44399
202445680,44394
202453289,44394
202461201,44397
202468840,44396
202476720,44397
202484294,44384
202492119,44396
202498958,44394
202506610,44398
202514399,44405
202522032,44403
202529872,44408
202537502,44401
202545328,44400
202559546,44407
202567458,44404
202575092,44413
202582952,44404
202590626,44403
202598493,44395
202612245,44399
202619867,44399
202628334,44404
202635170,44395
202642780,44402
202650628,44398
202657531,44402
202665130,44404
202672977,44406
202680629,44394
202688451,44399
202696109,44404
202703967,44407
202711627,44414
202719461,44413
202727086,44477
202734902,44477
202742542,44480
202750361,44489
202757968,44483
202765817,44485
202773429,44485
202780316,44497
202788187,44504
202795804,44501
202803670,44502
202811297,44514
202819185,44514
202826780,44512
202834640,44520
202849697,44580
202857502,44581
202865150,44585
202873007,44581
202880635,44586
202888441,44581
202896020,44586
202903911,44586
202911555,44590
202919360,44590
202926958,44585
202934802,44594
202942439,44589
202950295,44604
202957886,44605
202965675,44652
202972530,44652
202980144,44646
202987975,44654
202995624,44652
203003460,44656
203011053,44658
203017904,44662
203025720,44662
203033299,44661
203041188,44664
203049498,44657
203057338,44666
203064930,44665
203072761,44674
203080410,44668
203088272,44643
203095832,44640
203103698,44628
203111337,44634
203119225,44622
203126772,44619
203134589,44628
203141431,44615
203149050,44625
203156932,44629
203164554,44617
203172384,44613
203180012,44616
203187894,44615
203195556,44616
203210276,44607
203217786,44617
203225621,44604
203233259,44605
203241151,44611
203248742,44609
203257197,44610
203264786,44604
203272635,44604
203280292,44609
203288164,44605
203295744,44611
203303639,44614
203311278,44608
203319218,44615
203326847,44620
203333724,44613
203341528,44625
203349161,44623
203356011,44619
203363822,44628
203371399,44625
203379266,44622
203386829,44624
203394643,44629
203402312,44628
203410137,44638
203417823,44628
203425714,44628
203433340,44634
203441232,44641
203448852,44677
203456698,44675
203464932,44682
203471844,44681
203479718,44676
203487346,44687
203495219,44681
203502814,44679
203510618,44672
203518218,44676
203526005,44677
203533673,44678
203541526,44680
203549122,44673
203556942,44667
203570747,44725
203578350,44726
203586221,44728
203593113,44727
203600747,44723
203608578,44719
203615523,44727
203623166,44726
203629983,44730
203637869,44728
203645518,44731
203653378,44726
203660998,44737
203668872,44732
203677154,44736
203684989,44798
203692640,44798
203700463,44805
203708090,44799
203715937,44804
203723591,44807
203730438,44809
203738279,44802
203745855,44813
203753651,44813
203761255,44810
203769102,44821
203776705,44814
203784576,44828
203792194,44822
203805961,44879
203813707,44873
203821556,44871
203828407,44879
203836017,44884
203843882,44881
203851570,44888
203859405,44885
203867074,44884
203874942,44875
203882615,44881
203890488,44885
203898695,44887
203906506,44884
203914114,44886
203928809,44954
203936399,44950
203944291,44955
203951860,44952
203959678,44949
203967303,44958
203975207,44948
203982822,44952
203990648,44952
203998268,44953
204006175,44947
204013788,44951
204021594,44938
204029200,44949
204037000,44947
204043908,44896
204051539,44895
204059356,44897
204066208,44897
204073789,44893
204081616,44896
204088496,44893
204096112,44886
204103910,44898
204111571,44883
204119403,44883
204127002,44881
204134914,44876
204142568,44871
204150368,44878
204157959,44861
204164794,44830
204172599,44822
204180269,44826
204188162,44825
204195813,44820
204202719,44823
204210626,44826
204218262,44818
204226105,44818
204233706,44818
204241545,44809
204249175,44820
204257015,44808
204264657,44813
204272464,44818
204279347,44812
204286951,44800
204294748,44809
204302345,44807
204310197,44809
204318435,44809
204326316,44807
204333931,44807
204341836,44805
204349458,44809
204357285,44817
204364892,44809
204372768,44820
204380423,44812
204388300,44812
204395918,44819
204410630,44834
204418277,44833
204426103,44832
204433719,44830
204441610,44829
204449210,44833
204457022,44826
204463913,44821
204471540,44826
204479372,44814
204486989,44825
204494816,44818
204502420,44819
204510312,44818
204517240,44818
204525536,44796
204533429,44800
204541010,44799
204547881,44801
204555727,44806
204563388,44804
204571319,44799
204578887,44800
204585786,44801
204593608,44797
204601225,44799
204609048,44807
204616641,44803
204624443,44798
204632017,44793
204639861,44797
204647512,44804
204655356,44799
204662955,44811
204670803,44804
204678407,44804
204685344,44805
204693214,44801
204700758,44803
204708618,44809
204716259,44803
204724131,44803
204732356,44812
204740249,44804
204747811,44804
204755632,44800
204770114,44808
204777950,44813
204785622,44803
204793445,44811
204801119,44805
204808917,44815
204816546,44803
204823414,44808
204831281,44807
204838818,44805
204846670,44803
204854330,44803
204862196,44805
204869759,44803
204877580,44811
204885186,44821
204892995,44822
204900666,44821
204908496,44819
204916141,44820
204923999,44811
204931659,44818
204939462,44816
204947661,44813
204955500,44809
204963101,44802
204970958,44809
204978643,44807
204986510,44803
204994103,44803
205008780,44715
205016332,44709
205024213,44699
205031025,44705
205045290,44711
205053247,44695
205060203,44697
205067820,44693
205075668,44684
205083271,44685
205091165,44690
205098773,44686
205106645,44680
205114325,44682
205122219,44601
205129855,44594
205137693,44593
205144570,44591
205152193,44588
205160721,44590
205168315,44590
205176230,44584
205183861,44582
205191674,44576
205199272,44577
205207151,44578
205214799,44579
205222638,44577
205230295,44578
205237148,44571
205245025,44536
205252656,44533
205260446,44524
205268020,44516
205275910,44567
205283515,44525
205291322,44521
205298916,44523
205306741,44524
205314447,44525
205322324,44524
205329925,44524
205337748,44528
205345343,44523
205353224,44523
205368372,44518
205376314,44512
205383170,44514
205390788,44513
205398574,44520
205406192,44512
205414027,44512
205421659,44505
205429509,44509
205437091,44521
205444975,44508
205452630,44509
205460500,44508
205468090,44509
205474942,44506
205482734,44527
205490340,44525
205498211,44525
205505813,44529
205513640,44522
205521276,44526
205528125,44531
205535978,44528
205543598,44540
205551407,44529
205558992,44535
205566805,44536
205574432,44544
205582921,44539
205590574,44545
205605315,44592
205612915,44596
205620766,44600
205628370,44598
205636261,44592
205643804,44598
205651635,44610
205659263,44598
205667143,44604
205674743,44602
205682516,44604
205690073,44610
205697925,44607
205705550,44606
205713422,44599
205721014,44616
205728840,44621
205736457,44624
205743350,44629
205751246,44627
205758827,44632
205766643,44630
205774272,44632
205782127,44632
205789649,44628
205797287,44633
205805161,44627
205812774,44635
205820597,44628
205828184,44635
205835053,44641
205842937,44699
205850618,44693
205858445,44694
205866059,44696
205873872,44696
205881501,44708
205888317,44711
205896165,44695
205903750,44702
205910549,44701
205918425,44696
205926042,44703
205933893,44702
205941473,44688
205949321,44689
205956909,44685
205964771,44657
205972389,44660
205980241,44658
205987854,44654
205995668,44656
206003950,44662
206011787,44656
206019421,44651
206026348,44649
206034242,44648
206041785,44649
206049608,44649
206057255,44647
206065131,44650
206072787,44645
206087398,44636
206094975,44629
206102816,44634
206110444,44630
206118326,44631
206125925,44631
206133709,44633
206141337,44629
206149238,44627
206156793,44639
206164572,44636
206172182,44642
206179988,44631
206187666,44627
206194541,44634
206202387,44659
206210615,44656
206218420,44661
206226005,44659
206233874,44668
206241490,44667
206249411,44668
206257038,44669
206264887,44667
206272489,44672
206280337,44676
206294735,44677
206302428,44680
206309345,44688
206324167,44701
206331799,44711
206339742,44715
206347329,44718
206355242,44709
206362844,44715
206369673,44711
206377503,44711
206385089,44718
206392938,44708
206400564,44709
206408400,44712
206415941,44709
206424382,44704
206431973,44705
206439833,44717
206447454,44717
206455322,44731
206462221,44720
206469854,44719
206477715,44726
206485322,44722
206493163,44726
206500807,44725
206507650,44737
206515485,44733
206523086,44743
206530917,44735
206538554,44742
206546406,44742
206554011,44739
206561852,44768
206569483,44764
206577350,44758
206584927,44751
206592777,44763
206600395,44768
206607321,44765
206615212,44762
206622800,44771
206629616,44760
206638134,44771
206645757,44772
206653623,44773
206661248,44774
206668127,44772
206675956,44771
206683604,44824
206691394,44830
206698960,44829
206706809,44836
206714399,44836
206722283,44834
206729868,44826
206737721,44785
206744602,44830
206752257,44826
206760123,44834
206767745,44835
206775552,44834
206783190,44827
206791059,44841
206805621,44839
206813398,44840
206820974,44835
206828844,44841
206836454,44845
206844965,44842
206852628,44837
206860520,44829
206868193,44824
206876096,44823
206883713,44824
206891590,44819
206899193,44822
206906073,44816
206913994,44806
206921652,44754
206929504,44755
206937161,44748
206944037,44747
206951948,44740
206959544,44742
206967401,44739
206975030,44734
206982900,44733
206990545,44731
206998427,44734
207006059,44737
207013915,44738
207021541,44727
207029438,44724
207043971,44692
207051837,44689
207060082,44687
207067974,44688
207075663,44688
207083499,44677
207090367,44685
207097950,44684
207105846,44695
207113490,44687
207121362,44690
207128957,44692
207136795,44683
207144361,44688
207152248,44694
207159834,44690
207167630,44689
207175262,44690
207182162,44693
207190025,44691
207197665,44693
207205480,44691
207213077,44693
207220926,44699
207228545,44700
207236405,44697
207244009,44697
207251885,44698
207259493,44690
207267347,44703
207274930,44701
207282730,44690
207290312,44680
207298189,44679
207305818,44680
207313637,44683
207321255,44680
207328141,44679
207336034,44678
207343670,44681
207351480,44671
207359053,44673
207366896,44672
207374516,44667
207382393,44671
207390033,44670
207404764,44686
207412388,44694
207420273,44685
207427916,44688
207435773,44685
207443458,44692
207451342,44689
207458970,44689
207466863,44693
207474382,44690
207481970,44692
207489807,44693
207497441,44691
207504374,44688
207512286,44689
207519896,44687
207527776,44683
207541359,44678
207549314,44683
207556945,44678
207563797,44676
207571612,44670
207579285,44671
207587126,44670
207594768,44688
207602685,44665
207610325,44671
207618173,44678
207625766,44665
207640403,44612
207648001,44623
207655880,44616
207663526,44615
207671401,44620
207679017,44612
207686852,44611
207694988,44612
207702896,44604
207710563,44612
207718513,44613
207726121,44608
207733983,44612
207740907,44609
207748507,44609
207756363,44560
207763986,44549
207771834,44549
207778710,44546
207786345,44534
207794215,44534
207801829,44534
207809686,44529
207817264,44531
207825072,44525
207832702,44520
207840542,44511
207848146,44518
207856005,44517
207863673,44510
207878359,44409
207885936,44402
207893773,44396
207901990,44401
207909837,44396
207917468,44400
207924400,44388
207932294,44387
207939883,44380
207947714,44381
207955344,44377
207963199,44372
207970811,44372
207977671,44364
207985488,44367
207999989,44298
208007868,44302
208015458,44296
208023342,44295
208030903,44292
208038749,44294
208045652,44289
208053262,44293
208061076,44287
208068695,44290
208076528,44287
208084079,44283
208091932,44281
208098804,44281
208106414,44277
208114899,44282
208122500,44272
208130336,44282
208137957,44282
208145816,44280
208153477,44289
208160396,44289
208168312,44295
208175963,44296
208183836,44298
208191429,44303
208199289,44289
208206846,44303
208213691,44293
208221487,44303
208229095,44303
208236953,44446
208244625,44461
208252448,44463
208260030,44466
208267869,44477
208275451,44481
208283366,44484
208290937,44491
208298768,44499
208306362,44503
208314266,44499
208322539,44511
208330381,44512
208337993,44529
208345845,44531
208360254,44623
208368063,44632
208375705,44636
208382589,44631
208390408,44636
208398041,44638
208405881,44639
208413512,44650
208421370,44650
208428959,44652
208436857,44645
208443723,44656
208450576,44661
208458208,44660
208466014,44658
208473638,44682
208481467,44687
208489036,44686
208496860,44686
208503744,44691
208511401,44685
208519308,44687
208526893,44696
208535361,44682
208542913,44693
208550765,44690
208558347,44689
208565222,44698
208573067,44692
208580711,44695
208588520,44689
208596094,44733
208603971,44727
208611634,44730
208619412,44732
208626990,44731
208634846,44729
208642509,44738
208650369,44725
208657983,44732
208665890,44732
208673461,44737
208681366,44730
208688980,44737
208696783,44725
208704398,44737
208719207,44710
208726803,44711
208734649,44704
208742808,44711
208750587,44701
208758196,44705
208765095,44710
208779569,44700
208787420,44704
208795122,44707
208801275,44700
208808880,44696
208816754,44695
208824347,44689
208832192,44653
208839801,44642
208847648,44649
208855289,44643
208863110,44636
208870805,44641
208878614,44636
208886218,44640
208894002,44631
208901624,44634
208909469,44622
208917116,44623
208924990,44622
208932624,44621
208940446,44625
208955524,44604
208963454,44600
208971069,44595
208977922,44594
208985783,44594
208993380,44596
209000297,44601
209008158,44596
209015787,44593
209023623,44595
209031216,44606
209039039,44605
209046724,44604
209054564,44599
209062153,44602
209069990,44605
209077587,44615
209085402,44605
209092961,44610
209100778,44612
209108425,44618
209116276,44614
209123854,44614
209131670,44620
209139281,44621
209147166,44620
209154789,44615
209161663,44620
209170171,44621
209177778,44626
209185590,44624
209193190,44627
209201035,44632
209208705,44630
209215585,44626
209223411,44629
209230981,44628
209238872,44629
209246518,44627
209254377,44618
209261997,44622
209269903,44615
209277518,44615
209285356,44617
209292968,44625
209300789,44613
209315294,44634
209323127,44632
209330759,44632
209338535,44636
209346123,44646
209353973,44635
209360785,44631
209368451,44631
209377021,44636
209384679,44639
209392532,44646
209400170,44647
209408012,44650
209415618,44644
209423433,44645
209431000,44676
209438908,44680
209446538,44670
209454474,44672
209462094,44673
209469960,44679
209477602,44682
209485445,44684
209493036,44679
209500921,44679
209508502,44679
209515372,44680
209523297,44681
209530128,44686
209537759,44684
209545579,44680
209553207,44713
209560997,44709
209568616,44714
209575491,44717
209583398,44713
209591715,44718
209599565,44714
209607182,44685
209615025,44720
209622698,44718
209630572,44716
209638215,44722
209646082,44723
209653709,44726
209661522,44717
209675976,44741
209683811,44750
209691428,44750
209699293,44747
209706863,44748
209714692,44754
209721593,44750
209729219,44744
209737098,44739
209744759,44742
209752605,44738
209760183,44731
209768066,44725
209775735,44734
209783589,44723
209791202,44624
209799582,44629
209807188,44620
209815029,44619
209822688,44608
209830507,44612
209838138,44611
209846010,44614
209853652,44595
209861475,44601
209869062,44609
209875894,44586
209883717,44587
209891348,44593
209899214,44592
209914109,44557
209921781,44554
209929651,44546
209937286,44556
209945118,44553
209952727,44549
209959574,44554
209967445,44541
209975025,44545
209982907,44543
209990496,44545
209998365,44546
210006558,44544
210014434,44542
210028868,44514
210036596,44513
210044473,44517
210051391,44517
210058998,44520
210066871,44517
210073809,44519
210081430,44514
210089307,44514
210096876,44516
210104681,44521
210111522,44529
210119131,44520
210126971,44520
210133887,44526
210141550,44517
210149390,44518
210156938,44516
210164775,44519
210171689,44504
210179275,44512
210187135,44515
210194052,44512
210201722,44509
210209550,44511
210217190,44511
210225554,44506
210233140,44505
210240965,44508
210248616,44508
210255505,44506
210263360,44504
210270981,44475
210278782,44481
210286389,44482
210294306,44474
210301854,44482
210309678,44472
210317280,44477
210325093,44478
210332741,44478
210340529,44481
210348140,44473
210355956,44471
210363592,44473
210371416,44472
210379018,44466
210393718,44466
210401338,44461
210408212,44474
210416050,44456
210423648,44461
210432107,44455
210439733,44455
210447546,44454
210455220,44456
210463053,44453
210470720,44455
210478500,44440
210486090,44459
210492988,44444
210500852,44469
210508474,44416
210516351,44412
210523985,44421
210531826,44419
210539471,44418
210547333,44422
210554199,44417
210561829,44418
210569678,44420
210577319,44418
210585221,44421
210592881,44415
210600745,44414
210608382,44409
210615228,44415
210623061,44414
210630746,44416
210638642,44406
210646910,44415
210654761,44413
210662377,44404
210670226,44407
210677818,44405
210685646,44419
210693266,44403
210701100,44403
210708746,44400
210716597,44406
210724248,44401
210731149,44400
210739016,44399
210753551,44279
210761422,44271
210769044,44271
210776918,44273
210784570,44277
210792462,44265
210800118,44254
210807955,44259
210815594,44264
210823405,44256
210830922,44254
210838775,44251
210846390,44251
210854827,44248
210862454,44248
210870305,44123
210877893,44117
210885703,44120
210892568,44118
210900138,44108
210907997,44101
210914880,44105
210922493,44093
210930402,44091
210937996,44088
210945836,44089
210953467,44091
210961297,44085
210968931,44079
210976790,44072
210984403,44069
210992318,44013
210999931,44008
211007782,44006
211015376,44018
211023235,44011
211030808,44010
211038612,44011
211046190,44007
211054048,44010
211062296,44010
211069193,44010
211076998,44006
211084610,44007
211092426,44007
211100034,43998
211107940,44022
211115592,44018
211123514,44020
211130403,44013
211138009,44010
211145765,44022
211152621,44019
211160214,44018
211168030,44023
211175651,44033
211183552,44035
211191144,44029
211199014,44041
211206638,44029
211214446,44026
211222016,44031
211229871,44036
211237474,44030
211245325,44027
211252887,44034
211267296,44023
211275813,44021
211283514,44023
211291421,44022
211299029,44022
211305910,44022
211313749,44023
211321369,44026
211329300,44029
211336229,44019
211350742,44065
211358554,44073
211365403,44068
211372988,44082
211380912,44083
211388570,44077
211396450,44078
211404039,44082
211411894,44083
211419493,44084
211427345,44082
211434910,44082
211442767,44084
211450389,44081
211458305,44089
211465883,44102
211473740,44098
211481374,44098
211489782,44102
211497382,44092
211505314,44107
211512197,44101
211519819,44100
211527679,44089
211535306,44087
211542161,44094
211550037,44085
211557644,44091
211565454,44086
211573050,44095
211587771,44175
211595343,44178
211603189,44170
211610787,44170
211618538,44170
211626124,44168
211634016,44168
211641628,44172
211649546,44161
211657148,44164
211664995,44159
211672670,44159
211680506,44156
211688087,44155
211696447,44154
211704031,44018
211711906,44017
211719504,44022
211726416,44015
211734337,44003
211741940,44013
211748812,44003
211756653,44001
211764260,43999
211772158,43993
211779793,44003
211787680,43999
211795323,43996
211803216,44003
211810856,43988
211818698,43992
211826335,43945
211834196,43944
211841843,43935
211849681,43937
211857352,43935
211865262,43935
211872859,43930
211880670,43933
211888306,43930
211896126,43934
211903026,43926
211911341,43932
211919185,43926
211926818,43932
211934653,43926
211948348,43923
211956182,43923
211963820,43924
211971759,43931
211979373,43926
211987253,43928
211994845,43923
212002721,43933
212010334,43930
212018202,43930
212025798,43939
212033608,43928
212041262,43936
212049077,43942
212056703,43936
212064507,43967
212072090,43956
212079909,43958
212086766,43961
212094359,43959
212102240,43960
212109825,43953
212118332,43955
212125924,43951
212133793,43957
212140676,43949
212148336,43952
212156191,43953
212163837,43948
212171669,43951
212179322,43944
212187121,43950
212194782,43962
212202635,43960
212210251,43960
212218060,43962
212225703,43965
212233490,43976
212241085,43965
212248945,43975
212256544,43968
212264455,43977
212272028,43976
212279902,43974
212287507,43982
212295392,43982
212309893,44017
212317713,44020
212325834,44016
212333638,44024
212341259,44028
212348098,44023
212355916,44028
212363494,44021
212371327,44025
212378200,44028
212385833,44026
212393665,44024
212401263,44026
212409112,44032
212416761,44028
212424551,44058
212432171,44061
212440050,44063
212446964,44061
212454570,44065
212462423,44070
212469331,44066
212476923,44076
212484806,44071
212492381,44082
212500262,44071
212514532,44070
212522458,44080
212530107,44080
212544843,44121
212552472,44122
212560328,44119
212567896,44115
212575703,44130
212582616,44123
212590240,44135
212598079,44126
212605775,44132
212613608,44125
212621224,44125
212629052,44125
212636661,44118
212644479,44126
212652138,44122
212659983,44037
212667679,44039
212675501,44038
212683111,44032
212690917,44023
212698505,44026
212706422,44034
212713982,44027
212721831,44023
212729450,44029
212736330,44018
212744153,44017
212752451,44021
212760332,44019
212767938,44012
212775831,44013
212783491,43955
212791354,43952
212798932,43955
212806802,43943
212814418,43942
212821279,43943
212829144,43947
212836771,43943
212844625,43946
212851494,43954
212859113,43948
212866927,43940
212874551,43947
212882422,43947
212889986,43946
212904634,43931
212912262,43927
212920139,43931
212927759,43929
212935533,43915
212943137,43930
212950974,43930
212959147,43923
212967066,43919
212974710,43928
212982519,43919
212990127,43928
212998014,43933
213005643,43922
213013514,43928
213021114,43940
213029004,43938
213036672,43951
213043528,43945
213051418,43944
213058998,43943
213066857,43947
213074459,43947
213082359,43947
213089936,43940
213097734,43938
213105347,43935
213113172,43937
213120823,43946
213128640,43943
213143103,43968
213150961,43961
213158579,43969
213166461,43968
213174776,43967
213181603,43967
213189457,43974
213197064,43974
213204930,43977
213212544,43974
213220419,43975
213227954,43980
213235762,43980
213243412,43983
213251273,43983
213258891,44013
213266739,44023
213273599,44017
213281229,44021
213289041,44016
213296648,44028
213304498,44022
213312148,44017
213319986,44022
213327562,44028
213335418,44019
213342931,44019
213350735,44020
213358336,44026
213366221,44024
213373872,44026
213382322,44053
213389940,44054
213397787,44049
213404675,44050
213412364,44054
213419235,44051
213427071,44055
213434710,44053
213442504,44058
213449392,44057
213456972,44054
213464814,44058
213472428,44064
213480283,44065
213487847,44065
213495705,44060
213503333,44092
213511228,44088
213518842,44084
213526638,44094
213534281,44085
213542134,44082
213549791,44086
213557614,44087
213565258,44087
213573119,44087
213580784,44087
213589272,44090
213596910,44085
213604767,44086
213612341,44088
213627026,44044
213634722,44044
213642559,44044
213650160,44023
213658012,44028
213665612,44032
213673455,44020
213680999,44025
213687841,44026
213695657,44024
213703287,44018
213711114,44002
213718788,44005
213726614,44009
213734270,44004
213742076,43960
213756314,43951
213764191,43942
213771872,43938
213778755,43946
213786622,43940
213794238,43937
213802114,43929
213810373,43935
213818214,43927
213825856,43918
213833668,43915
213841310,43917
213849167,43923
213856784,43905
213864625,43911
213872273,43893
213878364,43906
213885938,43899
213893789,43898
213901387,43901
213909248,43896
213916879,43898
213924716,43897
213932361,43905
213940216,43900
213947859,43901
213955640,43898
213963193,43900
213971055,43896
213978719,43915
213986520,43922
213994115,43917
214002005,43921
214009584,43917
214017138,43921
214024984,43918
214032549,43918
214039433,43926
214047301,43926
214054876,43918
214062697,43924
214070359,43921
214078229,43930
214085848,43916
214093677,43925
214101301,44009
214109154,44006
214116813,44018
214124641,44016
214132284,44027
214140102,44029
214147693,44032
214155505,44031
214163086,44048
214170977,44046
214178568,44040
214186476,44058
214194057,44057
214201929,44058
214209564,44068
214224880,44145
214232503,44143
214239384,44140
214247274,44147
214254873,44153
214262728,44151
214270378,44151
214278270,44158
214285904,44154
214293684,44150
214301319,44160
214309150,44153
214316788,44162
214324571,44163
214332196,44160
214340039,44262
214347661,44260
214355491,44262
214362316,44260
214369912,44260
214377731,44265
214385329,44272
214393131,44271
214400778,44275
214408543,44277
214416105,44271
214423965,44280
214432188,44283
214440122,44290
214447791,44295
214462599,44365
214470200,44369
214477076,44377
214484962,44378
214492552,44375
214500458,44378
214508068,44385
214515941,44383
214523538,44389
214531477,44388
214539063,44389
214546858,44390
214554454,44397
214562378,44401
214569978,44405
214577852,44411
214585459,44409
214593290,44415
214600922,44411
214608728,44413
214615612,44406
214623191,44404
214631034,44405
214637929,44407
214646130,44400
214653943,44400
214661595,44401
214669437,44400
214677024,44389
214684883,44394
214692487,44393
214700416,44354
214707983,44343
214715820,44349
214723449,44350
214731369,44339
214738932,44345
214746703,44341
214754330,44345
214762161,44345
214769812,44343
214777659,44340
214785292,44345
214793166,44349
214800807,44349
214808659,44341
214823131,44380
214830972,44390
214837887,44389
214845534,44393
214854043,44407
214861667,44407
214869494,44403
214877080,44399
214884912,44403
214892513,44405
214900399,44409
214908031,44407
214915909,44413
214923525,44406
214931393,44416
214938940,44508
214946781,44515
214954357,44522
214962234,44528
214969103,44526
214976030,44524
214983654,44532
214991515,44537
215005982,44536
215013735,44545
215021547,44551
215029184,44548
215037068,44547
215044763,44556
215059487,44602
215067668,44601
215074598,44606
215082463,44607
215090037,44608
215097881,44610
215105526,44614
215112414,44619
215120256,44616
215127859,44619
215135678,44616
215143321,44629
215151110,44623
215158725,44624
215166588,44625
215174182,44676
215182038,44675
215189669,44678
215197518,44682
215205083,44680
215211909,44683
215219691,44684
215227296,44686
215235132,44682
215242802,44688
215250638,44688
215258257,44687
215266113,44692
215273762,44690
215282284,44686
215289861,44693
215297645,44717
215305285,44722
215312158,44719
215320047,44711
215327709,44713
215335534,44712
215343159,44720
215349974,44722
215357803,44721
215365427,44734
215373263,44729
215380881,44729
215388700,44728
215396371,44724
215404195,44732
215411802,44737
215419614,44796
215427228,44795
215435073,44797
215442720,44799
215448828,44798
215456678,44807
215464328,44813
215472180,44815
215479873,44814
215488405,44818
215496035,44816
215503877,44819
215511549,44822
215519424,44821
215527081,44831
215541830,44887
215549436,44883
215557267,44886
215564126,44880
215571023,44884
215578704,44883
215586564,44882
215594175,44885
215602110,44885
215609695,44879
215617503,44875
215625064,44872
215632899,44876
215640543,44876
215648427,44873
215655997,44879
215663852,44869
215671457,44865
215679333,44876
215685567,44876
215693177,44872
215701598,44871
215709235,44871
215717102,44876
215724731,44871
215732636,44884
215740212,44880
215748061,44878
215755718,44882
215763588,44879
215771228,44878
215779041,44883
215786682,44886
215794501,44891
215801357,44894
215808958,44892
215816771,44894
215824398,44899
215832239,44904
215839889,44906
215847741,44906
215855360,44903
215863243,44912
215870859,44914
215878635,44911
215886229,44914
215894066,44916
215901720,44966
215910201,44962
215917072,44962
215924723,44962
215932559,44974
215940211,44966
215947046,44968
215954893,44976
215962524,44970
215970386,44979
215977950,44971
215985817,44978
215993459,44982
216001377,44990
216008952,44991
216023525,45063
216031115,45071
216037978,45065
216044843,45064
216052689,45073
216060283,45082
216067137,45080
216074996,45077
216082640,45081
216090475,45082
216098027,45077
216105880,45083
216113513,45086
216121972,45093
216129608,45092
216144383,45206
216151950,45201
216159757,45212
216167374,45204
216175255,45218
216182923,45222
216190741,45217
216198371,45235
216206210,45240
216213832,45240
216221646,45242
216229286,45242
216237203,45249
216258398,45364
216266298,45380
216273168,45375
216280809,45385
216287670,45393
216295495,45392
216303103,45388
216310939,45394
216318561,45401
216326441,45410
216334610,45408
216342529,45411
216350120,45409
216358013,45421
216365640,45431
216373482,45524
216381106,45529
216389007,45527
216396623,45533
216404502,45532
216412109,45545
216418950,45544
216426807,45549
216434435,45550
216442332,45548
216449928,45551
216457715,45556
216465374,45560
216473239,45561
216480881,45564
216495566,45657
216503190,45666
216511027,45670
216518609,45669
216526462,45671
216534065,45676
216541904,45673
216550038,45677
216557851,45680
216565477,45675
216573377,45684
216580966,45681
216588844,45685
216596508,45691
216604398,45691
216611972,45750
216619793,45753
216627450,45744
216635336,45755
216642209,45757
216649106,45747
216656747,45751
216664577,45752
216672177,45753
216680038,45750
216687626,45755
216695477,45750
216703087,45744
216710946,45751
216718541,45745
216733330,45711
216740903,45711
216748702,45710
216756914,45702
216763783,45712
216771598,45695
216779242,45704
216787109,45694
216794780,45699
216802677,45703
216810330,45691
216818168,45694
216825786,45697
216833632,45694
216841295,45692
216849151,45688
216856838,45691
216864726,45682
216871541,45683
216879139,45678
216887018,45675
216894613,45683
216902518,45685
216910122,45681
216917966,45683
216925556,45677
216933440,45680
216941014,45684
216948812,45675
216956439,45685
216971742,45688
216979376,45685
216987259,45684
216994937,45686
217001794,45696
217008616,45691
217016526,45704
217024103,45701
217031978,45707
217039615,45705
217047503,45716
217055082,45713
217062940,45711
217070564,45718
217078458,45723
217093262,45756
217100915,45751
217108760,45762
217116379,45762
217123277,45768
217131128,45764
217137992,45767
217145583,45769
217153484,45777
217161088,45767
217168916,45778
217177114,45774
217184971,45773
217192590,45779
217200476,45783
217208041,45850
217215851,45859
217223436,45860
217231338,45857
217238934,45860
217246749,45861
217254414,45862
217262308,45863
217269906,45863
217277723,45869
217285341,45875
217293146,45884
217300832,45882
217308683,45884
217316342,45885
217324196,45955
217331850,45949
217339652,45956
217347244,45974
217354099,45966
217361951,45961
217369594,45958
217376485,45957
217385011,45972
217392680,45977
217400520,45969
217408089,45981
217415903,45975
217423511,45980
217431349,45986
217438970,45986
217446800,46056
217454415,46068
217462293,46061
217469952,46058
217477772,46066
217492274,46060
217499941,46066
217507874,46072
217515511,46077
217523396,46073
217531002,46070
217538833,46078
217546452,46088
217561173,46161
217568834,46157
217576631,46165
217584252,46159
217591121,46167
217598851,46169
217605734,46174
217612652,46167
217620240,46170
217628084,46165
217635737,46170
217643551,46170
217651200,46173
217659040,46171
217666638,46159
217681374,46126
217688978,46129
217696748,46124
217704363,46119
217712208,46124
217719105,46127
217725984,46122
217733626,46118
217741498,46120
217749085,46124
217756909,46116
217764534,46119
217772444,46116
217780031,46119
217787861,46113
217795490,46088
217803399,46092
217811645,46100
217819507,46093
217827096,46099
217834944,46091
217841815,46093
217849436,46095
217857348,46100
217864900,46096
217872698,46099
217880337,46099
217888205,46093
217895838,46088
217903663,46100
217918106,46111
217925964,46108
217933553,46096
217941400,46107
217948985,46107
217956804,46106
217964388,46094
217971313,46099
217979166,46096
217986849,46100
217994646,46093
218002269,46109
218010175,46103
218018428,46110
218026342,46098
218033928,46129
218041734,46130
218049349,46130
218057190,46135
218064838,46129
218071717,46126
218079540,46137
218087125,46131
218094961,46132
218102579,46131
218110460,46128
218118002,46135
218125848,46141
218133489,46138
218141392,46139
218148970,46138
218156786,46139
218164349,46136
218172222,46136
218179879,46137
218187743,46137
218195348,46141
218202183,46141
218209024,46141
218216834,46140
218224460,46141
218232944,46145
218240574,46147
218248472,46142
218256105,46146
218263997,46140
218278450,46166
218286315,46168
218293933,46168
218301769,46180
218309464,46171
218317339,46144
218324930,46176
218332709,46180
218340357,46175
218348158,46181
218355761,46166
218363593,46174
218371239,46179
218379150,46178
218386784,46171
218394624,46172
218402221,46180
218410058,46177
218417630,46177
218425478,46181
218432424,46184
218440727,46184
218447625,46179
218455499,46175
218463129,46181
218470996,46182
218478556,46175
218486409,46186
218494012,46175
218501909,46180
218509545,46176
218517453,46186
218525007,46199
218532878,46184
218540529,46191
218548358,46186
218555936,46191
218562770,46192
218570612,46187
218578223,46195
218586083,46190
218593757,46198
218601594,46198
218609187,46195
218617048,46205
218624633,46200
218639434,46172
218647695,46166
218655627,46164
218663315,46169
218671138,46155
218678767,46153
218685583,46153
218693471,46149
218701039,46149
218708843,46145
218716466,46141
218724362,46128
218738871,46120
218753450,46000
218761371,46004
218768978,46002
218776820,45998
218784447,45995
218792344,45987
218798447,45980
218806080,45977
218813914,45981
218821538,45977
218829408,45979
218837003,45967
218844868,45970
218852500,45955
218860377,45955
218868606,45865
218876495,45864
218884055,45874
218891869,45868
218899526,45871
218906405,45865
218914284,45858
218921938,45850
218928836,45859
218936617,45859
218944226,45858
218952067,45862
218959618,45858
218967528,45852
218975136,45850
218982993,45851
218990618,45801
218998511,45800
219006119,45800
219013974,45804
219021599,45801
219029475,45801
219037082,45807
219044920,45800
219052540,45806
219060442,45810
219068012,45800
219076459,45809
219083995,45805
219091848,45805
219099529,45810
219114315,45808
219121933,45799
219129743,45805
219137346,45794
219145176,45803
219152831,45795
219159020,45799
219166914,45797
219174528,45801
219182413,45800
219189996,45795
219197794,45803
219205427,45818
219213232,45807
219220834,45805
219228648,45800
219236281,45814
219244134,45802
219251728,45807
219259655,45812
219267364,45815
219275187,45818
219283484,45804
219290383,45809
219298259,45808
219305869,45816
219313755,45810
219321370,45808
219329219,45816
219336863,45817
219351549,45820
219359134,45827
219367073,45819
219374715,45825
219382564,45816
219389461,45818
219397059,45821
219404919,45827
219411782,45826
219419427,45827
219427305,45829
219434946,45831
219442750,45830
219450363,45829
219458224,45828
219472793,45782
219480620,45779
219488223,45775
219496598,45775
219504218,45762
219512064,45769
219518934,45763
219526532,45768
219534433,45770
219542045,45770
219549916,45779
219557520,45776
219565436,45775
219573078,45779
219587777,45825
219595432,45835
219603349,45827
219610992,45832
219618819,45833
219626406,45801
219634249,45835
219641154,45828
219648790,45834
219656682,45830
219664364,45832
219672215,45847
219679839,45835
219687665,45842
219695252,45845
219703781,45844
219711456,45834
219719338,45831
219726934,45829
219734777,45815
219742388,45814
219749221,45819
219757070,45808
219764690,45806
219771597,45802
219779469,45801
219787018,45797
219794882,45795
219802498,45789
219810336,45784
219817947,45786
219825807,45717
219833447,45712
219841298,45711
219848929,45705
219856893,45706
219864592,45701
219872451,45707
219879334,45708
219886924,45695
219894712,45694
219902356,45697
219910176,45700
219918414,45692
219926225,45691
219933863,45677
219948547,45640
219956114,45644
219963932,45648
219971560,45641
219986084,45645
219993026,45638
219999949,45642
220007766,45644
220015372,45635
220023269,45621
220030885,45622
220038731,45620
220046392,45608
220054273,45623
220061916,45646
220069744,45638
220077335,45646
220085146,45651
220092802,45649
220100638,45651
220107496,45648
220115048,45656
220122896,45654
220131025,45665
220138865,45662
220146468,45665
220154357,45667
220161931,45666
220169732,45666
220184196,45729
220192094,45729
220199737,45740
220207557,45736
220215126,45735
220222993,45734
220230585,45735
220237503,45739
220245338,45738
220252211,45745
220259877,45741
220267693,45740
220275286,45739
220283121,45748
220290757,45753
220298591,45800
220306203,45808
220314061,45814
220321677,45814
220329511,45809
220337632,45810
220345504,45814
220352366,45802
220359977,45816
220367833,45813
220375464,45810
220383309,45812
220390959,45814
220398767,45829
220406400,45824
220414194,45819
220421873,45865
220429703,45852
220437278,45864
220445152,45866
220452778,45861
220460602,45868
220468220,45867
220476060,45857
220483632,45867
220490536,45865
220498452,45867
220506096,45872
220513925,45864
220521561,45865
220529451,45876
220543919,45907
220552435,45905
220560035,45904
220567943,45896
220575550,45905
220583462,45905
220590386,45902
220597965,45904
220605788,45903
220613401,45912
220621233,45906
220628863,45906
220636706,45902
220644343,45908
220652160,45915
220659853,45952
220667645,45948
220675265,45947
220683074,45961
220690670,45951
220698527,45954
220706102,45960
220712958,45953
220719754,45955
220727587,45951
220734445,45953
220742011,45952
220749814,45947
220757925,45949
220765828,45951
220773503,45956
220781466,45873
220789071,45873
220796917,45865
220804512,45871
220812408,45877
220820039,45865
220827894,45868
220835532,45867
220843393,45857
220850232,45865
220857874,45863
220865721,45863
220873338,45864
220881157,45859
220888770,45861
220896570,45857
220904200,45835
220912041,45831
220919652,45833
220927541,45838
220935119,45839
220942956,45846
220949799,45835
220957417,45829
220965220,45837
220973449,45839
220981315,45843
220988946,45834
220996831,45842
221004436,45840
221012244,45834
221026762,45829
221034624,45832
221042247,45820
221050095,45834
221057786,45830
221065637,45831
221072511,45832
221080070,45836
221087885,45834
221095483,45840
221103379,45843
221110967,45837
221118788,45831
221126427,45838
221134303,45837
221141906,45857
221149679,45860
221157288,45858
221165156,45859
221172789,45857
221181344,45853
221188241,45859
221195870,45857
221202704,45861
221210616,45866
221225145,45868
221232842,45858
221240795,45866
221248412,45862
221263109,45886
221270790,45882
221278619,45892
221286214,45887
221294097,45888
221301776,45889
221308659,45891
221316517,45899
221324109,45898
221330974,45900
221338820,45909
221346449,45907
221354322,45896
221361963,45899
221369805,45904
221377456,45956
221385346,45955
221393577,45964
221401472,45966
221409057,45963
221416933,45969
221423783,45970
221431436,45964
221438301,45973
221446115,45974
221453040,45974
221460649,45984
221468581,45974
221476167,45978
221483979,45979
221491636,45985
221499531,46006
221507217,46002
221515136,46011
221522780,46007
221530565,46003
221538143,46005
221544986,46014
221552723,46017
221559567,46023
221567203,46018
221575082,46025
221582678,46016
221590527,46019
221598118,46017
221606566,46024
221614168,46022
221621976,46040
221629558,46049
221637462,46047
221645012,46053
221652832,46065
221659664,46057
221667278,46060
221674166,46056
221682060,46063
221689636,46063
221697528,46061
221705096,46076
221712861,46065
221720505,46072
221728386,46067
221736014,46064
221743806,46031
221751416,46029
221759250,46028
221766923,46017
221774819,46019
221782443,46014
221790289,46015
221797934,46000
221805746,46008
221813215,45999
221821100,45993
221828700,45991
221836569,45989
221844181,45989
221852031,45993
221866517,45912
221874453,45906
221882009,45902
221889853,45914
221897499,45917
221905374,45902
221912251,45897
221919886,45894
221927743,45890
221934597,45892
221942199,45894
221950003,45888
221957566,45884
221965455,45885
221973030,45884
221980831,45857
221988447,45860
221996337,45866
222003947,45859
222011728,45857
222019348,45857
222027669,45856
222035308,45865
222043149,45851
222050049,45858
222057657,45850
222065538,45864
222073085,45857
222080928,45850
222088539,45847
222096460,45851
222104060,45858
222111909,45863
222119535,45856
222127425,45858
222135010,45856
222141888,45860
222149686,45849
222156546,45849
222164117,45852
222170947,45858
222178808,45848
222186414,45857
222194254,45854
222201882,45852
222209654,45855
222217255,45868
222225102,45810
222233309,45815
222241200,45813
222248859,45813
222256640,45808
222264263,45815
222272115,45808
222279721,45800
222287555,45811
222295155,45809
222302995,45804
222310600,45813
222318490,45808
222326057,45801
222333902,45809
222348358,45847
222356191,45853
222363869,45853
222371687,45844
222378507,45851
222386067,45846
222393908,45847
222401523,45849
222408352,45846
222416195,45861
222423769,45854
222431641,45861
222439269,45861
222447626,45860
222455192,45852
222469672,45875
222477556,45880
222485174,45879
222492998,45878
222500595,45877
222508473,45873
222514345,45877
222521227,45877
222529074,45878
222536721,45875
222544568,45880
222552122,45874
222559972,45879
222567600,45878
222575492,45884
222583029,45900
222590895,45894
222598536,45903
222606419,45902
222613982,45902
222621769,45900
222629378,45904
222637197,45901
222644843,45904
222652639,45896
222660843,45898
222668690,45901
222676334,45906
222684149,45908
222691769,45911
222706481,45936
222714128,45936
222721967,45941
222729568,45936
222736436,45941
222744216,45935
222751868,45930
222759658,45930
222767246,45930
222775088,45930
222782665,45930
222790561,45921
222798126,45927
222805978,45911
222813592,45916
222821474,45809
222829039,45803
222836866,45806
222844535,45801
222852390,45787
222860022,45793
222868515,45792
222875412,45790
222882982,45785
222890760,45783
222898410,45779
222906283,45785
222913957,45782
222921839,45781
222929470,45773
222944190,45681
222951802,45674
222959636,45676
222967232,45674
222974123,45678
222981928,45675
222989556,45683
222996411,45684
223004290,45675
223011885,45685
223019725,45684
223027284,45683
223035188,45685
223042868,45683
223050688,45680
223065208,45649
223073069,45650
223081304,45652
223089150,45647
223096789,45649
223104631,45653
223111475,45649
223119074,45643
223126988,45653
223134607,45649
223142468,45655
223150047,45651
223157855,45645
223165490,45650
223180248,45667
223187876,45673
223195705,45672
223203297,45668
223211114,45668
223218710,45670
223226569,45669
223234125,45667
223241960,45668
223249596,45662
223257467,45676
223265039,45670
223272823,45673
223280418,45670
223288811,45665
223296438,45691
223304274,45682
223311917,45686
223319832,45688
223327487,45689
223334386,45697
223342205,45700
223349791,45689
223356659,45708
223364556,45707
223372193,45703
223380036,45710
223387635,45706
223395503,45715
223403105,45699
223410932,45708
223418553,45752
223426476,45750
223434087,45758
223441942,45759
223449580,45757
223457461,45756
223465033,45764
223471854,45756
223479633,45758
223487263,45762
223495123,45754
223503388,45767
223511213,45774
223518856,45769
223526643,45770
223541087,45805
223548896,45797
223556514,45803
223564412,45804
223572035,45807
223579882,45804
223587504,45799
223595358,45805
223602956,45803
223610754,45802
223617599,45809
223625173,45804
223633022,45805
223640705,45811
223648593,45812
223656236,45841
223664050,45842
223671662,45844
223679513,45845
223687094,45841
223694946,45841
223702567,45843
223717049,45843
223724955,45844
223731837,45841
223739454,45844
223747295,45840
223754933,45839
223762808,45837
223777308,45751
223785183,45745
223792830,45752
223800673,45736
223807598,45749
223815187,45749
223823056,45732
223829909,45732
223837537,45747
223845441,45741
223852309,45745
223859963,45740
223867793,45738
223875414,45735
223883286,45734
223897828,45690
223905689,45680
223913268,45684
223921157,45686
223928616,45688
223936200,45688
223944034,45677
223950876,45687
223957734,45692
223965360,45690
223972252,45695
223980100,45690
223987709,45685
223995579,45692
224003179,45696
224010986,45674
224018591,45663
224026466,45674
224034072,45671
224041939,45667
224049582,45670
224057477,45669
224065104,45665
224072903,45671
224080475,45665
224088293,45664
224095915,45670
224103825,45673
224111459,45669
224119329,45669
224126960,45668
224135417,45686
224143006,45685
224150882,45686
224158527,45684
224165427,45684
224173287,45687
224180908,45690
224187823,45694
224194708,45681
224202580,45685
224210167,45689
224217963,45684
224225572,45685
224233461,45680
224241070,45673
224248885,45684
224256493,45681
224264371,45688
224271986,45684
224279782,45687
224287394,45686
224295219,45684
224302871,45679
224310693,45692
224318287,45693
224326144,45690
224333005,45702
224340611,45699
224349047,45693
224356692,45694
224364582,45696
224372148,45733
224380004,45731
224387660,45739
224395554,45734
224402472,45742
224410047,45741
224417864,45748
224425507,45743
224433383,45748
224441023,45741
224448850,45745
224456485,45750
224464402,45747
224472032,45743
224479831,45745
224494301,45777
224502164,45774
224509793,45764
224517638,45772
224525248,45773
224533131,45769
224540698,45775
224547597,45773
224556044,45779
224563678,45776
224571567,45783
224579184,45780
224587076,45784
224594711,45781
224602585,45789
224610164,45816
224618013,45821
224625627,45817
224633547,45818
224641203,45814
224649097,45824
224656680,45820
224664568,45816
224671473,45819
224679051,45818
224686876,45826
224694457,45825
224702295,45827
224709947,45826
224717812,45822
224725469,45820
224733298,45741
224740918,45738
224748701,45726
224756315,45716
224763791,45712
224771704,45698
224779301,45701
224786145,45693
224793049,45686
224800867,45685
224808473,45673
224816283,45672
224823926,45668
224831758,45662
224839369,45667
224847221,45658
224854881,45615
224862745,45604
224870359,45618
224878217,45608
224885841,45607
224893685,45613
224901344,45614
224907570,45600
224915463,45611
224923041,45610
224930878,45600
224938501,45604
224946329,45601
224960764,45589
224975325,45576
224983794,45573
224991441,45576
224998303,45568
225006182,45578
225013826,45568
225020719,45566
225028579,45564
225036180,45570
225043987,45568
225051599,45564
225059485,45566
225067076,45568
225074932,45577
225082528,45567
225090380,45576
225097975,45574
225105797,45574
225113438,45581
225121303,45580
225128951,45584
225136760,45587
225143586,45581
225151142,45587
225158992,45582
225166640,45581
225174528,45580
225182107,45586
225190522,45582
225198122,45585
225212781,45589
225220348,45588
225228164,45582
225235813,45587
225243648,45585
225251237,45587
225258133,45586
225265007,45585
225272846,45586
225280465,45591
225288306,45579
225295971,45583
225302784,45588
225310609,45597
225318180,45587
225332940,45633
225340570,45632
225348443,45625
225356054,45631
225363849,45630
225371461,45628
225378325,45633
225386158,45633
225393742,45639
225402277,45633
225409897,45642
225417741,45640
225425284,45644
225433148,45638
225440757,45636
225448642,45668
225456214,45668
225464077,45674
225471675,45667
225479545,45665
225487127,45666
225494938,45669
225501783,45660
225509401,45677
225517243,45668
225524888,45662
225532704,45668
225540327,45664
225548175,45672
225555845,45669
225570563,45714
225578102,45714
225585927,45719
225593562,45716
225601451,45716
225609659,45714
225617562,45733
225625087,45731
225632932,45732
225640601,45737
225648482,45745
225656130,45749
225663979,45741
225671570,45749
225679397,45754
225687081,45833
225694905,45827
225702534,45827
225710391,45836
225718008,45844
225725813,45843
225733495,45842
225740339,45846
225748199,45851
225755844,45852
225763666,45858
225771286,45863
225779102,45866
225786679,45865
225794598,45873
225808996,46017
225816756,46023
225825009,46028
225832822,46036
225840467,46035
225848311,46046
225855243,46062
225862875,46063
225870715,46072
225878335,46080
225886168,46089
225893843,46100
225901673,46108
225909294,46115
225917096,46119
225924714,46196
225932602,46196
225940188,46204
225948031,46199
225955671,46199
225963555,46193
225971113,46187
225978975,46192
225986601,46190
225994504,46188
226002051,46182
226009874,46181
226017479,46182
226025272,46170
226033538,46173
226048266,46050
226055931,46054
226063757,46047
226071334,46043
226079123,46046
226086738,46029
226093665,46031
226100547,46028
226108437,46018
226116033,46024
226123881,46021
226131470,46014
226139312,46019
226146945,46018
226154774,46019
226162383,45993
226170222,45991
226177885,45990
226185673,45995
226200182,45989
226207839,45990
226214760,45993
226222586,45987
226230157,45989
226238013,45975
226246174,45982
226254033,45978
226261700,45982
226268620,45979
226283347,45996
226290962,46002
226298783,45998
226306443,46000
226314285,46001
226321175,46005
226328788,46000
226335662,45996
226343520,46001
226351082,45995
226358911,46003
226366536,46001
226374426,45989
226382027,46004
226388829,46003
226403635,46038
226411201,46040
226419065,46036
226426696,46035
226434545,46046
226441417,46034
226449048,46037
226456873,46046
226464559,46039
226472421,46040
226480071,46047
226487878,46043
226495491,46043
226503343,46048
226510976,46045
226518789,46059
226526414,46061
226534237,46062
226541857,46051
226549632,46053
226556492,46062
226564099,46062
226570953,46053
226578735,46061
226586372,46055
226594220,46053
226601842,46064
226609744,46060
226617292,46071
226625136,46070
226632739,46075
226640617,46106
226648223,46114
226656093,46116
226664326,46122
226672188,46112
226679759,46120
226687639,46114
226695230,46120
226703176,46125
226710813,46123
226718670,46120
226726287,46125
226734159,46130
226741757,46131
226749617,46120
226764061,46034
226771854,46039
226779503,46025
226787389,46024
226794283,46027
226801961,46021
226809744,46024
226816580,46022
226824219,46015
226832047,46012
226839670,46007
226847564,46012
226855129,46013
226862996,46018
226870586,46020
226879058,45989
226886673,45977
226894560,45987
226902144,45992
226910002,45987
226917640,45986
226925557,45987
226932381,45979
226940016,45978
226947752,45983
226955355,45978
226963217,45974
226970840,45985
226978698,45979
226986289,45977
227001025,45926
227008645,45934
227016522,45931
227024115,45930
227031924,45928
227039551,45927
227047402,45931
227055021,45927
227062880,45930
227070490,45922
227078287,45930
227086605,45931
227094464,45926
227102087,45937
227110028,45935
227116938,45968
227124584,45967
227132460,45975
227140093,45976
227147944,45970
227154802,45974
227162393,45969
227170268,45969
227177146,45967
227184736,45972
227192635,45966
227200246,45964
227208100,45966
227215704,45967
227223568,45973
227231130,45967
227237997,45968
227245854,45971
227253515,45968
227261333,45968
227268972,45973
227276866,45967
227284469,45974
227292294,45974
227300536,45980
227308403,45978
227316038,45975
227323886,45979
227331504,45976
227339307,45971
227346960,45978
227353835,45982
227361752,46024
227369466,46037
227377327,46032
227384963,46035
227391836,46041
227399698,46045
227407324,46033
227415164,46047
227422756,46042
227430628,46048
227445048,46053
227452735,46058
227460693,46048
227467610,46059
227482174,46095
227489991,46101
227497622,46101
227505493,46099
227513768,46102
227521635,46106
227528465,46107
227535374,46104
227543044,46108
227550867,46104
227558474,46112
227566298,46117
227573926,46122
227581742,46116
227588599,46115
227596192,46156
227604058,46151
227611651,46165
227619534,46161
227627104,46171
227634931,46167
227642574,46172
227650421,46175
227658053,46174
227665869,46169
227673489,46168
227681304,46176
227688970,46177
227696789,46183
227704401,46170
227719090,46133
227727300,46123
227735133,46120
227742740,46124
227749617,46125
227757468,46114
227765087,46115
227772913,46105
227780522,46109
227788418,46100
227796044,46109
227803905,46097
227811549,46098
227819434,46100
227827055,46095
227834877,46076
227842515,46070
227850438,46071
227858058,46066
227865885,46061
227873528,46062
227881407,46064
227888299,46054
227895957,46060
227903805,46064
227911404,46058
227919261,46061
227926911,46057
227935423,46060
227943019,46056
227949815,46051
227957676,46048
227965284,46050
227973146,46052
227980735,46050
227988616,46055
227996203,46061
228004047,46050
228011670,46049
228018569,46051
228026411,46055
228034046,46049
228041850,46056
228049484,46052
228057338,46055
228065017,46057
228079650,46058
228087202,46055
228095014,46045
228102642,46055
228110521,46064
228118152,46053
228126014,46047
228133641,46047
228142133,46049
228149710,46049
228157569,46049
228165168,46040
228173049,46047
228180673,46041
228188565,46032
228196125,46029
228203926,46045
228211535,46041
228219404,46046
228226277,46045
228233926,46044
228241737,46044
228248566,46032
228256160,46039
228263992,46040
228271637,46037
228279478,46048
228287070,46038
228294892,46040
228302540,46045
228310426,46040
228318047,46047
228325831,46057
228333389,46055
228341228,46052
228349457,46054
228357355,46057
228365001,46066
228372848,46061
228380473,46059
228388329,46057
228395988,46056
228403851,46056
228411453,46059
228419251,46060
228426921,46067
228441006,46102
228448631,46099
228456482,46095
228463372,46099
228471016,46106
228478821,46104
228486421,46099
228494263,46102
228501909,46104
228509707,46107
228517321,46107
228525190,46108
228532805,46100
228540643,46109
228548244,46106
228555083,46130
228563552,46130
228571217,46133
228579039,46129
228586672,46126
228594571,46139
228602162,46139
228609040,46148
228615885,46149
228623698,46142
228631295,46145
228639149,46146
228646761,46142
228654632,46141
228662232,46145
228670075,46149
228677683,46260
228692176,46258
228699102,46269
228706741,46264
228714623,46263
228722248,46258
228730130,46252
228737738,46253
228745613,46246
228753229,46252
228761111,46253
228768722,46246
228777251,46242
228784899,46241
228798927,46139
228806559,46143
228814444,46141
228822086,46140
228829862,46136
228837471,46131
228845279,46126
228852877,46131
228860730,46135
228868365,46128
228876191,46132
228883776,46136
228891664,46129
228899247,46131
228914023,46071
228921632,46066
228929559,46059
228937164,46050
228945025,46055
228952625,46055
228960459,46054
228967364,46054
228974222,46043
228981867,46034
228990432,46045
228998072,46049
229005937,46037
229013544,46046
229021400,46032
229029058,46092
229036863,46099
229044491,46105
229052319,46102
229059210,46115
229066850,46120
229074668,46127
229082236,46129
229090077,46141
229097685,46148
229105575,46152
229113161,46160
229120973,46172
229128574,46175
229136454,46187
229144027,46199
229151890,46760
229159516,46780
229167393,46790
229175028,46806
229182825,46813
229190448,46830
229198864,46837
229205742,46846
229212601,46864
229220185,46871
229227975,46879
229235621,46883
229243480,46893
229251146,46900
229259012,46902
229266682,46912
229274565,46952
229282139,46916
229289936,46948
229296796,46951
229304470,46954
229312292,46949
229319966,46953
229326849,46957
229333730,46956
229341568,46949
229349140,46951
229356976,46954
229364594,46958
229372480,46955
229380104,46956
229387915,46942
229395576,46949
229403435,46953
229411650,46944
229419547,46950
229427108,46951
229434936,46951
229441823,46949
229448665,46944
229456281,46951
229464146,46954
229471757,46945
229479642,46951
229487232,46952
229495050,46948
229502678,46941
229510553,46945
229518168,47004
229526011,47002
229533609,47005
229541457,47003
229549085,47016
229556952,47006
229564578,47014
229572426,47015
229580035,47018
229587842,47023
229595505,47018
229603290,47027
229610881,47023
229619385,47016
229627021,47027
229641713,47051
229649329,47060
229656200,47057
229664071,47049
229671671,47056
229679548,47047
229687126,47055
229694936,47057
229702568,47051
229710437,47052
229718082,47049
229725900,47045
229733539,47041
229741342,47032
229748999,47036
229756844,46905
229763693,46904
229771290,46902
229779168,46899
229786804,46896
229794664,46892
229802228,46891
229809086,46883
229816925,46889
229825034,46880
229832855,46882
229840526,46883
229848375,46878
229856026,46870
229863890,46875
229878345,46799
229885248,46802
229893054,46791
229900683,46794
229908566,46792
229916151,46791
229923078,46785
229936736,46785
229944392,46780
229952278,46780
229959878,46782
229967762,46774
229975382,46776
229983255,46780
229990894,46704
229997776,46703
230005658,46700
230013183,46704
230021012,46698
230028612,46702
230035472,46693
230043940,46695
230051594,46691
230059473,46698
230067102,46703
230074858,46699
230082477,46701
230090327,46698
230098013,46706
230105848,46702
230113420,46719
230121267,46720
230128965,46721
230135839,46715
230143703,46712
230151268,46721
230159066,46711
230165957,46714
230173597,46721
230181506,46711
230189152,46714
230196956,46717
230204597,46708
230212402,46709
230220020,46714
230227827,46719
230235462,46715
230242327,46711
230250194,46720
230258455,46721
230266347,46726
230273987,46725
230281815,46721
230289409,46719
230297239,46720
230304911,46719
230312714,46724
230320329,46723
230328157,46728
230335767,46726
230343628,46733
230357285,46733
230364900,46739
230372710,46734
230380293,46735
230388151,46742
230395774,46728
230403690,46733
230411285,46728
230419119,46731
230426705,46735
230434583,46736
230442193,46743
230450038,46735
230457713,46734
230466206,46731
230473838,46751
230481675,46752
230489251,46754
230496093,46761
230503870,46768
230511559,46769
230518401,46766
230526313,46770
230534007,46774
230541871,46777
230549486,46770
230557335,46769
230564955,46767
230572804,46764
230580426,46766
230588295,46770
230595940,46817
230603771,46811
230611347,46822
230619219,46819
230626788,46813
230634666,46818
230642219,46814
230650049,46820
230657710,46822
230665599,46821
230673850,46821
230681720,46826
230689368,46835
230697257,46834
230704896,46838
230719697,46818
230727307,46812
230734202,46812
230742091,46807
230749682,46812
230756592,46801
230764464,46801
230772107,46802
230779917,46792
230787576,46786
230795387,46787
230803038,46780
230810785,46775
230818373,46767
230826240,46764
230833906,46667
230840750,46657
230848597,46661
230856172,46661
230864060,46660
230871696,46661
230879577,46654
230887858,46653
230895727,46644
230903321,46643
230911188,46643
230918774,46639
230926646,46641
230934176,46628
230942059,46632
230956517,46592
230964351,46592
230971253,46593
230978898,46596
230986787,46597
230994416,46590
231002276,46587
231009921,46587
231017701,46584
231025257,46592
231033105,46586
231040766,46584
231048647,46586
231056256,46586
231064097,46583
231071704,46587
231079588,46583
231087133,46583
231095585,46585
231103179,46582
231111008,46586
231117895,46586
231124772,46583
231132369,46584
231140196,46580
231147770,46587
231155676,46584
231163291,46582
231177763,46584
231192333,46573
231200189,46570
231207043,46569
231214662,46572
231222506,46570
231230122,46584
231237951,46567
231245583,46574
231253453,46572
231261100,46565
231268947,46570
231276536,46566
231284367,46574
231292019,46567
231299813,46563
231307997,46559
231315874,46556
231323507,46573
231331315,46581
231338940,46569
231346714,46569
231353528,46573
231360366,46577
231367997,46584
231375794,46571
231383416,46574
231391308,46574
231399001,46578
231406785,46574
231414365,46584
231422202,46596
231429794,46626
231437725,46622
231444607,46622
231452214,46617
231460078,46630
231467754,46621
231475611,46624
231483238,46629
231491061,46623
231498673,46614
231506563,46617
231514180,46623
231522684,46616
231530307,46618
231538142,46620
231552636,46622
231560494,46619
231568087,46621
231575903,46623
231583477,46620
231591327,46619
231598949,46622
231606737,46620
231614306,46617
231622142,46627
231629786,46629
231637683,46623
231645241,46627
231653049,46635
231660685,46640
231668574,46643
231676160,46641
231682277,46643
231689940,46647
231697760,46644
231705390,46647
231713224,46653
231720882,46658
231729391,46664
231737030,46658
231744873,46659
231752487,46658
231760287,46654
231767916,46660
231775747,46659
231783373,46648
231791247,46606
231798870,46599
231806697,46608
231814272,46594
231822117,46593
231829745,46584
231836648,46594
231843542,46582
231851421,46583
231859039,46576
231866858,46579
231874463,46565
231882302,46563
231889948,46555
231897845,46556
231905539,46551
231913385,46494
231921045,46482
231928916,46486
231937099,46481
231944996,46484
231951888,46485
231959511,46478
231967344,46480
231975024,46481
231982918,46480
231990613,46469
231998500,46479
232006114,46471
232013960,46466
232021585,46462
232036286,46414
232043154,46423
232050790,46419
232058680,46420
232066270,46421
232073120,46419
232080897,46413
232088511,46413
232096347,46406
232103999,46403
232111852,46415
232119492,46406
232127311,46412
232134938,46406
232142728,46411
232151004,46420
232158845,46413
232166421,46419
232174259,46412
232181887,46420
232188811,46420
232196672,46419
232203579,46422
232211164,46421
232218995,46424
232226585,46429
232234462,46423
232242078,46423
232249862,46426
232257527,46427
232265360,46424
232272935,46440
232280695,46424
232288240,46442
232296125,46437
232303765,46446
232311668,46444
232319222,46441
232327075,46443
232334675,46452
232342511,46446
232350132,46441
232358584,46442
232366186,46449
232374035,46447
232381625,46446
232396396,46482
232403303,46489
232410955,46494
232424449,46489
232432333,46489
232439273,46490
232446924,46494
232454774,46490
232462383,46489
232470307,46499
232477942,46487
232485789,46495
232493439,46489
232501317,46494
232508975,46513
232516806,46514
232524452,46524
232531343,46521
232539215,46524
232546865,46520
232554726,46518
232562290,46519
232570136,46519
232578406,46528
232586237,46520
232593883,46526
232601762,46532
232609391,46524
232617282,46536
232631806,46587
232638699,46589
232646548,46591
232654137,46591
232661969,46593
232669635,46596
232677479,46601
232685068,46606
232692875,46595
232700444,46601
232708326,46601
232715996,46601
232723823,46610
232731437,46622
232739284,46618
232746942,46604
232754775,46595
232762384,46593
232770235,46588
232777886,46593
232785700,46584
232793303,46579
232800167,46577
232808010,46579
232815658,46574
232823479,46578
232831122,46569
232838966,46569
232846604,46568
232854432,46566
232862079,46563
232869848,46531
232876691,46517
232884293,46522
232892114,46522
232899735,46519
232907620,46525
232915188,46515
232923055,46511
232930699,46516
232938541,46512
232946133,46514
232953960,46512
232961589,46510
232969427,46510
232977075,46510
232991809,46485
233000155,46482
233007963,46484
233015558,46484
233023412,46482
233031092,46485
233037997,46483
233045797,46486
233053434,46485
233061311,46481
233068973,46478
233076772,46477
233084355,46469
233092210,46472
233099806,46473
233107713,46484
233114608,46491
233122216,46483
233130038,46488
233137662,46497
233144505,46489
233152339,46488
233159222,46487
233166822,46494
233174675,46488
233182329,46488
233190181,46483
233197818,46492
233206350,46482
233214031,46494
233221846,46495
233229440,46503
233237344,46507
233244985,46494
233252834,46498
233259685,46498
233267256,46487
233274161,46487
233282009,46488
233289619,46485
233297502,46480
233305132,46482
233312910,46479
233320537,46478
233328414,46474
233336051,46479
233343890,46477
233351518,46504
233359349,46495
233366972,46498
233374824,46509
233381728,46502
233389314,46507
233397158,46514
233404755,46479
233412614,46508
233420874,46510
233428755,46508
233436360,46506
233444197,46518
233451832,46512
233459731,46505
233474166,46517
233481955,46522
233489577,46518
233497414,46506
233505060,46519
233512913,46525
233520546,46524
233528408,46528
233536048,46528
233543837,46520
233551411,46522
233559254,46525
233566943,46520
233574779,46528
233582415,46529
233590262,46563
233597169,46552
233604777,46554
233612621,46563
233619460,46555
233627055,46553
233634909,46551
233642533,46554
233650376,46549
233658029,46557
233672533,46561
233680397,46559
233688068,46553
233695883,46560
233709678,46603
233717248,46602
233725109,46600
233732715,46593
233740609,46598
233748206,46593
233755039,46596
233762828,46599
233770400,46587
233778264,46584
233785954,46587
233793787,46589
233801397,46580
233809259,46585
233816890,46578
233824728,46475
233832331,46474
233840824,46472
233848483,46473
233856335,46463
233863209,46468
233870834,46469
233878686,46460
233886239,46467
233894064,46464
233901704,46457
233909570,46460
233917178,46463
233925003,46456
233932643,46463
233940511,46456
233947367,46401
233954998,46400
233962757,46397
233970383,46404
233978228,46403
233985829,46402
233992764,46396
234000647,46401
234008309,46393
234016128,46387
234023718,46395
234031612,46395
234039269,46390
234047158,46389
234055338,46388
234063204,46334
234070811,46342
234078704,46351
234086294,46340
234094119,46341
234101013,46339
234108683,46339
234116540,46344
234124141,46338
234131983,46340
234139560,46345
234147371,46340
234154950,46341
234162816,46336
234170442,46336
234178301,46329
234185882,46319
234193780,46318
234201373,46314
234209210,46315
234216833,46316
234223709,46312
234231539,46319
234239140,46312
234247008,46313
234254618,46312
234263082,46312
234270695,46304
234278579,46307
234286175,46302
234294028,46316
234307758,46328
234315400,46342
234323280,46338
234330938,46342
234338770,46342
234346370,46340
234354222,46347
234361805,46347
234369696,46346
234377270,46353
234385160,46347
234392791,46358
234400654,46348
234408224,46346
234416005,46350
234423613,46381
234431442,46384
234439050,46381
234446893,46380
234454519,46379
234462421,46386
234470693,46383
234478531,46390
234486158,46386
234493988,46390
234501630,46399
234509514,46390
234517171,46385
234524981,46388
234532599,46395
234546643,46402
234554289,46409
234562199,46401
234569791,46405
234577647,46414
234584505,46413
234592150,46412
234599988,46411
234607599,46410
234615436,46409
234623080,46414
234630853,46414
234638538,46419
234646401,46415
234654059,46410
234661909,46436
234669473,46446
234677982,46442
234685594,46443
234693417,46440
234701061,46442
234707212,46455
234714820,46453
234722722,46444
234730296,46456
234738106,46455
234745731,46445
234753573,46450
234761171,46452
234768992,46445
234776669,46455
234783565,46397
234791437,46397
234799084,46392
234806903,46381
234814480,46386
234822300,46380
234828243,46380
234836072,46376
234843723,46379
234851613,46377
234859232,46366
234867071,46368
234874661,46370
234882531,46363
234890826,46358
234898697,46367
234912924,46337
234920841,46339
234928545,46339
234936374,46342
234941488,46342
234949366,46335
234957010,46330
234964824,46340
234972470,46337
234980325,46332
234987979,46326
234995811,46332
235003414,46326
235011252,46328
235018879,46320
235026723,46312
235034278,46314
235042119,46313
235049740,46317
235057634,46308
235065248,46304
235073082,46307
235080728,46310
235088613,46307
235096199,46310
235104695,46311
235112321,46308
235120124,46316
235127767,46315
235135647,46309
235149397,46341
235157046,46344
235164905,46342
235172503,46341
235180312,46340
235187885,46342
235195745,46347
235203317,46347
235211164,46349
235218775,46351
235226677,46342
235234264,46350
235242075,46355
235249742,46344
235264517,46369
235272160,46371
235279955,46368
235287551,46377
235295397,46381
235302306,46380
235309967,46380
235318454,46383
235326111,46370
235333935,46383
235341554,46384
235349366,46375
235356983,46384
235364797,46388
235372392,46379
235380221,46442
235387860,46446
235395745,46433
235403353,46436
235411195,46441
235418769,46445
235425682,46448
235433539,46448
235441200,46451
235449012,46456
235456649,46458
235464532,46456
235472176,46460
235480011,46463
235487661,46454
235495534,46462
235503197,46502
235511009,46505
235518706,46507
235527261,46509
235534885,46508
235541141,46511
235548316,46512
235555991,46514
235563806,46517
235571414,46517
235579250,46517
235586881,46527
235594771,46521
235602397,46524
235610216,46527
235624684,46582
235632555,46587
235640167,46587
235647995,46595
235655668,46592
235663566,46601
235671156,46594
235678922,46595
235686537,46600
235694338,46599
235702040,46598
235709859,46601
235717473,46602
235725348,46594
235733533,46594
235741389,46513
235748996,46508
235756835,46519
235764462,46517
235772334,46512
235779166,46509
235786847,46514
235794758,46512
235802320,46510
235810183,46503
235817783,46503
235825652,46505
235833269,46503
235841098,46510
235848765,46507
235855679,46506
235863558,46455
235871186,46453
235879003,46462
235886612,46461
235894468,46454
235901383,46449
235909038,46462
235916886,46452
235924485,46450
235932290,46449
235940430,46451
235948351,46447
235956037,46445
235963857,46452
235971450,46447
235986236,46433
235993827,46432
236001676,46423
236009302,46422
236017125,46425
236024750,46426
236032665,46426
236040244,46432
236048125,46424
236055738,46421
236063629,46431
236071200,46434
236079056,46432
236086675,46425
236094563,46429
236102191,46461
236110012,46454
236117616,46458
236125465,46455
236133080,46463
236139908,46462
236154362,46457
236162869,46455
236170536,46460
236178406,46461
236186042,46473
236193924,46464
236201543,46451
236208418,46457
236216258,46466
236223887,46469
236231766,46465
236239374,46470
236247247,46470
236254133,46473
236261000,46467
236268637,46465
236275483,46465
236283347,46475
236290987,46475
236298823,46474
236306476,46473
236314325,46476
236321991,46473
236329884,46474
236337517,46538
236345362,46539
236352973,46550
236360811,46555
236369070,46550
236375925,46554
236383808,46557
236391406,46554
236399245,46556
236406826,46560
236414657,46560
236422268,46565
236430108,46556
236437744,46561
236445568,46570
236460081,46626
236467870,46633
236475504,46626
236483353,46627
236490924,46634
236498755,46634
236506352,46627
236514200,46635
236521811,46631
236529693,46631
236537290,46646
236545114,46639
236552724,46640
236560577,46642
236568176,46641
236576571,46664
236584249,46661
236592074,46663
236599689,46672
236607579,46663
236614444,46660
236622100,46664
236629920,46666
236636777,46663
236644374,46674
236652229,46665
236659827,46662
236667685,46666
236675240,46672
236683034,46666
236690630,46667
236698459,46662
236706090,46658
236713867,46657
236721505,46656
236729388,46655
236736230,46655
236743800,46646
236751676,46637
236759242,46636
236767078,46638
236774689,46627
236782625,46621
236790856,46625
236798750,46620
236805604,46623
236820080,46522
236827913,46517
236835502,46517
236843352,46515
236851007,46517
236858833,46513
236866426,46504
236874276,46508
236881875,46498
236889787,46511
236897383,46497
236905231,46495
236912830,46501
236920677,46489
236928260,46485
236936072,46439
236943699,46433
236951551,46436
236959171,46439
236967005,46421
236974614,46438
236982482,46432
236990155,46428
236998675,46436
237006284,46432
237014125,46440
237021748,46431
237029583,46422
237037205,46432
237044101,46433
237058777,46428
237066355,46421
237074256,46422
237081828,46427
237089700,46428
237096626,46426
237104222,46432
237112045,46428
237118930,46424
237126553,46427
237134359,46426
237141975,46421
237149832,46428
237157425,46427
237165274,46428
237179799,46422
237187703,46424
237195302,46421
237203139,46418
237211283,46428
237218188,46430
237226010,46421
237233620,46431
237241479,46423
237249116,46430
237256941,46429
237264578,46426
237272396,46430
237280018,46435
237294729,46436
237302267,46431
237310134,46428
237317759,46436
237325633,46439
237332475,46427
237339323,46440
237346947,46442
237354792,46439
237361607,46447
237369176,46439
237377020,46447
237384640,46450
237399147,46443
237406952,46486
237414633,46473
237423143,46481
237430809,46479
237438707,46476
237446313,46479
237453223,46492
237461055,46482
237468745,46479
237475591,46492
237483432,46487
237491089,46492
237498864,46494
237506494,46497
237514393,46492
237521311,46491
237528942,46557
237536765,46552
237544339,46560
237552148,46556
237559748,46548
237567614,46561
237575211,46557
237583054,46558
237590691,46560
237598587,46570
237606208,46563
237614012,46559
237621639,46558
237629432,46567
237637690,46571
237652329,46636
237659943,46628
237667797,46636
237675430,46639
237683274,46638
237690857,46634
237698718,46648
237706280,46647
237714086,46649
237721693,46645
237729577,46650
237737203,46641
237744962,46641
237752566,46639
237759445,46643
237767301,46578
237774919,46573
237782785,46568
237790372,46566
237798202,46566
237805804,46565
237812034,46562
237819833,46562
237827415,46553
237835285,46557
237843500,46562
237851322,46560
237858926,46555
237866788,46548
237874380,46555
237882199,46551
237889808,46458
237897686,46462
237905301,46453
237913156,46454
237920783,46446
237927697,46457
237935499,46452
237943112,46443
237950888,46453
237958480,46450
237966319,46446
237973943,46441
237981798,46448
237989372,46438
237997286,46436
238004880,46440
238012751,46412
238020316,46417
238028168,46418
238035786,46419
238043614,46421
238051908,46420
238059793,46410
238067373,46416
238075254,46421
238082096,46423
238089710,46425
238097584,46420
238105210,46421
238113073,46418
238119933,46422
238134450,46432
238142285,46434
238149863,46440
238157738,46434
238165298,46441
238173136,46436
238180739,46433
238188581,46438
238196196,46436
238202986,46427
238210803,46427
238218381,46434
238226313,46425
238233920,46428
238241760,46424
238249311,46397
238257195,46398
238265335,46403
238273141,46409
238280755,46415
238287625,46406
238294479,46420
238302372,46419
238310077,46412
238317936,46422
238325558,46420
238333388,46428
238341034,46426
238348816,46428
238356419,46433
238364302,46430
238371890,46476
238379789,46478
238387367,46476
238395190,46479
238402799,46474
238410698,46480
238418298,46485
238426130,46480
238433732,46482
238440588,46487
238448454,46485
238456122,46486
238463879,46486
238472097,46483
238478983,46491
238486834,46493
238494432,46543
238502309,46540
238509971,46546
238517812,46545
238525421,46544
238533284,46539
238540950,46548
238548800,46537
238556380,46548
238564217,46554
238571874,46552
238579768,46554
238587331,46558
238595213,46548
238602814,46551
238617570,46562
238625230,46562
238633064,46562
238646546,46550
238653452,46551
238661321,46550
238668913,46546
238676803,46538
238684980,46541
238692879,46529
238700552,46528
238708394,46536
238715280,46532
238722942,46522
238730838,46422
238738431,46429
238746334,46418
238753936,46417
238761791,46423
238769385,46412
238777192,46407
238784774,46407
238792669,46408
238800262,46411
238808082,46403
238815696,46400
238823564,46397
238831212,46394
238839027,46401
238846665,46382
238854452,46379
238862117,46382
238869921,46381
238877525,46385
238884411,46377
238891250,46377
238899712,46377
238907326,46382
238915164,46377
238922053,46376
238929734,46374
238937612,46374
238945222,46377
238952428,46377
238960042,46379
238967865,46357
238975483,46346
238983345,46346
238990949,46360
238998804,46337
239006391,46351
239014210,46343
239021814,46342
239029689,46343
239037298,46351
239044161,46354
239052003,46355
239059657,46351
239066547,46344
239074375,46347
239081934,46348
239089796,46360
239097397,46364
239105863,46366
239113499,46370
239121413,46375
239129050,46367
239136884,46364
239144488,46358
239152339,46361
239159257,46360
239166867,46368
239174732,46364
239182274,46356
239190102,46349
239197727,46352
239212427,46344
239220052,46355
239227952,46348
239235549,46345
239243420,46353
239251086,46345
239258871,46344
239266473,46354
239274317,46352
239281149,46352
239288790,46355
239296709,46360
239304328,46361
239312160,46350
239320288,46365
239328185,46414
239335796,46406
239343681,46412
239351250,46405
239359069,46403
239365952,46409
239373546,46414
239381424,46410
239389072,46415
239396851,46411
239404419,46419
239412254,46407
239419860,46411
239426695,46425
239434524,46419
239442165,46421
239449932,46439
239457572,46442
239465409,46439
239473062,46452
239480879,46446
239488488,46450
239496336,46456
239503948,46456
239511833,46455
239519429,46460
239527873,46458
239535461,46465
239543353,46465
239550946,46466
239558836,46470
239573311,46493
239581152,46500
239588787,46494
239596678,46491
239604254,46487
239612029,46486
239619695,46483
239627587,46485
239635210,46479
239643095,46464
239650699,46466
239658577,46468
239666164,46454
239673947,46453
239681557,46453
239689377,46336
239697016,46336
239704864,46339
239712498,46332
239720368,46338
239727245,46327
239734741,46327
239742299,46328
239750168,46323
239757840,46325
239765713,46326
239773299,46315
239781171,46318
239788808,46313
239796703,46306
239811228,46228
239819043,46227
239826672,46233
239834485,46236
239842130,46225
239849988,46229
239857611,46228
239865447,46227
239873115,46229
239887563,46229
239895248,46224
239903133,46224
239910753,46212
239925574,46202
239933185,46197
239941056,46200
239949190,46196
239957035,46194
239963903,46193
239970768,46208
239978322,46196
239986150,46197
239993772,46203
240001654,46195
240009247,46198
240017041,46199
240024656,46201
240032496,46206
240040159,46206
240047953,46202
240055580,46206
240063453,46204
240071128,46203
240078955,46202
240086554,46202
240094395,46200
240102022,46206
240109874,46205
240117471,46203
240125324,46201
240132923,46199
240140786,46199
240148368,46210
240156181,46203
240164305,46204
240172159,46207
240179783,46208
240187704,46207
240195285,46205
240202113,46206
240208952,46209
240216782,46200
240224355,46209
240232229,46209
240239854,46206
240247729,46207
240255332,46208
240262182,46202
240269940,46205
240277522,46201
240285359,46241
240292958,46243
240300797,46239
240308352,46248
240316167,46245
240323783,46242
240331662,46234
240339199,46240
240346967,46243
240354533,46250
240362393,46236
240370642,46245
240378524,46237
240386172,46238
240394055,46241
240408450,46244
240416270,46245
240423890,46248
240431785,46244
240439346,46253
240447225,46252
240454868,46254
240462746,46250
240470319,46248
240478143,46249
240485040,46250
240492640,46252
240500472,46257
240508150,46263
240515982,46252
240523607,46290
240531444,46290
240539043,46281
240546875,46284
240554474,46275
240561343,46276
240569196,46278
240577389,46272
240585302,46271
240592930,46268
240600794,46264
240608391,46261
240616234,46261
240623124,46252
240630709,46255
240638583,46245
240646244,46130
240654114,46129
240661755,46134
240669608,46124
240677220,46128
240685002,46119
240691826,46124
240699411,46114
240707312,46112
240714901,46114
240722759,46105
240730313,46108
240738145,46103
240745756,46100
240753589,46101
240761229,46056
240769000,46053
240776651,46048
240784499,46048
240792693,46047
240799565,46052
240807421,46052
240815043,46047
240822889,46047
240830441,46047
240838315,46047
240845953,46043
240853811,46043
240860706,46045
240868278,46040
240876117,46039
240883761,46010
240891604,46020
240899242,46020
240907059,46021
240914670,46019
240922487,46024
240929330,46028
240936924,46022
240944798,46026
240952338,46027
240960168,46028
240967784,46030
240975626,46024
240983233,46027
240991006,46025
241006107,46044
241013849,46034
241021440,46040
241029298,46037
241036937,46041
241044823,46040
241052411,46043
241060238,46036
241067845,46039
241075726,46042
241083294,46041
241091081,46049
241097921,46044
241105520,46044
241113346,46042
241120981,46072
241135451,46069
241143396,46072
241151075,46075
241157963,46065
241164886,46070
241172785,46070
241180424,46072
241188274,46074
241195944,46072
241203848,46079
241210691,46076
241219125,46078
241226737,46073
241234554,46069
241242213,46121
241249990,46121
241257661,46127
241265500,46131
241273103,46069
241280848,46128
241288473,46130
241296331,46129
241303963,46127
241311832,46130
241319415,46137
241327263,46125
241334151,46134
241341753,46123
241349607,46128
241364100,46174
241371915,46175
241379593,46176
241387451,46178
241395095,46184
241402911,46190
241410521,46188
241418395,46189
241426631,46185
241434478,46197
241442111,46195
241449971,46194
241457592,46198
241465393,46197
241472973,46196
241480805,46257
241488354,46251
241496193,46254
241503802,46259
241511682,46254
241518548,46259
241526173,46261
241533986,46251
241541541,46255
241549408,46250
241557061,46245
241564907,46247
241571792,46246
241579383,46247
241587218,46247
241594840,46255
241602706,46183
241610287,46179
241618091,46168
241625711,46172
241634194,46172
241641860,46167
241648755,46178
241656609,46174
241664189,46174
241672046,46168
241679663,46165
241687521,46168
241695186,46171
241702931,46168
241710569,46171
241725256,46146
241732928,46148
241740836,46148
241748414,46145
241756243,46143
241763882,46152
241771783,46151
241779365,46146
241787241,46142
241794856,46150
241802699,46154
241809516,46154
241817174,46154
241825015,46152
241832641,46153
241841085,46156
241848722,46153
241856556,46168
241864171,46163
241871975,46146
241878824,46158
241886452,46156
241894376,46162
241901986,46160
241909816,46154
241917424,46153
241925247,46166
241932868,46168
241939770,46169
241947658,46161
241955283,46171
241963166,46203
241970793,46203
241978672,46204
241986254,46199
241994110,46195
242001736,46197
242009567,46199
242017214,46206
242025008,46204
242032605,46201
242040427,46198
242048646,46203
242056558,46204
242064174,46205
242072022,46197
242086539,46214
242094432,46221
242102033,46216
242109931,46218
242116787,46224
242124393,46229
242132222,46228
242139827,46231
242147746,46230
242155347,46238
242163190,46229
242170080,46241
242177708,46240
242185549,46246
242193192,46244
242200929,46292
242208531,46293
242216351,46301
242223931,46296
242231810,46305
242239432,46303
242246284,46303
242254115,46306
242262256,46300
242270137,46303
242277770,46288
242285685,46298
242293305,46308
242301157,46310
242308783,46297
242323550,46345
242331164,46347
242338949,46353
242346531,46347
242354431,46349
242362069,46349
242376563,46352
242384470,46358
242392146,46365
242399944,46355
242406794,46352
242414361,46367
242421257,46374
242429075,46371
242436714,46420
242444649,46415
242452277,46429
242460096,46427
242467703,46423
242475391,46426
242482983,46433
242490868,46437
242498486,46435
242506360,46438
242513996,46431
242521858,46435
242529432,46435
242537252,46446
242544844,46443
242559562,46367
242567196,46359
242575071,46365
242582713,46358
242590527,46360
242598179,46353
242605040,46348
242612921,46345
242620504,46345
242628335,46343
242635945,46338
242642842,46343
242650733,46340
242658356,46327
242665214,46336
242679876,46279
242688117,46279
242695951,46283
242703554,46280
242711400,46276
242718253,46275
242725113,46278
242732721,46265
242740540,46272
242748198,46257
242756010,46264
242762887,46270
242770521,46260
242778369,46260
242785996,46260
242793857,46245
242801441,46244
242809243,46254
242816863,46245
242824748,46241
242832304,46251
242840180,46248
242847797,46244
242855734,46243
242863315,46241
242871130,46248
242878736,46244
242886615,46249
242894870,46245
242902784,46252
242917288,46266
242925119,46264
242932703,46273
242940540,46270
242948182,46266
242955002,46272
242961951,46271
242969823,46274
242977422,46270
242985238,46267
242992822,46268
243000642,46266
243008274,46281
243016082,46273
243023683,46286
243031536,46275
243039169,46277
243046982,46275
243054580,46275
243062418,46280
243070074,46278
243077922,46278
243085541,46287
243093377,46280
243101004,46277
243109519,46277
243117160,46283
243124018,46281
243131836,46292
243139444,46283
243147262,46291
243154890,46329
243162755,46336
243170357,46337
243178190,46340
243185851,46346
243192764,46353
243200592,46352
243208214,46350
243216047,46344
243223669,46350
243231543,46354
243238480,46355
243246097,46348
243253917,46301
243261520,46365
243269300,46359
243276885,46410
243284741,46399
243292390,46402
243300336,46404
243307950,46410
243316534,46407
243323386,46417
243330986,46410
243338846,46416
243346401,46415
243354223,46419
243361872,46409
243369775,46416
243377443,46417
243385257,46413
243398894,46455
243406804,46468
243414443,46469
243422273,46472
243429897,46469
243437791,46476
243445366,46476
243453216,46471
243460788,46475
243468648,46481
243476324,46480
243484108,46480
243491738,46480
243499578,46484
243507231,46493
243515086,46429
243523271,46416
243531139,46421
243538783,46417
243546632,46407
243553528,46403
243561183,46400
243569000,46399
243576654,46392
243584492,46388
243592094,46379
243598934,46375
243606836,46369
243621059,46361
243635897,46282
243643489,46276
243651370,46274
243658991,46266
243666840,46268
243674442,46273
243681283,46271
243689144,46274
243696787,46269
243704691,46271
243712307,46266
243720133,46264
243727770,46257
243735582,46261
243743873,46263
243751760,46209
243759398,46208
243767222,46204
243774885,46205
243782779,46206
243789638,46201
243797251,46205
243805026,46206
243812587,46197
243820415,46199
243828001,46199
243834899,46190
243842782,46195
243850388,46194
243858241,46195
243865856,46194
243872708,46186
243880569,46185
243888201,46182
243896033,46187
243903651,46178
243910509,46176
243918368,46180
243925990,46179
243933846,46176
243941433,46177
243949284,46168
243957452,46183
243965310,46174
243972897,46179
243980829,46179
243995245,46160
244003092,46171
244010701,46165
244018507,46174
244026197,46172
244034031,46178
244040905,46171
244048521,46168
244056371,46175
244063970,46169
244071850,46174
244079396,46166
244087256,46175
244094850,46165
244102752,46173
244110394,46172
244118241,46176
244125879,46176
244133734,46186
244141326,46191
244148169,46199
244155972,46197
244164203,46194
244172065,46204
244179685,46196
244187505,46200
244194359,46193
244201946,46198
244209853,46203
244217418,46201
244225279,46199
244232889,46220
244240773,46227
244248345,46214
244256222,46225
244263837,46222
244271699,46231
244279301,46233
244287149,46231
244294786,46229
244302664,46235
244310284,46219
244318145,46229
244325772,46227
244333581,46235
244341194,46240
244355852,46252
244363457,46261
244371910,46263
244379537,46260
244386463,46257
244394285,46268
244401951,46260
244409828,46266
244417395,46266
244425252,46274
244432881,46271
244440760,46280
244448464,46281
244456380,46278
244464027,46275
244471915,46280
244478783,46295
244486380,46282
244494200,46277
244501823,46276
244509733,46280
244517348,46277
244524170,46277
244531944,46274
244539554,46264
244547398,46261
244555014,46264
244562858,46262
244570474,46255
244578408,46254
244593560,46196
244601408,46201
244608999,46200
244616862,46195
244624433,46198
244632315,46196
244639943,46189
244647839,46193
244655401,46194
244663208,46193
244670066,46191
244677704,46196
244685569,46190
244693211,46185
244700987,46185
244708591,46146
244716465,46146
244724080,46148
244731931,46148
244739464,46142
244746326,46146
244754099,46147
244761720,46143
244769551,46141
244777193,46148
244785042,46135
244793320,46140
244801183,46138
244808790,46141
244816675,46140
244824287,46145
244832110,46149
244839769,46136
244847685,46143
244861876,46154
244869773,46142
244877413,46149
244885281,46148
244892929,46144
244900849,46155
244908475,46151
244916321,46152
244923965,46155
244931870,46145
244939470,46153
244947353,46143
244954980,46147
244962837,46135
244970476,46143
244978328,46141
244985926,46143
244993832,46143
245000686,46132
245008979,46142
245016891,46139
245024506,46138
245032380,46139
245039993,46144
245047848,46141
245055472,46150
245063335,46150
245070967,46207
245078828,46202
245086418,46199
245094242,46201
245101884,46203
245109774,46201
245117341,46210
245125130,46207
245132780,46210
245140610,46207
245148240,46212
245156030,46217
245163698,46214
245171515,46212
245179199,46217
245193856,46238
245201437,46241
245209260,46253
245217447,46245
245224338,46252
245232185,46252
245239040,46253
245246647,46247
245254525,46258
245262177,46262
245269963,46260
245277604,46256
245285473,46259
245293079,46265
245300938,46259
245308583,46303
245316449,46296
245324076,46301
245331928,46308
245339503,46307
245347349,46310
245354979,46307
245362861,46308
245370433,46317
245378321,46316
245385238,46311
245392832,46315
245400690,46323
245408322,46312
245416176,46320
245431705,46259
245439309,46253
245447165,46247
245454817,46252
245462603,46246
245470254,46242
245478051,46245
245485668,46228
245493511,46227
245500381,46230
245508018,46222
245515923,46219
245523499,46220
245531379,46206
245538957,46204
245546856,46136
245554459,46141
245562339,46131
245569942,46136
245577852,46127
245584690,46127
245592313,46122
245600105,46121
245607757,46118
245615544,46129
245623199,46121
245631028,46119
245639284,46113
245647152,46112
245654773,46117
245669476,46098
245677086,46094
245684944,46094
245692545,46099
245700415,46095
245708032,46091
245715942,46095
245723521,46093
245731359,46095
245738221,46110
245745860,46092
245753692,46094
245761343,46107
245769162,46098
245783638,46094
245791483,46087
245799126,46083
245806957,46094
245814565,46092
245822405,46082
245830009,46097
245837863,46100
245846077,46103
245853915,46111
245861461,46103
245869284,46100
245876889,46099
245884791,46099
245892450,46109
245900315,46161
245907964,46165
245915850,46165
245923383,46159
245930237,46159
245938018,46167
245944869,46169
245952456,46163
245960349,46168
245968001,46165
245975898,46166
245983491,46175
245991352,46179
245998975,46185
246006880,46176
246014421,46179
246022259,46223
246029881,46220
246037743,46223
246045339,46221
246053769,46224
246061383,46232
246069203,46233
246076822,46233
246083657,46232
246091535,46224
246098471,46218
246112760,46230
246120683,46240
246128295,46238
246142920,46240
246150519,46234
246158341,46235
246165981,46232
246173935,46231
246180786,46229
246188376,46227
246196185,46229
246203801,46226
246211613,46231
246219258,46224
246227026,46226
246234636,46225
246242505,46227
246250154,46227
246257967,46200
246265545,46196
246273957,46202
246281555,46190
246289394,46194
246297060,46196
246304957,46203
246312534,46196
246319414,46198
246327259,46204
246334134,46194
246341794,46199
246349611,46198
246357254,46198
246365051,46202
246372655,46200
246380480,46111
246388091,46102
246395951,46098
246403513,46100
246411376,46093
246418980,46088
246426860,46085
246434459,46081
246442309,46081
246449939,46066
246457801,46067
246465384,46069
246473226,46050
246481451,46064
246489297,46056
246496911,45976
246504799,45974
246512414,45978
246520207,45976
246527795,45981
246534637,45961
246541505,45967
246549356,45963
246556976,45968
246564880,45965
246571781,45961
246579368,45961
246587215,45959
246594829,45954
246602745,45950
246610327,45952
246618157,45879
246625824,45878
246633722,45871
246641313,45875
246649158,45875
246656762,45874
246664557,45870
246672161,45871
246678999,45877
246686923,45862
246695198,45867
246703031,45873
246710614,45872
246718474,45861
246726039,45861
246740805,45832
246748454,45832
246756306,45832
246763922,45830
246771780,45836
246779361,45833
246787201,45827
246794806,45830
246802718,45826
246810319,45835
246818106,45828
246825717,45829
246833567,45817
246841246,45821
246849135,45818
246856759,45803
246864593,45800
246872212,45807
246880157,45804
246887830,45810
246895764,45806
246903319,45806
246910940,45812
246917794,45809
246925593,45803
246932480,45802
246940126,45816
246948028,45813
246955731,45818
246963531,45814
246971171,45822
246978993,45858
246986602,45862
246994455,45860
247002075,45855
247009968,45867
247017592,45862
247025454,45865
247033065,45861
247040940,45867
247048542,45867
247056417,45870
247064045,45875
247071890,45874
247079447,45870
247087329,45863
247101809,45914
247110260,45917
247117889,45914
247125748,45924
247133334,45920
247140193,45932
247148033,45927
247155610,45936
247163464,45931
247170337,45940
247177965,45932
247185865,45944
247193463,45946
247201268,45947
247208912,45945
247216785,45935
247224384,45919
247232201,45929
247239798,45923
247247703,45923
247255323,45918
247263112,45923
247270719,45936
247277593,45931
247285446,45930
247293055,45928
247300926,45924
247308512,45921
247316362,45931
247324508,45927
247339203,45854
247353710,45857
247361429,45859
247369328,45851
247376247,45856
247383136,45856
247390798,45858
247398650,45851
247405518,45844
247413163,45849
247420985,45852
247428618,45845
247436515,45843
247444199,45843
247452015,45806
247459631,45801
247467492,45797
247475105,45810
247482933,45800
247490574,45819
247497437,45808
247504271,45813
247512121,45815
247519755,45818
247527575,45813
247535830,45812
247543748,45809
247551361,45808
247559198,45813
247566855,45807
247574698,45814
247582324,45815
247590131,45806
247597735,45808
247605576,45814
247612515,45809
247619440,45817
247627112,45813
247634957,45814
247642559,45818
247650406,45823
247658012,45816
247665891,45820
247673433,45820
247681263,45821
247688891,45828
247696745,45880
247704353,45871
247712156,45874
247719775,45879
247727620,45877
247735245,45873
247743069,45879
247751315,45885
247758219,45879
247765092,45886
247772949,45886
247780570,45891
247788435,45890
247796042,45894
247803882,45901
247818345,45932
247826186,45934
247833854,45932
247841729,45940
247849333,45938
247857156,45928
247864782,45938
247872619,45938
247880289,45942
247888066,45938
247895632,45948
247903483,45952
247911138,45945
247918996,45955
247926609,45941
247934460,46031
247942058,46023
247949901,46020
247958148,46023
247965975,46019
247972882,46027
247980450,46025
247988283,46026
247995925,46022
248002816,46023
248010710,46031
248018320,46026
248026132,46030
248033751,46030
248041596,46035
248049229,46027
248057045,46053
248064658,46061
248072515,46056
248080121,46061
248087969,46063
248095581,46063
248103440,46069
248111084,46072
248117979,46072
248125841,46070
248133463,46073
248141313,46074
248148947,46080
248156835,46080
248165012,46074
248179854,46121
248187489,46119
248195336,46122
248202950,46122
248210854,46117
248218445,46117
248226294,46119
248233928,46125
248241819,46113
248249401,46119
248257254,46117
248264852,46118
248272714,46113
248280379,46114
248288202,46118
248295797,46030
248303717,46024
248311318,46024
248319125,46030
248326729,46034
248333567,46034
248341415,46033
248348263,46026
248355873,46027
248362770,46025
248370641,46028
248378977,46035
248386847,46025
248394423,46022
248402266,46023
248416735,46024
248424590,46015
248432246,46015
248440077,46015
248447714,46024
248455538,46021
248463166,46019
248470027,46013
248477879,46015
248485453,46022
248493334,46016
248500950,46018
248508824,46016
248516448,46017
248524272,46015
248531861,46004
248539733,46004
248547343,46005
248555141,46003
248562812,46002
248570696,46004
248578329,46003
248586046,46002
248600513,46009
248608236,46009
248616094,46005
248623728,46007
248631575,46007
248646195,46036
248654021,46048
248661656,46043
248669531,46038
248677166,46043
248685012,46056
248691856,46051
248699455,46048
248707332,46048
248714993,46048
248721887,46052
248729760,46054
248737357,46049
248745176,46055
248752825,46061
248760698,46075
248768369,46073
248776204,46072
248783853,46075
248791723,46071
248799340,46080
248807733,46091
248815327,46083
248822165,46083
248829961,46095
248836803,46091
248844436,46097
248852299,46100
248859948,46091
248867819,46099
248875409,46103
248883203,46176
248890841,46177
248898653,46181
248906313,46176
248914105,46177
248921672,46172
248929524,46178
248937175,46182
248944067,46181
248951907,46181
248959521,46179
248967421,46190
248975004,46194
248982870,46188
248990468,46194
248998307,46194
249005927,46231
249014463,46224
249022093,46237
249030006,46235
249037668,46232
249045529,46227
249052407,46219
249059286,46223
249066878,46216
249074730,46223
249082350,46219
249090206,46216
249097829,46215
249105730,46214
249113353,46213
249128084,46254
249135749,46264
249143586,46263
249151210,46263
249159017,46274
249166676,46268
249174537,46277
249182137,46273
249189983,46278
249196834,46271
249204434,46279
249212309,46280
249220500,46287
249228462,46286
249236091,46284
249243963,46225
249251550,46223
249259348,46225
249266963,46229
249274847,46231
249282391,46225
249290257,46225
249297894,46215
249305745,46215
249312618,46216
249320269,46207
249327139,46209
249334965,46207
249342592,46199
249350410,46200
249358003,46203
249365888,46179
249373517,46178
249381411,46178
249389009,46178
249396878,46177
249404456,46182
249411287,46177
249419122,46179
249426730,46182
249435117,46180
249442794,46175
249450640,46177
249458279,46182
249466109,46191
249473753,46189
249488507,46183
249496169,46179
249503990,46179
249511603,46175
249519423,46177
249527026,46179
249534913,46178
249542488,46172
249550349,46164
249557999,46172
249564843,46175
249572661,46172
249580294,46173
249588080,46166
249595681,46170
249603513,46149
249611108,46144
249618999,46154
249626637,46144
249634501,46151
249642741,46145
249650604,46145
249658247,46130
249666075,46144
249672959,46132
249680604,46136
249688502,46136
249696070,46131
249703921,46127
249711545,46131
249726278,46100
249733876,46106
249741725,46094
249749361,46109
249757199,46105
249764828,46104
249772726,46110
249780369,46105
249788131,46104
249795730,46103
249803554,46101
249811203,46110
249819030,46102
249826645,46095
249841097,46131
249849016,46134
249857325,46135
249865126,46138
249872768,46132
249880619,46137
249887541,46129
249895201,46132
249903011,46134
249909248,46136
249916917,46137
249924815,46133
249932374,46135
249940166,46136
249947762,46138
249962484,46159
249970092,46159
249977958,46154
249985522,46161
249993352,46156
250000955,46166
250008842,46166
250016440,46169
250024317,46163
250031957,46163
250038832,46167
250046735,46157
250054365,46161
250062172,46157
250070375,46157
250078217,46195
250085829,46197
250093655,46196
250101299,46193
250109133,46196
250116729,46192
250124562,46193
250132200,46206
250140016,46200
250146848,46208
250154432,46201
250162241,46205
250169861,46202
250177731,46205
250185384,46202
250193198,46202
250200820,46204
250208673,46203
250216340,46200
250224177,46199
250231804,46197
250239743,46192
250246620,46198
250254279,46183
250262110,46189
250269732,46183
250278125,46181
250285753,46177
250293613,46167
250301293,46169
250309144,46170
250323622,46068
250331490,46061
250339110,46060
250346962,46052
250354531,46055
250362355,46055
250369992,46058
250377887,46050
250384746,46047
250392341,46048
250399245,46038
250407076,46051
250414687,46048
250422543,46035
250430187,46039
250438027,46024
250445633,46020
250453475,46015
250461072,46015
250468928,46020
250476537,46021
250485016,46019
250492627,46013
250500525,46016
250508192,46022
250515038,46016
250522908,46018
250530518,46014
250538367,46006
250545972,46016
250553839,46012
250561438,45988
250569296,45983
250576942,45990
250584843,45979
250592441,45987
250600264,45982
250607157,45982
250614799,45980
250622651,45983
250630300,45981
250638130,45974
250645751,45984
250653558,45983
250661235,45973
250669042,45976
250683484,45981
250691345,45987
250699480,45987
250707352,45985
250714979,45984
250722833,45978
250730456,45988
250738303,45991
250745206,45984
250752809,45980
250759661,45985
250767501,45989
250775155,45988
250783017,45994
250790605,45987
250798457,46023
250806023,46024
250813927,46027
250821513,46028
250829355,46021
250837004,46030
250844850,46041
250852473,46039
250860367,46036
250867952,46040
250875841,46040
250883442,46044
250891315,46040
250898924,46049
250907448,46047
250921884,46072
250929658,46073
250937271,46073
250945117,46068
250952725,46074
250960608,46068
250967492,46072
250975088,46076
250981972,46078
250989843,46082
250997414,46077
251005226,46077
251012823,46082
251020628,46076
251028280,46089
251043002,46098
251050602,46102
251058437,46109
251066044,46098
251073942,46110
251088187,46103
251096085,46102
251103715,46104
251111566,46094
251118469,46098
251126751,46100
251134638,46102
251142304,46096
251157033,46121
251164664,46123
251172569,46123
251180213,46122
251188012,46125
251195630,46113
251203499,46120
251211131,46112
251218027,46106
251225901,46114
251233471,46117
251241301,46108
251248923,46109
251256785,46100
251264361,46092
251272165,46004
251279813,46000
251287672,45996
251295349,46001
251303194,45997
251310823,45997
251318654,45994
251325545,45992
251333805,45991
251341661,45986
251349320,45986
251356208,45980
251364046,45980
251371640,45974
251379494,45969
251393935,45931
251401797,45930
251409362,45923
251417164,45932
251424774,45928
251432588,45932
251440258,45923
251448055,45933
251455686,45924
251463511,45928
251471114,45921
251478966,45926
251486531,45924
251494419,45924
251502079,45921
251509979,45879
251517570,45879
251525431,45879
251533059,45885
251541586,45876
251549267,45874
251557059,45874
251563928,45863
251571518,45876
251578405,45876
251586295,45872
251593893,45877
251601736,45871
251609370,45878
251617250,45867
251624870,45869
251632754,45863
251640392,45857
251648266,45860
251655869,45865
251663681,45856
251671352,45860
251679262,45858
251686916,45851
251693866,45858
251701767,45864
251709438,45868
251717334,45863
251724919,45864
251732832,45861
251740412,45858
251748220,45875
251756423,45868
251764267,45880
251771930,45879
251779817,45884
251787433,45879
251795293,45884
251802905,45881
251810765,45890
251818397,45879
251826264,45892
251833909,45896
251840791,45895
251847607,45894
251855493,45886
251863102,45893
251870976,45916
251878560,45921
251886387,45921
251894017,45927
251901866,45927
251909461,45925
251917272,45920
251924895,45938
251931733,45926
251939556,45928
251947199,45920
251955026,45926
251963276,45922
251971081,45915
251978692,45919
251993376,45944
252000980,45946
252008823,45939
252016391,45947
252024237,45937
252031861,45942
252039774,45938
252046636,45941
252054284,45955
252062086,45951
252069673,45947
252077509,45946
252085112,45951
252093003,45949
252100580,45953
252108451,45982
252116046,45978
252123877,45981
252131491,45981
252139390,45971
252147062,45978
252154993,45980
252162550,45970
252170997,45970
252178664,45972
252186520,45963
252194191,45963
252201087,45962
252208966,45953
252216560,45955
252231360,45837
252238989,45834
252246880,45830
252254485,45825
252262322,45823
252269966,45815
252277794,45813
252285434,45810
252293253,45809
252300872,45812
252308751,45810
252316367,45809
252330717,45802
252345489,45757
252353125,45757
252360968,45750
252368564,45758
252376459,45747
252384677,45757
252392530,45754
252399457,45750
252406360,45745
252414075,45752
252421994,45753
252429560,45743
252436431,45744
252444322,45741
252451231,45748
252465727,45698
252473606,45700
252481267,45704
252489095,45696
252496691,45696
252504548,45705
252512220,45695
252519098,45696
252525987,45694
252533881,45703
252541484,45695
252549326,45702
252556238,45695
252563883,45703
252570777,45703
252585630,45693
252593299,45694
252601835,45695
252609467,45685
252617298,45692
252624947,45690
252632815,45683
252639691,45685
252647345,45677
252655151,45678
252662731,45662
252670651,45660
252678321,45661
252686226,45653
252700778,45635
252708600,45648
252716211,45639
252724028,45635
252731649,45640
252739523,45639
252747224,45645
252754094,45647
252761972,45645
252769536,45653
252777387,45652
252785024,45655
252792958,45648
252800607,45650
252808515,45646
252816835,45675
252824710,45671
252832357,45672
252840237,45679
252847876,45680
252855741,45683
252863343,45680
252871139,45674
252878722,45681
252885593,45680
252893512,45677
252901115,45681
252908982,45677
252915855,45679
252923418,45679
252931228,45677
252938813,45701
252946631,45702
252954268,45711
252962162,45700
252969811,45701
252977627,45707
252985326,45711
252993079,45710
253000696,45709
253008535,45711
253016110,45714
253024654,45719
253032314,45716
253040146,45723
253047745,45721
253062497,45767
253070110,45773
253077962,45769
253085601,45777
253093455,45776
253101097,45777
253109011,45786
253115915,45778
253122770,45783
253130406,45786
253138221,45785
253145817,45792
253153666,45786
253161332,45792
253169113,45794
253176799,45714
253184788,45711
253192448,45703
253200334,45702
253208028,45699
253215880,45707
253223513,45697
253231984,45684
253238856,45691
253246413,45689
253254226,45681
253261892,45688
253269707,45686
253276576,45684
253284215,45682
253298963,45641
253306576,45638
253314456,45634
253322081,45636
253329955,45633
253337508,45632
253345403,45627
253352997,45625
253360882,45615
253368459,45623
253376306,45619
253383959,45617
253391819,45617
253399395,45621
253407260,45614
253414908,45614
253421778,45611
253429627,45606
253437309,45607
253445820,45608
253453411,45604
253461220,45606
253468839,45599
253475693,45599
253483598,45610
253491253,45602
253499132,45605
253506728,45601
253514623,45590
253522255,45602
253530089,45602
253537672,45638
253545518,45634
253553120,45641
253560994,45644
253568596,45647
253583106,45639
253590033,45642
253596959,45648
253604569,45646
253612534,45643
253620198,45648
253628125,45644
253635139,45648
253643022,45644
253658177,45686
253666056,45688
253673639,45688
253681436,45693
253689054,45698
253696954,45693
253704548,45701
253712370,45700
253719988,45703
253727856,45706
253735447,45707
253743292,45714
253750141,45701
253757725,45715
253765578,45720
253773243,45778
253781099,45778
253788739,45783
253796565,45786
253804148,45793
253811983,45791
253819534,45795
253827397,45796
253834338,45798
253842030,45808
253849971,45795
253857638,45803
253865574,45805
253873833,45802
253881669,45805
253896143,45850
253904027,45851
253911607,45858
253919442,45849
253927008,45859
253934875,45853
253942437,45856
253950270,45862
253957928,45874
253965782,45863
253973436,45865
253981231,45866
253988889,45872
253996695,45875
254004339,45871
254012130,45908
254019758,45914
254027725,45918
254035367,45925
254043293,45919
254051010,45921
254058894,45921
254066486,45921
254073357,45935
254081906,45931
254089501,45931
254097396,45939
254105033,45934
254111932,45935
254119763,45936
254134302,45888
254142111,45896
254149689,45885
254157546,45878
254165224,45884
254173098,45875
254180726,45879
254188571,45884
254196202,45882
254203995,45875
254211550,45879
254219378,45881
254227005,45882
254234899,45874
254242520,45881
254250366,45868
254258001,45871
254265870,45865
254273415,45874
254281225,45868
254289458,45870
254297285,45863
254304944,45871
254311172,45871
254319059,45871
254326647,45869
254334519,45873
254342136,45868
254349048,45866
254356919,45869
254364514,45870
254372330,45870
254379953,45862
254387839,45867
254395452,45865
254403256,45857
254410918,45867
254418763,45866
254426435,45864
254434281,45863
254441940,45865
254449831,45861
254457429,45865
254465239,45862
254472894,45859
254480703,45873
254495821,45893
254503737,45896
254510639,45894
254518318,45898
254526187,45895
254533861,45902
254541693,45905
254548605,45908
254556212,45902
254564112,45909
254571715,45898
254579581,45908
254587213,45906
254595071,45908
254602670,45911
254610507,45952
254618135,45946
254625978,45953
254633563,45957
254641434,45956
254649072,45957
254656929,45952
254664537,45951
254671378,45957
254679169,45956
254686806,45949
254694617,45965
254702233,45967
254710791,45963
254718417,45965
254733062,46050
254740709,46053
254748568,46061
254756226,46057
254764079,46064
254771687,46060
254779554,46074
254786409,46073
254794022,46072
254801907,46075
254809460,46072
254823917,46081
254830840,46083
254838519,46083
254846383,46139
254854013,46132
254861936,46143
254869557,46137
254877443,46128
254885130,46141
254892995,46144
254899908,46136
254906774,46140
254914383,46139
254922193,46140
254930422,46148
254938223,46149
254945893,46151
254953832,46156
254961472,46153
254969318,46199
254976969,46189
254984849,46202
254992409,46199
255000286,46197
255007946,46203
255015816,46196
255023455,46206
255031297,46211
255038951,46204
255046788,46219
255054431,46223
255062216,46218
255069062,46217
255076634,46224
255084460,46200
255092104,46190
255100002,46188
255107581,46187
255115435,46185
255123031,46193
255130908,46183
255138400,46175
255145272,46180
255152900,46171
255160715,46171
255168376,46160
255176149,46154
255183715,46158
255191549,46155
255199150,46153
255207006,46127
255214592,46116
255222448,46123
255230082,46119
255237949,46114
255245600,46116
255253569,46117
255261181,46116
255269052,46119
255276633,46122
255284497,46117
255292112,46120
255300019,46109
255306921,46110
255314518,46109
255329219,46076
255336861,46071
255345313,46072
255352956,46079
255360796,46079
255368470,46077
255376285,46078
255383911,46080
255391781,46080
255399402,46080
255407206,46071
255414807,46076
255422636,46082
255430261,46077
255438089,46075
255445713,46065
255453570,46065
255461151,46064
255469020,46064
255475827,46068
255483463,46077
255491288,46065
255498140,46063
255505761,46068
255513633,46063
255521282,46077
255529190,46068
255536863,46074
255544723,46065
255552983,46069
255567849,46013
255575495,46018
255583305,46013
255590927,46022
255597764,46022
255605624,46014
255613250,46014
255621076,46018
255627951,46017
255635551,46021
255643406,46018
255651051,46023
255658933,46032
255666515,46027
255674347,46025
255688887,46044
255696751,46046
255704389,46049
255712200,46053
255719819,46049
255727634,46047
255735255,46056
255743033,46060
255750655,46054
255758507,46049
255766757,46056
255774589,46054
255782268,46052
255789085,46063
255803862,46078
255811500,46080
255819369,46080
255827010,46078
255834930,46079
255842513,46077
255850349,46068
255857965,46076
255865800,46084
255873434,46082
255881267,46088
255888901,46084
255896755,46081
255904370,46090
255912171,46086
255919759,46120
255927614,46116
255935248,46118
255943068,46125
255950654,46115
255957494,46122
255965346,46123
255973594,46120
255980484,46122
255988338,46120
255995950,46124
256003823,46126
256011468,46134
256019417,46129
256027085,46137
256041955,46150
256049573,46148
256057428,46141
256071982,46144
256079618,46140
256087536,46141
256094394,46138
256102073,46134
256109017,46125
256116951,46128
256124513,46127
256132356,46128
256139960,46132
256146828,46132
256154656,46064
256162302,46056
256170186,46061
256177808,46056
256185635,46062
256193926,46053
256201821,46064
256209451,46054
256217283,46064
256224160,46063
256231774,46061
256239595,46064
256247275,46065
256255102,46055
256262694,46052
256270531,46058
256278098,46030
256285982,46029
256293542,46025
256301392,46025
256309063,46025
256316928,46025
256324610,46034
256331543,46032
256339449,46030
256347165,46039
256355050,46032
256362732,46035
256370663,46033
256378289,46040
256385240,46029
256399958,46026
256408234,46027
256416118,46026
256423709,46031
256431581,46035
256439176,46029
256447012,46024
256454653,46033
256462486,46039
256470095,46034
256477953,46031
256485509,46041
256493320,46040
256500921,46043
256508700,46042
256516370,46084
256524240,46079
256531834,46080
256539661,46081
256547275,46077
256555094,46083
256561963,46076
256569553,46086
256577413,46085
256585055,46072
256592956,46088
256600599,46083
256608496,46080
256616696,46094
256623657,46090
256638430,46112
256646046,46114
256653952,46124
256661566,46136
256669422,46124
256677048,46131
256684939,46124
256691867,46129
256699467,46127
256707292,46131
256714890,46140
256722706,46136
256730365,46130
256738155,46133
256745009,46130
256759480,46177
256767397,46183
256775070,46179
256782939,46174
256790519,46172
256798380,46169
256805318,46168
256813009,46174
256820906,46169
256829228,46172
256837047,46169
256844648,46170
256852519,46165
256860148,46169
256874928,46193
256882557,46197
256890387,46200
256898010,46205
256905954,46208
256913560,46203
256920410,46202
256928316,46214
256935999,46210
256943897,46211
256951540,46215
256959441,46218
256967088,46208
256975001,46207
256981895,46211
256989483,46217
256997318,46205
257004923,46208
257012770,46204
257020406,46205
257028230,46202
257036431,46195
257044284,46194
257051185,46192
257058807,46188
257066652,46186
257074267,46175
257082119,46175
257089754,46167
257097619,46172
257105259,46167
257113087,46098
257120635,46102
257128461,46097
257136118,46088
257144035,46093
257151680,46092
257159624,46085
257167294,46093
257175133,46092
257182747,46086
257189632,46078
257197533,46089
257205102,46083
257212974,46086
257220466,46084
257228274,46043
257235923,46038
257244369,46036
257251985,46033
257259785,46038
257267395,46036
257275227,46038
257282845,46029
257290682,46038
257298391,46030
257305321,46030
257319866,46033
257327850,46030
257334735,46028
257349276,45979
257357128,45980
257364770,45983
257372646,45980
257380306,45984
257388107,45989
257395718,45988
257401790,45991
257409421,45989
257417257,45992
257424135,45990
257431775,45990
257439661,45988
257447354,45990
257454291,45987
257469808,45961
257477456,45956
257485279,45962
257492890,45954
257500776,45955
257508414,45964
257516278,45960
257523119,45966
257530760,45961
257538652,45960
257546277,45954
257554090,45948
257561704,45958
257569565,45952
257577201,45944
257585065,45968
257592674,45969
257600545,45968
257608173,45964
257616023,45966
257623586,45968
257631434,45965
257638335,45962
257645989,45968
257653849,45968
257660724,45973
257668342,45979
257676901,45974
257684483,45976
257692315,45977
257699906,46009
257707744,46012
257715368,46017
257723195,46021
257730800,46012
257738651,46018
257746291,46017
257754118,46017
257761733,46023
257769546,46021
257777169,46010
257785034,46023
257792668,46020
257800491,46018
257808106,46025
257814993,46022
257822838,46040
257830487,46038
257838326,46038
257845996,46037
257853866,46036
257861476,46041
257869325,46040
257876207,46013
257883647,46033
257891302,46034
257899169,46034
257906755,46041
257914698,46037
257922365,46041
257930216,46042
257944640,46057
257952479,46069
257960114,46060
257967980,46065
257975621,46059
257983458,46052
257991079,46053
257998946,46041
258005783,46040
258013407,46040
258021148,46035
258028746,46029
258036590,46024
258044218,46033
258052144,46022
258059806,45903
258067716,45890
258075352,45903
258083217,45899
258091364,45891
258099258,45891
258106889,45878
258114752,45883
258121672,45882
258129347,45875
258137164,45866
258144017,45872
258151600,45873
258159456,45876
258167104,45868
258174980,45864
258182609,45808
258190471,45799
258198075,45803
258205911,45806
258213532,45805
258221313,45801
258228953,45809
258236848,45808
258244466,45807
258252308,45810
258259920,45805
258267732,45802
258275398,45805
258283238,45807
258290852,45800
258297729,45793
258306147,45755
258313735,45753
258321650,45760
258329275,45758
258337151,45754
258344777,45749
258352590,45744
258360213,45747
258368104,45736
258375775,45727
258382675,45725
258390551,45730
258398130,45728
258405967,45731
258413550,45728
258421365,45706
258428983,45703
258436907,45700
258444535,45705
258452412,45695
258460025,45684
258467913,45691
258474792,45682
258482437,45691
258490336,45678
258498010,45690
258505930,45680
258514280,45682
258522118,45673
258529701,45686
258543429,45675
258551206,45685
258565461,45681
258573318,45684
258580964,45677
258587826,45682
258595735,45681
258602639,45686
258610280,45688
258618082,45688
258625648,45688
258633647,45683
258641286,45687
258649188,45689
258656846,45700
258664738,45693
258672408,45697
258680246,45693
258687827,45693
258695689,45699
258703336,45701
258711174,45697
258718800,45701
258726644,45696
258734887,45705
258742698,45700
258750344,45702
258758123,45701
258765702,45705
258779458,45725
258787286,45724
258794898,45716
258802709,45722
258810330,45731
258818174,45717
258825804,45720
258833629,45706
258841226,45710
258849099,45708
258856687,45704
258864576,45699
258872173,45701
258880058,45698
258887650,45687
258895522,45731
258903131,45741
258911029,45732
258918662,45734
258926520,45742
258934113,45736
258942577,45735
258949416,45740
258957059,45743
258963977,45746
258971861,45751
258979512,45754
258987361,45754
258994998,45755
259002857,45751
259009697,45752
259017312,45695
259025121,45693
259032753,45688
259040610,45688
259048221,45677
259056058,45675
259063648,45676
259071474,45667
259079097,45667
259085980,45662
259093877,45661
259101493,45665
259109295,45655
259116934,45655
259124777,45660
259132377,45650
259140180,45627
259148362,45623
259156185,45620
259163819,45625
259171736,45618
259179399,45618
259186222,45619
259194069,45615
259200888,45616
259208491,45617
259216319,45606
259223865,45604
259231694,45612
259239323,45611
259247121,45607
259261596,45586
259269426,45591
259277041,45587
259284903,45586
259292475,45588
259300355,45580
259307979,45585
259315851,45573
259322730,45568
259330403,45563
259338190,45564
259345785,45549
259353619,45550
259361867,45545
259369711,45532
259377363,45573
259385206,45577
259392805,45584
259400660,45588
259408279,45590
259416156,45591
259423768,45591
259431624,45596
259438479,45598
259446162,45601
259454063,45597
259461641,45597
259468499,45596
259476262,45600
259483830,45604
259491688,45604
259499361,45618
259507188,45623
259514796,45621
259522624,45620
259530219,45617
259538076,45627
259545687,45625
259553578,45626
259561227,45629
259569730,45627
259577407,45629
259584241,45627
259592076,45637
259599678,45634
259607489,45638
259614394,45635
259621990,45697
259629842,45700
259637488,45713
259645325,45709
259652943,45712
259660770,45717
259668429,45723
259676188,45720
259683765,45720
259691606,45726
259699275,45722
259707108,45723
259714672,45733
259722525,45728
259730140,45729
259744908,45744
259752497,45746
259760340,45744
259767985,45738
259775909,45743
259783463,45758
259791147,45747
259805644,45752
259813506,45765
259821160,45757
259829088,45757
259836685,45760
259844566,45756
259858297,45812
259865929,45816
259873789,45811
259881438,45811
259889313,45824
259896947,45818
259904787,45819
259912410,45824
259920237,45816
259927847,45820
259935728,45822
259942583,45826
259950162,45828
259958006,45832
259965613,45838
259973444,45776
259981079,45778
259988991,45772
259997267,45779
260005122,45770
260012714,45776
260019540,45771
260027359,45767
260035003,45756
260042858,45757
260050502,45750
260058337,45761
260065948,45754
260073772,45749
260081414,45746
260088302,45747
260096162,45720
260103753,45724
260111646,45716
260119333,45717
260127174,45722
260134772,45733
260142599,45727
260150205,45717
260158036,45723
260165605,45715
260173458,45728
260181089,45728
260189002,45721
260196544,45730
260204960,45730
260219382,45730
260227244,45724
260234873,45720
260242695,45722
260250323,45725
260257197,45720
260265068,45729
260272641,45724
260280494,45717
260288119,45711
260295992,45715
260302866,45710
260310537,45712
260318378,45706
260326022,45709
260333910,45735
260341504,45740
260349340,45742
260356929,45741
260364757,45737
260372443,45750
260380275,45747
260387924,45746
260395761,45752
260403412,45746
260411227,45746
260419487,45754
260427328,45753
260434972,45750
260442813,45747
260456556,45781
260464148,45779
260472001,45780
260479621,45779
260487407,45785
260495056,45783
260502935,45790
260510613,45788
260518498,45793
260526153,45789
260534024,45796
260541585,45790
260549420,45791
260557033,45797
260564899,45800
260572507,45868
260580353,45875
260587993,45877
260595864,45882
260603481,45884
260611244,45880
260618039,45889
260626316,45891
260634136,45888
260641788,45889
260648678,45893
260656561,45899
260663395,45903
260671033,45904
260678909,45900
260686510,45901
260694303,45943
260701975,45939
260709828,45937
260717433,45943
260725244,45946
260732854,45945
260740706,45952
260748354,45952
260756195,45958
260763833,45956
260771685,45956
260779327,45962
260787162,45959
260794771,45956
260802605,45963
260809449,45961
260817040,46010
260824893,46011
260833142,46014
260841018,46014
260848597,46018
260855443,46020
260863250,46019
260870846,46031
260878697,46027
260886339,46024
260894161,46034
260901818,46031
260909665,46034
260917327,46047
260925116,46035
260939525,46039
260947322,46037
260954951,46028
260962793,46032
260970436,46030
260978266,46016
260985915,46017
260993741,46017
261001361,46009
261009149,46003
261016772,46010
261023627,46010
261031470,46006
261039083,46005
261054177,45983
261062139,45986
261069740,45986
261077586,45983
261085208,45981
261092138,45985
261099990,45979
261107651,45978
261115538,45976
261123180,45986
261130094,45979
261137966,45980
261145594,45979
261153415,45978
261161047,45972
261174800,45967
261182669,45964
261190311,45958
261198149,45967
261205698,45968
261213495,45965
261221099,45971
261228984,45967
261236561,45963
261244379,45962
261251256,45967
261259429,45971
261267296,45965
261274928,45971
261282782,45970
261290454,45930
261298277,45936
261305862,45927
261313666,45931
261321315,45929
261328220,45935
261336072,45932
261343645,45930
261351459,45934
261359090,45943
261367014,45938
261374629,45942
261381540,45939
261389339,45935
261396953,45934
261404798,45934
261412447,45901
261420304,45884
261427932,45892
261435746,45894
261443430,45901
261451250,45899
261458903,45891
261466735,45895
261474935,45894
261482806,45897
261489682,45894
261497337,45898
261505184,45894
261512782,45893
261520704,45887
261535196,45906
261543096,45920
261550616,45918
261558458,45909
261566082,45918
261573956,45908
261581546,45909
261589390,45917
261597014,45923
261604876,45916
261612556,45922
261620363,45924
261628026,45925
261635903,45933
261643502,45926
261651285,45969
261658964,45968
261666807,45978
261674465,45971
261683003,45983
261689909,45980
261697515,45987
261705321,45981
261712985,45988
261720823,45982
261728473,45983
261736337,45976
261743179,45987
261750757,45988
261758633,45989
261773201,46026
261781106,46030
261788701,46031
261796556,46039
261804190,46031
261812050,46035
261819605,46038
261827463,46039
261835092,46047
261843016,46044
261850605,46050
261858441,46041
261866075,46043
261873942,46036
261881557,46037
261889078,46047
261897016,46044
261904600,46041
261912416,46045
261920023,46042
261926874,46046
261934688,46040
261942324,46039
261950134,46044
261957730,46039
261965574,46040
261973183,46040
261981069,46045
261988680,46041
261996526,46031
262004168,46034
262012038,45997
262019626,45996
262027454,46005
262035122,46000
262043011,46001
262050589,46003
262058395,46008
262066034,46007
262073900,46003
262081503,46017
262089303,46006
262096885,46006
262103761,46007
262111592,46012
262119207,46011
262134029,45985
262141622,45989
262149446,45976
262157049,45997
262164936,45992
262172556,45988
262180329,45994
262187946,45997
262195777,45998
262203468,45982
262211249,45996
262218919,45994
262226763,45991
262234428,45989
262242236,45993
262249095,46000
262256652,46008
262264510,46013
262272075,46013
262279896,46021
262294387,46017
262302046,46009
262310001,46014
262318330,46020
262326213,46020
262333096,46023
262339935,46015
262347548,46020
262355361,46020
262369933,46066
262377775,46059
262385460,46058
262393338,46057
262400216,46065
262407791,46062
262415665,46062
262423248,46061
262431119,46068
262438709,46069
262446596,46057
262453436,46064
262461070,46066
262468962,46069
262476529,46070
262484319,46061
262491893,46048
262499739,46046
262507413,46052
262515264,46054
262523461,46058
262531283,46048
262538933,46056
262546783,46053
262554394,46050
262562217,46050
262569817,46051
262577663,46055
262585271,46048
262593140,46061
262606929,46101
262614750,46099
262622401,46108
262630225,46092
262637865,46099
262645695,46102
262653369,46096
262661208,46105
262668822,46103
262676681,46094
262684288,46106
262692151,46098
262699771,46100
262707621,46100
262715224,46107
262723102,46124
262731216,46117
262739121,46124
262746689,46123
262754519,46127
262761435,46127
262769086,46129
262776980,46124
262784576,46130
262792393,46130
262800007,46132
262807809,46137
262814691,46135
262822322,46141
262830210,46142
262837819,46141
262845712,46188
262853357,46181
262861182,46182
262868766,46178
262876589,46172
262884157,46177
262892038,46169
262899626,46161
262907445,46165
262915073,46160
262922948,46159
262930555,46159
262937404,46165
262945842,46151
262953468,46154
262967394,46063
262975022,46064
262982852,46070
262990511,46066
262998339,46065
263005950,46064
263013763,46076
263021416,46067
263029213,46072
263036798,46069
263044626,46063
263052251,46062
263060129,46062
263067699,46065
263075500,46064
263083084,46032
263090969,46032
263098550,46029
263106382,46030
263113987,46025
263121839,46023
263129474,46022
263137250,46018
263144827,46012
263153200,46015
263160796,46016
263168684,46017
263176265,46018
263184123,46012
263191715,46010
263205652,45978
263213263,45968
263221158,45976
263228732,45980
263235603,45976
263243422,45977
263251069,45980
263258846,45984
263266518,45979
263274351,45978
263281976,45984
263289824,45984
263297467,45991
263305319,45989
263312943,45989
263326931,46000
263334541,45999
263342348,45998
263349949,46001
263356869,45995
263365294,45997
263372931,45994
263380818,45997
263388483,45991
263396291,45985
263403888,45983
263411723,45980
263419375,45987
263427196,45975
263434787,45977
263441613,45977
263449485,45978
263457108,45984
263465000,45989
263471921,45986
263479568,45993
263487400,45995
263495038,45997
263502902,46003
263510570,46014
263518371,46007
263526010,46006
263539496,46018
263547400,46018
263561909,46104
263569797,46108
263578104,46108
263584986,46112
263592812,46112
263600481,46110
263608371,46114
263615984,46109
263623804,46115
263631441,46109
263639250,46116
263646891,46119
263654740,46118
263662363,46126
263670211,46128
263677751,46163
263685583,46171
263693238,46177
263701141,46178
263708713,46177
263716567,46183
263724189,46179
263732069,46186
263739645,46181
263747481,46184
263755084,46180
263762958,46186
263770576,46191
263777425,46193
263785921,46196
263799739,46253
263807605,46255
263815176,46265
263823039,46259
263830650,46270
263838489,46275
263846106,46269
263854002,46268
263861595,46262
263869407,46269
263877020,46268
263884841,46278
263892475,46282
263900356,46277
263907982,46275
263915826,46192
263923466,46187
263931264,46186
263938823,46186
263945719,46171
263953546,46175
263961174,46175
263969037,46154
263976631,46158
263984503,46158
263992724,46149
264000575,46156
264008207,46145
264016062,46144
264023663,46140
264031545,46137
264038435,46055
264046063,46062
264053938,46056
264061528,46043
264069349,46046
264076947,46046
264084820,46040
264092513,46044
264100266,46035
264107879,46038
264115754,46042
264123409,46038
264131234,46043
264138071,46032
264145637,46032
264159564,45914
264167201,45916
264175070,45902
264182659,45900
264190510,45905
264198121,45896
264206556,45887
264214129,45886
264221991,45882
264229591,45871
264237429,45874
264245029,45869
264252974,45863
264260607,45855
264273542,45765
264281338,45759
264289001,45761
264296856,45765
264304498,45754
264312282,45751
264319882,45751
264327698,45752
264335331,45749
264343138,45745
264350720,45744
264358544,45737
264366136,45732
264374052,45736
264380945,45727
264394803,45718
264402643,45715
264410275,45717
264418764,45719
264426423,45710
264434240,45718
264441851,45716
264449735,45716
264457403,45710
264465250,45709
264472834,45709
264480672,45709
264488262,45718
264496163,45717
264510597,45763
264518412,45761
264526015,45764
264533794,45771
264541429,45774
264548283,45776
264556130,45773
264563749,45776
264571610,45770
264579228,45776
264587099,45776
264594679,45726
264602503,45791
264610113,45789
264617949,45786
264626180,45835
264633045,45840
264640932,45837
264648565,45840
264656383,45835
264663991,45844
264671795,45839
264679416,45838
264687183,45845
264694816,45843
264702705,45841
264710379,45839
264718228,45839
264725820,45846
264733655,45837
264740489,45841
264748113,45851
264755984,45855
264763609,45855
264771438,45849
264784955,45866
264792684,45857
264800514,45864
264808154,45865
264816011,45855
264823615,45866
264831461,45865
264839641,45859
264847498,45857
264854410,45870
264868947,45879
264875796,45876
264883645,45871
264891280,45875
264899175,45869
264906776,45868
264914644,45864
264922252,45864
264930173,45863
264937733,45859
264945568,45852
264953195,45850
264961075,45847
264968665,45852
264976536,45839
264984158,45746
264992037,45744
264999629,45744
265007445,45740
265015064,45732
265021888,45741
265029753,45736
265037421,45730
265045244,45732
265053483,45731
265061343,45729
265068927,45734
265076725,45721
265084346,45726
265092200,45730
265106670,45679
265114541,45681
265122175,45670
265130063,45677
265137648,45679
265145485,45674
265153094,45677
265160976,45674
265168588,45678
265176439,45666
265184080,45677
265191944,45666
265199574,45675
265207352,45673
265214247,45667
265221858,45654
265228763,45660
265236636,45661
265244218,45659
265252069,45663
265260301,45656
265268147,45678
265275668,45667
265283489,45666
265291116,45666
265298959,45672
265306581,45678
265314412,45672
265322052,45681
265329888,45666
265337523,45677
265345328,45694
265352968,45694
265359816,45693
265367737,45693
265375349,45687
265383217,45693
265390797,45690
265398648,45695
265406240,45699
265414147,45700
265421731,45700
265429640,45694
265437268,45699
265445149,45694
265452749,45701
265468076,45733
265475740,45740
265483569,45748
265491223,45743
265498119,45746
265506006,45748
265513581,45750
265521389,45755
265529002,45745
265536843,45753
265544479,45758
265552314,45763
265559958,45754
265567793,45753
265574676,45755
265582309,45781
265589204,45773
265597042,45783
265603842,45778
265611473,45772
265618309,45784
265626178,45782
265633796,45783
265641640,45777
265649253,45778
265657181,45780
265664821,45782
265672656,45782
265680885,45774
265688721,45770
265695614,45775
265709485,45820
265717292,45816
265724904,45825
265732756,45827
265740364,45821
265748241,45826
265755836,45824
265763671,45824
265771281,45827
265779187,45833
265786777,45831
265794629,45832
265802207,45837
265810059,45830
265817628,45836
265825455,45862
265833087,45855
265840956,45859
265848583,45857
265855492,45855
265863314,45857
265870955,45849
265878765,45854
265887012,45855
265894886,45839
265902544,45845
265910325,45843
265917969,45835
265925801,45827
265932733,45830
265947263,45731
265955177,45725
265962777,45726
265970656,45720
265978276,45714
265986171,45711
265993753,45708
266001531,45723
266009115,45710
266016994,45714
266031468,45711
266039141,45713
266047052,45710
266061534,45700
266068450,45711
266076265,45711
266083875,45712
266090735,45716
266098565,45710
266106761,45707
266114639,45702
266122229,45710
266130097,45713
266137672,45698
266145517,45728
266153129,45713
266161018,45707
266168679,45713
266176535,45688
266183446,45690
266191104,45689
266198963,45692
266205812,45685
266213419,45698
266221207,45699
266228813,45697
266236664,45697
266244287,45701
266252169,45694
266259733,45708
266267564,45697
266275201,45692
266283088,45694
266297513,45734
266304433,45737
266312229,45734
266320562,45732
266327434,45739
266335244,45738
266342869,45735
266350728,45737
266358318,45743
266366137,45739
266373686,45747
266381533,45732
266389185,45737
266397070,45734
266404659,45739
266412461,45758
266419288,45762
266426907,45765
266434756,45767
266442402,45772
266450258,45776
266457881,45778
266465722,45776
266473342,45787
266481187,45779
266488723,45788
266496596,45786
266504211,45792
266512079,45797
266519663,45796
266528157,45795
266535029,45838
266542590,45840
266550359,45837
266558008,45838
266564860,45838
266571752,45838
266579649,45832
266587259,45848
266595103,45841
266602666,45853
266610514,45848
266618089,45855
266625962,45850
266633622,45852
266641502,45855
266649159,45861
266656976,45874
266664537,45884
266672301,45892
266679893,45897
266686757,45888
266694568,45887
266702201,45898
266710075,45898
266717708,45901
266725577,45903
266733821,45904
266741684,45911
266749289,45911
266757136,45912
266764778,45917
266779468,45957
266787084,45964
266794952,45958
266801840,45964
266809521,45961
266817308,45966
266824884,45955
266832712,45960
266840346,45956
266848210,45958
266855827,45952
266863620,45954
266871250,45952
266879111,45946
266886667,45951
266894496,45861
266901325,45846
266908923,45845
266916791,45850
266923699,45851
266931335,45847
266939159,45849
266947427,45849
266955244,45851
266962845,45844
266970723,45843
266978390,45849
266986277,45837
266993874,45841
267001770,45840
267009391,45843
267016303,45799
267024165,45804
267031785,45800
267039611,45795
267047243,45799
267055087,45800
267062669,45790
267070507,45789
267078125,45795
267085973,45792
267093606,45785
267101445,45785
267109123,45785
267116994,45777
267124607,45779
267139253,45722
267146829,45717
267155245,45712
267162166,45712
267169056,45706
267176668,45706
267184501,45707
267192120,45708
267199983,45705
267207568,45703
267215332,45709
267222905,45699
267230755,45700
267238406,45697
267246226,45689
267253859,45661
267268345,45659
267276199,45659
267283112,45654
267290676,45660
267298531,45658
267306221,45652
267314099,45655
267321676,45646
267329522,45654
267337158,45647
267345015,45650
267352599,45649
267360393,45647
267374766,45640
267381669,45647
267389503,45653
267397115,45648
267403993,45649
267411847,45652
267419516,45652
267427361,45653
267434973,45654
267442838,45663
267450453,45666
267458259,45658
267465869,45663
267473697,45665
267481306,45664
267495096,45712
267501996,45715
267509846,45719
267517514,45715
267524725,45717
267532397,45726
267540312,45720
267547991,45725
267555906,45725
267563576,45735
267571398,45733
267579063,45737
267587558,45728
267595183,45745
267603081,45732
267610698,45764
267617547,45758
267625381,45764
267632992,45768
267640886,45765
267648545,45765
267656410,45764
267664036,45764
267671846,45766
267679510,45764
267687391,45775
267695057,45773
267702979,45777
267710650,45771
267718556,45779
267733079,45822
267740849,45826
267748490,45781
267756241,45828
267763872,45830
267771706,45832
267779314,45823
267787172,45827
267795465,45824
267803304,45829
267810902,45830
267818746,45831
267826437,45824
267834268,45823
267841864,45823
267848741,45830
267855634,45824
267863430,45821
267871082,45818
267878899,45816
267886520,45810
267894330,45815
267901943,45814
267909801,45805
267917442,45806
267925301,45802
267932897,45798
267940738,45798
267948322,45796
267956189,45781
267963872,45782
267971721,45768
267979327,45765
267987185,45762
267994755,45764
268002229,45767
268010137,45762
268017700,45759
268025563,45764
268033173,45755
268041036,45759
268048614,45764
268056414,45751
268064043,45766
268071900,45750
268079530,45756
268094194,45774
268101774,45774
268109591,45763
268116457,45766
268123325,45767
268130922,45768
268138800,45776
268146459,45779
268154238,45771
268161871,45772
268169751,45769
268177417,45770
268185251,45769
268192910,45769
268200734,45770
268208939,45768
268216805,45776
268224472,45782
268232284,45778
268239168,45774
268246737,45777
268254606,45780
268262215,45778
268270099,45778
268277685,45778
268285544,45789
268293138,45791
268300982,45788
268308622,45785
268316471,45791
268324095,45782
268330979,45809
268338809,45806
268346445,45812
268354235,45813
268361086,45801
268368698,45808
268376497,45812
268384130,45806
268392004,45802
268399628,45809
268407390,45796
268414971,45810
268423299,45818
268430910,45809
268438754,45811
268452495,45849
268459370,45843
268466947,45842
268474783,45855
268482435,45858
268490248,45852
268497818,45862
268512312,45862
268520200,45859
268527895,45861
268535747,45865
268543417,45868
268551270,45863
268558947,45867
268565857,45906
268572736,45902
268580566,45908
268588224,45905
268595122,45912
268603014,45912
268610601,45914
268618419,45905
268626054,45916
268633893,45907
268642158,45911
268650034,45910
268657665,45920
268665508,45911
268673101,45923
268680007,45919
268687825,45966
268695442,45960
268703299,45962
268710895,45967
268718752,45962
268726340,45964
268734228,45962
268741793,45963
268749664,45964
268757251,45974
268765148,45976
268772741,45974
268780580,45975
268788183,45970
268796094,45975
268803675,45976
268810527,45941
268818315,45938
268825947,45928
268833803,45929
268840742,45924
268849010,45915
268856846,45909
268864490,45894
268872264,45897
268879857,45891
268887690,45881
268895328,45872
268903224,45869
268910835,45855
268918697,45847
268933186,45810
268941041,45814
268948611,45806
268956396,45811
268964019,45818
268971871,45808
268979549,45825
268987412,45805
268995057,45811
269002912,45813
269010546,45805
269018353,45809
269025950,45806
269033783,45809
269041424,45808
269049269,45818
269057576,45818
269065329,45820
269072186,45819
269079772,45822
269087613,45814
269095260,45819
269103154,45819
269110720,45817
269118535,45822
269126124,45815
269133993,45815
269141605,45819
269149363,45812
269156273,45821
269163845,45827
269170713,45847
269178585,45841
269186219,45844
269194115,45845
269201715,45840
269209574,45840
269217204,45844
269225050,45847
269232648,45846
269240523,45853
269248130,45849
269255921,45849
269264194,45849
269272121,45855
269279689,45850
269294365,45857
269301952,45853
269309829,45860
269317433,45852
269325245,45858
269332823,45862
269340677,45856
269348273,45861
269356152,45862
269363695,45860
269371551,45863
269379159,45859
269386992,45859
269394576,45864
269402386,45860
269409257,45909
269416851,45923
269424734,45925
269431592,45918
269439182,45919
269446033,45913
269453844,45920
269461455,45919
269469277,45920
269477555,45922
269485312,45926
269492940,45921
269500823,45937
269508435,45936
269516281,45943
269523928,45944
269531785,45981
269539423,45984
269547241,45988
269554810,45989
269561678,45999
269569518,45997
269577152,45993
269585025,45995
269592641,45997
269600443,45998
269608078,46004
269615917,46009
269623553,46007
269631433,46004
269638318,46000
269645948,46011
269653837,46053
269661504,46052
269669313,46059
269676943,46063
269685322,46059
269692929,46064
269700787,46064
269708431,46067
269716272,46064
269723879,46060
269731683,46061
269739275,46063
269747126,46062
269761627,46068
269768614,46116
269776243,46118
269784126,46126
269791717,46126
269798581,46115
269806433,46118
269814059,46124
269821893,46116
269829594,46124
269837468,46117
269845101,46117
269852917,46115
269860564,46110
269868385,46108
269875236,46115
269882846,46111
269890683,46038
269898927,46030
269906862,46033
269914489,46031
269922325,46030
269929954,46020
269937814,46023
269945446,46011
269953254,46018
269960817,46014
269968677,46010
269976323,46024
269984167,46012
269990992,46005
269998615,46004
270005519,46012
270013323,45973
270020922,45972
270028770,45972
270036383,45962
270044276,45968
270051886,45964
270059743,45973
270067331,45973
270075196,45965
270082777,45971
270090617,45968
270098282,45959
270106169,45961
270114513,45958
270122338,45959
270136792,45894
270144611,45890
270151446,45887
270159074,45886
270166879,45882
270174550,45877
270182363,45872
270189962,45873
270197787,45866
270205380,45869
270213240,45864
270220826,45860
270228692,45863
270236317,45860
270244229,45860
270251876,45827
270259745,45828
270266593,45824
270274200,45826
270282067,45819
270289632,45824
270297469,45825
270305096,45821
270313017,45828
270321354,45824
270329195,45819
270336786,45821
270344617,45819
270351479,45816
270359115,45816
270365989,45816
270373862,45833
270381474,45837
270389311,45842
270396879,45840
270404716,45842
270412285,45850
270420141,45846
270427714,45844
270435542,45846
270443155,45848
270451001,45851
270458598,45854
270466418,45859
270474041,45855
270481844,45866
270496361,45912
270504224,45899
270511816,45903
270519696,45899
270527865,45910
270535806,45904
270543439,45904
270551283,45907
270558925,45900
270566790,45898
270574406,45913
270582263,45913
270589875,45917
270597760,45917
270604611,45904
270612235,45946
270620134,45946
270627007,45944
270634661,45947
270642492,45942
270649356,45946
270656933,45944
270664820,45944
270672456,45950
270680316,45944
270687961,45941
270695868,45946
270703547,45946
270711332,45943
270718959,45954
270725798,45940
270733645,45966
270741863,45965
270749717,45967
270757341,45966
270765207,45967
270772767,45977
270780598,45972
270788254,45954
270796135,45984
270803755,45979
270811608,45977
270819266,45982
270827157,45984
270833976,45987
270840837,45993
270848521,45990
270856357,45992
270863966,45984
270871801,45986
270879431,45983
270887296,45979
270894897,45980
270902766,45986
270910396,45976
270918228,45964
270925820,45975
270933637,45974
270941245,45965
270949724,45959
270957358,45953
270965261,45956
270979698,45895
270986555,45908
271000974,45911
271008848,45903
271016530,45898
271024318,45907
271031926,45910
271039804,45908
271047449,45904
271055310,45906
271062887,45899
271069802,45906
271076652,45901
271084441,45901
271092088,45867
271099955,45867
271107593,45867
271115461,45876
271123105,45872
271130998,45868
271138632,45871
271146403,45871
271154007,45864
271161883,45871
271170162,45871
271178015,45879
271185648,45881
271193476,45871
271201090,45871
271215798,45863
271222633,45861
271230252,45866
271238129,45864
271245701,45858
271253516,45866
271261160,45861
271269018,45864
271276641,45859
271284467,45860
271292109,45863
271299948,45860
271307587,45855
271315432,45861
271323042,45866
271330883,45870
271338535,45869
271346343,45863
271353950,45865
271361803,45866
271369431,45863
271377015,45864
271384861,45858
271392491,45866
271400330,45860
271407916,45855
271415766,45862
271423376,45855
271430279,45857
271437151,45862
271444962,45856
271452606,45870
271460444,45869
271468049,45867
271475857,45868
271483491,45869
271491261,45871
271498906,45870
271506773,45877
271514380,45870
271522297,45869
271529881,45883
271537688,45888
271545272,45876
271553139,45879
271560740,45886
271568601,45908
271576248,45911
271584772,45908
271592370,45916
271600247,45900
271607811,45906
271615598,45908
271623203,45910
271631132,45909
271638724,45909
271646554,45911
271654186,45903
271662057,45910
271668940,45909
271675816,45895
271683447,45903
271691306,45923
271698174,45918
271705757,45916
271713629,45903
271721272,45923
271729160,45918
271736759,45930
271744579,45926
271752194,45933
271760080,45932
271767711,45931
271775572,45934
271783186,45944
271790071,45943
271797941,45943
271805593,45938
271813393,45958
271821043,45951
271828863,45956
271836478,45951
271844308,45949
271851921,45967
271859763,45961
271867404,45961
271875227,45958
271882748,45955
271890640,45955
271898263,45964
271905151,45961
271912029,45949
271919899,45955
271927543,45826
271935390,45816
271942973,45821
271950785,45822
271958410,45815
271966284,45803
271973889,45807
271981726,45802
271989306,45799
271997178,45800
272005390,45796
272013301,45798
272020901,45793
272028759,45786
272036369,45788
272051153,45719
272058014,45723
272065629,45717
272073476,45718
272081087,45718
272088934,45713
272096599,45706
272104412,45706
272112046,45707
272119899,45708
272127515,45705
272135386,45698
272142918,45693
272150746,45697
272158386,45693
272166276,45671
272173846,45678
272181678,45682
272189290,45676
272197163,45674
272204739,45673
272213192,45673
272220833,45676
272227690,45667
272235544,45669
272250066,45665
272257710,45669
272264579,45667
272271473,45656
272279318,45666
272286923,45666
272293846,45673
272301660,45669
272309283,45673
272317235,45660
272324846,45668
272332669,45655
272340278,45661
272348133,45658
272355705,45665
272363492,45655
272371145,45670
272379023,45656
272386674,45658
272394491,45663
272408943,45643
272416762,45640
272424399,45645
272432926,45655
272440587,45644
272448444,45650
272456043,45653
272463862,45648
272471496,45638
272479307,45653
272486869,45653
272494779,45650
272501629,45657
272508523,45651
272516155,45658
272524060,45705
272530909,45696
272538529,45700
272546332,45701
272553916,45698
272561780,45696
272569352,45701
272577265,45699
272584889,45698
272592770,45697
272600360,45698
272608245,45693
272615791,45693
272622654,45694
272629573,45687
272637385,45693
272645641,45689
272652478,45684
272660375,45691
272667969,45690
272675805,45688
272683435,45690
272691285,45695
272698885,45692
272706714,45684
272714348,45687
272722234,45687
272729782,45695
272737594,45690
272744467,45693
272752055,45695
272759955,45694
272773777,45710
272781399,45709
272789306,45709
272796911,45701
272804728,45713
272812316,45706
272820175,45703
272827782,45699
272834659,45706
272842450,45708
272850562,45709
272858425,45710
272865293,45712
272872868,45722
272880720,45719
272887603,45749
272895273,45730
272903166,45739
272910759,45739
272918558,45728
272926159,45733
272933979,45732
272941616,45738
272949430,45729
272957062,45729
272964900,45723
272972552,45721
272980378,45725
272988003,45717
272995848,45726
273002706,45715
273010304,45624
273018165,45714
273025736,45613
273033590,45618
273041185,45612
273049047,45621
273056688,45605
273065131,45604
273072706,45605
273080457,45602
273088054,45602
273095894,45598
273102764,45599
273110401,45598
273118273,45601
273132681,45509
273140543,45519
273148137,45511
273155977,45511
273163619,45508
273171515,45509
273179127,45506
273186995,45511
273194620,45508
273202481,45505
273210134,45499
273217953,45497
273224861,45496
273232507,45496
273240318,45485
273247935,45411
273255770,45411
273263392,45413
273271884,45409
273279531,45407
273287330,45412
273294955,45405
273302831,45406
273310477,45407
273317380,45404
273325253,45397
273332800,45398
273340648,45390
273348251,45388
273356183,45386
273363071,45386
273370690,45345
273378473,45347
273386134,45333
273393930,45338
273401600,45337
273409378,45335
273416975,45341
273424880,45344
273432521,45333
273439378,45325
273447278,45333
273454865,45335
273462682,45329
273470271,45331
273478144,45328
273493253,45356
273500894,45355
273508794,45367
273516434,45369
273524313,45364
273531928,45368
273539793,45372
273547385,45360
273555255,45378
273562902,45370
273570768,45372
273578373,45377
273586245,45388
273593879,45369
273608585,45427
273616198,45419
273624040,45423
273631689,45420
273639525,45428
273647143,45430
273654987,45435
273662616,45431
273670492,45425
273678130,45437
273685929,45434
273694213,45442
273701097,45433
273708944,45442
273723484,45496
273731334,45496
273738950,45489
273746814,45500
273754421,45499
273762280,45500
273769860,45503
273777759,45505
273785358,45505
273793293,45508
273800879,45508
273808752,45510
273816330,45519
273824190,45512
273831753,45517
273838647,45566
273846476,45566
273854129,45568
273861979,45566
273869634,45575
273877416,45571
273885043,45574
273892871,45573
273900554,45578
273909070,45585
273916709,45581
273924523,45586
273932163,45587
273940066,45591
273947674,45586
273961435,45606
273969317,45604
273977001,45587
273984854,45594
273992495,45598
274000322,45578
274007875,45590
274015683,45583
274023357,45570
274031280,45577
274038113,45578
274045707,45569
274053520,45566
274061116,45567
274068972,45559
274082665,45418
274090297,45419
274098182,45412
274105766,45410
274113639,45410
274121804,45405
274129648,45390
274137308,45395
274145186,45391
274152807,45389
274160683,45395
274168342,45388
274176210,45393
274183842,45385
274197559,45299
274205390,45298
274212999,45292
274220880,45288
274228482,45292
274236345,45295
274243969,45293
274251836,45293
274259439,45288
274267288,45285
274274843,45292
274282664,45287
274290260,45281
274298191,45283
274305856,45281
274313677,45269
274321292,45271
274329721,45272
274337317,45271
274345150,45266
274352797,45274
274360659,45277
274368290,45276
274376183,45289
274383765,45275
274391567,45287
274398427,45287
274406023,45281
274413849,45287
274421408,45291
274428312,45298
274436191,45343
274443819,45344
274451650,45351
274459244,45357
274467106,45312
274474722,45362
274482550,45360
274490207,45355
274498106,45363
274505715,45356
274513541,45356
274521147,45370
274528995,45369
274537216,45370
274544106,45374
274550297,45372
274558208,45437
274565792,45443
274573607,45447
274581232,45452
274589083,45456
274596687,45457
274604514,45455
274612127,45469
274619929,45468
274627524,45473
274635433,45478
274643066,45492
274650922,45491
274658553,45497
274665447,45496
274680173,45773
274687760,45783
274695580,45796
274703237,45812
274711088,45829
274718697,45840
274733079,45855
274740931,45862
274748620,45884
274757098,45890
274764773,45903
274772653,45919
274779534,45921
274785639,45926
274793273,46017
274801175,46016
274808751,46014
274816584,46002
274824235,46007
274832091,45999
274839710,46004
274847601,45997
274855253,45993
274863135,45992
274870740,45984
274878627,45984
274886240,45985
274894128,45986
274901755,45977
274916475,46023
274924084,46024
274931936,46029
274939630,46028
274947430,46039
274955035,46035
274963509,46040
274971131,46037
274978979,46036
274986652,46034
274994478,46038
275002096,46045
275009937,46038
275016804,46048
275023673,46047
275031300,45982
275039187,45979
275046762,45974
275054595,45963
275062182,45963
275070018,45969
275077643,45975
275085433,45966
275093079,45968
275100909,45970
275108592,45972
275116397,45963
275124028,45966
275131897,45973
275139511,45975
275146416,45980
275154267,46057
275161796,46055
275170205,46060
275177791,46053
275185654,46065
275193290,46072
275201191,46075
275208769,46076
275216581,46079
275224234,46088
275232107,46085
275239712,46084
275246525,46091
275254364,46088
275261974,46079
275276708,46006
275284282,46003
275292210,46009
275299818,46004
275307625,46004
275315227,46008
275323080,46002
275330740,45998
275338617,45998
275346220,45994
275354134,45994
275361715,46000
275369559,45988
275377721,45993
275384608,45987
275392358,46057
275399911,46056
275407738,46058
275415349,46061
275423220,46067
275430809,46072
275438687,46071
275446328,46071
275454242,46085
275461845,46085
275469672,46083
275477279,46094
275485158,46096
275492739,46095
275499608,46097
275514294,46176
275521891,46175
275529745,46181
275537381,46177
275545225,46181
275552747,46189
275560591,46178
275568227,46192
275576100,46111
275583735,46206
275592221,46195
275599814,46209
275607639,46206
275615249,46210
275623130,46213
275630761,46344
275638567,46344
275646152,46345
275653992,46351
275661651,46362
275669456,46368
275677060,46361
275684939,46364
275692628,46371
275700520,46377
275708125,46382
275715968,46385
275723637,46397
275730493,46383
275737401,46400
275745262,46399
275752846,46589
275760709,46606
275768341,46602
275776212,46623
275783787,46623
275791599,46639
275799754,46638
275807564,46640
275815179,46649
275823033,46657
275830679,46669
275838481,46671
275846098,46677
275853901,46690
275860782,46695
275874550,46998
275882149,47001
275889989,46997
275897636,46986
275905459,46989
275913053,46987
275920906,46981
275928555,46988
275936424,46982
275944096,46981
275951988,46982
275959627,46816
275967471,46981
275981005,46986
275988906,47135
275996580,47126
276004409,47143
276012637,47130
276020505,47130
276028136,47133
276035966,47139
276043654,47138
276051512,47134
276059130,47139
276066983,47143
276074622,47146
276082439,47157
276090044,47150
276096155,47157
276110831,47220
276118427,47221
276126285,47227
276133833,47225
276141638,47218
276149251,47210
276157126,47222
276164733,47220
276172615,47220
276180231,47212
276188130,47214
276195735,47213
276203551,47209
276211158,47208
276219007,47209
276227271,47235
276235165,47233
276242773,47238
276250608,47237
276258246,47232
276266081,47236
276273674,47239
276281411,47233
276289033,47230
276296894,47238
276304574,47236
276312389,47230
276319995,47243
276327824,47246
276334023,47240
276341631,47247
276349441,47275
276357024,47278
276364858,47271
276372445,47274
276380297,47281
276387888,47278
276395730,47283
276403324,47284
276411178,47281
276418785,47284
276426595,47283
276434920,47283
276442790,47286
276449717,47284
276456604,47286
276463485,47288
276471068,47310
276478920,47311
276486569,47310
276494380,47317
276502000,47318
276509807,47312
276517461,47321
276525312,47322
276532862,47318
276540689,47320
276548304,47326
276556205,47323
276563866,47326
276570738,47324
276577577,47327
276591627,47361
276599235,47356
276607085,47369
276614697,47365
276622475,47370
276630099,47372
276637931,47362
276646177,47377
276654016,47378
276661642,47375
276669423,47381
276676982,47377
276684794,47373
276692427,47383
276699370,47379
276707271,47463
276714780,47471
276722603,47475
276730211,47465
276738023,47469
276745674,47470
276753429,47474
276761029,47471
276768941,47480
276776571,47486
276784460,47490
276792032,47492
276799873,47480
276806694,47485
276814310,47468
276829095,47476
276836726,47466
276844614,47471
276852884,47473
276860836,47471
276868510,47478
276876399,47477
276884020,47479
276891878,47483
276899547,47477
276907418,47486
276915050,47479
276922916,47477
276930556,47475
276937378,47473
276945253,47476
276952891,47471
276960677,47481
276968292,47481
276976143,47483
276983752,47479
276991542,47484
276999165,47483
277007005,47486
277014638,47488
277022430,47494
277030036,47490
277037900,47489
277044784,47488
277052426,47494
277067822,47403
277075431,47394
277083313,47390
277090920,47389
277098795,47386
277106392,47378
277114282,47371
277121887,47360
277129691,47364
277137301,47356
277145197,47360
277152782,47354
277160623,47346
277168294,47349
277176147,47356
277183042,47294
277190681,47285
277198422,47294
277206022,47294
277213929,47293
277228186,47293
277236213,47288
277243907,47283
277251883,47282
277259567,47280
277267511,47285
277275638,47279
277282524,47281
277290464,47283
277302610,47267
277310445,47266
277318071,47264
277325926,47259
277333549,47273
277341408,47271
277348972,47274
277356814,47261
277364401,47268
277372301,47263
277379902,47261
277387768,47259
277395368,47260
277403240,47257
277410817,47252
277418634,47249
277426253,47250
277434128,47257
277441783,47257
277449702,47258
277457383,47251
277465291,47252
277472857,47256
277480742,47259
277489021,47244
277496882,47258
277504525,47256
277512382,47264
277519257,47251
277526856,47251
277541515,47306
277549165,47310
277557015,47309
277564674,47309
277572563,47315
277580149,47318
277588022,47314
277595656,47313
277603490,47317
277611077,47317
277618897,47327
277626543,47314
277634372,47316
277641977,47323
277649963,47321
277656913,47329
277664578,47329
277672477,47329
277680148,47322
277687972,47330
277696192,47327
277704151,47319
277711736,47317
277719561,47330
277727164,47316
277735022,47322
277742655,47327
277750458,47326
277757358,47316
277764953,47314
277772818,47312
277780419,47225
277787325,47225
277795217,47220
277802808,47216
277810633,47215
277818270,47224
277826141,47219
277833790,47214
277841624,47208
277849240,47213
277857105,47204
277864736,47205
277872577,47195
277880220,47196
277888099,47196
277901882,47057
277910163,47060
277918027,47055
277925684,47047
277933480,47044
277941074,47048
277948900,47033
277956520,47035
277964396,47034
277972009,47034
277979918,47021
277987566,47025
277994427,47006
278002375,47007
278009965,47005
278016836,46736
278024693,46734
278032309,46722
278040175,46724
278047784,46703
278055612,46682
278063199,46669
278070999,46666
278078662,46662
278086452,46640
278094053,46638
278101917,46619
278109561,46618
278118066,46601
278125722,46588
278140515,46288
278148189,46280
278156147,46272
278163806,46270
278171648,46264
278179246,46251
278187062,46242
278194700,46242
278202552,46233
278210149,46225
278218007,46222
278225688,46228
278232538,46218
278240416,46206
278248017,46205
278261759,46079
278269575,46074
278277260,46066
278285135,46060
278292767,46059
278300710,46066
278308395,46071
278316231,46067
278323810,46065
278332336,46079
278339952,46082
278347806,46093
278355469,46089
278363333,46100
278377012,46202
278384686,46201
278392506,46207
278400092,46210
278407960,46208
278415559,46212
278423405,46209
278430972,46212
278438915,46217
278446570,46223
278454528,46222
278468803,46227
278476705,46234
278491317,46306
278499237,46299
278506832,46311
278513728,46311
278521596,46320
278529239,46326
278537069,46321
278545311,46321
278553215,46331
278560786,46328
278568660,46330
278576366,46331
278584298,46340
278591258,46352
278598916,46345
278606811,46494
278613715,46508
278621329,46504
278629236,46518
278636835,46514
278644703,46524
278652357,46530
278660257,46527
278667838,46536
278675676,46536
278683258,46543
278691141,46544
278698756,46549
278706555,46543
278714164,46563
278728847,46855
278736465,46851
278744317,46854
278751914,46863
278760385,46869
278768065,46867
278776067,46876
278783746,46880
278791686,46891
278799292,46902
278807241,46900
278814865,46912
278822740,46914
278829654,46918
278837294,46924
278845179,47110
278852027,47129
278859696,47135
278867488,47140
278875042,47144
278882895,47150
278890493,47155
278898392,47166
278905932,47162
278913781,47169
278921420,47185
278929292,47182
278936821,47184
278944748,47176
278952368,47183
278960269,47189
278968500,47468
278975369,47470
278983249,47477
278990844,47490
278997676,47494
279005487,47496
279013104,47501
279020948,47511
279028563,47520
279036396,47526
279043994,47530
279051846,47537
279059461,47543
279066306,47549
279074141,47561
279081747,47558
279089544,47557
279097183,47549
279105031,47546
279112712,47547
279120649,47538
279128326,47533
279136255,47528
279143872,47524
279151687,47514
279159325,47512
279167209,47501
279175396,47500
279183400,47502
279191003,47487
279198863,47476
279206465,47268
279212706,47261
279220461,47261
279228037,47254
279235889,47246
279243470,47236
279251361,47234
279258963,47220
279266809,47225
279274408,47216
279282261,47203
279289889,47196
279297732,47188
279304635,47188
279312249,47181
279320082,47172
279334601,47039
279342405,47040
279349973,47033
279357913,47035
279365617,47040
279373555,47033
279381218,47026
279389735,47029
279397390,47024
279405279,47027
279412878,47026
279420739,47026
279428352,47029
279436259,47023
279450708,47204
279458539,47210
279466105,47212
279473917,47222
279481490,47235
279489354,47247
279496965,47260
279504788,47278
279512439,47286
279520331,47291
279527882,47306
279535842,47316
279542764,47321
279550425,47334
279558370,47344
279566057,47600
279572903,47603
279580732,47622
279588341,47621
279596761,47639
279603618,47651
279611239,47653
279619041,47661
279626681,47663
279634535,47680
279642153,47695
279650009,47697
279657667,47710
279665490,47714
279673087,47725
279687800,48012
279695459,48025
279703369,48031
279717592,48044
279725544,48046
279733189,48055
279741023,48063
279748691,48076
279756562,48088
279764200,48103
279772129,48102
279779072,48119
279786788,48117
279794696,48126
279802356,48206
279808585,48203
279817159,48199
279824771,48198
279832604,48195
279840221,48186
279848067,48173
279855711,48163
279863550,48163
279871210,48153
279879022,48144
279886677,48142
279894485,48129
279902168,48115
279910030,48099
279924594,47524
279932435,47500
279940036,47481
279947859,47471
279955456,47445
279963390,47436
279970983,47414
279978828,47404
279986429,47387
279994282,47372
280001917,47356
280009776,47333
280016635,47325
280024825,47306
280032653,47290
280040283,46963
280047163,46959
280054993,46958
280062651,46948
280070492,46937
280078079,46921
280085907,46923
280093557,46913
280101420,46901
280109044,46893
280116921,46884
280124597,46875
280132406,46862
280139995,46859
280147825,46843
280162322,46705
280169202,46701
280177152,46696
280184815,46698
280192757,46703
280200348,46697
280208230,46700
280215855,46702
280223676,46698
280231920,46695
280239780,46701
280247410,46694
280254286,46705
280262145,46697
280269816,46701
280277604,46688
280285207,46689
280293063,46694
280300708,46698
280308526,46690
280316164,46692
280324011,46691
280331668,46685
280339472,46683
280347093,46690
280354937,46688
280362598,46691
280370425,46680
280378039,46682
280385911,46676
280393589,46674
280401393,46674
280407266,46677
280415104,46676
280422786,46677
280430701,46681
280438393,46691
280446907,46686
280454524,46683
280462355,46690
280469918,46690
280477734,46685
280485328,46693
280492207,46699
280500061,46683
280507691,46689
280515516,46698
280523172,46793
280530991,46804
280538653,46800
280546480,46799
280554129,46804
280562001,46807
280569694,46809
280577534,46820
280585104,46815
280592950,46820
280600590,46822
280608409,46828
280615994,46823
280623823,46832
280631475,46837
280639379,46893
280646275,46880
280654541,46884
280662401,46883
280669992,46883
280677819,46880
280685456,46877
280692373,46873
280700272,46868
280707868,46864
280715722,46860
280723339,46855
280730224,46846
280738057,46842
280745679,46839
280753504,46840
280761146,46693
280768009,46687
280775882,46694
280783488,46696
280791401,46694
280799014,46704
280806891,46698
280813758,46700
280821403,46712
280829260,46702
280836854,46700
280844704,46703
280852367,46703
280860239,46690
280868497,46704
280883289,46725
280890916,46723
280898723,46720
280906384,46718
280914280,46712
280921870,46711
280928732,46699
280936583,46695
280944194,46694
280952028,46685
280966317,46675
280974277,46669
280981886,46656
280989742,46658
280997382,45025
281004263,44803
281012094,44594
281019742,44349
281027580,44084
281035308,43810
281043222,43532
281050899,43259
281058856,42973
281066432,42657
281074315,42330
281082642,42005
281090442,41674
281098109,41358
281105985,41069
281120577,36941
281127478,37039
281135339,37170
281142922,37320
281150766,37496
281158334,37688
281166146,37888
281173786,38113
281181652,38347
281189343,38584
281197284,38857
281204215,39130
281211828,39433
281219675,39734
281227269,40035
281235178,44909
281242792,44942
281250654,44969
281258292,44992
281266094,45016
281273721,45033
281281603,45058
281289083,45084
281297002,45102
281304623,45124
281312477,45140
281320057,45150
281327909,45175
281335482,45186
281343338,45205
281358088,45512
281364955,45526
281372552,45531
281380392,45538
281387983,45540
281395815,45548
281403486,45551
281411375,45553
281418984,45564
281426825,45565
281434489,45572
281442356,45578
281449949,45576
281457926,45586
281465611,45580
281473510,45548
281481182,45558
281488062,45553
281495936,45560
281504181,45554
281512023,45561
281519654,45564
281527499,45564
281535080,45559
281542923,45564
281550498,45568
281558379,45569
281565255,45573
281572852,45567
281580659,45579
281588305,45567
281596148,45556
281603009,45567
281610626,45558
281618440,45560
281626011,45565
281633879,45566
281641485,45563
281649378,45568
281656950,45563
281664826,45556
281672460,45564
281680295,45563
281687909,45564
281695784,45560
281703425,45564
281718756,45568
281726364,45566
281734229,45567
281741798,45571
281749563,45567
281757230,45579
281765086,45574
281771972,45577
281779593,45565
281787434,45573
281795047,45567
281801924,45564
281809702,45563
281817307,45564
281825186,45570
281832843,45583
281840660,45586
281848281,45587
281856102,45596
281863729,45599
281871565,45601
281879182,45599
281887041,45610
281893959,45603
281901615,45604
281909427,45613
281917588,45608
281925487,45613
281933099,45618
281940893,45621
281948477,45623
281956418,45686
281963292,45682
281970878,45693
281978721,45688
281986360,45683
281994197,45683
282001841,45690
282009648,45692
282017262,45695
282025089,45686
282032779,45690
282039600,45683
282047441,45699
282055048,45687
282062856,45690
282070462,45693
282078319,45753
282085955,45743
282093786,45751
282101400,45745
282109302,45742
282116883,45736
282124751,45745
282132168,45745
282139760,45747
282147590,45744
282155212,45748
282163076,45741
282170733,45749
282178503,45755
282186092,45758
282207420,45784
282215050,45781
282222958,45790
282230632,45780
282238469,45789
282246111,45782
282253945,45780
282261570,45780
282269455,45783
282276329,45783
282283895,45783
282291761,45778
282299376,45786
282314134,45780
282321763,45784
282328622,45778
282336450,45779
282344597,45785
282352452,45780
282360054,45781
282367927,45786
282375531,45782
282383389,45780
282391089,45780
282398932,45772
282406513,45774
282414377,45773
282421912,45771
282429762,45784
282437372,45774
282443588,45780
282451449,45784
282459109,45782
282466967,45778
282474608,45772
282482452,45776
282490069,45765
282497938,45771
282505558,45773
282513415,45770
282520997,45768
282528886,45769
282536516,45757
282544367,45758
282552477,45733
282560399,45741
282568002,45737
282575864,45744
282583515,45746
282591394,45736
282598958,45751
282606768,45741
282613620,45741
282621228,45739
282629088,45740
282636011,45738
282643680,45743
282651463,45752
282659077,45746
282666935,45748
282674503,45734
282681409,45732
282689282,45736
282696849,45733
282704668,45728
282712323,45719
282720184,45726
282727839,45721
282734732,45713
282742523,45706
282750135,45709
282757999,45710
282766285,45706
282774107,45700
282781785,45704
282789647,45627
282797257,45624
282804116,45628
282811948,45629
282819517,45627
282827394,45629
282835007,45618
282842888,45626
282849754,45618
282857382,45617
282865227,45610
282872775,45608
282880568,45611
282888126,45618
282895967,45613
282903637,45604
282911467,45618
282919081,45629
282926928,45619
282934525,45620
282942398,45626
282950016,45621
282957895,45615
282965490,45613
282973989,45607
282981649,45613
282989506,45603
282996425,45620
283004073,45616
283011911,45615
283019568,45618
283027398,45629
283035011,45605
283041879,45597
283049712,45597
283057382,45598
283065254,45591
283072851,45585
283080677,45576
283088324,45578
283096140,45576
283103789,45570
283111556,45562
283119196,45556
283127045,45558
283134653,45638
283142455,45550
283156878,45507
283164682,45511
283172290,45505
283180134,45507
283188347,45510
283196216,45514
283203789,45512
283211549,45509
283219196,45501
283227085,45513
283233996,45516
283241616,45513
283249489,45510
283257113,45514
283264936,45513
283272537,45532
283280382,45535
283287288,45548
283294865,45535
283302654,45539
283310268,45541
283318103,45540
283325730,45538
283333557,45538
283341216,45541
283349056,45533
283356769,45533
283364537,45531
283372148,45528
283379984,45524
283387604,45527
283396127,45491
283403018,45506
283410670,45497
283418465,45498
283426005,45504
283433868,45508
283441482,45518
283455258,45511
283462918,45508
283469767,45509
283477601,45506
283485209,45515
283493074,45502
283500752,45505
283508606,45540
283516249,45535
283523134,45547
283530988,45537
283538609,45534
283546462,45544
283554034,45537
283561882,45540
283569505,45547
283577404,45550
283584963,45550
283592839,45555
283600435,45557
283608913,45565
283616534,45566
283631315,45630
283638989,45633
283646852,45629
283654466,45627
283662369,45629
283669926,45636
283677728,45642
283685325,45652
283693200,45647
283700847,45648
283707726,45657
283715606,45658
283723214,45657
283731071,45657
283738690,45659
283746464,45780
283754042,45778
283760261,45779
283768108,45788
283775780,45792
283783544,45799
283791186,45804
283799071,45804
283806738,45809
283814500,45817
283822765,45823
283830581,45828
283838206,45823
283846052,45826
283853741,45839
283861601,45832
283869164,46061
283876050,46059
283883874,46064
283891510,46066
283899418,46072
283907068,46082
283914873,46087
283922471,46095
283930326,46106
283937942,46106
283944778,46115
283952533,46125
283960165,46125
283967992,46129
283975574,46132
283983428,46143
283991025,46242
283998905,46252
284006519,46251
284014426,46254
284021952,46250
284030398,46248
284037935,46245
284045820,46244
284053418,46249
284060305,46256
284068133,46248
284075764,46245
284083567,46255
284091167,46247
284099054,46251
284113540,46219
284121402,46221
284128956,46217
284136755,46212
284144388,46210
284152271,46215
284159905,46215
284167746,46212
284175362,46221
284182178,46200
284190043,46213
284197666,46207
284205518,46207
284213114,46206
284220961,46201
284228573,46158
284237065,46167
284243951,46154
284251579,46159
284259444,46150
284267049,46153
284274906,46146
284282516,46142
284290417,46149
284297267,46142
284304199,46134
284311800,46135
284319617,46136
284327204,46131
284335030,46131
284342630,46135
284350509,46037
284358122,46028
284365995,46027
284373636,46022
284381488,46015
284389149,46013
284396976,46010
284404634,46014
284412426,46010
284419268,46008
284426849,46012
284434641,46012
284442249,46009
284450668,46000
284458300,46001
284472981,45952
284480606,45942
284488496,45937
284496094,45945
284503948,45948
284511576,45939
284519515,45936
284527083,45929
284534921,45928
284542519,45928
284550405,45931
284558010,45921
284565884,45922
284573514,45914
284581401,45905
284589023,45891
284595859,45886
284603667,45889
284611274,45890
284619191,45890
284626832,45883
284634608,45884
284642218,45896
284650073,45879
284658319,45882
284665196,45892
284673051,45884
284680672,45892
284695164,45889
284709760,45939
284717623,45946
284724431,45948
284732022,45958
284739826,45952
284747427,45954
284755284,45956
284762929,45960
284770788,45962
284777645,45961
284785282,45968
284793120,45958
284800753,45962
284808533,45963
284816129,45968
284823996,46027
284831642,46028
284839493,46026
284847111,46029
284854951,46033
284862555,46041
284870382,46045
284878640,46046
284886496,46049
284893404,46052
284901023,46061
284908855,46059
284916483,46069
284924369,46067
284931919,46074
284939775,46083
284947381,46191
284954255,46200
284962130,46203
284969772,46210
284977628,46199
284985260,46208
284993102,46213
285000752,46212
285008535,46217
285015395,46228
285023056,46217
285030926,46225
285038545,46234
285046411,46225
285054000,46229
285061811,46237
285069431,46152
285077280,46158
285084722,46153
285092359,46157
285100236,46155
285107828,46154
285115622,46146
285123245,46143
285131065,46150
285137903,46151
285145487,46145
285153348,46154
285160958,46148
285168814,46143
285176421,46144
285191169,46153
285198792,46154
285206586,46141
285214158,46138
285222011,46150
285229595,46144
285237449,46155
285245037,46148
285252874,46152
285260503,46150
285268354,46155
285275882,46156
285283692,46153
285291828,46158
285299720,46156
285307349,46144
285314208,46133
285322112,46133
285329767,46137
285337577,46136
285345185,46136
285352960,46146
285360661,46141
285368531,46131
285375422,46143
285383013,46130
285390849,46129
285398486,46132
285406327,46125
285413958,46136
285421774,46128
285429379,46166
285437257,46156
285444119,46161
285451780,46167
285459637,46154
285467268,46152
285475103,46150
285482795,46146
285490629,46142
285497498,46131
285505784,46128
285513610,46124
285521229,46128
285529115,46124
285536777,46113
285551476,46110
285559143,46114
285566996,46115
285574677,46107
285582490,46121
285590095,46113
285597895,46111
285605501,46125
285613395,46124
285620969,46128
285628831,46133
285636441,46129
285644349,46123
285651926,46134
285659748,46129
285667342,46153
285674199,46147
285682025,46156
285689660,46161
285697468,46154
285705075,46167
285713461,46163
285721085,46166
285728931,46164
285735775,46173
285743417,46160
285751344,46165
285758920,46169
285766789,46168
285774450,46183
285782375,46175
285789974,46213
285797811,46220
285804718,46211
285812319,46217
285820166,46218
285827837,46219
285835682,46216
285843304,46220
285851122,46215
285858784,46224
285866590,46226
285874164,46224
285882038,46224
285889703,46223
285897477,46219
285911890,46275
285919747,46268
285927959,46271
285942424,46274
285950073,46276
285957944,46277
285965564,46280
285972453,46282
285979334,46273
285987212,46274
285994880,46276
286002695,46273
286010317,46264
286018143,46272
286025811,46188
286032681,46185
286040530,46186
286048121,46182
286055989,46180
286063615,46174
286071454,46166
286078996,46170
286086813,46169
286094423,46166
286102324,46171
286109931,46157
286117792,46155
286125402,46152
286133272,46152
286148447,46103
286156346,46112
286163249,46112
286170914,46113
286178800,46103
286186439,46111
286194336,46107
286201890,46108
286208753,46110
286216532,46106
286224144,46109
286231972,46113
286239591,46102
286247481,46113
286255102,46110
286262948,46121
286270561,46108
286278428,46112
286286023,46106
286293886,46109
286301472,46116
286309345,46114
286316941,46113
286324767,46105
286332374,46115
286340230,46107
286348440,46109
286356397,46114
286364002,46110
286371919,46103
286386387,46119
286393233,46121
286401097,46118
286408695,46126
286416530,46122
286424158,46122
286432025,46122
286439666,46123
286447506,46134
286455133,46129
286462962,46131
286470540,46138
286478426,46135
286485989,46137
286493844,46140
286501473,46159
286509396,46165
286516967,46170
286523785,46178
286531624,46172
286539190,46175
286547002,46175
286554593,46180
286563151,46178
286570057,46170
286577682,46181
286585519,46190
286593117,46179
286600960,46182
286608552,46178
286616454,46185
286624086,46221
286630947,46225
286638820,46235
286646489,46233
286654379,46230
286661913,46238
286669682,46230
286677283,46234
286685143,46237
286692814,46230
286700594,46232
286707433,46233
286715051,46235
286722891,46235
286730484,46229
286738341,46231
286745939,46267
286753762,46266
286761415,46267
286769867,46274
286777507,46268
286785400,46263
286792974,46263
286800834,46265
286807685,46268
286815316,46275
286823181,46275
286830820,46273
286838663,46278
286846316,46276
286854132,46265
286868663,46299
286876523,46301
286883398,46299
286890962,46303
286898834,46303
286906481,46302
286914361,46297
286921932,46298
286929736,46299
286937350,46298
286945147,46302
286952031,46301
286959670,46306
286967508,46307
286975086,46315
286983537,46233
286991131,46231
286998966,46225
287006534,46217
287014395,46213
287022010,46215
287029891,46208
287037534,46198
287045407,46188
287052975,46188
287060789,46185
287067621,46178
287075256,46177
287083097,46169
287090758,46173
287098535,46170
287106150,46080
287114021,46079
287121641,46081
287129473,46075
287137061,46069
287144895,46077
287152521,46074
287160390,46061
287167270,46066
287181472,46067
287189378,46063
287197681,46059
287205519,46071
287213099,46055
287227820,46043
287234714,46038
287241605,46049
287249178,46043
287257158,46044
287264822,46037
287272568,46043
287280143,46031
287287959,46028
287295589,46033
287303458,46027
287311050,46024
287318885,46027
287326476,46012
287334370,46008
287341936,45963
287349732,45954
287357402,45958
287365275,45958
287372878,45964
287380686,45966
287388346,45960
287396202,45967
287403096,45965
287411345,45965
287419174,45961
287426076,45957
287433687,45965
287441554,45962
287449173,45968
287457015,45965
287464602,45923
287471502,45920
287479363,45922
287486974,45924
287494807,45930
287502468,45930
287510365,45929
287517994,45922
287525855,45925
287533478,45923
287541366,45921
287548163,45927
287555823,45931
287563628,45919
287571232,45924
287579118,45924
287586777,45911
287594562,45898
287602134,45914
287609979,45913
287618188,45918
287626015,45913
287633618,45911
287640550,45919
287648455,45912
287656050,45920
287663851,45919
287671437,45920
287679274,45926
287686908,45921
287694737,45923
287709257,45958
287717096,45967
287723986,45959
287731555,45943
287739424,45946
287746960,45948
287754796,45946
287762407,45947
287770288,45949
287777865,45955
287784725,45952
287792568,45960
287800166,45952
287808008,45953
287815633,45951
287823535,46001
287831819,46002
287839681,45999
287847317,46002
287855201,46009
287862797,46007
287870604,46004
287878219,46002
287886115,46014
287893804,46013
287900650,46015
287908508,46013
287916096,46009
287923962,46013
287931570,46013
287939454,46018
287947019,46056
287953873,46059
287961698,46062
287969315,46053
287977142,46059
287984805,46054
287992643,46059
288000294,46049
288008131,46049
288015768,46051
288023586,46045
288031210,46047
288039563,46052
288047163,46046
288055003,46052
288062674,45991
288070558,45992
288078189,45988
288085070,45994
288092935,45985
288100582,45985
288108470,45982
288116065,45986
288122941,45994
288130753,45988
288138408,45983
288146289,45981
288153919,45983
288161796,45984
288169415,45995
288177277,45991
288184876,46027
288192641,46036
288200209,46030
288208026,46033
288215633,46041
288223530,46047
288231122,46037
288237985,46037
288246476,46035
288254058,46036
288261920,46037
288269552,46035
288277404,46029
288284982,46032
288292853,46029
288307355,46046
288315203,46050
288322836,46036
288330596,46038
288338174,46043
288346009,46046
288353625,46044
288361486,46046
288369111,46046
288377007,46044
288384639,46045
288392472,46046
288400056,46047
288407838,46047
288415465,46050
288428971,46088
288436866,46091
288443766,46089
288451393,46089
288459284,46082
288467527,46087
288474411,46080
288482202,46071
288489866,46082
288497732,46081
288505374,46083
288513207,46085
288520881,46085
288528758,46079
288543224,46110
288551034,46116
288558713,46114
288566562,46114
288574204,46118
288582078,46116
288589709,46115
288597532,46125
288605107,46126
288612938,46126
288620548,46130
288628453,46132
288636019,46129
288643833,46142
288651476,46141
288659331,46192
288666905,46192
288675362,46188
288682206,46187
288689810,46183
288697631,46193
288705247,46194
288712115,46193
288719950,46180
288727549,46189
288735448,46195
288743043,46189
288750838,46186
288758479,46184
288766371,46193
288773911,46196
288781780,46244
288788701,46244
288796291,46238
288804101,46245
288811729,46239
288819557,46248
288827149,46251
288835007,46242
288842612,46246
288850500,46240
288858100,46249
288865920,46250
288873536,46258
288882047,46256
288889715,46252
288904423,46284
288911982,46284
288919811,46281
288927444,46284
288935293,46280
288942926,46281
288949763,46270
288957647,46270
288965254,46268
288973102,46267
288980767,46261
288988537,46257
288996113,46265
289003887,46255
289011459,46265
289019345,46195
289026930,46196
289034738,46183
289041583,46185
289049202,46196
289057043,46195
289064629,46193
289072482,46188
289080072,46192
289087926,46196
289096078,46193
289103933,46195
289110820,46199
289118454,46192
289126325,46197
289133923,46191
289141711,46193
289149329,46196
289157150,46198
289164788,46203
289172689,46195
289180367,46205
289188268,46197
289195901,46186
289203687,46190
289211291,46189
289219137,46194
289226801,46202
289234629,46198
289242240,46204
289250155,46200
289264716,46133
289271606,46117
289279456,46120
289287047,46117
289294865,46120
289303014,46118
289309909,46109
289317777,46120
289325381,46124
289333219,46123
289340851,46123
289348643,46120
289356320,46125
289364160,46122
289371821,46130
289379689,46181
289387334,46180
289395143,46187
289401994,46181
289409573,46184
289417464,46183
289425057,46182
289432868,46180
289440484,46179
289448366,46179
289455981,46175
289463816,46171
289471421,46176
289479220,46173
289486881,46178
289494753,46172
289502366,46197
289510186,46190
289517826,46201
289525634,46198
289533248,46202
289541120,46209
289548014,46205
289555616,46212
289563506,46212
289571093,46207
289578954,46221
289586547,46222
289594410,46225
289601954,46215
289609771,46213
289624222,46272
289632083,46272
289639766,46270
289647605,46278
289655211,46273
289669652,46276
289677482,46267
289685136,46282
289693046,46279
289700683,46284
289708553,46281
289715449,46291
289723623,46282
289738415,46296
289746008,46297
289753893,46299
289760792,46307
289768404,46303
289776296,46303
289783189,46314
289790855,46311
289798691,46312
289806306,46316
289814152,46314
289821832,46314
289829678,46318
289836545,46314
289844122,46312
289858841,46361
289866448,46364
289874316,46378
289881904,46369
289889757,46377
289897378,46377
289904246,46371
289912099,46373
289919792,46373
289927586,46378
289935759,46376
289943578,46378
289951189,46373
289959045,46379
289966636,46380
289974499,46302
289982083,46299
289988957,46291
289996799,46296
290004425,46299
290012274,46290
290019164,46288
290026814,46290
290034622,46284
290042253,46281
290050161,46279
290057802,46281
290065562,46277
290073162,46274
290081021,46266
290095543,46253
290103430,46250
290110304,46253
290117917,46254
290125720,46249
290133327,46253
290141176,46254
290149402,46256
290157285,46261
290164948,46261
290172785,46251
290180452,46264
290188375,46261
290195949,46259
290203786,46254
290211399,46224
290219225,46229
290226107,46222
290233725,46222
290241553,46222
290249174,46222
290257007,46219
290264582,46220
290272453,46217
290279985,46221
290287793,46217
290295427,46215
290303270,46216
290310889,46214
290318690,46221
290326255,46213
290334098,46240
290341762,46234
290349606,46233
290357858,46235
290364733,46244
290372600,46239
290379486,46235
290387073,46218
290394926,46231
290402570,46237
290410387,46231
290418062,46239
290425911,46242
290433590,46242
290441504,46237
290455942,46231
290463714,46238
290471348,46234
290479152,46240
290486818,46244
290494620,46237
290502238,46247
290510095,46240
290517760,46239
290525590,46244
290533201,46240
290541019,46241
290548627,46240
290556481,46233
290563998,46236
290571899,46265
290579561,46255
290586467,46264
290594329,46258
290601966,46250
290609811,46259
290616685,46253
290624290,46262
290632140,46266
290639779,46264
290647592,46254
290655203,46255
290663021,46254
290670631,46264
290678495,46256
290686098,46262
290693960,46255
290701610,46253
290709486,46256
290717069,46259
290723918,46256
290731733,46255
290739324,46256
290747175,46263
290754840,46255
290762693,46251
290770336,46254
290778744,46250
290786380,46260
290794192,46256
290801821,46259
290816520,46283
290824115,46280
290831943,46283
290839598,46286
290847541,46279
290854384,46280
290861933,46285
290869690,46288
290877274,46293
290885103,46295
290892714,46288
290900554,46291
290915031,46290
290922684,46294
290930582,46346
290938227,46338
290945076,46347
290952939,46338
290960576,46301
290968438,46341
290976059,46344
290983912,46338
290992189,46342
291000050,46338
291007685,46335
291015505,46340
291023077,46337
291030889,46339
291038551,46327
291052579,46246
291060196,46245
291068002,46240
291075640,46247
291083504,46244
291090428,46245
291098049,46235
291105899,46241
291113518,46245
291121429,46244
291128983,46238
291136806,46240
291144442,46238
291152300,46250
291159942,46252
291167774,46269
291175446,46257
291182352,46257
291190285,46253
291198514,46246
291206461,46255
291214109,46256
291221979,46249
291229595,46257
291237456,46254
291245033,46244
291252876,46251
291260500,46247
291268377,46251
291275985,46243
291290692,46223
291298356,46222
291306188,46226
291313854,46220
291320745,46227
291328572,46227
291336150,46230
291343973,46229
291351620,46228
291359529,46226
291367089,46237
291374963,46233
291382582,46236
291390470,46233
291397990,46240
291405812,46280
291413999,46272
291420880,46273
291428685,46279
291436334,46283
291444171,46286
291451054,46282
291458728,46275
291466567,46278
291474137,46281
291481944,46290
291489601,46290
291497488,46292
291505110,46287
291512968,46293
291520562,46297
291528441,46334
291535975,46335
291543811,46342
291551487,46336
291559344,46338
291566943,46338
291574775,46342
291582398,46340
291590199,46351
291597842,46357
291605622,46348
291613252,46359
291621635,46357
291629242,46359
291637104,46364
291651714,46404
291659578,46395
291667191,46398
291675081,46405
291681959,46397
291689594,46398
291697473,46401
291705056,46412
291712921,46401
291720566,46408
291728433,46410
291736003,46413
291743822,46412
291751435,46412
291759318,46413
291766971,46420
291773854,46426
291781700,46432
291789341,46418
291797158,46428
291804767,46428
291812543,46432
291820153,46428
291828520,46439
291836127,46436
291843994,46438
291851619,46436
291859461,46433
291867043,46434
291874906,46445
291889452,46408
291897380,46407
291904973,46411
291912819,46414
291919679,46410
291926534,46415
291934056,46407
291941876,46416
291949535,46411
291957421,46413
291965012,46414
291972894,46414
291980548,46411
291988439,46408
291995985,46400
292010623,46322
292017521,46320
292024360,46315
292031944,46304
292039423,46312
292046371,46308
292054185,46308
292061861,46307
292069688,46300
292077300,46304
292085166,46302
292092783,46293
292100590,46296
292108202,46297
292116072,46286
292123643,46255
292131508,46262
292139162,46254
292146999,46256
292161468,46259
292169105,46257
292176972,46262
292184594,46256
292192474,46259
292200040,46260
292207857,46257
292215474,46261
292223369,46252
292230978,46260
292245599,46217
292252476,46209
292259931,46213
292267788,46201
292275395,46200
292282207,46244
292290062,46201
292297719,46205
292305554,46205
292313177,46194
292321036,46200
292328654,46190
292336502,46200
292344105,46191
292351945,46193
292359577,46188
292367455,46187
292374296,46194
292381920,46190
292389711,46188
292397353,46185
292405186,46184
292412816,46182
292420602,46189
292428227,46189
292436056,46193
292443651,46192
292451511,46189
292459148,46193
292467594,46190
292475224,46188
292483093,46185
292489993,46177
292496879,46185
292504474,46188
292512321,46179
292519198,46193
292526864,46197
292534692,46191
292542316,46189
292550136,46193
292557759,46182
292565623,46190
292573217,46192
292581105,46202
292588769,46197
292596583,46200
292604162,46242
292611034,46240
292617919,46243
292625745,46249
292633366,46251
292641225,46258
292648908,46247
292656716,46261
292664317,46264
292672120,46258
292680356,46255
292688220,46263
292695898,46258
292703685,46260
292711297,46260
292719168,46262
292726816,46301
292733672,46302
292741548,46301
292749129,46299
292757060,46300
292764699,46303
292772564,46311
292780133,46304
292788025,46303
292795601,46301
292803436,46305
292811008,46311
292818892,46313
292826510,46310
292834380,46313
292848135,46364
292855777,46361
292863597,46363
292871235,46360
292879103,46362
292887304,46372
292895206,46368
292902895,46370
292910729,46367
292918339,46373
292926185,46376
292933871,46372
292941732,46379
292949353,46377
292957162,46368
292964081,46372
292971767,46371
292979574,46380
292987159,46365
292995033,46367
293001933,46367
293009546,46371
293017436,46360
293025002,46354
293032823,46353
293040464,46342
293048328,46340
293055964,46341
293063736,46334
293071367,46332
293079197,46327
293086852,46241
293094593,46231
293102231,46241
293110072,46236
293116977,46235
293124568,46236
293132434,46237
293140018,46229
293147815,46231
293155438,46232
293163318,46226
293170953,46230
293178792,46225
293186416,46224
293194338,46230
293208842,46200
293216623,46197
293224245,46191
293232090,46185
293239729,46190
293247586,46183
293255158,46188
293263007,46187
293270592,46184
293278492,46181
293286073,46179
293293914,46181
293302110,46181
293310047,46187
293317677,46183
293325533,46152
293332374,46144
293339996,46143
293347839,46146
293354761,46145
293361589,46143
293369132,46143
293377019,46145
293384640,46151
293392524,46146
293406958,46146
293414647,46152
293422611,46146
293430224,46156
293444965,46153
293452630,46145
293460506,46151
293468055,46145
293475886,46150
293483519,46148
293491415,46140
293498966,46151
293506778,46150
293514414,46141
293522893,46149
293530520,46143
293538355,46140
293545972,46150
293553814,46152
293561431,46171
293567543,46162
293575454,46161
293583023,46166
293590853,46173
293597670,46166
293605267,46168
293613129,46177
293620774,46167
293628621,46168
293636207,46166
293644041,46165
293651706,46170
293659555,46167
293667157,46162
293675008,46174
293682636,46195
293688834,46185
293696654,46198
293704275,46201
293711179,46204
293718058,46199
293725911,46195
293734152,46211
293741992,46206
293749641,46210
293757576,46195
293765209,46212
293773062,46200
293780661,46213
293788547,46209
293796133,46206
293803952,46215
293811557,46215
293819464,46216
293826392,46213
293834023,46212
293841906,46216
293849510,46217
293857395,46209
293864966,46215
293872734,46209
293880316,46211
293888207,46214
293895894,46211
293903647,46208
293911233,46214
293919141,46214
293925996,46247
293933600,46241
293942108,46247
293949718,46248
293957605,46257
293965185,46247
293973027,46246
293980650,46249
293988570,46250
293996156,46246
294003997,46247
294011625,46255
294019508,46247
294027082,46255
294034935,46260
294049447,46244
294057272,46240
294064213,46237
294071880,46226
294079692,46231
294087321,46229
294095163,46214
294102806,46212
294110626,46211
294118243,46212
294126086,46207
294133717,46205
294141541,46196
294149784,46196
294157674,46193
294164555,46160
294171455,46154
294179067,46153
294186919,46154
294193810,46140
294201414,46144
294209234,46151
294216881,46145
294224766,46154
294232371,46151
294240213,46156
294247896,46149
294255778,46155
294263382,46150
294271249,46150
294278899,46150
294285742,46142
294292615,46144
294300489,46144
294308063,46141
294314922,46137
294322730,46142
294330361,46143
294338222,46145
294345913,46146
294353677,46137
294361906,46136
294369744,46134
294377375,46133
294385222,46151
294392855,46137
294400659,46124
294408289,46151
294416137,46137
294423753,46148
294430671,46147
294438546,46145
294446140,46155
294453965,46155
294461573,46153
294469479,46153
294477083,46152
294484930,46157
294492540,46158
294500448,46153
294508041,46150
294515886,46163
294522728,46157
294530331,46178
294538143,46178
294545032,46184
294552680,46183
294560582,46182
294568752,46178
294576650,46184
294584243,46177
294592082,46185
294599655,46181
294607533,46180
294615155,46185
294622983,46185
294630648,46185
294638550,46188
294652085,46235
294659003,46234
294666620,46239
294674490,46235
294682046,46245
294689904,46247
294697513,46242
294705387,46244
294712972,46234
294720855,46252
294728491,46243
294736334,46242
294743939,46244
294751695,46246
294758598,46252
294772354,46278
294779257,46284
294787551,46284
294795465,46286
294803083,46280
294810920,46279
294818547,46283
294826444,46283
294834042,46286
294841912,46288
294849519,46295
294857430,46291
294865023,46285
294872825,46285
294879671,46291
294887262,46331
294895129,46328
294902778,46332
294909739,46330
294917597,46335
294925192,46340
294933069,46330
294940704,46341
294948564,46342
294956189,46342
294964028,46343
294971635,46343
294979520,46342
294987073,46343
294994911,46345
295010339,46368
295017219,46371
295024890,46369
295032744,46369
295040471,46359
295048339,46369
295056001,46357
295063780,46362
295071384,46356
295079200,46347
295086847,46350
295094649,46346
295102260,46344
295110108,46338
295116956,46337
295131442,46256
295139265,46260
295146907,46254
295154720,46252
295162326,46251
295170186,46244
295177822,46242
295185640,46243
295193233,46241
295201091,46246
295209313,46248
295217138,46236
295224807,46237
295232690,46230
295247163,46217
295255047,46213
295262669,46215
295270522,46215
295278151,46216
295285996,46216
295293606,46222
295301505,46215
295309073,46219
295316941,46221
295324532,46218
295332383,46211
295340001,46214
295347797,46216
295355438,46201
295363287,46156
295370931,46151
295377805,46156
295385688,46148
295392557,46153
295400104,46156
295407917,46145
295416019,46151
295423891,46152
295431489,46154
295439361,46163
295447013,46154
295454849,46149
295462436,46158
295470238,46153
295477910,46179
295485738,46175
295492621,46176
295500213,46181
295508048,46176
295515705,46174
295523582,46174
295531160,46180
295538999,46188
295546615,46175
295554499,46185
295562090,46181
295569932,46177
295577551,46176
295585430,46184
295593025,46182
295600856,46205
295608446,46204
295616252,46219
295624545,46216
295631465,46202
295639263,46215
295646891,46204
295654769,46212
295662393,46212
295670218,46223
295677823,46221
295685643,46226
295693267,46233
295701069,46226
295708726,46236
295715624,46228
295723463,46276
295730306,46281
295737926,46281
295745764,46278
295753357,46287
295761200,46287
295768808,46288
295776603,46284
295784222,46295
295792108,46296
295799696,46284
295807560,46293
295815181,46288
295823032,46298
295830620,46291
295845956,46332
295853571,46342
295861471,46340
295869015,46336
295876837,46346
295891055,46343
295898934,46342
295906640,46355
295914512,46350
295922117,46353
295929993,46353
295937623,46355
295945478,46346
295959186,46398
295966034,46412
295973666,46408
295981568,46406
295988473,46411
295996031,46410
296003865,46410
296011489,46411
296019364,46412
296027005,46414
296034770,46421
296042399,46413
296050269,46418
296058544,46426
296066394,46415
296073989,46431
296081768,46422
296089370,46424
296097204,46430
296104882,46426
296112698,46417
296120275,46424
296128161,46419
296135818,46415
296143625,46405
296151224,46403
296159084,46401
296166699,46398
296174585,46392
296182164,46389
296190050,46388
296197643,46289
296204518,46283
296212361,46293
296219999,46285
296226907,46282
296234759,46283
296242488,46280
296250405,46288
296258071,46280
296266653,46275
296274256,46274
296282132,46272
296289777,46278
296297586,46277
296305152,46273
296312006,46267
296319810,46234
296327425,46236
296335234,46231
296342166,46228
296349724,46229
296357600,46230
296365186,46223
296373031,46225
296380653,46218
296388544,46210
296396144,46216
296403964,46215
296411557,46210
296419408,46214
296427027,46206
296434839,46181
296442438,46186
296450255,46177
296457929,46184
296465769,46177
296473965,46179
296481752,46178
296489419,46176
296497253,46177
296504931,46182
296512733,46175
296520381,46178
296528204,46178
296535828,46174
296543619,46180
296550520,46181
296558115,46180
296564961,46179
296572701,46177
296580317,46174
296586442,46179
296593981,46170
296601762,46180
296609341,46175
296617203,46176
296624856,46178
296632674,46176
296640325,46173
296648231,46181
296655853,46169
296663709,46175
296677495,46185
296685084,46189
296692957,46187
296700580,46186
296707478,46188
296715314,46186
296722951,46188
296730760,46190
296738332,46187
296746232,46184
296753876,46200
296761667,46190
296769293,46197
296777171,46198
296784783,46188
296792641,46217
296799497,46209
296807022,46211
296814792,46208
296822457,46214
296830314,46210
296837971,46211
296845796,46215
296853425,46213
296861268,46219
296868925,46220
296876742,46216
296884341,46223
296892861,46209
296900502,46213
296908373,46216
296915973,46185
296923874,46187
296931484,46196
296939370,46192
296946196,46195
296953817,46203
296961681,46195
296969285,46207
296977143,46202
296984758,46201
296992630,46209
297000192,46208
297008074,46204
297015709,46206
297023615,46210
297037396,46237
297045009,46246
297052862,46238
297060463,46241
297068254,46244
297075906,46249
297083667,46247
297091254,46247
297099145,46253
297107361,46251
297115250,46244
297122841,46247
297137288,46262
297144157,46250
297152078,46300
297159719,46293
297167583,46302
297175211,46300
297182082,46291
297188957,46292
297196779,46290
297204360,46291
297212211,46280
297219833,46285
297227665,46285
297235296,46284
297243209,46282
297250865,46277
297258684,46271
297265541,46276
297273127,46186
297279984,46174
297287782,46179
297295346,46184
297302217,46178
297309100,46184
297316954,46177
297325096,46183
297332872,46180
297340493,46177
297348375,46174
297356015,46181
297363874,46179
297371512,46182
297379328,46180
297386987,46179
297394804,46161
297402424,46158
297410277,46158
297417935,46160
297425737,46165
297433327,46167
297441218,46164
297448817,46158
297456655,46155
297464253,46160
297472073,46154
297479685,46162
297487525,46161
297495114,46155
297501951,46143
297516632,46136
297524256,46141
297532720,46131
297540325,46136
297548129,46133
297555745,46138
297563648,46136
297571246,46136
297579073,46139
297586680,46139
297594526,46142
297602071,46142
297609882,46139
297617493,46136
297625319,46136
297632983,46169
297639855,46170
297647645,46164
297655256,46173
297663060,46161
297670638,46168
297678508,46170
297686102,46170
297693925,46174
297701546,46173
297709393,46167
297717022,46169
297724855,46175
297732456,46172
297740823,46171
297754535,46187
297762132,46186
297769978,46189
297777589,46195
297785530,46186
297793119,46185
297800983,46188
297808590,46198
297816467,46193
297824049,46198
297831882,46203
297839519,46199
297847383,46205
297855029,46206
297862871,46205
297870499,46266
297878391,46274
297886004,46276
297893884,46274
297900737,46277
297908357,46278
297916237,46277
297923896,46271
297931747,46271
297939369,46273
297947752,46268
297955399,46275
297963252,46282
297970889,46268
297978780,46277
297985678,46280
297992543,46287
298000113,46289
298007889,46300
298015512,46290
298023374,46295
298031034,46295
298038898,46299
298046560,46299
298054432,46301
298062045,46302
298069814,46309
298077375,46306
298085228,46319
298092877,46319
298100685,46319
298108320,46319
298116176,46375
298123788,46380
298131611,46399
298138468,46386
298146053,46394
298153851,46400
298162090,46402
298169904,46405
298177555,46402
298185428,46410
298193018,46414
298200780,46408
298208348,46419
298216193,46420
298223065,46421
298237518,46371
298245416,46364
298253003,46366
298259859,46364
298267662,46357
298275242,46343
298283032,46347
298290676,46344
298298559,46343
298306121,46344
298314006,46328
298321599,46328
298329495,46332
298337058,46324
298343896,46318
298358592,46258
298366752,46255
298381327,46253
298389291,46252
298396199,46248
298403832,46253
298411665,46242
298419289,46249
298427195,46239
298434837,46242
298442745,46240
298450344,46245
298457249,46238
298472007,46213
298479582,46206
298487420,46206
298494294,46215
298501922,46201
298509703,46205
298516549,46202
298524143,46201
298531933,46203
298539540,46194
298547429,46196
298555057,46191
298562903,46198
298570546,46193
298577419,46190
298585864,46183
298592752,46184
298600355,46185
298608228,46199
298615157,46183
298622829,46189
298630643,46182
298637498,46187
298645126,46192
298652962,46189
298660579,46195
298668457,46194
298676041,46198
298683857,46192
298691449,46193
298699338,46197
298713147,46220
298720767,46216
298728619,46223
298736203,46230
298744046,46223
298751676,46222
298759563,46212
298767148,46217
298775051,46219
298782682,46217
298790571,46221
298798837,46229
298806687,46220
298814349,46226
298829130,46272
298836735,46269
298844598,46274
298852164,46279
298860016,46284
298867677,46281
298875532,46286
298883150,46288
298891017,46286
298898665,46281
298906562,46291
298914111,46283
298921961,46287
298929571,46292
298936405,46295
298944229,46334
298951842,46343
298959749,46344
298967380,46339
298975258,46340
298982867,46346
298990715,46348
298997543,46353
299005778,46348
299013647,46351
299021251,46348
299029146,46355
299036784,46356
299044661,46351
299052283,46356
299067027,46385
299074609,46385
299082493,46394
299090081,46396
299097933,46392
299105580,46389
299113436,46396
299121024,46397
299128797,46397
299136372,46404
299144190,46400
299151834,46406
299159683,46410
299167302,46417
299175160,46406
299182759,46464
299190645,46459
299198279,46469
299206092,46463
299212955,46464
299221133,46472
299229008,46475
299236642,46474
299244533,46479
299252133,46469
299259962,46467
299267599,46475
299275507,46482
299283065,46472
299290902,46486
299304665,46435
299312304,46431
299320167,46431
299327834,46433
299335681,46427
299343239,46434
299351111,46428
299358718,46416
299366598,46417
299374211,46404
299382118,46405
299389728,46407
299397581,46407
299405137,46393
299413025,46399
299420650,46328
299429166,46336
299436766,46340
299444642,46334
299451555,46329
299459138,46324
299466990,46327
299474610,46329
299481435,46322
299489298,46322
299496991,46314
299504804,46325
299512444,46321
299520263,46316
299527892,46325
299535677,46323
299542558,46292
299550128,46298
299557980,46283
299565641,46290
299573534,46284
299581134,46287
299588996,46279
299596594,46280
299603443,46286
299611293,46289
299625551,46282
299633480,46293
299641697,46275
299649646,46286
299655777,46276
299663388,46281
299671211,46276
299678800,46269
299686654,46270
299694308,46266
299702183,46268
299709845,46261
299716713,46250
299724592,46258
299732162,46256
299739988,46256
299747614,46252
299755499,46252
299763062,46238
299770905,46244
299777781,46244
299785410,46224
299793276,46212
299800948,46214
299808765,46215
299816367,46211
299824257,46211
299831887,46211
299839745,46199
299847340,46211
299855765,46203
299863381,46205
299871233,46200
299878853,46200
299886719,46205
299893626,46203
299908079,46216
299915905,46214
299923536,46218
299930390,46210
299938210,46216
299945837,46221
299953689,46209
299961351,46223
299969189,46218
299976854,46218
299984717,46220
299992304,46219
300000121,46222
300007719,46221
300015594,46221
300023133,46212
300030991,46210
300038593,46211
300046475,46212
300054116,46211
300062538,46212
300070142,46212
300078010,46207
300085646,46214
300093525,46215
300101147,46226
300108990,46227
300116622,46227
300124537,46239
300131428,46234
300145923,46261
300153714,46267
300161351,46265
300169204,46273
300176861,46267
300184720,46268
300192317,46275
300200130,46272
300207692,46274
300215540,46273
300223135,46272
300230973,46264
300238593,46273
300246542,46276
300253422,46276
300261041,46315
300268886,46312
300277110,46309
300284891,46318
300291765,46304
300299366,46308
300307251,46309
300314951,46307
300322783,46304
300330404,46307
300338216,46306
300345852,46308
300353738,46313
300361332,46313
300369193,46315
300383679,46319
300391555,46309
300399165,46307
300406994,46298
300414657,46300
300422542,46305
300430129,46294
300437999,46288
300444897,46289
300452498,46279
300460313,46274
300467954,46270
300475752,46267
300484009,46259
300490886,46251
300498677,46172
300506258,46164
300514115,46176
300521790,46167
300529651,46169
300537224,46179
300545022,46171
300552705,46175
300560597,46165
300568147,46165
300575982,46177
300583608,46170
300591437,46170
300599101,46172
300606945,46167
300613842,46161
300621461,46127
300629325,46123
300636978,46130
300644814,46122
300651649,46117
300659237,46127
300667049,46119
300674674,46118
300682540,46125
300690689,46118
300698572,46114
300706176,46114
300714041,46114
300721694,46108
300728525,46111
300736381,46113
300743980,46120
300751798,46125
300759450,46122
300767310,46123
300774997,46118
300782825,46123
300790437,46124
300798319,46111
300805971,46123
300813816,46128
300821436,46125
300829286,46128
300836945,46129
300844758,46131
300852380,46119
300866863,46169
300874773,46168
300882504,46171
300889420,46171
300897276,46170
300905544,46173
300913519,46168
300921129,46177
300928020,46169
300935844,46158
300943458,46165
300951262,46173
300958898,46170
300965768,46176
300972653,46170
300980555,46179
300988167,46174
300995970,46176
301003587,46184
301011371,46175
301019021,46185
301026874,46185
301034494,46188
301042307,46179
301049937,46190
301057738,46186
301065344,46191
301073189,46196
301080059,46202
301087701,46193
301095579,46192
301103141,46227
301110936,46223
301119088,46233
301125987,46236
301133803,46224
301141382,46231
301149219,46230
301156831,46228
301164688,46240
301172318,46232
301180164,46236
301187796,46226
301195645,46234
301203194,46233
301210058,46241
301217840,46242
301225501,46279
301233322,46275
301241006,46285
301248772,46283
301256411,46283
301264237,46285
301271860,46286
301279696,46282
301287294,46291
301295204,46290
301302854,46292
301310715,46295
301318360,46291
301326711,46294
301334330,46299
301349004,46350
301356609,46359
301364472,46363
301372107,46355
301379945,46357
301387609,46353
301395493,46360
301403068,46369
301410908,46363
301418617,46357
301426494,46356
301434101,46351
301440902,46350
301448743,46346
301456355,46343
301464194,46234
301471775,46230
301479668,46231
301486577,46219
301494176,46224
301502036,46224
301509663,46226
301517564,46220
301525132,46224
301532963,46213
301541204,46216
301549060,46217
301556677,46210
301564557,46210
301571401,46209
301579064,46211
301586906,46162
301594536,46164
301602357,46167
301610003,46159
301617816,46164
301625456,46159
301633298,46160
301640906,46156
301648770,46158
301655588,46159
301663147,46154
301670932,46150
301677759,46153
301685390,46157
301693245,46151
301707736,46144
301715641,46146
301723207,46143
301731028,46145
301738632,46153
301747089,46147
301754765,46142
301762656,46145
301770256,46146
301777178,46136
301785055,46147
301792661,46144
301800506,46148
301808125,46146
301822828,46145
301830453,46138
301838327,46133
301845994,46139
301853830,46136
301861433,46147
301869219,46134
301876798,46141
301884665,46142
301892265,46137
301900135,46149
301907775,46148
301915666,46140
301923199,46149
301930971,46159
301938563,46151
301946389,46146
301954669,46147
301962566,46148
301969453,46143
301977083,46142
301984919,46148
301992568,46148
302000410,46142
302008063,46148
302014881,46148
302022731,46146
302030310,46151
302038175,46142
302045775,46151
302052691,46154
302060555,46214
302068114,46213
302075956,46217
302083584,46224
302091467,46228
302099105,46229
302113585,46221
302121496,46230
302129148,46232
302136969,46227
302144573,46230
302152464,46232
302160095,46235
302166991,46185
302175587,46270
302183162,46270
302191041,46271
302198653,46269
302205498,46264
302213352,46270
302221021,46271
302228803,46269
302236386,46281
302244220,46279
302251878,46273
302259725,46282
302267278,46280
302275127,46284
302282724,46290
302290634,46286
302298225,46321
302306052,46320
302313678,46324
302321570,46324
302329137,46319
302336939,46327
302344572,46331
302352453,46328
302360135,46331
302367971,46336
302374870,46333
302383131,46334
302390941,46339
302397790,46333
302405372,46341
302413196,46340
302420794,46396
302428682,46395
302436294,46400
302443167,46397
302451010,46398
302458665,46396
302466495,46408
302474072,46400
302481853,46403
302489519,46401
302497405,46410
302505065,46416
302512897,46414
302520534,46412
302527390,46409
302535212,46418
302542840,46339
302550664,46335
302558198,46335
302566054,46327
302573670,46407
302581500,46322
302589745,46321
302597658,46314
302605230,46315
302613073,46312
302620699,46309
302628554,46310
302635415,46303
302643046,46310
302650847,46292
302665317,46216
302673155,46216
302680739,46216
302688656,46218
302696223,46215
302704087,46214
302711718,46209
302719583,46219
302727178,46209
302734986,46210
302742592,46209
302750459,46210
302758086,46205
302765889,46214
302773484,46205
302781291,46160
302788942,46160
302796758,46158
302804312,46158
302812171,46157
302819772,46150
302827703,46161
302835308,46145
302843172,46159
302850797,46144
302857702,46150
302865581,46144
302873135,46135
302880965,46138
302888614,46135
302903336,46097
302911000,46092
302918854,46134
302926467,46085
302934296,46087
302941934,46081
302949762,46090
302957367,46085
302965194,46083
302972823,46080
302979722,46084
302987608,46081
302995157,46079
303003010,46087
303010548,46084
303018382,46046
303026036,46042
303033840,46034
303041492,46039
303049352,46036
303056994,46038
303064767,46050
303072354,46039
303080195,46043
303087835,46038
303094711,46036
303102599,46037
303110166,46036
303117032,46035
303124880,46038
303132512,46042
303140335,46043
303147977,46058
303155735,46047
303163334,46053
303171193,46052
303178810,46049
303186685,46058
303194229,46058
303202079,46054
303209703,46057
303218176,46057
303225802,46058
303233701,46060
303241288,46065
303249151,46067
303263584,46067
303271378,46068
303279026,46062
303285943,46063
303293811,46069
303301419,46070
303309279,46065
303316917,46058
303324767,46068
303332353,46064
303339248,46067
303347092,46056
303361393,46066
303369341,46062
303377026,46101
303384858,46101
303392512,46104
303400337,46103
303407972,46101
303415789,46108
303423446,46110
303431291,46106
303439588,46106
303447474,46109
303455118,46107
303462983,46108
303470619,46112
303478469,46117
303485382,46117
303499936,46150
303507734,46146
303515363,46153
303522175,46155
303529988,46149
303537574,46151
303545396,46156
303553032,46153
303560842,46148
303568462,46159
303575347,46156
303583219,46155
303590803,46158
303597718,46155
303604622,46153
303619344,46155
303627008,46145
303634841,46150
303641704,46141
303649910,46139
303657732,46141
303665278,46142
303673125,46141
303680725,46140
303688642,46136
303695511,46132
303703124,46132
303710986,46130
303718601,46126
303725453,46122
303733279,46036
303740898,46033
303748719,46040
303756341,46031
303764159,46025
303771775,46029
303779682,46029
303787261,46028
303795083,46037
303802671,46027
303810550,46033
303818140,46031
303825974,46035
303833634,46035
303840503,46032
303848348,46027
303856661,46001
303864572,46003
303872197,45995
303880051,46001
303887678,45999
303895577,46006
303903200,45991
303911040,46000
303918637,46000
303926491,45997
303933349,45996
303941018,46001
303948792,45993
303955683,45987
303963280,45999
303971131,45989
303978766,46004
303986616,46003
303994200,46005
304002001,46000
304009629,45998
304017457,45992
304025100,45999
304032933,46003
304040574,46004
304048396,46008
304055310,46007
304062949,45998
304071503,45997
304079132,46004
304087010,46002
304101532,46022
304109381,46017
304117075,46023
304123961,46017
304131781,46027
304139381,46019
304147229,46017
304154823,46017
304162705,46021
304170317,46012
304178155,46018
304185747,46021
304193587,46018
304200447,46011
304208106,46010
304215902,46021
304223549,46016
304231395,46021
304239042,46018
304246869,46028
304254452,46026
304262296,46023
304269947,46031
304278430,46031
304286110,46022
304292992,46025
304300866,46026
304308511,46033
304315386,46030
304323219,46030
304330850,46035
304338691,46043
304346296,46044
304354181,46046
304361809,46046
304369679,46048
304377305,46056
304385179,46046
304392747,46049
304400630,46056
304408154,46057
304415943,46049
304423554,46050
304431403,46055
304439061,46055
304446960,46055
304461482,46067
304469344,46071
304476989,46070
304483862,46071
304492387,46064
304500051,46067
304507920,46067
304515545,46082
304523405,46084
304531055,46078
304538843,46077
304546421,46083
304553318,46076
304561179,46081
304568826,46086
304576705,46150
304584288,46154
304592118,46156
304606614,46154
304614324,46161
304622185,46161
304629795,46159
304637716,46165
304645325,46170
304652248,46164
304660107,46165
304666946,46174
304674589,46180
304681450,46175
304689327,46174
304696939,46154
304705420,46148
304713087,46152
304719963,46142
304727803,46144
304735407,46139
304743263,46132
304750855,46139
304758731,46131
304766267,46131
304773103,46125
304780933,46123
304787780,46116
304795358,46112
304803213,46109
304810781,46107
304818667,46034
304826237,46030
304834110,46025
304840992,46016
304848616,46026
304856513,46023
304864136,46020
304871958,46017
304879544,46021
304887378,46012
304895032,46013
304902876,46005
304910498,46013
304918948,46000
304926562,46003
304941247,45989
304948878,45982
304956757,45985
304964368,45988
304972200,45985
304979848,45986
304987697,45988
304995280,45991
305003083,45989
305010698,45980
305018620,45986
305025496,45986
305033123,45987
305040952,45980
305048608,45980
305056435,45958
305064076,45948
305071842,45950
305078695,45950
305086237,45951
305094101,45954
305101743,45945
305109638,45942
305117224,45954
305125699,45951
305133349,45952
305141246,45954
305148865,45958
305156725,45958
305163607,45959
305171203,45963
305179089,45977
305186745,45981
305194594,45974
305202150,45976
305209946,45978
305217585,45982
305225410,45981
305233070,45981
305240862,45980
305248453,45979
305256299,45981
305263183,45979
305270772,45984
305278620,45976
305286178,45978
305300876,46000
305308477,45998
305316360,45995
305324048,45998
305331829,45994
305340077,46000
305347920,45993
305355608,45997
305363511,46005
305371140,46012
305378991,46002
305386600,46009
305394413,46012
305401318,46008
305408978,46009
305416782,46062
305424394,46051
305432242,46056
305439129,46055
305446758,46061
305454652,46060
305462271,46063
305470088,46061
305477686,46062
305485521,46062
305493122,46067
305499928,46071
305507756,46072
305515341,46070
305522255,46072
305530072,46073
305537668,46129
305546129,46135
305553788,46129
305561722,46129
305569335,46140
305577204,46133
305584835,46137
305592707,46135
305600296,46144
305608152,46138
305615030,46135
305622676,46138
305630551,46134
305637394,46136
305645056,46141
305652870,46146
305660443,46178
305668318,46179
305675946,46186
305683833,46186
305691429,46190
305699258,46187
305706883,46193
305714742,46185
305722361,46184
305730179,46183
305737010,46185
305744637,46190
305752423,46193
305760681,46182
305768582,46185
305783065,46170
305790912,46166
305798559,46159
305806365,46163
305813969,46152
305821799,46145
305829400,46151
305843853,46153
305850769,46138
305857708,46145
305865560,46140
305873190,46135
305881056,46137
305888714,46136
305896632,46036
305904204,46035
305912049,46033
305918925,46030
305926548,46036
305934355,46025
305941999,46030
305949804,46025
305957427,46026
305965311,46028
305973560,46025
305981425,46029
305989071,46021
305995984,46021
306003812,46023
306011392,46009
306019227,45969
306026850,45972
306034711,45971
306042283,45971
306050105,45971
306057738,45971
306065599,45965
306073152,45966
306080949,45961
306088560,45958
306095426,45951
306103307,45958
306110932,45957
306118780,45956
306126417,45944
306141120,45940
306148716,45943
306156616,45945
306164201,45951
306172022,45940
306180180,45946
306188077,45936
306195760,45946
306203608,45939
306211183,45941
306218986,45943
306226654,45943
306233505,45944
306241369,45945
306249057,45951
306256864,45943
306264485,45941
306272317,45944
306279210,45938
306286825,45930
306294716,45934
306302308,45934
306310175,45933
306317853,45935
306325763,45929
306333356,45928
306341198,45926
306348797,45920
306356680,45931
306364274,45922
306378997,45964
306386634,45973
306395050,45961
306402660,45974
306410517,45976
306418161,45969
306425994,45976
306433645,45973
306441440,45975
306449138,45983
306455999,45986
306463827,45991
306471440,45991
306479252,45995
306486894,45993
306494775,45982
306502404,45976
306510241,45976
306517853,45978
306525726,45975
306533262,45971
306541093,45973
306548700,45970
306556558,45956
306564145,45965
306571957,45956
306578822,45969
306586454,45966
306594331,45968
306602555,45967
306610384,45961
306618011,45946
306625827,45944
306633457,45937
306641350,45936
306648950,45945
306656805,45938
306664371,45938
306672212,45929
306679763,45934
306687635,45942
306694559,45935
306702139,45935
306709896,45937
306716744,45926
306724341,45933
306739017,45908
306746652,45915
306754563,45913
306762125,45917
306769942,45913
306777558,45924
306785405,45910
306793072,45913
306800891,45922
306809073,45918
306817005,45916
306824609,45920
306832427,45919
306840054,45919
306854718,45952
306862329,45959
306870153,45946
306877777,45947
306885693,45964
306893294,45963
306901131,45953
306908769,45950
306916648,45949
306924201,45955
306932004,45952
306939594,45951
306947433,45949
306955120,45943
306962975,45948
306970572,45846
306978396,45842
306986062,45843
306993858,45842
307000740,45845
307008332,45833
307016169,45834
307024286,45827
307032134,45829
307039731,45828
307047579,45824
307055189,45824
307063032,45824
307070717,45815
307077580,45814
307092078,45764
307099783,45760
307107696,45765
307114602,45764
307122158,45758
307129978,45755
307137604,45764
307145430,45756
307153106,45744
307161024,45751
307167856,45753
307175480,45753
307182374,45752
307190229,45746
307197833,45745
307212619,45736
307220205,45739
307228029,45742
307234842,45741
307243081,45740
307250935,45745
307258546,45737
307266364,45742
307274006,45736
307281885,45732
307289490,45736
307297319,45731
307304199,45738
307311827,45734
307319734,45738
307327376,45768
307335214,45775
307342826,45768
307349705,45777
307357577,45766
307365191,45776
307373017,45779
307380649,45769
307388526,45775
307396186,45777
307403966,45772
307411596,45776
307419406,45775
307427071,45782
307434911,45784
307442536,45776
307450923,45817
307458535,45818
307466378,45826
307473995,45819
307481811,45826
307489431,45823
307497268,45822
307504863,45826
307512776,45829
307520365,45833
307527305,45828
307535105,45832
307541970,45831
307549656,45837
307556521,45836
307564388,45832
307572065,45871
307579869,45870
307587501,45871
307595332,45867
307602955,45869
307610773,45867
307618360,45869
307626202,45866
307633805,45875
307641683,45871
307649282,45871
307657720,45869
307665265,45867
307673104,45875
307680704,45868
307688576,45892
307696147,45893
307704008,45898
307710910,45889
307718552,45892
307726346,45890
307733994,45897
307741805,45891
307749360,45903
307757196,45893
307764845,45888
307772720,45887
307780342,45892
307788195,45899
307795022,45884
307802604,45892
307810374,45930
307817998,45930
307825834,45933
307833472,45935
307841342,45938
307848973,45932
307856780,45936
307864951,45934
307872835,45942
307880422,45940
307887326,45942
307895139,45942
307902782,45949
307910676,45952
307918252,45947
307932978,45986
307940604,45982
307948504,45983
307956186,45982
307964071,45982
307971682,45976
307979602,45972
307987213,45970
307995009,45974
308002613,45973
308010444,45964
308018094,45972
308025968,45974
308033604,45959
308041431,45951
308049060,45871
308056865,45871
308064454,45878
308071320,45869
308079728,45874
308087339,45871
308095205,45865
308102806,45856
308110657,45859
308118304,45872
308125156,45870
308133036,45871
308140658,45869
308148484,45868
308155414,45869
308169904,45854
308177825,45862
308185426,45856
308193240,45846
308200867,45853
308208764,45847
308216332,45852
308224178,45851
308231805,45852
308239683,45845
308247293,45849
308255126,45856
308262753,45861
308269638,45851
308276491,45848
308284360,45825
308292597,45827
308300422,45827
308308053,45833
308315879,45826
308323445,45826
308337881,45829
308345841,45826
308353477,45827
308360419,45825
308368332,45826
308375983,45832
308382852,45832
308389759,45828
308404481,45845
308412094,45845
308419858,45837
308427563,45852
308435412,45847
308443067,45848
308450906,45852
308458512,45841
308466312,45848
308473905,45841
308480840,45844
308488754,45843
308496369,45851
308504096,45855
308511734,45846
308519595,45851
308527190,45851
308534998,45849
308542590,45847
308550439,45846
308558092,45842
308565910,45846
308573489,45846
308581330,45838
308588999,45852
308595864,45847
308603747,45849
308611303,45847
308619138,45857
308626758,45852
308634575,45858
308642166,45900
308649991,45895
308657619,45901
308665461,45902
308672301,45899
308679923,45908
308687803,45905
308695407,45906
308703257,45905
308711460,45902
308719397,45912
308727024,45906
308734818,45916
308741650,45914
308749212,45914
308763901,45952
308771509,45956
308779383,45952
308787018,45958
308794829,45956
308802441,45959
308810265,45964
308817867,45958
308825776,45959
308833377,45970
308841235,45972
308848875,45969
308856748,45968
308863609,45971
308871201,45973
308879008,46011
308886661,46010
308894537,46009
308902211,46006
308910041,46007
308917651,46017
308926102,46023
308933737,46020
308941587,46022
308949202,46023
308956423,46024
308964066,46027
308971862,46033
308978720,46026
308986270,46035
308993118,46039
309000935,46076
309008559,46079
309016408,46089
309024075,46088
309031880,46089
309039494,46086
309047392,46095
309055043,46093
309062860,46099
309070451,46109
309078277,46097
309085899,46098
309093803,46098
309101413,46106
309109289,46100
309116919,46112
309124753,46017
309132950,46013
309140810,46018
309148409,46016
309155298,46011
309163139,46005
309170778,45999
309178664,46010
309186254,45998
309194042,45995
309201664,45990
309209492,45996
309216386,45995
309224031,45991
309231894,45982
309246383,45946
309254264,45945
309261869,45949
309269742,45948
309277342,45941
309285188,45939
309292860,45934
309300739,45936
309308380,45935
309315255,45937
309323098,45940
309330732,45938
309337585,45939
309345935,45934
309353539,45931
309361380,45909
309369028,45913
309376844,45912
309384458,45910
309392251,45905
309399878,45909
309407764,45902
309415374,45914
309423278,45913
309430887,45909
309438756,45904
309446408,45903
309453294,45906
309461135,45898
309468778,45905
309475686,45904
309483504,45917
309491162,45920
309498993,45914
309506564,45922
309514398,45916
309522072,45926
309529827,45918
309537417,45912
309545316,45908
309553566,45916
309561432,45920
309575682,45922
309583593,45917
309590669,45924
309605411,45905
309613080,45907
309620846,45908
309628463,45911
309635288,45902
309643168,45903
309650816,45899
309658682,45899
309666273,45902
309673133,45907
309680938,45903
309688587,45906
309696444,45902
309704105,45902
309710944,45899
309718785,45926
309726381,45931
309734225,45931
309741819,45926
309749702,45935
309757283,45925
309765094,45924
309773272,45929
309781103,45933
309788731,45935
309796640,45924
309804228,45931
309811992,45925
309819580,45925
309826462,45934
309834318,45932
309841939,45951
309849805,45953
309857409,45953
309865235,45954
309872829,45949
309880680,45955
309888253,45957
309896075,45961
309903730,45961
309910615,45958
309918439,45953
309926116,45959
309933948,45965
309941576,45966
309949394,45971
309957022,45970
309964854,46016
309972433,46016
309980861,46010
309988540,46027
309995401,46016
310003193,46016
310010800,46018
310018677,46022
310026287,46017
310034122,46013
310041756,46020
310049575,46022
310056456,46032
310064108,46029
310071893,46029
310079484,46077
310087328,46072
310094924,46084
310102778,46077
310110346,46076
310118169,46078
310125776,46081
310133674,46088
310141292,46091
310148165,46086
310155985,46094
310163623,46100
310171506,46100
310178394,46092
310186658,46100
310194554,46104
310202160,46084
310209929,46079
310217562,46080
310225400,46073
310233091,46071
310240908,46067
310248534,46067
310256402,46056
310264066,46060
310271825,46050
310279424,46040
310287265,46032
310294109,46039
310301786,46039
310308701,46027
310316559,46031
310324164,45986
310331964,45987
310339600,45987
310347461,45984
310355113,45979
310362924,45976
310370545,45982
310378414,45972
310386112,45981
310393911,45976
310402127,45974
310409924,45971
310417540,45971
310424421,45968
310432307,45968
310446782,45922
310454680,45922
310462282,45918
310470143,45915
310477000,45915
310484607,45923
310492443,45917
310500106,45917
310507985,45921
310515641,45914
310523487,45914
310531116,45910
310538918,45910
310545788,45909
310553328,45913
310561170,45928
310568768,45931
310576622,45928
310584216,45923
310592028,45922
310599620,45920
310608055,45925
310615711,45934
310623574,45931
310630490,45924
310638110,45924
310645912,45933
310653573,45925
310659676,45918
310667564,45927
310675185,45930
310682994,45925
310690648,45922
310698557,45922
310706168,45926
310714019,45926
310721662,45923
310729490,45914
310737113,45922
310744897,45928
310752505,45928
310760360,45932
310768009,45927
310774888,45925
310781814,45923
310789724,45928
310797306,45933
310805109,45957
310819385,45967
310827904,45958
310834809,45964
310842376,45965
310850228,45961
310857852,45973
310865706,45973
310873274,45978
310881087,45971
310888764,45976
310895616,45970
310903478,45978
310911136,45979
310925792,45992
310933398,45997
310941255,45997
310948852,45998
310955724,45997
310963591,46002
310971242,46006
310979131,46002
310986782,45983
310994696,46008
311002293,46007
311010111,45982
311017731,46008
311025594,46004
311033851,46005
311041774,46032
311049354,46036
311057248,46034
311064870,46045
311071753,46040
311079653,46041
311087228,46047
311095024,46035
311102676,46045
311109556,46041
311117421,46047
311125063,46049
311132832,46057
311140411,46054
311148193,46053
311155840,46059
311163700,46084
311171336,46080
311179205,46087
311186811,46087
311194713,46090
311202273,46082
311210068,46082
311217682,46089
311225565,46094
311233253,46096
311241130,46084
311249346,46082
311256208,46087
311263977,46086
311271547,46083
311286268,45986
311293857,45976
311301739,45981
311309377,45973
311317252,45977
311324876,45970
311332768,45972
311340295,45969
311348161,45956
311355781,45964
311363651,45956
311371213,45949
311379069,45948
311386665,45949
311394522,45940
311402105,45883
311409918,45876
311417512,45879
311425362,45874
311432221,45866
311439842,45867
311447707,45872
311455951,45864
311462834,45868
311470704,45869
311478313,45863
311486146,45859
311493786,45858
311501676,45851
311509263,45863
311517107,45856
311524725,45789
311532525,45796
311540134,45802
311547919,45796
311555530,45794
311563396,45791
311571048,45791
311578883,45792
311586496,45789
311594327,45784
311601902,45783
311609772,45783
311616579,45783
311623472,45780
311631115,45777
311638917,45781
311646499,45766
311654364,45761
311662522,45764
311669435,45753
311677269,45756
311684872,45757
311692744,45760
311700309,45751
311708175,45749
311715799,45752
311723708,45754
311731279,45750
311739114,45755
311746743,45747
311754604,45752
311769148,45721
311777007,45728
311784632,45718
311792466,45715
311800142,45712
311807911,45716
311815515,45715
311823360,45709
311830955,45710
311838834,45709
311846392,45733
311854199,45727
311861806,45724
311869644,45720
311884824,45749
311892701,45752
311900271,45747
311908107,45751
311915750,45747
311923594,45753
311931221,45752
311939024,45750
311945875,45755
311953484,45756
311961360,45751
311968999,45762
311976841,45765
311984476,45758
311992305,45754
311999913,45787
312007767,45785
312015334,45785
312023164,45782
312030789,45787
312038667,45786
312046269,45790
312054140,45791
312068635,45791
312076292,45791
312084172,45798
312091631,45800
312099252,45796
312106139,45794
312120875,45823
312128465,45825
312136373,45825
312144019,45830
312151849,45825
312159454,45829
312167274,45827
312174891,45833
312181815,45831
312189704,45836
312197289,45833
312205117,45834
312212741,45833
312220605,45836
312228225,45834
312236040,45871
312243646,45862
312251498,45865
312259132,45866
312266052,45861
312273882,45867
312281529,45875
312289397,45874
312296309,45874
312304564,45874
312312390,45875
312320072,45874
312327895,45875
312335487,45872
312343349,45882
312350976,45879
312358850,45863
312366520,45857
312374365,45861
312381990,45855
312389842,45853
312397384,45858
312405202,45849
312412832,45853
312420740,45843
312428359,45843
312436203,45832
312443843,45833
312450741,45828
312458637,45819
312466229,45819
312474028,45819
312481650,45722
312489477,45719
312497128,45723
312504982,45714
312513215,45713
312521057,45724
312528634,45716
312535498,45716
312543339,45716
312550913,45710
312558839,45715
312566439,45703
312574278,45702
312581898,45708
312589805,45703
312604230,45661
312612024,45657
312619616,45656
312626527,45647
312634389,45646
312642020,45648
312649841,45640
312657431,45653
312665231,45641
312672826,45645
312680702,45638
312688310,45638
312696166,45624
312703779,45635
312711651,45630
312719860,45606
312727709,45601
312735291,45602
312743103,45608
312750739,45598
312758607,45596
312766238,45600
312773068,45600
312780920,45606
312788516,45603
312796354,45607
312803959,45604
312810845,45607
312818716,45609
312826342,45610
312834199,45609
312841873,45602
312849734,45598
312857326,45598
312865169,45611
312872799,45607
312880621,45605
312888237,45607
312896074,45601
312903708,45593
312911554,45602
312919192,45597
312927644,45604
312935244,45586
312943031,45597
312950637,45606
312957455,45607
312965315,45616
312972919,45612
312980822,45612
312987712,45621
312995324,45611
313003180,45621
313010806,45622
313018699,45626
313026287,45616
313034149,45617
313041790,45627
313049685,45623
313057208,45624
313064981,45622
313072548,45627
313080398,45645
313088028,45648
313095916,45645
313103492,45644
313111334,45641
313118976,45644
313126835,45642
313133697,45641
313141980,45641
313149865,45641
313157483,45637
313165348,45639
313172985,45635
313180841,45637
313188402,45641
313203091,45637
313210697,45633
313218535,45638
313226171,45637
313234055,45630
313241682,45633
313248584,45630
313256424,45630
313264040,45638
313271850,45634
313279420,45634
313287224,45641
313294848,45642
313316316,45666
313324036,45665
313331889,45678
313339456,45674
313347306,45678
313355547,45668
313363427,45677
313371045,45672
313378974,45671
313386636,45682
313394498,45680
313402152,45676
313408985,45680
313416824,45683
313424422,45677
313432267,45702
313439139,45703
313446795,45715
313454699,45711
313461602,45720
313469197,45716
313476990,45702
313483813,45714
313491413,45726
313499280,45722
313506863,45719
313514732,45723
313522307,45732
313530120,45723
313537726,45729
313545532,45734
313553159,45663
313560985,45656
313569248,45652
313577092,45653
313584726,45637
313592546,45642
313599416,45639
313607053,45634
313614844,45628
313622445,45623
313630312,45626
313637885,45617
313645733,45615
313653335,45617
313661167,45614
313668758,45616
313676562,45587
313684194,45583
313692069,45583
313699695,45583
313707557,45582
313715194,45586
313722969,45579
313730572,45573
313738439,45578
313746082,45578
313753884,45568
313761508,45573
313768362,45565
313776839,45552
313784441,45568
313799116,45544
313806762,45536
313814621,45537
313822241,45541
313830093,45544
313836933,45547
313844578,45538
313852446,45541
313860060,45545
313867924,45541
313875531,45544
313883428,45546
313891058,45543
313898876,45537
313906449,45541
313914283,45549
313921900,45542
313929749,45547
313937331,45550
313944177,45548
313952039,45550
313959682,45560
313967514,45562
313975159,45556
313983661,45554
313991249,45562
313999082,45571
314006672,45564
314014517,45571
314022187,45575
314036900,45574
314044497,45577
314052348,45569
314059986,45566
314067859,45574
314074701,45576
314082314,45576
314090115,45576
314097715,45565
314105541,45570
314113247,45568
314121074,45572
314128693,45575
314136533,45576
314144176,45574
314152039,45604
314159712,45601
314166536,45615
314174436,45613
314182105,45604
314189926,45610
314198203,45608
314205985,45610
314213590,45605
314221453,45609
314229093,45611
314236903,45613
314244538,45612
314252394,45610
314259999,45618
314267809,45613
314275416,45624
314283244,45626
314290891,45629
314298801,45629
314305693,45633
314312526,45621
314320163,45635
314327943,45637
314335557,45631
314343361,45628
314351040,45630
314358928,45638
314366552,45636
314374422,45635
314382065,45637
314389883,45673
314397472,45676
314405926,45677
314413518,45684
314421381,45686
314428977,45685
314436833,45681
314444468,45682
314452295,45690
314459906,45689
314467805,45695
314475460,45698
314483387,45692
314490240,45691
314497878,45704
314505767,45701
314513394,45727
314521194,45726
314528818,45723
314536690,45726
314543540,45733
314557783,45723
314565701,45723
314573310,45719
314581160,45732
314588822,45728
314596725,45727
314603581,45724
314611217,45728
314619704,45726
314634171,45725
314641984,45717
314648853,45721
314656502,45709
314664360,45712
314671193,45703
314678804,45698
314686654,45702
314694270,45696
314702103,45685
314709694,45693
314717559,45686
314725203,45680
314733012,45668
314740641,45673
314748493,45620
314756186,45611
314764005,45619
314771611,45622
314779461,45613
314786340,45609
314793876,45615
314801742,45611
314809280,45610
314817052,45608
314824652,45608
314833043,45600
314840662,45600
314848506,45599
314856163,45612
314863995,45603
314871585,45582
314879417,45586
314887069,45582
314894904,45580
314901761,45581
314909328,45571
314917201,45566
314924816,45565
314932678,45575
314940301,45569
314948085,45565
314955710,45561
314963553,45574
314971228,45571
314979015,45578
314993442,45548
315001314,45552
315008956,45552
315016886,45554
315024533,45559
315032386,45557
315040626,45559
315048516,45559
315056174,45557
315063966,45564
315071580,45561
315079409,45556
315087034,45559
315094870,45561
315102516,45561
315110385,45575
315117992,45571
315125881,45567
315132750,45569
315139739,45572
315146591,45574
315154474,45564
315162124,45574
315170004,45572
315177706,45568
315185517,45570
315193175,45570
315200995,45571
315208668,45566
315216478,45570
315224159,45576
315231987,45604
315239605,45608
315248109,45604
315255759,45605
315262588,45606
315270443,45600
315278060,45601
315285906,45605
315293478,45607
315301323,45607
315308933,45607
315316802,45612
315323662,45616
315331261,45607
315339135,45609
315346763,45643
315354573,45638
315362205,45641
315370012,45645
315377656,45631
315385516,45639
315393202,45635
315400970,45643
315408565,45639
315416431,45632
315424054,45628
315431878,45635
315439531,45631
315447378,45627
315455595,45631
315470366,45671
315477996,45668
315485879,45678
315493466,45674
315500360,45675
315508187,45677
315515763,45680
315523637,45669
315531250,45671
315539062,45681
315546664,45680
315554483,45676
315562101,45676
315569933,45682
315577540,45682
315585405,45716
315592975,45719
315600830,45718
315608444,45716
315616337,45714
315623202,45721
315630786,45720
315638649,45724
315646260,45727
315654087,45720
315661674,45719
315670061,45726
315677724,45731
315684597,45725
315692460,45727
315700089,45726
315707927,45755
315715570,45760
315723427,45761
315731070,45766
315738923,45759
315746562,45756
315754424,45755
315762074,45759
315769926,45755
315777513,45747
315785328,45746
315798926,45745
315806832,45748
315814453,45750
315829208,45581
315836845,45573
315844774,45571
315852413,45568
315858487,45567
315866305,45564
315873931,45557
315882403,45565
315890080,45563
315897901,45569
315905494,45576
315913327,45559
315920933,45567
315928850,45567
315936401,45568
315944285,45562
315951908,45554
315959795,45552
315967362,45547
315974273,45551
315981100,45554
315988949,45545
315996523,45551
316004356,45545
316011957,45543
316019844,45542
316027457,45545
316035279,45543
316042885,45543
316050766,45542
316058356,45532
316066174,45487
316073785,45482
316081691,45486
316089906,45483
316096799,45472
316104672,45481
316112294,45481
316120111,45468
316127710,45475
316135510,45474
316143120,45471
316150965,45472
316158595,45474
316166500,45469
316174133,45466
316188859,45480
316196456,45473
316204318,45471
316211953,45475
316219848,45477
316227462,45469
316235322,45466
316242929,45462
316250818,45478
316258346,45472
316266193,45473
316273810,45468
316280691,45466
316288554,45468
316296181,45466
316304721,45474
316312336,45478
316320141,45461
316327799,45477
316333889,45480
316341800,45483
316349391,45480
316357231,45484
316364867,45486
316372756,45472
316380335,45476
316388170,45485
316395773,45492
316403600,45496
316411229,45487
316419013,45497
316426612,45538
316434473,45541
316442142,45537
316449983,45533
316457560,45541
316465387,45546
316472998,45541
316480867,45554
316488479,45553
316496353,45544
316503951,45554
316512413,45552
316519249,45552
316526870,45548
316534722,45550
316549153,45589
316557016,45589
316564663,45596
316572540,45598
316580207,45602
316588013,45604
316595604,45601
316603470,45603
316611111,45602
316618912,45605
316626517,45600
316634366,45609
316641985,45619
316649868,45612
316657434,45621
316665227,45650
316672834,45645
316680705,45652
316688304,45651
316694417,45651
316702249,45652
316709120,45655
316717251,45652
316725089,45654
316732699,45651
316740549,45655
316748212,45655
316756091,45658
316763705,45659
316771582,45665
316779237,45666
316787103,45702
316794741,45704
316802599,45703
316810251,45710
316818121,45705
316824964,45706
316832605,45708
316840485,45709
316848142,45702
316855950,45713
316863549,45710
316871413,45713
316879001,45713
316886855,45718
316894399,45709
316908968,45727
316916560,45719
316924377,45712
316931856,45706
316938750,45709
316945614,45703
316953258,45698
316961059,45692
316968704,45692
316976583,45682
316984205,45683
316991994,45679
316999610,45677
317007479,45677
317015110,45670
317029798,45533
317044256,45534
317050541,45540
317058222,45529
317066021,45534
317073647,45531
317081519,45524
317089184,45525
317097019,45522
317104707,45520
317112550,45521
317120205,45516
317127992,45514
317142410,45450
317150880,45442
317158444,45444
317165282,45449
317172173,45442
317180017,45438
317187658,45434
317195503,45438
317203132,45439
317210920,45429
317218504,45450
317226374,45438
317233956,45438
317241841,45437
317249485,45433
317257328,45424
317264950,45419
317272839,45410
317280367,45413
317287239,45410
317295039,45417
317302629,45413
317310482,45411
317318152,45414
317325964,45413
317333535,45417
317341382,45418
317349013,45411
317357497,45403
317364397,45413
317371999,45409
317379877,45435
317387418,45437
317395268,45444
317402887,45444
317410710,45438
317418311,45441
317426117,45442
317433747,45439
317441611,45447
317449260,45448
317457049,45446
317464615,45446
317472430,45445
317480134,45448
317487919,45454
317502402,45451
317510232,45454
317517866,45445
317524692,45453
317532525,45449
317540224,45452
317548084,45452
317555710,45456
317564176,45451
317571842,45452
317579715,45453
317587310,45461
317595107,45464
317602744,45461
317610580,45468
317618277,45512
317626121,45513
317633725,45511
317640581,45513
317648408,45508
317656035,45516
317663900,45517
317670764,45512
317678350,45525
317686228,45517
317693841,45523
317701739,45520
317709346,45531
317717163,45523
317724801,45520
317732679,45527
317740301,45583
317748144,45580
317755763,45582
317763610,45581
317771858,45582
317779793,45588
317787404,45587
317795229,45592
317802873,45591
317810744,45595
317818335,45589
317826183,45595
317833814,45597
317841730,45594
317848596,45602
317863130,45650
317870940,45651
317878534,45650
317885387,45648
317893216,45647
317900855,45653
317908739,45650
317916342,45656
317924149,45653
317931752,45657
317939661,45654
317947302,45657
317955136,45656
317962757,45656
317970622,45665
317978270,45688
317986799,45697
317994391,45690
318001259,45691
318009021,45683
318016635,45696
318024460,45696
318032143,45690
318039964,45694
318047572,45700
318055416,45698
318063029,45700
318070916,45703
318078480,45695
318085358,45686
318093142,45693
318100784,45576
318108616,45577
318116237,45567
318124089,45573
318131686,45565
318139509,45560
318147152,45558
318154952,45552
318162570,45552
318170466,45552
318178130,45538
318185931,45549
318194121,45549
318201923,45538
318209508,45546
318224205,45498
318231823,45499
318238698,45495
318246530,45497
318254159,45490
318262008,45489
318269621,45476
318284107,45490
318292049,45490
318299756,45487
318307666,45490
318315344,45488
318322221,45487
318336927,45416
318344513,45418
318352402,45409
318360038,45409
318366968,45400
318374873,45395
318382519,45402
318390372,45393
318397969,45389
318405819,45385
318414092,45389
318421896,45382
318429511,45379
318437403,45378
318445017,45382
318452843,45408
318460395,45405
318468238,45409
318475087,45410
318482711,45415
318490548,45415
318498232,45424
318506045,45429
318513663,45422
318521490,45423
318529143,45422
318536956,45428
318544576,45431
318552406,45423
318559968,45432
318567863,45426
318575512,45422
318583327,45422
318590946,45429
318598811,45430
318606372,45420
318614196,45424
318622381,45437
318630279,45433
318637179,45435
318644830,45433
318652625,45439
318660248,45446
318668079,45450
318675723,45449
318682583,45450
318697416,45512
318705040,45505
318711947,45505
318719783,45504
318727343,45505
318735196,45503
318742820,45509
318750685,45510
318757600,45509
318765259,45502
318773029,45509
318780637,45506
318788452,45509
318795999,45515
318802917,45513
318817687,45508
318825362,45519
318833894,45518
318841512,45521
318849377,45518
318857015,45515
318864891,45516
318872500,45521
318880351,45528
318887980,45527
318895865,45528
318903473,45528
318911363,45522
318918206,45522
318925828,45523
318933705,45582
318941319,45581
318948165,45586
318955988,45600
318963604,45600
318971438,45604
318979123,45613
318986931,45606
318994478,45616
319002308,45619
319009893,45619
319017770,45617
319025332,45621
319033142,45612
319041321,45618
319056066,45663
319063703,45669
319071516,45668
319079136,45672
319085983,45667
319093891,45667
319101458,45676
319109334,45675
319116976,45679
319124834,45672
319132376,45676
319140182,45684
319147788,45682
319155606,45686
319163269,45688
319171105,45594
319178745,45583
319186536,45589
319194136,45580
319201951,45583
319209527,45575
319217417,45572
319225012,45568
319232900,45555
319240480,45563
319248920,45561
319256492,45547
319264371,45551
319272005,45545
319278948,45547
319293754,45480
319301359,45483
319308185,45484
319316033,45476
319323665,45474
319331523,45471
319339143,45473
319346987,45469
319354609,45474
319361519,45466
319369383,45460
319377004,45462
319384878,45459
319392421,45460
319399327,45447
319413976,45423
319421619,45424
319428536,45425
319436398,45427
319444047,45422
319450963,45420
319458823,45412
319467037,45417
319474904,45414
319481751,45413
319489352,45413
319497160,45415
319504772,45423
319512654,45412
319520266,45408
319534731,45383
319541662,45390
319549542,45389
319557191,45390
319564044,45394
319571909,45396
319579534,45388
319587360,45392
319594234,45398
319601858,45400
319609735,45394
319617332,45405
319625180,45403
319632810,45409
319640630,45407
319648266,45413
319656142,45412
319663753,45411
319671603,45411
319679966,45419
319687854,45414
319695498,45413
319703420,45416
319711024,45419
319718924,45423
319726527,45420
319734366,45423
319742010,45426
319749892,45428
319756739,45420
319771254,45474
319779088,45476
319786760,45483
319794584,45473
319802230,45475
319810025,45477
319817679,45478
319825518,45487
319833155,45492
319841001,45490
319848628,45493
319856495,45493
319864125,45496
319871989,45491
319879604,45495
319887972,45515
319895617,45516
319902460,45519
319910303,45518
319917957,45511
319924797,45526
319932605,45523
319940267,45523
319948103,45526
319955772,45529
319963613,45523
319971282,45532
319979151,45530
319986807,45531
319993677,45530
320001515,45527
320009099,45574
320016936,45577
320024495,45578
320032306,45579
320039944,45577
320047812,45571
320055373,45582
320063214,45577
320070861,45587
320078662,45583
320086298,45578
320094136,45573
320102391,45575
320110221,45575
320117853,45578
320132574,45593
320139416,45597
320147029,45595
320154902,45599
320162462,45597
320170279,45604
320177913,45600
320185800,45598
320193381,45593
320201188,45591
320208794,45590
320216644,45600
320224266,45597
320232099,45602
320239723,45599
320247583,45568
320255244,45568
320263061,45572
320270678,45564
320278538,45555
320285409,45557
320293086,45549
320300952,45549
320309188,45545
320317022,45547
320323898,45531
320331482,45532
320339342,45531
320346952,45523
320354829,45521
320369325,45424
320377195,45422
320384848,45420
320392656,45424
320400303,45420
320408081,45420
320415716,45425
320423585,45413
320431240,45418
320439081,45417
320446724,45420
320454561,45421
320462183,45414
320469982,45419
320476831,45406
320484432,45393
320492268,45399
320499910,45394
320507813,45397
320516005,45406
320522924,45400
320530780,45400
320538436,45404
320546291,45396
320553917,45394
320561822,45392
320569428,45393
320577320,45391
320584951,45392
320592855,45395
320600454,45398
320608278,45406
320615144,45402
320622756,45407
320630588,45411
320638242,45410
320646086,45409
320653676,45406
320661518,45406
320669174,45413
320676982,45416
320684557,45411
320692381,45415
320700052,45415
320707935,45417
320714820,45424
320722396,45424
320730837,45461
320738387,45466
320746212,45466
320753851,45462
320761753,45461
320776023,45470
320783974,45467
320791583,45465
320799407,45465
320806250,45466
320813894,45470
320821848,45458
320829422,45462
320844126,45504
320850970,45511
320858503,45472
320866321,45520
320873959,45513
320880810,45513
320888624,45526
320896302,45520
320904067,45517
320911668,45527
320919554,45527
320926446,45524
320934039,45520
320941906,45523
320950200,45535
320964888,45580
320972480,45585
320980294,45583
320987933,45589
320995821,45596
321003396,45596
321011226,45592
321018854,45597
321026646,45591
321034308,45594
321042133,45597
321049771,45593
321057627,45606
321065260,45602
321079901,45677
321087507,45679
321095355,45680
321103017,45670
321110930,45684
321118527,45682
321126345,45688
321133950,45693
321141845,45687
321149427,45689
321157921,45692
321164757,45687
321172380,45685
321180195,45696
321187800,45698
321194658,45749
321202531,45757
321210159,45755
321217998,45764
321225616,45753
321233461,45766
321241060,45765
321248985,45771
321256542,45770
321264367,45771
321271946,45770
321279839,45775
321287434,45781
321295284,45773
321302881,45781
321310781,45775
321318368,45747
321326170,45741
321333760,45746
321341605,45739
321349263,45732
321357053,45735
321364587,45723
321372253,45716
321380111,45708
321387710,45708
321395514,45713
321403176,45707
321410992,45691
321418596,45695
321426455,45692
321440239,45636
321447885,45638
321455733,45637
321463346,45629
321471131,45634
321478746,45627
321486577,45634
321494192,45623
321502026,45631
321509597,45626
321517456,45627
321525082,45623
321532954,45620
321540554,45628
321548377,45625
321555988,45610
321563905,45603
321570799,45609
321579064,45604
321586972,45603
321594576,45604
321601440,45603
321609279,45602
321616973,45607
321624840,45598
321632425,45590
321640336,45599
321647964,45591
321655812,45583
321663442,45596
321671259,45594
321678880,45602
321685792,45602
321693623,45611
321701282,45609
321709130,45619
321716787,45620
321724602,45618
321732255,45614
321740047,45615
321747620,45620
321755488,45620
321763098,45624
321770930,45621
321778564,45631
321787018,45638
321800755,45663
321808349,45661
321816170,45667
321823799,45665
321831651,45664
321839284,45665
321847170,45663
321854810,45662
321862599,45665
321870233,45664
321878055,45662
321885653,45660
321892560,45662
321900429,45668
321908047,45671
321922150,45711
321929773,45716
321937619,45717
321945280,45725
321953082,45722
321960661,45715
321968504,45719
321976139,45725
321983955,45718
321992040,45724
321999958,45723
322007471,45727
322021951,45678
322035834,45768
322043455,45774
322051346,45782
322058918,45780
322066779,45784
322074373,45776
322081255,45774
322089065,45775
322096690,45779
322104566,45778
322112259,45792
322120083,45780
322127704,45778
322135557,45787
322143167,45789
322150988,45826
322158590,45823
322165454,45824
322173307,45831
322180874,45830
322188724,45833
322196335,45833
322204107,45837
322212314,45835
322220121,45838
322227696,45838
322235548,45837
322243204,45835
322251020,45832
322258584,45844
322273312,45883
322280928,45888
322288862,45891
322296493,45892
322304353,45889
322312008,45896
322319907,45887
322327527,45889
322335353,45888
322342968,45895
322350856,45896
322358419,45892
322366251,45889
322373882,45890
322381786,45887
322388632,45781
322396270,45788
322403121,45778
322410933,45782
322419042,45782
322426964,45780
322434565,45770
322442424,45773
322450078,45764
322457926,45763
322465525,45758
322473371,45761
322481024,45758
322488899,45758
322496450,45758
322504270,45700
322511911,45708
322519794,45710
322527373,45708
322535190,45707
322542826,45711
322550634,45701
322558282,45701
322565169,45704
322573017,45693
322580641,45698
322588473,45699
322596074,45699
322603956,45690
322611524,45707
322619380,45694
322626242,45676
322634445,45673
322641349,45671
322649208,45670
322656804,45668
322664603,45676
322672271,45672
322680064,45667
322687671,45667
322695547,45669
322703161,45669
322710994,45668
322718600,45668
322726445,45668
322734057,45661
322741940,45668
322749559,45669
322757389,45668
322765031,45671
322772908,45663
322780493,45664
322788296,45672
322795926,45666
322802828,45670
322810661,45675
322818297,45668
322826104,45667
322833728,45673
322842109,45665
322849686,45665
322857508,45680
322871235,45668
322879023,45673
322886616,45666
322894496,45675
322902063,45676
322909977,45675
322917595,45668
322925453,45674
322933113,45680
322940980,45684
322948592,45679
322956464,45682
322964085,45673
322971959,45682
322979578,45680
322986442,45725
322994217,45721
323001063,45726
323008642,45723
323016514,45726
323024109,45724
323031968,45720
323039564,45729
323047984,45736
323055563,45733
323063448,45731
323071044,45739
323078955,45736
323086526,45732
323094403,45736
323102022,45731
323109906,45760
323117518,45760
323125342,45760
323132947,45757
323140768,45752
323148392,45765
323156247,45755
323163134,45766
323170743,45763
323178604,45759
323186207,45763
323194042,45769
323201657,45767
323209528,45763
323217110,45764
323231854,45790
323239418,45792
323247278,45795
323262293,45796
323269966,45795
323276904,45795
323284797,45796
323292444,45804
323300374,45793
323308008,45800
323315890,45801
323323486,45798
323331344,45805
323345092,45795
323352714,45796
323360552,45797
323368119,45790
323376005,45786
323383595,45780
323391448,45783
323398309,45781
323405937,45773
323413776,45768
323421382,45768
323429184,45753
323436804,45760
323444634,45757
323452277,45748
323466008,45644
323474497,45655
323482100,45642
323489958,45642
323497566,45643
323505432,45639
323513067,45638
323520909,45637
323528439,45636
323536303,45637
323543892,45630
323551773,45629
323559402,45624
323567252,45622
323580975,45542
323588553,45535
323596412,45542
323604007,45531
323611871,45527
323619462,45522
323627287,45523
323634893,45531
323642787,45523
323650387,45520
323658195,45519
323665812,45517
323673625,45503
323681872,45495
323689759,45497
323697382,45416
323705189,45414
323712086,45406
323719703,45411
323727515,45410
323735091,45414
323742940,45414
323750572,45399
323757397,45409
323765206,45410
323772833,45399
323780698,45406
323788354,45406
323796156,45410
323803801,45411
323811649,45409
323819308,45395
323827132,45391
323834732,45396
323842613,45392
323850271,45392
323858111,45395
323865714,45387
323873565,45385
323881219,45384
323889034,45385
323897338,45387
323905230,45380
323912875,45387
323920701,45383
323928308,45384
323942019,45408
323949868,45417
323957450,45415
323965288,45425
323972939,45430
323980778,45424
323988411,45434
323995232,45428
324003010,45439
324010590,45436
324018428,45439
324026089,45449
324033970,45440
324041602,45451
324049455,45439
324057065,45483
324064950,45487
324071827,45488
324078674,45491
324086327,45495
324094095,45493
324102301,45494
324110140,45490
324117727,45496
324125565,45493
324133141,45494
324140993,45498
324148601,45499
324156483,45500
324164065,45500
324171934,45498
324179491,45538
324187362,45536
324194211,45536
324201827,45539
324209665,45550
324217297,45544
324225127,45544
324232751,45542
324240609,45547
324248218,45553
324256019,45547
324263608,45550
324271422,45553
324279016,45546
324286871,45548
324294557,45555
324301431,45602
324309297,45606
324317539,45602
324325384,45604
324333015,45595
324340901,45594
324348514,45602
324355376,45584
324363245,45591
324370867,45587
324378763,45588
324386389,45587
324394156,45584
324401753,45580
324409597,45583
324424062,45510
324431961,45504
324439568,45505
324447408,45507
324454977,45506
324462818,45506
324470405,45508
324478178,45504
324485809,45494
324493632,45500
324508183,45500
324515859,45500
324523685,45500
324538005,45484
324545598,45486
324552513,45472
324560380,45479
324568019,45473
324575911,45477
324583474,45477
324591303,45465
324598963,45470
324606812,45470
324614431,45473
324622291,45479
324629914,45475
324637780,45475
324645436,45468
324653264,45447
324660865,45445
324667690,45447
324675576,45450
324683236,45448
324691048,45448
324698668,45455
324706517,45453
324714107,45451
324721960,45447
324729533,45461
324737949,45451
324745488,45456
324753387,45450
324761051,45457
324768927,45456
324776489,45488
324784322,45485
324791958,45490
324798777,45485
324806621,45484
324814239,45486
324822048,45491
324829655,45489
324837521,45485
324845113,45489
324852977,45485
324860529,45490
324868415,45485
324876045,45485
324883921,45489
324898341,45502
324906155,45497
324913802,45504
324921619,45502
324929252,45504
324937051,45506
324945230,45518
324952138,45513
324960014,45517
324967591,45517
324975454,45516
324983041,45530
324990897,45528
324998506,45535
325006370,45537
325014034,45597
325020937,45589
325028806,45594
325036402,45587
325044229,45592
325051848,45593
325059701,45591
325067303,45587
325075115,45596
325082720,45592
325090583,45594
325098209,45595
325106053,45594
325113673,45599
325121496,45598
325129072,45606
325136944,45621
325143796,45622
325151399,45621
325159887,45619
325167464,45626
325175310,45620
325182922,45621
325190796,45611
325198440,45622
325206302,45622
325213946,45621
325221851,45622
325229433,45633
325237288,45619
325244895,45619
325258665,45603
325266519,45601
325274132,45591
325282037,45599
325289602,45602
325297413,45619
325305043,45595
325312933,45588
325320504,45584
325328383,45582
325336023,45581
325343904,45572
325351537,45576
325359363,45570
325367514,45566
325375352,45511
325382170,45513
325389750,45507
325397589,45505
325404459,45501
325412087,45506
325419978,45511
325427585,45510
325434449,45504
325442296,45503
325449887,45510
325457722,45503
325465401,45504
325473238,45503
325480875,45510
325488720,45510
325496391,45531
325504209,45535
325511849,45524
325519675,45528
325527317,45523
325535097,45532
325542697,45532
325550540,45524
325558183,45524
325566059,45520
325574266,45522
325582105,45531
325589726,45525
325597589,45524
325605237,45528
325619010,45549
325626930,45557
325634570,45551
325642385,45548
325649989,45553
325657826,45554
325665436,45559
325673262,45565
325680881,45556
325688693,45563
325696350,45564
325704186,45572
325711779,45570
325719587,45566
325727218,45567
325735082,45601
325748559,45604
325756407,45599
325763372,45602
325770985,45600
325778909,45599
325786471,45600
325794102,45604
325801721,45602
325809564,45608
325817194,45602
325825046,45603
325832690,45602
325840593,45607
325855059,45625
325862924,45625
325870523,45634
325878386,45638
325885264,45638
325892910,45639
325900807,45644
325908445,45635
325916323,45642
325923944,45637
325931831,45641
325939433,45655
325947239,45656
325954848,45649
325962698,45645
325970355,45700
325977591,45700
325985230,45703
325993055,45702
326000531,45698
326008379,45705
326016022,45705
326023890,45708
326030812,45707
326038400,45705
326046183,45708
326053806,45707
326061644,45713
326069319,45709
326077154,45711
326084812,45720
326092668,45772
326100343,45776
326108227,45781
326115847,45773
326123652,45775
326131271,45781
326139142,45786
326146769,45781
326154626,45792
326162326,45798
326170186,45795
326177806,45800
326185652,45799
326193258,45804
326201101,45811
326215542,45884
326223403,45886
326231028,45876
326238915,45882
326246476,45881
326254288,45880
326261950,45884
326269790,45877
326277420,45882
326285221,45872
326292859,45872
326300666,45871
326308333,45865
326316159,45875
326323769,45874
326331628,45821
326338453,45819
326346086,45817
326353939,45811
326361548,45812
326369389,45810
326377014,45806
326384914,45807
326391799,45797
326399441,45811
326407279,45813
326414935,45808
326423387,45800
326431037,45808
326438935,45811
326446547,45804
326453395,45734
326461167,45739
326468759,45735
326476610,45736
326484272,45735
326492080,45726
326499712,45726
326507579,45733
326515136,45730
326523024,45733
326530590,45731
326538471,45716
326546094,45723
326553949,45723
326561559,45721
326569389,45716
326576270,45718
326583900,45720
326591735,45711
326599373,45720
326607182,45719
326614816,45714
326622656,45717
326630301,45722
326638114,45720
326645703,45715
326653566,45712
326661144,45718
326669021,45721
326676616,45715
326684470,45714
326691371,45740
326699000,45730
326706892,45732
326714427,45734
326722218,45725
326729067,45727
326736677,45728
326744565,45726
326751418,45721
326759081,45731
326766982,45732
326774523,45733
326782348,45726
326789963,45727
326797807,45730
326805436,45724
326812299,45745
326819138,45745
326827027,45744
326835248,45743
326843124,45750
326849963,45744
326857529,45747
326865377,45750
326872991,45752
326880869,45757
326888453,45752
326896287,45755
326903961,45763
326911831,45755
326919433,45758
326926277,45764
326934080,45795
326941660,45786
326949526,45790
326957123,45791
326965061,45806
326972672,45795
326980531,45799
326995003,45805
327002624,45804
327010480,45797
327018088,45798
327025977,45796
327033564,45798
327040456,45800
327055102,45826
327063024,45827
327070602,45822
327078451,45827
327086070,45824
327093930,45822
327101598,45825
327108441,45829
327116272,45827
327123911,45828
327131741,45829
327139376,45837
327147192,45830
327154799,45832
327161668,45825
327176385,45862
327184006,45866
327191855,45858
327199451,45860
327207253,45863
327214873,45864
327222697,45864
327230363,45869
327238181,45870
327245773,45873
327253637,45873
327261839,45871
327269692,45878
327276588,45874
327291094,45903
327298982,45907
327306619,45897
327314502,45898
327322098,45899
327329976,45887
327337556,45892
327345391,45890
327352991,45896
327360846,45892
327368445,45882
327376236,45893
327383832,45895
327391676,45880
327399347,45883
327407117,45825
327413976,45829
327421539,45826
327429342,45826
327436992,45818
327444915,45817
327452539,45814
327460355,45813
327468584,45815
327476495,45817
327484154,45816
327491977,45810
327499601,45815
327507502,45811
327514358,45821
327521973,45814
327529847,45773
327537456,45771
327545292,45775
327552917,45779
327560801,45782
327568469,45773
327575278,45765
327583077,45765
327589918,45771
327597522,45762
327605363,45769
327613016,45769
327620920,45768
327628519,45769
327635388,45768
327643217,45767
327650809,45769
327658611,45757
327666228,45768
327674071,45772
327682373,45756
327690220,45764
327697097,45762
327704709,45763
327712553,45773
327720171,45770
327728047,45761
327735633,45773
327743503,45771
327750361,45771
327758002,45771
327765868,45773
327773466,45768
327781296,45766
327788904,45774
327796729,45770
327804375,45770
327812199,45768
327819822,45768
327827648,45772
327835262,45759
327843060,45764
327850616,45763
327858467,45766
327866072,45770
327873957,45757
327881546,45759
327895951,45780
327903806,45790
327911452,45792
327919263,45796
327926876,45794
327934714,45785
327942363,45794
327950192,45796
327957828,45795
327965689,45796
327973363,45798
327981128,45804
327987985,45787
327995588,45798
328003422,45799
328011052,45829
328018928,45831
328026516,45827
328034343,45832
328041954,45834
328049759,45835
328056623,45838
328064256,45844
328072065,45841
328079654,45848
328087576,45837
328095220,45845
328103765,45842
328111441,45848
328119268,45849
328133701,45870
328141543,45871
328149123,45874
328157009,45873
328164570,45874
328172416,45879
328180001,45876
328187863,45879
328195450,45882
328203267,45878
328210891,45884
328218751,45877
328226369,45880
328247869,45900
328254768,45896
328262371,45884
328270156,45906
328277781,45906
328285638,45909
328293299,45905
328301195,45902
328308220,45906
328316741,45908
328324367,45905
328332130,45907
328339712,45911
328346600,45913
328354477,45911
328369007,45865
328376894,45867
328384465,45857
328392275,45846
328399880,45856
328407675,45848
328415347,45835
328423174,45844
328430809,45839
328438710,45829
328446345,45841
328454140,45827
328461756,45824
328469595,45827
328484046,45749
328491963,45746
328499586,45741
328507432,45747
328515059,45740
328522963,45743
328531237,45737
328539060,45743
328546644,45739
328554476,45730
328562080,45732
328569954,45722
328577552,45723
328584398,45728
328592231,45731
328599832,45690
328607639,45688
328614515,45683
328622138,45686
328630079,45680
328637678,45686
328645526,45683
328653153,45681
328660999,45685
328667895,45681
328675465,45684
328683235,45681
328690857,45672
328698717,45664
328706388,45674
328714160,45671
328721775,45650
328729637,45649
328737859,45657
328745715,45652
328753368,45650
328761209,45648
328768837,45661
328776688,45659
328783529,45654
328791156,45654
328799027,45654
328806652,45654
328814561,45656
328821447,45661
328829049,45656
328843835,45710
328851465,45707
328859299,45707
328866897,45712
328874702,45715
328882356,45723
328890215,45720
328897843,45722
328905696,45727
328913371,45736
328921184,45739
328928794,45738
328936613,45739
328944888,45739
328952815,45738
328960399,45756
328968271,45758
328975135,45761
328982744,45759
328990612,45757
328998200,45770
329006070,45764
329013662,45757
329021521,45770
329028388,45768
329036021,45757
329043901,45770
329051566,45771
329059426,45765
329067060,45770
329074980,45771
329082602,45781
329090437,45780
329098053,45786
329105976,45775
329113539,45777
329121366,45787
329128959,45789
329136850,45789
329144472,45784
329152306,45787
329160532,45790
329168382,45788
329176005,45798
329182883,45786
329190700,45788
329205139,45813
329213027,45801
329220640,45806
329228471,45808
329236106,45802
329243957,45811
329251509,45806
329259325,45799
329266924,45815
329274752,45806
329282412,45810
329290316,45811
329297145,45806
329304747,45821
329312580,45812
329320211,45838
329328029,45837
329335592,45842
329343451,45839
329351056,45849
329358979,45848
329367216,45848
329375115,45840
329382073,45842
329389971,45856
329397534,45847
329405397,45849
329413035,45859
329420872,45845
329428504,45855
329443225,45868
329450797,45858
329458660,45856
329466271,45854
329480696,45847
329488659,45854
329495602,45848
329503232,45851
329510123,45844
329518017,45842
329525617,45837
329533466,45834
329541089,45838
329548981,45828
329556507,45701
329564362,45702
329571259,45711
329578917,45703
329587392,45696
329594980,45690
329602816,45696
329610430,45693
329618233,45689
329625888,45685
329633733,45687
329641417,45690
329649227,45682
329656806,45679
329664628,45684
329679122,45606
329687024,45601
329694644,45592
329702519,45601
329710122,45595
329717987,45587
329725580,45593
329733449,45585
329741072,45588
329748953,45583
329756565,45587
329764444,45583
329771326,45587
329778945,45578
329786784,45577
329795022,45539
329802896,45541
329809749,45533
329817390,45535
329825204,45527
329832799,45523
329840664,45533
329848287,45531
329856090,45530
329863579,45524
329871391,45523
329879024,45520
329886882,45517
329894505,45509
329902326,45504
329909960,45512
329917833,45497
329925479,45502
329933281,45494
329940874,45500
329948698,45496
329956349,45492
329964181,45494
329971811,45490
329978683,45486
329986514,45483
329993374,45484
330001561,45479
330009408,45485
330017040,45485
330024962,45479
330039497,45450
330047292,45458
330054948,45455
330062790,45452
330070425,45456
330078262,45454
330085899,45459
330093778,45460
330101422,45457
330109230,45472
330116853,45459
330124715,45464
330131572,45463
330139163,45468
330147045,45470
330154641,45527
330162527,45513
330170137,45515
330177985,45523
330185558,45521
330193338,45523
330200920,45527
330209463,45528
330217140,45526
330225030,45531
330232599,45529
330240420,45538
330247293,45536
330254899,45538
330262694,45527
330270352,45535
330278170,45564
330285771,45567
330292637,45563
330300486,45567
330308154,45565
330316023,45573
330323562,45570
330331353,45576
330338964,45569
330346801,45578
330354464,45575
330362310,45587
330369943,45580
330377780,45588
330385415,45581
330393186,45651
330400780,45651
330408642,45650
330416899,45661
330424862,45653
330432483,45660
330440290,45663
330447914,45672
330454786,45664
330462607,45669
330470202,45674
330478042,45678
330485633,45670
330493487,45664
330501092,45671
330515868,45729
330523474,45736
330530321,45725
330538212,45738
330545830,45739
330553694,45737
330561365,45741
330569195,45745
330576047,45752
330583666,45737
330591456,45745
330599084,45745
330605954,45748
330613838,45746
330621481,45748
330636934,45674
330644492,45669
330651355,45669
330659128,45671
330666680,45668
330674527,45666
330682174,45665
330690100,45653
330697671,45665
330705566,45660
330713185,45659
330727709,45659
330735622,45651
330750200,45631
330758105,45635
330764975,45631
330772592,45632
330780402,45629
330788020,45621
330795896,45635
330803483,45631
330810343,45633
330818170,45630
330825787,45627
330833671,45625
330840530,45626
330848794,45620
330856620,45625
330864206,45625
330872041,45632
330879657,45634
330887515,45631
330895148,45632
330902995,45644
330910651,45643
330918466,45640
330926073,45641
330933971,45641
330941567,45640
330949396,45641
330956244,45644
330963803,45649
330971635,45646
330979242,45646
330987057,45694
330994613,45687
331002436,45695
331010052,45697
331017865,45701
331025509,45696
331033365,45690
331040993,45703
331048887,45697
331057129,45703
331064996,45704
331072595,45703
331080414,45706
331087315,45709
331094963,45706
331109774,45716
331117400,45717
331124230,45711
331132089,45700
331139639,45707
331147470,45715
331155117,45710
331162987,45712
331170627,45715
331178478,45716
331186124,45720
331193997,45719
331201577,45718
331208432,45720
331216355,45725
331230833,45775
331238685,45770
331245532,45771
331253139,45780
331261007,45774
331269238,45781
331277117,45776
331284677,45784
331292574,45784
331300218,45785
331308164,45786
331315760,45788
331323566,45791
331331162,45784
331345981,45847
331353578,45837
331360433,45839
331368226,45837
331375838,45845
331383678,45841
331391310,45850
331399158,45854
331406747,45849
331414621,45847
331422232,45848
331430112,45849
331437688,45857
331445570,45855
331453168,45857
331461055,45904
331468593,45910
331477056,45906
331484706,45918
331492554,45913
331500185,45924
331508075,45920
331515659,45923
331523506,45925
331531082,45929
331537947,45934
331545789,45928
331553459,45927
331560253,45928
331568075,45931
331575682,45934
331583513,45962
331591133,45963
331599017,45956
331606559,45959
331614414,45962
331622057,45956
331629904,45960
331637520,45962
331645377,45958
331653008,45955
331660854,45951
331668492,45952
331676308,45950
331684466,45948
331691306,45946
331706078,45863
331713632,45862
331721450,45862
331729051,45859
331736912,45852
331744532,45851
331752364,45856
331760014,45852
331767901,45916
331774745,45846
331782412,45847
331790207,45917
331797846,45832
331805710,45840
331812608,45830
331827107,45819
331834987,45819
331841864,45816
331849484,45823
331857276,45814
331864864,45822
331872692,45818
331880311,45817
331888142,45819
331895014,45818
331903330,45816
331911153,45821
331918056,45825
331925633,45825
331932481,45820
331940313,45811
331947953,45804
331955777,45802
331970292,45803
331977928,45804
331985869,45804
331993506,45808
332001340,45806
332008988,45804
332016908,45805
332024523,45807
332031438,45804
332039320,45805
332046202,45803
332053802,45805
332061638,45824
332069238,45822
332076148,45827
332084053,45825
332091674,45822
332099540,45827
332107144,45828
332115688,45825
332123359,45819
332130243,45831
332138089,45824
332145676,45826
332153526,45829
332161150,45821
332169005,45820
332183453,45832
332191282,45833
332198902,45831
332206703,45835
332214349,45830
332222188,45835
332229829,45841
332237723,45835
332245358,45842
332253146,45836
332260773,45837
332268627,45845
332276183,45837
332284066,45849
332291686,45863
332299559,45885
332307198,45891
332315095,45892
332323205,45892
332331116,45885
332338703,45893
332346592,45892
332354227,45891
332362081,45893
332368984,45892
332376585,45897
332384398,45899
332391268,45904
332398837,45904
332406678,45899
332414304,45903
332422109,45938
332429691,45933
332436580,45945
332444430,45946
332452062,45951
332459918,45946
332467479,45943
332475276,45938
332482959,45942
332489802,45947
332497664,45949
332505317,45954
332513186,45947
332520767,45957
332528626,45955
332536834,46000
332544677,46005
332552298,46009
332560144,46012
332567753,46015
332575659,46009
332583246,46015
332591086,46010
332598624,46019
332605516,46013
332613309,46027
332620962,46029
332627823,46026
332635683,46024
332643312,46030
332651165,46027
332658779,46056
332666649,46058
332674263,46063
332682155,46065
332689779,46052
332697626,46068
332705207,46061
332713051,46062
332720619,46059
332728513,46058
332736117,46061
332744562,46063
332752204,46064
332760092,46063
332767695,46058
332774548,46066
332782409,45973
332789990,45975
332797833,45963
332805432,45973
332813288,45970
332820908,45964
332828789,45962
332836441,45964
332843317,45966
332851137,45964
332858692,45963
332866511,45954
332874133,45959
332881999,45955
332889666,45958
332904396,45925
332912047,45913
332918868,45920
332926715,45925
332934341,45923
332942177,45928
332949823,45930
332958264,45916
332965259,45907
332973114,45908
332980692,45912
332987573,45911
332995440,45915
333003054,45911
333010915,45914
333024688,45842
333032546,45835
333039455,45834
333047052,45827
333054922,45834
333062546,45831
333070347,45825
333077938,45833
333085795,45823
333093440,45828
333101292,45827
333108154,45826
333115743,45824
333123598,45818
333131186,45821
333139079,45762
333146677,45760
333154528,45757
333162160,45751
333170633,45749
333178223,45744
333186116,45742
333193718,45743
333201558,45742
333215782,45740
333222693,45739
333230578,45734
333238216,45727
333246132,45726
333259837,45690
333267687,45694
333274554,45702
333282202,45696
333290122,45691
333297733,45691
333305580,45695
333313180,45692
333321097,45688
333328653,45698
333336488,45692
333344084,45692
333351945,45691
333359572,45696
333367411,45693
333374274,45721
333382503,45718
333390310,45719
333397908,45725
333405748,45728
333413398,45721
333421147,45725
333428741,45736
333436621,45730
333444217,45732
333452081,45732
333458949,45737
333466557,45735
333474372,45733
333481954,45734
333489818,45733
333497454,45745
333505299,45743
333512918,45746
333520770,45749
333528427,45743
333536228,45754
333543823,45750
333551676,45761
333559331,45756
333567180,45751
333574814,45758
333582688,45758
333590891,45766
333598749,45768
333606362,45759
333620443,45790
333628086,45793
333635007,45796
333642897,45802
333650535,45796
333658334,45801
333665926,45812
333673717,45796
333681369,45804
333689198,45809
333696830,45807
333704674,45806
333712341,45809
333720163,45806
333727752,45807
333735581,45858
333743199,45861
333751120,45862
333758717,45864
333766582,45858
333774192,45870
333782072,45867
333789652,45867
333798139,45880
333805016,45879
333812612,45873
333819493,45871
333827304,45874
333834929,45880
333842777,45875
333850455,45877
333858231,45808
333865853,45808
333873735,45809
333881395,45807
333889233,45802
333896841,45800
333904675,45797
333912263,45801
333920084,45789
333927656,45786
333935465,45784
333943114,45794
333951007,45791
333958604,45786
333966459,45778
333974095,45756
333981919,45760
333989525,45755
333996331,45752
334004180,45748
334012395,45744
334020212,45750
334027845,45742
334035680,45742
334042556,45744
334050176,45742
334057051,45742
334064885,45741
334072525,45744
334080345,45738
334087994,45737
334095880,45717
334103505,45717
334111335,45708
334118980,45713
334126811,45708
334134442,45708
334142270,45705
334149868,45700
334157745,45701
334165402,45711
334173224,45695
334180845,45698
334188651,45690
334196233,45699
334204071,45699
334219245,45689
334227116,45701
334233942,45694
334241580,45692
334249396,45702
334257043,45699
334264827,45698
334272504,45711
334280340,45708
334287980,45698
334294838,45707
334302689,45708
334310342,45710
334318214,45707
334325810,45710
334333666,45712
334340541,45701
334348137,45693
334355071,45701
334362966,45692
334370592,45712
334378407,45700
334386067,45700
334393952,45701
334401514,45703
334409299,45698
334416948,45699
334424783,45701
334433042,45705
334440931,45706
334448528,45711
334462993,45759
334470654,45761
334478549,45766
334486190,45772
334494064,45762
334501644,45773
334509474,45767
334517131,45761
334525032,45770
334531927,45777
334539535,45786
334547371,45773
334555019,45786
334562865,45773
334576680,45813
334584322,45814
334591206,45822
334599058,45818
334606642,45816
334614500,45816
334622115,45813
334630009,45818
334637645,45817
334645120,45825
334653026,45816
334660614,45820
334668405,45821
334676012,45832
334683821,45831
334691439,45872
334699236,45875
334706138,45882
334713725,45872
334721549,45879
334729182,45877
334737034,45885
334744584,45873
334752390,45884
334760033,45884
334767939,45892
334775530,45880
334783334,45882
334790950,45879
334798778,45878
334806385,45887
334814228,45939
334821839,45932
334829688,45938
334837286,45937
334845138,45945
334853286,45943
334861206,45945
334868792,45932
334876673,45941
334883562,45934
334890459,45932
334898073,45936
334905948,45925
334913564,45922
334921405,45918
334935885,45808
334943719,45808
334951334,45801
334959237,45807
334966871,45795
334974690,45799
334982282,45801
334990143,45800
334997714,45799
335005520,45796
335013162,45787
335021067,45782
335028643,45790
335036479,45782
335044105,45785
335051922,45750
335059561,45755
335066973,45753
335074819,45746
335082458,45743
335090251,45745
335097835,45744
335105679,45738
335113257,45750
335120171,45744
335128014,45748
335135618,45744
335143438,45740
335151118,45731
335158959,45733
335166591,45750
335174384,45728
335182038,45727
335189831,45727
335197473,45724
335205298,45725
335212910,45721
335220753,45716
335228376,45717
335236192,45723
335243832,45724
335250707,45721
335258552,45723
335266154,45717
335274649,45713
335282288,45726
335297027,45740
335304637,45736
335312503,45738
335320150,45743
335328018,45739
335335571,45734
335343383,45737
335350988,45733
335358836,45739
335366500,45736
335374253,45740
335381850,45739
335389688,45738
335397273,45741
335405125,45735
335412728,45731
335420575,45724
335426800,45727
335434484,45733
335442313,45721
335449928,45733
335457735,45732
335465329,45731
335473177,45738
335481312,45734
335488264,45742
335496163,45739
335503762,45737
335511598,45744
335519215,45749
335527079,45742
335534615,45771
335542444,45770
335550077,45776
335557951,45773
335565545,45779
335573353,45783
335580914,45788
335588740,45790
335596406,45782
335603300,45783
335611135,45754
335618767,45789
335626601,45790
335634215,45786
335642123,45780
335656592,45831
335664382,45828
335671985,45826
335679805,45826
335687497,45828
335702586,45833
335710223,45840
335717161,45838
335724076,45833
335731979,45841
335739574,45843
335747369,45843
335755017,45846
335762861,45856
335770544,45892
335778329,45882
335785215,45891
335792777,45893
335800608,45892
335808208,45895
335816059,45898
335823664,45900
335831494,45893
335838350,45904
335845949,45907
335853756,45902
335861407,45911
335869274,45906
335876850,45907
335884685,45908
335892292,45948
335900166,45953
335908343,45951
335916193,45965
335923788,45950
335931691,45960
335939289,45959
335947204,45954
335954060,45966
335961717,45963
335969572,45967
335977217,45971
335985067,45963
335992642,45965
336000510,45977
336014975,45890
336022810,45879
336030469,45879
336038327,45871
336045934,45876
336053784,45866
336061434,45862
336069260,45868
336076903,45859
336084690,45856
336092282,45851
336100174,45846
336107791,45846
336115658,45843
336123920,45846
336131757,45783
336139432,45779
336146370,45777
336153242,45776
336161154,45772
336168722,45762
336176614,45769
336184209,45762
336191061,45762
336198887,45765
336206517,45755
336214360,45754
336222035,45760
336229859,45755
336237536,45752
336245344,45752
336252981,45708
336260827,45715
336268460,45708
336276241,45715
336283873,45701
336291737,45712
336299369,45703
336307273,45705
336314884,45701
336321752,45706
336330145,45693
336337738,45696
336345616,45691
336353226,45695
336361129,45686
336375590,45687
336383414,45681
336391059,45682
336398904,45679
336406523,45688
336414437,45682
336422089,45682
336429964,45691
336437565,45691
336445418,45680
336453025,45684
336460859,45688
336468505,45687
336476333,45679
336483968,45682
336491798,45663
336499439,45662
336506286,45656
336514144,45654
336521740,45657
336529565,45655
336537748,45655
336545649,45660
336552535,45661
336559375,45653
336567008,45649
336574854,45644
336582501,45653
336590290,45648
336597884,45645
336605704,45642
336613318,45665
336621210,45668
336628835,45664
336636673,45666
336644259,45668
336652154,45663
336659693,45662
336667515,45658
336675109,45657
336682968,45654
336690602,45664
336698416,45650
336706050,45658
336713847,45658
336721507,45660
336736159,45623
336743768,45622
336752233,45618
336759856,45621
336767733,45620
336775365,45613
336783172,45615
336790756,45618
336797629,45615
336805499,45625
336813119,45622
336821002,45620
336828603,45618
336836437,45619
336844045,45610
336851925,45639
336859534,45638
336866374,45649
336874230,45641
336881848,45638
336889704,45640
336897306,45637
336905181,45636
336912783,45642
336920622,45646
336928216,45648
336936083,45654
336950519,45651
336958243,45651
336966776,45694
336974413,45693
336981343,45697
336989194,45693
336996780,45689
337003658,45698
337011497,45700
337019152,45697
337027063,45708
337033966,45706
337041564,45705
337049351,45709
337056993,45707
337064826,45716
337072469,45713
337080322,45717
337094818,45709
337101732,45705
337109564,45698
337117226,45687
337125076,45690
337132627,45689
337140481,45683
337148109,45680
337155971,45678
337163591,45673
337171398,45672
337179628,45669
337187444,45664
337195057,45659
337209740,45616
337216640,45607
337224258,45647
337232172,45606
337239778,45602
337247636,45610
337255238,45608
337263065,45606
337270644,45607
337278486,45601
337286131,45601
337293978,45603
337301628,45601
337309497,45599
337317108,45596
337324994,45578
337332615,45573
337340429,45575
337348057,45577
337355938,45579
337363571,45565
337371415,45563
337379037,45563
337387483,45572
337393704,45568
337401295,45574
337409156,45574
337416770,45564
337424615,45565
337432270,45571
337440158,45572
337447696,45553
337454573,45554
337462396,45556
337469986,45554
337477851,45555
337485509,45560
337493359,45559
337501019,45553
337508848,45567
337516489,45565
337524304,45562
337531914,45571
337539714,45572
337547352,45567
337555207,45565
337569668,45562
337577526,45563
337585122,45559
337593576,45562
337601153,45564
337608023,45561
337615893,45560
337623573,45558
337630456,45562
337638344,45553
337645993,45561
337653853,45558
337661475,45557
337669233,45558
337676888,45563
337684751,45602
337692396,45604
337700223,45603
337707853,45607
337715706,45609
337723298,45607
337731174,45616
337738706,45616
337746599,45612
337753529,45619
337761161,45621
337769052,45627
337776676,45617
337784475,45614
337792113,45619
337799973,45629
337808216,45656
337815119,45658
337822985,45651
337830587,45662
337838408,45655
337845981,45660
337853792,45661
337861417,45659
337869206,45674
337876861,45661
337884694,45668
337892315,45668
337900129,45667
337907727,45666
337915572,45671
337930075,45727
337937900,45726
337945566,45737
337953352,45733
337960976,45731
337968829,45740
337976497,45742
337984330,45743
337991191,45732
337998784,45747
338006651,45751
338014850,45749
338022706,45748
338030301,45757
338038202,45747
338045825,45774
338053659,45772
338061266,45771
338069201,45769
338076766,45771
338084595,45774
338092200,45771
338100082,45770
338106975,45760
338114568,45767
338122445,45765
338130083,45760
338137950,45758
338145601,45755
338153434,45756
338161059,45753
338168878,45684
338175794,45684
338190026,45679
338197837,45675
338205548,45676
338212449,45677
338220304,45669
338227187,45676
338235513,45669
338243348,45668
338250998,45671
338258864,45666
338266484,45670
338274304,45667
338288823,45644
338296671,45641
338304262,45646
338312190,45641
338319796,45649
338327667,45645
338335301,45643
338342165,45641
338350099,45650
338357651,45645
338365476,45652
338373108,45648
338380949,45647
338388554,45656
338396335,45657
338403914,45655
338411810,45647
338419480,45653
338427331,45645
338434923,45644
338443343,45655
338450988,45648
338458834,45653
338465680,45648
338473236,45649
338481101,45649
338488672,45651
338496498,45660
338504129,45653
338512016,45653
338526509,45670
338533346,45675
338541201,45660
338548797,45670
338556671,45666
338564298,45676
338572174,45673
338579770,45677
338586663,45671
338594495,45682
338602144,45685
338610023,45672
338617639,45682
338625460,45680
338633079,45683
338647816,45711
338655292,45715
338662896,45717
338670775,45708
338678444,45710
338686324,45713
338693940,45723
338700815,45723
338708720,45724
338716311,45718
338724163,45715
338731720,45722
338739587,45726
338747240,45721
338755131,45730
338762693,45777
338769518,45770
338777332,45778
338784947,45778
338792788,45784
338800430,45784
338808234,45792
338815803,45789
338823658,45782
338831293,45787
338839162,45784
338846734,45787
338854549,45791
338862679,45797
338870540,45796
338885054,45833
338892889,45847
338900534,45840
338908363,45831
338916011,45837
338923835,45838
338931473,45850
338938290,45840
338945183,45851
338953028,45838
338960626,45846
338968480,45848
338976089,45848
338983985,45848
338991626,45845
338999412,45901
339007036,45912
339014877,45914
339022540,45910
339030375,45912
339037984,45911
339045802,45910
339053496,45905
339061337,45917
339068212,45919
339076518,45918
339084323,45920
339091971,45919
339099809,45923
339107425,45917
339115255,45924
339122808,45914
339130682,45914
339138262,45906
339146147,45908
339153757,45910
339161606,45907
339169213,45906
339177095,45898
339183969,45900
339191594,45894
339199427,45889
339207050,45883
339214914,45882
339222546,45873
339230373,45878
339244836,45816
339252707,45821
339260306,45816
339268181,45812
339275836,45805
339284301,45807
339291884,45812
339299737,45809
339306609,45800
339314209,45814
339322092,45808
339329650,45805
339337425,45796
339345041,45801
339352874,45796
339360520,45782
339368310,45780
339375961,45779
339383778,45778
339391439,45780
339399245,45781
339406874,45778
339414764,45774
339421617,45772
339436120,45777
339443834,45775
339451704,45780
339459317,45774
339467182,45774
339481657,45753
339488500,45751
339496954,45755
339504641,45756
339512441,45751
339520040,45758
339527837,45761
339535453,45761
339542321,45763
339550182,45760
339557785,45765
339565634,45767
339573239,45766
339581130,45764
339588720,45768
339596556,45778
339604212,45774
339612102,45778
339619702,45784
339627545,45774
339635164,45779
339643014,45774
339650638,45777
339657545,45779
339664390,45779
339672218,45777
339679789,45782
339687617,45784
339695256,45775
339703119,45775
339711405,45778
339719245,45806
339726845,45810
339734659,45809
339742260,45802
339750153,45811
339757790,45804
339765641,45813
339773279,45815
339780178,45810
339788067,45814
339795670,45817
339803517,45820
339811141,45817
339819027,45816
339826653,45818
339841382,45841
339848974,45836
339856802,45843
339864422,45840
339872278,45838
339879934,45842
339887788,45842
339895454,45845
339903307,45839
339910915,45841
339919270,45844
339926848,45846
339934655,45840
339942270,45841
339950148,45840
339957769,45838
339965632,45832
339973242,45839
339981149,45836
339988715,45832
339996515,45827
340004116,45826
340011985,45822
340018866,45824
340026531,45827
340034366,45821
340041963,45827
340049813,45828
340057438,45841
340065264,45837
340079664,45858
340087536,45859
340095170,45864
340103048,45862
340110664,45856
340118537,45856
340126753,45868
340133621,45866
340140511,45868
340148292,45872
340155953,45866
340163810,45875
340171462,45873
340179267,45874
340186854,45874
340194652,45800
340202237,45799
340210103,45796
340217704,45791
340225552,45786
340233164,45789
340241036,45796
340248671,45792
340255576,45785
340263451,45784
340271066,45788
340278929,45783
340286560,45781
340294392,45783
340302050,45778
340309904,45781
340317535,45764
340325319,45757
340333489,45756
340341319,45753
340348950,45749
340356823,45757
340364449,45758
340371307,45752
340379191,45755
340386735,45754
340393571,45753
340401397,45753
340409060,45750
340416881,45748
340424529,45755
340432352,45748
340439980,45708
340447821,45705
340455422,45711
340463260,45702
340470873,45707
340478738,45706
340486378,45707
340494277,45703
340501850,45708
340509682,45707
340517285,45704
340525133,45693
340532745,45703
340540576,45701
340548693,45690
340563325,45742
340570197,45737
340577780,45741
340585611,45745
340593248,45740
340601110,45751
340608695,45742
340616588,45745
340624271,45754
340632130,45749
340639723,45761
340647545,45757
340655167,45761
340662983,45753
340670585,45758
340684318,45745
340692009,45747
340699872,45745
340707542,45747
340715388,45733
340722977,45747
340729102,45747
340736939,45745
340744611,45751
340752484,45749
340760739,45747
340768608,45745
340776255,45754
340784104,45756
340798637,45797
340806472,45800
340814143,45805
340822007,45800
340829657,45803
340837488,45806
340845131,45806
340852938,45805
340860557,45815
340868381,45809
340875267,45809
340882911,45811
340890777,45809
340898464,45812
340906313,45819
340913886,45849
340921725,45847
340929302,45860
340937194,45858
340944802,45863
340952599,45859
340960235,45863
340967623,45862
340975498,45862
340983109,45869
340990942,45869
340998558,45867
341006369,45870
341014023,45868
341021925,45867
341036457,45903
341044306,45902
341051891,45905
341059689,45898
341067244,45911
341075137,45909
341082721,45917
341090581,45914
341098203,45925
341106072,45911
341113689,45929
341121520,45923
341129168,45919
341137018,45918
341144624,45921
341152435,45863
341160053,45857
341166918,45861
341174810,45855
341183042,45852
341190854,45846
341198502,45839
341205382,45841
341212305,45847
341220235,45841
341227810,45834
341235667,45839
341243287,45836
341251156,45828
341258727,45827
341266565,45826
341274192,45794
341282104,45784
341289676,45800
341297528,45790
341305128,45795
341312920,45790
341320561,45791
341328323,45782
341335910,45781
341343749,45786
341351365,45778
341359229,45776
341366825,45788
341374682,45778
341382302,45777
341397580,45767
341404454,45770
341412076,45771
341419892,45760
341427533,45771
341435412,45765
341443016,45774
341450886,45770
341458551,45763
341466323,45769
341473932,45765
341481810,45769
341489446,45763
341497270,45771
341504887,45761
341512727,45743
341520291,45750
341528165,45751
341535707,45752
341543571,45752
341551177,45745
341559035,45749
341566661,45750
341573575,45747
341581379,45755
341588933,45754
341597330,45749
341604975,45759
341612820,45750
341620431,45757
341635262,45741
341642884,45744
341650731,45739
341658356,45733
341666212,45737
341673808,45739
341680654,45741
341688475,45742
341696114,45740
341703949,45735
341711593,45743
341719333,45746
341726914,45738
341734749,45739
341742351,45734
341750232,45760
341757823,45765
341764691,45771
341772538,45773
341780140,45768
341787956,45766
341795607,45773
341803414,45769
341810992,45783
341818829,45775
341826474,45765
341834307,45775
341841940,45780
341849803,45780
341857421,45776
341865264,45777
341872843,45809
341880713,45811
341888310,45819
341896227,45817
341903862,45816
341911702,45814
341925952,45822
341933851,45815
341941534,45825
341949352,45823
341956958,45813
341963865,45828
341971712,45832
341979313,45824
341994129,45877
342000999,45870
342008640,45881
342016477,45883
342024673,45884
342032510,45882
342040143,45882
342047043,45887
342054879,45888
342062467,45887
342070339,45888
342077923,45891
342084845,45887
342092727,45902
342100316,45892
342108187,45866
342115750,45867
342123575,45865
342131191,45865
342139070,45862
342146677,45854
342154519,45857
342162141,45850
342170028,45845
342177693,45831
342185468,45842
342193078,45838
342199939,45829
342207786,45827
342215440,45832
342223260,45815
342231421,45729
342239338,45731
342246893,45731
342254688,45731
342262240,45735
342270147,45728
342277115,45721
342284727,45717
342292586,45717
342300214,45721
342308133,45723
342315739,45713
342323577,45719
342331188,45716
342339019,45701
342353512,45678
342361327,45677
342368914,45672
342376761,45674
342384378,45670
342392227,45665
342399807,45675
342407674,45670
342415304,45661
342423191,45663
342430816,45670
342438659,45661
342446827,45670
342454648,45667
342469188,45662
342477100,45671
342483987,45655
342491597,45668
342499479,45662
342507096,45665
342513899,45663
342521704,45664
342529291,45666
342537162,45669
342544785,45658
342552634,45661
342560244,45664
342568097,45660
342575701,45664
342590347,45648
342597964,45656
342605833,45654
342613474,45648
342621311,45651
342628927,45649
342636803,45647
342644464,45657
342651965,45645
342659861,45646
342667474,45649
342675324,45649
342682935,45660
342690809,45650
342705344,45697
342713237,45695
342720861,45689
342728718,45698
342736328,45699
342744260,45696
342751856,45708
342759731,45705
342767334,45664
342775205,45708
342782768,45707
342790604,45704
342798197,45714
342806072,45718
342813672,45710
342821506,45714
342829154,45715
342836957,45714
342843830,45718
342851450,45717
342859300,45720
342867600,45724
342874842,45720
342882479,45719
342889353,45715
342897229,45715
342904780,45714
342912598,45721
342920199,45718
342928030,45719
342935660,45719
342943521,45753
342951163,45751
342959066,45755
342966676,45755
342974536,45762
342982132,45757
342989960,45758
342997607,45758
343005466,45763
343013076,45769
343020904,45763
343028592,45766
343036416,45772
343044065,45778
343050909,45772
343065623,45805
343073774,45804
343081644,45807
343089254,45808
343097126,45816
343104719,45813
343112503,45815
343120101,45817
343127956,45810
343135587,45815
343143423,45817
343151050,45812
343158881,45810
343180076,45723
343187906,45719
343195518,45715
343202387,45718
343210292,45718
343217864,45716
343225730,45710
343233372,45711
343241230,45708
343248108,45707
343255675,45707
343263511,45705
343271146,45698
343279062,45694
343287337,45697
343295258,45658
343302819,45646
343310645,45653
343318242,45654
343326140,45654
343333722,45649
343341563,45653
343348442,45641
343356061,45640
343363853,45641
343371500,45640
343379293,45649
343386939,45641
343394801,45646
343402447,45635
343410385,45637
343417998,45610
343425845,45601
343433500,45614
343440379,45604
343448236,45608
343455828,45608
343463698,45604
343471337,45601
343479173,45608
343486799,45601
343494624,45596
343502763,45600
343510589,45600
343518184,45599
343526043,45601
343532923,45597
343540588,45626
343548474,45632
343556114,45629
343563970,45626
343571628,45635
343579469,45631
343586311,45627
343593948,45622
343601763,45624
343608655,45628
343616310,45616
343624192,45625
343631774,45629
343639627,45624
343647221,45621
343654065,45637
343661865,45662
343669462,45656
343677338,45658
343684927,45662
343692802,45667
343700360,45671
343708891,45674
343716541,45675
343724312,45681
343731901,45678
343739754,45690
343747365,45696
343755229,45686
343762802,45695
343769706,45695
343784377,45747
343791940,45750
343799787,45755
343807394,45756
343815257,45755
343822850,45750
343830679,45757
343838302,45764
343846164,45765
343853769,45765
343861576,45768
343869216,45769
343877097,45770
343884696,45770
343892537,45773
343900179,45841
343908029,45844
343916291,45852
343923216,45852
343931072,45855
343938712,45861
343945594,45860
343953459,45849
343961094,45860
343968963,45864
343976577,45856
343984455,45868
343992073,45867
343999891,45872
344007510,45869
344022195,45921
344029802,45925
344037597,45922
344045199,45933
344053060,45934
344060669,45931
344068480,45922
344076134,45934
344083942,45931
344090813,45936
344098408,45942
344106251,45942
344113886,45936
344121717,45941
344129930,45939
344137815,45866
344145478,45864
344153348,45856
344160979,45861
344168880,45857
344176521,45854
344183366,45847
344191266,45840
344198804,45832
344206630,45838
344214249,45825
344222160,45825
344229771,45823
344237592,45812
344245212,45810
344253071,45810
344260685,45774
344268580,45769
344276228,45771
344283071,45774
344290921,45767
344298603,45767
344306419,45776
344313994,45766
344321857,45772
344329436,45774
344337922,45765
344345558,45763
344353436,45760
344361066,45764
344368938,45761
344383412,45736
344391251,45733
344398862,45743
344413312,45734
344420183,45740
344427792,45735
344435634,45733
344443257,45736
344451178,45733
344458772,45728
344466576,45728
344474210,45729
344482113,45729
344488996,45730
344496671,45747
344504508,45740
344512153,45742
344518986,45750
344526803,45738
344534398,45744
344542253,45738
344549806,45748
344558297,45741
344565266,45746
344573162,45744
344580705,45754
344588527,45751
344596169,45747
344604014,45743
344618567,45747
344626377,45752
344633989,45752
344641845,45747
344649493,45755
344657311,45755
344664943,45758
344672806,45765
344680492,45760
344688298,45761
344695862,45758
344703704,45760
344711303,45764
344719164,45758
344726763,45759
344734542,45804
344742168,45804
344750081,45809
344757703,45818
344766174,45805
344773753,45812
344780628,45808
344788457,45807
344796038,45808
344803904,45818
344811572,45818
344819386,45822
344827011,45817
344834891,45817
344842492,45830
344857221,45843
344864784,45838
344872628,45842
344879518,45850
344887142,45848
344895008,45848
344902629,45848
344910427,45852
344917998,45847
344925845,45847
344933430,45853
344941288,45854
344948874,45851
344956733,45849
344964373,45851
344972910,45890
344980572,45898
344988393,45897
344996017,45895
345003867,45896
345011516,45898
345018344,45901
345026289,45909
345033889,45906
345041723,45904
345048584,45902
345056205,45911
345064047,45911
345071698,45909
345079509,45915
345087157,45906
345095051,45907
345102660,45905
345110444,45903
345118041,45902
345125841,45898
345133502,45898
345141412,45892
345149052,45887
345156878,45886
345164519,45880
345172392,45885
345180511,45882
345188366,45881
345196004,45870
345203861,45875
345217607,45795
345225231,45796
345233091,45793
345239944,45787
345247594,45792
345255424,45791
345263004,45788
345270848,45785
345278455,45782
345286311,45781
345293898,45782
345301794,45779
345309402,45779
345317240,45779
345324834,45778
345332663,45752
345340302,45749
345348194,45745
345355781,45750
345363641,45746
345371256,45751
345379143,45748
345386696,45746
345395160,45742
345402749,45743
345410576,45751
345418190,45740
345426057,45746
345433743,45740
345441517,45741
345455972,45717
345463827,45720
345471417,45723
345478350,45720
345486244,45727
345493112,45727
345500751,45720
345508604,45721
345516228,45725
345524074,45727
345531689,45725
345539547,45729
345547177,45729
345554969,45724
345562635,45723
345577266,45727
345584840,45721
345592657,45724
345599536,45719
345607821,45734
345615651,45721
345623290,45721
345631184,45721
345638833,45726
345646647,45715
345660865,45730
345668751,45722
345676371,45724
345691260,45754
345698888,45745
345706801,45757
345713664,45759
345721300,45758
345729175,45760
345736747,45767
345744593,45772
345752222,45768
345760090,45762
345766970,45756
345774629,45772
345782436,45761
345790040,45770
345797885,45773
345805528,45788
345813417,45790
345820930,45782
345828613,45796
345836413,45779
345843986,45787
345851816,45784
345859456,45783
345867301,45789
345874911,45782
345882760,45784
345890377,45783
345898255,45776
345905840,45781
345913667,45783
345928159,45815
345936006,45818
345942905,45820
345950571,45820
345958366,45822
345965940,45827
345973759,45824
345981399,45821
345989267,45814
345996862,45830
346004661,45823
346012297,45828
346020199,45824
346028428,45828
346036356,45822
346043957,45864
346051799,45867
346058654,45872
346066282,45875
346073208,45872
346081057,45874
346087965,45875
346095616,45876
346103405,45877
346111027,45873
346118862,45876
346125712,45880
346133301,45879
346141204,45883
346148833,45885
346156695,45880
346171139,45775
346177970,45783
346185763,45780
346192579,45768
346200225,45765
346207091,45761
346214935,45757
346222581,45765
346230436,45757
346238029,45744
346246461,45751
346254091,45749
346261942,45748
346269580,45745
346277363,45736
346284944,45701
346292824,45698
346299706,45706
346307306,45702
346315192,45697
346322756,45689
346330567,45683
346338203,45686
346346080,45678
346353717,45682
346361550,45691
346369156,45688
346376999,45679
346384633,45683
346392479,45684
346400084,45685
346407981,45657
346414901,45654
346422555,45644
346430403,45642
346437995,45646
346445786,45643
346454027,45642
346461882,45645
346469513,45650
346477425,45650
346484310,45637
346491907,45643
346499798,45643
346507396,45643
346515299,45636
346529776,45634
346536625,45640
346544463,45637
346552052,45635
346559877,45639
346567534,45636
346575357,45640
346582955,45647
346590768,45642
346598341,45643
346605198,45639
346613130,45638
346620750,45633
346628598,45640
346636199,45638
346643999,45624
346651673,45622
346659520,45621
346667744,45632
346674582,45630
346682390,45630
346690001,45634
346697855,45632
346705472,45632
346713346,45635
346720320,45638
346728176,45642
346735753,45634
346743614,45638
346751214,45636
346759098,45643
346766732,45682
346774594,45683
346782213,45689
346790039,45688
346797688,45693
346805555,45688
346813198,45699
346821029,45697
346828658,45699
346836461,45704
346844053,45701
346851857,45703
346859474,45704
346867328,45705
346875618,45704
346890365,45744
346904888,45748
346911813,45744
346919408,45741
346927260,45750
346934834,45750
346942741,45746
346950374,45750
346957207,45744
346965080,45749
346972755,45747
346980605,45752
346988222,45756
346996087,45753
347003707,45799
347011560,45808
347018430,45809
347026076,45807
347033931,45809
347041564,45811
347049351,45814
347056990,45808
347064818,45816
347072420,45820
347080297,45815
347088560,45818
347096397,45815
347104018,45817
347111859,45820
347126325,45813
347134149,45813
347141738,45803
347148580,45806
347156426,45799
347164007,45803
347171905,45794
347179516,45790
347187379,45778
347195020,45780
347202917,45779
347210560,45779
347218395,45774
347226044,45765
347233963,45762
347241619,45698
347249417,45694
347256321,45701
347263918,45700
347271771,45697
347279373,45696
347286232,45698
347294167,45692
347302470,45696
347310274,45690
347317381,45686
347325245,45692
347332824,45693
347340679,45693
347348285,45688
347356180,45677
347363797,45651
347371636,45650
347379268,45651
347387182,45652
347394788,45650
347402685,45656
347410368,45648
347418244,45648
347425894,45649
347432737,45650
347440558,45644
347448188,45644
347455987,45648
347463633,45648
347471483,45645
347485926,45639
347493805,45633
347501397,45625
347508888,45636
347516743,45639
347524368,45631
347532226,45633
347539794,45637
347547641,45634
347554486,45645
347562135,45637
347569940,45642
347577545,45639
347585379,45638
347593022,45636
347600847,45649
347608474,45651
347616335,45654
347623931,45651
347631767,45642
347639398,45642
347646232,45650
347654084,45635
347661695,45648
347669482,45645
347677112,45637
347684975,45645
347692639,45637
347700492,45635
347708134,45646
347716591,45639
347724237,45683
347732103,45677
347739726,45675
347747629,45677
347755292,45676
347762196,45688
347770061,45678
347777667,45683
347785432,45685
347793016,45686
347800851,45689
347808476,45681
347816325,45691
347823935,45701
347831776,45695
347846223,45723
347854055,45720
347861669,45708
347868488,45723
347876350,45720
347883214,45717
347890820,45718
347898624,45716
347906267,45722
347914152,45723
347921772,45726
347930284,45721
347937881,45734
347945701,45733
347953336,45730
347961212,45768
347968804,45754
347976653,45764
347983530,45762
347991118,45758
347997956,45763
348005852,45768
348013465,45769
348021373,45770
348028950,45771
348036864,45775
348044466,45768
348052354,45770
348059976,45777
348067850,45777
348075462,45779
348083324,45786
348090937,45782
348098819,45783
348106414,45783
348114307,45782
348121898,45776
348129714,45777
348144788,45781
348152418,45779
348160358,45767
348167980,45769
348175837,45762
348183473,45765
348191373,45755
348205886,45672
348213755,45662
348220642,45670
348227560,45655
348234420,45655
348242149,45651
348249949,45650
348257582,45652
348265384,45647
348272266,45646
348279857,45648
348287689,45648
348295326,45641
348303239,45643
348310863,45643
348318697,45599
348326321,45603
348334235,45593
348341806,45592
348348685,45595
348357213,45586
348364820,45588
348372669,45590
348380271,45587
348387125,45579
348395005,45584
348402648,45582
348410422,45580
348418021,45580
348425902,45581
348433554,45573
348441425,45553
348449020,45555
348456817,45562
348463682,45560
348471308,45551
348479185,45561
348486786,45555
348494609,45553
348502231,45558
348510142,45557
348517748,45553
348525561,45555
348533174,45564
348540977,45555
348548649,45562
348556488,45563
348564768,45565
348572647,45554
348580257,45561
348588096,45559
348594988,45560
348602682,45563
348610528,45552
348618145,45562
348625992,45570
348633677,45570
348641501,45556
348649100,45558
348656958,45559
348664574,45568
348672422,45573
348686921,45588
348694789,45583
348701649,45589
348709261,45593
348717156,45592
348724732,45591
348732540,45595
348740205,45602
348748067,45593
348755746,45589
348763535,45589
348771658,45595
348779539,45595
348787144,45599
348794946,45604
348802571,45644
348810396,45640
348818036,45640
348825880,45635
348832719,45638
348840335,45644
348848186,45639
348855736,45633
348863509,45651
348870348,45640
348877956,45645
348885845,45648
348893475,45653
348901345,45653
348908936,45649
348916764,45646
348924376,45685
348932253,45681
348939877,45683
348947705,45687
348955314,45657
348963179,45686
348970759,45685
348978584,45690
348986764,45690
348994572,45685
349002211,45700
349010047,45685
349017698,45702
349025520,45701
349033163,45707
349047822,45741
349055431,45745
349062349,45744
349069242,45751
349077111,45744
349084730,45749
349092599,45747
349100244,45752
349108048,45750
349115633,45755
349123466,45759
349131106,45754
349138945,45756
349146628,45761
349154505,45761
349162125,45735
349169988,45735
349177594,45728
349185392,45724
349192891,45713
349200539,45720
349208380,45712
349215971,45709
349223867,45707
349230776,45692
349238396,45695
349246228,45699
349253797,45690
349261638,45692
349269257,45684
349277136,45678
349284755,45618
349292590,45616
349300233,45616
349308052,45613
349315666,45622
349323522,45612
349331051,45618
349338919,45616
349346567,45607
349354424,45617
349362031,45609
349369875,45605
349377515,45611
349392050,45604
349399691,45548
349408246,45542
349415902,45542
349422124,45544
349430015,45542
349437702,45534
349445551,45536
349453154,45530
349461030,45527
349467903,45531
349475538,45518
349483351,45526
349490931,45520
349498737,45520
349506357,45526
349514221,45519
349521834,45497
349529654,45502
349537285,45501
349545199,45499
349552095,45507
349559765,45508
349567598,45504
349575196,45496
349583024,45507
349590649,45512
349598452,45511
349606073,45507
349613957,45507
349622200,45510
349630059,45508
349637680,45507
349645522,45493
349653094,45488
349659359,45499
349667163,45499
349674786,45497
349682649,45496
349690274,45491
349698111,45495
349705007,45497
349712687,45491
349720530,45495
349728160,45498
349735976,45499
349743611,45500
349751437,45496
349765894,45520
349773729,45527
349779833,45529
349787410,45531
349794288,45527
349802148,45534
349809758,45536
349817603,45531
349824493,45531
349832757,45535
349840590,45536
349848203,45531
349856074,45542
349863668,45543
349871456,45539
349879082,45575
349886971,45578
349894588,45573
349902443,45575
349910046,45578
349917868,45583
349925448,45582
349933345,45600
349940928,45587
349948845,45595
349956465,45585
349964346,45592
349971935,45595
349979775,45590
349987399,45590
349995230,45597
350002805,45619
350010678,45622
350016815,45617
350024437,45619
350032308,45630
350040475,45625
350048366,45629
350055956,45631
350062798,45626
350070625,45628
350078290,45628
350086164,45632
350093770,45627
350101633,45624
350109241,45632
350117069,45633
350124674,45683
350131522,45685
350139367,45683
350147020,45683
350154838,45692
350162446,45686
350170333,45695
350177882,45688
350185688,45699
350193323,45698
350201203,45697
350208802,45698
350216638,45705
350224250,45704
350232088,45707
350247200,45656
350255011,45654
350262616,45651
350270451,45642
350278048,45647
350285953,45641
350293577,45635
350301415,45638
350309007,45629
350316833,45640
350324446,45627
350332338,45636
350339934,45627
350347791,45622
350355435,45622
350363339,45597
350370212,45620
350377081,45597
350384729,45595
350392563,45594
350400174,45586
350408013,45593
350415698,45584
350423475,45581
350431114,45577
350439006,45570
350446681,45583
350455170,45576
350462761,45581
350470540,45578
350485056,45524
350492914,45526
350500555,45527
350508410,45525
350515968,45528
350522821,45527
350530621,45530
350538249,45515
350545134,45515
350552993,45511
350560646,45515
350568477,45513
350576090,45514
350583923,45517
350591557,45514
350606335,45514
350613935,45520
350621805,45519
350636398,45521
350644032,45526
350651935,45528
350659529,45535
350667358,45532
350675678,45529
350683510,45518
350691088,45519
350698955,45523
350706623,45524
350714439,45524
350722034,45519
350729888,45525
350736744,45513
350744332,45513
350752252,45519
350759866,45524
350767672,45513
350775294,45522
350782213,45524
350790051,45519
350797695,45523
350805480,45524
350813091,45519
350820940,45512
350828618,45517
350836484,45561
350844089,45569
350851939,45577
350859579,45571
350867405,45574
350875050,45569
350882490,45568
350890394,45580
350897987,45580
350905836,45582
350913458,45585
350921336,45584
350928896,45586
350936766,45582
350944413,45590
350959192,45625
350966803,45623
350974610,45627
350982228,45630
350990069,45632
350997716,45634
351005512,45633
351013167,45630
351020021,45623
351027878,45630
351035448,45629
351043310,45630
351050884,45634
351058704,45633
351066305,45601
351074173,45677
351081801,45679
351090239,45672
351097864,45675
351105736,45689
351113358,45684
351121267,45680
351128902,45688
351136772,45689
351144372,45686
351152290,45684
351159947,45693
351167819,45693
351175455,45702
351183346,45695
351197770,45734
351204625,45738
351212419,45731
351220056,45734
351227932,45730
351235583,45731
351243399,45731
351250962,45730
351257819,45730
351265690,45717
351273286,45721
351281164,45709
351288832,45708
351296646,45704
351304868,45705
351312701,45603
351320301,45596
351328155,45597
351335004,45593
351342638,45584
351350454,45595
351358064,45590
351365914,45581
351373501,45586
351381356,45573
351388956,45575
351396790,45582
351404433,45575
351412318,45574
351419914,45571
351427751,45570
351435403,45540
351443259,45538
351450877,45522
351458742,45538
351466354,45533
351474285,45525
351481930,45526
351488800,45522
351496681,45529
351504324,45528
351512779,45521
351520434,45518
351528296,45524
351535944,45521
351543775,45519
351558239,45492
351566082,45495
351572953,45492
351580593,45491
351588490,45490
351596103,45486
351604027,45492
351611700,45494
351618609,45494
351626445,45485
351634086,45490
351641992,45484
351649644,45495
351657466,45488
351665057,45487
351672967,45485
351680610,45480
351688485,45474
351696130,45487
351703969,45484
351711579,45490
351720111,45486
351727737,45475
351735583,45481
351743229,45481
351751051,45483
351758706,45477
351766572,45475
351774220,45478
351782056,45479
351796602,45487
351803460,45489
351811380,45482
351818986,45492
351826856,45493
351834465,45485
351842369,45484
351849898,45487
351856768,45492
351864633,45484
351879106,45492
351886791,45494
351894702,45492
351902351,45495
351910270,45552
351917153,45539
351924809,45552
351932586,45546
351940860,45550
351948690,45554
351956312,45551
351964199,45568
351971032,45550
351978689,45563
351986571,45559
351994230,45567
352002064,45573
352009711,45562
352017552,45573
352025227,45570
352033089,45596
352040743,45603
352047527,45598
352055353,45602
352063013,45605
352070846,45606
352078454,45603
352086335,45598
352093989,45609
352101855,45615
352109467,45617
352117359,45619
352124981,45627
352132827,45622
352140467,45630
352155284,45681
352162865,45681
352170710,45674
352178325,45678
352186155,45680
352193755,45680
352201591,45671
352209218,45673
352217074,45672
352224706,45675
352232553,45678
352240188,45674
352248008,45682
352255608,45679
352263420,45683
352270987,45735
352278854,45734
352285728,45733
352293368,45732
352301231,45733
352308830,45741
352316669,45739
352324306,45736
352332106,45734
352339731,45726
352347549,45727
352355762,45726
352363588,45722
352371204,45712
352379051,45712
352392784,45582
352400396,45582
352408296,45580
352415899,45584
352423733,45584
352431339,45578
352439181,45580
352446786,45567
352453687,45566
352461484,45577
352469097,45578
352476983,45570
352484629,45566
352492495,45568
352500087,45569
352507921,45519
352515512,45516
352523342,45516
352530925,45521
352538789,45521
352546409,45509
352554296,45513
352562458,45501
352570393,45504
352577199,45512
352584813,45510
352592593,45503
352600247,45503
352608163,45502
352615814,45507
352623673,45508
352630514,45472
352638110,45468
352645965,45460
352653573,45461
352661381,45466
352668971,45462
352676831,45459
352684449,45456
352692334,45448
352699903,45459
352707720,45453
352715360,45459
352723235,45457
352730810,45458
352738641,45451
352753148,45450
352761028,45447
352767898,45445
352776117,45450
352783975,45440
352791604,45447
352799432,45445
352806990,45445
352813839,45447
352820653,45449
352828470,45449
352836029,45453
352843873,45448
352851486,45449
352859344,45446
352873061,45444
352880745,45441
352887589,45441
352895494,45446
352903132,45448
352910945,45444
352918531,45443
352926350,45443
352933252,45447
352940176,45454
352947827,45458
352955692,45453
352963342,45458
352971227,45461
352978831,45467
352987310,45502
352994872,45498
353002685,45500
353010296,45490
353018173,45505
353025802,45505
353033603,45508
353041206,45503
353048999,45514
353055897,45519
353063479,45517
353071368,45508
353078928,45512
353086763,45510
353094419,45516
353102313,45519
353109192,45568
353123636,45569
353131270,45570
353139176,45566
353146847,45568
353154702,45564
353162327,45566
353169230,45570
353177088,45567
353184706,45568
353192541,45574
353200715,45581
353208586,45571
353216205,45574
353230939,45630
353238535,45622
353245409,45634
353253303,45633
353260876,45634
353268713,45640
353276351,45634
353284249,45637
353291845,45637
353299667,45645
353307296,45654
353315120,45643
353322724,45652
353330552,45651
353338151,45655
353345031,45633
353352931,45618
353360647,45616
353368469,45613
353376073,45615
353383927,45609
353391504,45610
353399374,45603
353406947,45605
353415391,45596
353422986,45590
353430825,45588
353438432,45580
353446324,45571
353453871,45576
353461661,45578
353469283,45537
353477098,45529
353483967,45535
353491573,45543
353499414,45537
353506999,45532
353514874,45527
353522473,45526
353529334,45522
353537181,45526
353544815,45518
353552583,45520
353560211,45522
353568049,45523
353575715,45518
353583495,45493
353591085,45496
353598933,45502
353606578,45497
353614425,45495
353622646,45487
353630441,45490
353638032,45493
353645869,45487
353653476,45496
353660376,45488
353668237,45493
353675856,45493
353683702,45493
353691312,45490
353699182,45489
353706794,45488
353714567,45483
353722202,45483
353730035,45485
353737658,45489
353745517,45488
353753143,45491
353761001,45490
353768664,45492
353776526,45500
353784117,45488
353791951,45499
353799552,45495
353807409,45490
353814993,45496
353821849,45496
353830331,45513
353837905,45518
353844796,45510
353852651,45508
353860255,45515
353868139,45513
353875765,45516
353883656,45514
353890559,45519
353898210,45517
353906037,45519
353913662,45516
353921489,45514
353929109,45516
353936968,45516
353951521,45566
353959384,45563
353966979,45572
353974807,45568
353982421,45572
353990313,45577
353997927,45582
354005780,45584
354013398,45587
354021319,45577
354028900,45591
354036725,45583
354044917,45582
354052737,45588
354059588,45591
354067165,45633
354075012,45629
354082653,45633
354090472,45639
354098078,45642
354105953,45636
354113612,45642
354121436,45645
354129058,45645
354136918,45650
354144548,45651
354152416,45654
354159998,45658
354167877,45653
354175474,45656
354190214,45711
354197833,45705
354204688,45706
354212497,45715
354220111,45716
354228002,45710
354235616,45721
354243492,45715
354251747,45702
354259558,45718
354266427,45721
354274078,45716
354281906,45719
354289519,45727
354297413,45686
354304985,45677
354312819,45673
354320445,45671
354328334,45666
354335898,45656
354343735,45650
354351380,45651
354365848,45644
354373682,45641
354381380,45634
354389277,45636
354396869,45630
354404729,45628
354412361,45623
354427079,45566
354434781,45562
354441589,45569
354449403,45562
354456988,45564
354465399,45562
354472968,45567
354480804,45556
354488444,45559
354496331,45561
354503190,45555
354510836,45549
354518668,45551
354526309,45550
354534153,45554
354541756,45508
354549559,45505
354557174,45505
354565040,45506
354572667,45502
354580497,45508
354588125,45514
354595956,45496
354603567,45502
354611455,45507
354619050,45510
354626904,45502
354634548,45499
354642408,45501
354650005,45496
354663733,45500
354671502,45508
354679019,45494
354686676,45509
354694468,45496
354702062,45505
354709956,45502
354717558,45500
354725386,45501
354732298,45499
354739884,45501
354746756,45494
354754629,45503
354762258,45512
354770091,45513
354783802,45505
354791378,45502
354798223,45504
354806045,45499
354813681,45502
354821489,45514
354829107,45503
354836965,45501
354844561,45503
354851458,45507
354859341,45508
354866159,45511
354873811,45513
354881647,45518
354889891,45510
354903677,45563
354911456,45570
354918357,45567
354925916,45571
354933734,45569
354941379,45569
354949255,45569
354956881,45572
354964703,45568
354972311,45580
354980195,45577
354987088,45580
354994732,45571
355002507,45577
355010117,45574
355017962,45635
355025569,45629
355033446,45638
355041020,45635
355048838,45640
355056440,45633
355064317,45637
355071881,45636
355079749,45638
355087381,45646
355095250,45640
355102764,45644
355110388,45645
355118258,45656
355125869,45649
355133756,45636
355141386,45690
355149264,45694
355156138,45695
355163761,45694
355171600,45697
355179231,45696
355187068,45699
355194705,45697
355202480,45688
355210086,45702
355217972,45706
355225565,45705
355233423,45703
355241009,45704
355248834,45719
355255690,45713
355263314,45717
355271120,45715
355278762,45714
355286577,45708
355294195,45707
355302047,45705
355310265,45704
355318104,45702
355325777,45698
355332717,45694
355340541,45685
355348146,45683
355356006,45682
355363676,45681
355371494,45673
355379088,45588
355386980,45574
355394550,45586
355402410,45586
355410037,45580
355417912,45582
355425527,45584
355433421,45578
355441022,45581
355448841,45582
355456448,45586
355464319,45579
355471931,45577
355479811,45572
355487449,45581
355501237,45538
355509062,45539
355517251,45533
355525141,45529
355532765,45528
355540582,45530
355548188,45532
355556086,45533
355563770,45524
355570641,45531
355578456,45522
355585975,45520
355593798,45525
355601403,45528
355615898,45516
355623792,45518
355631431,45512
355639330,45516
355646941,45516
355654768,45517
355662350,45508
355670255,45506
355677959,45512
355684811,45507
355692640,45510
355700281,45505
355707176,45497
355715039,45510
355722688,45506
355729533,45511
355737965,45531
355745676,45531
355753483,45533
355761049,45527
355768901,45522
355776503,45526
355784389,45524
355791968,45525
355799818,45518
355807436,45530
355815324,45519
355822915,45511
355830730,45520
355838338,45514
355845168,45514
355859817,45529
355867433,45527
355875281,45528
355882887,45531
355890710,45535
355898332,45534
355906234,45538
355913806,45542
355921572,45530
355929164,45545
355937015,45540
355945315,45558
355953150,45546
355960802,45553
355968623,45558
355976213,45598
355984033,45592
355991681,45603
355999462,45605
356007048,45599
356014931,45605
356022561,45603
356030440,45605
356038061,45604
356044892,45602
356052670,45599
356060271,45597
356068086,45607
356075733,45600
356083614,45603
356098126,45638
356105976,45641
356113581,45645
356120493,45641
356128374,45648
356135941,45648
356143800,45651
356152065,45659
356159967,45654
356167604,45661
356175467,45668
356183098,45667
356190941,45668
356198516,45671
356205475,45663
356213353,45697
356220905,45698
356228732,45702
356236356,45700
356244230,45698
356251844,45703
356259627,45709
356267201,45700
356275072,45707
356282691,45705
356290531,45711
356298185,45719
356306008,45712
356313640,45718
356321474,45712
356335947,45626
356343750,45629
356351390,45621
356359247,45607
356367534,45610
356375451,45606
356383015,45610
356390816,45609
356398452,45597
356405288,45606
356413111,45598
356420803,45600
356428634,45603
356436269,45590
356443113,45585
356450948,45565
356458536,45571
356466436,45564
356474026,45563
356480895,45562
356488722,45562
356496381,45566
356504255,45565
356511868,45550
356519683,45556
356526522,45556
356534126,45551
356541976,45553
356549604,45558
356556484,45556
356563361,45555
356578858,45549
356586661,45558
356594293,45553
356601158,45556
356609056,45557
356616702,45548
356624554,45554
356632161,45546
356640003,45551
356647628,45549
356655466,45539
356663042,45551
356670891,45539
356678472,45550
356686367,45549
356693982,45580
356701818,45581
356709412,45583
356717308,45584
356724924,45588
356732735,45588
356740379,45583
356748234,45589
356755853,45594
356763648,45594
356771238,45594
356779090,45595
356787342,45601
356794176,45601
356801056,45596
356815863,45607
356823512,45609
356831412,45611
356838978,45617
356853434,45610
356861304,45592
356868939,45616
356876872,45610
356884512,45611
356892398,45611
356899982,45616
356907788,45615
356913992,45624
356921615,45623
356929443,45677
356937049,45675
356944948,45689
356952526,45687
356959436,45689
356967358,45690
356974977,45691
356982812,45686
356990432,45690
356998888,45694
357006557,45703
357014440,45706
357022048,45705
357028942,45701
357036803,45708
357044438,45703
357052336,45730
357059929,45728
357067736,45736
357075386,45725
357083249,45730
357090871,45734
357098720,45738
357106350,45734
357114177,45733
357121019,45732
357128633,45740
357136486,45744
357144107,45743
357151933,45740
357159559,45746
357167468,45806
357175112,45798
357182949,45815
357190561,45817
357197490,45813
357205344,45822
357213614,45820
357221496,45824
357229058,45827
357236911,45833
357244486,45836
357252372,45826
357259943,45832
357267812,45834
357274718,45836
357282361,45842
357290241,45824
357297870,45816
357305669,45822
357313272,45816
357321079,45814
357328703,45812
357336512,45808
357344106,45813
357351936,45803
357359584,45801
357367493,45799
357375094,45798
357382916,45788
357389810,45786
357397404,45791
357412148,45749
357420421,45748
357428259,45757
357435882,45751
357443710,45749
357451353,45753
357459177,45755
357466779,45750
357474660,45745
357481508,45749
357489137,45749
357497020,45750
357504679,45748
357512535,45745
357520163,45746
357528004,45750
357535693,45743
357543509,45747
357551143,45737
357558025,45749
357565868,45747
357573510,45754
357581354,45743
357588960,45752
357596791,45749
357604454,45743
357612366,45748
357620021,45743
357628501,45738
357635395,45745
357642944,45739
357650719,45751
357658299,45737
357666141,45741
357673803,45750
357681695,45752
357689302,45754
357697160,45757
357704787,45752
357712639,45758
357720253,45759
357728096,45760
357735727,45755
357743544,45754
357750396,45765
357757272,45762
357764911,45757
357772772,45764
357780399,45768
357788229,45772
357795855,45767
357803677,45767
357811343,45765
357819213,45765
357826870,45767
357834696,45755
357842248,45764
357850102,45756
357857707,45761
357865560,45761
357872436,45758
357880074,45762
357887924,45804
357895538,45801
357903424,45811
357910996,45810
357917841,45802
357925594,45808
357933192,45812
357941062,45809
357948672,45813
357956501,45809
357963393,45815
357970953,45820
357978835,45818
357986453,45823
357993304,45822
358001136,45827
358008826,45836
358016626,45841
358024234,45841
358032066,45844
358038959,45847
358047160,45844
358055071,45842
358062694,45851
358070521,45850
358078111,45846
358085966,45847
358100444,45846
358107327,45852
358114985,45844
358122817,45853
358130444,45892
358138281,45895
358145892,45904
358152757,45902
358160554,45905
358168191,45898
358176031,45907
358183672,45898
358191492,45900
358198364,45909
358205959,45901
358213820,45906
358221454,45906
358228363,45913
358236200,45912
358243865,45912
358251700,45950
358259318,45951
358267774,45958
358275384,45954
358283260,45953
358290880,45958
358298683,45961
358306293,45963
358314146,45963
358321813,45967
358329581,45966
358337206,45966
358344093,45969
358351988,45968
358359608,45968
358374358,45887
358381929,45887
358389759,45885
358397358,45879
358405199,45882
358412855,45879
358420671,45873
358428283,45882
358436152,45866
358443798,45873
358451621,45873
358459231,45866
358467079,45871
358475288,45865
358483121,45863
358490793,45838
358498631,45842
358506223,45837
358513097,45840
358520950,45828
358528560,45825
358536479,45833
358544120,45828
358551975,45824
358558858,45824
358566471,45824
358574305,45821
358581911,45822
358588022,45826
358595606,45817
358610389,45785
358617976,45792
358625827,45789
358632710,45791
358640331,45795
358648155,45798
358655786,45790
358663573,45791
358671228,45790
358678097,45796
358686492,45788
358694065,45793
358701894,45784
358708789,45786
358716380,45784
358731035,45784
358738633,45776
358746494,45785
358754061,45784
358761930,45789
358769527,45792
358777394,45785
358785007,45788
358792859,45784
358800495,45783
358808375,45785
358815954,45784
358823844,45779
358831444,45788
358846141,45780
358853784,45777
358861521,45782
358869124,45786
358877002,45779
358884618,45778
358892468,45785
358900760,45783
358908552,45784
358916180,45784
358924026,45790
358931633,45785
358939516,45788
358946378,45790
358953956,45782
358961788,45816
358969415,45821
358977275,45827
358984911,45826
358991737,45827
358999548,45832
359007173,45835
359015028,45835
359022624,45834
359030481,45840
359038070,45840
359045928,45835
359053549,45842
359061427,45843
359069000,45846
359076833,45844
359084478,45868
359092342,45865
359099962,45868
359108430,45868
359116012,45873
359123882,45874
359131474,45877
359139360,45874
359147002,45879
359153838,45877
359161729,45877
359169381,45877
359177264,45876
359184167,45875
359191816,45867
359206486,45890
359214070,45895
359221886,45885
359229522,45899
359237382,45896
359244976,45888
359252811,45892
359260439,45899
359268279,45895
359275103,45886
359282737,45888
359290572,45889
359298187,45879
359306039,45880
359314207,45887
359321975,45921
359329542,45915
359344045,45926
359350935,45929
359358882,45924
359366569,45933
359374463,45922
359382111,45923
359388960,45928
359396777,45923
359404385,45933
359412296,45924
359419161,45933
359426794,45926
359434657,45928
359442291,45836
359450107,45837
359457704,45824
359465524,45822
359473144,45829
359481048,45820
359488703,45814
359496568,45812
359504204,45814
359512076,45804
359519736,45805
359527591,45806
359535882,45806
359543699,45792
359551348,45802
359558234,45761
359566101,45765
359573780,45765
359581576,45759
359588425,45753
359596053,45755
359603865,45754
359611535,45754
359619413,45751
359626324,45748
359633921,45781
359641798,45744
359649426,45743
359656292,45743
359664126,45742
359671731,45740
359678656,45704
359686507,45711
359694128,45707
359701999,45711
359708882,45700
359716450,45707
359724325,45715
359731977,45698
359739783,45707
359747392,45703
359755277,45715
359762925,45708
359770781,45704
359778419,45704
359786294,45705
359793864,45706
359801666,45714
359809329,45709
359817172,45714
359824084,45718
359831714,45710
359839519,45716
359847113,45713
359854969,45712
359862566,45712
359870409,45711
359878061,45715
359885911,45710
359892767,45721
359900399,45712
359908211,45712
359915846,45713
359923659,45708
359931286,45703
359939124,45707
359946755,45709
359955288,45713
359962884,45705
359970677,45705
359978302,45710
359985152,45705
359993071,45713
360000648,45706
360008600,45719
360016260,45715
360024113,45721
360031767,45724
360045824,45769
360053423,45766
360061310,45767
360068923,45761
360076773,45761
360084390,45769
360092254,45769
360099916,45768
360107705,45775
360115293,45771
360123100,45772
360130721,45770
360138531,45778
360146119,45780
360153958,45777
360162198,45804
360170080,45809
360177692,45803
360184566,45814
360192412,45809
360199979,45814
360207789,45814
360215393,45816
360223240,45812
360230892,45816
360238699,45819
360246340,45827
360253185,45823
360261041,45822
360268703,45831
360276565,45829
360284173,45876
360292057,45875
360299650,45882
360307545,45883
360315126,45881
360322987,45878
360330622,45884
360338509,45875
360345400,45880
360353024,45886
360360854,45885
360369079,45888
360376957,45889
360384593,45892
360392478,45894
360406935,45856
360414793,45863
360422460,45858
360430332,45852
360437905,45857
360445705,45846
360453350,45848
360461180,45842
360468815,45841
360476629,45833
360484259,45830
360491111,45827
360498969,45819
360506599,45816
360514510,45821
360522106,45761
360529952,45767
360537555,45753
360545468,45748
360553085,45748
360560921,45752
360568510,45746
360576346,45748
360590851,45744
360598514,45740
360605432,45741
360613347,45740
360621005,45739
360628905,45743
360642699,45720
360650321,45719
360658135,45718
360664996,45723
360672607,45716
360680487,45709
360688097,45719
360695905,45710
360703531,45719
360711406,45712
360719031,45708
360726896,45728
360734527,45708
360742418,45714
360750032,45727
360757908,45702
360765536,45695
360773390,45699
360780971,45706
360788788,45697
360796990,45701
360804816,45701
360812473,45703
360819362,45700
360827224,45705
360834879,45699
360842704,45710
360850313,45708
360858159,45705
360865786,45713
360880478,45713
360888030,45709
360895882,45712
360902756,45716
360910378,45711
360918160,45709
360925826,45712
360933666,45709
360940535,45702
360948181,45713
360956052,45711
360963661,45706
360971523,45714
360979082,45712
360986906,45710
361001397,45749
361008866,45743
361016721,45749
361023622,45747
361031269,45755
361039150,45755
361046805,45749
361054600,45758
361062190,45760
361070043,45747
361077658,45755
361085541,45758
361093155,45760
361100986,45761
361108616,45764
361116503,45794
361124122,45792
361131966,45803
361138845,45795
361146465,45801
361154353,45801
361161939,45801
361169779,45807
361177402,45806
361185245,45809
361192861,45801
361200720,45803
361207572,45813
361215820,45805
361223713,45807
361238230,45855
361246056,45847
361253616,45850
361261468,45845
361269015,45853
361276874,45853
361284508,45861
361292353,45856
361299211,45859
361306873,45860
361314783,45866
361322381,45855
361330206,45865
361337844,45872
361345672,45870
361353283,45918
361361119,45912
361368777,45915
361376587,45918
361384167,45918
361391986,45916
361399539,45919
361407433,45921
361415010,45924
361422887,45924
361431080,45923
361438917,45927
361445783,45925
361453393,45925
361461184,45931
361468842,45937
361476711,45882
361484351,45877
361491237,45876
361499132,45867
361506807,45857
361514617,45858
361522230,45854
361530073,45848
361537654,45850
361545488,45845
361553113,45843
361560976,45847
361568607,45841
361576529,45833
361584119,45836
361598808,45776
361606448,45760
361614317,45767
361621208,45769
361628841,45762
361637264,45766
361644907,45757
361652695,45758
361659525,45762
361667111,45758
361674957,45751
361682601,45748
361690483,45754
361698029,45743
361705871,45748
361713494,45715
361721364,45713
361729005,45713
361736841,45718
361744451,45713
361752291,45713
361759990,45714
361767831,45705
361775452,45714
361783249,45714
361790880,45710
361798691,45703
361805525,45706
361813118,45703
361821005,45710
361835455,45702
361843112,45709
361850871,45696
361857741,45697
361865334,45697
361873158,45696
361880810,45699
361888645,45698
361895566,45692
361903208,45697
361911063,45696
361918674,45708
361926541,45698
361934039,45701
361941863,45702
361956292,45678
361964140,45680
361971069,45684
361977921,45681
361985557,45675
361993439,45682
362001014,45677
362008831,45684
362015673,45680
362023258,45684
362031108,45687
362038750,45687
362046597,45682
362054170,45675
362062590,45686
362076996,45722
362084867,45719
362091734,45715
362099353,45713
362107199,45726
362114858,45723
362122675,45722
362130298,45719
362138145,45730
362145770,45730
362153599,45725
362161224,45731
362169111,45722
362176763,45725
362184617,45725
362192260,45771
362200128,45774
362207008,45771
362214637,45769
362222516,45772
362230127,45777
362237991,45771
362245614,45775
362253496,45779
362261070,45783
362268896,45776
362277056,45788
362283917,45789
362291699,45789
362299340,45782
362314109,45832
362321751,45824
362328643,45819
362336523,45829
362344098,45831
362351932,45830
362359551,45830
362367428,45834
362374363,45833
362381958,45835
362389775,45838
362397368,45844
362404220,45839
362412078,45840
362419702,45852
362434449,45889
362442041,45895
362449900,45895
362457537,45886
362465435,45911
362473036,45903
362480927,45909
362489130,45916
362496989,45915
362504668,45917
362512549,45918
362519412,45918
362527011,45910
362534863,45921
362542499,45918
362550381,45836
362557981,45832
362565791,45831
362573457,45829
362580312,45830
362588188,45819
362595830,45820
362603686,45819
362611301,45825
362619168,45823
362626880,45816
362634673,45819
362642293,45819
362650126,45804
362657766,45822
362672454,45786
362680105,45795
362688000,45789
362696226,45800
362704115,45792
362711753,45793
362719557,45787
362727115,45783
362733982,45789
362741788,45785
362749439,45794
362757338,45791
362764976,45784
362772799,45791
362780448,45790
362788268,45773
362795900,45784
362803678,45781
362811296,45774
362819141,45773
362826789,45779
362834564,45777
362842145,45776
362849994,45779
362857604,45776
362865445,45767
362873057,45770
362879906,45772
362887699,45769
362895334,45778
362910664,45816
362918270,45806
362926126,45802
362933032,45805
362940661,45812
362948565,45813
362956188,45813
362964044,45815
362971655,45818
362979524,45817
362987038,45826
362994908,45816
363002536,45821
363010451,45815
363018022,45816
363025871,45836
363033488,45835
363041395,45838
363048956,45844
363056740,45844
363063595,45838
363077789,45845
363085681,45842
363092665,45845
363100551,45847
363108140,45851
363115020,45846
363123468,45855
363131089,45854
363138949,45853
363146563,45918
363154441,45917
363162066,45925
363169933,45918
363177578,45924
363185489,45925
363193047,45936
363200925,45935
363207808,45927
363215395,45933
363223268,45937
363230874,45930
363238651,45929
363246254,45942
363254118,45934
363268610,45965
363276466,45979
363284016,45974
363291880,45973
363298791,45978
363306460,45982
363314348,45975
363321976,45982
363329431,45979
363337356,45979
363344959,45970
363352766,45973
363360423,45974
363368229,45981
363375883,45989
363383694,46031
363391274,46029
363399100,46034
363406678,46033
363414574,46035
363422180,46033
363430018,46040
363437641,46042
363444563,46041
363452410,46034
363460007,46037
363467854,46045
363474710,46046
363482343,46050
363490198,46056
363497837,46059
363505675,46010
363513343,46011
363521195,46011
363528886,45999
363536656,46004
363544921,45997
363552697,45999
363560353,45988
363568162,45993
363575798,45992
363583670,45994
363590541,45987
363598123,45986
363605947,45984
363613621,45980
363628379,45938
363635986,45933
363643808,45934
363651437,45930
363659226,45930
363666855,45926
363674644,45936
363682242,45935
363690110,45928
363697703,45929
363705585,45930
363713145,45927
363720953,45926
363728558,45929
363736437,45941
363744018,45961
363752445,45968
363760054,45963
363767909,45975
363775559,45968
363781677,45970
363789543,45968
363797133,45963
363803981,45963
363811826,45962
363819460,45965
363827377,45963
363835016,45972
363842855,45962
363850500,45959
363858335,45964
363865960,45992
363873769,45981
363881395,45984
363889219,45986
363896888,45982
363903685,45989
363911515,45985
363919091,45988
363926901,45992
363934527,45995
363942373,45988
363949973,45983
363958461,45996
363966044,45997
363973943,45993
363981569,45989
363989411,46001
363997040,45996
364004841,45996
364012466,45998
364019306,46002
364027152,46004
364034820,46010
364042636,46004
364050238,46006
364058040,46006
364065657,46010
364072567,46006
364080461,46004
364088051,46012
364095926,46007
364103562,46039
364111456,46040
364119042,46040
364126874,46043
364134499,46044
364142369,46054
364149966,46046
364157777,46053
364164637,46055
364172910,46052
364180734,46055
364188318,46056
364196151,46058
364203771,46048
364211685,46069
364219281,46063
364227102,46107
364234756,46109
364242596,46114
364250182,46116
364258026,46112
364265629,46118
364273517,46121
364281106,46115
364288921,46124
364296515,46124
364304424,46126
364317941,46125
364325817,46130
364333519,46131
364348212,46174
364355903,46176
364363754,46173
364371342,46176
364378257,46181
364386646,46185
364394255,46184
364401060,46179
364408885,46186
364416499,46191
364424383,46191
364431952,46186
364439750,46189
364447360,46188
364455183,46190
364462795,46251
364470608,46249
364478196,46258
364486077,46262
364493704,46260
364500600,46261
364508478,46277
364516061,46271
364523872,46272
364531444,46281
364539335,46267
364546247,46266
364553918,46266
364561764,46268
364569384,46273
364577208,46262
364584857,46176
364593363,46166
364600987,46170
364608798,46168
364616497,46161
364624376,46164
364632026,46162
364638870,46155
364646706,46147
364654330,46152
364662197,46154
364669827,46150
364677620,46147
364685211,46152
364693082,46147
364707579,46107
364715457,46109
364723016,46111
364730823,46107
364738449,46110
364746293,46113
364753919,46100
364761752,46107
364769362,46105
364777217,46098
364784074,46111
364791681,46100
364799549,46102
364807852,46106
364815733,46105
364823373,46073
364831187,46064
364838818,46067
364846615,46076
364854240,46069
364862117,46071
364869682,46070
364877602,46073
364885176,46071
364893052,46071
364899908,46076
364907513,46069
364915347,46074
364922940,46067
364930689,46078
364945149,46094
364952983,46093
364960624,46086
364968500,46096
364976074,46097
364983939,46092
364991578,46086
364999475,46096
365007056,46091
365015543,46098
365023129,46095
365030999,46098
365038665,46102
365046596,46104
365054197,46094
365062013,46109
365069634,46102
365077523,46103
365085097,46112
365092950,46107
365099851,46107
365107483,46104
365115339,46106
365122194,46107
365129818,46109
365137618,46110
365145230,46119
365153054,46116
365160670,46111
365168554,46118
365176124,46121
365183938,46165
365191523,46173
365199396,46173
365207020,46171
365214826,46170
365223029,46170
365230899,46175
365238549,46169
365246406,46174
365253996,46179
365260785,46178
365268640,46177
365276290,46177
365284141,46178
365291795,46181
365306587,46222
365314203,46221
365322075,46216
365329702,46217
365337563,46221
365345175,46223
365353040,46221
365359908,46228
365367527,46223
365375419,46224
365382989,46236
365390819,46229
365398411,46234
365406264,46240
365413914,46234
365421716,46278
365429892,46273
365437809,46274
365445421,46271
365453240,46280
365460118,46278
365467736,46280
365475644,46279
365483268,46281
365491107,46286
365498014,46279
365505646,46280
365513515,46286
365521075,46285
365528906,46289
365536538,46291
365544399,46330
365552025,46337
365566483,46345
365573366,46342
365581237,46339
365588911,46341
365595805,46353
365603652,46336
365611304,46334
365619151,46336
365626797,46339
365634662,46335
365642253,46338
365650663,46333
365665138,46237
365672984,46236
365680645,46232
365688539,46232
365696099,46231
365703932,46235
365711538,46228
365719384,46227
365726994,46222
365733798,46222
365741659,46222
365749296,46220
365757165,46213
365764796,46210
365772671,46212
365780330,46092
365788214,46211
365795817,46089
365803614,46086
365811243,46082
365819102,46085
365826698,46085
365834552,46082
365842123,46082
365850010,46086
365858243,46083
365866090,46085
365873655,46088
365881553,46081
365889175,46089
365903871,46078
365911514,46083
365919348,46083
365926986,46084
365933814,46085
365941635,46080
365949257,46077
365956109,46077
365963938,46080
365971579,46070
365979478,46076
365987044,46077
365994850,46070
366002409,46074
366010270,46074
366017923,46093
366025764,46084
366033402,46084
366041259,46085
366048922,46088
366056772,46088
366064869,46097
366072776,46076
366080436,46091
366088310,46078
366095238,46094
366102926,46087
366110778,46088
366118456,46088
366126270,46089
366140851,46103
366148754,46109
366156329,46095
366164181,46104
366171820,46105
366179661,46107
366187297,46107
366195150,46103
366202715,46106
366209641,46116
366217508,46107
366225102,46112
366232942,46106
366240550,46118
366248399,46120
366255989,46170
366263779,46165
366271393,46169
366279826,46178
366287442,46182
366294300,46182
366302202,46181
366309846,46184
366316708,46178
366324606,46180
366332187,46185
366340069,46187
366347734,46185
366355594,46179
366363233,46186
366371115,46182
366378722,46221
366386623,46228
366394171,46224
366402073,46224
366409714,46218
366417598,46229
366425204,46232
366433027,46234
366439922,46228
366447531,46233
366455364,46235
366462986,46240
366470772,46236
366478401,46235
366486871,46238
366501364,46297
366509238,46301
366516883,46293
366524731,46298
366532349,46296
366540253,46300
366547922,46309
366555707,46312
366563312,46312
366570241,46313
366578089,46320
366585681,46318
366593552,46308
366601131,46324
366609055,46322
366616674,46296
366624550,46286
366632139,46296
366639993,46289
366647587,46287
366654408,46289
366662209,46277
366669876,46280
366676728,46280
366683630,46274
366690535,46264
366698935,46266
366706576,46260
366714442,46252
366722035,46255
366729825,46253
366737436,46193
366745285,46191
366752916,46198
366760722,46187
366768351,46180
366775226,46189
366783100,46187
366790707,46191
366798571,46179
366812819,46177
366820752,46176
366828432,46179
366836282,46181
366843961,46174
366858646,46165
366866224,46151
366874063,46159
366881687,46153
366888608,46159
366896474,46150
366904048,46150
366910931,46148
366919451,46147
366927077,46152
366934856,46147
366942441,46142
366950284,46146
366957962,46150
366965813,46151
366973401,46139
366981289,46143
366988914,46140
366996709,46141
367004306,46145
367012160,46145
367019803,46144
367027676,46147
367035316,46145
367042201,46148
367050007,46137
367057620,46144
367065494,46150
367073023,46144
367080868,46155
367088529,46155
367096399,46169
367103997,46175
367111815,46168
367119423,46175
367126844,46171
367134667,46171
367142273,46175
367149109,46164
367156956,46174
367164587,46186
367172449,46169
367180039,46180
367187830,46179
367195434,46182
367203224,46178
367210896,46184
367218707,46226
367226343,46225
367234223,46233
367241826,46231
367249649,46234
367257229,46231
367265102,46235
367272690,46232
367280563,46236
367287425,46233
367295030,46234
367302855,46239
367310480,46242
367318259,46243
367325919,46247
367341195,46278
367348849,46281
367356688,46282
367364342,46286
367372211,46282
367379817,46279
367387651,46291
367395228,46294
367403098,46293
367410733,46290
367418587,46291
367426205,46296
367434055,46301
367441682,46291
367449515,46298
367457081,46353
367464918,46348
367472540,46357
367480407,46358
367487292,46364
367494987,46360
367502804,46368
367509659,46362
367517238,46357
367525087,46359
367532717,46362
367540590,46366
367548904,46363
367556709,46363
367564309,46367
367579052,46408
367586724,46404
367594629,46412
367602214,46407
367610100,46412
367617721,46415
367625615,46418
367633204,46415
367641040,46416
367647921,46420
367655586,46421
367663413,46428
367671050,46428
367678858,46434
367686489,46436
367694320,46490
367701979,46483
367709804,46480
367717382,46481
367725230,46484
367732852,46471
367740655,46475
367748247,46473
367756641,46471
367763507,46472
367771107,46453
367778911,46460
367786536,46453
367794399,46452
367802026,46450
367809845,46454
367817434,46347
367825280,46345
367832938,46343
367840767,46345
367847648,46348
367855257,46343
367863093,46345
367870681,46345
367878556,46349
367886118,46346
367893983,46343
367901645,46347
367909504,46344
367917095,46346
367924964,46343
367939408,46296
367947254,46292
367954882,46293
367963351,46288
367971028,46288
367978844,46287
367986474,46281
367993326,46288
368000203,46292
368008062,46283
368015651,46287
368023534,46277
368031171,46283
368039003,46280
368053523,46282
368061116,46276
368068998,46278
368076632,46285
368083569,46282
368091430,46282
368099015,46287
368106857,46284
368114491,46282
368122313,46283
368129183,46282
368136812,46285
368144667,46283
368152251,46283
368160096,46289
368167650,46286
368175553,46284
368183863,46280
368191682,46288
368199314,46278
368207172,46283
368214793,46285
368222724,46280
368229674,46287
368236523,46288
368244424,46289
368251297,46289
368258921,46285
368266729,46287
368274347,46284
368282164,46281
368289842,46281
368297741,46304
368305369,46306
368313214,46305
368320842,46303
368328651,46309
368336237,46310
368344138,46307
368351764,46312
368359661,46311
368366507,46307
368374138,46315
368381956,46314
368390078,46313
368397913,46309
368405500,46315
368413345,46355
368420992,46354
368428815,46360
368436410,46356
368444276,46358
368451937,46362
368459756,46361
368466741,46360
368474623,46360
368482288,46366
368490148,46364
368497743,46369
368505625,46370
368513196,46364
368521020,46370
368535512,46411
368543435,46411
368551085,46410
368558938,46416
368565839,46426
368573469,46411
368581299,46416
368588159,46422
368596426,46375
368604308,46424
368611954,46427
368619773,46433
368627408,46434
368635271,46426
368642943,46424
368650718,46472
368658325,46479
368666197,46483
368673815,46487
368681691,46487
368689302,46487
368697174,46492
368704035,46487
368711639,46493
368718518,46497
368726356,46491
368733958,46494
368741716,46503
368749330,46498
368757210,46500
368764862,46507
368772720,46558
368780321,46553
368788169,46553
368795755,46547
368803618,46546
368811958,46543
368819801,46551
368827466,46544
368834323,46545
368842139,46549
368849734,46546
368857601,46541
368865245,46532
368873091,46540
368880779,46537
368888628,46532
368896194,46458
368903991,46452
368911624,46454
368919525,46453
368926354,46447
368933995,46449
368941854,46450
368949465,46447
368957302,46449
368964959,46441
368972840,46444
368980436,46444
368988316,46441
368995965,46440
369003796,46439
369018970,46396
369026794,46395
369034408,46394
369042262,46394
369049887,46396
369057678,46396
369065292,46400
369072194,46392
369080067,46397
369087691,46382
369095556,46389
369103131,46397
369110972,46396
369118571,46397
369126348,46398
369133970,46399
369141831,46396
369149449,46396
369157308,46396
369164943,46388
369172746,46392
369180351,46391
369188166,46392
369195779,46395
369203631,46397
369211246,46387
369218167,46385
369226604,46388
369234194,46388
369241992,46391
369256469,46385
369264281,46398
369271950,46383
369279759,46397
369286608,46389
369301057,46390
369308013,46395
369315619,46396
369323465,46396
369331114,46389
369338944,46394
369346601,46385
369354507,46385
369362095,46400
369369922,46418
369377558,46427
369385365,46420
369392960,46420
369400735,46419
369408368,46425
369416220,46424
369423883,46422
369431711,46431
369439885,46431
369447726,46440
369454583,46432
369462126,46436
369469956,46442
369477633,46444
369492359,46510
369499992,46517
369507824,46519
369515463,46516
369522351,46521
369530215,46529
369537847,46532
369545673,46537
369553306,46536
369561165,46537
369568784,46534
369575683,46538
369583540,46535
369591105,46535
369598932,46545
369613477,46593
369621326,46592
369629011,46591
369636823,46600
369643694,46592
369651821,46589
369659715,46588
369667283,46593
369675134,46595
369682731,46595
369690602,46591
369698165,46602
369706000,46601
369713618,46598
369728311,46663
369735947,46676
369743781,46678
369751374,46671
369759221,46673
369766881,46678
369774681,46673
369781566,46682
369788462,46686
369796057,46685
369803901,46688
369811518,46691
369818367,46691
369826237,46693
369833908,46685
369848621,46712
369856212,46713
369864661,46712
369872274,46706
369879158,46705
369887038,46702
369894707,46690
369901600,46691
369908493,46691
369916339,46687
369923959,46684
369931749,46679
369939372,46675
369947234,46673
369954890,46672
369962735,46580
369970364,46581
369978240,46582
369985866,46576
369993670,46570
370001287,46570
370009127,46564
370016749,46566
370024642,46564
370032208,46568
370040042,46559
370047642,46567
370055485,46559
370063072,46560
370070897,46555
370086013,46499
370093912,46495
370101530,46504
370109448,46504
370117089,46498
370124865,46493
370132481,46502
370139310,46505
370147164,46509
370154805,46503
370162641,46501
370170234,46500
370178085,46499
370185704,46497
370193580,46493
370201155,46483
370209048,46491
370216655,46478
370224503,46479
370232127,46486
370238983,46488
370246811,46483
370254374,46477
370262225,46477
370269808,46482
370277706,46484
370285965,46483
370293833,46486
370300694,46480
370308282,46487
370316091,46480
370323693,46480
370331566,46476
370339220,46484
370347070,46483
370354703,46478
370362588,46480
370370200,46478
370378049,46477
370384914,46477
370392554,46488
370400341,46483
370408007,46486
370415834,46483
370423474,46490
370431314,46488
370438993,46487
370446750,46547
370454294,46553
370462118,46548
370469709,46553
370477612,46550
370485228,46548
370493664,46549
370500560,46548
370508124,46556
370516003,46551
370523647,46555
370531544,46559
370545846,46556
370560696,46585
370568288,46585
370576191,46560
370583806,46587
370591724,46590
370599311,46589
370607155,46591
370614030,46586
370620956,46586
370628592,46597
370636478,46602
370644100,46598
370651894,46606
370659535,46599
370667435,46601
370682049,46601
370689883,46603
370697493,46605
370705336,46604
370713651,46604
370721537,46609
370729131,46604
370735975,46609
370743831,46607
370751439,46608
370759364,46611
370766990,46607
370774800,46606
370782445,46612
370797117,46668
370804723,46671
370812555,46667
370820163,46679
370827994,46687
370834892,46687
370842544,46689
370850370,46688
370856590,46693
370864180,46696
370872039,46698
370879678,46695
370887575,46693
370895120,46700
370902989,46698
370917526,46769
370925966,46773
370933542,46782
370941351,46780
370948988,46784
370956812,46779
370964396,46790
370971288,46788
370979208,46791
370986834,46792
370994711,46793
371002294,46788
371010183,46795
371017833,46791
371032551,46699
371040122,46697
371047919,46690
371055557,46691
371063425,46684
371071035,46676
371078852,46682
371086496,46680
371092583,46681
371100435,46677
371108098,46674
371115898,46671
371123527,46667
371131950,46669
371139591,46664
371147482,46580
371155132,46573
371162930,46576
371170547,46572
371178435,46575
371186051,46576
371192870,46577
371200709,46563
371207573,46569
371214487,46559
371222090,46569
371229947,46555
371237586,46557
371245480,46558
371253081,46554
371260937,46556
371274632,46500
371282206,46504
371290064,46494
371297669,46498
371305556,46503
371312425,46501
371320044,46493
371326891,46499
371333745,46494
371341613,46501
371349921,46499
371357726,46499
371365344,46487
371373202,46492
371380869,46482
371388693,46476
371395578,46472
371403217,46475
371411068,46470
371418707,46470
371426654,46484
371433568,46478
371441140,46469
371448943,46474
371456578,46479
371464386,46482
371472006,46475
371479907,46475
371487523,46475
371495337,46476
371502987,46475
371510835,46485
371518424,46487
371526270,46487
371533911,46490
371541756,46484
371548634,46490
371556900,46491
371564686,46490
371571567,46488
371579165,46488
371586956,46496
371594540,46493
371602345,46485
371609997,46493
371617838,46493
371625462,46491
371633332,46525
371640995,46534
371648836,46529
371656413,46533
371664226,46539
371671832,46540
371679665,46541
371686525,46533
371694217,46531
371702171,46539
371709841,46540
371717720,46543
371725331,46541
371733191,46539
371740790,46539
371755563,46561
371763772,46556
371771706,46562
371786117,46555
371793757,46567
371801068,46567
371808033,46567
371815729,46564
371823679,46563
371831346,46565
371839298,46567
371846936,46570
371854822,46567
371862428,46572
371870213,46605
371877055,46600
371884713,46600
371892634,46598
371900189,46601
371907073,46596
371914934,46609
371922552,46605
371930392,46613
371938011,46612
371945827,46612
371953489,46606
371961376,46616
371968990,46618
371976785,46617
371985059,46665
371992897,46668
372000525,46662
372008364,46660
372016006,46662
372022917,46655
372030844,46650
372037781,46649
372045418,46652
372053264,46653
372060877,46650
372068715,46650
372076276,46642
372084117,46633
372091719,46641
372099591,46637
372107198,46551
372115066,46550
372122717,46552
372130558,46552
372138181,46549
372146019,46548
372153659,46549
372161552,46551
372168440,46547
372176109,46540
372184059,46547
372192392,46535
372200217,46537
372207858,46532
372215715,46536
372230172,46467
372236992,46473
372244782,46472
372252389,46460
372260212,46470
372267835,46479
372275696,46472
372283329,46479
372291218,46470
372298848,46466
372306712,46466
372314358,46468
372322194,46464
372329779,46469
372337644,46474
372345197,46445
372353057,46447
372360678,46446
372368554,46446
372376150,46432
372383046,46440
372390847,46446
372397693,46434
372405936,46440
372413756,46447
372421358,46443
372429202,46437
372436827,46443
372444755,46451
372452396,46442
372460227,46452
372467844,46452
372475674,46454
372483288,46449
372491129,46455
372498751,46452
372506683,46453
372514326,46452
372522182,46456
372529013,46454
372536609,46449
372544457,46447
372552119,46457
372559962,46454
372567656,46451
372575554,46452
372583156,46454
372591064,46477
372598726,46474
372606573,46476
372614909,46480
372621778,46474
372629677,46477
372636546,46479
372644138,46485
372651967,46487
372659572,46490
372667458,46490
372675100,46499
372682967,46487
372690594,46497
372698510,46500
372706124,46529
372713965,46531
372721581,46527
372729383,46530
372737031,46533
372744801,46526
372752442,46528
372760295,46532
372767144,46526
372774782,46539
372782651,46523
372790224,46532
372798020,46527
372805659,46535
372813579,46530
372828670,46548
372836501,46541
372843400,46557
372851036,46554
372858867,46552
372866449,46551
372874315,46556
372881938,46549
372889722,46550
372897297,46563
372905169,46564
372912747,46558
372920618,46566
372928238,46562
372936102,46569
372943753,46602
372951646,46604
372959275,46596
372967193,46599
372974795,46610
372982660,46597
372990288,46600
372998235,46608
373005132,46597
373012807,46602
373020655,46604
373035752,46598
373043440,46599
373051314,46603
373065787,46486
373073677,46490
373080588,46489
373088231,46484
373096118,46475
373103005,46467
373109850,46469
373117459,46464
373125275,46460
373132884,46459
373140689,46449
373148281,46453
373156184,46447
373163810,46443
373171684,46446
373186561,46342
373194199,46338
373201082,46341
373208997,46339
373216641,46334
373224525,46336
373232092,46333
373239928,46336
373248125,46337
373255907,46329
373263504,46341
373271386,46333
373279043,46334
373286863,46345
373301368,46333
373309242,46332
373316913,46334
373324760,46342
373332384,46330
373340246,46335
373347136,46330
373354778,46336
373362690,46331
373370248,46333
373378112,46333
373385796,46330
373393686,46330
373401331,46339
373409209,46336
373416844,46361
373424726,46351
373432312,46357
373440157,46355
373447795,46351
373456307,46353
373463208,46353
373470806,46346
373478695,46349
373485585,46349
373493201,46346
373501014,46346
373508637,46341
373516509,46336
373524086,46334
373531845,46328
373539413,46323
373547282,46332
373554912,46324
373562738,46324
373570379,46334
373578263,46333
373585917,46328
373593735,46335
373601326,46343
373609169,46336
373616821,46343
373624685,46339
373632323,46343
373640173,46332
373647802,46343
373662544,46391
373670819,46396
373678684,46395
373686329,46395
373694258,46395
373701160,46401
373708819,46405
373716640,46402
373723635,46399
373731253,46411
373739104,46407
373746747,46408
373754618,46396
373762227,46403
373770064,46408
373777684,46456
373785579,46462
373793149,46458
373800976,46462
373808588,46469
373816481,46473
373823382,46473
373831039,46473
373838922,46479
373846554,46470
373854372,46431
373862004,46479
373869817,46482
373878038,46435
373885859,46479
373900347,46515
373908182,46520
373915771,46519
373923617,46524
373931202,46524
373939051,46523
373946698,46523
373954540,46522
373962125,46522
373969941,46524
373977561,46528
373985416,46534
373993060,46533
374000862,46535
374008443,46535
374016313,46574
374023900,46556
374031744,46567
374039313,46561
374046207,46549
374054026,46558
374061654,46552
374069494,46546
374077139,46546
374085622,46544
374093180,46542
374101031,46531
374108732,46535
374116674,46535
374124351,46522
374139253,46489
374146910,46492
374154760,46495
374162392,46486
374170278,46494
374177952,46497
374184797,46490
374192684,46486
374200287,46490
374208131,46493
374215765,46485
374223636,46492
374231250,46492
374239215,46480
374246868,46484
374254805,46429
374262454,46427
374276952,46430
374283934,46422
374291686,46423
374297909,46429
374306430,46419
374314089,46415
374320943,46418
374328783,46414
374336412,46417
374344252,46419
374351921,46419
374359781,46424
374374281,46420
374382171,46422
374389783,46406
374397656,46409
374404445,46412
374412089,46418
374419873,46414
374427521,46414
374435363,46414
374443020,46411
374450879,46404
374458446,46401
374466335,46408
374473935,46414
374481770,46408
374489380,46426
374497255,46438
374504879,46429
374513410,46429
374520371,46427
374528017,46426
374535940,46427
374543616,46420
374551522,46438
374558421,46428
374566057,46427
374573845,46437
374581480,46432
374589344,46435
374596971,46430
374604760,46427
374612360,46455
374620234,46461
374627876,46462
374635758,46464
374643351,46458
374651255,46468
374658122,46471
374665773,46470
374673701,46469
374681326,46474
374689175,46471
374696748,46484
374704640,46484
374712221,46482
374720021,46483
374735025,46525
374742868,46536
374750503,46533
374758360,46530
374766007,46531
374773812,46539
374781453,46536
374789302,46544
374796926,46547
374804751,46548
374812394,46543
374820240,46547
374827855,46543
374835728,46549
374843301,46554
374851174,46595
374858778,46597
374866640,46600
374874210,46592
374882094,46599
374889709,46596
374896576,46599
374904411,46592
374912077,46606
374918913,46600
374926736,46600
374934960,46606
374942785,46613
374950437,46606
374958294,46611
374972808,46646
374980739,46648
374988347,46641
374996179,46640
375003758,46650
375011609,46655
375018460,46652
375026100,46659
375033958,46657
375041556,46666
375049358,46659
375056998,46661
375064802,46665
375072390,46659
375080218,46657
375087853,46693
375095715,46693
375103304,46686
375111140,46695
375118772,46682
375126629,46685
375133501,46684
375141738,46675
375149658,46678
375157267,46673
375165115,46668
375172714,46663
375180573,46662
375188168,46657
375196016,46656
375203622,46657
375211468,46628
375219098,46629
375226877,46626
375234517,46626
375242379,46623
375249295,46629
375256934,46628
375264803,46630
375272383,46636
375279250,46640
375287112,46635
375294748,46625
375302621,46621
375310219,46630
375318141,46622
375325785,46623
375333716,46600
375341388,46599
375349313,46602
375357524,46596
375365362,46602
375373001,46602
375379886,46600
375387737,46606
375395331,46604
375403116,46611
375410726,46612
375418618,46604
375426210,46602
375434051,46602
375441696,46596
375456394,46613
375464024,46612
375471794,46615
375479441,46612
375487327,46609
375495016,46625
375502942,46616
375510653,46619
375524217,46622
375532145,46621
375539862,46625
375547722,46622
375555417,46617
375570750,46651
375578352,46654
375586264,46649
375593876,46649
375601705,46652
375608615,46648
375615493,46649
375623124,46644
375630915,46651
375638561,46651
375646410,46650
375654069,46653
375661891,46654
375669563,46646
375677447,46654
375685130,46738
375693059,46747
375700671,46735
375708535,46738
375716137,46747
375723006,46746
375730764,46744
375738357,46752
375746182,46752
375753789,46757
375761625,46752
375769224,46762
375777070,46758
375785228,46760
375793053,46766
375800658,46761
375808582,46801
375816192,46795
375824028,46805
375831685,46800
375839560,46800
375847197,46807
375853330,46798
375861160,46797
375868732,46793
375875609,46803
375883430,46805
375891039,46808
375898934,46801
375906673,46805
375914592,46803
375922181,46799
375929990,46829
375937627,46843
375945530,46845
375953167,46843
375960986,46848
375968642,46854
375976501,46852
375984153,46854
375992553,46862
376000150,46852
376007981,46860
376015627,46862
376023453,46863
376031095,46863
376038939,46858
376053442,46924
376061280,46919
376068945,46925
376076773,46921
376083643,46926
376091243,46937
376099069,46935
376106687,46931
376114539,46933
376122150,46940
376129963,46942
376137576,46935
376145413,46940
376153080,46941
376160915,46936
376168539,46906
376176428,46901
376184062,46896
376191881,46900
376200088,46896
376207928,46893
376214817,46898
376222384,46896
376230235,46890
376237071,46893
376244714,46886
376252579,46880
376260161,46888
376267971,46877
376275574,46880
376283435,46844
376291079,46842
376298938,46846
376306552,46851
376314397,46842
376321297,46848
376328944,46846
376336774,46845
376344373,46846
376352249,46848
376359863,46845
376367740,46854
376375308,46842
376383153,46838
376390745,46844
376398643,46843
376406831,46819
376414738,46824
376422386,46824
376430231,46814
376437859,46809
376445769,46812
376452625,46815
376459495,46807
376467148,46811
376474957,46812
376482593,46807
376490429,46806
376498082,46805
376505901,46803
376513564,46806
376521344,46802
376528981,46805
376536750,46808
376544331,46808
376552208,46810
376559807,46809
376567730,46804
376575410,46811
376583334,46801
376590960,46801
376597851,46807
376605741,46811
376613350,46805
376621786,46804
376629424,46804
376637238,46806
376651688,46809
376659537,46808
376667158,46809
376674971,46810
376682611,46814
376690453,46811
376698078,46812
376705935,46806
376713546,46811
376721337,46814
376728969,46824
376736751,46823
376744345,46821
376752215,46820
376766485,46865
376774349,46855
376782100,46862
376789867,46869
376796719,46865
376804342,46875
376811250,46870
376819178,46878
376826883,46868
376834443,46879
376842441,46875
376850125,46878
376857942,46879
376865538,46890
376873404,46879
376887964,46911
376895802,46906
376903442,46908
376911334,46903
376918957,46906
376926792,46914
376934405,46913
376941289,46917
376949122,46914
376956770,46917
376964613,46914
376972194,46907
376980008,46910
376987665,46919
376995472,46913
377003102,46953
377010842,46951
377018478,46943
377026344,46954
377033202,46922
377040874,46956
377048416,46957
377056301,46959
377063142,46955
377070762,46958
377078650,46959
377086248,46957
377094078,46964
377101710,46968
377109580,46966
377117212,46969
377125048,46997
377132664,47002
377140536,46998
377148167,46992
377156011,46995
377163651,46994
377171507,46996
377178377,46996
377186003,46992
377193810,47001
377201401,46999
377209224,46985
377216851,46988
377224736,46987
377232408,46986
377247308,46896
377255560,46894
377263489,46891
377271127,46900
377278938,46890
377286560,46889
377294413,46886
377302094,46880
377309986,46884
377317593,46870
377325449,46876
377333076,46873
377340854,46862
377348459,46866
377363174,46796
377370769,46793
377378643,46781
377386289,46790
377393174,46787
377401039,46791
377408695,46783
377416592,46781
377424198,46785
377432076,46772
377439744,46776
377447694,46779
377455319,46773
377463225,46772
377471379,46769
377479270,46739
377486962,46726
377494850,46729
377502479,46734
377509380,46728
377517237,46726
377524821,46729
377531759,46715
377539654,46723
377547276,46721
377554161,46717
377561978,46711
377569624,46717
377577452,46707
377585100,46707
377592857,46710
377600440,46696
377608255,46688
377615856,46695
377623770,46691
377631345,46690
377639222,46693
377646846,46686
377654728,46687
377662254,46694
377670053,46681
377678210,46685
377686072,46683
377693666,46688
377701550,46694
377709154,46685
377723820,46664
377731396,46664
377739209,46656
377746810,46668
377754677,46661
377762274,46660
377770121,46663
377777773,46658
377784647,46660
377792487,46671
377800121,46674
377807951,46657
377815590,46668
377823452,46670
377831092,46669
377838935,46697
377846516,46695
377854358,46694
377861999,46697
377868865,46703
377876792,46694
377885046,46696
377891972,46698
377899829,46699
377906688,46699
377913686,46694
377921525,46699
377929189,46700
377936980,46691
377944567,46694
377952399,46699
377966910,46716
377974779,46725
377982365,46717
377989219,46713
377997034,46721
378011253,46720
378019157,46716
378026113,46716
378033777,46732
378041654,46720
378049316,46730
378057171,46736
378064832,46724
378079600,46751
378087189,46757
378095007,46762
378101838,46758
378110105,46762
378117982,46756
378125573,46762
378133399,46766
378141041,46763
378148858,46760
378156487,46767
378164335,46763
378171987,46771
378179821,46767
378187432,46772
378195268,46785
378202880,46801
378210739,46804
378218334,46797
378226210,46799
378233848,46791
378241719,46795
378249395,46795
378257305,46788
378264250,46800
378271848,46793
378279734,46790
378287292,46791
378295158,46800
378302806,46792
378318249,46686
378326053,46681
378333670,46677
378340505,46673
378348344,46671
378356008,46669
378363829,46668
378371434,46664
378379284,46664
378386170,46653
378393749,46653
378401614,46667
378409207,46658
378417060,46655
378424718,46653
378432571,46559
378440179,46564
378448005,46556
378455627,46556
378463469,46559
378471081,46550
378478955,46553
378486662,46543
378493591,46552
378501510,46547
378509186,46551
378517035,46544
378525177,46548
378533012,46541
378540652,46547
378548575,46540
378556181,46515
378563973,46516
378571615,46511
378578478,46513
378586357,46504
378593976,46493
378601778,46502
378609364,46504
378617247,46507
378624891,46512
378632744,46506
378640347,46510
378648235,46505
378655825,46508
378663702,46500
378671344,46505
378679171,46503
378686826,46510
378694687,46506
378702297,46507
378710162,46506
378717772,46505
378725653,46508
378733254,46507
378741152,46509
378748067,46511
378755650,46501
378763481,46497
378771103,46503
378778969,46497
378786576,46511
378794380,46503
378802016,46505
378809836,46508
378816698,46513
378824226,46508
378832056,46513
378839714,46511
378847687,46504
378855349,46515
378863284,46505
378870196,46510
378877876,46512
378885776,46515
378893375,46516
378901226,46517
378908862,46517
378916762,46552
378924320,46546
378932158,46553
378940277,46549
378948188,46551
378955792,46560
378963675,46559
378970546,46563
378978229,46571
378985100,46566
378991922,46565
378999801,46562
379007385,46572
379015223,46569
379022827,46568
379030699,46573
379038329,46600
379046207,46603
379053836,46604
379061730,46608
379069306,46600
379077188,46612
379084849,46605
379091752,46607
379099625,46616
379106541,46614
379114175,46613
379122037,46609
379129691,46610
379137555,46615
379145171,46617
379153679,46667
379161273,46670
379169182,46670
379176069,46672
379183687,46671
379191512,46668
379199127,46676
379205990,46679
379213817,46678
379221468,46678
379229309,46675
379236920,46675
379244801,46678
379259291,46671
379273978,46682
379281884,46675
379289580,46676
379297467,46682
379305123,46675
379312973,46663
379320624,46666
379328495,46662
379335390,46661
379343028,46656
379349891,46661
379357740,46652
379365359,46653
379373886,46642
379381511,46634
379389375,46550
379396987,46543
379404805,46531
379411687,46537
379419258,46527
379427086,46538
379434737,46528
379442608,46524
379450206,46528
379458015,46531
379465607,46520
379473474,46520
379481117,46517
379489007,46511
379496742,46512
379504691,46514
379512294,46460
379520143,46457
379527750,46456
379535623,46455
379543216,46444
379551065,46450
379558710,46446
379565590,46444
379573436,46449
379581728,46446
379589626,46442
379597249,46449
379605064,46442
379612687,46470
379620575,46442
379635106,46414
379642956,46414
379649819,46421
379657431,46418
379665293,46411
379672914,46410
379680788,46417
379688443,46420
379695276,46414
379703088,46424
379709967,46423
379717573,46422
379725422,46427
379733015,46423
379740844,46418
379755291,46434
379763149,46437
379770040,46441
379777680,46441
379785523,46445
379793792,46448
379801692,46451
379809281,46446
379816154,46449
379823991,46448
379830909,46439
379838526,46447
379846351,46445
379853947,46448
379861848,46445
379869461,46453
379877289,46457
379884897,46459
379892776,46455
379900413,46455
379908272,46460
379915892,46462
379923813,46460
379931384,46464
379939239,46462
379946089,46472
379953710,46471
379961611,46469
379969239,46468
379977144,46468
379984854,46475
379992700,46521
380000948,46517
380007931,46517
380015785,46519
380023427,46518
380031309,46522
380038922,46518
380046832,46520
380053715,46532
380061276,46528
380069081,46528
380076669,46523
380084484,46528
380092118,46523
380099971,46527
380107649,46566
380115637,46566
380123236,46569
380131079,46569
380138670,46574
380146508,46575
380154141,46576
380161993,46583
380169647,46583
380177471,46577
380185119,46586
380192974,46581
380200582,46579
380208419,46578
380216649,46581
380231388,46636
380239046,46632
380245916,46632
380253770,46639
380261335,46634
380269136,46632
380276700,46631
380284510,46647
380292165,46642
380299970,46654
380307593,46650
380315468,46649
380323119,46658
380330971,46666
380338547,46664
380346407,46695
380354062,46694
380360926,46694
380368860,46696
380376550,46698
380384487,46691
380392172,46696
380400001,46703
380406865,46696
380413717,46701
380421896,46694
380429811,46695
380437396,46697
380445243,46691
380452865,46693
380460736,46690
380468362,46595
380476208,46581
380483828,46588
380491698,46581
380505918,46580
380513838,46574
380521478,46567
380528305,46565
380536120,46570
380543728,46568
380550594,46559
380558481,46565
380566156,46555
380573971,46553
380588485,46488
380596317,46478
380603925,46479
380611832,46480
380619446,46472
380627299,46469
380634919,46473
380642527,46470
380649468,46463
380657443,46471
380665086,46470
380672879,46458
380680513,46462
380688357,46457
380696001,46458
380703852,46437
380711471,46432
380718384,46444
380726226,46438
380733793,46434
380741709,46429
380749294,46435
380757108,46434
380763970,46433
380771592,46435
380779447,46431
380787103,46429
380793954,46419
380801783,46428
380809321,46427
380817144,46430
380824837,46402
380832689,46387
380840269,46399
380848086,46397
380856304,46387
380864160,46399
380871794,46388
380878622,46386
380886442,46386
380894081,46387
380901907,46387
380909482,46396
380917336,46385
380924948,46387
380932777,46383
380940371,46389
380948191,46386
380955856,46378
380963719,46372
380971299,46378
380979168,46369
380986820,46373
380994709,46381
381002279,46376
381010066,46375
381017656,46379
381025519,46374
381032419,46381
381040132,46376
381047944,46376
381055529,46388
381070926,46385
381077832,46388
381085490,46391
381093380,46392
381101019,46388
381108849,46391
381116457,46393
381124308,46395
381131901,46395
381139744,46388
381147362,46384
381155206,46385
381162837,46382
381170718,46387
381178340,46383
381186186,46370
381193777,46359
381201639,46360
381209257,46369
381217085,46358
381224720,46354
381232590,46356
381239493,46356
381246383,46355
381254043,46352
381261974,46350
381270173,46355
381278137,46352
381285789,46350
381293641,46357
381301271,46354
381309135,46333
381316027,46340
381323648,46338
381331452,46341
381339058,46327
381346882,46335
381354529,46335
381362394,46327
381370034,46333
381377842,46333
381385466,46333
381393304,46331
381400894,46338
381408774,46328
381416391,46338
381431111,46399
381438717,46411
381446582,46410
381454217,46419
381462031,46421
381469635,46425
381477448,46439
381485050,46441
381492872,46447
381500509,46450
381508315,46458
381515190,46474
381522869,46475
381530759,46478
381538372,46494
381546276,46956
381553972,46960
381561784,46966
381569403,46982
381577275,46986
381584874,46996
381592746,46997
381600317,46990
381608155,47000
381615766,47005
381623673,46997
381631309,47005
381639236,47013
381646895,47010
381654821,47010
381669314,47096
381676172,47098
381684016,47100
381692245,47115
381700073,47129
381707696,47131
381715579,47134
381722470,47139
381730152,47146
381737931,47155
381752451,47148
381760187,47167
381768013,47169
381775652,47166
381783515,47098
381790450,47092
381798089,47083
381805908,47079
381813527,47080
381821490,47069
381829169,47063
381836096,47052
381843032,47046
381850906,47045
381858480,47038
381866366,47028
381873954,47022
381881836,47012
381889414,47014
381897307,47006
381905565,47003
381913489,47007
381921139,47020
381928904,47021
381936487,47037
381944326,47036
381951903,47044
381959805,47050
381967416,47055
381975260,47068
381982899,47070
381990810,47068
381997595,47078
382005206,47086
382012982,47092
382027442,47191
382035285,47183
382042907,47195
382050814,47198
382058391,47193
382066212,47193
382073832,47197
382081752,47196
382089373,47198
382097314,47201
382104939,47203
382112846,47205
382121168,47205
382128927,47193
382136554,47203
382144358,47305
382151203,47306
382158811,47314
382166747,47312
382174394,47317
382182194,47310
382189852,47320
382196786,47317
382204668,47314
382212249,47326
382220066,47323
382227759,47325
382235607,47324
382243221,47325
382251051,47322
382258694,47385
382265517,47396
382273361,47396
382280979,47405
382288822,47397
382296437,47411
382304254,47404
382311846,47408
382319719,47413
382327979,47415
382335822,47421
382343364,47423
382351184,47429
382358808,47428
382366657,47432
382374240,47431
382382089,47396
382389749,47384
382397605,47384
382405179,47377
382412940,47383
382420549,47380
382428417,47379
382435282,47379
382442128,47394
382449734,47384
382457601,47385
382465227,47387
382473051,47389
382480680,47391
382488512,47394
382496172,47396
382504015,47478
382511639,47463
382519480,47482
382527133,47475
382535578,47480
382543208,47478
382551063,47486
382558708,47491
382566631,47477
382574291,47489
382582226,47488
382589908,47489
382597851,47495
382604693,47495
382612241,47495
382626309,47426
382633947,47423
382641804,47413
382649383,47416
382657246,47407
382664881,47406
382672735,47409
382680313,47405
382688134,47406
382695768,47406
382703641,47403
382711253,47394
382719029,47396
382726668,47395
382734505,47393
382742754,47341
382750696,47335
382758333,47337
382766205,47340
382773803,47332
382781676,47331
382789329,47331
382796184,47324
382803121,47327
382810885,47327
382818472,47325
382826318,47326
382833863,47324
382841754,47324
382849333,47317
382857178,47323
382864039,47273
382871645,47272
382879454,47268
382887116,47268
382894950,47261
382902633,47248
382910490,47251
382918158,47251
382925917,47242
382933539,47239
382941407,47228
382948972,47230
382957497,47227
382965184,47231
382973007,47229
382979834,47341
382994297,47340
383001912,47349
383009833,47347
383017459,47338
383025305,47348
383032207,47347
383039092,47348
383046732,47337
383054523,47335
383062216,47334
383070014,47335
383077683,47338
383085528,47335
383093211,47335
383101072,47316
383108729,47311
383116650,47317
383124211,47315
383131992,47305
383139593,47291
383147386,47300
383155046,47300
383162926,47289
383171195,47286
383179001,47282
383186639,47277
383194475,47272
383202112,47267
383208930,47254
383215817,47201
383223673,47207
383231261,47204
383239090,47209
383246741,47217
383254663,47214
383262231,47208
383270040,47204
383276861,47218
383284442,47224
383292278,47214
383299924,47214
383307796,47216
383315421,47215
383323251,47204
383330851,47208
383338722,47243
383346260,47242
383354090,47246
383361725,47242
383369582,47253
383377870,47248
383385854,47245
383392847,47255
383400746,47260
383408304,47257
383416143,47264
383423764,47266
383431553,47274
383439198,47218
383447067,47279
383460820,47337
383468349,47338
383476180,47345
383483789,47347
383491643,47341
383499292,47337
383507186,47340
383514883,47341
383522788,47339
383530394,47344
383538205,47344
383545813,47344
383553678,47343
383561297,47342
383569112,47332
383576762,47273
383584640,47278
383592904,47271
383600770,47269
383608321,47261
383616197,47263
383623795,47262
383630758,47266
383637643,47259
383645506,47255
383653155,47251
383660943,47247
383668533,47249
383676374,47235
383683987,47233
383691853,47224
383699483,47061
383707415,47050
383715093,47038
383723018,47036
383730661,47027
383738537,47018
383746160,47020
383753961,47010
383761560,47010
383769446,47010
383777095,47010
383784946,47007
383792563,47000
383800921,47000
383808512,46987
383821493,46951
383829357,46955
383836969,46949
383844849,46950
383852420,46956
383860221,46960
383867845,46959
383875746,46958
383883297,46952
383891149,46953
383898768,46959
383906637,46957
383914268,46961
383922089,46960
383929669,46963
383937479,46987
383945084,46988
383952901,47001
383960516,47006
383968377,47015
383975998,47027
383983868,47031
383991491,47041
383998318,47053
384006767,47058
384014416,47066
384022301,47064
384029896,47074
384037765,47074
384045355,47081
384052264,47079
384060081,47067
384067705,47063
384075522,47070
384083158,47052
384091007,47054
384098603,47058
384106439,47052
384113332,47040
384120907,47040
384128744,47031
384136314,47034
384144130,47032
384151767,47025
384159669,47030
384167281,47022
384175115,46948
384182734,46943
384190572,46948
384198213,46954
384206010,46949
384214213,46945
384222116,46948
384229762,46942
384244243,46944
384252169,46945
384259782,46942
384267637,46949
384275269,46940
384283068,46951
384296827,46956
384304469,46953
384312377,46954
384320082,46958
384327875,46959
384335463,46957
384343332,46961
384350190,46956
384357032,46951
384364652,46950
384372503,46948
384380198,46944
384388067,46945
384395670,46939
384403492,46939
384410315,46849
384417171,46851
384424785,46844
384433312,46849
384441001,46842
384448901,46848
384456544,46844
384464393,46843
384471976,46839
384479820,46841
384487401,46838
384495220,46840
384502853,46842
384510699,46839
384518342,46843
384525187,46843
384532962,46878
384540562,46874
384548394,46893
384556065,46889
384563997,46892
384571599,46890
384579447,46890
384587154,46893
384594031,46893
384601847,46907
384609426,46901
384617379,46910
384625040,46913
384632943,46915
384641125,46916
384654878,46969
384662761,46977
384670323,46976
384678079,46975
384685687,46972
384693516,46972
384701197,46973
384709054,46972
384716673,46970
384724504,46961
384732106,46964
384739896,46954
384747480,46954
384755351,46949
384762966,46945
384770827,46775
384778469,46770
384786353,46763
384793921,46758
384801756,46758
384809320,46756
384817171,46758
384824790,46744
384831649,46749
384839503,46733
384847187,46733
384855819,46728
384863425,46722
384871339,46716
384878952,46721
384885852,46711
384893753,46562
384901372,46553
384909233,46543
384916877,46541
384924763,46534
384932335,46534
384940191,46535
384947801,46526
384954697,46530
384962550,46522
384970234,46520
384978006,46516
384985670,46510
384993487,46514
385001120,46507
385008963,46504
385016564,46467
385024547,46465
385032243,46467
385040169,46461
385047866,46462
385055767,46456
385064019,46459
385070245,46452
385078091,46448
385085712,46441
385093529,46447
385101223,46447
385109088,46448
385116750,46439
385123589,46442
385131425,46388
385138991,46384
385146848,46381
385154409,46383
385162240,46380
385169863,46371
385177764,46367
385185382,46356
385192268,46362
385200055,46355
385207670,46352
385215508,46339
385223182,46332
385231009,46332
385238649,46330
385246510,46321
385254151,46279
385261341,46289
385269020,46301
385277601,46297
385285271,46302
385293059,46293
385300663,46287
385307533,46294
385315380,46292
385322992,46296
385330859,46296
385338472,46283
385346328,46284
385353982,46279
385360881,46283
385368760,46303
385376363,46291
385384244,46297
385391900,46308
385399771,46306
385407289,46309
385415083,46312
385422705,46301
385430503,46307
385438176,46320
385445980,46316
385453574,46325
385461419,46321
385468988,46325
385483486,46336
385492092,46375
385499100,46385
385506792,46380
385514735,46388
385522347,46385
385530200,46395
385537802,46395
385544678,46398
385551560,46400
385559474,46409
385567138,46401
385574977,46408
385582566,46409
385590431,46415
385597237,46416
385604872,46421
385618642,46543
385626514,46548
385634135,46549
385641925,46560
385649551,46551
385657406,46564
385664286,46557
385671951,46563
385679839,46564
385687506,46570
385695408,46570
385703648,46574
385711530,46567
385719202,46572
385727057,46571
385734661,46534
385742514,46520
385750148,46509
385758005,46498
385765671,46494
385773550,46477
385780435,46465
385788032,46454
385795851,46438
385803496,46435
385811403,46417
385819041,46396
385826964,46386
385834587,46377
385842419,46367
385850019,46156
385857880,46147
385865420,46153
385873258,46152
385880913,46151
385888765,46150
385896392,46158
385904284,46152
385911701,46151
385919327,46147
385927183,46157
385934833,46159
385942708,46165
385950320,46161
385957157,46165
385964969,46166
385972592,46265
385980490,46272
385988134,46263
385995911,46258
386003484,46172
386011363,46270
386018232,46265
386025866,46259
386033776,46268
386041335,46259
386049170,46263
386056796,46260
386064616,46255
386072258,46259
386080115,46265
386094576,46234
386101447,46234
386109343,46245
386117521,46232
386125442,46235
386133068,46230
386140910,46247
386148484,46249
386156345,46240
386163960,46238
386171833,46238
386179465,46240
386187302,46241
386194162,46248
386201769,46234
386209653,46341
386216540,46344
386224161,46353
386231993,46357
386239600,46363
386247478,46370
386255122,46377
386262888,46376
386270485,46378
386278322,46380
386285948,46389
386293793,46398
386301390,46393
386309245,46398
386316872,46400
386324789,46408
386333039,46483
386340875,46477
386348461,46484
386356324,46484
386363967,46486
386371851,46489
386378770,46491
386386363,46490
386393217,46493
386401062,46500
386408687,46502
386416563,46500
386424199,46496
386432036,46510
386439673,46504
386447525,46507
386455160,46465
386462969,46466
386470558,46465
386478399,46459
386486005,46455
386493877,46453
386501470,46450
386509357,46436
386517018,46431
386524843,46433
386532377,46433
386540824,46429
386548414,46425
386555297,46426
386563092,46415
386570725,46281
386578573,46277
386586230,46283
386594028,46268
386601616,46264
386609450,46253
386617074,46253
386624901,46249
386632480,46242
386640342,46242
386647953,46237
386655820,46225
386663432,46235
386670330,46229
386678168,46220
386685799,46219
386693654,46360
386701310,46356
386709102,46361
386716721,46371
386731188,46363
386738065,46375
386744994,46381
386753537,46386
386761159,46392
386768969,46390
386776549,46385
386784393,46387
386792019,46388
386799904,46391
386814353,46366
386821211,46370
386829002,46365
386836647,46359
386844499,46359
386852136,46352
386860003,46350
386867575,46346
386875426,46347
386883084,46353
386890965,46352
386898574,46339
386906459,46333
386914103,46345
386921954,46334
386929523,46221
386937356,46219
386944943,46225
386952782,46216
386960938,46216
386968835,46219
386975756,46208
386983381,46220
386991179,46217
386998791,46207
387006621,46215
387014266,46211
387022142,46218
387029812,46217
387037661,46226
387045299,46205
387053147,46198
387060020,46196
387067618,46188
387075432,46190
387083041,46184
387090912,46180
387098519,46175
387105368,46178
387113218,46174
387120874,46177
387128720,46168
387136345,46163
387144212,46167
387151835,46163
387159710,46161
387167283,46124
387175769,46124
387183376,46108
387191211,46117
387198833,46113
387206690,46120
387213527,46113
387221202,46109
387228985,46108
387236558,46102
387244386,46104
387252016,46099
387259850,46100
387266730,46101
387274311,46108
387282099,46099
387289743,46111
387297573,46102
387304498,46106
387312172,46106
387319993,46104
387327577,46106
387334435,46107
