112922822,18695
112930714,18701
112938738,18704
112945581,18700
112953136,18698
112960996,18700
112968638,18701
112976526,18702
112984100,18679
112991965,18676
112999602,18671
113007460,18663
113015052,18661
113022891,18661
113030518,18658
113037378,18652
113045248,18645
113052900,18644
113060461,18640
113068308,18640
113075935,18639
113083768,18634
113091327,18630
113099235,18630
113106914,18592
113114840,18592
113122508,18588
113130349,18597
113137997,18591
113145752,18592
113152608,18589
113160131,18588
113167947,18592
113175594,18593
113183452,18595
113191109,18593
113199052,18588
113206723,18585
113214639,18589
113229174,18586
113236992,18591
113244628,18595
113252498,18588
113260131,18591
113268655,18588
113275517,18585
113283100,18584
113290897,18590
113298515,18581
113306440,18584
113314068,18587
113321842,18582
113329453,18590
113337305,18587
113344947,18590
113352698,18586
113360291,18597
113368172,18593
113375786,18586
113383683,18594
113391295,18597
113399135,18594
113406757,18599
113414625,18596
113421417,18590
113429044,18598
113436916,18597
113444518,18598
113452332,18605
113460003,18601
113467715,18633
113475875,18633
113483698,18635
113491264,18633
113499147,18634
113506719,18637
113513646,18633
113521534,18631
113529121,18635
113536923,18635
113544529,18634
113552380,18635
113560050,18636
113567967,18638
113575651,18642
113590521,18659
113598113,18659
113605955,18658
113613563,18664
113621416,18660
113629066,18664
113635922,18664
113643796,18666
113651398,18666
113658291,18662
113666138,18667
113673014,18661
113680633,18666
113689057,18669
113696698,18662
113704602,18596
113712164,18593
113719989,18591
113727646,18595
113735538,18587
113743167,18584
113750965,18589
113758564,18586
113766454,18589
113774044,18579
113781861,18568
113788806,18577
113796414,18580
113804264,18575
113811880,18573
113819717,18567
113827377,18540
113835223,18536
113842874,18534
113850720,18538
113858300,18530
113866109,18530
113873701,18531
113881586,18532
113889222,18530
113904364,18531
113912073,18536
113919976,18531
113927599,18531
113935465,18525
113943120,18513
113951044,18513
113958715,18516
113966609,18514
113974234,18509
113982123,18515
113988979,18511
113995864,18516
114003467,18514
114011290,18517
114018975,18510
114025845,18513
114033705,18509
114041316,18516
114049150,18510
114056746,18521
114071566,18520
114079154,18523
114087013,18523
114094624,18527
114102484,18523
114110055,18521
114118591,18527
114126249,18519
114134193,18521
114141855,18526
114149732,18521
114157357,18517
114165208,18517
114172852,18518
114187657,18522
114195253,18524
114203113,18524
114210685,18518
114218565,18523
114226155,18529
114233025,18527
114240812,18523
114248409,18532
114256244,18529
114263904,18533
114271692,18531
114279312,18530
114287179,18530
114294796,18534
114302679,18556
114310310,18556
114318168,18557
114326397,18563
114334239,18558
114341875,18557
114348712,18563
114356532,18556
114364114,18557
114371952,18557
114378836,18549
114386491,18552
114394377,18552
114402022,18544
114409858,18531
114417448,18538
114425281,18473
114432913,18478
114440752,18475
114448397,18471
114456240,18472
114463870,18470
114471697,18471
114479271,18469
114487109,18472
114493986,18470
114501606,18471
114509515,18471
114517084,18470
114524898,18471
114533023,18469
114547800,18484
114555374,18482
114563220,18489
114570857,18484
114578722,18492
114586340,18487
114594222,18490
114601863,18493
114609693,18488
114617267,18492
114625133,18485
114632014,18488
114639663,18490
114647552,18490
114655150,18487
114662973,18491
114670650,18496
114678589,18492
114686218,18490
114694155,18493
114701882,18490
114708760,18495
114716617,18495
114724249,18495
114732104,18497
114739689,18496
114748104,18500
114755752,18493
114763651,18500
114771277,18499
114785969,18518
114793611,18516
114801477,18519
114809076,18520
114816862,18521
114824484,18518
114831346,18525
114839270,18519
114846949,18522
114854195,18518
114861872,18522
114869724,18524
114877314,18528
114885161,18525
114892729,18526
114900583,18567
114908188,18571
114916050,18574
114923708,18577
114931579,18581
114939173,18576
114947016,18576
114955171,18587
114963060,18586
114969957,18585
114977584,18593
114985448,18594
114993087,18596
115000925,18588
115008541,18597
115016347,18598
115024007,18579
115031835,18574
115039474,18567
115047297,18562
115054922,18562
115062776,18564
115068867,18557
115076484,18597
115084326,18554
115091234,18553
115098871,18554
115106777,18556
115114396,18550
115122229,18547
115129872,18548
115144343,18517
115152172,18516
115159913,18512
115168296,18508
115176000,18520
115182844,18516
115190702,18517
115198288,18510
115205187,18511
115213073,18520
115220694,18514
115228561,18505
115235444,18510
115243124,18512
115250949,18508
115265467,18524
115273288,18523
115280929,18518
115288752,18525
115296367,18516
115303206,18525
115310066,18522
115317875,18521
115325500,18527
115333372,18519
115341003,18521
115348812,18520
115355652,18522
115363136,18530
115371035,18528
115386492,18537
115394126,18540
115401990,18539
115409596,18534
115417450,18537
115425095,18534
115432908,18539
115440502,18540
115448337,18539
115455977,18545
115463805,18539
115471411,18542
115479246,18547
115486831,18544
115501556,18566
115509100,18574
115516920,18573
115524546,18569
115532373,18570
115540001,18546
115546863,18580
115554699,18574
115562322,18571
115570201,18572
115577806,18569
115585709,18571
115594015,18574
115601781,18576
115609404,18574
115617265,18604
115624905,18604
115632713,18602
115640337,18605
115648177,18606
115655754,18608
115662677,18602
115670562,18599
115678109,18598
115684935,18601
115692734,18595
115700356,18594
115708202,18595
115715800,18591
115723696,18588
115731324,18588
115739168,18529
115746795,18531
115754662,18530
115762261,18529
115770137,18527
115777713,18532
115785598,18532
115793218,18534
115800707,18531
115808582,18530
115816169,18530
115823984,18533
115831663,18539
115839558,18534
115847185,18533
115861947,18543
115869594,18539
115877402,18538
115885026,18542
115892877,18542
115900492,18540
115907370,18543
115915224,18543
115922061,18548
115929672,18544
115937585,18542
115945190,18547
115953015,18540
115960664,18547
115968567,18547
115983033,18544
115990858,18553
115998527,18552
116006330,18550
116014613,18555
116022461,18547
116030076,18551
116036921,18549
116044790,18553
116052419,18553
116060285,18552
116067883,18551
116075714,18549
116083290,18555
116098033,18579
116105669,18585
116113570,18584
116121160,18587
116129043,18589
116136670,18558
116144497,18590
116152124,18589
116159935,18593
116167574,18592
116175399,18597
116183047,18601
116190937,18595
116198580,18596
116206437,18595
116214056,18623
116222549,18619
116230168,18620
116238018,18621
116245625,18621
116253474,18621
116261121,18622
116267284,18620
116275138,18625
116282751,18625
116290574,18627
116298172,18626
116306004,18620
116313635,18625
116321561,18618
116329172,18621
116336962,18534
116344591,18539
116352463,18535
116360104,18528
116367939,18528
116375568,18530
116389038,18525
116396880,18524
116404563,18526
116412394,18522
116420052,18521
116427834,18521
116436056,18518
116450746,18537
116458400,18546
116466228,18544
116473871,18542
116481696,18545
116489276,18543
116497145,18546
116503998,18547
116511609,18545
116519471,18551
116527112,18553
116534963,18550
116542601,18557
116550409,18558
116558052,18562
116565797,18572
116573414,18578
116581235,18581
116588871,18579
116596708,18576
116604271,18578
116612054,18580
116618949,18578
116626584,18577
116634454,18576
116642753,18576
116650704,18580
116658380,18578
116666336,18579
116673971,18579
116681855,18578
116688800,18609
116696684,18609
116704334,18605
116712180,18606
116719809,18606
116727680,18608
116735260,18607
116742118,18604
116749907,18609
116756767,18605
116764395,18601
116772276,18600
116779924,18604
116787750,18612
116795340,18612
116803220,18606
116810143,18651
116817776,18655
116825656,18647
116833330,18653
116841212,18657
116848824,18658
116857347,18657
116865017,18656
116871863,18666
116879706,18656
116887357,18667
116895238,18663
116902831,18670
116910698,18670
116918310,18670
116925149,18678
116932995,18698
116940615,18693
116948443,18694
116956063,18683
116963923,18683
116971556,18686
116979454,18686
116987137,18691
116994953,18675
117002602,18673
117010431,18672
117018102,18674
117025966,18670
117033598,18664
117041461,18668
117055999,18656
117064443,18659
117072058,18656
117079842,18653
117087418,18657
117095288,18659
117101427,18654
117109084,18661
117116965,18660
117124605,18657
117132482,18658
117140079,18658
117147861,18661
117155435,18656
117163337,18658
117171009,18714
117178789,18712
117186361,18714
117194214,18716
117201812,18710
117209662,18721
117217213,18722
117225039,18726
117231920,18727
117239571,18724
117247463,18734
117255095,18731
117262971,18733
117271081,18731
117278910,18731
117293359,18790
117301207,18795
117308835,18801
117316679,18804
117324266,18798
117332090,18804
117339674,18806
117347536,18804
117355152,18810
117362950,18804
117370577,18809
117378419,18812
117386054,18811
117393935,18809
117401557,18817
117409388,18829
117417015,18827
117424867,18825
117432463,18825
117440326,18828
117447979,18825
117455853,18815
117461951,18819
117469608,18820
117477465,18814
117485704,18817
117493611,18812
117501193,18809
117509041,18811
117516687,18805
117524606,18803
117531487,18811
117539113,18810
117546946,18810
117554531,18817
117562389,18818
117570030,18818
117577864,18817
117585476,18819
117592403,18821
117600236,18823
117607895,18821
117615719,18823
117623379,18826
117637842,18825
117652395,18773
117660276,18780
117667944,18774
117675773,18777
117683373,18768
117691266,18776
117698887,18770
117705843,18778
117713673,18771
117721264,18773
117729103,18772
117736732,18768
117744587,18773
117752148,18770
117759966,18767
117767588,18761
117775476,18761
117783106,18761
117790974,18765
117798595,18766
117806479,18762
117814109,18768
117821855,18768
117829448,18765
117837269,18767
117844943,18765
117852778,18770
117860408,18768
117868250,18763
117875870,18765
117890589,18766
117898215,18762
117906684,18760
117914300,18764
117922192,18767
117929791,18766
117936707,18763
117943616,18763
117951488,18770
117959116,18764
117966925,18764
117974532,18758
117982326,18767
117989990,18770
117997784,18766
118005421,18784
118013282,18778
118020855,18787
118028708,18782
118036282,18785
118044146,18785
118051786,18783
118059687,18792
118067283,18786
118075092,18790
118082695,18787
118090527,18789
118098143,18790
118105952,18787
118114099,18791
118128807,18806
118135705,18809
118143312,18806
118151156,18805
118158765,18806
118166637,18812
118174246,18811
118181110,18811
118188952,18811
118196580,18809
118204398,18815
118212021,18811
118219844,18816
118227437,18813
118235322,18811
118249873,18831
118256777,18832
118264636,18824
118272223,18827
118280046,18828
118287670,18817
118295551,18817
118302431,18813
118310061,18809
118317849,18803
118326049,18807
118333911,18804
118341592,18799
118349406,18790
118357054,18799
118364844,18752
118372465,18745
118380317,18744
118387961,18749
118395813,18743
118403393,18745
118411312,18740
118417535,18745
118425116,18748
118432913,18745
118440507,18746
118448333,18745
118455999,18737
118463809,18738
118471383,18737
118479215,18738
118486808,18739
118494714,18739
118502379,18732
118510227,18738
118517833,18734
118525702,18732
118533806,18736
118540746,18732
118548636,18734
118556181,18732
118563992,18736
118571624,18734
118579488,18734
118587107,18733
118594939,18741
118602504,18735
118610376,18731
118617252,18735
118624939,18735
118632825,18729
118640416,18732
118648300,18735
118655210,18733
118661307,18736
118668947,18733
118676746,18737
118684332,18744
118692154,18740
118699798,18735
118707683,18738
118715250,18735
118723095,18761
118730715,18755
118737596,18763
118746000,18757
118753613,18754
118761500,18764
118769169,18764
118775279,18761
118783118,18761
118790821,18766
118798679,18762
118806226,18767
118814079,18765
118821707,18761
118829619,18762
118837188,18772
118845017,18784
118852657,18781
118860514,18786
118868120,18784
118882630,18781
118889565,18790
118896449,18787
118904120,18789
118911956,18791
118919584,18789
118927431,18786
118935072,18789
118942954,18792
118950580,18790
118958391,18794
118966669,18813
118973542,18809
118981393,18809
118989039,18809
118996873,18811
119004550,18806
119012363,18809
119019997,18806
119027801,18808
119035406,18804
119043278,18803
119050929,18812
119058822,18802
119066457,18806
119074321,18796
119088785,18703
119095642,18703
119103528,18705
119111140,18697
119118984,18696
119125863,18695
119132743,18688
119140363,18685
119148181,18687
119155784,18689
119163618,18683
119171912,18681
119179812,18675
119187434,18673
119195274,18681
119202929,18632
119210760,18631
119218343,18628
119226221,18631
119233841,18630
119241697,18623
119248533,18623
119256167,18625
119264029,18626
119271646,18627
119279505,18618
119287163,18623
119295018,18622
119302644,18623
119310530,18625
119318177,18619
119326041,18583
119333652,18589
119341512,18582
119349139,18588
119356956,18581
119363817,18587
119371468,18583
119378375,18584
119386796,18587
119394400,18591
119402270,18587
119409871,18588
119417730,18587
119425330,18591
119433196,18582
119440834,18584
119448713,18595
119455623,18599
119463247,18597
119471068,18590
119478677,18592
119486559,18596
119494125,18596
119501947,18599
119509592,18595
119517400,18594
119525057,18594
119532908,18597
119540503,18597
119548374,18603
119555965,18603
119570751,18607
119577625,18612
119585262,18604
119593721,18612
119601334,18604
119608172,18603
119615982,18613
119623590,18609
119631432,18611
119639062,18611
119646815,18611
119654434,18614
119662295,18616
119669943,18612
119677781,18617
119685358,18634
119692207,18621
119700050,18626
119707672,18625
119715558,18622
119723209,18625
119731007,18623
119738591,18625
119746412,18626
119754046,18621
119761876,18625
119769525,18627
119777329,18624
119784936,18629
119792756,18626
119800914,18624
119808761,18517
119816325,18514
119824216,18512
119831840,18513
119839761,18496
119845925,18491
119853548,18487
119860456,18482
119868305,18482
119875899,18471
119883755,18471
119891300,18467
119899144,18464
119906782,18461
119914669,18453
119922242,18451
119930101,18401
119936979,18394
119944535,18388
119952326,18387
119960008,18384
119966167,18388
119974101,18388
119981103,18388
119988799,18388
119996752,18390
120004396,18386
120012839,18389
120020493,18390
120028368,18385
120036051,18378
120043924,18386
120051546,18388
120059366,18390
120066925,18390
120074614,18382
120081404,18388
120089035,18384
120096851,18384
120104466,18383
120112306,18387
120126746,18383
120134407,18388
120142276,18388
120149870,18384
120157740,18387
120171593,18404
120179434,18406
120187100,18408
120195007,18407
120201935,18410
120209552,18411
120217352,18411
120224951,18408
120233522,18411
120241147,18412
120248966,18416
120256604,18415
120264445,18416
120272099,18414
120279869,18417
120287476,18446
120295323,18449
120302969,18455
120310831,18450
120317705,18449
120325261,18446
120332128,18452
120339941,18459
120347557,18455
120355364,18458
120363010,18456
120370795,18458
120378440,18454
120386315,18455
120393950,18456
120401815,18463
120409437,18487
120417263,18494
120424871,18486
120432756,18490
120441030,18495
120448882,18490
120456503,18497
120464380,18495
120472009,18494
120479846,18495
120487517,18492
120495353,18498
120503019,18501
120510803,18494
120518441,18503
120533232,18459
120540803,18459
120548677,18455
120555487,18450
120562368,18443
120570019,18449
120577792,18439
120585384,18436
120593279,18443
120600908,18431
120608743,18434
120616322,18434
120624143,18432
120631757,18430
120639633,18427
120647808,18447
120655729,18447
120663344,18452
120671216,18448
120678861,18454
120686750,18446
120693611,18450
120701211,18455
120709101,18449
120716754,18453
120724629,18449
120732224,18449
120740043,18458
120747671,18451
120755483,18457
120763109,18453
120770907,18435
120778587,18437
120786427,18435
120793338,18437
120800968,18437
120808813,18430
120816420,18425
120824243,18428
120831886,18429
120839730,18431
120847321,18435
120855135,18428
120863274,18427
120871167,18422
120878783,18421
120893558,18385
120900444,18386
120908094,18388
120915906,18389
120922785,18388
120930395,18385
120938279,18384
120945874,18388
120953761,18390
120961388,18392
120969309,18391
120976886,18386
120984790,18387
120992423,18397
121000305,18390
121007961,18434
121015761,18428
121023347,18434
121030182,18429
121038040,18433
121045672,18434
121053548,18431
121061179,18432
121069620,18437
121077207,18438
121085015,18445
121092649,18443
121100531,18438
121108182,18442
121116012,18444
121123654,18448
121131506,18500
121139149,18500
121146924,18504
121154484,18497
121161362,18504
121169251,18506
121176846,18507
121184745,18504
121192350,18512
121200174,18507
121207761,18515
121215616,18509
121223272,18510
121231261,18512
121238942,18518
121253838,18442
121261487,18439
121268374,18442
121276246,18441
121284383,18433
121291226,18432
121299054,18433
121306742,18421
121314644,18423
121322292,18429
121330172,18422
121337809,18421
121345764,18415
121353373,18418
121367864,18399
121375781,18412
121382712,18401
121390309,18401
121397173,18407
121405035,18394
121412669,18400
121420556,18405
121428166,18404
121436055,18405
121443661,18402
121451538,18402
121459189,18402
121466999,18407
121474637,18406
121489312,18416
121497502,18416
121504395,18415
121512247,18419
121519841,18412
121527741,18423
121535292,18419
121543117,18420
121550732,18419
121558612,18427
121566232,18418
121574057,18419
121581698,18423
121589569,18429
121597199,18425
121605014,18448
121612655,18449
121620451,18447
121628083,18450
121635918,18450
121643485,18452
121650394,18447
121658248,18444
121665901,18448
121673779,18458
121681338,18453
121689211,18457
121696789,18457
121705340,18461
121713005,18458
121720797,18459
121728394,18493
121736244,18484
121743080,18495
121750682,18494
121757541,18497
121765388,18497
121773052,18495
121780818,18496
121788438,18495
121796281,18500
121803897,18498
121811757,18501
121819362,18505
121827197,18500
121834855,18499
121842753,18503
121850340,18533
121858182,18539
121865809,18541
121873684,18540
121881345,18536
121888222,18541
121896128,18539
121903810,18538
121911675,18537
121919971,18536
121927829,18542
121935466,18537
121943351,18539
121950974,18534
121958886,18543
121966496,18465
121974368,18453
121981248,18463
121988832,18456
121995774,18456
122003681,18454
122011245,18451
122019054,18454
122026654,18449
122034487,18446
122042139,18442
122050028,18447
122057682,18443
122065484,18438
122073106,18446
122080935,18437
122088522,18446
122096366,18441
122103974,18441
122110859,18450
122118778,18450
122127098,18448
122134907,18453
122142501,18441
122150329,18447
122157990,18451
122165855,18452
122173495,18452
122181338,18454
122188969,18450
122196818,18454
122211244,18449
122218103,18455
122225917,18454
122232783,18446
122240390,18450
122248239,18455
122255862,18457
122263745,18451
122271307,18456
122279129,18454
122286712,18454
122294567,18456
122302227,18451
122310030,18461
122317659,18462
122325502,18483
122333806,18477
122341717,18484
122348626,18483
122356220,18481
122364071,18482
122370999,18490
122378616,18481
122386441,18484
122394123,18487
122401971,18485
122409595,18497
122417417,18491
122425105,18498
122432906,18500
122440574,18502
122448417,18532
122456088,18523
122463932,18532
122471526,18532
122478403,18535
122486218,18534
122493870,18531
122501762,18534
122509305,18532
122517134,18540
122524763,18542
122532671,18538
122540237,18541
122548677,18537
122556261,18546
122570938,18568
122577794,18572
122585402,18569
122593262,18567
122600876,18572
122615327,18561
122623201,18571
122630826,18573
122638721,18573
122646285,18571
122654145,18563
122661774,18565
122669670,18565
122677232,18566
122685059,18497
122691940,18499
122699562,18496
122707399,18494
122714273,18491
122721868,18486
122728771,18491
122736662,18497
122744252,18492
122752038,18490
122760167,18489
122768075,18484
122775676,18488
122783585,18490
122791204,18488
122799010,18486
122806634,18493
122814497,18498
122822112,18490
122829932,18499
122837520,18495
122844464,18497
122852338,18499
122859958,18497
122867807,18498
122875396,18498
122883291,18505
122890871,18500
122898763,18504
122906345,18504
122914214,18497
122928740,18507
122936576,18508
122944183,18509
122951036,18503
122958912,18508
122965858,18512
122974177,18516
122982088,18513
122989784,18512
122997681,18518
123005325,18516
123013240,18515
123020870,18512
123028745,18518
123036346,18516
123044187,18548
123051819,18546
123059681,18547
123066568,18550
123074217,18552
123081045,18552
123088842,18555
123096455,18557
123104321,18547
123111933,18558
123119771,18554
123127376,18553
123135236,18565
123142854,18559
123150710,18559
123158330,18566
123166213,18597
123173824,18597
123182346,18600
123189982,18597
123196221,18598
123204053,18598
123211704,18597
123219554,18602
123227196,18601
123235046,18602
123242678,18614
123250576,18602
123258180,18610
123266007,18610
123273660,18609
123281464,18605
123289100,18632
123296968,18640
123304612,18638
123312444,18638
123320109,18645
123327934,18638
123335535,18638
123343376,18632
123351017,18630
123358834,18633
123366495,18630
123374372,18619
123382017,18618
123390491,18618
123398151,18617
123411818,18564
123419670,18570
123427256,18565
123435103,18563
123442727,18565
123450617,18565
123458267,18566
123466085,18564
123473685,18567
123481514,18559
123489150,18564
123497018,18562
123504649,18561
123512506,18567
123520204,18565
123528070,18577
123535685,18575
123543494,18579
123551128,18581
123557356,18576
123565234,18581
123572847,18577
123580705,18578
123588357,18572
123596247,18574
123604399,18580
123612184,18576
123619793,18574
123627685,18574
123635260,18572
123649983,18578
123657635,18572
123665492,18579
123672334,18583
123679950,18578
123687784,18583
123695385,18583
123703203,18581
123710813,18580
123718673,18587
123726261,18583
123734096,18587
123741742,18584
123749609,18583
123757234,18585
123765058,18611
123772680,18616
123780567,18614
123788206,18617
123795065,18620
123802848,18613
123811127,18618
123818970,18620
123826562,18619
123834431,18618
123842094,18621
123849935,18618
123864427,18617
123872151,18622
123885823,18650
123893708,18646
123901325,18647
123909207,18649
123916109,18647
123923757,18653
123931679,18652
123939313,18652
123947169,18651
123954782,18655
123962624,18658
123970216,18656
123978066,18655
123985701,18652
123993564,18663
124001207,18682
124009012,18679
124016632,18672
124025104,18671
124031199,18666
124038798,18664
124046710,18666
124054298,18654
124062125,18651
124069761,18643
124077581,18642
124085227,18646
124093128,18639
124100805,18638
124108689,18635
124116329,18628
124123210,18589
124131169,18588
124138813,18591
124146664,18589
124154211,18585
124162019,18584
124169620,18587
124177443,18583
124185113,18582
124192938,18589
124200571,18586
124208426,18585
124216082,18585
124223887,18580
124232076,18583
124238972,18584
124246807,18579
124254419,18586
124262279,18574
124269135,18576
124276760,18579
124284622,18574
124292178,18572
124300012,18579
124307636,18578
124315461,18574
124323111,18572
124330917,18573
124338516,18575
124346332,18577
124353915,18573
124361786,18573
124369383,18566
124377272,18572
124384887,18573
124391822,18567
124399719,18565
124407241,18567
124415073,18572
124422723,18570
124430586,18571
124438194,18573
124446705,18570
124454274,18572
124462098,18575
124469712,18578
124477598,18576
124485209,18590
124493110,18596
124500740,18589
124508631,18594
124516235,18597
124524041,18601
124531670,18600
124539490,18597
124547111,18599
124554938,18596
124562535,18597
124570468,18593
124578123,18597
124585881,18600
124593513,18596
124600387,18616
124608199,18616
124615815,18616
124623688,18618
124630535,18621
124638172,18621
124645946,18618
124654191,18618
124662054,18626
124669603,18624
124677434,18628
124685087,18618
124692955,18626
124700514,18624
124708384,18624
124715283,18628
124722876,18620
124730798,18620
124738378,18619
124746208,18610
124753821,18605
124761706,18602
124769294,18597
124777150,18589
124784769,18591
124792690,18588
124800264,18580
124808137,18581
124815766,18572
124823663,18576
124831299,18572
124846029,18524
124853688,18519
124862219,18519
124869077,18518
124876727,18520
124884592,18520
124892207,18520
124899980,18519
124907581,18515
124915445,18516
124923110,18518
124930919,18522
124938475,18517
124946335,18519
124953196,18508
124960825,18503
124968708,18503
124976289,18503
124984137,18509
124991760,18499
124999594,18504
125007217,18498
125015027,18499
125022676,18500
125030525,18504
125038207,18502
125046023,18504
125053612,18495
125061492,18495
125069745,18496
125084529,18500
125092174,18501
125105714,18502
125112589,18497
125120448,18501
125128132,18502
125135998,18507
125143626,18505
125151457,18503
125159093,18500
125166908,18505
125174592,18506
125182428,18504
125189353,18508
125196985,18528
125204793,18529
125212338,18531
125220146,18531
125226972,18529
125233793,18528
125241352,18536
125249191,18529
125256830,18535
125264677,18533
125272284,18528
125280068,18533
125288168,18528
125296074,18533
125303706,18533
125311582,18535
125319249,18556
125327088,18550
125334705,18555
125342509,18551
125350149,18556
125357926,18559
125365533,18555
125373400,18557
125381039,18554
125388885,18553
125396478,18556
125404322,18551
125411958,18559
125419794,18553
125426628,18563
125434214,18557
125442058,18582
125449677,18561
125457553,18581
125465197,18588
125472064,18562
125479879,18577
125487439,18576
125495296,18574
125503502,18578
125511380,18572
125519036,18571
125526889,18558
125534479,18560
125542297,18556
125549886,18552
125564624,18465
125572086,18460
125579946,18457
125586823,18459
125593705,18459
125601278,18459
125609085,18460
125616695,18459
125624523,18457
125632179,18453
125639996,18456
125647645,18460
125655496,18455
125663172,18455
125670908,18454
125678504,18453
125686369,18456
125693990,18448
125701832,18454
125709338,18453
125717198,18451
125724802,18450
125732691,18449
125740257,18451
125748109,18450
125755715,18450
125763601,18445
125771210,18453
125779048,18444
125786650,18447
125794536,18451
125802137,18435
125809906,18432
125817477,18425
125824326,18432
125832208,18433
125839864,18436
125847742,18438
125855332,18432
125863223,18440
125870860,18432
125878708,18436
125886274,18432
125894096,18441
125901727,18436
125908596,18438
125923992,18460
125931631,18450
125939463,18457
125947071,18451
125954890,18454
125962520,18455
125970381,18461
125978041,18460
125985862,18459
125993427,18457
126001242,18460
126008823,18461
126016650,18462
126024296,18463
126032165,18462
126039826,18481
126047712,18482
126055352,18479
126062263,18481
126069106,18483
126076867,18487
126084448,18486
126092350,18491
126099952,18480
126107828,18488
126115409,18484
126123265,18487
126131438,18490
126139299,18493
126146130,18484
126153726,18492
126161610,18512
126169268,18514
126177119,18520
126184789,18519
126192653,18522
126200246,18514
126208063,18523
126215687,18508
126223510,18522
126231144,18521
126238965,18517
126246566,18513
126254476,18515
126262125,18515
126269944,18514
126284396,18408
126292249,18411
126299889,18401
126307743,18406
126315304,18408
126323192,18405
126330780,18403
126345856,18399
126353745,18402
126361403,18402
126369257,18401
126376923,18398
126383851,18402
126398646,18400
126406261,18392
126414097,18402
126420990,18398
126428591,18394
126435441,18400
126443275,18400
126450901,18400
126458784,18397
126466407,18397
126474271,18396
126481873,18397
126489716,18400
126497339,18403
126505210,18406
126519710,18394
126527533,18391
126535164,18390
126542981,18391
126551173,18391
126559017,18387
126566648,18388
126574502,18391
126582174,18392
126589954,18392
126597599,18391
126605431,18395
126613086,18392
126619926,18392
126634728,18436
126642286,18436
126650112,18441
126657758,18431
126665623,18439
126673227,18437
126680987,18440
126688586,18442
126696442,18432
126704134,18440
126711915,18445
126719541,18444
126727415,18449
126734989,18442
126742815,18443
126750392,18462
126758224,18458
126766430,18462
126774307,18462
126781153,18459
126788050,18463
126795655,18460
126803463,18465
126811069,18463
126818853,18458
126826449,18462
126834317,18460
126841920,18461
126849830,18463
126857435,18465
126865314,18466
126872862,18513
126880739,18518
126888311,18519
126896138,18519
126903786,18518
126911652,18517
126919253,18525
126927125,18520
126934732,18528
126942620,18531
126950241,18533
126958062,18539
126965734,18537
126974155,18549
126981030,18539
126995597,18483
127003438,18484
127011062,18543
127018909,18469
127025770,18480
127033400,18474
127041245,18475
127048866,18474
127056713,18471
127064339,18474
127072199,18470
127079825,18469
127087748,18466
127095318,18466
127103155,18464
127110768,18467
127118668,18472
127126278,18470
127134099,18469
127141732,18471
127149566,18475
127157217,18474
127164103,18478
127171874,18476
127180103,18475
127187947,18478
127195571,18476
127203369,18476
127210942,18482
127217829,18481
127225744,18484
127233336,18471
127241155,18467
127248797,18469
127256730,18467
127264324,18463
127272171,18462
127279797,18467
127287669,18457
127295274,18456
127303060,18458
127310700,18457
127318565,18464
127326228,18462
127334060,18457
127341674,18457
127356381,18482
127364051,18486
127371891,18479
127378736,18476
127386348,18488
127394840,18488
127402430,18487
127410267,18489
127417836,18491
127425697,18488
127433311,18494
127441101,18492
127448725,18493
127455592,18487
127463440,18490
127471034,18549
127478894,18547
127486502,18552
127494396,18552
127502036,18555
127508899,18556
127516803,18554
127524380,18557
127532190,18559
127539802,18560
127547724,18556
127555340,18558
127563203,18562
127570832,18556
127578751,18556
127593010,18594
127600967,18598
127609219,18607
127616085,18606
127622958,18612
127630883,18615
127638520,18614
127646373,18621
127654003,18629
127661849,18633
127669376,18635
127677209,18638
127684847,18638
127691730,18642
127699571,18641
127714059,18584
127721909,18592
127729534,18587
127737372,18585
127744985,18587
127752872,18586
127760418,18588
127767308,18590
127775173,18595
127782803,18586
127790631,18589
127798296,18595
127806060,18597
127813684,18592
127822037,18590
127829694,18618
127837524,18615
127845146,18613
127852963,18623
127860607,18616
127868455,18623
127876116,18617
127882989,18619
127890881,18624
127898519,18621
127906374,18627
127913976,18620
127921874,18630
127928734,18626
127936340,18622
127944136,18620
127951734,18618
127959643,18616
127967270,18614
127975073,18616
127982683,18610
127990509,18616
127998175,18617
128005964,18613
128013572,18615
128021418,18611
128029680,18614
128037517,18615
128045190,18610
128053022,18615
128060623,18608
128075378,18618
128082927,18616
128090809,18618
128097685,18611
128105242,18614
128113060,18619
128120695,18616
128128542,18611
128136168,18618
128144031,18612
128151656,18614
128159513,18617
128167185,18619
128175043,18615
128182640,18626
128190488,18634
128198165,18636
128205959,18630
128213582,18634
128220418,18627
128228302,18632
128236557,18629
128244435,18638
128252085,18636
128259889,18629
128267479,18638
128275316,18638
128282883,18635
128289780,18633
128297697,18634
128305280,18637
128313095,18659
128320725,18661
128328575,18662
128335464,18654
128343108,18654
128350887,18647
128358494,18646
128366353,18645
128373980,18647
128381849,18643
128389412,18643
128397255,18636
128404878,18629
128412733,18630
128420293,18623
128435005,18583
128442580,18584
128450981,18585
128458556,18584
128466409,18580
128474043,18580
128481889,18587
128489510,18586
128497348,18581
128504980,18582
128512829,18576
128520400,18582
128527290,18579
128535104,18577
128542724,18580
128550539,18575
128558211,18568
128566052,18573
128573689,18577
128581513,18574
128589184,18569
128596954,18575
128604558,18574
128611530,18575
128619403,18578
128627103,18576
128635045,18577
128642753,18573
128650653,18566
128658958,18574
128673766,18574
128681394,18575
128689261,18574
128696129,18575
128703038,18577
128710665,18577
128718536,18578
128726193,18578
128733065,18576
128740935,18579
128748546,18580
128756447,18582
128764112,18580
128771928,18581
128779528,18578
128794282,18606
128801855,18603
128809750,18610
128816665,18609
128823562,18608
128837831,18611
128845874,18613
128853578,18615
128861507,18616
128869173,18611
128877704,18618
128884600,18616
128892246,18618
128907053,18653
128914714,18661
128922558,18662
128929468,18666
128936353,18664
128943963,18665
128951885,18659
128959463,18665
128967307,18662
128974921,18666
128982812,18670
128990350,18663
128998219,18667
129005836,18668
129013663,18672
129028170,18632
129035971,18632
129043578,18627
129050472,18628
129057364,18619
129065210,18614
129072822,18619
129080670,18613
129088872,18611
129096803,18611
129104452,18608
129112393,18605
129119986,18603
129127863,18608
129135414,18597
129143245,18564
129150821,18556
129158723,18558
129165628,18559
129172527,18554
129180185,18560
129187982,18553
129195596,18552
129203435,18553
129211089,18556
129218933,18560
129226468,18552
129234323,18550
129241957,18558
129249876,18546
129257458,18553
129265298,18537
129272879,18539
129280734,18532
129288345,18533
129296108,18529
129304353,18529
129312174,18528
129319804,18532
129327682,18528
129335299,18534
129343096,18535
129350742,18534
129358589,18527
129365505,18532
129373154,18528
129380955,18531
129388565,18537
129396480,18535
129403326,18531
129410917,18536
129418805,18540
129426435,18536
129434297,18537
129441908,18540
129449776,18537
129457392,18536
129465217,18541
129472826,18534
129480699,18541
129488289,18540
129496119,18538
129503717,18556
129512192,18565
129519809,18563
129527667,18560
129534533,18564
129542183,18562
129549968,18556
129557559,18567
129565430,18560
129573034,18557
129579928,18562
129587800,18567
129595433,18569
129603252,18562
129610889,18567
129618753,18583
129626361,18582
129634232,18589
129641859,18582
129649769,18589
129657401,18590
129665255,18593
129672827,18586
129680691,18586
129688276,18588
129696142,18591
129703773,18588
129711578,18592
129719856,18590
129726794,18588
129734659,18589
129742320,18521
129750147,18514
129757780,18517
129764679,18515
129772553,18507
129780202,18509
129788025,18509
129795670,18506
129803505,18501
129811107,18509
129818913,18505
129826520,18506
129834374,18499
129841242,18500
129848906,18505
129856810,18483
129864380,18476
129872217,18476
129879857,18475
129887721,18474
129895342,18476
129903177,18479
129910802,18478
129918687,18479
129926939,18479
129934895,18485
129941778,18480
129949361,18481
129957193,18480
129964845,18477
129972735,18477
129980305,18468
129988103,18469
129995722,18471
130002572,18466
130009445,18465
130017291,18466
130024886,18470
130032741,18464
130040348,18469
130048188,18475
130055845,18468
130062755,18475
130070588,18467
130084932,18470
130092517,18472
130100432,18484
130108028,18491
130115924,18492
130123559,18491
130131455,18492
130139084,18490
130147709,18494
130155287,18493
130163108,18497
130170742,18498
130177612,18495
130185484,18497
130193098,18499
130199994,18498
130207822,18500
130222268,18516
130230063,18519
130237760,18516
130245606,18514
130253237,18519
130261083,18517
130268689,18523
130276576,18521
130284197,18522
130292012,18527
130299627,18527
130307468,18523
130315126,18523
130322985,18530
130330616,18523
130338451,18545
130346077,18553
130354578,18547
130361504,18557
130368382,18548
130375986,18553
130383841,18555
130391464,18560
130399352,18555
130407021,18553
130414917,18556
130422535,18561
130430431,18556
130437342,18557
130444914,18557
130452807,18553
130460403,18473
130468282,18478
130475930,18476
130483799,18473
130491366,18475
130499209,18472
130506854,18469
130514779,18466
130522404,18470
130530257,18470
130537862,18462
130545716,18469
130552525,18472
130560208,18466
130568746,18466
130583202,18452
130591032,18455
130598691,18457
130606544,18459
130614196,18454
130621993,18453
130629591,18456
130637442,18455
130645067,18459
130652946,18457
130660579,18455
130668442,18460
130676056,18458
130683912,18458
130691506,18463
130699390,18454
130707018,18459
130714891,18459
130721746,18456
130729361,18459
130737143,18463
130744754,18460
130752616,18455
130760233,18459
130768074,18462
130776308,18456
130783197,18468
130791000,18467
130798643,18462
130806451,18470
130820849,18491
130828773,18497
130836365,18490
130844204,18493
130851843,18493
130859700,18501
130867317,18494
130875133,18494
130882746,18495
130890564,18495
130898242,18504
130906080,18499
130912919,18504
130920547,18503
130928452,18508
130936065,18534
130943921,18529
130951512,18529
130959358,18534
130967000,18533
130974864,18539
130983054,18539
130990989,18535
130998563,18539
131006436,18539
131014078,18538
131021933,18540
131028799,18539
131036395,18536
131044236,18539
131051849,18538
131059717,18565
131067296,18560
131075133,18566
131082020,18567
131088882,18559
131096469,18565
131104337,18570
131111939,18568
131119809,18574
131127427,18570
131135288,18571
131142892,18573
131149720,18576
131157543,18572
131165228,18576
131173011,18575
131180614,18480
131188484,18474
131196753,18467
131204592,18471
131212211,18462
131219984,18469
131227620,18466
131235470,18564
131243135,18460
131250931,18465
131258537,18465
131265444,18462
131273246,18462
131280835,18462
131288705,18460
131303174,18461
131310996,18468
131325466,18468
131333122,18465
131341008,18465
131348611,18464
131356442,18463
131364072,18469
131371987,18472
131378868,18465
131386499,18471
131394381,18473
131402000,18474
131417442,18480
131425081,18486
131432928,18487
131439776,18489
131446657,18485
131454275,18483
131462154,18486
131469789,18485
131477597,18480
131485234,18484
131493101,18481
131500766,18479
131508610,18487
131516253,18494
131524067,18490
131538549,18489
131546385,18499
131553956,18497
131561830,18491
131569420,18498
131577265,18493
131584883,18498
131592760,18498
131600360,18493
131608132,18498
131615741,18498
131624136,18497
131631778,18500
131639712,18499
131654248,18528
131662138,18529
131669747,18533
131677582,18533
131684473,18528
131692097,18527
131699945,18531
131707549,18527
131715374,18533
131722947,18529
131730811,18533
131738364,18531
131746159,18534
131753790,18533
131761615,18541
131769263,18560
131777041,18561
131784695,18556
131792551,18562
131799485,18563
131807077,18564
131814894,18564
131822430,18562
131830961,18568
131838592,18570
131846467,18565
131854130,18567
131860998,18571
131868885,18562
131875752,18565
131883347,18566
131891178,18524
131898830,18516
131906728,18515
131914341,18512
131922151,18506
131929791,18511
131937585,18505
131945237,18504
131953004,18496
131960624,18499
131968474,18496
131976130,18490
131983961,18494
131991594,18499
131999462,18492
132013906,18456
132021744,18466
132029336,18454
132037186,18459
132045432,18462
132053257,18485
132060899,18462
132068789,18468
132076419,18462
132084216,18462
132091841,18460
132098720,18463
132106351,18460
132113961,18463
132121823,18461
132129438,18472
132137249,18472
132144867,18470
132152754,18465
132159674,18463
132166571,18471
132174242,18468
132182084,18465
132189694,18465
132197504,18468
132205145,18464
132212996,18462
132220584,18472
132228430,18466
132236051,18469
132243901,18469
132252144,18481
132259993,18475
132267601,18474
132275445,18473
132282340,18477
132289960,18479
132297823,18475
132305403,18471
132313238,18477
132320823,18473
132328684,18470
132335510,18478
132343136,18475
132350973,18470
132358577,18478
132366407,18479
132374059,18502
132381946,18502
132389560,18502
132397439,18498
132405056,18497
132412901,18497
132420480,18503
132428338,18503
132435989,18509
132443879,18504
132451467,18495
132459921,18512
132467476,18510
132475316,18505
132482973,18507
132497755,18535
132505331,18539
132513181,18540
132520005,18537
132527633,18537
132535537,18545
132543150,18543
132550978,18544
132558586,18544
132572088,18540
132579940,18552
132587551,18552
132595418,18554
132603041,18554
132610913,18561
132618510,18555
132626338,18551
132633977,18550
132641898,18547
132649442,18543
132657322,18542
132664971,18534
132672838,18533
132681127,18523
132688026,18531
132695925,18520
132703539,18522
132711395,18521
132719025,18515
132726928,18481
132734497,18479
132742377,18477
132749989,18475
132756220,18474
132764003,18471
132771624,18479
132779515,18475
132787170,18472
132795013,18475
132802642,18473
132810499,18466
132818118,18473
132825955,18473
132833582,18476
132841440,18471
132849056,18482
132856903,18484
132864516,18487
132872375,18485
132880030,18489
132888531,18490
132896206,18490
132904030,18489
132911626,18493
132919467,18487
132926344,18489
132933979,18485
132941836,18490
132949385,18489
132957215,18487
132970903,18480
132978508,18487
132986316,18485
132993983,18482
133001869,18480
133009470,18476
133017296,18486
133024930,18487
133032830,18483
133040457,18484
133048307,18480
133055925,18482
133063805,18478
133071420,18482
133079281,18484
133086895,18493
133095341,18487
133102958,18490
133110842,18488
133116964,18494
133124601,18493
133132470,18493
133140065,18492
133147932,18495
133155515,18490
133163386,18496
133171045,18497
133178906,18497
133186519,18492
133194369,18497
133201977,18502
133209847,18537
133217423,18532
133225267,18534
133232915,18537
133240804,18545
133248429,18539
133256264,18538
133263903,18542
133271760,18540
133279351,18542
133286185,18546
133294025,18537
133302206,18550
133310108,18551
133317697,18548
133332406,18575
133340047,18576
133347920,18575
133354748,18577
133362353,18579
133370204,18576
133377857,18584
133385694,18580
133393327,18585
133401135,18582
133408717,18585
133416552,18591
133424197,18582
133432019,18590
133439608,18584
133447506,18532
133455198,18523
133462997,18521
133470589,18517
133478407,18513
133485997,18518
133493863,18512
133501465,18509
133509342,18507
133517588,18506
133524475,18505
133532312,18507
133539934,18500
133547814,18502
133555357,18503
133570067,18492
133577666,18490
133585537,18490
133593150,18494
133601001,18488
133608594,18492
133616407,18488
133624041,18486
133631924,18492
133639534,18495
133647345,18495
133654981,18486
133662825,18492
133670444,18500
133678273,18493
133685896,18497
133692781,18496
133700633,18493
133708284,18496
133715136,18496
133723659,18496
133731297,18491
133739090,18499
133746658,18497
133754509,18495
133761431,18494
133769058,18494
133776937,18494
133784538,18492
133792416,18495
133800020,18491
133814510,18494
133822150,18493
133829108,18488
133836981,18492
133844645,18495
133852527,18494
133860185,18498
133867984,18492
133875539,18497
133883412,18491
133891034,18495
133898908,18498
133906514,18502
133914394,18502
133928912,18531
133936729,18531
133944979,18533
133951879,18533
133959758,18537
133967377,18543
133975189,18540
133982868,18538
133990744,18540
133997605,18543
134005265,18541
134013067,18546
134020628,18544
134028477,18544
134036105,18545
134044005,18562
134051624,18567
134059487,18559
134067085,18564
134074967,18563
134082547,18568
134090382,18565
134098033,18565
134105916,18569
134113496,18565
134121320,18566
134128945,18568
134136842,18572
134144466,18570
134152944,18571
134167467,18592
134174376,18593
134182204,18590
134189830,18591
134197720,18597
134205344,18595
134213123,18593
134220712,18599
134228546,18592
134235463,18598
134243087,18597
134250929,18599
134258497,18598
134266328,18599
134273940,18591
134281798,18514
134289441,18516
134297310,18516
134304935,18508
134312825,18523
134320378,18517
134328241,18516
134335854,18509
134343716,18509
134351350,18510
134359759,18507
134367360,18506
134375252,18503
134382914,18507
134390796,18506
134405263,18495
134413116,18493
134420739,18498
134427611,18496
134435484,18502
134443118,18498
134450951,18497
134458586,18497
134466438,18498
134473270,18500
134480866,18495
134488715,18499
134496399,18493
134504257,18500
134511917,18493
134526803,18499
134534367,18497
134542223,18497
134548361,18501
134555949,18497
134563869,18494
134572149,18491
134580012,18500
134587655,18502
134595514,18495
134603167,18499
134611010,18495
134618597,18502
134626479,18503
134640946,18521
134648848,18523
134656449,18525
134664291,18531
134671952,18525
134679789,18524
134687384,18532
134695243,18535
134702851,18527
134710730,18538
134718384,18536
134726200,18536
134733831,18535
134741659,18541
134749273,18539
134757076,18568
134764724,18561
134772598,18569
134780819,18565
134787708,18571
134795568,18572
134803165,18576
134811020,18574
134818610,18569
134826489,18574
134833329,18580
134840944,18573
134848858,18579
134856491,18579
134864303,18580
134871909,18577
134879751,18601
134887346,18599
134895139,18603
134902728,18602
134910559,18602
134918188,18598
134926013,18598
134933609,18607
134941436,18599
134949040,18602
134956951,18603
134964563,18605
134972434,18608
134980022,18606
134988526,18607
135003016,18582
135010876,18583
135018442,18576
135025338,18577
135033129,18566
135040766,18569
135048620,18557
135063112,18560
135070039,18556
135077685,18557
135085514,18551
135093121,18553
135100965,18545
135108555,18546
135116417,18517
135124053,18524
135131953,18521
135138897,18522
135146456,18517
135154301,18522
135161921,18526
135169781,18516
135177377,18516
135185206,18522
135192819,18520
135200641,18518
135208934,18522
135216736,18522
135224340,18520
135239051,18530
135246661,18531
135254548,18532
135262194,18529
135270080,18533
135277658,18534
135285494,18534
135293095,18525
135300951,18528
135308533,18528
135316356,18534
135323960,18538
135331858,18534
135339402,18533
135347203,18528
135354827,18538
135362671,18541
135370316,18539
135377217,18535
135385003,18540
135392597,18538
135400430,18539
135408000,18542
135416409,18540
135423283,18548
135430956,18541
135438868,18548
135446511,18546
135454385,18538
135462075,18547
135476839,18575
135484411,18567
135492258,18571
135499153,18575
135506746,18571
135514607,18572
135522271,18578
135530130,18576
135537786,18573
135545635,18572
135553273,18580
135561053,18576
135568694,18581
135576546,18577
135584170,18571
135592034,18605
135599602,18607
135607427,18606
135615019,18607
135623466,18611
135630340,18606
135637955,18610
135645857,18607
135653471,18608
135661316,18611
135668903,18613
135676811,18609
135684406,18611
135692235,18609
135699844,18613
135707704,18617
135715329,18615
135723171,18616
135730787,18611
135737649,18605
135745493,18595
135753083,18602
135760977,18590
135768579,18590
135776436,18581
135784037,18575
135791957,18575
135799516,18580
135807348,18564
135814980,18567
135822832,18565
135831016,18521
135838921,18520
135846559,18520
135854428,18521
135861282,18522
135868884,18520
135876759,18520
135884390,18514
135892273,18513
135899152,18519
135906758,18523
135914617,18520
135922306,18517
135930178,18518
135937763,18512
135945619,18518
135953274,18513
135961112,18515
135968713,18518
135975593,18515
135983449,18506
135991075,18511
135998939,18512
136006463,18515
136014333,18508
136021968,18509
136029860,18504
136037453,18506
136045950,18511
136053576,18514
136061431,18509
136075861,18516
136083742,18510
136091406,18508
136098329,18515
136106109,18509
136113709,18512
136121555,18513
136129190,18516
136137004,18517
136144608,18515
136152433,18516
136160051,18514
136167956,18516
136175516,18521
136183438,18512
136191045,18542
136198892,18542
136206455,18544
136214288,18540
136221900,18539
136229773,18540
136236636,18544
136244296,18545
136252684,18546
136259568,18548
136267187,18542
136275029,18546
136282613,18552
136290459,18548
136311876,18561
136319565,18567
136327448,18564
136333573,18568
136341193,18566
136349052,18570
136356636,18573
136364496,18567
136372154,18570
136380003,18573
136387613,18576
136395462,18575
136403069,18579
136410928,18578
136418538,18576
136426394,18540
136434027,18538
136441917,18541
136449503,18536
136457336,18534
136464950,18529
136473394,18521
136481015,18519
136488890,18513
136495716,18510
136503368,18514
136511168,18511
136518816,18509
136526691,18502
136534342,18502
136542095,18499
136549683,18479
136557545,18478
136565210,18475
136572094,18477
136579969,18478
136587568,18483
136595437,18480
136603066,18479
136610963,18482
136618548,18473
136626368,18475
136633982,18479
136641845,18479
136649451,18474
136657327,18481
136671821,18475
136680173,18478
136687810,18485
136694692,18477
136702513,18474
136710128,18486
136718005,18477
136725649,18477
136733464,18473
136741090,18479
136748944,18479
136756516,18472
136764406,18475
136772036,18474
136779913,18473
136787497,18484
136795362,18480
136802983,18480
136810798,18475
136818387,18478
136826231,18472
136833878,18472
136840760,18475
136848625,18471
136856322,18475
136864099,18478
136871714,18476
136879544,18477
136887843,18478
136895709,18480
136903374,18476
136911198,18504
136918800,18506
136926653,18511
136932775,18499
136940374,18501
136948228,18507
136955836,18504
136963715,18509
136970595,18509
136978199,18505
136986003,18513
136993626,18511
137001465,18517
137009076,18510
137016975,18515
137031436,18537
137039208,18538
137046870,18538
137053086,18537
137060975,18538
137068556,18542
137076397,18542
137083294,18538
137090189,18543
137098434,18546
137106255,18543
137113918,18537
137121753,18549
137129366,18546
137137181,18551
137144822,18526
137152644,18517
137160303,18518
137168134,18513
137175789,18516
137183660,18510
137191339,18513
137199154,18502
137206012,18504
137213658,18501
137221507,18494
137229132,18493
137236991,18497
137244594,18490
137252447,18491
137260083,18490
137267937,18477
137275466,18485
137283303,18477
137290194,18482
137297821,18477
137306248,18482
137313881,18485
137321775,18484
137329394,18482
137337177,18482
137344784,18477
137352632,18480
137360294,18481
137368143,18487
137375738,18481
137390475,18493
137398066,18492
137405919,18493
137412789,18496
137420427,18492
137428288,18489
137435920,18494
137443780,18496
137451397,18493
137459253,18490
137466850,18498
137474650,18485
137482325,18493
137490178,18495
137497778,18491
137505634,18501
137513891,18501
137521808,18506
137528668,18504
137536323,18509
137550870,18504
137558887,18503
137565922,18502
137573825,18506
137581466,18506
137589372,18508
137597076,18510
137604956,18510
137612586,18508
137627301,18537
137634905,18541
137642776,18538
137649643,18537
137657306,18540
137665113,18541
137672681,18543
137680536,18545
137688173,18548
137696049,18545
137703656,18543
137711546,18545
137719150,18546
137727064,18550
137735331,18546
137743140,18570
137750730,18569
137758615,18574
137765464,18573
137773110,18569
137780984,18570
137788570,18570
137796415,18577
137803281,18574
137810897,18572
137818720,18568
137826368,18570
137834226,18577
137841842,18577
137849723,18577
137857357,18580
137865175,18606
137872770,18605
137880625,18601
137888278,18600
137896141,18596
137903764,18600
137911616,18594
137919273,18593
137926118,18588
137933980,18583
137942223,18585
137950067,18576
137957698,18574
137965586,18572
137973211,18565
137987974,18528
137995616,18523
138003459,18528
138011039,18525
138018900,18530
138026513,18524
138034337,18526
138041205,18521
138048769,18526
138056600,18526
138064223,18532
138072117,18528
138079737,18522
138087550,18518
138095157,18526
138103020,18531
138110596,18536
138118457,18534
138125348,18536
138132980,18532
138140847,18535
138149038,18535
138157009,18537
138164610,18533
138172496,18540
138180093,18532
138187995,18529
138195615,18533
138203452,18532
138211068,18531
138225851,18532
138233434,18534
138241288,18538
138248149,18533
138255752,18539
138263600,18542
138271194,18538
138279020,18539
138286592,18534
138294445,18540
138302037,18543
138309925,18541
138317510,18545
138325363,18545
138332970,18549
138340831,18575
138348422,18575
138356264,18572
138363881,18579
138371472,18581
138379352,18581
138386965,18574
138394871,18581
138401714,18584
138409353,18583
138417166,18579
138424851,18578
138432720,18585
138440399,18583
138448257,18584
138455891,18584
138463767,18604
138471363,18606
138479189,18610
138486048,18610
138493652,18609
138501542,18607
138509202,18608
138517062,18614
138524673,18616
138531531,18609
138539325,18614
138546937,18615
138554845,18617
138562429,18620
138570917,18617
138578504,18621
138586341,18657
138593977,18657
138601858,18656
138609478,18653
138617309,18650
138624924,18652
138632810,18659
138639634,18656
138647272,18661
138655075,18659
138662649,18659
138670451,18659
138678038,18659
138685908,18662
138693556,18655
138708234,18614
138715804,18607
138723668,18613
138731281,18610
138739136,18615
138746765,18615
138754599,18609
138762246,18610
138770068,18609
138778237,18606
138792743,18613
138800630,18617
138808323,18606
138823013,18601
138830603,18616
138838514,18611
138844643,18614
138852281,18616
138860156,18614
138867764,18613
138874615,18614
138882444,18621
138890074,18615
138897956,18628
138905538,18618
138913398,18620
138921026,18621
138928937,18623
138943382,18617
138951178,18618
138958803,18615
138966670,18620
138974320,18617
138982096,18618
138989717,18617
138998210,18617
139005847,18621
139013695,18616
139021369,18624
139029233,18619
139036891,18622
139044785,18619
139059337,18636
139067173,18644
139074732,18637
139081608,18640
139089465,18644
139097057,18642
139104936,18643
139112592,18651
139120458,18640
139128080,18643
139135936,18649
139143563,18647
139151373,18645
139159032,18643
139166943,18643
139174515,18677
139182352,18675
139189984,18686
139197880,18685
139205465,18679
139213308,18688
139220950,18686
139228811,18683
139235680,18691
139243338,18685
139251190,18683
139258078,18692
139265701,18689
139273547,18694
139281160,18693
139289025,18695
139296657,18723
139304498,18725
139312059,18726
139319943,18730
139327556,18734
139335392,18734
139343022,18729
139350890,18735
139358482,18733
139366351,18736
139373947,18737
139381856,18744
139389473,18740
139397264,18739
139404873,18746
139420132,18713
139427727,18713
139435604,18710
139442466,18706
139450146,18706
139458021,18706
139465547,18704
139472418,18705
139480258,18706
139487853,18703
139495695,18696
139503345,18695
139511181,18697
139518827,18699
139526673,18701
139534361,18665
139542148,18660
139549750,18663
139557574,18662
139564413,18664
139571995,18659
139579862,18666
139587504,18664
139595345,18656
139602962,18658
139610814,18657
139618434,18657
139626922,18656
139634524,18658
139642367,18654
139649954,18656
139657841,18647
139665433,18645
139673248,18646
139680877,18640
139688699,18649
139696370,18636
139704105,18641
139710971,18643
139718536,18640
139726395,18642
139734045,18646
139741901,18641
139749471,18638
139757299,18646
139764928,18646
139779619,18647
139787240,18648
139795053,18651
139802661,18651
139810467,18654
139818057,18656
139825939,18648
139834178,18655
139842057,18650
139849707,18653
139857512,18656
139865091,18653
139872923,18653
139880526,18651
139888369,18653
139896010,18671
139903881,18674
139911497,18673
139919385,18674
139925485,18671
139933096,18672
139940939,18675
139948515,18672
139956404,18672
139964028,18675
139971952,18673
139979606,18675
139987480,18676
139995068,18673
140002938,18674
140010504,18673
140018338,18695
140025996,18693
140039749,18693
140048306,18695
140055944,18701
140063817,18702
140071406,18704
140079227,18699
140086828,18702
140094715,18698
140101622,18707
140109259,18704
140117105,18711
140124725,18705
140132583,18664
140140169,18666
140148063,18661
140155647,18661
140162515,18661
140170368,18660
140178009,18654
140185901,18659
140193473,18648
140201249,18647
140208868,18651
140216711,18648
140223577,18649
140231194,18645
140239041,18637
140246596,18645
140254490,18603
140262655,18605
140270531,18600
140277405,18599
140284999,18595
140292871,18592
140300527,18598
140308421,18590
140316037,18593
140323923,18595
140331510,18589
140338391,18595
140346201,18594
140353817,18594
140361685,18590
140369340,18580
140377138,18582
140384786,18589
140392653,18581
140399519,18580
140407152,18581
140415027,18572
140422653,18580
140429544,18580
140437399,18579
140445046,18580
140452940,18576
140459852,18585
140468067,18576
140475981,18583
140483550,18575
140491403,18590
140499047,18591
140506959,18596
140514559,18585
140522403,18592
140530057,18591
140537927,18593
140545590,18592
140553513,18590
140561088,18595
140568970,18598
140575878,18592
140583478,18590
140591309,18593
140598904,18601
140606737,18595
140614375,18609
140622217,18615
140629836,18610
140637678,18614
140645361,18619
140653145,18617
140660731,18613
140667611,18617
140675421,18612
140683568,18615
140691375,18621
140698971,18618
140706829,18616
140714477,18610
140722345,18613
140736864,18640
140744725,18635
140752409,18637
140759234,18638
140767082,18632
140774710,18637
140782585,18638
140790249,18641
140798083,18639
140805642,18641
140813532,18638
140821155,18638
140829026,18644
140836628,18644
140844451,18637
140852096,18626
140859943,18619
140867480,18611
140875312,18614
140882151,18609
140890391,18602
140898221,18599
140905879,18599
140913702,18596
140921351,18594
140929198,18589
140936826,18587
140944664,18583
140952347,18578
140960182,18578
140974681,18532
140982547,18535
140990180,18534
140998006,18538
141005643,18532
141013447,18529
141021053,18535
141028958,18533
141036518,18536
141044352,18531
141052012,18531
141059902,18533
141067489,18532
141075321,18524
141082928,18537
141090752,18528
141099049,18526
141106969,18524
141114564,18523
141120790,18523
141128623,18524
141136261,18523
141144117,18524
141151775,18518
141159669,18531
141167306,18520
141175140,18523
141182050,18526
141189640,18525
141197475,18527
141205063,18521
141212947,18529
141220544,18528
141228430,18528
141236103,18526
141243968,18531
141251531,18536
141259362,18531
141266963,18532
141281426,18533
141289347,18533
141297025,18542
141304951,18538
141313138,18539
141321062,18539
141328732,18558
141336583,18561
141344183,18557
141352087,18558
141359687,18562
141367558,18563
141375149,18565
141383017,18558
141390632,18557
141398514,18563
141406126,18569
141414001,18565
141420875,18567
141428452,18565
141436283,18558
141443927,18566
141451850,18582
141459438,18586
141467244,18590
141474791,18587
141482623,18586
141490245,18590
141498063,18587
141505634,18591
141513499,18594
141521728,18597
141529582,18592
141536432,18595
141544034,18594
141551931,18592
141559529,18592
141574262,18617
141581910,18622
141589746,18623
141596655,18622
141604266,18622
141612111,18623
141619697,18627
141627541,18622
141635169,18626
141643075,18616
141650684,18619
141657500,18620
141665318,18617
141672971,18612
141680857,18610
141695330,18525
141703121,18520
141710722,18521
141717592,18526
141725428,18516
141733572,18522
141741436,18519
141749036,18519
141756927,18517
141764525,18513
141772340,18522
141779945,18519
141787780,18520
141795386,18519
141810077,18514
141817669,18516
141825526,18520
141832357,18522
141839976,18517
141847846,18515
141855459,18520
141863280,18518
141870915,18514
141878735,18522
141886420,18520
141894256,18516
141901907,18519
141909738,18520
141917409,18517
141925277,18521
141932883,18519
141941341,18521
141948979,18521
141956843,18523
141963722,18525
141971355,18522
141979203,18516
141986083,18525
141993699,18520
142001536,18534
142009127,18523
142016994,18527
142024507,18523
142032382,18524
142040010,18530
142047899,18557
142055499,18559
142063275,18557
142070867,18556
142078702,18555
142086396,18558
142094252,18557
142101118,18559
142108730,18562
142116570,18557
142124199,18557
142132021,18561
142139633,18564
142147451,18566
142155637,18564
142170366,18591
142178035,18591
142185942,18592
142192868,18599
142200512,18594
142208306,18599
142215949,18599
142223845,18594
142231479,18591
142239301,18598
142246902,18601
142254734,18604
142262386,18604
142270200,18608
142277762,18600
142285617,18626
142293264,18627
142301132,18624
142308732,18630
142316572,18634
142323429,18632
142331053,18631
142338884,18630
142346469,18632
142354345,18637
142362544,18636
142370358,18639
142378015,18631
142384891,18635
142392742,18638
142400399,18637
142408206,18588
142415807,18582
142423680,18581
142431311,18587
142439144,18581
142446786,18580
142454629,18584
142461505,18578
142469094,18574
142477001,18577
142484552,18569
142492427,18576
142500068,18574
142507953,18571
142515539,18568
142530007,18569
142537662,18567
142545498,18561
142552414,18572
142559320,18570
142566980,18564
142574894,18572
142583206,18568
142591130,18568
142598772,18571
142606632,18570
142614270,18563
142622138,18565
142629789,18575
142637659,18570
142652155,18582
142660070,18572
142667634,18578
142675466,18579
142683068,18581
142690983,18577
142697861,18577
142705517,18578
142713362,18578
142721036,18579
142728888,18579
142736461,18580
142743334,18575
142751151,18580
142758715,18583
142766543,18601
142774173,18606
142782053,18603
142790220,18608
142797117,18603
142804977,18603
142812538,18607
142820413,18607
142828038,18607
142835884,18611
142843483,18608
142851264,18606
142858888,18612
142866708,18609
142874335,18611
142889057,18638
142896637,18643
142904495,18647
142912129,18644
142920031,18642
142927612,18646
142934461,18647
142942292,18647
142949895,18644
142957723,18647
142965380,18646
142973191,18655
142980804,18650
142988684,18654
142996866,18650
143004727,18677
143012380,18677
143020158,18677
143027811,18677
143035637,18678
143043239,18682
143051126,18682
143058728,18685
143066586,18683
143074178,18683
143082066,18686
143089647,18679
143097477,18687
143104351,18686
143111953,18678
143119854,18687
143127477,18654
143135292,18655
143142878,18651
143149747,18649
143157598,18646
143165230,18641
143172128,18649
143179983,18647
143187547,18641
143195323,18641
143202924,18639
143211346,18640
143218976,18639
143226854,18636
143234539,18629
143249273,18624
143256878,18626
143264697,18628
143272337,18626
143279224,18623
143287072,18626
143294654,18627
143302471,18627
143310109,18629
143317982,18620
143325553,18626
143333313,18624
143340931,18620
143348775,18620
143356411,18620
143364201,18627
143371811,18625
143379726,18625
143387415,18622
143395238,18623
143402818,18629
143410665,18628
143418898,18622
143426722,18627
143434401,18633
143442198,18626
143449816,18627
143457653,18635
143465290,18623
143473121,18626
143487625,18636
143495443,18639
143503029,18644
143509858,18649
143517723,18648
143525329,18646
143532150,18644
143540002,18643
143547583,18644
143555445,18640
143563038,18649
143570916,18647
143578581,18651
143586458,18644
143594119,18653
143608898,18676
143616508,18681
143624334,18676
143632555,18675
143639433,18679
143647203,18678
143654795,18679
143662660,18681
143670329,18680
143678161,18685
143685820,18679
143693642,18682
143701306,18689
143709204,18687
143723642,18700
143731449,18700
143739082,18702
143746983,18704
143754540,18705
143762358,18702
143776572,18705
143784524,18710
143792163,18706
143800057,18709
143807668,18711
143815586,18710
143823206,18717
143830148,18713
143838055,18697
143846319,18690
143854154,18686
143861743,18692
143868650,18689
143875480,18685
143883256,18682
143890154,18675
143897794,18671
143905668,18680
143913310,18672
143921140,18676
143928772,18674
143936657,18673
143944250,18668
143951158,18672
143959029,18654
143966561,18654
143974369,18652
143982008,18658
143988893,18646
143995747,18649
144003587,18657
144011177,18649
144019116,18649
144026740,18658
144034610,18652
144042210,18646
144050109,18651
144058404,18648
144066277,18651
144073891,18647
144081706,18649
144089388,18652
144097203,18655
144104088,18659
144111665,18647
144119495,18649
144127107,18646
144134981,18649
144142510,18647
144150362,18649
144158002,18649
144165858,18647
144173496,18653
144181327,18649
144188972,18646
144203633,18661
144211210,18663
144219057,18661
144226638,18661
144233507,18661
144241346,18660
144248946,18668
144256802,18668
144265065,18663
144272982,18661
144280608,18665
144288427,18672
144296087,18673
144303990,18668
144311619,18672
144319486,18694
144327140,18692
144335000,18692
144342616,18693
144350457,18696
144358055,18695
144364921,18698
144372818,18693
144380464,18691
144388287,18701
144395918,18689
144403733,18698
144411431,18699
144419278,18698
144426944,18703
144434782,18703
144442432,18713
144450279,18716
144457915,18713
144464786,18715
144471706,18717
144480151,18717
144487771,18717
144495655,18718
144503260,18721
144511147,18722
144518762,18719
144526598,18719
144534152,18725
144541978,18726
144549600,18725
144564250,18717
144571849,18714
144579702,18710
144587372,18702
144595176,18709
144602790,18698
144610707,18696
144618375,18697
144626197,18691
144633805,18691
144641670,18688
144649319,18690
144657126,18686
144664671,18684
144672539,18686
144680169,18652
144688694,18648
144696332,18655
144703209,18651
144710134,18650
144718019,18645
144724857,18649
144732465,18645
144740233,18647
144747917,18648
144755784,18647
144763423,18648
144771197,18644
144778808,18642
144786715,18640
144794329,18642
144802123,18632
144809733,18631
144817545,18637
144825167,18633
144833072,18636
144840695,18636
144848550,18637
144856141,18632
144864006,18632
144871587,18634
144879454,18627
144887128,18632
144895637,18633
144903260,18632
144911131,18627
144924963,18633
144932783,18638
144940433,18633
144948261,18629
144955872,18632
144962718,18637
144970623,18641
144978227,18641
144986090,18638
144993643,18631
145001459,18637
145015960,18639
145023662,18639
145031644,18639
145039312,18657
145047256,18658
145054892,18654
145061783,18657
145068665,18657
145076512,18654
145084154,18660
145092011,18660
145099643,18660
145107526,18657
145115797,18655
145123647,18658
145131261,18659
145139121,18662
145146743,18660
145154597,18675
145162232,18678
145170073,18678
145177663,18679
145184500,18681
145192289,18685
145199122,18677
145206684,18681
145214522,18682
145222164,18673
145230104,18677
145237744,18688
145245689,18676
145253366,18683
145261279,18684
145268901,18681
145276748,18700
145284397,18701
145292271,18705
145299866,18696
145307678,18700
145315259,18699
145323816,18691
145331416,18693
145339256,18696
145346850,18692
145354741,18687
145362414,18688
145370284,18685
145377955,18682
145385820,18680
145399620,18612
145407428,18612
145415011,18608
145422902,18612
145430542,18615
145437393,18610
145445204,18609
145452830,18606
145460702,18610
145468357,18612
145476224,18613
145483926,18608
145491792,18612
145499424,18608
145507269,18606
145514902,18605
145522761,18607
145530993,18605
145537825,18604
145545695,18604
145553366,18606
145561196,18608
145568799,18608
145576678,18603
145584314,18601
145592145,18601
145599722,18606
145607585,18600
145615206,18601
145623085,18602
145630722,18606
145638551,18594
145646235,18595
145654118,18599
145661664,18604
145668537,18603
145675347,18606
145683254,18601
145690972,18603
145698869,18603
145706531,18610
145714394,18607
145722018,18605
145729808,18608
145738054,18609
145745955,18613
145760439,18628
145768297,18635
145775924,18632
145783765,18632
145791366,18630
145799226,18631
145806831,18634
145814650,18633
145822319,18637
145830161,18635
145837731,18631
145845587,18635
145853227,18637
145861087,18635
145868697,18637
145876582,18648
145883486,18650
145891106,18654
145897976,18658
145905794,18661
145912708,18658
145920334,18656
145928156,18654
145935727,18662
145943574,18657
145951822,18654
145959698,18662
145967351,18662
145975221,18664
145982813,18666
145990633,18668
145998232,18678
146005147,18684
146013019,18689
146020614,18684
146027460,18683
146035293,18685
146042917,18685
146050771,18689
146058435,18689
146066229,18682
146073843,18684
146081746,18685
146089396,18685
146097262,18680
146104893,18678
146112814,18679
146120457,18602
146128338,18671
146136018,18602
146143928,18597
146150857,18599
146159135,18597
146167009,18596
146174615,18597
146182444,18596
146190090,18602
146198011,18601
146205589,18603
146213420,18605
146221051,18596
146228935,18599
146242757,18600
146250606,18601
146264190,18598
146272087,18601
146279698,18604
146287602,18602
146295252,18602
146303152,18608
146310744,18603
146318615,18600
146326265,18608
146334177,18600
146341753,18598
146356460,18593
146364085,18600
146371990,18596
146379489,18596
146386337,18601
146394195,18600
146401794,18596
146409651,18593
146417287,18600
146425154,18601
146432722,18602
146440545,18607
146448226,18603
146456101,18598
146463627,18603
146471455,18615
146479129,18615
146487025,18613
146494612,18624
146501506,18616
146509359,18619
146517058,18625
146525011,18625
146532676,18625
146540569,18624
146548246,18626
146556100,18630
146563705,18620
146571600,18625
146579232,18629
146587691,18631
146595333,18648
146602188,18650
146610044,18650
146616944,18646
146624566,18651
146632400,18647
146640035,18651
146647913,18648
146655561,18650
146663459,18650
146671070,18652
146678931,18654
146686583,18659
146694426,18651
146702111,18660
146716949,18674
146723839,18668
146731498,18677
146739349,18674
146746918,18677
146754751,18680
146762403,18670
146770329,18681
146778035,18673
146785970,18673
146794250,18676
146802116,18669
146809668,18676
146817491,18677
146825143,18674
146833052,18592
146839942,18593
146847583,18591
146854479,18593
146862270,18591
146869846,18593
146877712,18590
146885342,18584
146893134,18584
146900836,18586
146908749,18584
146916398,18583
146924237,18578
146931844,18578
146939687,18580
146947268,18582
146955153,18572
146962774,18574
146970646,18575
146978259,18571
146984422,18571
146992328,18572
146999992,18568
147008575,18579
147016248,18580
147024135,18579
147031734,18573
147039628,18580
147047273,18581
147055120,18577
147062688,18574
147077356,18571
147084950,18573
147092817,18569
147100480,18571
147108330,18569
147115970,18571
147123797,18571
147131471,18570
147139257,18575
147146849,18568
147154742,18576
147162371,18580
147170294,18577
147177954,18581
147185912,18577
147193576,18595
147200488,18592
147208342,18598
147215880,18599
147222033,18601
147229918,18607
147237560,18597
147245388,18594
147253018,18602
147260795,18607
147268428,18601
147276274,18606
147283850,18609
147291698,18606
147299353,18608
147307212,18611
147314845,18621
147321739,18618
147329580,18620
147337203,18621
147345034,18622
147352581,18620
147360413,18631
147368055,18632
147375898,18630
147383512,18628
147391392,18628
147399012,18635
147406907,18632
147414528,18632
147423066,18630
147437551,18645
147445409,18647
147453096,18654
147459968,18648
147467839,18652
147475468,18650
147483343,18656
147490989,18656
147498814,18647
147513343,18654
147521025,18648
147528937,18650
147536538,18648
147544337,18644
147551989,18579
147558873,18580
147566728,18578
147573630,18579
147580537,18575
147588168,18577
147596043,18574
147603607,18575
147611434,18575
147619018,18570
147626916,18576
147634571,18573
147643075,18570
147650663,18565
147658513,18567
147666162,18575
147674017,18571
147681623,18563
147689464,18573
147696378,18572
147704025,18569
147711908,18572
147719548,18566
147727377,18570
147734972,18566
147742778,18572
147750435,18565
147758356,18567
147766056,18563
147773945,18570
147781590,18570
147796216,18570
147803801,18575
147811660,18571
147819238,18573
147827151,18570
147834739,18575
147842554,18568
147850689,18574
147858519,18570
147866118,18575
147873997,18575
147881616,18578
147889472,18579
147897108,18578
147904989,18579
147912578,18602
147919507,18596
147927274,18602
147934156,18605
147941118,18602
147948977,18606
147956591,18604
147964458,18605
147972083,18605
147980000,18607
147987635,18605
147995436,18608
148003073,18605
148011007,18606
148018656,18611
148026636,18611
148034314,18630
148042159,18631
148049783,18631
148057502,18629
148065132,18638
148073008,18633
148080596,18633
148088413,18633
148096014,18633
148103861,18635
148111501,18636
148119351,18632
148126933,18639
148134728,18637
148142352,18643
148157044,18665
148164646,18665
148171551,18665
148179395,18670
148187001,18665
148194827,18667
148202483,18671
148210308,18669
148217915,18667
148225769,18671
148233429,18670
148241261,18670
148248900,18674
148256800,18669
148265026,18673
148272952,18609
148280598,18614
148288521,18610
148295466,18608
148302392,18608
148310059,18611
148317982,18607
148325591,18605
148333412,18602
148341037,18602
148348924,18604
148356575,18604
148364432,18602
148372093,18601
148379946,18593
148387571,18604
148395346,18595
148402944,18592
148409775,18595
148417629,18597
148425219,18602
148433077,18596
148440711,18602
148448528,18593
148456178,18599
148464069,18594
148471685,18596
148480178,18596
148487794,18597
148495723,18595
148503393,18594
148511269,18593
148518871,18593
148525726,18600
148532559,18602
148539377,18603
148547200,18594
148554816,18596
148562672,18597
148570272,18601
148578172,18598
148585735,18600
148593563,18600
148601187,18597
148609072,18607
148616674,18602
148624476,18609
148632087,18620
148639945,18615
148646890,18620
148654564,18620
148662448,18624
148670112,18625
148678018,18625
148686286,18627
148694198,18624
148701796,18630
148709646,18629
148717259,18630
148725140,18634
148732741,18631
148740562,18628
148755123,18652
148762039,18649
148768367,18648
148775990,18648
148783880,18650
148791579,18653
148799428,18652
148807055,18658
148814928,18654
148822607,18656
148830574,18652
148838245,18657
148846185,18656
148853816,18661
148861672,18657
148876144,18677
148884012,18679
148891612,18678
148898443,18677
148906866,18678
148914533,18682
148922388,18682
148930020,18684
148937833,18685
148945491,18684
148953288,18691
148960930,18688
148968840,18685
148976494,18687
148991261,18668
148998887,18669
149005810,18665
149013750,18659
149021428,18662
149029368,18661
149037012,18654
149044812,18658
149052467,18654
149060283,18650
149067879,18652
149075725,18644
149083322,18645
149091165,18646
149098759,18649
149106568,18638
149114834,18636
149121691,18635
149128564,18641
149136322,18637
149143889,18632
149151718,18639
149159395,18638
149167226,18637
149174839,18627
149182719,18631
149190341,18632
149198166,18632
149205717,18634
149213541,18632
149221202,18630
149229091,18633
149236722,18637
149242855,18636
149249796,18634
149257489,18635
149265344,18634
149272881,18634
149280717,18633
149288367,18630
149296254,18633
149303830,18639
149311663,18634
149319293,18635
149327821,18637
149335468,18640
149343267,18640
149350876,18652
149358749,18650
149365606,18653
149373236,18655
149380182,18650
149388063,18651
149395691,18651
149403497,18647
149411146,18652
149419027,18656
149426650,18657
149434509,18659
149442131,18650
149449996,18660
149457594,18659
149465392,18662
149473030,18686
149480853,18682
149488495,18677
149496382,18682
149504002,18689
149511883,18683
149519472,18685
149527242,18689
149535520,18683
149543315,18688
149550899,18687
149558778,18692
149566391,18691
149574199,18686
149581818,18689
149596516,18713
149602426,18715
149610226,18714
149617815,18718
149625721,18717
149633405,18715
149641315,18714
149649002,18719
149656832,18717
149664498,18715
149672282,18716
149679875,18720
149687760,18714
149695380,18721
149703266,18718
149710891,18737
149718766,18734
149725616,18731
149733229,18732
149740114,18725
149748577,18725
149756213,18721
149764090,18719
149771628,18722
149779458,18718
149787101,18714
149794982,18710
149802627,18711
149810450,18699
149818097,18703
149825967,18699
149833560,18681
149840398,18676
149847305,18678
149855220,18683
149862866,18677
149870730,18679
149878337,18680
149886221,18676
149893830,18671
149901663,18674
149909301,18676
149917185,18675
149924766,18675
149932546,18672
149940192,18675
149948050,18677
149956288,18671
149963181,18666
149971064,18671
149978650,18671
149986519,18672
150000993,18673
150008618,18673
150016477,18666
150024112,18674
150032007,18669
150039652,18669
150047513,18667
150055171,18670
150063066,18670
150070676,18669
150076789,18668
150083624,18671
150091263,18670
150098183,18673
150106079,18675
150113679,18671
150121522,18673
150129179,18675
150137078,18681
150144645,18677
150152490,18679
150160115,18681
150167986,18678
150176265,18681
150184078,18683
150197109,18695
150204657,18696
150212461,18687
150219346,18698
150226967,18696
150234862,18694
150242507,18702
150250407,18693
150258078,18699
150266045,18700
150273691,18699
150281589,18703
150289229,18706
150297121,18707
150304702,18704
150317775,18718
150324623,18714
150332489,18720
150340098,18714
150347900,18721
150355526,18726
150363340,18717
150370945,18728
150378812,18726
150387070,18721
150394962,18726
150402634,18728
150410479,18723
150418123,18725
150426044,18727
150432953,18734
150440612,18735
150448556,18735
150456252,18733
150464158,18729
150471723,18720
150479580,18721
150487226,18716
150495079,18715
150502714,18710
150510598,18707
150518214,18703
150526094,18703
150533727,18703
150541591,18693
150555301,18648
150563207,18645
150570826,18646
150578709,18644
150586313,18643
150594778,18639
150602431,18646
150610188,18642
150617795,18643
150625774,18637
150633457,18636
150641410,18645
150649085,18641
150656967,18643
150663845,18640
150671494,18629
150679279,18626
150686877,18626
150694709,18627
150702347,18628
150710210,18629
150717814,18622
150725669,18625
150733340,18625
150741218,18626
150748855,18626
150756697,18622
150764330,18627
150772178,18627
150779728,18622
150794470,18621
150801936,18625
150809580,18620
150817372,18622
150825018,18625
150832830,18619
150840496,18618
150848332,18621
150855902,18627
150863715,18626
150871326,18625
150879213,18624
150886824,18630
150894786,18628
150901741,18632
150909444,18646
150917371,18645
150925027,18644
150932859,18652
150940508,18644
150948337,18650
150955900,18652
150963716,18653
150971306,18651
150979199,18645
150986822,18655
150994672,18648
151002261,18647
151010817,18648
151018438,18650
151033172,18670
151040073,18674
151047676,18669
151054509,18663
151062323,18668
151069879,18676
151077719,18669
151085322,18669
151093182,18673
151100847,18671
151108821,18679
151116481,18676
151124443,18678
151132084,18680
151139981,18674
151147587,18696
151155409,18698
151163054,18689
151170923,18689
151178567,18688
151186475,18689
151194113,18685
151201993,18681
151209601,18682
151217438,18678
151225624,18672
151233438,18673
151247914,18674
151255591,18663
151270397,18609
151277265,18606
151284145,18610
151291123,18604
151299027,18608
151306640,18606
151314535,18604
151322187,18602
151330091,18605
151337718,18607
151345581,18605
151353201,18600
151361079,18599
151368722,18597
151376574,18593
151384221,18592
151392114,18591
151399747,18593
151407583,18596
151415205,18595
151423081,18589
151430752,18598
151439310,18595
151447011,18593
151454907,18598
151462633,18594
151470484,18593
151478078,18592
151485919,18594
151493549,18594
151507617,18590
151514510,18591
151522140,18592
151528977,18591
151536801,18594
151544447,18590
151552267,18597
151559848,18595
151567711,18592
151575330,18600
151583181,18595
151590729,18605
151598636,18600
151606254,18603
151614116,18600
151628555,18619
151636417,18622
151644088,18624
151652472,18622
151660121,18625
151667983,18622
151675631,18626
151683498,18627
151691128,18626
151698985,18623
151706633,18628
151714498,18626
151722121,18631
151729996,18628
151744485,18645
151752270,18648
151759876,18647
151766705,18642
151774560,18650
151782186,18653
151790054,18648
151797658,18650
151805470,18653
151813109,18653
151820969,18652
151828596,18654
151836463,18657
151844088,18653
151851940,18657
151859489,18671
151867161,18676
151874018,18678
151881832,18682
151888720,18684
151896324,18681
151904217,18681
151911824,18679
151919742,18688
151927367,18684
151935231,18682
151942806,18684
151950717,18678
151958297,18688
151966216,18687
151973818,18688
151981679,18613
151989324,18610
151997247,18614
152004151,18608
152011796,18606
152019701,18608
152027364,18606
152035265,18608
152042866,18603
152050712,18601
152058334,18599
152066835,18603
152074453,18608
152082257,18600
152089854,18604
152104598,18582
152112208,18581
152120106,18586
152127710,18588
152134552,18587
152142391,18589
152149997,18584
152157829,18590
152165458,18588
152173255,18588
152180829,18592
152188695,18587
152196311,18593
152204187,18591
152211737,18587
152219633,18584
152227263,18581
152234141,18584
152242003,18579
152249616,18583
152257415,18588
152265049,18588
152272857,18582
152281105,18585
152288985,18584
152296623,18581
152304427,18585
152312059,18591
152319907,18581
152327564,18588
152342247,18605
152349835,18606
152357694,18602
152365318,18606
152372237,18608
152380112,18604
152387704,18605
152395568,18613
152403165,18615
152411001,18607
152418624,18612
152426433,18616
152434088,18609
152441893,18611
152449556,18609
152457378,18637
152464970,18637
152472805,18639
152480433,18639
152495594,18638
152503308,18638
152511218,18638
152518835,18637
152526719,18641
152534353,18642
152542191,18639
152549790,18639
152557621,18643
152565337,18645
152580117,18659
152587722,18661
152595575,18664
152603186,18660
152611032,18663
152618610,18667
152626363,18665
152633945,18659
152641792,18666
152649402,18665
152657288,18669
152664893,18666
152672724,18669
152680312,18671
152695110,18643
152703349,18643
152711244,18639
152718840,18637
152726652,18634
152734243,18630
152742147,18633
152749768,18633
152757611,18626
152765254,18623
152773133,18627
152780713,18625
152788570,18623
152796220,18623
152804091,18621
152811686,18619
152818494,18618
152826363,18620
152833222,18621
152840820,18619
152848707,18618
152856323,18625
152864183,18623
152871795,18622
152879622,18633
152887225,18624
152895111,18630
152902715,18629
152911200,18626
152918805,18633
152933492,18628
152941131,18626
152948981,18627
152956601,18627
152964472,18632
152971384,18631
152979009,18628
152986847,18624
152994483,18625
153002286,18628
153009891,18629
153017756,18624
153025413,18630
153033262,18629
153040860,18627
153048702,18653
153055566,18657
153063197,18648
153071044,18653
153078661,18653
153086518,18654
153094178,18653
153102048,18656
153109618,18656
153117477,18650
153125772,18655
153133617,18659
153141272,18669
153149129,18658
153156690,18664
153164517,18666
153171370,18693
153178963,18692
153186861,18687
153193774,18697
153201337,18693
153209222,18696
153216790,18691
153224591,18692
153232233,18696
153240150,18697
153247771,18694
153255646,18694
153263332,18696
153271235,18702
153278893,18699
153286828,18699
153294448,18722
153302282,18722
153309886,18723
153317749,18723
153325385,18723
153332890,18724
153339722,18724
153347545,18734
153355150,18729
153363060,18732
153370675,18725
153378525,18731
153386176,18730
153394069,18729
153401704,18734
153416411,18754
153424041,18755
153431951,18756
153439597,18750
153447421,18755
153455038,18754
153462882,18749
153470534,18748
153478362,18740
153485957,18744
153493844,18737
153501477,18731
153509369,18730
153517012,18726
153524851,18726
153531741,18686
153539908,18684
153547811,18687
153554692,18688
153562385,18691
153569323,18686
153577265,18686
153584955,18687
153592889,18691
153600564,18686
153608307,18693
153615898,18685
153623749,18689
153631364,18691
153639217,18690
153646813,18689
153654659,18690
153662290,18693
153670138,18688
153677713,18690
153685644,18690
153693240,18698
153701118,18694
153708748,18695
153716567,18692
153724178,18685
153738635,18693
153746537,18687
153754774,18691
153762681,18690
153770317,18693
153778223,18692
153785908,18695
153793815,18692
153801432,18694
153809300,18690
153816940,18693
153824772,18690
153832369,18692
153840235,18692
153847818,18687
153855679,18695
153863276,18698
153871151,18700
153878746,18697
153885616,18698
153893537,18722
153901252,18721
153909144,18718
153916804,18719
153924680,18719
153932289,18727
153940126,18722
153947693,18724
153955472,18728
153963613,18725
153971474,18720
153979112,18726
153987011,18728
153994671,18726
154001512,18725
154016228,18749
154023815,18744
154030650,18755
154038471,18745
154046119,18748
154053985,18747
154061652,18752
154069416,18751
154077038,18749
154084858,18754
154092513,18756
154100375,18750
154108018,18751
154115930,18756
154122835,18756
154130514,18768
154138446,18764
154146131,18756
154154044,18754
154161659,18750
154168539,18751
154177028,18752
154184645,18749
154192467,18745
154200082,18732
154207914,18733
154215557,18737
154223405,18736
154231032,18733
154237886,18731
154245747,18723
154253398,18695
154261300,18697
154268929,18696
154276782,18696
154284371,18697
154292258,18695
154299861,18696
154307718,18696
154315359,18697
154323266,18698
154330865,18700
154338768,18692
154346488,18693
154354394,18692
154362064,18692
154376931,18688
154385216,18693
154392140,18693
154399999,18692
154406891,18692
154414541,18688
154422339,18687
154429945,18690
154437822,18693
154445430,18684
154453369,18682
154460996,18688
154468864,18686
154475767,18690
154483388,18688
154491214,18692
154498835,18692
154506701,18691
154514313,18685
154522211,18689
154529822,18686
154537651,18695
154545281,18689
154552134,18689
154560014,18691
154567647,18689
154575444,18696
154583061,18694
154590921,18694
154599211,18691
154607090,18693
154614716,18715
154622512,18716
154630137,18707
154637923,18708
154645574,18708
154653373,18714
154661040,18715
154668899,18715
154676542,18722
154684394,18716
154691999,18715
154699852,18718
154707469,18713
154714340,18719
154722241,18718
154729806,18732
154737594,18727
154745208,18734
154752087,18733
154759951,18741
154767583,18732
154775394,18734
154783065,18738
154790900,18740
154798543,18743
154806979,18736
154814641,18741
154822447,18739
154830066,18745
154837916,18738
154845589,18741
154853475,18704
154861102,18707
154868937,18702
154876571,18705
154884424,18701
154892068,18694
154899938,18699
154907550,18694
154914486,18695
154922299,18690
154929896,18690
154937757,18684
154945378,18691
154952256,18684
154960144,18685
154967713,18649
154982144,18650
154989134,18648
154997180,18646
155004072,18645
155011714,18641
155019620,18649
155027898,18642
155035815,18644
155043447,18644
155051345,18644
155058968,18640
155065839,18643
155073681,18646
155081311,18637
155089173,18622
155096788,18623
155104607,18624
155112214,18626
155120080,18621
155127697,18622
155135527,18621
155143136,18622
155151036,18624
155158627,18620
155166454,18621
155174050,18621
155181889,18621
155189524,18624
155197320,18619
155211766,18626
155219571,18621
155226463,18626
155234659,18628
155241590,18623
155249521,18625
155257215,18615
155265110,18627
155272748,18630
155280538,18629
155288208,18631
155296057,18630
155303712,18625
155311550,18626
155319172,18629
155327033,18638
155334654,18649
155342415,18655
155350031,18651
155357848,18647
155365495,18642
155373334,18644
155380897,18645
155388740,18645
155395624,18650
155403230,18655
155411076,18649
155418749,18651
155425616,18650
155433473,18654
155441640,18645
155449557,18669
155457213,18668
155465089,18664
155472698,18663
155480539,18651
155488216,18668
155496076,18669
155503739,18670
155511540,18667
155519183,18672
155527083,18671
155534717,18673
155541535,18671
155549356,18667
155556959,18671
155571716,18643
155579343,18637
155586289,18627
155594164,18635
155601757,18625
155609588,18627
155617235,18630
155625157,18625
155632819,18623
155639724,18625
155647582,18619
155655747,18619
155662631,18616
155670446,18607
155678061,18614
155692787,18575
155700399,18574
155707302,18574
155715162,18572
155722730,18572
155730553,18569
155738162,18574
155745992,18572
155753631,18575
155761490,18571
155769121,18569
155776929,18572
155784582,18564
155792422,18571
155799998,18571
155807870,18568
155815511,18568
155822369,18567
155830280,18564
155837859,18561
155845665,18565
155853303,18563
155861176,18561
155869443,18564
155877294,18564
155884870,18558
155892717,18570
155899618,18564
155907273,18563
155915145,18565
155922762,18575
155930620,18572
155938220,18578
155946114,18580
155953762,18575
155961607,18582
155968500,18578
155976168,18579
155984061,18579
155991707,18583
155999586,18578
156007234,18581
156015177,18584
156022815,18588
156030674,18579
156038301,18579
156046203,18607
156053802,18609
156061619,18602
156069233,18612
156077673,18607
156084551,18606
156092223,18605
156100082,18607
156107682,18610
156115510,18614
156122359,18608
156129951,18611
156136810,18617
156144677,18605
156152313,18611
156160158,18616
156167801,18631
156175744,18633
156182638,18632
156190337,18632
156198273,18631
156205247,18635
156213144,18640
156220789,18641
156235338,18635
156243275,18639
156250901,18641
156258753,18643
156266427,18649
156274297,18644
156288814,18654
156297328,18652
156304971,18652
156312872,18652
156319824,18653
156327524,18644
156335381,18646
156343032,18638
156350930,18644
156358594,18634
156366427,18630
156373278,18633
156380870,18632
156388701,18630
156396314,18621
156404178,18577
156411704,18576
156418540,18575
156426381,18579
156433988,18576
156441970,18575
156449639,18568
156457568,18576
156465233,18572
156473137,18576
156480707,18571
156488522,18573
156496137,18575
156504621,18574
156512248,18570
156527028,18573
156534632,18571
156542374,18576
156549977,18575
156556907,18576
156564802,18578
156572441,18575
156580345,18575
156587993,18576
156595889,18576
156603525,18572
156610394,18575
156618240,18574
156625813,18570
156633649,18581
156641275,18585
156649168,18592
156656768,18587
156664595,18595
156672197,18595
156680061,18589
156687660,18594
156695550,18587
156703228,18591
156711678,18595
156719336,18591
156726216,18594
156734071,18596
156741660,18600
156749540,18595
156757143,18595
156764970,18622
156772597,18617
156779451,18620
156787275,18620
156794966,18620
156802840,18625
156810484,18625
156818338,18626
156825952,18630
156833815,18622
156841441,18625
156848336,18628
156856228,18628
156863928,18626
156871821,18628
156879425,18653
156887281,18645
156894876,18651
156902761,18656
156910388,18652
156917303,18654
156925788,18652
156933391,18652
156941252,18656
156948816,18656
156956651,18655
156964275,18659
156972167,18659
156979782,18657
156987596,18661
156995231,18664
157003091,18684
157010685,18685
157017544,18688
157025342,18685
157032943,18688
157040919,18689
157048626,18690
157056538,18693
157064210,18699
157072105,18696
157079717,18704
157086586,18702
157094373,18703
157102001,18701
157109862,18700
157117549,18703
157125394,18653
157133694,18649
157141490,18649
157149121,18651
157155982,18651
157163856,18656
157171495,18653
157179339,18647
157186946,18650
157194794,18651
157202394,18656
157210250,18651
157217852,18648
157225731,18649
157233329,18649
157248128,18647
157255746,18641
157263593,18647
157271223,18648
157279087,18646
157286673,18645
157294473,18650
157302099,18650
157309992,18644
157317661,18650
157324592,18649
157332508,18650
157340717,18651
157348615,18647
157356232,18652
157364105,18656
157371707,18658
157378555,18657
157386403,18658
157394009,18660
157401877,18660
157409485,18660
157417336,18656
157424883,18665
157432739,18661
157440380,18660
157448289,18661
157455172,18667
157462798,18662
157484170,18687
157492113,18689
157499766,18689
157507700,18690
157515388,18685
157523312,18686
157530981,18692
157538877,18694
157546531,18697
157554308,18696
157561856,18693
157569509,18692
157577322,18697
157584944,18696
157599791,18720
157607396,18723
157614249,18718
157622142,18725
157629757,18718
157637565,18719
157645191,18718
157653053,18726
157660683,18724
157668558,18722
157676208,18724
157684082,18727
157691730,18725
157699713,18725
157707416,18729
157715305,18746
157722917,18753
157730745,18749
157738334,18748
157746176,18752
157753032,18758
157760675,18758
157769100,18761
157776720,18759
157784563,18758
157792209,18756
157799052,18766
157806890,18761
157814538,18760
157822420,18761
157830034,18765
157837898,18753
157845529,18750
157852425,18749
157860300,18751
157867908,18749
157875779,18746
157883356,18750
157891230,18744
157898754,18744
157906593,18742
157914197,18743
157922090,18739
157929676,18738
157937539,18738
157945205,18747
157960036,18735
157967722,18734
157975629,18734
157983802,18739
157990684,18736
157998574,18726
158006177,18737
158014022,18730
158021650,18730
158029442,18728
158036303,18730
158043924,18728
158051807,18736
158059431,18728
158067270,18730
158074846,18737
158082696,18737
158090294,18738
158098185,18739
158105751,18736
158113588,18736
158121231,18739
158129163,18743
158136741,18737
158144619,18738
158152323,18735
158160260,18735
158167943,18736
158175896,18737
158183531,18732
158198983,18751
158206599,18753
158213458,18749
158221330,18757
158228944,18755
158236856,18755
158244526,18751
158252401,18754
158260004,18749
158267843,18763
158274756,18761
158282417,18766
158290244,18759
158297790,18758
158305602,18765
158320103,18770
158327949,18773
158335584,18775
158343404,18776
158350220,18778
158357805,18775
158365647,18784
158373273,18782
158381137,18780
158388781,18781
158396672,18775
158404781,18772
158412593,18780
158420250,18779
158435054,18794
158442677,18796
158450534,18796
158458139,18789
158465983,18798
158473612,18798
158481419,18796
158488961,18795
158496808,18803
158504419,18797
158512286,18804
158519859,18800
158527684,18801
158535278,18799
158543165,18806
158550734,18818
158558535,18814
158566171,18815
158573041,18813
158580912,18809
158588572,18811
158596388,18803
158603978,18806
158612373,18799
158619976,18791
158627872,18792
158634792,18795
158642424,18795
158650357,18785
158657983,18786
158664848,18785
158672633,18760
158680266,18754
158688096,18764
158695715,18758
158703542,18759
158711178,18760
158725671,18753
158733590,18755
158741236,18758
158748132,18757
158755953,18749
158763622,18757
158771414,18752
158779108,18754
158794004,18745
158801675,18736
158809533,18744
158817176,18742
158825652,18737
158833277,18742
158841142,18739
158848801,18740
158856689,18738
158864321,18735
158872194,18736
158879840,18741
158887682,18734
158895303,18740
158902183,18736
158910057,18726
158917694,18733
158925494,18736
158932384,18735
158939993,18738
158947864,18731
158955470,18735
158963372,18738
158971003,18739
158978837,18732
158986501,18736
158994335,18735
159001964,18736
159009803,18739
159017431,18738
159025287,18756
159033474,18745
159041398,18750
159048266,18747
159055808,18747
159063713,18743
159071431,18751
159079332,18751
159087002,18753
159094891,18750
159102560,18758
159110451,18751
159118047,18753
159125936,18754
159133573,18758
159148225,18762
159155827,18758
159163671,18758
159171318,18758
159179228,18761
159186855,18763
159194700,18759
159202335,18761
159210220,18762
159217858,18757
159224727,18763
159232592,18765
159240235,18758
159248767,18766
159256393,18769
159264274,18782
159271820,18783
159279662,18778
159286566,18784
159294211,18784
159302140,18785
159309806,18782
159317765,18783
159325391,18786
159333280,18785
159340892,18786
159348758,18785
159356388,18788
159364268,18791
159371811,18786
159386533,18733
159394195,18730
159402013,18726
159409634,18735
159417415,18730
159425012,18724
159431884,18724
159439730,18720
159447363,18719
159455890,18721
159462805,18718
159470429,18713
159478324,18715
159485903,18721
159493695,18768
159508175,18688
159516065,18678
159523697,18680
159531544,18675
159539126,18674
159546970,18675
159554613,18678
159562448,18675
159570124,18674
159577948,18677
159585646,18670
159593464,18670
159601080,18671
159608923,18675
159623498,18661
159631376,18657
159638990,18659
159646844,18660
159654455,18656
159662304,18657
159669854,18660
159677447,18657
159685284,18657
159692838,18658
159700672,18656
159708295,18657
159716159,18654
159723757,18655
159731579,18655
159739213,18658
159747035,18653
159753894,18657
159761521,18661
159768450,18660
159776415,18660
159784053,18659
159791005,18652
159798934,18660
159806604,18663
159814460,18661
159822051,18661
159829919,18667
159837596,18661
159845420,18667
159853024,18664
159860911,18678
159868549,18680
159876995,18676
159884649,18678
159892458,18677
159900121,18680
159906992,18676
159914831,18677
159922465,18678
159930326,18681
159937941,18678
159944809,18679
159952626,18685
159966867,18684
159981744,18692
159989456,18700
159997363,18691
160004274,18698
160011886,18693
160019736,18693
160027307,18694
160035202,18698
160042832,18701
160050704,18698
160057584,18697
160065240,18697
160073124,18700
160080782,18698
160088677,18695
160096926,18718
160104890,18717
160112528,18718
160120417,18710
160128031,18717
160135898,18720
160142740,18719
160150401,18725
160158271,18720
160165875,18724
160173782,18724
160181409,18723
160189296,18723
160196922,18719
160204840,18714
160219358,18639
160227208,18635
160234808,18631
160242665,18632
160250293,18637
160258199,18632
160265794,18628
160273650,18627
160281240,18630
160289100,18629
160296019,18629
160304314,18628
160312237,18624
160319870,18624
160327721,18622
160335374,18599
160343226,18592
160350836,18594
160357741,18597
160364633,18590
160372562,18593
160380246,18595
160388171,18592
160395790,18594
160403650,18596
160411283,18594
160419097,18596
160426747,18594
160434562,18595
160442178,18597
160450004,18596
160457641,18581
160465459,18583
160473041,18582
160480892,18583
160488452,18585
160496336,18581
160503164,18583
160510793,18583
160519318,18580
160526965,18587
160533894,18580
160541735,18583
160549321,18588
160557225,18575
160564800,18583
160572651,18583
160580263,18597
160588139,18600
160595771,18601
160603597,18601
160611177,18604
160619007,18603
160626666,18604
160634493,18604
160642104,18603
160650009,18601
160657657,18604
160665574,18604
160673174,18603
160681024,18606
160688683,18605
160696511,18631
160704167,18630
160712032,18627
160718892,18628
160726544,18634
160734450,18630
160741402,18631
160748996,18633
160756873,18636
160764490,18627
160771376,18632
160779265,18635
160786862,18630
160794692,18638
160802323,18638
160810215,18641
160817891,18653
160825866,18659
160833532,18648
160840480,18651
160848363,18651
160855945,18653
160863794,18652
160871420,18651
160879299,18653
160886948,18651
160894788,18646
160902435,18658
160910313,18654
160917934,18656
160925800,18656
160941222,18656
160948830,18653
160955670,18644
160963502,18652
160971114,18645
160978969,18641
160986601,18638
160994427,18634
161002036,18619
161009886,18631
161017486,18627
161025331,18629
161032961,18619
161040809,18621
161048437,18612
161056304,18577
161063943,18582
161071804,18574
161079420,18576
161086294,18577
161094173,18575
161101093,18569
161108769,18572
161116733,18573
161124434,18573
161131342,18568
161139214,18573
161147456,18571
161155341,18569
161162899,18572
161170759,18570
161178383,18572
161186280,18577
161193908,18568
161201806,18574
161216001,18571
161223881,18572
161231565,18579
161239395,18574
161246290,18573
161253915,18574
161261771,18570
161269409,18574
161277315,18570
161284943,18577
161299651,18592
161307268,18586
161315149,18587
161322034,18583
161329689,18584
161337617,18592
161345242,18590
161353103,18586
161361348,18593
161369275,18592
161376923,18597
161384832,18594
161392471,18594
161400364,18592
161407927,18598
161415724,18625
161423355,18629
161431255,18623
161438159,18632
161445791,18632
161453659,18630
161460552,18630
161468187,18628
161476003,18628
161483667,18633
161491458,18637
161499068,18631
161506900,18641
161514542,18636
161522413,18634
161536933,18676
161544806,18675
161552386,18677
161559271,18680
161567122,18684
161575467,18674
161583340,18678
161590942,18682
161598781,18687
161605648,18686
161613289,18682
161621218,18683
161628801,18682
161636627,18687
161644293,18687
161652133,18710
161659777,18713
161667623,18710
161674494,18713
161682039,18708
161689877,18708
161697480,18710
161705342,18710
161712901,18714
161720756,18712
161728389,18715
161736264,18715
161743838,18715
161751723,18717
161759330,18713
161767223,18717
161774862,18654
161783352,18650
161790950,18655
161798839,18649
161806417,18646
161814319,18654
161821130,18654
161828746,18647
161836538,18653
161843374,18657
161850957,18647
161858843,18650
161866495,18649
161874413,18646
161882053,18648
161889979,18647
161897644,18661
161905582,18655
161913212,18654
161920085,18660
161927964,18660
161935613,18660
161943461,18660
161951041,18667
161958897,18657
161966535,18661
161974402,18659
161982051,18659
161989888,18662
161998160,18665
162006013,18662
162020549,18664
162028397,18659
162035969,18665
162043813,18667
162051436,18664
162058375,18661
162066276,18662
162073840,18664
162081714,18670
162089379,18665
162097267,18670
162104921,18668
162112895,18665
162120494,18668
162128368,18671
162135997,18695
162143864,18699
162151461,18702
162158368,18699
162166249,18702
162173832,18698
162181691,18704
162189399,18703
162197306,18703
162205629,18698
162213487,18699
162221108,18706
162229008,18707
162236698,18705
162244614,18709
162259187,18726
162267031,18729
162274700,18737
162281543,18743
162289378,18734
162296247,18740
162303811,18734
162311632,18738
162319260,18734
162327075,18738
162334748,18737
162342568,18743
162350228,18737
162358137,18736
162365795,18738
162373670,18762
162381311,18760
162389165,18763
162396751,18767
162404615,18768
162412721,18763
162420621,18767
162428253,18769
162436128,18775
162443804,18766
162451696,18769
162465984,18773
162473908,18770
162481515,18780
162496256,18728
162503911,18719
162511756,18720
162518002,18714
162525667,18719
162532626,18718
162540530,18716
162548192,18716
162556090,18717
162563759,18710
162571655,18716
162579276,18712
162587149,18707
162594789,18710
162602652,18715
162610254,18707
162618143,18706
162625740,18711
162633551,18710
162641197,18707
162649037,18710
162656685,18712
162664489,18708
162672116,18705
162678953,18712
162686798,18709
162694415,18712
162702286,18713
162709917,18711
162717768,18714
162725374,18713
162733259,18717
162740911,18713
162748740,18723
162756398,18718
162764257,18714
162771112,18720
162778757,18717
162786547,18718
162794084,18718
162801952,18715
162809607,18714
162817451,18719
162825056,18719
162832920,18721
162841204,18723
162849080,18741
162856740,18745
162864645,18740
162872325,18746
162880258,18748
162887858,18743
162895665,18743
162903324,18746
162911233,18745
162918142,18750
162925758,18744
162933535,18749
162941230,18748
162949034,18750
162956683,18749
162971403,18775
162979037,18774
162986903,18782
162994553,18781
163001429,18777
163009311,18779
163016879,18782
163024722,18782
163032368,18781
163040242,18784
163048401,18784
163056361,18781
163064023,18780
163072000,18788
163079636,18792
163087542,18802
163095141,18810
163103058,18804
163110693,18808
163117581,18812
163125404,18812
163132283,18813
163139921,18820
163147774,18810
163154651,18821
163162254,18817
163170145,18812
163177764,18815
163185563,18814
163193165,18816
163201036,18819
163208707,18773
163216528,18768
163224107,18768
163231022,18768
163237929,18767
163245866,18766
163252780,18770
163261101,18766
163269081,18766
163276002,18760
163283615,18765
163291493,18767
163299102,18772
163306989,18760
163314636,18766
163322506,18761
163330149,18748
163337992,18751
163345634,18751
163353434,18746
163361029,18747
163367871,18747
163375744,18750
163383381,18745
163390252,18751
163398120,18748
163405791,18751
163413607,18748
163421248,18748
163429142,18751
163436778,18748
163444627,18757
163452228,18750
163460136,18749
163467795,18753
163476334,18751
163483945,18749
163491764,18754
163499381,18751
163507291,18751
163514891,18751
163522721,18755
163530351,18752
163538259,18750
163545820,18757
163553606,18752
163561253,18756
163575924,18760
163583520,18769
163590411,18766
163598341,18765
163605913,18768
163613709,18767
163621315,18765
163629185,18767
163636796,18768
163644583,18773
163652247,18769
163660081,18764
163667735,18773
163675483,18768
163683727,18767
163691595,18790
163699321,18787
163713937,18793
163721669,18785
163729584,18792
163737215,18797
163745057,18793
163752708,18800
163760580,18793
163768220,18792
163776073,18793
163783763,18792
163791582,18798
163799215,18794
163807086,18818
163814751,18816
163822657,18815
163830290,18817
163838170,18820
163845025,18821
163852695,18817
163860528,18822
163867420,18820
163875043,18816
163882883,18818
163890505,18820
163899026,18820
163906675,18821
163914555,18818
163922217,18821
163930085,18763
163937746,18756
163945511,18758
163953148,18762
163959992,18760
163967851,18765
163975427,18755
163983337,18755
163990884,18755
163998756,18758
164006334,18765
164014245,18754
164021872,18753
164029715,18760
164037343,18759
164045247,18750
164052931,18726
164060871,18728
164067782,18730
164075479,18729
164083343,18727
164090906,18727
164098724,18730
164106309,18726
164114265,18729
164121852,18729
164129675,18728
164137358,18736
164145254,18734
164152829,18732
164160661,18728
164175132,18721
164183019,18719
164190715,18723
164198607,18719
164206210,18724
164214025,18713
164220924,18720
164228594,18718
164236447,18718
164244046,18720
164251928,18723
164259587,18724
164267439,18723
164275034,18715
164282874,18721
164290487,18734
164298334,18726
164305916,18735
164313766,18737
164321909,18732
164329785,18739
164337443,18736
164345278,18737
164352897,18737
164360773,18735
164368388,18743
164376272,18736
164383852,18739
164391705,18740
164399298,18735
164413997,18751
164421649,18754
164428508,18756
164436382,18758
164443955,18756
164451783,18759
164459419,18756
164467346,18763
164474938,18759
164482714,18757
164490356,18753
164498208,18761
164505815,18759
164513638,18756
164521237,18757
164529724,18775
164537376,18779
164544234,18777
164552049,18777
164559714,18779
164566656,18779
164574550,18779
164582225,18777
164590146,18777
164597803,18779
164605708,18778
164613299,18775
164621143,18778
164628776,18786
164636631,18785
164644284,18783
164652193,18717
164659812,18716
164667621,18714
164675228,18716
164682088,18712
164689934,18713
164697544,18714
164705430,18710
164713014,18707
164720854,18712
164728487,18705
164737040,18704
164744692,18700
164752522,18695
164760117,18698
164774852,18668
164782491,18673
164790403,18672
164798037,18666
164805933,18668
164813525,18665
164821368,18662
164828912,18662
164836771,18659
164844410,18661
164852306,18661
164859930,18659
164867840,18663
164875485,18660
164890282,18624
164897879,18632
164904729,18626
164912585,18626
164920201,18622
164928080,18618
164935748,18619
164943617,18626
164958702,18623
164966391,18621
164974296,18619
164981925,18619
164989867,18616
165004473,18637
165012362,18647
165019333,18641
165026932,18642
165034800,18642
165041666,18644
165048525,18648
165056111,18643
165063958,18654
165071604,18645
165079485,18647
165087074,18656
165094937,18652
165102494,18647
165110413,18649
165124842,18674
165132679,18672
165139557,18674
165147143,18670
165155004,18678
165163246,18675
165170231,18670
165178168,18675
165185792,18673
165193737,18668
165201447,18671
165209362,18676
165216948,18678
165224898,18677
165232505,18670
165240371,18690
165247980,18687
165254841,18689
165262661,18689
165270301,18687
165278195,18688
165285048,18690
165292708,18688
165300511,18691
165308137,18698
165315994,18694
165323627,18701
165331482,18703
165339136,18699
165347077,18704
165354752,18698
165362638,18731
165370316,18734
165378863,18730
165386511,18732
165394395,18726
165401252,18731
165408850,18725
165415659,18734
165423480,18729
165431104,18729
165438971,18726
165446617,18720
165454471,18723
165462115,18718
165469978,18719
165484469,18628
165492345,18627
165499912,18629
165507752,18630
165515399,18630
165523304,18629
165530925,18621
165538777,18630
165546403,18628
165554287,18624
165561831,18622
165569654,18620
165577310,18613
165585771,18620
165593379,18615
165601295,18609
165608948,18606
165615852,18608
165623766,18609
165631448,18602
165638351,18604
165646283,18608
165653114,18606
165660757,18600
165668514,18608
165676157,18609
165683990,18604
165691620,18610
165699435,18606
165707011,18607
165714854,18606
165722511,18613
165730365,18615
165737911,18622
165745769,18619
165753432,18618
165761319,18617
165768857,18615
165776690,18617
165784318,18614
165792227,18613
165800517,18614
165808399,18610
165815962,18612
165823794,18614
165831431,18618
165846174,18636
165853834,18633
165861701,18634
165869361,18630
165877218,18633
165884795,18637
165891004,18638
165898645,18640
165906473,18642
165914077,18638
165921894,18642
165929535,18642
165937409,18653
165945007,18648
165952808,18645
165960433,18664
165968342,18665
165975998,18668
165983962,18671
165991672,18670
165998588,18672
166007107,18674
166014738,18673
166022545,18673
166030140,18678
166037935,18671
166045546,18675
166053469,18676
166061066,18668
166069003,18674
166083554,18693
166091407,18686
166098930,18699
166106757,18693
166114387,18686
166122267,18693
166129107,18696
166136115,18696
166143947,18704
166151544,18695
166159385,18700
166166936,18701
166174774,18704
166182412,18701
166190298,18708
166204770,18698
166211691,18696
166219362,18697
166227808,18692
166234704,18684
166242308,18686
166249188,18680
166257051,18676
166264675,18675
166272539,18670
166280163,18665
166287972,18666
166295616,18657
166303463,18659
166311067,18647
166318908,18614
166326491,18616
166334393,18614
166341993,18616
166349878,18612
166357464,18607
166364339,18614
166372227,18613
166379824,18613
166387669,18610
166395331,18620
166403186,18619
166410823,18610
166418673,18608
166426282,18617
166441615,18615
166449240,18617
166457102,18614
166464742,18618
166472575,18621
166480170,18623
166488004,18620
166495579,18616
166503425,18616
166511046,18622
166518953,18616
166526585,18620
166534443,18619
166542032,18622
166549880,18619
166557462,18636
166565323,18629
166572232,18636
166579845,18632
166587702,18638
166595296,18635
166602181,18632
166610014,18640
166617658,18640
166625479,18637
166633043,18637
166641407,18638
166649029,18638
166656902,18642
166664540,18645
166672446,18647
166680048,18675
166687965,18673
166695630,18676
166703514,18672
166711210,18677
166718151,18676
166726027,18680
166732896,18674
166740485,18687
166748328,18681
166755937,18678
166763759,18684
166771379,18680
166779263,18684
166786881,18685
166801579,18712
166809248,18707
166817067,18709
166824717,18714
166832500,18707
166840070,18714
166847937,18716
166856162,18721
166864032,18717
166871685,18720
166879472,18714
166887100,18713
166894981,18719
166902606,18722
166910505,18724
166918110,18744
166925988,18751
166932850,18747
166940515,18751
166948431,18754
166956076,18750
166963897,18750
166971453,18752
166979299,18752
166986869,18752
166994717,18757
167002311,18758
167010227,18752
167017834,18755
167025722,18758
167040393,18693
167048328,18696
167055955,18693
167064471,18687
167072050,18687
167078963,18678
167086782,18689
167094422,18687
167102287,18692
167109854,18680
167117691,18687
167125288,18681
167133178,18683
167140847,18682
167148642,18681
167156257,18682
167164079,18688
167170972,18673
167178588,18681
167186516,18680
167194150,18683
167202032,18688
167209644,18688
167216542,18683
167224399,18683
167231967,18683
167239828,18687
167247465,18688
167255318,18688
167262936,18689
167271374,18684
167279024,18688
167286865,18689
167294478,18692
167302331,18693
167309960,18691
167316065,18689
167323927,18695
167331545,18695
167338445,18695
167346297,18702
167353886,18696
167361708,18698
167369357,18699
167377204,18694
167384864,18696
167392666,18696
167400317,18720
167408270,18725
167415935,18722
167423870,18720
167431476,18728
167445917,18728
167452875,18731
167460633,18727
167468485,18730
167476122,18733
167483988,18727
167492252,18737
167500108,18736
167507756,18734
167522502,18761
167529368,18760
167537001,18762
167544883,18762
167551759,18765
167559446,18764
167567319,18765
167574888,18768
167582768,18764
167590376,18760
167598283,18767
167605840,18770
167613633,18768
167621267,18765
167629117,18769
167636752,18793
167644618,18795
167652236,18791
167660098,18801
167667835,18803
167674707,18799
167682511,18798
167690118,18799
167698504,18801
167706140,18807
167713999,18802
167721683,18803
167729541,18806
167737169,18807
167745089,18808
167759614,18818
167767465,18812
167775109,18812
167782972,18810
167789896,18805
167797500,18803
167805436,18802
167813038,18797
167820863,18792
167828477,18790
167836326,18789
167844004,18791
167851870,18782
167859520,18787
167867413,18777
167875042,18762
167882912,18764
167889772,18768
167897381,18765
167905260,18762
167912800,18768
167920458,18770
167928331,18768
167935212,18770
167942831,18767
167950655,18769
167958261,18766
167966082,18767
167973741,18766
167981626,18767
167989250,18771
167997120,18776
168004762,18771
168012649,18779
168020277,18778
168028096,18773
168035771,18777
168043589,18775
168051233,18774
168059060,18780
168066720,18777
168074622,18775
168082325,18776
168090230,18777
168097850,18777
168105701,18778
168120827,18780
168127663,18784
168135522,18784
168143194,18784
168150058,18783
168157921,18782
168165547,18783
168173427,18789
168180977,18785
168188794,18790
168196475,18788
168204379,18790
168211921,18787
168219733,18790
168227369,18790
168235187,18809
168242831,18813
168250618,18817
168258240,18815
168266076,18814
168273019,18815
168280666,18819
168288614,18820
168296255,18816
168304159,18819
168311774,18821
168319639,18823
168327763,18822
168335631,18828
168343265,18825
168357997,18847
168365552,18849
168373452,18849
168381066,18850
168387965,18850
168395824,18854
168403450,18848
168411329,18847
168418928,18852
168426779,18849
168434368,18856
168442238,18835
168449858,18855
168457718,18859
168465376,18855
168473288,18882
168480924,18878
168487780,18873
168495555,18877
168503193,18870
168511071,18876
168518713,18869
168526579,18865
168534170,18859
168542563,18866
168550246,18862
168558175,18850
168565830,18853
168573747,18859
168581421,18844
168589261,18847
168596860,18818
168604713,18845
168612340,18819
168620230,18820
168627091,18819
168633989,18813
168641605,18819
168649466,18816
168657089,18823
168663902,18814
168671675,18815
168679300,18817
168693789,18817
168701724,18807
168716265,18813
168724089,18817
168731791,18812
168739683,18816
168747370,18818
168755852,18811
168763493,18813
168771381,18819
168778997,18808
168786817,18812
168794410,18810
168802306,18814
168809953,18808
168817869,18816
168825522,18814
168833487,18809
168841102,18811
168849024,18812
168856666,18811
168864447,18812
168872056,18811
168879970,18805
168887588,18811
168895408,18814
168902279,18811
168909850,18813
168917640,18820
168925279,18813
168933163,18814
168940810,18815
168955505,18831
168963744,18828
168971640,18831
168979264,18829
168987123,18829
168994769,18834
169002564,18831
169010186,18831
169018039,18832
169025692,18830
169033499,18830
169041106,18828
169048960,18835
169056600,18836
169071436,18852
169079020,18850
169086870,18850
169094483,18850
169101357,18852
169109221,18856
169116892,18862
169124738,18853
169132352,18860
169140214,18860
169147884,18858
169155682,18857
169163298,18863
169171130,18864
169179400,18863
169187254,18887
169194847,18888
169202651,18886
169209526,18888
169217104,18889
169224952,18884
169231795,18882
169239413,18878
169247282,18879
169254942,18880
169262779,18871
169270420,18869
169278312,18871
169285897,18861
169293727,18864
169301336,18857
169309141,18810
169316778,18803
169324618,18806
169332275,18811
169340139,18805
169347797,18804
169355579,18811
169363193,18803
169371019,18802
169378653,18803
169386504,18812
169394134,18808
169402005,18804
169409586,18801
169417489,18801
169432089,18781
169439967,18784
169446890,18783
169454524,18780
169461458,18784
169469344,18784
169476895,18782
169484715,18774
169492350,18782
169500183,18781
169507063,18776
169514716,18785
169522598,18776
169530236,18778
169538101,18778
169552689,18759
169560467,18764
169567338,18758
169574914,18762
169581815,18764
169589642,18760
169597860,18760
169605691,18767
169613316,18764
169621159,18767
169628795,18759
169636656,18766
169644261,18764
169652154,18763
169659803,18770
169667608,18775
169675260,18774
169683115,18773
169690773,18773
169697979,18767
169705608,18772
169713532,18779
169721181,18782
169729037,18778
169736738,18777
169744547,18776
169752158,18781
169760049,18777
169767665,18780
169775496,18780
169789909,18796
169797761,18793
169805298,18793
169813121,18793
169820786,18797
169828659,18794
169836288,18802
169844247,18799
169851927,18796
169859824,18795
169867519,18796
169875364,18798
169882941,18799
169890802,18799
169898432,18798
169906350,18813
169913946,18817
169921805,18815
169929447,18820
169943941,18818
169950916,18816
169958761,18811
169966392,18814
169974231,18820
169981889,18812
169989679,18814
169997335,18818
170005186,18818
170012810,18815
170028120,18744
170035785,18740
170042644,18737
170050504,18733
170058102,18733
170066025,18731
170073689,18732
170081564,18726
170089170,18728
170097013,18723
170103886,18727
170111522,18727
170119377,18717
170126944,18718
170134781,18719
170142403,18677
170150291,18679
170157872,18678
170165673,18673
170173307,18674
170181241,18674
170188861,18679
170196735,18675
170204386,18677
170212294,18678
170219915,18676
170228390,18672
170235993,18675
170243850,18674
170251496,18672
170266296,18657
170273855,18652
170280712,18654
170288532,18655
170296138,18652
170304000,18652
170310849,18645
170318494,18647
170326383,18653
170334050,18653
170341985,18653
170349634,18654
170357456,18652
170365025,18650
170372879,18652
170380464,18662
170388367,18658
170395959,18664
170403824,18670
170410712,18661
170418352,18666
170426187,18668
170433827,18663
170442367,18664
170449954,18668
170457811,18662
170465458,18669
170473341,18665
170480906,18663
170488757,18671
170503226,18695
170511076,18697
170517927,18694
170525553,18695
170533471,18698
170541134,18693
170549070,18696
170556715,18695
170564610,18702
170572230,18697
170580132,18693
170587800,18698
170595637,18699
170603261,18699
170611111,18702
170618742,18719
170626559,18712
170634145,18715
170642002,18709
170649546,18713
170657159,18718
170665003,18720
170671864,18716
170679489,18720
170687363,18717
170694909,18718
170702750,18720
170710357,18721
170718226,18717
170725847,18722
170733677,18719
170741310,18746
170749154,18742
170756793,18747
170764616,18750
170772263,18746
170780112,18741
170787799,18745
170795647,18744
170803309,18746
170811127,18745
170818754,18745
170826598,18746
170833588,18741
170841461,18735
170849077,18733
170864359,18639
170871974,18638
170879806,18640
170887383,18637
170895183,18638
170902821,18636
170910670,18636
170918281,18637
170926129,18633
170933796,18633
170941650,18636
170949237,18632
170957065,18626
170964707,18628
170972543,18626
170980172,18605
170988059,18615
170994917,18611
171002558,18612
171010481,18608
171018089,18614
171025995,18608
171033652,18611
171041579,18616
171049265,18608
171057133,18609
171065425,18610
171072373,18614
171080230,18613
171087816,18612
171102501,18619
171110107,18617
171117992,18614
171124886,18617
171132543,18614
171140395,18619
171147976,18615
171155788,18621
171163386,18619
171171197,18618
171185704,18622
171193449,18622
171200981,18626
171208674,18627
171216591,18644
171224276,18642
171231209,18642
171239061,18638
171246694,18647
171254528,18645
171262174,18647
171269037,18646
171276869,18647
171285049,18650
171292868,18645
171300464,18650
171308317,18653
171315915,18649
171323745,18647
171338315,18677
171346137,18679
171353773,18673
171360639,18677
171368443,18679
171376074,18683
171384006,18687
171391599,18677
171399464,18685
171407083,18686
171414915,18686
171422499,18685
171430366,18683
171437980,18679
171445839,18683
171453488,18706
171461395,18705
171469029,18711
171476843,18709
171484486,18707
171492973,18714
171500592,18712
171507525,18715
171515437,18719
171523074,18715
171530924,18710
171538542,18711
171546416,18717
171553962,18721
171561772,18718
171569391,18719
171577218,18737
171584854,18731
171591648,18730
171598562,18738
171606456,18723
171614082,18726
171621926,18725
171629510,18715
171637372,18708
171644994,18705
171652848,18708
171660457,18705
171668365,18699
171675930,18692
171683756,18692
171691384,18689
171699215,18643
171707499,18637
171715381,18642
171722959,18644
171730874,18640
171738491,18645
171745416,18644
171753267,18641
171760883,18639
171768649,18641
171776286,18640
171784198,18642
171791849,18640
171798744,18645
171806639,18645
171821316,18652
171829189,18649
171836813,18654
171844676,18647
171852348,18647
171860175,18650
171867824,18651
171875696,18651
171883335,18652
171891147,18650
171898799,18653
171906625,18651
171914857,18655
171922660,18648
171930280,18654
171938146,18664
171945827,18665
171952704,18662
171959580,18664
171967423,18663
171975038,18664
171982905,18671
171990523,18667
171998401,18668
172006031,18667
172013881,18666
172021515,18668
172029369,18671
172036984,18664
172044812,18666
172059378,18697
172067307,18700
172074999,18698
172082877,18706
172090495,18700
172098393,18705
172105267,18700
172112876,18708
172120658,18702
172128951,18713
172136813,18710
172144444,18712
172152353,18708
172159934,18712
172167750,18714
172175363,18737
172183225,18731
172190160,18739
172196716,18734
172204339,18746
172212195,18738
172219794,18741
172227588,18744
172235226,18744
172243091,18744
172250727,18744
172258561,18744
172266143,18750
172274043,18753
172281626,18750
172289490,18747
172297075,18777
172304898,18775
172312548,18781
172320413,18783
172328007,18788
172336515,18785
172343488,18788
172351380,18785
172358979,18789
172366792,18786
172374412,18783
172382322,18791
172389918,18793
172397764,18790
172404657,18796
172412276,18791
172420118,18742
172433605,18741
172441292,18734
172449182,18740
172456857,18736
172464683,18734
172472325,18732
172480188,18730
172487837,18733
172495660,18731
172503289,18729
172511120,18728
172518763,18734
172526622,18726
172541055,18733
172548548,18731
172556473,18734
172564088,18732
172572003,18736
172578933,18736
172586617,18734
172594513,18732
172602114,18739
172609970,18733
172617563,18734
172625438,18737
172633023,18734
172640886,18738
172648514,18735
172656397,18744
172663996,18747
172670874,18752
172678733,18744
172686357,18747
172694191,18752
172701815,18749
172709603,18755
172717221,18746
172725081,18750
172732741,18747
172740613,18750
172748238,18749
172756088,18751
172764335,18751
172779074,18771
172786764,18779
172794615,18769
172802274,18768
172810159,18774
172817825,18776
172825565,18774
172833175,18775
172841041,18774
172848698,18772
172856692,18783
172864303,18779
172872121,18783
172879806,18782
172886619,18780
172894479,18806
172902077,18809
172908940,18808
172916819,18813
172924450,18818
172932402,18816
172939301,18813
172946888,18816
172954685,18815
172962320,18819
172970808,18816
172978441,18817
172986365,18815
172993982,18814
173001815,18826
173016315,18844
173024116,18846
173031743,18837
173039566,18845
173047159,18850
173055057,18850
173062710,18852
173070542,18848
173078160,18855
173086037,18852
173093623,18853
173101570,18851
173109157,18854
173117020,18854
173124623,18856
173132496,18857
173140110,18847
173146269,18845
173153939,18844
173161850,18839
173169522,18841
173177438,18843
173185742,18835
173193580,18831
173201199,18833
173209115,18831
173216743,18829
173224622,18824
173232274,18824
173240128,18821
173247778,18823
173255690,18819
173262512,18821
173270099,18821
173277940,18820
173285541,18820
173293399,18814
173300269,18817
173307855,18818
173315713,18818
173323342,18816
173331174,18818
173338842,18820
173346656,18817
173354335,18820
173362269,18820
173369930,18831
173377858,18828
173385497,18829
173393976,18834
173401599,18828
173409501,18832
173416310,18832
173423909,18828
173431759,18831
173439384,18828
173447234,18834
173454839,18829
173462719,18832
173470350,18826
173478190,18830
173485864,18830
173492781,18842
173500605,18838
173508217,18839
173516088,18841
173523788,18839
173531593,18844
173539198,18841
173547046,18841
173554700,18842
173562592,18840
173570242,18836
173578160,18842
173585849,18849
173593674,18852
173601943,18851
173616731,18865
173622941,18871
173630521,18872
173638381,18870
173645996,18873
173653842,18876
173661477,18873
173676005,18875
173683623,18872
173691544,18877
173699163,18877
173707044,18879
173714665,18877
173722587,18873
173730183,18897
173737081,18891
173745025,18897
173752654,18895
173760490,18898
173768039,18891
173774861,18896
173782768,18890
173790452,18898
173798415,18896
173806104,18902
173813997,18901
173822151,18905
173829994,18899
173837586,18901
173845455,18918
173853035,18913
173859921,18912
173867724,18911
173875391,18909
173883214,18905
173890828,18900
173898676,18895
173906274,18897
173914138,18896
173921765,18889
173929666,18887
173937277,18889
173945133,18881
173952779,18881
173960557,18878
173968132,18850
173975004,18852
173982819,18846
173990459,18849
173998331,18846
174005948,18843
174012786,18851
174020655,18856
174028870,18846
174036796,18852
174044514,18846
174052434,18846
174060069,18851
174067932,18852
174075628,18845
174090353,18843
174097923,18840
174105711,18838
174113356,18843
174121211,18843
174128871,18843
174136639,18843
174144223,18839
174152124,18843
174159756,18839
174167624,18844
174175223,18835
174183084,18839
174190728,18839
174198619,18835
174206223,18828
174213133,18834
174220004,18837
174227832,18833
174235944,18836
174243836,18835
174251521,18836
174259482,18835
174267176,18824
174275120,18827
174282726,18835
174290594,18835
174298184,18837
174306019,18835
174313619,18836
174321504,18839
174329089,18850
174335991,18853
174343865,18849
174351487,18853
174359376,18851
174367012,18849
174373895,18854
174381799,18851
174389473,18855
174397353,18854
174405000,18856
174412836,18852
174420453,18853
174428321,18856
174435939,18859
174450554,18871
174457533,18871
174465412,18876
174473064,18869
174480863,18867
174488473,18868
174496328,18866
174503954,18867
174511818,18870
174519441,18873
174527312,18877
174534936,18879
174542796,18872
174550422,18876
174558306,18874
174565918,18887
174573800,18884
174580672,18879
174588329,18880
174596192,18879
174603849,18869
174611687,18870
174619270,18860
174627135,18865
174634770,18857
174642579,18853
174650174,18854
174658677,18855
174666348,18846
174674230,18842
174681880,18841
174688693,18798
174695495,18795
174703368,18796
174710958,18799
174718784,18794
174726399,18792
174733233,18790
174741092,18795
174748721,18792
174756522,18787
174764101,18780
174771970,18786
174779563,18782
174787481,18783
174795195,18781
174803122,18781
174810821,18767
174818686,18762
174826284,18766
174834170,18763
174841779,18763
174849612,18768
174857199,18771
174865583,18759
174873237,18758
174881096,18758
174888691,18760
174896585,18759
174904194,18761
174912035,18764
174932769,18747
174939649,18750
174947342,18746
174955214,18740
174962864,18743
174969703,18748
174977604,18740
174985245,18745
174993157,18743
175000813,18744
175008622,18739
175016231,18747
175024056,18746
175031662,18741
175039540,18742
175047099,18756
175054973,18747
175062587,18752
175070490,18753
175078060,18749
175086570,18753
175094195,18753
175102130,18756
175109777,18754
175117669,18761
175125291,18754
175133122,18759
175140775,18760
175148641,18761
175156295,18757
175170423,18768
175177319,18776
175184928,18773
175192788,18772
175200452,18771
175207321,18770
175215185,18767
175222825,18771
175230581,18773
175238176,18774
175246000,18776
175253650,18774
175261553,18771
175269213,18779
175277165,18777
175284837,18791
175293337,18786
175300235,18794
175307850,18791
175315657,18794
175322514,18790
175330106,18794
175337906,18795
175345558,18796
175353435,18791
175361015,18791
175368798,18785
175376461,18791
175384345,18781
175391945,18772
175399734,18773
175407374,18686
175415205,18690
175422831,18682
175430602,18680
175438188,18681
175446042,18678
175453664,18679
175461570,18677
175469220,18677
175477181,18676
175484827,18676
175492603,18671
175500867,18668
175508656,18668
175516293,18672
175530449,18646
175537355,18645
175544985,18647
175552828,18642
175560453,18640
175568325,18647
175575935,18639
175583842,18649
175591490,18644
175599369,18649
175606976,18641
175614779,18644
175622374,18641
175630201,18638
175637866,18635
175645709,18627
175653347,18623
175661192,18624
175668834,18623
175676655,18622
175683526,18628
175691074,18623
175698894,18630
175707048,18628
175714974,18627
175722610,18625
175730469,18629
175738118,18629
175746000,18633
175753575,18629
175760459,18624
175768269,18640
175775914,18643
175783750,18640
175791376,18648
175799202,18643
175806856,18647
175814661,18649
175822250,18645
175830088,18645
175837683,18653
175845553,18647
175853178,18651
175861021,18651
175868698,18657
175876614,18650
175891051,18667
175898879,18670
175906525,18676
175914434,18670
175921963,18676
175929573,18673
175937458,18671
175945046,18675
175952868,18673
175960514,18672
175968395,18676
175976019,18671
175983855,18679
175991509,18681
175998348,18681
176006184,18700
176013826,18699
176021636,18693
176029246,18703
176037110,18698
176044655,18704
176052571,18703
176060208,18697
176068039,18700
176075734,18706
176083628,18697
176091278,18706
176099216,18707
176106875,18709
176114674,18711
176129814,18651
176136682,18649
176144545,18640
176152145,18635
176166572,18636
176174533,18631
176182206,18627
176190041,18628
176197663,18617
176205578,18621
176213022,18620
176220860,18618
176228477,18616
176243255,18586
176250160,18591
176257808,18586
176265605,18587
176273193,18590
176280083,18596
176287928,18587
176295500,18592
176303392,18584
176310955,18586
176318751,18585
176326372,18595
176334193,18588
176342444,18586
176350415,18583
176358018,18583
176365861,18584
176373527,18585
176381411,18584
176388277,18587
176395933,18584
176403769,18591
176411403,18579
176419233,18586
176426872,18588
176434656,18587
176442290,18589
176450157,18582
176457824,18581
176465637,18582
176473287,18586
176481126,18597
176488745,18598
176496605,18599
176504249,18594
176512061,18597
176518910,18604
176526498,18605
176534348,18608
176541969,18602
176549792,18607
176558027,18611
176565857,18608
176573487,18613
176581346,18611
176588255,18615
176595901,18611
176603728,18637
176610579,18637
176618168,18636
176625999,18636
176633601,18642
176641457,18635
176649046,18647
176656880,18644
176664493,18639
176672407,18649
176680010,18646
176687801,18647
176695448,18649
176703244,18650
176710875,18648
176725551,18675
176733153,18671
176740972,18672
176748614,18677
176756461,18674
176764707,18672
176772540,18677
176780105,18675
176787948,18676
176795587,18682
176803484,18676
176811099,18679
176818957,18679
176825815,18676
176833456,18683
176841282,18709
176848926,18713
176856722,18709
176864290,18719
176872188,18708
176879826,18712
176887636,18716
176895217,18717
176903124,18720
176910696,18711
176918591,18713
176926181,18711
176934016,18712
176941677,18705
176949545,18713
176963984,18625
176971421,18624
176979290,18619
176986935,18619
176994797,18623
177002415,18622
177010267,18616
177017878,18613
177025674,18615
177033234,18612
177041064,18621
177048703,18618
177056578,18616
177064185,18617
177072055,18615
177079646,18620
177087515,18627
177095089,18629
177102970,18622
177110600,18628
177117488,18631
177125383,18633
177132982,18632
177140817,18627
177148450,18630
177156284,18628
177163865,18631
177171763,18634
177179925,18630
177187815,18632
177202381,18632
177209266,18637
177217128,18637
177224758,18636
177232613,18643
177240262,18635
177248117,18641
177255715,18644
177263592,18639
177271169,18637
177279008,18645
177286631,18642
177294480,18639
177302050,18648
177309891,18649
177317523,18673
177325412,18672
177333016,18679
177340907,18675
177348536,18671
177355367,18683
177363214,18682
177370819,18681
177378653,18678
177386260,18682
177394649,18678
177402263,18686
177416761,18685
177424656,18683
177439102,18717
177445973,18715
177453811,18724
177461429,18719
177469278,18717
177476973,18726
177484811,18726
177492471,18726
177500335,18728
177507954,18724
177515780,18725
177523382,18723
177531218,18725
177538881,18724
177546754,18725
177554363,18754
177562149,18753
177569780,18756
177577593,18764
177585213,18762
177592087,18760
177599872,18761
177608046,18762
177615895,18756
177623516,18763
177631400,18762
177639007,18768
177646846,18773
177654475,18767
177661377,18764
177669240,18766
177676883,18724
177683728,18724
177691592,18726
177699187,18725
177707029,18730
177714675,18717
177722562,18719
177730159,18724
177738025,18718
177745669,18717
177753591,18710
177761172,18722
177769028,18715
177776626,18721
177784534,18715
177799012,18715
177806833,18716
177814942,18711
177822818,18711
177829673,18711
177837279,18718
177845133,18718
177852723,18716
177860600,18725
177868194,18720
177876072,18713
177883707,18721
177891546,18725
177899169,18723
177907041,18727
177914663,18729
177922537,18732
177930110,18732
177937956,18721
177945566,18727
177953393,18727
177960252,18727
177967845,18732
177975727,18729
177983369,18730
177991197,18727
177998801,18735
178006644,18730
178014275,18731
178021170,18731
178029566,18732
178037137,18749
178044957,18761
178052547,18756
178060479,18755
178068115,18759
178075952,18761
178083558,18759
178091387,18759
178099025,18753
178106857,18761
178114481,18754
178122355,18761
178129989,18760
178137748,18762
178145344,18764
178160058,18798
178166923,18796
178174590,18800
178182467,18800
178190067,18795
178197936,18792
178205549,18799
178213463,18800
178221076,18800
178228988,18793
178237239,18797
178245120,18802
178252804,18802
178259657,18802
178267528,18797
178275173,18831
178283010,18826
178290620,18829
178298505,18830
178306102,18840
178312966,18830
178320807,18836
178328443,18828
178336303,18830
178343946,18832
178351789,18842
178359416,18835
178367227,18838
178374871,18841
178382678,18842
178390319,18840
178398142,18799
178404995,18803
178412620,18798
178420491,18798
178428081,18802
178435898,18796
178444151,18793
178452051,18799
178459682,18796
178467540,18791
178475146,18792
178482960,18789
178490567,18791
178497443,18794
178505338,18797
178519857,18786
178527686,18788
178535313,18791
178543180,18784
178550815,18791
178558631,18786
178566207,18792
178574061,18788
178581688,18785
178589575,18784
178597162,18790
178605025,18788
178612616,18787
178620472,18786
178628043,18789
178635830,18794
178643468,18789
178658552,18794
178666487,18783
178674134,18791
178681977,18790
178689570,18790
178697486,18792
178705126,18790
178713007,18793
178720614,18794
178728515,18794
178736097,18791
178743943,18791
178751585,18803
178758504,18799
178766365,18805
178773988,18806
178781829,18803
178788662,18812
178796287,18804
178804153,18810
178811739,18808
178819595,18813
178827160,18809
178835014,18810
178842634,18813
178850504,18812
178858116,18817
178865964,18811
178874165,18834
178881982,18824
178889557,18836
178897397,18841
178905031,18833
178912983,18842
178920607,18836
178928493,18838
178936086,18835
178943954,18840
178951580,18838
178959488,18845
178967050,18839
178973921,18839
178981692,18839
178989291,18842
178996151,18859
179004017,18863
179011641,18865
179019496,18872
179027106,18863
179034975,18871
179042580,18874
179050478,18868
179058076,18869
179065914,18869
179073536,18868
179082025,18872
179089629,18871
179097464,18874
179105066,18875
179119764,18832
179127424,18833
179135257,18834
179142910,18832
179149745,18828
179157582,18836
179165178,18824
179173036,18822
179180648,18829
179188504,18823
179196112,18829
179203958,18822
179211606,18821
179219490,18823
179227119,18825
179234971,18804
179242659,18802
179250600,18807
179258158,18804
179266039,18802
179273665,18803
179281516,18798
179289729,18801
179296623,18802
179304494,18804
179312098,18799
179319913,18799
179327558,18800
179334428,18803
179342264,18802
179349910,18800
179356773,18793
179364620,18793
179372197,18791
179380069,18791
179387636,18788
179395529,18791
179403149,18792
179410964,18792
179418573,18791
179426387,18794
179433985,18791
179441845,18792
179449514,18793
179457384,18796
179465009,18785
179479687,18801
179487267,18796
179495098,18799
179503354,18799
179510242,18795
179518105,18801
179525719,18801
179533605,18798
179541227,18800
179549074,18799
179556661,18803
179564538,18799
179571387,18809
179579002,18804
179586857,18808
179594502,18814
179602364,18813
179609967,18817
179617760,18816
179625391,18818
179633200,18819
179640866,18815
179648723,18821
179656320,18821
179664223,18815
179671846,18824
179679642,18814
179687218,18819
179695075,18825
179702693,18824
179717470,18831
179725038,18840
179732894,18838
179740513,18839
179748413,18839
179756013,18841
179763847,18848
179771463,18845
179779295,18845
179786952,18847
179794795,18844
179802476,18836
179809327,18843
179817200,18851
179824798,18843
179839538,18843
179847085,18836
179854900,18836
179862553,18832
179869419,18826
179877268,18833
179884945,18825
179892832,18823
179907324,18823
179915022,18808
179923485,18816
179931097,18819
179938993,18811
179952798,18758
179960414,18754
179968276,18760
179975962,18760
179983763,18754
179991424,18760
179999329,18749
180006989,18753
180014768,18755
180021635,18749
180029229,18745
180037072,18748
180044678,18743
180052579,18749
180060199,18745
180068053,18720
180075665,18723
180083542,18715
180091104,18714
180098924,18724
180105811,18721
180113458,18721
180121319,18715
180128943,18719
180137446,18715
180145084,18712
180152886,18713
180160523,18717
180167339,18711
180175183,18707
180182824,18712
180190687,18702
180198282,18698
180206168,18699
180213754,18704
180221641,18698
180229202,18696
180237072,18702
180244708,18699
180252598,18699
180260175,18700
180268029,18697
180275654,18695
180282521,18703
180290406,18703
180298019,18702
180312627,18713
180320276,18719
180328107,18717
180335729,18715
180344303,18714
180351931,18722
180359786,18715
180367406,18718
180375250,18716
180382903,18715
180390715,18720
180398357,18719
180406242,18719
180413881,18723
180421759,18718
180429368,18734
180436237,18736
180444101,18736
180451695,18735
180459624,18737
180466501,18734
180474170,18734
180482022,18738
180489616,18733
180497498,18745
180505052,18743
180512889,18739
180520495,18736
180528301,18739
180535934,18738
180543780,18752
180551917,18747
180559796,18750
180567439,18757
180575240,18748
180582876,18754
180590759,18756
180598403,18757
180606263,18766
180613894,18759
180621764,18759
180628745,18757
180636588,18763
180643436,18758
180651040,18763
180658868,18762
180666508,18702
180673453,18693
180681260,18692
180688930,18694
180696715,18692
180704343,18691
180712183,18687
180719827,18693
180727637,18680
180735268,18674
180743147,18674
180750764,18678
180758602,18674
180766842,18669
180774698,18666
180789149,18632
180797033,18630
180804691,18630
180812591,18626
180820131,18617
180827000,18626
180834774,18627
180842448,18627
180850276,18616
180857923,18625
180865785,18622
180873438,18615
180880280,18623
180888126,18614
180895721,18611
180910537,18603
180918105,18606
180926001,18603
180933621,18597
180941509,18603
180949112,18601
180956971,18599
180964569,18602
180973041,18595
180980677,18596
180988569,18596
180996152,18599
181003973,18598
181011576,18596
181026308,18605
181033955,18604
181041795,18607
181049411,18610
181057273,18611
181064973,18609
181072829,18602
181080431,18604
181088264,18611
181095869,18607
181103709,18610
181111339,18609
181118223,18613
181126065,18610
181133709,18610
181148203,18627
181156114,18631
181163760,18638
181171636,18633
181179246,18631
181187004,18632
181194637,18630
181202549,18636
181210198,18632
181218055,18638
181225678,18636
181232626,18640
181240500,18639
181248139,18642
181262865,18651
181269790,18657
181277434,18652
181285251,18652
181292889,18650
181300656,18656
181308258,18653
181316142,18657
181323778,18653
181331660,18657
181339334,18656
181347210,18665
181354108,18663
181361703,18665
181369557,18658
181377144,18683
181384987,18684
181392592,18687
181401112,18684
181408717,18684
181416606,18691
181423517,18683
181431110,18685
181438957,18692
181446578,18688
181454472,18689
181462073,18694
181469934,18690
181477575,18685
181485342,18687
181492928,18689
181500766,18597
181508328,18593
181516168,18593
181523795,18596
181531632,18592
181539222,18592
181547067,18591
181554672,18583
181562517,18592
181570122,18588
181577990,18586
181585624,18584
181592558,18586
181600467,18585
181608717,18582
181623503,18572
181630330,18575
181637969,18576
181645744,18578
181653433,18575
181661259,18572
181668920,18576
181676792,18574
181684436,18572
181692229,18576
181699848,18579
181707689,18575
181715307,18578
181723175,18578
181730844,18573
181738698,18574
181746327,18580
181754190,18578
181761839,18573
181769706,18574
181777322,18579
181784179,18582
181792052,18577
181799718,18582
181807621,18576
181815812,18579
181823662,18578
181830517,18583
181838135,18579
181846010,18580
181860557,18601
181868462,18606
181876039,18607
181883804,18611
181891389,18613
181899272,18613
181906955,18609
181914758,18611
181922375,18611
181930214,18616
181937873,18619
181945658,18614
181953280,18617
181960137,18619
181967977,18617
181975618,18644
181983531,18644
181990403,18644
181998052,18650
182005886,18650
182013482,18644
182021301,18647
182029577,18644
182037462,18654
182045084,18659
182052892,18647
182060484,18652
182068326,18654
182075990,18661
182083780,18658
182091389,18654
182099261,18680
182106870,18677
182114684,18680
182122297,18685
182130122,18673
182137727,18687
182144645,18682
182152541,18688
182160161,18681
182168026,18687
182175669,18688
182183524,18684
182190379,18688
182198013,18695
182205820,18692
182213423,18688
182221257,18688
182228857,18686
182237403,18679
182245058,18672
182252877,18673
182260482,18674
182268303,18664
182275945,18659
182283790,18659
182291400,18662
182299269,18664
182306165,18653
182313856,18649
182321713,18645
182329334,18649
182344078,18623
182350934,18623
182358574,18623
182366447,18624
182374064,18622
182381903,18621
182396167,18619
182404097,18625
182411775,18628
182419625,18622
182427277,18619
182435115,18621
182442002,18617
182449603,18622
182458148,18630
182465020,18636
182472653,18629
182480548,18636
182488136,18632
182495970,18629
182502820,18634
182510467,18643
182518330,18637
182525979,18636
182533799,18635
182541451,18629
182549279,18634
182556895,18639
182563739,18635
182571661,18635
182579267,18644
182586116,18649
182593965,18652
182601585,18650
182609477,18649
182617046,18649
182624866,18649
182632524,18652
182640401,18649
182648035,18659
182655914,18659
182664058,18657
182671886,18655
182679497,18652
182687344,18655
182701110,18684
182708675,18686
182716549,18688
182724140,18691
182731974,18688
182739650,18688
182747548,18695
182755110,18691
182762960,18692
182770544,18697
182778411,18698
182785300,18696
182792974,18698
182799914,18695
182807770,18701
182821509,18722
182829063,18725
182836845,18728
182844444,18723
182852274,18726
182859904,18726
182867707,18724
182875975,18727
182883873,18732
182891459,18733
182899306,18731
182906212,18732
182913859,18730
182920758,18730
182928671,18740
182936298,18769
182944172,18759
182951759,18771
182959633,18763
182967190,18766
182974998,18770
182982620,18770
182990511,18768
182998102,18763
183005937,18758
183013531,18756
183020395,18757
183028261,18759
183035899,18745
183043748,18752
183051364,18745
183059193,18695
183066805,18686
183074659,18693
183082251,18698
183090664,18696
183098213,18696
183105060,18695
183112872,18688
183120512,18684
183128422,18695
183136039,18691
183143886,18685
183151477,18693
183158300,18691
183166149,18690
183180609,18695
183188497,18699
183196097,18695
183203929,18695
183211553,18695
183219376,18698
183226228,18695
183233861,18699
183241676,18697
183249236,18697
183257117,18700
183264734,18696
183272650,18694
183279557,18699
183287146,18699
183302522,18704
183310432,18706
183318055,18703
183325951,18707
183333550,18711
183341423,18713
183349065,18713
183356837,18708
183364393,18709
183372254,18708
183379935,18705
183387754,18719
183395457,18707
183403319,18710
183417879,18735
183424760,18734
183432604,18736
183440141,18745
183448015,18740
183455626,18739
183463530,18740
183471139,18739
183479011,18740
183486611,18741
183494487,18744
183502056,18743
183510591,18745
183517508,18748
183525097,18745
183533017,18766
183540662,18767
183548546,18768
183556160,18777
183564014,18778
183571643,18776
183579547,18777
183587148,18776
183595013,18769
183602620,18776
183610538,18771
183618102,18776
183625937,18778
183640454,18771
183655344,18801
183662288,18802
183669929,18802
183677727,18800
183685373,18804
183693216,18809
183700078,18800
183707709,18799
183715590,18805
183723710,18807
183731603,18808
183738442,18809
183746071,18811
183753848,18811
183761443,18812
183769300,18783
183776959,18779
183784794,18779
183792481,18776
183800319,18779
183807963,18768
183815766,18764
183823367,18765
183831209,18766
183838803,18771
183846633,18766
183854198,18762
183862025,18754
183869678,18762
183876618,18762
183891314,18745
183898980,18747
183906769,18743
183914329,18742
183922169,18741
183930370,18749
183937304,18737
183945171,18739
183952771,18741
183960637,18742
183968212,18739
183975977,18752
183983609,18748
183991487,18741
183998327,18739
184012941,18741
184019816,18738
184027684,18742
184035290,18746
184043138,18739
184050761,18746
184057665,18739
184065560,18740
184073138,18739
184080980,18746
184088597,18743
184095465,18746
184103347,18742
184111006,18744
184117897,18741
184125704,18750
184133361,18753
184141202,18756
184149409,18751
184157280,18753
184164902,18754
184172754,18756
184180362,18754
184188198,18755
184195763,18760
184203631,18759
184211239,18763
184219065,18766
184226643,18760
184233500,18769
184241321,18762
184248969,18788
184256808,18792
184264434,18791
184272298,18789
184279991,18790
184287805,18790
184295408,18795
184303280,18799
184310910,18796
184318735,18799
184326318,18800
184334213,18797
184341812,18799
184349700,18801
184357984,18802
184372631,18823
184379564,18822
184387138,18822
184395004,18824
184402643,18825
184410488,18826
184417354,18829
184424996,18830
184432835,18827
184440418,18825
184448316,18831
184455980,18831
184463780,18831
184471427,18829
184479281,18827
184486870,18857
184494692,18856
184502300,18861
184510151,18872
184517768,18869
184525655,18867
184533218,18862
184541103,18863
184548675,18866
184556548,18868
184564817,18872
184571668,18877
184579558,18865
184587158,18871
184595053,18869
184609628,18810
184616465,18804
184624298,18808
184631911,18805
184639732,18805
184647368,18809
184655282,18805
184662914,18809
184670785,18802
184678397,18804
184686242,18802
184693786,18794
184701662,18802
184709257,18805
184717160,18799
184724787,18799
184732664,18794
184740281,18791
184748141,18795
184755755,18785
184763639,18791
184771766,18796
184778720,18795
184786592,18795
184794201,18795
184802017,18791
184808908,18796
184816562,18802
184824464,18800
184832067,18799
184839887,18797
184847533,18789
184855379,18789
184863033,18789
184870813,18785
184885107,18792
184892005,18792
184899842,18785
184907472,18790
184915354,18792
184922271,18786
184929929,18789
184937760,18791
184945397,18794
184953260,18790
184960147,18795
184967767,18809
184974622,18816
184982460,18814
184990759,18816
184998664,18808
185006231,18809
185013112,18818
185020953,18814
185028604,18813
185036394,18813
185043259,18815
185050895,18821
185058740,18821
185066371,18820
185074261,18815
185081163,18817
185088780,18843
185095650,18843
185103496,18841
185111121,18841
185118954,18843
185126585,18847
185134477,18846
185142051,18844
185149885,18841
185157517,18849
185165317,18847
185172937,18846
185180764,18848
185188423,18841
185196308,18847
185210694,18872
185218264,18869
185226108,18864
185233736,18877
185241585,18875
185249142,18875
185256985,18876
185264611,18873
185272491,18871
185279358,18878
185287018,18875
185294871,18881
185302427,18888
185310260,18882
185317917,18877
185331998,18876
185339612,18875
185347503,18872
185355141,18866
185362949,18863
185370564,18865
185378376,18860
185386020,18855
185393861,18859
185400746,18854
185408349,18850
185416787,18850
185424359,18850
185432202,18843
185439835,18848
185446738,18805
185454614,18797
185462187,18801
185470054,18806
185477676,18802
185485591,18803
185493143,18799
185500993,18802
185508603,18798
185515481,18801
185523317,18800
185530935,18802
185538727,18805
185546392,18800
185554204,18806
185561778,18800
185569682,18787
185577255,18784
185585097,18784
185592712,18790
185600641,18790
185608169,18783
185615026,18782
185623474,18783
185631108,18781
185638946,18784
185646601,18787
185654477,18783
185662102,18780
185669919,18783
185677546,18774
185692306,18779
185699916,18778
185707749,18776
185715354,18778
185723217,18773
185730827,18777
185738743,18777
185746307,18777
185753159,18778
185760958,18777
185768578,18782
185776465,18780
185784115,18777
185791984,18782
185799592,18773
185807462,18802
185815083,18804
185822899,18806
185831059,18807
185838912,18803
185846548,18809
185853431,18810
185861289,18808
185868925,18805
185876815,18805
185884429,18803
185892280,18807
185899918,18808
185907769,18812
185915389,18801
185930146,18824
185937752,18825
185945613,18824
185953114,18824
185960914,18821
185968499,18835
185976362,18827
185984027,18828
185991898,18831
185999522,18827
186007362,18827
186015024,18832
186022814,18826
186030400,18830
186038215,18831
186045670,18844
186052553,18846
186060141,18845
186067967,18849
186075600,18858
186083442,18852
186091044,18854
186098871,18846
186106477,18849
186113352,18857
186127816,18848
186135499,18854
186143364,18857
186151017,18851
186165693,18770
186173279,18767
186181130,18770
186188773,18768
186196690,18763
186204282,18765
186211142,18764
186218979,18764
186226571,18761
186234387,18764
186242050,18759
186249828,18764
186258007,18755
186265881,18762
186273495,18755
186281374,18734
186289006,18738
186296781,18741
186304361,18742
186312178,18735
186319818,18735
186327682,18736
186335300,18737
186343185,18735
186350128,18731
186357726,18737
186365597,18732
186373230,18735
186381081,18734
186388687,18732
186396534,18736
186403387,18719
186411057,18715
186418881,18722
186426494,18716
186434327,18716
186441987,18719
186449798,18719
186457356,18720
186465169,18719
186473351,18720
186481221,18722
186488901,18713
186496720,18712
186504336,18720
186512184,18718
186526680,18732
186534595,18731
186542221,18731
186550041,18728
186557654,18734
186565508,18732
186572389,18734
186580042,18733
186586881,18734
186594767,18741
186602367,18738
186610257,18737
186617901,18736
186625751,18740
186633369,18736
186641246,18760
186648913,18762
186656743,18765
186664358,18766
186672226,18761
186680467,18761
186688357,18762
186696015,18755
186702866,18769
186710724,18769
186718277,18763
186726149,18762
186733777,18764
186741635,18766
186749222,18767
186757035,18764
186763892,18780
186771452,18784
186779298,18776
186786939,18781
186794765,18782
186802373,18786
186810226,18787
186817808,18786
186825675,18786
186833258,18782
186841086,18789
186848721,18785
186856612,18793
186864175,18786
186872034,18780
186887062,18695
186894915,18696
186902530,18691
186910395,18690
186918019,18694
186925806,18687
186932646,18687
186940333,18689
186948198,18691
186955816,18686
186963694,18684
186971212,18688
186979073,18680
186986673,18685
186994568,18683
187002189,18668
187010048,18672
187017691,18670
187025553,18666
187033167,18665
187040942,18671
187048554,18671
187056407,18666
187063312,18671
187070978,18672
187078805,18673
187086397,18673
187094202,18676
187102346,18671
187110252,18676
187117935,18675
187124796,18659
187132678,18657
187140291,18657
187148097,18652
187155697,18653
187163593,18653
187170433,18650
187178062,18657
187185893,18654
187193546,18656
187201395,18653
187209068,18654
187216802,18656
187224383,18653
187232224,18656
187239829,18650
187247679,18672
187255265,18670
187263133,18679
187270779,18678
187278691,18675
187286264,18685
187294084,18678
187300939,18673
187309180,18678
187317034,18681
187324675,18680
187332586,18670
187340229,18674
187348061,18676
187355674,18673
187369403,18697
187377081,18702
187384033,18706
187391891,18701
187399538,18702
187406403,18702
187414282,18704
187421920,18711
187429802,18703
187437426,18703
187445319,18704
187452976,18703
187460779,18705
187468399,18713
187476276,18710
187483835,18730
187491743,18724
187499315,18726
187507187,18725
187514827,18719
187523372,18725
187531055,18721
187537870,18714
187545697,18715
187553280,18704
187561109,18708
187568719,18705
187576601,18700
187584184,18697
187592010,18695
187598831,18683
187606456,18625
187614336,18619
187621987,18620
187629808,18622
187637401,18621
187645277,18618
187652919,18619
187660762,18619
187668410,18617
187676240,18619
187683902,18617
187691732,18618
187699374,18620
187707230,18619
187714818,18617
187729612,18617
187737934,18620
187744838,18622
187752704,18614
187760268,18614
187767115,18623
187774939,18612
187782563,18620
187790405,18616
187798048,18614
187805874,18619
187813507,18616
187821377,18616
187829050,18618
187836867,18617
187844468,18612
187852306,18618
187859977,18616
187867776,18614
187875386,18616
187883282,18614
187890862,18616
187898701,18613
187906257,18615
187914123,18612
187921723,18610
187929609,18619
187937253,18618
187945699,18616
187953318,18616
187960232,18615
187968062,18642
187975672,18637
187983561,18634
187991215,18640
187999080,18639
188005955,18645
188012792,18645
188020413,18645
188028251,18642
188035854,18644
188043710,18645
188051298,18649
188059194,18648
188066825,18641
188074715,18645
188082286,18649
188090102,18670
188097710,18671
188105627,18670
188113246,18670
188121092,18671
188128758,18674
188136641,18679
188144228,18676
188152659,18682
188160242,18678
188168113,18673
188175747,18675
188183627,18677
188191254,18678
188198142,18682
188212835,18656
188220439,18655
188228273,18651
188235903,18651
188243782,18652
188250617,18644
188258305,18644
188266181,18648
188273805,18635
188281704,18637
188289298,18635
188297147,18635
188304747,18635
188312663,18624
188320263,18622
188328113,18604
188335709,18601
188343630,18602
188351185,18603
188358981,18595
188366521,18602
188374159,18594
188381985,18601
188389585,18598
188397521,18597
188405197,18605
188413011,18601
188420610,18599
188428440,18598
188436065,18596
188450749,18607
188458329,18603
188466166,18605
188473802,18607
188481677,18604
188488527,18603
188496148,18605
188503961,18604
188511608,18606
188519443,18602
188527127,18608
188534953,18606
188542588,18605
188550377,18606
188557296,18605
188572364,18617
188580263,18622
188587941,18617
188594870,18621
188602726,18618
188617198,18621
188624847,18622
188632764,18625
188640421,18623
188648296,18624
188655970,18620
188663798,18625
188670650,18624
188685189,18654
188693052,18656
188700658,18662
188707584,18652
188715424,18656
188723092,18659
188730888,18660
188738524,18657
188746332,18664
188753967,18661
188761792,18663
188769423,18661
188777281,18654
188784932,18665
188793492,18663
188801141,18696
188808954,18696
188816561,18696
188824372,18689
188832004,18694
188839873,18700
188846048,18697
188853687,18696
188861578,18700
188869214,18697
188877071,18702
188884686,18702
188892553,18704
188900159,18704
188907967,18700
188915620,18689
188923519,18696
188931140,18685
188939006,18683
188946635,18688
188954518,18684
188962150,18679
188969958,18668
188977583,18672
188985443,18673
188993076,18675
189001567,18671
189009211,18671
189017050,18668
189024675,18666
189031553,18668
189039369,18647
189047075,18649
189054925,18645
189062542,18645
189069429,18655
189077290,18640
189084138,18642
189091726,18637
189099583,18644
189107232,18646
189115071,18640
189122670,18646
189130553,18639
189138171,18643
189146034,18649
189153654,18645
189161544,18650
189169115,18648
189176979,18649
189184650,18648
189191580,18650
189199447,18652
189207044,18651
189214938,18652
189222589,18650
189230398,18650
189238050,18654
189245840,18648
189253216,18650
189261117,18652
189267998,18650
189275629,18650
189283420,18668
189291046,18669
189298837,18669
189306445,18667
189314274,18669
189321912,18669
189329747,18664
189337318,18673
189345176,18672
189352760,18674
189360627,18672
189368227,18672
189376077,18677
189383712,18672
189391555,18677
189399142,18705
189407010,18709
189415140,18708
189422961,18713
189429811,18715
189437423,18712
189443547,18711
189451390,18682
189459053,18719
189466890,18712
189474534,18715
189482377,18712
189489980,18717
189497816,18714
189505419,18715
189513265,18723
189520828,18739
189528716,18742
189536299,18739
189544137,18743
189551020,18744
189558615,18747
189565480,18747
189573329,18750
189581006,18746
189588856,18747
189596481,18747
189604325,18755
189611979,18757
189619780,18753
189628033,18751
189635879,18753
189643502,18777
189651374,18773
189659062,18769
189665952,18773
189673877,18765
189680707,18757
189688271,18764
189696104,18763
189703701,18761
189711594,18760
189719169,18754
189726992,18752
189734596,18746
189742456,18750
189750047,18744
189757843,18741
189765447,18721
189773305,18720
189780938,18714
189787814,18723
189795661,18721
189803234,18717
189811061,18714
189818688,18714
189826545,18717
189834785,18718
189842758,18716
189856965,18715
189864829,18717
189871775,18718
189879383,18722
189887226,18724
189894887,18721
189901788,18722
189909634,18725
189916471,18723
189923408,18723
189931076,18721
189938948,18721
189946568,18726
189954406,18724
189962011,18725
189969888,18719
189977580,18723
189985435,18721
189993109,18725
190000894,18734
190008495,18733
190016366,18733
190023988,18737
190031793,18731
190038674,18732
190046216,18731
190054675,18738
190062251,18734
190070119,18734
190077743,18739
190085623,18733
190093188,18735
190101036,18742
190107895,18742
190115555,18743
190123415,18763
190131065,18766
190138844,18766
190146424,18768
190154274,18763
190161848,18771
190169721,18766
190177323,18770
190185191,18769
190192803,18768
190200695,18767
190208334,18768
190216181,18774
190223827,18771
190231706,18772
190246185,18794
190254052,18793
190262241,18794
190270156,18789
190277025,18789
190284679,18798
190292531,18792
190300175,18796
190308000,18790
190315598,18792
190323443,18796
190331059,18801
190338889,18808
190346491,18804
190354328,18795
190361966,18827
190369818,18825
190377452,18822
190384276,18826
190392073,18828
190398982,18827
190406616,18828
190414546,18833
190422193,18827
190430084,18836
190437699,18835
190445570,18834
190453163,18837
190460999,18831
190468609,18839
190483911,18790
190491495,18788
190499331,18792
190506175,18786
190513813,18788
190521658,18781
190529243,18782
190537086,18780
190544706,18784
190552548,18780
190560210,18783
190568011,18781
190575626,18782
190583468,18784
190590338,18781
190604845,18776
190612740,18781
190620306,18786
190628174,18776
190635794,18778
190643671,18775
190651241,18779
190659051,18779
190666650,18780
190674529,18777
190682773,18785
190690667,18783
190698229,18777
190706050,18781
190720598,18783
190728450,18783
190736072,18778
190743901,18784
190751530,18781
190757659,18777
190765486,18778
190773110,18779
190780949,18784
190788557,18782
190796394,18779
190804064,18773
190811912,18778
190819549,18784
190827374,18778
190834980,18791
190842860,18790
190850454,18794
190858302,18796
190865916,18803
190873826,18802
190881435,18794
190889280,18794
190897492,18798
190905298,18791
190912929,18800
190920802,18799
190928398,18801
190936258,18795
190943901,18799
190950790,18805
190958653,18814
190966228,18818
190974032,18814
190981673,18821
190988533,18813
190995417,18820
191003319,18813
191010914,18824
191018712,18818
191026264,18825
191034058,18824
191041662,18824
191049489,18823
191057142,18818
191064952,18822
191071795,18821
191079399,18844
191087242,18837
191101688,18843
191109964,18839
191116887,18834
191124738,18842
191132275,18843
191140163,18848
191147788,18843
191155668,18846
191163225,18849
191171051,18846
191178661,18849
191185519,18850
191200214,18823
191207811,18815
191215682,18818
191223247,18807
191229351,18813
191236212,18808
191243822,18803
191251664,18806
191259270,18805
191267114,18802
191274750,18807
191282674,18806
191290233,18805
191298049,18802
191304872,18804
191319946,18780
191327868,18783
191335453,18779
191343310,18775
191350919,18783
191358759,18778
191366331,18780
191374211,18771
191381812,18781
191389707,18776
191397302,18779
191405129,18775
191412808,18775
191419662,18770
191427460,18776
191435093,18767
191442934,18763
191450505,18763
191458340,18764
191465982,18768
191473813,18759
191481430,18766
191489245,18765
191496835,18765
191504691,18763
191512257,18768
191520088,18765
191528342,18759
191536237,18761
191543841,18758
191558578,18756
191566215,18768
191574075,18764
191581717,18759
191588558,18760
191596384,18760
191604032,18773
191611917,18766
191619506,18766
191627344,18765
191635001,18759
191642856,18761
191650473,18762
191658353,18764
191665995,18769
191673904,18777
191681525,18780
191689373,18781
191696989,18773
191704818,18779
191712387,18781
191719236,18776
191727036,18779
191734675,18777
191743109,18775
191750726,18785
191758551,18782
191766173,18782
191774014,18777
191780899,18781
191788547,18779
191796396,18790
191804033,18783
191811851,18782
191819434,18789
191826285,18790
191834118,18787
191841776,18791
191849658,18794
191857226,18798
191865088,18793
191872723,18796
191880582,18797
191888176,18795
191895986,18792
191903623,18798
191918356,18744
191925981,18743
191933850,18731
191941516,18736
191949962,18727
191956780,18733
191964356,18731
191972190,18720
191979785,18720
191987705,18719
191995328,18715
192003197,18716
192010852,18717
192018742,18718
192026336,18712
192034144,18678
192041757,18677
192049658,18677
192057253,18677
192064153,18673
192072043,18675
192077917,18675
192085795,18674
192093385,18668
192101236,18670
192108796,18671
192116707,18673
192124293,18671
192132181,18665
192139779,18666
192147679,18664
192155280,18649
192163775,18650
192171359,18655
192179170,18652
192186760,18659
192193638,18656
192201498,18653
192209212,18649
192216979,18652
192224598,18651
192232434,18645
192240104,18649
192248000,18645
192255611,18647
192262461,18645
192270338,18649
192277981,18653
192285794,18656
192293371,18651
192301172,18652
192308786,18658
192315648,18661
192323500,18661
192331146,18663
192345641,18656
192353277,18656
192361197,18660
192368841,18661
192377367,18664
192385086,18671
192392966,18682
192400589,18678
192408487,18678
192416194,18680
192422967,18680
192429849,18685
192436740,18687
192444578,18682
192452179,18682
192460028,18679
192467683,18679
192475517,18686
192483174,18687
192490980,18688
192498593,18681
192506440,18676
192521032,18692
192528852,18695
192536487,18697
192544341,18700
192551996,18701
192559833,18692
192567416,18697
192575251,18700
192582849,18705
192591309,18703
192598945,18702
192606788,18702
192614395,18703
192622273,18707
192636750,18627
192644610,18625
192652200,18619
192660000,18623
192667617,18624
192674448,18616
192682356,18616
192690008,18616
192697799,18609
192705383,18603
192713236,18607
192720842,18607
192728701,18601
192736286,18606
192744166,18595
192751787,18576
192759673,18568
192767293,18574
192775119,18570
192781988,18574
192789628,18572
192798064,18569
192805737,18573
192813613,18570
192821200,18569
192829028,18569
192836621,18565
192844480,18567
192852113,18573
192858961,18568
192866789,18571
192874413,18566
192882264,18562
192889856,18562
192897692,18562
192905247,18575
192912142,18569
192919976,18560
192927593,18565
192935422,18567
192943104,18566
192950942,18571
192958575,18566
192966428,18566
192974018,18563
192981854,18563
192996305,18580
193004160,18585
193012316,18583
193019172,18579
193027050,18584
193033905,18590
193041493,18583
193049381,18586
193057033,18590
193064876,18589
193072497,18587
193080366,18596
193087933,18588
193095800,18594
193103396,18593
193118064,18611
193125694,18615
193133525,18611
193140401,18622
193148083,18616
193155843,18617
193163445,18619
193171310,18617
193178931,18619
193186780,18618
193194426,18617
193202284,18613
193209890,18621
193218378,18621
193232872,18634
193240748,18641
193248392,18640
193255292,18643
193263153,18642
193270806,18643
193278694,18645
193286309,18645
193294129,18645
193301755,18642
193309606,18649
193317223,18650
193325027,18650
193332654,18655
193340509,18653
193348183,18607
193355982,18604
193363576,18602
193371417,18594
193379038,18594
193386833,18593
193394440,18587
193401291,18580
193409150,18582
193416820,18584
193424677,18581
193432998,18574
193440842,18569
193448404,18578
193456227,18568
193463131,18569
193470762,18554
193478645,18563
193486237,18553
193493051,18552
193500875,18557
193508485,18555
193516317,18554
193523926,18552
193531785,18555
193539417,18555
193547260,18550
193554881,18553
193562773,18546
193570383,18555
193578274,18553
193592727,18564
193600329,18565
193607214,18563
193615080,18559
193622734,18558
193630601,18554
193636523,18560
193644985,18565
193652654,18561
193660511,18561
193668148,18561
193676023,18558
193683682,18560
193691523,18562
193698402,18563
193712904,18578
193720773,18574
193727633,18580
193735257,18578
193743145,18582
193750779,18581
193756997,18585
193764808,18584
193772397,18582
193780251,18584
193787865,18593
193795781,18586
193803336,18592
193811142,18591
193818061,18589
193832595,18618
193840408,18621
193848018,18625
193856519,18620
193864148,18619
193871967,18621
193879604,18626
193887441,18627
193895033,18626
193902863,18632
193910460,18624
193918306,18634
193925910,18630
193933809,18628
193948248,18655
193956056,18659
193963682,18657
193971518,18656
193979155,18658
193986924,18656
193994508,18658
194002339,18661
194010018,18662
194017863,18662
194025455,18662
194033275,18660
194040863,18666
194048730,18666
194056371,18640
194064845,18697
194072455,18700
194080358,18703
194087223,18706
194094840,18696
194102720,18706
194110357,18706
194118216,18706
194125857,18700
194133716,18700
194141310,18700
194149169,18697
194156792,18697
194164674,18683
194172262,18686
194179475,18683
194187156,18627
194194994,18633
194201864,18629
194209516,18630
194217385,18624
194225035,18630
194232913,18628
194239848,18624
194247711,18631
194255245,18622
194263078,18627
194270707,18630
194279115,18629
194286726,18629
194294503,18622
194309047,18634
194316910,18633
194324492,18638
194332370,18640
194339955,18638
194347835,18635
194354659,18637
194361499,18638
194369139,18635
194377050,18641
194384660,18639
194392489,18644
194400138,18636
194407998,18637
194415625,18636
194430297,18651
194437862,18648
194445716,18646
194453341,18650
194461167,18650
194468806,18654
194475717,18648
194484163,18650
194491787,18648
194499657,18653
194507218,18653
194515080,18648
194522724,18656
194530577,18658
194545094,18683
194552842,18687
194560441,18681
194568316,18685
194575951,18681
194583801,18649
194590647,18682
194598260,18692
194606057,18691
194613727,18685
194621503,18689
194629127,18688
194636912,18696
194644524,18694
194652389,18697
194660047,18724
194667885,18723
194675504,18724
194683397,18726
194691535,18716
194699426,18723
194707026,18721
194714884,18729
194721784,18717
194729357,18728
194737220,18727
194744872,18735
194752766,18730
194760337,18728
194768173,18730
194775795,18732
194782644,18758
194790517,18760
194798151,18765
194804984,18762
194812881,18760
194820443,18770
194834907,18764
194842559,18768
194850442,18770
194858093,18774
194865894,18775
194873533,18773
194881417,18774
194889038,18781
194903766,18756
194912047,18753
194918910,18762
194926785,18754
194934362,18753
194942230,18746
194949140,18748
194956772,18748
194964637,18749
194972233,18743
194980005,18747
194987609,18744
194995448,18743
195003105,18742
195010886,18739
195017756,18748
195025363,18742
195033183,18742
195040817,18744
195048649,18741
195056235,18737
195064054,18748
195071673,18748
195079530,18744
195087156,18742
195094976,18743
195102596,18744
195110434,18748
195118641,18741
195126594,18744
195133503,18742
195141136,18750
195148993,18751
195156575,18752
195164406,18754
195172044,18756
195179929,18749
195186783,18757
195194380,18750
195202250,18755
195209846,18755
195217725,18752
195225309,18757
195233135,18753
195240759,18746
195248615,18759
195256237,18758
195264117,18777
195271724,18770
195278627,18772
195286463,18777
195294113,18778
195301965,18776
195309539,18778
195317386,18781
195325050,18782
195333581,18785
195341206,18781
195349115,18781
195356716,18784
195364593,18787
195371483,18792
195379118,18812
195387004,18812
195394643,18812
195402490,18806
195410148,18812
195417945,18813
195425563,18815
195433388,18812
195440969,18816
195447905,18814
195455808,18819
195463397,18818
195471246,18818
195478949,18831
195486808,18824
195494381,18823
195502192,18851
195509798,18852
195516651,18846
195524463,18848
195532103,18849
195540640,18849
195547532,18854
195555159,18853
195562975,18852
195569859,18855
195577524,18854
195585422,18860
195593060,18859
195600925,18859
195608545,18855
195616438,18864
195624045,18886
195631860,18880
195639433,18886
195647284,18884
195654870,18887
195662756,18875
195670346,18880
195678156,18873
195685006,18873
195692622,18869
195700440,18863
195708078,18854
195715957,18855
195723646,18854
195731542,18847
195746119,18829
195754676,18834
195762253,18841
195770055,18835
195777698,18842
195785530,18837
195793206,18842
195800998,18841
195808644,18838
195816464,18837
195824082,18832
195831911,18838
195839529,18832
195847393,18838
195854252,18839
195861931,18845
195869807,18844
195876689,18846
195884301,18846
195892114,18840
195899714,18844
195907538,18849
195915193,18848
195923008,18844
195930594,18851
195938434,18844
195946087,18849
195953883,18843
195962167,18843
195969954,18842
195984422,18839
195992323,18843
195999939,18841
196007846,18842
196015487,18847
196023325,18845
196030177,18847
196037870,18842
196045724,18843
196053340,18852
196061186,18846
196068859,18848
196083354,18850
196090313,18846
196098176,18862
196105792,18867
196112728,18865
196120600,18867
196128266,18868
196136079,18868
196143730,18865
196151620,18860
196159234,18871
196166074,18866
196173927,18875
196182224,18866
196190088,18872
196197718,18871
196205610,18874
196220138,18888
196227970,18886
196235585,18890
196243430,18893
196251057,18885
196258943,18887
196265838,18892
196273423,18892
196281263,18893
196288160,18894
196295763,18892
196303622,18889
196311234,18888
196319054,18893
196326669,18893
196341374,18911
196349014,18915
196356848,18909
196364401,18907
196372236,18917
196379869,18908
196387683,18903
196395323,18911
196403170,18908
196410778,18894
196418675,18902
196426317,18900
196434129,18895
196441730,18896
196456461,18841
196464098,18841
196470926,18843
196478767,18838
196486357,18841
196494187,18841
196501801,18839
196509651,18836
196517267,18835
196525084,18842
196532712,18837
196540600,18844
196548257,18843
196556066,18828
196563669,18832
196571472,18830
196579121,18833
196586918,18833
196595068,18833
196602893,18833
196610500,18834
196618357,18830
196625207,18832
196632872,18825
196640741,18831
196648291,18825
196656090,18829
196663725,18825
196671611,18830
196679243,18828
196687074,18831
196693907,18806
196701483,18812
196709321,18809
196716923,18811
196724832,18810
196732433,18805
196740287,18812
196747930,18806
196755813,18807
196763390,18811
196771205,18812
196778831,18808
196786747,18809
196794328,18804
196802165,18812
196809647,18809
196817266,18814
196825108,18818
196831944,18816
196839557,18818
196847454,18817
196855095,18812
196862000,18818
196869884,18819
196877520,18826
196885372,18822
196892249,18817
196899845,18817
196907664,18820
196915248,18824
196923076,18824
196929940,18828
196937571,18833
196945432,18832
196953105,18837
196960909,18834
196968526,18833
196976386,18830
196983248,18833
196990844,18832
196998763,18833
197006343,18835
197014173,18835
197022360,18836
197030199,18835
197037800,18843
197045663,18840
197053252,18832
197061103,18842
197068753,18830
197076652,18826
197084242,18825
197092032,18820
197098879,18815
197106472,18816
197114309,18810
197121891,18805
197129777,18805
197137383,18801
197145225,18804
197152885,18796
197160762,18790
197167700,18785
197175272,18786
197183061,18735
197190695,18733
197198509,18740
197206177,18736
197213972,18731
197221558,18733
197229917,18728
197237510,18729
197245325,18731
197252241,18722
197259891,18731
197267748,18726
197275323,18725
197283164,18725
197290772,18727
197298628,18706
197306255,18709
197314135,18710
197328356,18710
197335288,18707
197343185,18712
197350853,18710
197358754,18704
197366330,18704
197374167,18708
197381788,18700
197389701,18700
197397339,18704
197404194,18700
197418934,18679
197425791,18683
197433329,18689
197441205,18683
197449373,18679
197457245,18684
197464864,18679
197472727,18686
197480323,18684
197488192,18683
197495829,18689
197503672,18690
197511311,18695
197519160,18686
197526808,18692
197534680,18702
197542266,18699
197550140,18701
197557753,18700
197565580,18698
197572472,18707
197580114,18702
197587917,18697
197595509,18701
197603343,18705
197610966,18704
197618890,18702
197626533,18704
197634380,18710
197641975,18705
197649881,18705
197658193,18716
197665063,18723
197672902,18718
197680521,18719
197688373,18715
197695957,18715
197703835,18718
197711423,18718
197719259,18725
197726878,18718
197733709,18723
197741534,18722
197749209,18725
197757022,18719
197763842,18719
197778221,18669
197786036,18673
197793703,18671
197801569,18667
197809234,18669
197817110,18664
197824724,18657
197832522,18657
197840152,18654
197848015,18645
197854836,18644
197862987,18645
197870889,18641
197878544,18634
197885444,18636
197893308,18588
197900917,18590
197908773,18590
197916331,18591
197924123,18585
197931760,18586
197939638,18588
197947271,18589
197955100,18583
197962739,18580
197970517,18587
197978159,18582
197985948,18586
197993548,18584
198000436,18582
198015133,18571
198022777,18566
198030628,18572
198038266,18573
198046091,18564
198053712,18569
198061555,18571
198069183,18571
198077737,18571
198085345,18571
198093194,18566
198100786,18564
198108685,18569
198116282,18573
198124142,18564
198131763,18573
198139658,18573
198146511,18570
198154201,18569
198162074,18560
198169667,18571
198176510,18570
198184338,18568
198191962,18573
198199850,18571
198207434,18577
198215281,18574
198222899,18575
198230739,18575
198237589,18572
198245195,18579
198253020,18602
198260656,18597
198268514,18597
198276162,18597
198284642,18601
198292285,18599
198300105,18602
198307736,18597
198315563,18599
198323230,18600
198331093,18602
198337960,18602
198345609,18602
198352475,18603
198360294,18609
198367966,18607
198375852,18622
198383399,18621
198391252,18615
198398845,18623
198406748,18628
198414331,18621
198422151,18627
198429767,18628
198437644,18617
198445278,18621
198453133,18627
198460735,18624
198468632,18629
198476278,18629
198484123,18632
198499431,18583
198506346,18574
198513990,18579
198521880,18573
198529499,18573
198536373,18564
198544230,18558
198551853,18564
198566364,18554
198574219,18556
198581928,18555
198588811,18545
198596683,18539
198604311,18537
198612162,18503
198619028,18508
198626670,18515
198634491,18507
198642110,18509
198649943,18517
198657547,18511
198665439,18508
198673033,18517
198680893,18509
198688504,18512
198696367,18510
198703952,18504
198712443,18507
198720095,18509
198727946,18508
198734826,18500
198742459,18507
198750299,18508
198757879,18511
198765756,18500
198772607,18510
198780231,18510
198787987,18502
198795587,18512
198803432,18507
198811113,18510
198818940,18509
198826500,18507
198834363,18509
198841998,18512
198849890,18520
198857504,18520
198865385,18517
198872995,18523
198880918,18516
198888505,18521
198896337,18522
198903949,18518
198911815,18531
198920126,18531
198927930,18525
198935567,18522
198942397,18522
198949262,18527
198957092,18530
198964685,18532
198972528,18554
198980161,18560
198988011,18558
198995592,18557
199003484,18563
199011114,18553
199018938,18566
199026530,18564
199034376,18566
199042023,18565
199049875,18569
199057465,18571
199065333,18570
199072950,18577
199080839,18573
199094496,18590
199102110,18599
199109886,18600
199117478,18598
199125360,18598
199132798,18602
199140428,18599
199148322,18603
199155988,18600
199163843,18604
199171389,18597
199179215,18598
199186838,18599
199194704,18606
199202309,18604
199210149,18621
199217778,18624
199225610,18622
199233246,18611
199241048,18616
199248627,18609
199256510,18611
199264114,18602
199271943,18601
199279611,18593
199287475,18590
199295113,18585
199302912,18590
199309781,18584
199317372,18579
199325205,18574
199332834,18533
199341327,18534
199348960,18533
199356842,18535
199364438,18531
199371312,18539
199379149,18535
199386789,18532
199394634,18532
199402290,18531
199410103,18528
199417761,18530
199425591,18529
199433250,18531
199441054,18536
199448645,18539
199455538,18542
199463395,18537
199470976,18541
199478885,18539
199486512,18541
199494359,18535
199501935,18539
199509779,18545
199517355,18540
199525213,18545
199532858,18536
199540803,18546
199548345,18544
199556200,18539
199563776,18543
199570638,18554
199578462,18557
199586097,18546
199593929,18557
199601537,18555
199609442,18562
199617126,18552
199624950,18554
199632537,18558
199640380,18567
199648001,18562
199655881,18560
199663528,18562
199671428,18570
199679105,18565
199686932,18597
199694496,18596
199702313,18595
199709918,18599
199717810,18597
199725440,18603
199732306,18607
199740167,18604
199747765,18605
199756169,18609
199763786,18604
199771606,18605
199779280,18611
199786139,18615
199793980,18612
199801578,18612
199816057,18637
199823773,18644
199831608,18640
199839201,18646
199846032,18648
199853906,18647
199861500,18649
199869336,18648
199876989,18650
199884910,18654
199892516,18649
199900389,18650
199907257,18645
199914865,18649
199928659,18690
199936514,18693
199944180,18689
199951980,18687
199959594,18687
199966439,18689
199974857,18687
199982473,18699
199990375,18700
199997980,18691
200005860,18697
200013477,18688
200021307,18698
200028239,18699
200035873,18700
200050672,18659
200058288,18657
200066135,18652
200073734,18655
200081564,18649
200089225,18651
200097029,18651
200104623,18659
200112486,18649
200120137,18650
200127989,18654
200135597,18651
200143461,18649
200151111,18647
200165858,18643
200173461,18653
200181336,18642
200189479,18648
200197318,18651
200204218,18647
200211838,18647
200219701,18650
200227298,18658
200235120,18647
200242706,18647
200250544,18657
200258203,18650
200266062,18657
200273720,18656
200281624,18661
200288504,18660
200296118,18662
200303922,18666
200311473,18657
200319321,18666
200326923,18660
200334791,18663
200342354,18660
200350199,18664
200357826,18660
200365676,18664
200373284,18662
200381054,18665
200387889,18666
200396160,18663
200403956,18687
200411561,18688
200419409,18689
200427046,18691
200434907,18691
200442501,18696
200450301,18692
200457920,18692
200465784,18700
200473354,18694
200481194,18693
200488785,18691
200496589,18700
200504221,18702
200511041,18701
200525785,18729
200533365,18733
200541188,18725
200548824,18728
200556678,18731
200564297,18730
200572138,18731
200579776,18734
200587628,18732
200595268,18737
200603697,18736
200611355,18732
200619215,18735
200626047,18737
200632904,18736
200640492,18769
200647379,18761
200655219,18764
200662830,18772
200670703,18772
200678329,18770
200686150,18766
200693780,18769
200701600,18767
200709192,18767
200717080,18779
200724705,18784
200732641,18782
200740312,18777
200747167,18777
200754987,18783
200762597,18752
200770456,18749
200778015,18749
200785888,18756
200793477,18749
200801365,18751
200808240,18745
200816467,18748
200824301,18749
200831928,18744
200839826,18745
200847438,18744
200855309,18741
200862235,18746
200869857,18744
200877751,18742
200885349,18737
200893156,18736
200900768,18741
200908582,18743
200916202,18746
200924000,18741
200931605,18744
200939463,18741
200947080,18739
200954926,18740
200962487,18738
200970357,18742
200977995,18739
200985894,18746
200992785,18743
201000345,18742
201008172,18741
201015817,18740
201024236,18747
201031872,18749
201039757,18745
201046611,18749
201060885,18747
201068834,18746
201076433,18749
201084320,18750
201091941,18746
201098822,18746
201106695,18749
201114327,18748
201128437,18769
201136029,18769
201143916,18773
201151528,18765
201159391,18774
201166985,18769
201174825,18768
201182382,18774
201190251,18774
201197881,18773
201205725,18770
201213324,18771
201221132,18774
201228750,18778
201236579,18776
201244857,18798
201252727,18805
201260377,18804
201268186,18794
201275791,18800
201282690,18802
201290548,18800
201298164,18802
201305974,18804
201313582,18799
201321436,18800
201329058,18799
201336922,18803
201344537,18801
201352404,18807
201359241,18823
201366870,18821
201374713,18825
201382313,18817
201390114,18828
201397754,18832
201405594,18825
201413256,18824
201421068,18828
201428689,18832
201436479,18830
201444146,18835
201452718,18834
201459582,18829
201467238,18830
201474122,18830
201481959,18810
201489543,18811
201497336,18810
201504939,18807
201512822,18813
201520449,18810
201528286,18808
201535938,18802
201543819,18800
201551386,18800
201559248,18798
201566861,18799
201574740,18798
201582372,18798
201590158,18799
201597052,18795
201604718,18783
201612611,18781
201620254,18779
201628066,18779
201635673,18778
201642568,18780
201650419,18777
201658607,18777
201666495,18775
201674140,18771
201682069,18775
201689705,18770
201697541,18771
201705151,18780
201712993,18778
201727487,18764
201735343,18765
201742964,18762
201750881,18764
201758414,18767
201766246,18762
201773881,18767
201781713,18765
201789348,18765
201797168,18764
201804834,18765
201812700,18760
201819614,18765
201827272,18762
201835050,18761
201842648,18774
201850547,18764
201858209,18770
201865985,18770
201874236,18769
201881126,18767
201888971,18772
201896572,18763
201904377,18773
201911966,18769
201919830,18775
201927423,18769
201935300,18767
201942936,18772
201950830,18770
201964533,18779
201972353,18784
201979972,18791
201987853,18784
201995387,18782
202002262,18789
202010064,18787
202017644,18795
202025464,18788
202033026,18794
202040890,18788
202048513,18785
202056389,18788
202064031,18786
202071927,18790
202080225,18804
202088022,18801
202095599,18806
202103442,18804
202111059,18809
202117967,18808
202125867,18804
202133431,18817
202141281,18803
202148892,18809
202156750,18806
202164387,18820
202172214,18821
202179065,18815
202186736,18814
202194564,18813
202202201,18799
202209997,18802
202217614,18796
202225436,18793
202233024,18787
202240871,18790
202248498,18789
202256375,18781
202264003,18784
202271891,18782
202279538,18778
202287925,18773
202302170,18769
202310056,18770
202323871,18725
202331777,18724
202339409,18726
202347272,18715
202354170,18725
202361778,18722
202369623,18719
202377262,18722
202385084,18721
202392726,18721
202400523,18722
202408201,18726
202415079,18714
202422942,18717
202430506,18722
202438326,18708
202445949,18696
202453844,18702
202461436,18700
202469291,18698
202476971,18694
202484913,18699
202492528,18693
202500330,18692
202508505,18693
202516335,18697
202523969,18699
202531886,18698
202539522,18692
202547382,18692
202561150,18689
202569008,18697
202576620,18689
202584477,18691
202592066,18701
202599932,18698
202607537,18696
202615421,18691
202623067,18691
202630931,18699
202638521,18695
202646373,18703
202654006,18699
202661905,18699
202669487,18698
202677326,18718
202684961,18715
202692832,18710
202700405,18713
202708212,18721
202715684,18719
202723327,18715
202731163,18717
202738768,18722
202746626,18720
202754253,18718
202762060,18718
202769745,18721
202776603,18716
202784488,18720
202792149,18725
202800004,18735
202807624,18731
202815515,18739
202823129,18737
202830007,18741
202837891,18735
202845475,18744
202853336,18742
202860965,18740
202868854,18738
202876441,18742
202884312,18741
202891921,18746
202899824,18738
202907390,18745
202914191,18742
202922658,18755
202929522,18761
202937164,18760
202944978,18756
202951863,18764
202959404,18766
202967170,18764
202974774,18766
202982642,18765
202990301,18761
202998097,18759
203005734,18759
203013591,18768
203021241,18761
203029011,18764
203043386,18682
203050287,18678
203058112,18680
203065765,18676
203073597,18677
203081265,18674
203089106,18675
203096741,18670
203104601,18672
203112252,18667
203120098,18669
203127767,18663
203136271,18665
203143921,18664
203151802,18663
203159337,18644
203166221,18644
203174087,18641
203181721,18641
203188663,18642
203196524,18637
203204198,18646
203212069,18644
203219709,18640
203227493,18640
203235116,18643
203242967,18638
203250551,18643
203258381,18644
203266019,18644
203273917,18642
203281569,18636
203289460,18632
203297060,18629
203304934,18630
203312499,18629
203320342,18635
203328000,18632
203335877,18630
203344175,18635
203351988,18633
203359570,18634
203367397,18633
203374260,18636
203381849,18635
203389705,18633
203404574,18646
203412265,18650
203420107,18649
203426952,18656
203434561,18656
203442401,18653
203450018,18646
203457924,18646
203465550,18656
203473426,18660
203481059,18652
203488916,18652
203495795,18654
203503351,18659
203511166,18655
203518832,18677
203526761,18674
203534381,18676
203548943,18677
203557250,18680
203565164,18676
203572779,18680
203580737,18680
203588412,18686
203596254,18681
203603884,18684
203611793,18682
203619424,18686
203627238,18687
203641764,18695
203648644,18702
203656491,18699
203663371,18700
203670999,18700
203678897,18699
203686456,18703
203694294,18704
203701887,18700
203709717,18711
203717336,18706
203725139,18703
203731959,18716
203739531,18711
203747372,18712
203754967,18731
203762828,18726
203770287,18726
203777917,18732
203785750,18725
203793367,18723
203801177,18717
203808796,18714
203816640,18717
203824281,18709
203832102,18708
203839680,18705
203846550,18698
203854447,18695
203862073,18695
203869933,18686
203877548,18628
203885429,18623
203893013,18627
203900867,18628
203908432,18628
203916290,18631
203923951,18629
203931824,18622
203939433,18626
203947300,18624
203954911,18626
203962751,18623
203970356,18623
203978853,18624
203986418,18623
203993300,18624
204001105,18626
204008717,18623
204016608,18630
204023492,18629
204031097,18628
204038948,18633
204046517,18625
204054379,18630
204061968,18627
204069837,18628
204077435,18621
204085326,18623
204092912,18623
204100741,18619
204108353,18631
204123006,18622
204130584,18623
204138437,18621
204146038,18627
204153903,18629
204161472,18629
204169314,18631
204176916,18630
204184773,18624
204193048,18624
204200956,18635
204207856,18628
204215497,18632
204223345,18633
204230958,18629
204238833,18656
204246408,18649
204254247,18656
204261868,18659
204269677,18660
204277313,18656
204285135,18661
204292700,18661
204300564,18664
204308232,18668
204316006,18665
204323628,18663
204331516,18664
204339113,18663
204346985,18668
204361382,18688
204369174,18694
204376795,18691
204383644,18692
204391509,18690
204399822,18698
204407670,18697
204415306,18695
204423183,18698
204430811,18699
204438618,18692
204445496,18700
204453098,18696
204460964,18698
204468584,18697
204476448,18726
204484044,18722
204491923,18720
204499470,18712
204507272,18720
204514898,18720
204522762,18721
204530376,18726
204538199,18726
204545820,18726
204553644,18728
204561297,18731
204569173,18731
204576797,18721
204584674,18727
204591556,18730
204599253,18658
204607833,18658
204614701,18654
204622376,18654
204630240,18654
204637869,18648
204645750,18651
204653364,18647
204661200,18650
204668859,18652
204676741,18654
204684393,18649
204692264,18641
204699883,18642
204706755,18648
204721442,18642
204729050,18646
204736940,18644
204743797,18647
204751398,18655
204759205,18649
204766813,18647
204774634,18649
204788885,18656
204796760,18648
204804441,18650
204812317,18648
204819948,18658
204828452,18657
204836057,18648
204843966,18651
204850860,18659
204858513,18654
204866421,18652
204874026,18655
204881965,18651
204889525,18657
204897340,18659
204904985,18657
204912879,18654
204919761,18656
204927413,18654
204935243,18657
204942085,18657
204956583,18678
204964422,18683
204971318,18676
204978957,18676
204986837,18683
204994380,18682
205002220,18682
205009851,18684
205017726,18684
205025379,18682
205033171,18686
205040638,18685
205048294,18683
205056133,18687
205063018,18685
205070705,18710
205078545,18707
205086191,18706
205094014,18712
205101565,18712
205109419,18714
205116999,18715
205124867,18716
205132510,18719
205140348,18711
205147976,18720
205155864,18721
205163460,18717
205171320,18711
205178196,18719
205185805,18719
205193644,18742
205201307,18744
205209140,18746
205216803,18745
205223652,18748
205231482,18751
205239071,18746
205247657,18746
205255311,18747
205263153,18750
205270790,18749
205277676,18751
205285544,18749
205293190,18749
205301056,18756
205315472,18702
205323332,18704
205330923,18692
205338829,18699
205346412,18700
205354240,18701
205361862,18697
205369680,18695
205377347,18688
205385111,18693
205392758,18686
205400601,18690
205408285,18682
205416062,18686
205423649,18685
205431519,18679
205439162,18682
205447007,18676
205455190,18677
205462131,18676
205469971,18677
205477554,18675
205485415,18674
205493038,18676
205500923,18672
205508480,18670
205516335,18674
205523944,18679
205531833,18674
205538647,18674
205546280,18670
205554071,18675
205561701,18675
205569557,18676
205577170,18673
205585023,18669
205592629,18674
205600539,18676
205608198,18674
205616042,18678
205623636,18683
205631472,18680
205638330,18674
205645961,18676
205653874,18677
205661522,18674
205676949,18691
205684567,18695
205692385,18690
205699287,18688
205706913,18689
205714781,18691
205722414,18693
205730222,18697
205737862,18704
205745661,18701
205753307,18692
205761136,18695
205768747,18702
205775608,18707
205783503,18700
205791130,18720
205798949,18722
205806571,18719
205814460,18720
205821325,18724
205828926,18729
205836820,18726
205844385,18730
205852242,18724
205859877,18727
205867773,18727
205876043,18733
205883959,18729
205891522,18729
205899353,18729
205906957,18733
205914850,18751
205922482,18735
205930345,18744
205937236,18750
205944122,18749
205951737,18751
205959543,18758
205967179,18755
205974997,18760
205982582,18754
205990468,18759
205998097,18758
206005988,18760
206013612,18760
206021432,18759
206035865,18716
206043494,18711
206051409,18719
206058321,18713
206065959,18709
206073868,18711
206081524,18713
206089389,18709
206097563,18706
206105395,18704
206112978,18708
206119870,18703
206127769,18697
206134692,18699
206142386,18697
206157286,18689
206164925,18690
206171815,18690
206178633,18689
206186438,18686
206194032,18688
206201895,18688
206209472,18686
206217315,18689
206224923,18679
206232680,18680
206240312,18677
206248180,18682
206255872,18684
206263823,18681
206271501,18693
206279445,18682
206287025,18682
206294971,18684
206303084,18685
206311009,18686
206318560,18686
206326432,18689
206334040,18687
206341947,18688
206349592,18681
206356467,18691
206364325,18688
206371179,18688
206378797,18687
206386622,18694
206394299,18706
206402121,18703
206409718,18704
206416584,18707
206424457,18714
206432066,18707
206439977,18714
206447631,18712
206455548,18712
206463209,18713
206471084,18713
206478746,18708
206486621,18711
206494252,18714
206502054,18716
206517189,18730
206525064,18734
206532670,18737
206540518,18734
206548113,18734
206555987,18734
206563552,18736
206571394,18739
206579051,18733
206586898,18739
206594481,18737
206602342,18736
206609220,18747
206616860,18749
206624698,18741
206632312,18762
206640143,18767
206647776,18767
206654605,18766
206662446,18769
206670081,18769
206677968,18771
206685529,18764
206693343,18769
206700977,18770
206708863,18775
206716471,18773
206724933,18776
206732563,18776
206740391,18774
206754917,18755
206762799,18757
206770421,18756
206777303,18755
206785083,18751
206792691,18752
206800555,18746
206808196,18742
206816077,18743
206823676,18740
206831476,18743
206838390,18740
206846047,18733
206853898,18738
206861436,18732
206876160,18715
206883774,18720
206891607,18720
206897492,18720
206905331,18719
206912950,18715
206920829,18722
206928454,18714
206936940,18716
206944586,18713
206952489,18712
206959340,18710
206966970,18708
206974863,18706
206982508,18713
206990374,18711
206998010,18712
207005878,18707
207012726,18704
207020387,18706
207028213,18710
207035840,18714
207043693,18710
207051320,18707
207059176,18705
207066802,18715
207074654,18716
207082323,18706
207090132,18710
207097704,18708
207105516,18705
207113102,18715
207120994,18715
207128601,18716
207136427,18715
207144633,18717
207152514,18720
207160105,18723
207167969,18722
207175577,18722
207183460,18718
207191107,18721
207197983,18719
207205874,18722
207212802,18722
207220407,18726
207235024,18737
207242646,18737
207250457,18737
207258063,18737
207265969,18744
207280400,18740
207288021,18743
207295935,18739
207303506,18746
207310370,18744
207318245,18744
207325892,18748
207333763,18747
207341396,18750
207349261,18762
207356905,18763
207365366,18762
207372208,18760
207379054,18765
207386659,18765
207394532,18767
207402149,18769
207409985,18766
207417581,18765
207425412,18763
207433059,18764
207440927,18771
207448461,18765
207456286,18766
207470771,18789
207478619,18790
207486224,18787
207494029,18782
207501658,18785
207509524,18780
207517175,18785
207525087,18777
207532743,18769
207540691,18768
207548341,18765
207556178,18770
207563713,18758
207572087,18757
207579689,18756
207587564,18719
207595149,18721
207603031,18722
207609902,18716
207617500,18720
207625324,18723
207632975,18725
207640822,18715
207648422,18719
207656269,18714
207663913,18708
207670805,18715
207678690,18713
207685648,18716
207693305,18710
207701204,18715
207708884,18710
207716833,18717
207724460,18711
207732299,18710
207739935,18705
207747792,18702
207755430,18710
207763254,18711
207770831,18705
207778671,18706
207786912,18705
207794719,18705
207801575,18712
207809226,18709
207817063,18713
207831617,18706
207839445,18703
207847086,18707
207854981,18700
207862591,18710
207870439,18707
207878041,18707
207885927,18703
207893524,18707
207901347,18711
207908972,18714
207916816,18716
207924416,18713
207932239,18715
207939868,18710
207947693,18731
207955335,18732
207963176,18734
207970002,18730
207977603,18731
207985447,18731
207993722,18732
208001569,18732
208009216,18737
208017071,18737
208024657,18729
208031535,18735
208039355,18735
208046974,18733
208054852,18736
208062462,18747
208070303,18757
208077954,18759
208085800,18753
208093405,18760
208101205,18758
208108017,18757
208115613,18759
208123468,18763
208131115,18755
208139013,18761
208146609,18756
208154498,18761
208161371,18766
208168973,18768
208176838,18764
208191326,18790
208199220,18782
208207453,18792
208215321,18790
208222958,18790
208230871,18786
208238494,18788
208246342,18792
208253994,18785
208261897,18786
208269515,18791
208277390,18784
208285023,18788
208292890,18786
208300451,18775
208307823,18719
208315423,18718
208323241,18720
208330068,18725
208337696,18724
208345565,18720
208353230,18721
208361092,18715
208368688,18714
208376564,18720
208384140,18715
208392022,18716
208399637,18716
208407496,18710
208415704,18713
208430370,18709
208438011,18713
208445888,18717
208453461,18713
208461308,18721
208468957,18713
208476860,18713
208484508,18716
208492350,18717
208499960,18714
208507864,18714
208514738,18709
208529030,18716
208536956,18718
208544541,18707
208552418,18706
208560057,18707
208566945,18711
208574814,18708
208582459,18709
208589341,18714
208597222,18711
208604850,18717
208612708,18714
208620338,18716
208627848,18714
208635737,18711
208643366,18715
208651188,18718
208658833,18714
208666670,18730
208674352,18736
208682156,18730
208689762,18731
208697585,18731
208705168,18734
208713058,18732
208720648,18738
208728556,18740
208736220,18736
208744151,18735
208751848,18738
208758717,18740
208766556,18739
208774166,18734
208788933,18760
208796516,18761
208804340,18764
208811939,18762
208819797,18762
208827475,18760
208835273,18751
208843515,18761
208851312,18767
208858932,18761
208865831,18766
208873698,18764
208881366,18762
208889210,18762
208896832,18772
208904646,18783
208912345,18782
208920138,18784
208927060,18786
208934668,18791
208942556,18787
208950144,18790
208958021,18793
208965606,18782
208973489,18790
208981131,18788
208988993,18785
208996613,18789
209004434,18777
209012063,18781
209026886,18718
209034454,18720
209042305,18714
209050501,18717
209058446,18721
209066153,18712
209073093,18717
209081001,18719
209088593,18711
209096407,18709
209103990,18716
209111892,18711
209118720,18712
209126353,18716
209134145,18718
209141777,18707
209149664,18709
209157330,18709
209165135,18706
209172753,18716
209180616,18714
209188246,18716
209195156,18709
209202998,18711
209210633,18713
209218591,18715
209226252,18710
209234163,18712
209241805,18710
209249678,18711
209257970,18715
209265910,18702
209273523,18694
209281362,18700
209288234,18702
209295849,18703
209303715,18703
209310586,18707
209318239,18707
209326114,18708
209333662,18704
209341481,18705
209348344,18702
209355997,18709
209363829,18701
209371421,18710
209379223,18711
209386849,18726
209394678,18724
209402353,18727
209410146,18726
209417738,18720
209425677,18722
209433337,18722
209441258,18733
209448959,18727
209456900,18732
209464505,18727
209473048,18732
209479920,18728
209487564,18727
209495399,18730
209509879,18747
209517776,18752
209525425,18751
209533287,18750
209540965,18757
209548846,18754
209556454,18759
209564275,18753
209571880,18757
209579733,18753
209586641,18760
209594346,18757
209602215,18757
209609916,18754
209617843,18754
209625480,18773
209633339,18772
209640927,18781
209648747,18782
209656382,18777
209664256,18781
209671875,18774
209680368,18773
209687996,18780
209695818,18778
209703448,18778
209711220,18771
209718075,18771
209725635,18765
209733505,18763
209748015,18694
209755921,18690
209770404,18693
209778013,18689
209785936,18689
209792858,18694
209800468,18692
209808340,18688
209815997,18687
209822921,18692
209830783,18683
209838413,18676
209846233,18680
209853914,18684
209861872,18675
209869546,18673
209877428,18672
209884318,18672
209891945,18670
209900474,18675
209908067,18676
209915915,18674
209923475,18669
209931305,18678
209938927,18666
209946814,18675
209953683,18675
209961349,18674
209969129,18667
209983575,18658
209991372,18665
209999003,18662
210006858,18664
210014449,18662
210022248,18660
210029870,18666
210037678,18665
210045293,18661
210053068,18662
210060654,18667
210068532,18659
210076136,18663
210084016,18661
210091596,18670
210099411,18682
210107559,18674
210115411,18678
210122283,18683
210129942,18680
210137798,18684
210145432,18677
210153344,18679
210160946,18683
210168746,18688
210176382,18685
210183226,18687
210190117,18681
210198004,18682
210205639,18683
210213537,18686
210221175,18705
210229035,18707
210236600,18705
210244459,18706
210252099,18709
210260004,18705
210267660,18705
210275614,18704
210283305,18708
210291192,18702
210298783,18707
210306698,18708
210314976,18709
210322917,18715
210330551,18714
210345328,18726
210352945,18726
210359794,18726
210367653,18725
210375282,18721
210383071,18727
210390652,18719
210398542,18719
210406144,18713
210414035,18708
210421683,18716
210428528,18704
210436390,18702
210443992,18698
210451890,18702
210459457,18635
210467280,18639
210474954,18637
210482882,18637
210490581,18632
210498463,18635
210506056,18634
210513923,18631
210520788,18632
210529047,18634
210536937,18640
210544532,18638
210552408,18635
210560035,18631
210567918,18635
210575488,18632
210583279,18624
210590965,18624
210598834,18628
210606434,18622
210614288,18629
210621896,18626
210629669,18621
210637255,18627
210645116,18625
210652736,18618
210660609,18622
210667522,18618
210675163,18618
210683038,18624
210690623,18622
210698477,18617
210706076,18612
210713950,18611
210720839,18621
210728441,18620
210736871,18624
210744509,18624
210752357,18624
210759983,18624
210767863,18622
210775457,18622
210783237,18627
210790877,18620
210798769,18621
210806413,18625
210821101,18643
210828691,18647
210836532,18645
210844165,18644
210852042,18647
210859637,18647
210867500,18646
210875116,18652
210883030,18650
210890614,18646
210898423,18649
210905238,18651
210912860,18645
210920740,18652
210928438,18634
210936355,18672
210944667,18663
210952571,18669
210959415,18667
210967037,18668
210974917,18672
210982477,18672
210990336,18672
210997947,18674
211005845,18676
211018706,18672
211026615,18678
211034262,18675
211042089,18672
211049720,18675
211057594,18695
211065201,18704
211073050,18700
211080676,18699
211088569,18700
211096204,18698
211104055,18695
211111658,18701
211119487,18694
211127129,18696
211134986,18688
211142623,18685
211150492,18685
211158090,18686
211166534,18680
211180985,18621
211188839,18618
211195714,18611
211203379,18611
211211216,18612
211218886,18614
211226716,18612
211234373,18608
211242155,18611
211249775,18610
211256634,18608
211264509,18615
211272117,18608
211280046,18612
211287653,18610
211295451,18597
211303046,18600
211310905,18599
211318529,18600
211326387,18599
211333991,18599
211341846,18596
211349528,18602
211357386,18597
211364278,18603
211372498,18599
211380340,18599
211387998,18593
211395864,18595
211403451,18594
211418239,18601
211425839,18600
211433649,18602
211441286,18604
211449075,18601
211456667,18605
211464569,18605
211472167,18604
211480044,18608
211487600,18603
211494434,18605
211502272,18603
211509899,18611
211517737,18603
211525389,18607
211533250,18635
211540899,18630
211548767,18626
211555691,18632
211563290,18630
211571070,18630
211579261,18635
211587186,18638
211594862,18635
211602799,18635
211610452,18635
211617260,18640
211625108,18637
211632654,18640
211640485,18639
211648094,18638
211655970,18660
211663572,18661
211671425,18663
211679100,18655
211686991,18662
211694538,18662
211702328,18659
211709933,18662
211717771,18664
211725434,18663
211732292,18664
211740107,18668
211747709,18664
211755613,18666
211763249,18665
211771112,18668
211778669,18691
211786537,18693
211794103,18690
211801997,18694
211809576,18698
211817438,18695
211825027,18691
211832878,18698
211840462,18700
211848286,18698
211855215,18701
211862805,18702
211870696,18705
211878318,18698
211886121,18702
211893705,18662
211901522,18654
211909133,18654
211917038,18656
211924727,18658
211932647,18653
211940330,18654
211948134,18648
211955731,18650
211963571,18648
211970430,18649
211978050,18644
211985903,18648
211993495,18639
212002003,18644
212009587,18641
212017451,18632
212025049,18630
212032944,18632
212040559,18632
212048409,18634
212056018,18635
212063918,18632
212071526,18636
212079381,18632
212087014,18628
212093146,18635
212100811,18635
212108651,18638
212116305,18635
212124099,18636
212138585,18632
212146453,18634
212154093,18633
212161941,18634
212169527,18629
212177323,18638
212184983,18640
212192829,18635
212200520,18636
212209030,18639
212216648,18628
212224435,18630
212232023,18638
212239902,18638
212247519,18634
212261978,18660
212269648,18661
212277557,18658
212285205,18660
212293079,18657
212300707,18662
212308548,18660
212316106,18664
212323975,18665
212329241,18665
212337101,18668
212344714,18663
212352565,18665
212360168,18663
212375013,18686
212382575,18688
212390471,18690
212397307,18686
212404922,18689
212412813,18688
212420470,18690
212429068,18694
212436600,18692
212444421,18692
212450652,18694
212458307,18690
212466103,18695
212473689,18687
212481571,18696
212496024,18718
212503889,18721
212511527,18722
212519431,18720
212527089,18727
212534979,18725
212542529,18729
212550385,18727
212558011,18723
212565878,18728
212573480,18731
212581257,18729
212588880,18736
212596741,18733
212611270,18750
212619163,18752
212626775,18744
212634490,18741
212642135,18745
212649990,18740
212657576,18741
212665434,18737
212673088,18730
212680956,18725
212687874,18729
212695492,18726
212703309,18715
212710917,18717
212718778,18720
212726440,18695
212734356,18693
212742048,18691
212750004,18696
212757629,18694
212765420,18699
212773016,18697
212780874,18692
212788485,18692
212796310,18698
212803960,18699
212810830,18698
212818668,18701
212826290,18700
212834085,18698
212842212,18695
212850077,18702
212857682,18701
212865540,18698
212872392,18698
212880054,18699
212887951,18699
212895506,18693
212903359,18692
212910989,18695
212918807,18697
212925692,18696
212932645,18694
212940485,18698
212948150,18696
212956047,18697
212963594,18695
212971383,18704
212978991,18700
212986866,18708
212993775,18706
213001438,18705
213009332,18701
213017057,18708
213025011,18706
213032640,18706
213040479,18707
213048079,18711
213056586,18703
213064205,18711
213072066,18712
213079656,18713
213094437,18732
213102028,18734
213108877,18739
213116739,18736
213124397,18739
213132269,18740
213139912,18735
213147788,18736
213155413,18739
213163259,18739
213170908,18744
213178756,18734
213186373,18739
213194223,18736
213201911,18739
213209847,18763
213217539,18763
213225369,18768
213232976,18760
213240771,18765
213248375,18764
213256169,18768
213264404,18768
213272264,18769
213279904,18768
213286036,18766
213293034,18764
213300897,18773
213308484,18774
213316332,18772
213323981,18775
213331853,18791
213339476,18791
213347311,18791
213354925,18791
213362749,18791
213370378,18795
213378177,18788
213385770,18783
213393620,18783
213401210,18782
213409094,18779
213416661,18775
213424472,18772
213432093,18770
213439974,18767
213454409,18738
213462247,18731
213469123,18735
213477400,18734
213485250,18735
213492843,18733
213507275,18733
213514939,18736
213521836,18734
213529722,18737
213537408,18729
213545346,18732
213552965,18730
213560842,18737
213568467,18734
213576304,18727
213583187,18733
213590791,18733
213598633,18733
213606234,18726
213614099,18732
213621714,18731
213629500,18731
213637088,18734
213644989,18728
213652560,18730
213660399,18730
213668028,18728
213675868,18729
213690993,18728
213698868,18732
213706486,18734
213714315,18727
213722005,18735
213729914,18731
213737542,18738
213745420,18733
213753089,18728
213760025,18730
213767889,18731
213774718,18732
213782376,18744
213790211,18740
213797806,18735
213805629,18754
213813306,18757
213821081,18748
213828676,18754
213836494,18754
213844118,18752
213851951,18758
213859514,18756
213867352,18754
213874955,18755
213882778,18756
213890440,18760
213898916,18759
213906522,18763
213914349,18758
213928831,18772
213936677,18779
213943542,18779
213951144,18773
213959030,18779
213966575,18775
213974392,18776
213981996,18779
213989863,18776
213996752,18781
214004422,18780
214012278,18778
214019931,18772
214027742,18778
214035413,18784
214043211,18795
214050803,18794
214058651,18800
214066250,18794
214074091,18797
214081661,18801
214089506,18800
214097074,18802
214104968,18793
214113300,18793
214121206,18787
214128107,18777
214135687,18777
214143540,18779
214151141,18776
214159044,18769
214166628,18722
214174455,18715
214182069,18724
214190004,18721
214197686,18724
214205616,18721
214213292,18720
214221208,18717
214228799,18725
214235715,18720
214243558,18722
214251184,18727
214259094,18720
214266695,18721
214274553,18721
214289068,18705
214296921,18708
214303770,18700
214311387,18708
214319814,18709
214327469,18709
214335319,18708
214342955,18705
214350870,18704
214358500,18701
214366324,18700
214373913,18702
214380778,18704
214388573,18700
214396187,18707
214404066,18701
214411686,18701
214419549,18705
214427119,18700
214435001,18697
214442591,18701
214450422,18705
214458051,18704
214465989,18700
214472928,18703
214480554,18701
214488453,18703
214496083,18694
214502928,18704
214510730,18697
214518366,18704
214526142,18719
214534412,18720
214542277,18719
214549923,18715
214557743,18721
214565378,18728
214573213,18729
214580860,18723
214588715,18721
214596343,18723
214603211,18727
214611079,18727
214617978,18721
214625553,18725
214633349,18718
214640972,18723
214648822,18738
214656454,18748
214664338,18749
214671965,18748
214679773,18746
214687420,18744
214695245,18741
214702836,18746
214710659,18752
214718250,18750
214726124,18755
214733743,18750
214742151,18751
214756438,18752
214764349,18765
214772034,18769
214779852,18773
214787508,18774
214795311,18767
214802940,18772
214810809,18773
214818466,18774
214826321,18772
214833954,18772
214840819,18770
214848629,18775
214855498,18772
214863147,18772
214871030,18771
214878560,18767
214886372,18692
214893986,18689
214901803,18683
214909419,18691
214917275,18684
214924874,18685
214932662,18687
214940299,18682
214948156,18689
214956434,18680
214964273,18682
214971909,18686
214979821,18681
214987517,18684
214995440,18682
215010089,18663
215017982,18661
215024825,18652
215032469,18661
215040276,18662
215047958,18661
215055781,18663
215063429,18663
215070274,18662
215078118,18664
215085696,18659
215093557,18661
215101150,18659
215109014,18666
215116583,18656
215131336,18650
215138981,18651
215145820,18650
215153702,18648
215161346,18658
215169808,18653
215177434,18655
215185244,18656
215192832,18657
215199727,18652
215207618,18654
215215262,18655
215223099,18656
215230634,18658
215238446,18657
215246066,18674
215253929,18675
215260785,18675
215268448,18679
215276277,18678
215283914,18677
215291766,18681
215299452,18673
215307256,18679
215314823,18680
215322646,18678
215330308,18680
215338196,18681
215345802,18684
215353685,18682
215368209,18706
215376734,18703
215384416,18701
215392207,18701
215399846,18700
215407694,18709
215415354,18701
215423131,18703
215429982,18707
215437583,18692
215445400,18707
215453056,18707
215460962,18715
215468561,18704
215476393,18706
215484037,18724
215491894,18723
215499520,18729
215507303,18727
215514942,18729
215522790,18732
215530460,18729
215538316,18730
215546019,18731
215553942,18732
215560869,18734
215568514,18736
215576398,18734
215584549,18733
215592383,18739
215606975,18701
215614829,18703
215622464,18698
215630268,18690
215637855,18687
215645725,18689
215653369,18685
215661186,18685
215668042,18679
215675609,18678
215683444,18674
215691075,18677
215698913,18667
215706508,18673
215714310,18672
215721939,18639
215729842,18636
215737507,18637
215745407,18640
215753095,18631
215760960,18637
215768541,18639
215776326,18639
215784014,18637
215791941,18637
215799516,18632
215807181,18638
215815055,18634
215822719,18634
215830565,18636
215845031,18632
215852958,18622
215859853,18629
215867468,18629
215875325,18630
215882943,18631
215890809,18627
215898429,18632
215906224,18624
215913794,18627
215921629,18626
215929244,18622
215937118,18627
215944718,18630
215952570,18621
215960143,18626
215968023,18636
215975584,18635
215983437,18636
215997682,18636
216005598,18639
216013854,18636
216021720,18633
216029312,18642
216036219,18646
216044089,18636
216051702,18639
216059607,18639
216066525,18637
216080995,18656
216088797,18659
216095689,18665
216103296,18664
216111174,18663
216118797,18665
216126659,18664
216134287,18665
216142124,18663
216149781,18671
216157720,18668
216165356,18674
216173233,18667
216180805,18670
216188648,18668
216196242,18681
216204126,18683
216211689,18688
216219549,18686
216227743,18682
216235577,18683
216243184,18692
216251071,18691
216258672,18688
216265615,18691
216273437,18693
216281062,18694
216288966,18689
216296556,18697
216304435,18693
216312051,18697
216319940,18719
216327565,18719
216334428,18715
216342259,18718
216349849,18718
216357678,18711
216365262,18720
216373123,18724
216380687,18722
216388569,18723
216395456,18727
216403072,18725
216410925,18728
216418572,18727
216426398,18722
216441484,18650
216449271,18650
216456841,18653
216464744,18649
216472378,18653
216480191,18654
216487818,18647
216495673,18644
216503328,18651
216511186,18647
216518789,18639
216526661,18641
216534320,18638
216542159,18640
216549761,18637
216557607,18629
216565180,18635
216573059,18633
216580609,18629
216588409,18630
216596074,18633
216603926,18633
216611518,18637
216619362,18637
216626206,18635
216633792,18630
216642141,18627
216649739,18637
216657592,18636
216665182,18634
216672082,18640
216679976,18630
216687604,18642
216694443,18627
216702233,18634
216709844,18640
216717763,18634
216725431,18640
216733366,18635
216741045,18638
216748935,18634
216756526,18632
216764344,18637
216771970,18635
216779815,18637
216787452,18632
216802090,18648
216809693,18652
216817564,18664
216825142,18659
216833027,18654
216840601,18664
216848487,18655
216856656,18665
216863497,18656
216871354,18662
216878973,18666
216886831,18663
216894452,18663
216902261,18666
216909886,18672
216917764,18689
216925407,18692
216933230,18696
216940851,18688
216948696,18688
216956309,18692
216964199,18695
216971755,18697
216979620,18699
216987240,18693
216994139,18695
217002041,18698
217009653,18698
217017502,18703
217025128,18703
217033033,18701
217040607,18723
217048409,18723
217055303,18723
217063529,18728
217071386,18727
217079061,18724
217086993,18724
217094629,18728
217101544,18725
217109495,18733
217117156,18732
217125080,18730
217132686,18729
217140447,18732
217148060,18733
217162768,18734
217170427,18736
217178251,18731
217185884,18726
217193745,18724
217201375,18720
217209181,18714
217216768,18716
217224597,18714
217232278,18710
217246850,18705
217254568,18706
217262532,18702
217277114,18680
217285050,18682
217291913,18685
217299599,18686
217307420,18679
217315064,18690
217322937,18679
217330562,18686
217337422,18683
217345251,18681
217352106,18677
217359678,18675
217367514,18685
217375142,18680
217383033,18683
217396861,18690
217404720,18690
217411604,18682
217419212,18686
217427108,18689
217434705,18691
217442548,18692
217450159,18694
217457055,18693
217464935,18691
217471826,18689
217479479,18686
217487221,18691
217495493,18693
217503214,18693
217510830,18693
217518656,18700
217526284,18697
217534186,18695
217541892,18697
217549791,18701
217557496,18703
217565323,18696
217572928,18701
217580804,18704
217587724,18709
217595390,18704
217603202,18703
217610829,18703
217618678,18705
217626317,18708
217634127,18728
217641669,18731
217648545,18727
217656325,18732
217663937,18730
217671823,18734
217679500,18731
217687370,18740
217694996,18738
217703514,18737
217711136,18736
217718943,18743
217726522,18736
217734341,18736
217741993,18744
217756694,18763
217764342,18758
217772272,18744
217779902,18767
217787765,18766
217795424,18766
217803274,18766
217810928,18765
217818808,18767
217826462,18768
217834245,18766
217841831,18768
217849714,18766
217857354,18773
217865209,18768
217872857,18786
217879741,18782
217887594,18783
217895278,18778
217903161,18774
217911448,18772
217919327,18766
217926988,18770
217934849,18762
217942492,18761
217950337,18758
217957984,18757
217965785,18756
217973479,18750
217981292,18754
217995817,18730
218003625,18734
218011264,18724
218019160,18726
218026733,18727
218034602,18722
218042213,18723
218049131,18727
218056978,18729
218064625,18725
218072452,18732
218080097,18725
218087997,18729
218095561,18724
218103377,18723
218110989,18732
218119415,18726
218126270,18732
218133862,18725
218141713,18726
218149366,18732
218157201,18726
218164845,18724
218172757,18728
218180383,18724
218187298,18730
218195191,18728
218202801,18728
218210640,18725
218218272,18722
218226131,18724
218233703,18730
218241527,18723
218249120,18729
218256970,18729
218264560,18719
218272388,18731
218279999,18732
218286840,18731
218294715,18734
218302349,18729
218310219,18730
218317850,18728
218325748,18737
218334041,18737
218341928,18733
218356355,18749
218364190,18750
218371753,18753
218379597,18753
218387202,18755
218395064,18754
218402674,18757
218410516,18753
218418122,18753
218424985,18760
218432839,18759
218440492,18759
218448274,18756
218455910,18770
218463811,18755
218471473,18777
218485910,18779
218493778,18780
218501502,18777
218509303,18781
218516908,18780
218523814,18780
218531660,18776
218539245,18784
218547778,18782
218555442,18781
218563285,18779
218570870,18783
218578714,18781
218593163,18786
218601108,18787
218607045,18784
218614976,18773
218622666,18774
218630563,18771
218638216,18767
218646120,18763
218653670,18760
218660523,18761
218668344,18754
218676009,18757
218683855,18749
218691470,18751
218699249,18750
218706849,18719
218714689,18724
218722299,18722
218730146,18723
218737738,18719
218745617,18711
218753828,18714
218760727,18717
218768555,18713
218775398,18715
218783021,18714
218790855,18720
218798512,18710
218806341,18717
218813965,18711
218821830,18716
218829469,18705
218837327,18704
218844224,18701
218851856,18699
218859711,18707
218867409,18705
218875292,18697
218882910,18705
218890747,18701
218898356,18694
218906173,18700
218913732,18703
218921572,18705
218929207,18699
218937105,18705
218944714,18695
218952556,18696
218960183,18697
218968668,18696
218976236,18690
218984104,18705
218991692,18695
218998547,18697
219006398,18700
219013245,18699
219020817,18707
219028659,18702
219036235,18706
219044110,18700
219051721,18699
219059557,18706
219067222,18718
219075102,18716
219082697,18717
219090533,18714
219098151,18718
219106051,18717
219113602,18722
219121449,18720
219129090,18723
219136961,18724
219144540,18725
219152388,18722
219159996,18722
219167833,18730
219176134,18728
219190887,18736
219198528,18741
219205421,18733
219212284,18744
219220123,18743
219227731,18740
219235539,18739
219243128,18749
219250982,18747
219258608,18742
219266435,18743
219274047,18741
219281929,18746
219289575,18745
219297408,18741
219311944,18726
219319827,18723
219327491,18719
219334390,18715
219342234,18714
219349869,18711
219357709,18709
219365314,18705
219373162,18705
219380714,18697
219389143,18698
219396709,18696
219404527,18694
219412170,18689
219426982,18659
219434595,18659
219442406,18654
219450018,18649
219457854,18658
219465495,18681
219473304,18658
219480148,18656
219487746,18650
219495550,18653
219503191,18648
219511063,18651
219518645,18649
219526504,18647
219534132,18646
219542006,18642
219549613,18639
219557490,18645
219565124,18643
219572006,18638
219579834,18643
219587503,18637
219595961,18640
219603581,18643
219611411,18642
219618305,18640
219625904,18636
219633755,18634
219641394,18638
219649214,18642
219656838,18646
219664697,18647
219672356,18644
219680201,18644
219687809,18649
219695620,18655
219703226,18647
219711091,18647
219717919,18645
219732403,18656
219740108,18654
219748044,18644
219755761,18654
219763718,18655
219771382,18656
219786156,18672
219793756,18674
219800633,18674
219808463,18670
219816662,18677
219824527,18673
219832164,18680
219840054,18670
219847667,18680
219854503,18673
219862325,18676
219869966,18681
219877813,18671
219885476,18684
219893355,18678
219900975,18690
219908784,18699
219916418,18696
219924241,18701
219931099,18693
219938757,18699
219946711,18701
219953639,18699
219961354,18700
219969204,18700
219976744,18695
219984563,18700
219992194,18704
220000061,18701
220007669,18705
220015543,18707
220023833,18716
220031725,18718
220039306,18714
220047248,18716
220054897,18710
220062846,18705
220069741,18701
220077369,18704
220085253,18700
220092124,18698
220099699,18689
220107525,18688
220115152,18689
220123007,18680
220130632,18677
220145337,18627
220152973,18632
220160817,18630
220168427,18631
220175265,18627
220183157,18626
220189980,18633
220197599,18631
220205421,18624
220212310,18630
220219909,18628
220227760,18628
220235994,18626
220243817,18631
220251507,18627
220266223,18624
220273858,18621
220281681,18619
220289292,18619
220297174,18621
220304688,18622
220312506,18621
220320143,18616
220328007,18619
220335644,18619
220343461,18619
220351111,18626
220358943,18613
220366566,18621
220381346,18621
220388995,18624
220396919,18620
220404587,18627
220412459,18620
220420015,18616
220426853,18617
220434744,18622
220442868,18620
220449810,18630
220457674,18621
220465261,18626
220473156,18628
220480776,18623
220488667,18621
220496272,18648
220504157,18653
220511694,18654
220519528,18653
220526403,18648
220534040,18654
220541886,18654
220549550,18652
220557416,18649
220565095,18654
220572984,18655
220580642,18651
220588463,18658
220596070,18660
220603940,18660
220611604,18654
220619416,18681
220627023,18682
220634827,18677
220642422,18677
220650268,18682
220657867,18680
220665715,18682
220673318,18686
220681202,18681
220688091,18677
220695693,18686
220703499,18682
220711104,18683
220719000,18684
220726659,18686
220734509,18689
220742116,18712
220749977,18711
220757570,18714
220765428,18713
220773080,18713
220780971,18717
220788619,18709
220796540,18713
220804174,18711
220812072,18719
220819732,18722
220827559,18719
220835161,18715
220842978,18720
220850630,18718
220865929,18649
220873774,18643
220881435,18645
220888300,18642
220896151,18642
220903030,18639
220910641,18641
220918443,18642
220926139,18642
220934042,18642
220941699,18642
220949561,18634
220957160,18641
220964990,18640
220979241,18632
220987186,18637
220994799,18635
221001722,18638
221009710,18639
221016663,18634
221024388,18640
221032328,18638
221040012,18634
221046904,18638
221054730,18636
221062333,18641
221070242,18640
221078508,18639
221086373,18635
221100902,18640
221108772,18646
221116394,18646
221124218,18638
221131826,18642
221138746,18649
221146579,18638
221154209,18647
221162080,18643
221169677,18641
221177499,18643
221185111,18653
221192889,18648
221200515,18651
221208383,18649
221215995,18664
221223834,18662
221231453,18666
221239275,18668
221246885,18674
221254774,18674
221262383,18674
221270179,18672
221277746,18676
221284608,18674
221293079,18675
221300672,18677
221308518,18674
221316122,18676
221323979,18678
221338504,18698
221346376,18698
221354088,18706
221362019,18703
221369675,18705
221376528,18704
221384392,18698
221392033,18709
221399864,18710
221407533,18703
221415380,18705
221422972,18709
221430850,18704
221438511,18715
221446417,18710
221454032,18736
221461855,18737
221469515,18741
221477367,18741
221484264,18733
221491903,18734
221500305,18739
221507918,18732
221515762,18740
221523380,18739
221531203,18742
221538784,18743
221546676,18744
221554334,18744
221562199,18742
221576692,18719
221584523,18715
221592168,18720
221600031,18709
221607692,18717
221614564,18710
221622422,18709
221630025,18706
221637837,18707
221644671,18706
221652279,18706
221660190,18710
221667792,18705
221675618,18701
221683239,18700
221697986,18694
221705592,18696
221714025,18696
221721673,18689
221729500,18699
221737146,18689
221744995,18694
221752628,18696
221759471,18698
221767303,18698
221774891,18702
221782756,18697
221790353,18689
221798221,18689
221812678,18702
221820545,18697
221828178,18688
221836087,18701
221843757,18694
221851696,18696
221859365,18694
221867253,18697
221874838,18700
221882724,18702
221890381,18698
221898217,18695
221905821,18696
221913618,18699
221921903,18705
221929797,18712
221937408,18713
221945247,18720
221952843,18714
221960699,18718
221967533,18720
221974390,18721
221982009,18718
221989830,18719
221997453,18721
222005293,18721
222012916,18718
222020773,18725
222028435,18721
222036243,18712
222043829,18728
222051690,18748
222059363,18748
222067287,18746
222075000,18742
222081929,18750
222089913,18748
222097556,18750
222105371,18752
222113031,18745
222119888,18751
222127755,18752
222136063,18752
222143961,18751
222151594,18754
222159477,18754
222173997,18780
222181804,18771
222189445,18781
222197322,18783
222204941,18784
222212812,18782
222227275,18779
222234225,18776
222241787,18783
222249631,18778
222257258,18787
222265173,18781
222272845,18787
222287730,18790
222295414,18784
222303224,18786
222310795,18783
222318598,18777
222326201,18777
222333110,18769
222340983,18767
222349280,18768
222356131,18767
222364028,18763
222371662,18763
222379540,18763
222387117,18755
222394923,18751
222402568,18728
222410357,18733
222417978,18734
222425849,18735
222433552,18732
222440430,18730
222448273,18729
222455853,18734
222463688,18733
222471327,18729
222479183,18731
222486827,18731
222494642,18729
222502250,18731
222510133,18732
222517764,18729
222525607,18728
222533270,18722
222541157,18728
222548786,18729
222557197,18728
222564801,18729
222571634,18723
222579506,18727
222587097,18728
222594016,18725
222601912,18725
222609580,18727
222617471,18727
222625162,18726
222633055,18723
222640680,18724
222648562,18731
222656184,18730
222664045,18734
222671680,18732
222678521,18734
222686402,18730
222694038,18735
222701850,18735
222709494,18732
222717321,18732
222724917,18735
222732781,18740
222740406,18734
222748276,18736
222755850,18740
222771265,18758
222779135,18761
222786681,18760
222794493,18766
222802139,18767
222808951,18763
222816819,18762
222824438,18761
222832268,18763
222839895,18762
222847766,18765
222855332,18757
222863219,18760
222870844,18765
222878721,18770
222886344,18781
222894204,18793
222901780,18785
222909590,18783
222917252,18787
222924174,18787
222932079,18793
222939691,18788
222947547,18795
222954401,18784
222962003,18796
222969837,18792
222978061,18796
222985954,18793
222993628,18792
223008458,18818
223016114,18815
223023992,18814
223031630,18815
223039451,18815
223047118,18818
223055004,18810
223062590,18810
223070394,18805
223078022,18803
223085866,18800
223093510,18797
223101361,18795
223108980,18795
223116871,18792
223124541,18751
223132402,18745
223140018,18750
223147899,18748
223155581,18745
223162451,18749
223170266,18749
223177874,18748
223186232,18750
223193123,18750
223200715,18747
223208607,18746
223216239,18745
223224116,18748
223231673,18751
223239477,18748
223247129,18736
223255032,18729
223262629,18743
223270469,18734
223278093,18735
223284968,18736
223292822,18735
223300477,18735
223308239,18733
223315866,18738
223322717,18734
223330557,18733
223338174,18738
223346035,18734
223353645,18728
223361458,18733
223369072,18734
223376907,18737
223384564,18736
223392387,18736
223399875,18737
223407554,18737
223415377,18736
223423022,18736
223430865,18740
223438529,18738
223446429,18744
223454109,18737
223468560,18732
223476256,18740
223484192,18758
223491818,18756
223499722,18755
223507329,18763
223514247,18761
223521142,18760
223528994,18758
223536669,18757
223544514,18759
223551348,18760
223558983,18761
223566834,18758
223574489,18765
223582286,18762
223589910,18763
223597781,18762
223612807,18790
223620684,18788
223628355,18785
223636287,18785
223643951,18789
223651882,18792
223659551,18788
223667359,18789
223674967,18787
223681822,18788
223689666,18784
223697303,18787
223705174,18791
223712776,18794
223727476,18809
223735144,18808
223743040,18811
223750650,18805
223757460,18812
223765297,18814
223772904,18809
223780736,18811
223788365,18809
223796257,18809
223803219,18818
223811125,18818
223818743,18810
223827229,18816
223834833,18818
223842727,18756
223850369,18748
223858234,18754
223865809,18748
223873663,18747
223881289,18750
223889177,18751
223896801,18747
223904688,18746
223911536,18747
223919110,18742
223926938,18747
223934604,18743
223942439,18737
223950078,18738
223957999,18742
223965650,18717
223973530,18726
223981177,18722
223989051,18719
223996006,18723
224003607,18715
224011399,18721
224019031,18714
224026875,18724
224035188,18717
224042030,18720
224049909,18719
224057550,18724
224065341,18722
224072944,18719
224087653,18704
224095278,18709
224103125,18707
224110701,18705
224117513,18708
224125288,18706
224132913,18705
224140770,18711
224148449,18703
224156321,18704
224163216,18709
224170829,18710
224178699,18707
224186258,18706
224194148,18703
224208618,18719
224216426,18720
224224050,18720
224231900,18719
224238134,18722
224246376,18727
224254199,18718
224261794,18718
224269687,18722
224277326,18720
224285213,18716
224292796,18724
224300643,18724
224308271,18715
224316143,18723
224323749,18739
224331568,18735
224339180,18741
224347047,18743
224353270,18740
224360839,18742
224368669,18738
224376312,18743
224384197,18744
224391740,18745
224399558,18743
224407159,18747
224415019,18741
224422667,18746
224430470,18749
224438079,18746
224445888,18757
224454084,18763
224461947,18767
224469567,18767
224477384,18764
224485020,18773
224492886,18769
224500552,18764
224508305,18766
224515119,18770
224522691,18764
224530545,18770
224538224,18766
224546075,18774
224553684,18775
224561540,18752
224569119,18753
224576947,18754
224584582,18746
224592480,18743
224600078,18742
224607955,18736
224615578,18734
224623400,18736
224631018,18728
224638865,18724
224645736,18728
224653374,18717
224661902,18720
224669539,18718
224684226,18680
224691838,18678
224699653,18682
224714159,18682
224721828,18681
224729790,18678
224737476,18678
224745296,18676
224752191,18676
224759776,18674
224767650,18673
224775220,18678
224783101,18671
224790687,18678
224798563,18673
224806159,18664
224814041,18668
224821620,18673
224828412,18664
224835249,18664
224843074,18663
224850693,18662
224858547,18665
224866190,18667
224874086,18664
224882348,18663
224890232,18662
224897838,18659
224905690,18664
224920180,18668
224928064,18670
224935691,18660
224943521,18671
224950399,18672
224957983,18663
224965836,18672
224973462,18668
224981307,18676
224988911,18668
224996759,18669
225004383,18672
225012295,18676
225019988,18677
225027930,18673
225035603,18698
225043401,18696
225051067,18692
225058922,18692
225066581,18690
225074448,18696
225082116,18695
225090670,18693
225098303,18691
225106168,18695
225113075,18699
225120664,18701
225127553,18700
225135484,18698
225143142,18697
225151063,18702
225158738,18721
225166627,18713
225174218,18715
225181066,18724
225188898,18719
225196546,18722
225204447,18720
225212127,18726
225220039,18729
225227710,18724
225235570,18726
225243203,18729
225251063,18724
225258656,18727
225266515,18725
225281101,18742
225288908,18748
225297167,18745
225305102,18745
225311971,18747
225319622,18741
225327374,18739
225334968,18746
225342856,18743
225349724,18739
225357351,18740
225365224,18735
225372791,18727
225380605,18732
225388231,18729
225396153,18660
225403725,18654
225411519,18655
225419152,18655
225427072,18654
225434678,18655
225442503,18659
225450145,18665
225457960,18655
225465590,18658
225473392,18653
225480982,18653
225488845,18655
225496527,18651
225504383,18652
225519609,18661
225527445,18660
225535073,18654
225541932,18655
225548809,18661
225556615,18657
225564241,18667
225572125,18656
225579691,18659
225587528,18661
225595125,18654
225602966,18659
225610609,18661
225618423,18661
225626090,18658
225634003,18656
225641628,18652
225649494,18658
225657119,18660
225664940,18660
225672582,18659
225680400,18659
225688053,18659
225695910,18658
225703549,18661
225710370,18658
225718881,18666
225726517,18658
225733340,18658
225741265,18662
225748886,18669
225756733,18685
225764338,18684
225772227,18682
225779100,18685
225786741,18687
225794566,18691
225802193,18695
225810062,18692
225817719,18692
225825536,18695
225833156,18692
225841062,18692
225848739,18701
225856683,18702
225864381,18699
225872249,18695
225879841,18717
225887716,18712
225895337,18717
225903228,18711
225910177,18716
225918028,18720
225926289,18714
225934203,18720
225941838,18722
225948710,18718
225963275,18728
225970310,18720
225978282,18724
225985951,18717
225993861,18747
226001520,18749
226009350,18747
226016202,18744
226023844,18749
226031749,18748
226039340,18751
226047214,18747
226054840,18751
226062687,18750
226070348,18751
226078254,18753
226085851,18751
226093749,18758
226101336,18749
226116114,18682
226123718,18681
226130563,18678
226138388,18681
226146045,18679
226153976,18671
226161646,18675
226169567,18677
226177179,18678
226185038,18675
226192692,18681
226200601,18672
226208232,18672
226216124,18672
226223693,18672
226231522,18678
226239146,18671
226246966,18682
226254597,18680
226262515,18676
226270192,18678
226278105,18679
226285753,18676
226293585,18676
226301213,18679
226308080,18675
226315889,18679
226323540,18678
226331405,18676
226339000,18673
226346891,18680
226355124,18685
226363032,18677
226369897,18675
226377501,18676
226384338,18672
226392200,18683
226399761,18677
226407604,18687
226415273,18677
226423161,18677
226430818,18676
226438645,18678
226446269,18680
226454195,18679
226461753,18679
226469622,18698
226477237,18692
226485145,18702
226492738,18703
226500557,18703
226508156,18707
226516024,18711
226523652,18700
226531431,18709
226539004,18710
226545875,18705
226553736,18713
226561954,18712
226569803,18711
226576657,18712
226584265,18715
226592159,18735
226599771,18729
226606653,18736
226614541,18733
226622157,18733
226630062,18736
226637658,18737
226645418,18732
226653018,18746
226660854,18738
226668505,18744
226676300,18743
226683901,18746
226691797,18751
226698679,18745
226706309,18744
226714186,18764
226721797,18767
226729673,18763
226737296,18765
226744214,18766
226752066,18762
226759657,18762
226767460,18768
226775670,18767
226783463,18768
226791121,18770
226798973,18772
226806626,18772
226813573,18773
226821377,18774
226829048,18769
226836927,18705
226844572,18696
226852410,18693
226859959,18698
226867793,18698
226875389,18700
226883274,18693
226890875,18698
226898724,18697
226905585,18693
226913181,18692
226921070,18691
226928668,18690
226935568,18688
226943436,18688
226951098,18689
226958895,18688
226966546,18689
226974330,18685
226982546,18685
226990358,18692
226997982,18687
227005832,18690
227013480,18689
227021322,18691
227028954,18696
227036779,18691
227044362,18686
227051303,18691
227059207,18688
227066768,18687
227081457,18684
227088338,18689
227095961,18690
227103912,18692
227111611,18692
227119516,18692
227127189,18685
227135130,18687
227142787,18689
227150656,18687
227158297,18694
227166159,18697
227173729,18688
227181535,18694
227189134,18691
227204244,18713
227212168,18714
227219873,18715
227227777,18714
227235409,18717
227243302,18714
227250901,18718
227258742,18717
227266329,18718
227274244,18723
227281814,18720
227288698,18726
227296528,18722
227304246,18724
227312176,18741
227319818,18742
227327763,18748
227335354,18745
227343277,18747
227350916,18744
227358779,18750
227366400,18745
227374315,18750
227381921,18749
227389764,18742
227397323,18750
227405194,18750
227413519,18750
227421308,18754
227435851,18770
227442720,18771
227450593,18773
227458218,18775
227465104,18772
227472946,18774
227480606,18781
227488455,18777
227496093,18778
227503941,18779
227511603,18783
227519425,18778
227526984,18783
227534851,18788
227542475,18788
227550404,18729
227558040,18723
227565986,18721
227573649,18718
227581513,18724
227589143,18718
227596986,18722
227604596,18714
227612426,18715
227620667,18721
227627516,18719
227635360,18718
227642985,18712
227649792,18711
227657636,18716
227665286,18708
227673163,18706
227680777,18713
227688623,18706
227696243,18708
227704095,18707
227711690,18711
227719496,18711
227727086,18708
227734949,18709
227742608,18707
227750477,18712
227758034,18702
227765882,18705
227773494,18711
227781322,18702
227795766,18709
227802630,18706
227810461,18708
227818128,18703
227825010,18704
227833377,18711
227841011,18710
227848863,18709
227856480,18713
227864350,18711
227871946,18707
227879806,18711
227887487,18713
227895337,18711
227902968,18708
227910786,18726
227918383,18728
227926236,18726
227933815,18722
227940700,18724
227948529,18730
227956144,18728
227964008,18732
227971600,18728
227979388,18728
227986265,18737
227993825,18736
228001675,18738
228009289,18734
228016163,18731
228024006,18743
228039163,18755
228047074,18755
228054705,18756
228062529,18758
228070125,18758
228077928,18759
228085595,18762
228093389,18762
228101013,18763
228107890,18761
228115747,18763
228123367,18763
228131295,18759
228138876,18767
228146757,18766
228154343,18787
228162188,18788
228169777,18783
228177632,18787
228185301,18789
228193201,18779
228200849,18790
228208788,18790
228216410,18785
228223313,18787
228231217,18791
228238854,18788
228246702,18793
228254240,18790
228262102,18790
228276629,18755
228283458,18752
228291345,18752
228298999,18749
228306848,18751
228314459,18744
228322264,18746
228329864,18745
228337647,18742
228345311,18743
228353206,18737
228360849,18741
228368695,18739
228375570,18737
228383198,18736
228391072,18727
228398704,18726
228406481,18727
228414112,18731
228422029,18726
228429650,18727
228437406,18722
228451916,18720
228458864,18724
228467220,18724
228475146,18722
228482761,18723
228489644,18722
228497520,18721
228512008,18716
228518922,18718
228526768,18717
228534344,18720
228541282,18719
228549180,18720
228556810,18723
228564665,18718
228572304,18717
228579161,18720
228587057,18726
228594686,18718
228602521,18713
228609382,18719
228616971,18720
228631692,18733
228638557,18729
228646167,18732
228653965,18735
228660857,18736
228668440,18731
228676319,18735
228684626,18732
228692465,18736
228700096,18735
228707941,18736
228715571,18732
228723451,18738
228731127,18738
228738999,18738
228746647,18754
228754500,18756
228762130,18754
228769996,18752
228777656,18760
228785447,18764
228793037,18760
228800878,18762
228808482,18759
228816356,18763
228823947,18759
228831774,18766
228839372,18762
228847256,18770
228854809,18761
228862638,18765
228870296,18777
228877197,18779
228885029,18781
228893342,18779
228900214,18783
228908088,18782
228915701,18781
228923565,18782
228931176,18788
228938038,18790
228945905,18788
228953564,18785
228961407,18790
228969052,18786
228976855,18791
228984514,18790
228992407,18794
229000091,18792
229008026,18788
229015721,18787
229023612,18779
229031267,18776
229039133,18774
229046745,18769
229054576,18764
229062201,18769
229070038,18762
229077691,18758
229085483,18760
229092339,18757
229100635,18751
229108386,18727
229115234,18726
229122823,18727
229130679,18725
229137562,18725
229145180,18724
229152996,18721
229160642,18725
229168464,18724
229176096,18721
229183904,18727
229191483,18719
229199331,18722
229206982,18725
229214850,18716
229222520,18723
229230355,18719
229237966,18719
229245781,18721
229253408,18728
229261300,18719
229268905,18716
229276778,18719
229284484,18712
229292421,18717
229299321,18722
229307629,18712
229315575,18726
229323283,18710
229331174,18708
229338831,18714
229352830,18709
229360473,18716
229368310,18717
229375934,18717
229383824,18715
229391471,18722
229399290,18721
229406900,18722
229414759,18719
229422388,18720
229430307,18720
229437907,18717
229445722,18722
229453345,18722
229461199,18725
229468814,18735
229476691,18734
229484312,18738
229492203,18735
229499066,18740
229506684,18739
229514500,18745
229522736,18740
229530537,18737
229537379,18739
229545023,18741
229552852,18748
229560422,18746
229568320,18739
229575983,18744
229590858,18755
229598517,18756
229606402,18759
229614057,18762
229621893,18763
229629531,18762
229637441,18767
229645045,18766
229652925,18762
229660565,18761
229668418,18763
229676068,18763
229683916,18768
229705148,18791
229713086,18785
229720694,18783
229728542,18785
229736137,18785
229744012,18788
229751680,18785
229759525,18787
229767168,18782
229774050,18785
229781880,18780
229789499,18783
229797321,18774
229804908,18773
229812729,18772
229826476,18711
229834096,18706
229841897,18708
229849485,18720
229857341,18712
229864960,18707
229872878,18705
229880543,18704
229888371,18703
229895970,18704
229903854,18700
229911480,18707
229919414,18703
229927092,18699
229941872,18702
229950101,18701
229957972,18713
229965674,18705
229972594,18711
229980372,18707
229987980,18700
229995806,18702
230003432,18703
230011301,18703
230018900,18705
230026751,18700
230034428,18702
230042300,18696
230049864,18697
230057673,18693
230065313,18696
230072154,18697
230079988,18693
230087641,18697
230095416,18692
230103040,18697
230110931,18696
230118581,18692
230126477,18694
230133327,18691
230140912,18695
230148723,18697
230156998,18701
230164810,18695
230172435,18698
230180319,18713
230187926,18715
230195759,18712
230203367,18713
230211198,18719
230218852,18714
230226700,18714
230234363,18711
230242194,18717
230249794,18714
230257592,18718
230265206,18716
230273112,18721
230280728,18721
230288566,18717
230302409,18736
230310286,18732
230317842,18741
230325665,18741
230333273,18737
230341159,18740
230348720,18741
230356559,18741
230364758,18742
230371649,18732
230379547,18744
230387134,18740
230394945,18733
230402569,18741
230410470,18740
230418089,18762
230425957,18767
230432860,18759
230440529,18766
230448374,18763
230455941,18765
230463791,18763
230471408,18772
230479306,18769
230486921,18765
230494766,18767
230502389,18763
230510239,18763
230517771,18760
230525596,18757
230540109,18691
230547952,18685
230555594,18691
230563383,18685
230571632,18687
230579466,18685
230587087,18692
230594906,18685
230602568,18687
230610359,18685
230617952,18685
230625785,18680
230633392,18684
230641236,18681
230648838,18680
230656675,18677
230664271,18671
230671090,18681
230678922,18683
230686555,18675
230693414,18678
230701345,18686
230708997,18676
230716857,18679
230724449,18683
230732335,18684
230739930,18678
230747781,18681
230755427,18670
230763331,18678
230770896,18680
230778745,18667
230786138,18672
230793759,18671
230801624,18671
230809279,18671
230817223,18668
230824905,18665
230832788,18666
230840422,18676
230848302,18672
230855192,18669
230862788,18665
230870620,18668
230878234,18670
230886054,18670
230900583,18686
230908355,18686
230915937,18688
230923818,18685
230931467,18688
230946043,18691
230954031,18692
230961728,18693
230968982,18693
230976652,18692
230984444,18692
230992051,18690
231000529,18697
231015043,18702
231021911,18709
231028774,18715
231036628,18717
231044228,18712
231051087,18713
231058924,18714
231066563,18714
231074358,18713
231081972,18710
231088951,18716
231096890,18710
231104577,18722
231112465,18714
231120165,18719
231134865,18739
231141677,18735
231148652,18736
231156485,18732
231164087,18728
231170952,18735
231178792,18733
231186375,18733
231194238,18730
231201817,18728
231208674,18726
231217114,18723
231224755,18726
231232582,18718
231240202,18715
231254864,18646
231261713,18643
231268691,18648
231276492,18645
231284113,18642
231291015,18641
231298856,18639
231306485,18639
231314374,18639
231321970,18644
231329897,18637
231337550,18632
231345501,18634
231353186,18633
231361100,18635
231368701,18628
231376578,18627
231384204,18629
231392016,18630
231399662,18630
231406484,18629
231414405,18631
231422672,18635
231430494,18635
231438152,18628
231444994,18629
231452799,18629
231460411,18632
231468323,18622
231475918,18631
231483779,18628
231491453,18619
231499352,18619
231507003,18621
231514893,18619
231522579,18622
231530462,18622
231538101,18621
231545987,18621
231553672,18623
231561530,18619
231569159,18619
231576958,18621
231584582,18625
231592394,18627
231599970,18628
231614741,18644
231622356,18648
231630835,18643
231638439,18644
231645345,18650
231653224,18649
231660818,18652
231668652,18653
231676249,18649
231684109,18644
231691743,18654
231699550,18650
231707183,18654
231715014,18648
231722676,18661
231730530,18669
231738158,18678
231745951,18677
231752861,18671
231760520,18680
231768394,18675
231776089,18679
231784021,18676
231791661,18673
231799571,18680
231807189,18688
231815010,18676
231822684,18676
231830576,18683
231838718,18680
231852448,18701
231860319,18697
231867824,18703
231875707,18689
231883366,18688
231891236,18688
231898846,18688
231906718,18680
231914346,18679
231922210,18675
231929846,18671
231937744,18675
231945369,18666
231953262,18661
231960828,18656
231968689,18615
231976291,18611
231984205,18609
231991847,18610
231999765,18608
232006710,18611
232014391,18611
232022249,18616
232029847,18605
232037695,18607
232044571,18612
232052755,18614
232060629,18609
232068270,18614
232076124,18607
232083724,18606
232090599,18604
232098409,18603
232106096,18600
232113919,18607
232121526,18608
232129351,18606
232136948,18603
232144833,18607
232152426,18609
232160317,18612
232167904,18600
232175733,18602
232190233,18603
232197881,18609
232211948,18607
232219619,18612
232227425,18612
232234347,18614
232241199,18611
232248837,18609
232256682,18615
232264269,18610
232272724,18614
232279594,18615
232287184,18611
232295036,18617
232302687,18614
232310570,18618
232318193,18618
232332274,18642
232339902,18644
232347756,18645
232354668,18645
232361591,18643
232369194,18649
232377033,18651
232384698,18646
232392537,18647
232399342,18644
232406864,18644
232414722,18648
232422333,18647
232430184,18646
232437827,18650
232445778,18675
232453434,18671
232461310,18674
232468849,18675
232477304,18674
232484935,18676
232492794,18675
232500390,18673
232508282,18676
232515868,18680
232523692,18676
232531307,18675
232539116,18684
232546774,18677
232554611,18678
232568322,18706
232576189,18708
232583760,18694
232591602,18703
232599150,18704
232606998,18697
232614632,18695
232622531,18692
232630165,18690
232638015,18682
232645647,18691
232653434,18687
232661076,18676
232668927,18679
232676571,18679
232684972,18630
232692673,18628
232700478,18632
232708146,18629
232716012,18630
232722906,18631
232730538,18623
232738386,18626
232745979,18626
232753823,18625
232760702,18629
232768368,18625
232776251,18629
232783811,18626
232791665,18630
232799336,18627
232807238,18626
232814860,18625
232822703,18629
232830319,18625
232838194,18632
232845805,18634
232853698,18632
232861276,18625
232869177,18630
232876035,18631
232883681,18632
232891548,18627
232899794,18629
232907631,18632
232915227,18628
232929272,18635
232936839,18636
232944703,18636
232952340,18636
232959210,18633
232967055,18630
232974743,18640
232982639,18637
232990276,18642
232997191,18640
233005114,18638
233012771,18638
233020550,18642
233028182,18643
233036021,18636
233050560,18663
233058401,18670
233066018,18666
233073939,18666
233081558,18668
233089468,18674
233097152,18670
233105680,18672
233112543,18674
233120146,18680
233128011,18674
233135650,18673
233143459,18674
233151070,18675
233165880,18696
233173553,18700
233181361,18702
233188988,18702
233196852,18707
233203672,18699
233211344,18704
233219232,18702
233226794,18702
233233621,18708
233241516,18709
233249186,18708
233257088,18705
233264778,18709
233272665,18711
233280296,18737
233288164,18737
233295763,18736
233303630,18737
233311271,18735
233319708,18740
233327313,18735
233335168,18738
233342815,18736
233349723,18733
233357546,18726
233365223,18732
233373137,18733
233380771,18727
233388609,18721
233396220,18727
233403055,18686
233410892,18681
233418505,18678
233432992,18682
233438903,18680
233446783,18680
233454429,18678
233462373,18680
233470002,18676
233477933,18678
233485557,18680
233493501,18679
233501177,18673
233509017,18679
233523545,18676
233531395,18680
233539688,18684
233547518,18678
233555102,18682
233563007,18683
233570621,18682
233578527,18675
233585410,18684
233593019,18679
233600839,18683
233608449,18676
233616343,18680
233623939,18684
233631842,18688
233639431,18689
233647294,18686
233654852,18687
233662655,18690
233670270,18695
233678084,18690
233685687,18691
233693519,18688
233701125,18695
233709007,18693
233716672,18690
233724471,18687
233732065,18689
233739906,18694
233748177,18697
233762279,18722
233769937,18715
233777775,18721
233785398,18722
233793255,18726
233800845,18720
233808655,18716
233816277,18724
233823176,18726
233831005,18725
233838671,18726
233846489,18721
233854069,18726
233861907,18733
233869591,18735
233877419,18753
233885042,18752
233892904,18753
233900570,18753
233908428,18756
233916053,18760
233923881,18760
233931465,18751
233939340,18758
233946942,18760
233955397,18757
233962980,18765
233970826,18762
233978477,18754
233986345,18762
234000048,18793
234007872,18787
234015469,18790
234023345,18792
234031014,18791
234037931,18788
234045761,18795
234053375,18798
234061277,18801
234068857,18796
234076710,18796
234084338,18794
234092208,18792
234099830,18794
234107672,18791
234115303,18749
234123138,18750
234130757,18746
234138563,18748
234146163,18744
234154018,18747
234162234,18751
234169100,18748
234176954,18745
234183828,18746
234191481,18751
234199353,18745
234206954,18747
234214820,18752
234222438,18745
234230304,18748
234237877,18749
234245722,18745
234253312,18746
234261171,18755
234268768,18749
234276613,18749
234284213,18748
234292101,18751
234299737,18750
234307600,18750
234315285,18748
234323192,18748
234330849,18751
234338771,18748
234346456,18751
234353394,18749
234361292,18750
234369505,18756
234377449,18752
234385076,18752
234392965,18757
234399794,18752
234407415,18753
234415291,18749
234422140,18750
234429746,18754
234437554,18756
234445176,18756
234453026,18756
234460667,18756
234468522,18753
234482960,18777
234490838,18774
234498450,18780
234506380,18776
234514058,18774
234521977,18772
234529652,18781
234537551,18783
234545196,18775
234553055,18784
234560704,18784
234568510,18783
234576096,18786
234584493,18785
234591365,18782
234598962,18810
234606813,18803
234614457,18802
234622354,18809
234629937,18807
234636810,18810
234644631,18807
234652250,18804
234660056,18811
234667681,18805
234682194,18803
234689893,18813
234697772,18812
234704648,18806
234719197,18833
234727043,18833
234734692,18836
234742556,18834
234750238,18835
234758131,18830
234765796,18831
234772692,18836
234779577,18837
234787444,18843
234795013,18836
234803567,18831
234811192,18833
234819069,18831
234826710,18835
234834598,18783
234842279,18787
234850198,18790
234857792,18792
234865614,18787
234873224,18783
234881061,18789
234888713,18792
234896579,18791
234904198,18786
234912024,18792
234919670,18782
234927495,18791
234935099,18788
234941956,18783
234949799,18786
234957471,18774
234965383,18783
234972978,18781
234980843,18782
234988429,18779
234995316,18785
235003179,18780
235011479,18784
235018394,18784
235026321,18780
235033983,18781
235041924,18780
235049604,18778
235057486,18781
235065073,18780
235072897,18774
235080490,18774
235088378,18776
235095962,18777
235103842,18777
235111507,18780
235119373,18775
235126898,18778
235133751,18771
235141579,18778
235149211,18778
235157013,18772
235164656,18774
235172488,18777
235180089,18774
235187888,18778
235195465,18792
235203359,18792
235210926,18787
235219399,18793
235227067,18792
235233922,18788
235241785,18794
235249452,18798
235256329,18794
235264193,18790
235271850,18794
235279728,18799
235287396,18794
235295293,18796
235302109,18795
235309744,18792
235317533,18812
235325142,18806
235333014,18804
235340658,18806
235348461,18809
235356068,18809
235363942,18809
235371598,18808
235379443,18814
235387029,18809
235394867,18803
235402480,18809
235410367,18805
235418023,18810
235425872,18809
235440935,18822
235448781,18832
235456345,18833
235464215,18825
235471816,18830
235479669,18829
235487328,18830
235495171,18828
235502817,18828
235510641,18840
235518238,18824
235526112,18829
235533754,18825
235540588,18817
235548450,18817
235556093,18751
235563929,18750
235571567,18750
235579443,18752
235587047,18747
235593913,18741
235601738,18746
235609362,18753
235617253,18744
235624840,18741
235632644,18741
235640826,18743
235648652,18735
235656292,18745
235664155,18738
235678735,18716
235686575,18713
235694190,18710
235702041,18715
235709700,18716
235717504,18711
235725095,18714
235732942,18717
235739814,18715
235747433,18716
235755348,18714
235762983,18713
235770880,18713
235777720,18715
235785309,18712
235793187,18694
235800772,18693
235808582,18697
235816195,18693
235824018,18692
235831677,18695
235839605,18695
235847808,18700
235855751,18699
235863417,18701
235871282,18702
235878897,18698
235886767,18695
235894430,18693
235902305,18701
235923610,18706
235931268,18710
235939166,18707
235946803,18709
235954609,18709
235962288,18711
235970191,18708
235976357,18707
235983954,18708
235991788,18714
235999409,18712
236007304,18705
236014161,18712
236021800,18714
236029587,18730
236037223,18730
236045157,18729
236052851,18733
236060735,18735
236069009,18731
236076811,18727
236084461,18728
236091347,18733
236098210,18734
236106062,18729
236113722,18731
236121464,18729
236129057,18733
236136927,18736
236144525,18732
236152415,18750
236159994,18751
236167866,18752
236175512,18749
236183377,18750
236190980,18752
236198800,18755
236206394,18750
236214295,18750
236221896,18752
236229739,18756
236237401,18751
236245286,18761
236252134,18763
236259767,18755
236275063,18672
236282732,18668
236290562,18667
236298213,18665
236306054,18664
236313724,18661
236321510,18657
236329093,18659
236336911,18658
236344571,18659
236352485,18658
236360098,18656
236367990,18660
236375641,18653
236383452,18647
236391102,18618
236398973,18618
236406630,18619
236414436,18625
236422072,18616
236429922,18621
236436785,18621
236444413,18621
236451283,18624
236459152,18626
236466792,18626
236474639,18615
236482761,18620
236489672,18625
236497454,18622
236505058,18623
236512893,18616
236520499,18611
236528417,18616
236535984,18614
236543836,18606
236551457,18610
236559352,18611
236566916,18611
236574781,18612
236582383,18610
236590196,18614
236597781,18609
236605640,18613
236613276,18615
236621080,18616
236635624,18628
236643529,18637
236651153,18636
236659022,18626
236666688,18633
236674492,18634
236682152,18630
236690003,18631
236698218,18629
236706053,18632
236713736,18627
236721556,18638
236728369,18635
236735931,18636
236743776,18636
236751410,18655
236759313,18652
236766896,18655
236774747,18662
236782358,18661
236790246,18662
236797108,18658
236804732,18657
236811595,18659
236819468,18664
236827075,18659
236834954,18664
236842581,18662
236850418,18661
236858053,18664
236865904,18665
236873511,18686
236881418,18687
236889033,18685
236896874,18686
236905143,18678
236912996,18687
236920638,18682
236928451,18682
236936015,18682
236942855,18688
236950672,18685
236958329,18689
236966220,18693
236973847,18691
236981616,18686
236996103,18652
237003952,18652
237011605,18647
237019457,18646
237027074,18636
237034915,18644
237042526,18637
237050386,18631
237058029,18628
237065873,18620
237073464,18621
237081338,18619
237088159,18618
237095827,18612
237103663,18616
237111802,18582
237119704,18577
237127309,18580
237135122,18581
237142756,18576
237150624,18575
237157499,18580
237171987,18576
237179685,18577
237187500,18575
237195118,18576
237201980,18575
237209860,18575
237217471,18571
237232226,18572
237239841,18571
237247694,18569
237255347,18569
237263196,18571
237270816,18571
237278647,18564
237286290,18572
237294139,18571
237301812,18567
237309581,18564
237317273,18567
237325099,18572
237333319,18566
237341208,18570
237348854,18574
237356687,18576
237364314,18576
237372207,18582
237379810,18587
237387623,18585
237394467,18579
237402100,18583
237408916,18583
237416751,18584
237424359,18585
237432222,18583
237439834,18592
237447666,18584
237455306,18597
237463122,18607
237470745,18615
237478687,18613
237486408,18611
237494327,18613
237501957,18611
237509880,18613
237517542,18620
237525433,18620
237533034,18620
237541540,18619
237548411,18616
237556019,18624
237562964,18625
237570890,18620
237578482,18621
237586360,18641
237593993,18641
237601847,18638
237609482,18645
237617371,18641
237624979,18644
237631876,18649
237639726,18646
237646571,18649
237654158,18650
237661978,18645
237668800,18653
237676423,18649
237684315,18644
237691868,18647
237699685,18652
237707325,18674
237715136,18675
237722779,18675
237730604,18680
237738248,18676
237746093,18680
237754377,18675
237762259,18683
237769843,18682
237777663,18676
237784525,18675
237792125,18678
237799022,18679
237806888,18672
237814481,18673
237822342,18672
237829903,18587
237837729,18595
237845372,18592
237853202,18590
237860798,18584
237868667,18583
237876307,18586
237884150,18587
237891790,18589
237899580,18587
237907203,18586
237915038,18583
237922670,18583
237930518,18580
237938128,18585
237952929,18587
237961134,18590
237969023,18590
237976679,18592
237984478,18590
237992089,18589
237999943,18594
238006840,18589
238014489,18590
238022372,18591
238029912,18593
238037776,18587
238045377,18590
238053211,18593
238060827,18591
238068611,18594
238076230,18588
238084041,18594
238091701,18593
238099539,18591
238107156,18599
238114022,18591
238121823,18602
238129423,18600
238137259,18598
238144841,18601
238152694,18592
238160307,18602
238168810,18598
238176415,18604
238191072,18628
238198712,18624
238206533,18632
238214152,18627
238222066,18627
238229733,18632
238237532,18636
238245161,18639
238253060,18634
238260703,18637
238268501,18633
238275356,18635
238282958,18638
238290824,18643
238298450,18641
238306329,18666
238313925,18663
238321764,18665
238329383,18670
238337236,18666
238344878,18675
238352693,18668
238360334,18668
238367216,18671
238375078,18677
238383285,18669
238390033,18672
238397884,18673
238412129,18678
238420023,18673
238427768,18699
238435615,18704
238443281,18701
238451122,18706
238458741,18703
238466520,18702
238473485,18707
238481420,18702
238489023,18707
238496876,18711
238504507,18709
238511410,18710
238519270,18710
238526883,18714
238534670,18713
238549172,18664
238556994,18672
238564617,18670
238572561,18667
238580156,18661
238587973,18654
238596134,18661
238604003,18663
238611641,18719
238619521,18652
238627159,18655
238635047,18653
238642676,18654
238650483,18653
238658041,18651
238665894,18654
238673502,18650
238681374,18644
238688946,18653
238696795,18647
238704450,18650
238711359,18651
238719142,18648
238726769,18653
238734597,18649
238742184,18652
238749061,18653
238756900,18653
238764523,18651
238772413,18651
238780012,18652
238787836,18654
238795438,18661
238803888,18657
238811494,18659
238819387,18654
238826994,18663
238834924,18660
238841787,18662
238849438,18654
238857318,18658
238864854,18662
238871777,18654
238879601,18661
238887232,18665
238895094,18662
238909621,18674
238917528,18687
238925124,18679
238932967,18684
238940584,18678
238948429,18680
238955994,18682
238962865,18683
238970667,18685
238978282,18688
238986136,18685
238992973,18687
239000586,18688
239008432,18687
239016674,18694
239024502,18714
239032137,18715
239040044,18713
239047665,18714
239055478,18722
239063121,18718
239070982,18721
239077827,18720
239085467,18725
239093337,18720
239100949,18723
239108799,18724
239116422,18727
239124265,18726
239131878,18720
239139696,18724
239147345,18748
239155209,18750
239162846,18749
239170664,18747
239178277,18752
239186117,18753
239192986,18750
239200574,18759
239208441,18752
239216011,18757
239224472,18758
239230381,18760
239238231,18758
239245813,18764
239253610,18759
239261228,18760
239269083,18738
239276760,18736
239284568,18735
239292177,18733
239300065,18729
239307765,18729
239315548,18727
239323177,18726
239331040,18719
239338678,18719
239346503,18719
239353371,18720
239360954,18721
239368783,18722
239376410,18715
239384225,18710
239391839,18702
239399732,18708
239407329,18702
239415201,18704
239422853,18701
239430716,18702
239438334,18702
239445935,18701
239453760,18702
239461347,18705
239468177,18704
239476016,18697
239483639,18695
239491510,18700
239499082,18700
239513784,18710
239521415,18700
239529265,18701
239536877,18703
239544689,18706
239552343,18703
239559193,18702
239567071,18703
239574744,18704
239582505,18695
239589345,18705
239596925,18696
239604743,18700
239612403,18703
239620275,18704
239634777,18710
239642633,18720
239657723,18720
239665333,18715
239672278,18717
239680150,18718
239687827,18722
239695692,18723
239702540,18723
239709416,18719
239716968,18722
239724827,18740
239732465,18722
239740331,18746
239747970,18742
239755811,18747
239763446,18747
239771348,18742
239778952,18746
239786837,18746
239794416,18750
239802276,18751
239809909,18747
239817791,18747
239824653,18755
239832293,18750
239840129,18748
239847767,18754
239855558,18753
239863801,18775
239871633,18780
239879255,18776
239887047,18772
239894727,18778
239902550,18776
239910155,18777
239917996,18778
239925674,18775
239933476,18785
239940359,18780
239947182,18778
239954840,18784
239962632,18784
239970272,18780
239978128,18783
239985730,18801
239993507,18791
240001094,18794
240008894,18790
240016495,18793
240024391,18788
240031992,18783
240039853,18780
240047455,18775
240055363,18778
240063009,18775
240071552,18769
240079264,18767
240087177,18766
240094867,18760
240109637,18734
240117267,18731
240125089,18730
240132724,18729
240140537,18733
240148154,18732
240154404,18730
240162276,18730
240169872,18738
240177678,18724
240185329,18730
240193187,18735
240200837,18738
240208679,18731
240216334,18724
240224157,18733
240231801,18732
240239621,18734
240247215,18729
240255028,18734
240262661,18726
240270577,18726
240278763,18723
240286668,18730
240294357,18729
240301340,18722
240309284,18731
240316918,18729
240324819,18728
240332523,18724
240347347,18726
240354973,18725
240362856,18725
240370444,18726
240378372,18731
240385946,18729
240392838,18730
240400670,18730
240408342,18731
240416245,18730
240423153,18732
240430777,18733
240438692,18734
240446372,18738
240454242,18729
240461865,18742
240469666,18743
240477273,18751
240485100,18751
240493397,18750
240501252,18749
240508912,18751
240515756,18750
240523585,18752
240531205,18752
240539119,18751
240546029,18753
240553688,18750
240561524,18755
240569108,18750
240576987,18754
240584564,18771
240592418,18773
240599985,18771
240607805,18771
240615442,18773
240623366,18773
240630976,18779
240638825,18776
240646478,18774
240654368,18776
240661226,18778
240668845,18782
240676699,18778
240684303,18777
240692102,18782
240707538,18796
240715134,18796
240722995,18795
240730667,18792
240738576,18790
240746213,18796
240753181,18792
240761032,18796
240768683,18790
240776490,18793
240784064,18795
240791885,18786
240799475,18787
240807358,18781
240814965,18777
240822845,18717
240830467,18713
240838355,18705
240845932,18713
240853771,18713
240861385,18713
240869254,18704
240876146,18705
240883826,18709
240891700,18705
240906245,18705
240913951,18705
240922445,18702
240930060,18699
240944845,18686
240952482,18688
240960366,18687
240967993,18687
240975858,18690
240983495,18688
240989704,18683
240997537,18689
241005126,18690
241012985,18686
241019848,18689
241027449,18686
241035354,18686
241042975,18682
241050838,18682
241058463,18672
241066281,18670
241073888,18669
241081715,18672
241089328,18672
241097144,18670
241104784,18674
241112585,18672
241120180,18673
241128633,18673
241135465,18667
241143062,18670
241150891,18674
241158529,18675
241166401,18674
241173995,18674
241181853,18684
241189466,18688
241197311,18685
241204931,18687
241212823,18688
241220488,18695
241227360,18689
241235223,18692
241242867,18687
241250693,18691
241258352,18689
241266180,18687
241273807,18689
241281627,18694
241289255,18692
241303991,18708
241311606,18709
241319448,18708
241327030,18710
241335462,18704
241343063,18713
241349933,18711
241357788,18709
241365399,18714
241373178,18716
241380847,18715
241388621,18718
241396295,18717
241404150,18716
241411811,18721
241419613,18732
241427238,18738
241435109,18735
241442815,18737
241450581,18731
241458192,18735
241466062,18738
241473694,18738
241481548,18740
241489161,18741
241496058,18738
241503939,18739
241511566,18743
241519456,18742
241527037,18737
241534849,18738
241543072,18664
241550987,18664
241558603,18662
241566495,18658
241574117,18656
241581987,18653
241588117,18652
241595703,18653
241603515,18647
241611106,18650
241618933,18649
241626542,18647
241634397,18642
241641998,18641
241649816,18635
241664331,18626
241672168,18627
241679828,18630
241687576,18632
241695200,18631
241703103,18630
241710758,18625
241718561,18630
241726148,18627
241733079,18626
241740943,18630
241748555,18627
241757062,18627
241764707,18623
241772577,18627
241780178,18622
241787990,18618
241795590,18620
241803474,18627
241811112,18624
241818949,18613
241825847,18618
241833480,18626
241841388,18621
241848932,18617
241856762,18616
241864350,18618
241871205,18623
241879090,18626
241886710,18628
241894527,18624
241902144,18636
241909957,18631
241917551,18633
241925418,18634
241933050,18638
241940881,18646
241948518,18639
241956372,18641
241964621,18644
241971566,18639
241979402,18643
241986968,18644
241994790,18646
242002371,18642
242010206,18646
242024737,18661
242032562,18668
242040180,18663
242048022,18667
242055629,18667
242063460,18666
242070279,18667
242077909,18673
242085662,18670
242093271,18669
242101098,18665
242108745,18676
242116550,18678
242124174,18676
242132044,18673
242146252,18692
242154125,18690
242161876,18696
242169738,18688
242177884,18698
242184132,18694
242191972,18690
242199642,18698
242206538,18700
242214434,18701
242222026,18697
242229931,18703
242237555,18697
242245455,18700
242253009,18702
242260860,18641
242268497,18643
242276383,18629
242283976,18631
242291883,18627
242299481,18628
242307394,18622
242314973,18625
242322782,18615
242330416,18620
242338276,18621
242345910,18616
242352780,18617
242360606,18614
242368238,18610
242383000,18599
242391245,18604
242399098,18603
242406691,18599
242414539,18605
242422179,18601
242430056,18603
242437697,18599
242444582,18597
242452447,18600
242460055,18600
242467894,18599
242474784,18603
242482462,18600
242490340,18605
242497941,18602
242505764,18598
242513390,18600
242521193,18601
242528838,18597
242536628,18597
242544199,18596
242552046,18603
242559718,18598
242567624,18599
242575252,18592
242583061,18598
242589938,18594
242598082,18600
242605976,18596
242613597,18605
242621479,18611
242629064,18619
242636928,18616
242644555,18615
242652403,18619
242659921,18616
242666803,18611
242674640,18618
242682291,18621
242690140,18621
242697796,18621
242705642,18615
242713249,18619
242721094,18623
242728716,18625
242736583,18644
242744184,18645
242752037,18645
242759610,18649
242767508,18645
242775113,18643
242782976,18649
242789820,18646
242797419,18653
242804262,18651
242812661,18654
242820300,18655
242828141,18652
242835822,18653
242843676,18654
242851286,18648
242859131,18673
242866744,18679
242874586,18682
242882206,18680
242890061,18679
242897689,18676
242904613,18680
242912503,18681
242920124,18681
242927933,18681
242935524,18685
242943403,18681
242950964,18683
242958792,18684
242966421,18684
242981173,18616
242988832,18618
242996632,18615
243004277,18610
243012162,18610
243020427,18606
243027299,18601
243035208,18603
243042147,18604
243049774,18597
243057693,18597
243065289,18594
243073126,18600
243080779,18596
243088606,18597
243096250,18589
243104146,18586
243111799,18590
243119563,18586
243127181,18582
243135011,18586
243142639,18594
243150463,18589
243158038,18589
243165861,18584
243173460,18585
243181360,18583
243188941,18587
243195829,18592
243203633,18587
243211236,18583
243219065,18586
243227225,18581
243235160,18583
243242794,18590
243250648,18583
243258261,18585
243265152,18584
243272954,18581
243279815,18587
243287435,18587
243295342,18585
243302944,18590
243310738,18581
243317558,18587
243325164,18590
243332989,18594
243340584,18599
243348495,18607
243356047,18610
243363922,18605
243371568,18613
243379469,18609
243393692,18608
243401581,18608
243409198,18610
243417069,18615
243424725,18610
243431609,18618
243439497,18620
243447812,18620
243462537,18643
243470126,18638
243477956,18645
243485620,18645
243493519,18636
243501169,18643
243508007,18643
243515871,18647
243523447,18643
243531288,18645
243538899,18647
243546697,18647
243554349,18642
243562202,18649
243569824,18649
243577717,18672
243585302,18680
243593112,18675
243600779,18668
243608576,18681
243616230,18677
243623101,18679
243630960,18679
243637816,18674
243645428,18676
243653303,18682
243661573,18676
243669457,18681
243677084,18680
243684907,18674
243692549,18677
243700430,18609
243708023,18612
243715879,18611
243723471,18611
243731343,18610
243738948,18609
243745793,18610
243753605,18608
243761218,18607
243769037,18608
243776648,18603
243784513,18601
243792084,18602
243799914,18604
243807528,18604
243822309,18601
243829911,18599
243837751,18595
243845415,18596
243853227,18598
243860835,18602
243869342,18605
243876168,18605
243883840,18604
243891681,18600
243899310,18604
243907155,18603
243914799,18605
243922649,18604
243930262,18606
243938126,18604
243945794,18611
243953583,18608
243961189,18606
243969044,18608
243976663,18606
243982890,18611
243990668,18607
243998259,18608
244006106,18606
244013716,18611
244021574,18608
244029155,18610
244037053,18610
244044650,18612
244052532,18614
244060129,18627
244067967,18637
244076240,18635
244084127,18636
244091810,18635
244098706,18638
244106582,18641
244113488,18643
244121079,18641
244128895,18641
244136513,18642
244144394,18650
244151981,18645
244159828,18652
244167492,18649
244182239,18667
244189876,18669
244197686,18642
244205267,18664
244213151,18671
244220782,18672
244228604,18668
244236225,18670
244244100,18668
244251750,18669
244259552,18677
244267121,18675
244274964,18679
244283199,18675
244291123,18681
244298792,18708
244306655,18703
244314225,18703
244322123,18707
244329769,18707
244336627,18708
244343503,18709
244351351,18706
244358990,18705
244366844,18705
244374489,18704
244382338,18714
244389964,18713
244397782,18709
244405354,18704
244413245,18709
244420887,18647
244428689,18654
244436332,18653
244444182,18655
244451836,18649
244459682,18651
244467293,18648
244474151,18648
244482021,18649
244489646,18651
244498160,18647
244505805,18650
244513618,18646
244521190,18648
244529035,18646
244543550,18642
244551419,18644
244559017,18648
244566850,18646
244574466,18647
244582311,18647
244589882,18651
244597696,18656
244605322,18652
244613186,18651
244620835,18651
244635286,18647
244642201,18645
244656998,18645
244664606,18652
244672527,18652
244680130,18649
244688025,18648
244694904,18662
244702548,18657
244710348,18657
244717930,18656
244725730,18658
244733375,18653
244741240,18656
244748892,18654
244756686,18659
244764278,18656
244772108,18678
244779744,18676
244787567,18681
244795159,18678
244802967,18674
244810588,18684
244818443,18682
244825284,18676
244832919,18684
244840707,18679
244848321,18683
244856163,18689
244863789,18685
244871668,18685
244879333,18684
244887152,18689
244894791,18709
244902623,18712
244910264,18718
244918626,18713
244926240,18707
244933057,18715
244940910,18716
244948563,18713
244956434,18713
244964028,18716
244971889,18716
244979495,18717
244987334,18716
244994932,18718
245002728,18724
245017212,18739
245025068,18743
245032682,18747
245040513,18748
245048130,18748
245055940,18744
245063523,18744
245071344,18749
245078967,18746
245086801,18749
245094454,18754
245102316,18750
245109933,18760
245117729,18754
245125853,18753
245133642,18719
245141251,18715
245149095,18715
245156687,18706
245164557,18703
245171431,18714
245178383,18713
245185197,18709
245192849,18707
245200699,18705
245208344,18703
245216209,18708
245223866,18705
245231676,18709
245239278,18699
245247092,18703
245254662,18703
245262525,18703
245270173,18698
245278005,18710
245285627,18708
245292536,18704
245299404,18703
245307249,18706
245314875,18705
245322704,18711
245330350,18703
245338770,18709
245346388,18712
245354243,18707
245361883,18714
245369699,18710
245377345,18704
245385192,18706
245392843,18704
245400638,18706
245407491,18706
245414362,18713
245421966,18716
245429838,18711
245437442,18711
245445313,18709
245452917,18710
245460707,18715
245468301,18712
245476150,18710
245483803,18709
245491644,18711
245499241,18729
245507121,18728
245514721,18730
245522596,18733
245530190,18733
245538029,18732
245545545,18735
245553458,18733
245561062,18729
245568913,18736
245576591,18739
245584435,18737
245592001,18738
245599835,18739
245607484,18737
245621277,18750
245629127,18755
245636754,18760
245644612,18758
245652201,18759
245660007,18757
245667584,18760
245675493,18761
245683124,18761
245690953,18762
245698614,18763
245706534,18761
245714128,18762
245722005,18767
245729610,18763
245737451,18788
245745012,18792
245752886,18792
245761001,18789
245767864,18787
245774706,18788
245782583,18788
245790197,18789
245798022,18790
245805632,18793
245813509,18791
245821069,18795
245828942,18795
245836555,18794
245844433,18795
245852020,18798
245859824,18765
245867452,18759
245881997,18757
245888889,18762
245896783,18750
245903644,18759
245911255,18756
245919148,18755
245926776,18747
245934617,18750
245942236,18752
245950126,18749
245957798,18754
245965608,18746
245980777,18743
245988590,18745
245996159,18745
246003992,18744
246011592,18741
246018514,18752
246026383,18745
246033985,18745
246041870,18746
246049450,18752
246057305,18747
246064937,18747
246072690,18742
246080343,18741
246088189,18745
246095871,18737
246103714,18738
246111333,18739
246119188,18741
246126069,18739
246133674,18738
246141557,18741
246149139,18741
246156998,18742
246164650,18737
246172565,18738
246180716,18737
246188609,18736
246196221,18738
246204055,18742
246218560,18749
246226496,18750
246234086,18750
246241975,18753
246248819,18754
246256448,18756
246264307,18755
246271930,18756
246279715,18756
246287334,18755
246295183,18759
246302841,18757
246310692,18762
246318336,18764
246326199,18760
246333847,18771
246340691,18769
246348561,18771
246356155,18773
246364018,18773
246371617,18774
246378477,18776
246386327,18775
246394614,18776
246402475,18775
246410088,18772
246417954,18782
246425600,18781
246433498,18777
246441043,18776
246448845,18781
246456456,18790
246464336,18795
246471933,18795
246479782,18792
246486640,18795
246494255,18792
246502138,18795
246509777,18783
246517615,18794
246525184,18796
246533028,18794
246540628,18795
246548529,18800
246556075,18799
246563919,18804
246578438,18755
246586262,18749
246593894,18758
246602354,18754
246609264,18750
246616137,18750
246623784,18747
246631621,18748
246639231,18746
246647081,18740
246654683,18738
246662520,18738
246670041,18730
246677881,18738
246685480,18735
246693419,18723
246701016,18717
246708862,18714
246716442,18714
246724313,18712
246731975,18718
246739802,18720
246747432,18719
246755318,18715
246762933,18714
246770771,18720
246778359,18724
246786210,18720
246793880,18716
246801692,18720
246817102,18699
246824750,18703
246832621,18698
246840249,18694
246847121,18702
246853976,18693
246861839,18696
246869439,18697
246877353,18697
246884970,18705
246892780,18700
246900407,18700
246908319,18700
246915935,18703
246923707,18698
246938147,18699
246945998,18707
246953629,18708
246961516,18702
246969136,18707
246976952,18709
246984551,18705
246992442,18709
247000001,18711
247007834,18707
247015438,18711
247023900,18706
247031528,18704
247039401,18710
247053867,18723
247061710,18730
247069289,18724
247077165,18727
247084773,18726
247091661,18724
247099532,18734
247107142,18727
247114948,18729
247129217,18730
247137107,18729
247144750,18724
247152568,18727
247167107,18743
247174945,18739
247182569,18742
247189448,18743
247197343,18744
247204222,18742
247211144,18739
247218787,18742
247226610,18745
247234238,18749
247242626,18748
247250243,18738
247258070,18743
247265706,18745
247273559,18744
247288051,18675
247295952,18674
247303612,18673
247310497,18677
247318380,18671
247325264,18666
247331503,18664
247339062,18666
247346911,18662
247354547,18668
247362463,18654
247370032,18662
247377885,18657
247385513,18659
247393275,18656
247407817,18632
247415652,18628
247423282,18628
247430161,18627
247438026,18636
247444908,18636
247453110,18628
247460954,18630
247468601,18632
247476465,18631
247484049,18632
247491936,18634
247499600,18625
247507490,18630
247515061,18630
247522875,18610
247530459,18615
247538331,18611
247546007,18618
247553820,18608
247560706,18610
247568301,18610
247576172,18613
247583794,18611
247591607,18616
247599215,18612
247607109,18615
247614682,18612
247622533,18621
247630095,18619
247644793,18623
247652438,18629
247660855,18633
247668513,18626
247676376,18626
247683974,18628
247690801,18632
247698627,18624
247706248,18628
247714089,18623
247721767,18627
247729614,18630
247737177,18629
247745088,18633
247752716,18626
247760591,18649
247768190,18655
247776022,18646
247783637,18652
247790502,18646
247798369,18649
247805971,18650
247813830,18655
247821448,18653
247829339,18655
247836971,18643
247844828,18654
247852433,18653
247860283,18658
247868550,18655
247883390,18670
247891028,18674
247898813,18674
247906446,18673
247914339,18669
247921212,18675
247928162,18670
247935776,18670
247943636,18669
247951244,18663
247959132,18666
247966778,18667
247974622,18658
247982205,18661
247990020,18659
248004474,18576
248012341,18567
248020016,18568
248027899,18574
248034765,18577
248041651,18572
248048530,18572
248055415,18571
248062984,18576
248070767,18567
248078405,18570
248086814,18568
248094457,18568
248102299,18576
248109934,18567
248117800,18557
248125407,18558
248133189,18556
248140832,18561
248148663,18560
248156269,18560
248163156,18563
248170041,18562
248177853,18560
248185478,18565
248193301,18558
248200960,18557
248208753,18558
248216375,18555
248224185,18559
248231847,18555
248239690,18555
248247301,18556
248255157,18557
248262804,18552
248270617,18559
248278205,18561
248286069,18556
248294316,18559
248302125,18557
248309722,18555
248317555,18562
248325178,18561
248333019,18565
248340652,18568
248348602,18562
248369944,18582
248377589,18582
248385553,18582
248392479,18588
248399343,18591
248406289,18593
248413941,18589
248421788,18590
248429407,18591
248437323,18594
248444961,18588
248452815,18586
248460483,18594
248468289,18590
248475921,18614
248483681,18614
248491324,18614
248499223,18620
248507480,18616
248514401,18614
248522210,18612
248529852,18617
248537623,18613
248545225,18615
248553093,18613
248560742,18620
248568618,18624
248576244,18620
248584090,18624
248591680,18622
248599552,18643
248607161,18645
248614978,18644
248622577,18643
248630487,18638
248637324,18638
248644292,18637
248651951,18642
248659796,18635
248667399,18636
248675217,18631
248682875,18631
248690677,18624
248698313,18620
248706201,18619
248713872,18550
248722355,18550
248729966,18550
248737793,18552
248745359,18543
248752215,18549
248760097,18550
248767710,18547
248775606,18546
248783204,18543
248791018,18548
248798637,18553
248806487,18549
248814043,18541
248821886,18538
248829513,18543
248837296,18546
248844962,18546
248852734,18552
248860365,18551
248868236,18543
248875098,18547
248882694,18544
248890583,18546
248898197,18542
248906056,18546
248913700,18552
248921574,18548
248929750,18540
248937584,18547
248945196,18550
248959951,18554
248967623,18547
248975511,18556
248983080,18556
248990917,18558
248998549,18556
249005404,18556
249013307,18563
249020948,18556
249028768,18558
249036391,18560
249044248,18564
249051908,18559
249059743,18567
249067368,18570
249075175,18584
249082793,18585
249090626,18594
249098208,18585
249106083,18587
249112990,18602
249120573,18598
249128455,18586
249136605,18589
249144507,18595
249152131,18594
249159964,18591
249167565,18594
249175445,18598
249183028,18599
249197686,18620
249205306,18624
249213183,18625
249220788,18624
249228654,18625
249235533,18625
249243107,18623
249250950,18628
249258570,18625
249266439,18629
249274023,18625
249281845,18626
249289487,18631
249297375,18632
249305036,18630
249312845,18657
249320449,18660
249328273,18655
249335937,18663
249343761,18658
249351274,18658
249358939,18655
249365008,18659
249372815,18667
249380455,18662
249388261,18667
249395922,18664
249403725,18660
249411383,18663
249419250,18658
249426958,18658
249434788,18591
249442416,18586
249450238,18585
249457844,18581
249465624,18594
249472441,18585
249480073,18582
249486183,18585
249494004,18589
249501601,18580
249509509,18583
249517100,18585
249524946,18588
249532566,18590
249540429,18587
249548060,18582
249556543,18591
249564190,18587
249572029,18584
249579645,18595
249587521,18589
249594359,18596
249601269,18589
249615538,18596
249623470,18597
249631103,18595
249638972,18593
249646596,18597
249654509,18591
249662096,18592
249669953,18592
249677567,18600
249685508,18593
249693061,18592
249700901,18602
249707787,18595
249715413,18595
249722252,18602
249730046,18599
249737660,18595
249745507,18599
249753092,18594
249760955,18602
249768601,18601
249777119,18602
249784735,18605
249799511,18631
249807101,18631
249814928,18635
249822547,18630
249830438,18635
249837283,18633
249844141,18637
249851738,18640
249859565,18634
249867122,18639
249874934,18638
249882572,18643
249890440,18641
249898036,18637
249905840,18646
249920380,18676
249928174,18672
249935811,18669
249943636,18669
249951242,18679
249958107,18673
249965963,18672
249973604,18674
249981492,18673
249989715,18677
249997580,18676
250005132,18677
250013004,18678
250020641,18677
250035433,18707
250043080,18710
250050920,18710
250058542,18713
250066448,18717
250073381,18718
250081031,18713
250088846,18713
250096500,18717
250104379,18717
250112008,18718
250119844,18720
250127493,18721
250135418,18718
250143011,18720
250150827,18671
250158428,18671
250166299,18680
250173974,18669
250181881,18673
250188758,18667
250196212,18665
250203840,18669
250211635,18672
250219281,18670
250227171,18664
250234834,18671
250242625,18666
250250216,18669
250258049,18676
250265648,18669
250273516,18666
250281108,18669
250288921,18668
250296560,18674
250304405,18670
250311293,18672
250318935,18673
250325821,18674
250333697,18674
250341323,18677
250349164,18675
250356805,18679
250364657,18680
250372291,18680
250380174,18679
250387848,18677
250395661,18680
250403835,18679
250411713,18683
250419351,18680
250427230,18687
250434858,18683
250442735,18682
250450323,18687
250458145,18685
250465746,18690
250473575,18680
250481170,18688
250489013,18686
250496678,18686
250504620,18691
250519033,18708
250526829,18703
250534450,18712
250542264,18721
250549183,18709
250556803,18715
250564663,18710
250572306,18716
250580202,18713
250587819,18719
250595669,18721
250603264,18725
250611099,18714
250619322,18718
250627198,18717
250634849,18745
250642697,18749
250650268,18741
250658150,18741
250665760,18744
250671880,18745
250679475,18749
250687304,18744
250694964,18746
250702757,18750
250710352,18753
250718212,18744
250725884,18751
250733636,18751
250741230,18751
250749037,18757
250756671,18777
250764554,18780
250772142,18782
250779974,18779
250787585,18784
250795454,18788
250803033,18785
250809930,18781
250817703,18788
250825973,18787
250833855,18792
250841492,18790
250849342,18785
250863590,18778
250871534,18742
250879151,18739
250887038,18742
250894646,18744
250902530,18746
250907624,18736
250915516,18733
250923100,18741
250930944,18739
250938567,18737
250946427,18739
250954028,18739
250961825,18735
250969477,18739
250977414,18741
250985067,18740
250999900,18745
251007571,18743
251015508,18748
251023100,18741
251030910,18743
251039051,18745
251046968,18743
251054577,18748
251062448,18748
251070089,18750
251077972,18750
251085608,18747
251093518,18747
251101125,18755
251115950,18746
251123538,18749
251131403,18747
251139014,18743
251145032,18747
251152890,18753
251160513,18744
251168396,18741
251176025,18752
251183867,18751
251191494,18748
251199306,18756
251206938,18751
251214751,18753
251222335,18755
251230218,18771
251237849,18773
251245683,18768
251253942,18771
251260784,18771
251268615,18769
251276136,18772
251283983,18769
251291608,18772
251299521,18778
251307145,18778
251314981,18772
251322615,18773
251330491,18772
251338104,18776
251352782,18791
251360357,18791
251368221,18797
251375872,18804
251383679,18800
251390533,18797
251398114,18795
251405901,18802
251413540,18801
251421388,18804
251429032,18804
251436825,18806
251444450,18807
251452290,18803
251460568,18808
251468429,18823
251476021,18827
251483809,18823
251491412,18824
251499290,18831
251506190,18822
251513815,18822
251521663,18825
251529313,18821
251536236,18820
251544067,18810
251551691,18813
251559544,18816
251567131,18812
251575001,18806
251582624,18803
251590504,18761
251598088,18762
251605895,18765
251613523,18760
251620363,18764
251627246,18757
251635104,18764
251642702,18757
251650607,18766
251657464,18757
251665087,18761
251673564,18759
251681102,18759
251689015,18761
251696669,18760
251704620,18756
251712263,18743
251720143,18744
251727775,18745
251735601,18741
251741808,18743
251749449,18739
251757295,18745
251764931,18743
251772734,18741
251780365,18745
251788210,18741
251795829,18737
251803677,18744
251811288,18739
251819166,18745
251826822,18750
251834681,18729
251842289,18734
251850174,18733
251857094,18736
251864701,18730
251872592,18735
251880858,18733
251888703,18736
251895568,18731
251903147,18739
251911024,18738
251918664,18736
251926496,18732
251934098,18731
251941945,18735
251949588,18737
251957466,18741
251965041,18749
251972882,18748
251980499,18751
251988291,18748
251995164,18742
252002757,18746
252010625,18748
252017512,18749
252025123,18745
252032978,18753
252040617,18747
252048530,18747
252056119,18753
252063960,18745
252071568,18751
252079451,18765
252087650,18767
252094554,18764
252108084,18758
252115992,18761
252123636,18763
252130478,18767
252138359,18764
252145990,18767
252153836,18764
252161509,18768
252169446,18770
252177085,18768
252184936,18769
252199413,18771
252207234,18762
252214842,18766
252221705,18754
252228590,18749
252236489,18757
252244094,18753
252250963,18750
252258749,18745
252266338,18745
252274170,18739
252281738,18736
252289624,18737
252297226,18733
252305089,18730
252313298,18683
252321137,18679
252328746,18681
252336654,18681
252344262,18680
252352152,18684
252359760,18681
252366642,18671
252374527,18678
252382086,18683
252389947,18674
252397543,18675
252405401,18678
252413010,18667
252420786,18676
252428406,18680
252436265,18657
252443915,18657
252451719,18657
252459303,18652
252466158,18656
252473950,18658
252481562,18656
252488450,18654
252496273,18655
252503959,18655
252511797,18653
252520044,18654
252527857,18653
252535473,18656
252543276,18653
252550895,18653
252558754,18649
252566367,18651
252573237,18653
252581103,18652
252588695,18656
252596642,18651
252604253,18656
252612093,18649
252619687,18654
252627594,18651
252635159,18653
252642978,18656
252650619,18654
252658505,18655
252666055,18657
252680723,18676
252688311,18672
252696183,18670
252703853,18673
252711724,18676
252719326,18675
252726757,18667
252734666,18679
252742208,18660
252750097,18677
252757709,18678
252765598,18673
252773181,18674
252781013,18678
252788639,18676
252796477,18692
252804056,18695
252810870,18697
252818703,18695
252825590,18693
252833137,18693
252840965,18700
252847863,18695
252855489,18700
252863320,18698
252870950,18700
252878747,18695
252886363,18701
252894247,18700
252901890,18700
252909690,18699
252917287,18695
252925058,18694
252931896,18687
252940048,18688
252946942,18684
252954772,18684
252962431,18683
252970279,18672
252977912,18671
252985705,18668
252993339,18669
253001170,18665
253008775,18661
253016639,18656
253024209,18651
253032053,18648
253039695,18599
253046614,18604
253054509,18606
253062106,18605
253069921,18603
253077529,18600
253085332,18602
253092989,18603
253100739,18597
253108375,18600
253116232,18597
253123887,18596
253131678,18598
253139328,18600
253147742,18600
253155369,18593
253163216,18591
253170833,18584
253178686,18585
253186272,18586
253193173,18586
253201005,18597
253207880,18588
253215493,18592
253223376,18581
253231030,18590
253238840,18595
253246488,18588
253254316,18590
253261960,18589
253269756,18583
253277319,18586
253285166,18591
253292833,18590
253300695,18590
253308268,18589
253316150,18588
253323765,18593
253331625,18594
253346076,18595
253353710,18592
253362306,18592
253369971,18591
253377801,18593
253385459,18599
253393318,18592
253400231,18617
253407886,18614
253414803,18620
253422644,18619
253429518,18622
253437115,18624
253444919,18614
253452543,18617
253460337,18619
253467953,18614
253475718,18618
253483340,18623
253491240,18615
253498917,18619
253506780,18623
253514427,18618
253522309,18644
253529937,18651
253537762,18647
253544627,18643
253552219,18641
253560054,18649
253567686,18649
253576192,18650
253583796,18651
253591615,18653
253599187,18650
253606993,18650
253614625,18649
253622485,18648
253630052,18650
253636882,18655
253644724,18648
253652337,18647
253660189,18643
253667811,18643
253675663,18639
253683267,18636
253691111,18630
253698716,18621
253706647,18623
253714316,18618
253722242,18612
253729877,18617
253737767,18607
253745379,18612
253753286,18603
253767904,18568
253774798,18569
253783283,18568
253790927,18574
253798839,18568
253806531,18565
253814430,18570
253822041,18568
253829889,18570
253837510,18565
253845370,18564
253853048,18566
253860929,18561
253868546,18567
253875378,18567
253883275,18570
253890957,18569
253898801,18564
253905690,18566
253913296,18564
253921151,18570
253928790,18572
253936642,18567
253944208,18571
253952079,18567
253959711,18568
253967594,18570
253975189,18567
253983074,18571
253991310,18569
254006025,18575
254013672,18576
254021547,18574
254029207,18580
254037080,18584
254044757,18567
254051649,18578
254059537,18582
254067085,18579
254074931,18587
254082544,18586
254090428,18586
254098071,18586
254105867,18584
254112755,18585
254127199,18613
254135035,18619
254142675,18619
254150541,18616
254158147,18620
254165964,18618
254172841,18614
254180490,18617
254188334,18622
254195992,18624
254204384,18621
254212082,18620
254219931,18627
254227570,18632
254242358,18643
254250038,18653
254256913,18648
254264706,18653
254272284,18651
254280125,18649
254287760,18647
254295631,18650
254303197,18650
254311045,18649
254318675,18651
254326551,18658
254334138,18657
254341984,18655
254349622,18653
254357475,18656
254365091,18645
254372922,18651
254380551,18647
254387405,18636
254395243,18645
254402852,18640
254410733,18637
254418975,18632
254426782,18629
254434385,18623
254442262,18622
254449921,18620
254457734,18622
254465321,18615
254473163,18616
254480780,18592
254488661,18596
254495548,18595
254503126,18597
254511007,18595
254518649,18594
254526517,18589
254533387,18593
254540994,18594
254548743,18598
254556373,18596
254564262,18596
254571918,18590
254579753,18585
254601125,18604
254608783,18596
254616662,18602
254623556,18599
254631813,18605
254639712,18604
254647389,18602
254655290,18602
254662908,18605
254670692,18605
254678262,18606
254686137,18597
254693732,18606
254701636,18604
254708541,18600
254716114,18613
254723889,18620
254731498,18617
254739334,18621
254746967,18612
254754771,18625
254762375,18619
254770246,18615
254777901,18619
254785736,18626
254793335,18628
254801175,18619
254808766,18626
254816651,18622
254824220,18628
254839567,18649
254847135,18657
254853966,18657
254861771,18659
254869384,18651
254877217,18656
254884859,18660
254891782,18659
254899684,18662
254907259,18661
254915105,18660
254922702,18664
254930587,18668
254938146,18663
254945935,18663
254953543,18691
254961385,18683
254969012,18689
254976810,18695
254983656,18693
254991238,18696
254999071,18694
255006627,18693
255014485,18696
255022056,18695
255029865,18694
255037525,18698
255045371,18699
255053636,18697
255061513,18699
255068343,18706
255076012,18664
255083855,18662
255091478,18663
255099306,18660
255106958,18658
255114813,18656
255122407,18652
255129268,18658
255137112,18657
255144699,18659
255152609,18651
255160155,18644
255168034,18648
255175653,18643
255183562,18637
255191151,18644
255198968,18636
255206608,18636
255213474,18632
255221304,18636
255228945,18637
255236754,18637
255244332,18639
255252190,18636
255260379,18640
255268210,18636
255275817,18634
255283721,18637
255291346,18636
255299247,18635
255306140,18636
255320660,18640
255328565,18638
255335398,18638
255343031,18647
255350869,18639
255358503,18645
255366374,18640
255373234,18639
255380894,18643
255388734,18648
255396310,18649
255404133,18649
255411745,18640
255419653,18650
255426479,18650
255440970,18662
255448763,18667
255456394,18661
255464265,18663
255472531,18669
255480365,18666
255488020,18668
255495913,18666
255503555,18665
255511407,18666
255519044,18664
255526844,18673
255534435,18670
255541302,18672
255549168,18676
255556788,18697
255564672,18695
255571490,18696
255579132,18703
255586960,18707
255594595,18700
255602436,18700
255610062,18700
255617892,18710
255625477,18708
255633323,18699
255640982,18703
255648832,18710
255656474,18705
255664265,18706
255679280,18733
255687199,18736
255694832,18739
255702692,18737
255709573,18737
255717129,18741
255724954,18741
255732594,18738
255740394,18737
255748032,18738
255755847,18742
255763462,18739
255771313,18739
255778967,18739
255786743,18739
255794318,18694
255802198,18684
255809843,18693
255817723,18685
255825316,18687
255839763,18688
255847677,18687
255854569,18689
255862144,18686
255870004,18689
255877595,18684
255885425,18685
255893772,18682
255901703,18678
255916163,18679
255924038,18684
255930951,18687
255938557,18687
255945367,18685
255953229,18688
255960873,18680
255968694,18689
255976262,18688
255984075,18687
255991657,18684
255999522,18690
256007108,18680
256014947,18693
256021798,18690
256036298,18692
256044145,18690
256051035,18686
256058648,18691
256065490,18687
256073309,18690
256080936,18692
256088735,18691
256095662,18689
256103240,18692
256111737,18699
256119349,18694
256127158,18695
256134748,18694
256142593,18699
256150180,18719
256158039,18715
256165678,18716
256173597,18716
256181202,18717
256189024,18727
256196652,18717
256204528,18723
256212153,18716
256219990,18726
256227590,18718
256235408,18718
256243082,18722
256250889,18722
256258492,18726
256273176,18748
256280769,18744
256287699,18744
256295588,18745
256303227,18748
256311096,18745
256319366,18746
256327229,18745
256334800,18747
256342652,18756
256350216,18752
256358047,18755
256365687,18756
256373570,18754
256380452,18760
256388063,18769
256395908,18777
256403522,18783
256411330,18780
256418965,18782
256426793,18777
256434385,18775
256442231,18778
256449826,18777
256456715,18772
256464602,18764
256472187,18762
256480007,18762
256487639,18761
256495534,18758
256503150,18762
256510976,18721
256518624,18720
256526423,18721
256534075,18719
256541854,18724
256549438,18723
256557308,18720
256564956,18724
256572778,18724
256580410,18724
256588250,18718
256595847,18725
256603678,18725
256611238,18726
256618109,18723
256632803,18723
256640405,18723
256648315,18713
256655922,18722
256663740,18720
256671339,18725
256679157,18723
256686810,18724
256694697,18725
256702332,18727
256710194,18723
256717787,18722
256725682,18720
256733853,18724
256741724,18717
256749325,18718
256757197,18717
256764837,18718
256772711,18718
256780340,18722
256787217,18721
256795058,18724
256802704,18727
256810604,18723
256818155,18727
256826023,18726
256833644,18723
256841515,18724
256849099,18735
256855903,18727
256863753,18732
256871358,18754
256879207,18746
256886064,18753
256893659,18747
256901518,18747
256909127,18751
256916925,18756
256924550,18754
256932371,18754
256939990,18750
256948535,18754
256956140,18756
256963968,18748
256971580,18755
256979415,18752
256993917,18775
257001739,18779
257009296,18775
257017119,18780
257023990,18783
257031626,18782
257039489,18779
257047129,18777
257054952,18771
257062579,18778
257070404,18782
257084808,18784
257091774,18778
257099450,18787
257107339,18798
257115025,18798
257121921,18802
257129743,18807
257137303,18793
257145137,18796
257152779,18791
257161359,18782
257169050,18780
257176851,18786
257183690,18780
257191240,18780
257199071,18777
257206718,18771
257214588,18768
257222209,18766
257230053,18739
257237687,18743
257245598,18741
257253174,18744
257260044,18741
257267859,18743
257275450,18742
257283299,18736
257290966,18742
257298782,18736
257306403,18740
257314245,18736
257321895,18736
257329721,18737
257337305,18739
257345108,18735
257352742,18734
257360622,18732
257368762,18731
257376667,18728
257384316,18731
257392165,18737
257399767,18740
257407606,18730
257415233,18732
257423078,18730
257430738,18727
257438614,18732
257446256,18735
257453113,18731
257460962,18732
257468614,18729
257476412,18728
257483313,18728
257490959,18733
257498773,18730
257506399,18730
257514284,18725
257521932,18729
257529710,18726
257537280,18725
257544133,18731
257551931,18732
257559551,18728
257567389,18738
257575019,18732
257583543,18752
257591167,18750
257598978,18746
257606628,18751
257614528,18755
257622206,18751
257630130,18751
257637850,18750
257645751,18752
257653379,18755
257660233,18754
257668101,18754
257675700,18755
257683602,18748
257690443,18748
257698125,18752
257705963,18772
257713597,18776
257721416,18773
257729086,18775
257736997,18774
257744631,18773
257752607,18776
257760299,18777
257768127,18773
257775773,18774
257783615,18775
257791882,18776
257799751,18778
257806606,18776
257814195,18779
257828914,18777
257836510,18773
257843400,18769
257851337,18765
257859000,18766
257866800,18766
257874410,18763
257882267,18758
257889935,18757
257897774,18755
257905410,18747
257913255,18751
257920873,18752
257928720,18745
257936285,18741
257944114,18720
257951739,18720
257959609,18716
257967225,18719
257975077,18719
257981940,18717
257989559,18719
257997383,18711
258005615,18718
258013413,18723
258021123,18713
258028971,18716
258036578,18719
258044444,18722
258052073,18721
258059851,18719
258067460,18718
258075310,18710
258082176,18713
258089776,18712
258097670,18713
258105220,18709
258113051,18708
258120656,18713
258128553,18716
258136152,18716
258143947,18711
258151593,18712
258159448,18705
258167126,18712
258174943,18712
258189414,18721
258197199,18723
258204796,18715
258213314,18723
258220211,18719
258227806,18718
258235674,18721
258243244,18727
258251076,18725
258258686,18727
258266534,18725
258274148,18732
258281998,18725
258289609,18732
258297426,18730
258305054,18751
258312874,18749
258327308,18751
258334246,18751
258341846,18753
258349724,18753
258357335,18747
258365241,18750
258372853,18760
258380729,18758
258387620,18759
258395282,18761
258402141,18759
258409960,18760
258417562,18760
258426014,18774
258433664,18776
258440515,18773
258448401,18777
258456044,18776
258463860,18779
258471486,18776
258479357,18775
258487063,18778
258494858,18782
258502457,18781
258510280,18782
258517917,18782
258525801,18787
258533448,18783
258548081,18736
258555703,18732
258563570,18732
258571170,18726
258579024,18728
258586646,18727
258594477,18725
258602101,18725
258609876,18723
258617514,18718
258625375,18713
258633662,18717
258641535,18713
258649132,18711
258663887,18699
258671470,18700
258678349,18695
258686172,18695
258693835,18701
258701742,18696
258709325,18697
258717162,18699
258724734,18701
258732605,18695
258740181,18696
258748034,18706
258755639,18698
258763539,18696
258771136,18693
258778997,18684
258786645,18677
258794460,18680
258802089,18678
258809818,18681
258817424,18682
258825299,18680
258832954,18677
258840759,18685
258849057,18678
258856889,18686
258864517,18679
258871338,18684
258878152,18685
258885971,18684
258893580,18684
258901419,18693
258909026,18695
258916904,18694
258924547,18699
258932392,18694
258940020,18702
258947878,18696
258955484,18700
258963383,18701
258971039,18698
258978844,18697
258986425,18697
258994259,18698
259001892,18709
259009708,18702
259024172,18722
259031965,18721
259038812,18715
259046451,18723
259054916,18721
259062562,18724
259070402,18719
259078081,18718
259085929,18722
259093585,18721
259101435,18721
259109078,18722
259116942,18725
259124556,18723
259132419,18718
259140063,18744
259147873,18742
259155475,18736
259163326,18733
259171019,18738
259178806,18733
259186392,18733
259194263,18728
259201821,18733
259209731,18726
259217337,18721
259225173,18719
259232032,18718
259239655,18713
259247497,18701
259255135,18700
259263635,18648
259271178,18650
259278097,18647
259286009,18653
259293646,18647
259301538,18649
259309152,18647
259316995,18647
259324617,18653
259332480,18643
259340100,18650
259347970,18641
259354832,18642
259362437,18643
259370352,18652
259384834,18651
259392718,18654
259400323,18651
259408118,18643
259415752,18650
259423642,18650
259431271,18649
259439160,18647
259446763,18649
259454607,18646
259462216,18648
259470080,18643
259478284,18640
259486136,18642
259493756,18643
259501640,18630
259509313,18637
259516180,18631
259524066,18626
259531702,18638
259538569,18626
259546424,18633
259554100,18634
259568483,18626
259576386,18640
259584099,18638
259590256,18632
259597869,18637
259605718,18637
259613356,18636
259621255,18661
259628892,18658
259636863,18658
259644544,18656
259652398,18658
259660041,18654
259667810,18659
259675425,18659
259683265,18658
259691495,18655
259699320,18664
259706227,18661
259713235,18664
259721150,18667
259728797,18665
259743635,18674
259751288,18683
259759244,18688
259766837,18684
259774704,18684
259782343,18689
259790192,18679
259797828,18689
259805708,18691
259813280,18690
259821179,18687
259828073,18691
259835734,18686
259843591,18694
259851260,18692
259859112,18648
259866732,18643
259873539,18643
259881380,18643
259889052,18637
259896896,18636
259905151,18639
259912948,18636
259920572,18633
259928402,18633
259936084,18629
259943942,18633
259951589,18624
259959463,18631
259967117,18630
259981910,18613
259989507,18613
259997375,18610
260004983,18609
260012762,18613
260020364,18612
260028226,18613
260035796,18609
260043687,18607
260051312,18615
260059158,18613
260066785,18610
260074634,18614
260082207,18615
260090039,18612
260097696,18611
260105555,18608
260113032,18612
260120635,18610
260128521,18608
260135397,18611
260143036,18607
260150852,18608
260158449,18614
260166345,18613
260173989,18616
260181830,18614
260189425,18611
260197293,18617
260204882,18612
260219636,18624
260227221,18626
260235042,18631
260242680,18625
260250517,18630
260258137,18634
260265982,18625
260273599,18631
260281430,18631
260289091,18635
260296918,18630
260303781,18635
260311382,18641
260319885,18641
260327559,18640
260335461,18660
260343106,18659
260350975,18667
260358635,18664
260366452,18665
260373397,18669
260381061,18674
260388901,18671
260396496,18673
260404381,18667
260412008,18665
260419807,18672
260427385,18671
260434253,18674
260442081,18671
260449696,18675
260457584,18698
260465160,18693
260471997,18703
260479829,18700
260487455,18701
260494358,18702
260502223,18700
260509863,18698
260517720,18704
260525340,18703
260533792,18708
260541396,18709
260549262,18696
260556150,18701
260563829,18705
260571707,18705
260579283,18637
260587151,18632
260594000,18637
260601584,18640
260609393,18628
260617032,18637
260624848,18640
260632464,18636
260640314,18636
260648029,18637
260655792,18628
260662602,18634
260670192,18632
260677988,18628
260685603,18628
260693510,18629
260701165,18634
260708003,18631
260715765,18634
260723375,18637
260731210,18632
260739411,18638
260747303,18632
260754935,18631
260762806,18634
260770414,18638
260778295,18637
260785966,18636
260793796,18633
260801414,18629
260822803,18633
260830745,18640
260838336,18643
260846226,18639
260853867,18641
260861769,18641
260869310,18645
260877167,18641
260884804,18646
260892645,18645
260899528,18649
260907160,18652
260914036,18645
260921903,18645
260929545,18649
260937364,18669
260944233,18668
260951819,18673
260960275,18673
260967898,18670
260975724,18677
260983331,18668
260991163,18676
260998802,18673
261006668,18674
261014243,18673
261022096,18678
261029739,18678
261037613,18679
261045208,18683
261060002,18709
261067628,18707
261075479,18714
261083150,18714
261090994,18712
261098628,18711
261106444,18714
261114080,18717
261121911,18715
261129507,18717
261136381,18714
261144227,18721
261151861,18712
261159785,18721
261168035,18719
261175861,18736
261183442,18740
261191272,18740
261198922,18740
261206769,18739
261213684,18740
261221291,18739
261229136,18734
261236769,18730
261244646,18730
261252213,18724
261260044,18724
261267678,18723
261275467,18724
261283085,18718
261290960,18722
261298573,18674
261306421,18674
261314087,18685
261322014,18681
261329690,18679
261337663,18677
261345291,18672
261353132,18698
261360792,18678
261368688,18679
261376273,18679
261383924,18673
261391779,18676
261398665,18676
261406260,18677
261420936,18680
261428584,18682
261436419,18677
261444080,18686
261451937,18680
261459556,18685
261467393,18683
261475060,18683
261482905,18680
261490514,18681
261498416,18679
261506012,18682
261513888,18683
261521491,18684
261529457,18682
261537104,18690
261544007,18689
261551921,18689
261559566,18687
261567407,18691
261574300,18697
261581935,18685
261590472,18691
261598131,18688
261605959,18699
261612862,18697
261620478,18703
261628357,18692
261635960,18697
261643913,18697
261651606,18700
261659390,18719
261666955,18721
261674840,18725
261682465,18726
261690332,18724
261697923,18723
261705768,18726
261713389,18726
261721231,18725
261728846,18725
261736766,18729
261744349,18725
261752173,18727
261759826,18729
261767706,18733
261782173,18747
261789921,18748
261798168,18750
261805946,18751
261812816,18745
261820397,18746
261828267,18751
261835890,18752
261843777,18753
261850652,18752
261858242,18752
261866045,18755
261873648,18758
261881550,18759
261889198,18759
261897028,18773
261903924,18770
261911598,18764
261919415,18767
261927019,18756
261934836,18762
261942435,18757
261950322,18753
261957988,18751
261965838,18750
261973452,18750
261981305,18748
261988900,18742
261996753,18751
262004854,18742
262019697,18719
262027251,18725
262035064,18727
262042699,18727
262050568,18725
262064861,18722
262072813,18721
262080440,18727
262087401,18723
262095326,18729
262102969,18724
262110862,18726
262118495,18720
262125360,18723
262133192,18731
262140033,18729
262147659,18726
262155563,18730
262163171,18728
262170006,18728
262177823,18726
262185483,18726
262193327,18733
262200920,18730
262208783,18729
262216363,18731
262224816,18729
262232461,18727
262240328,18728
262247964,18736
262255832,18741
262263434,18728
262271296,18741
262278883,18740
262286774,18737
262294386,18742
262302239,18741
262309859,18743
262317744,18745
262324564,18750
262332162,18744
262339963,18746
262347568,18751
262355428,18749
262363086,18749
262377775,18768
262385378,18773
262393247,18770
262400829,18774
262408688,18773
262416301,18776
262424129,18770
262432392,18770
262440273,18773
262447869,18774
262455736,18778
262463370,18778
262471182,18777
262478791,18781
262485666,18782
262493491,18813
262500385,18803
262508037,18811
262515900,18806
262523507,18815
262530374,18809
262538173,18815
262545733,18814
262553621,18816
262561207,18814
262569007,18816
262576623,18815
262584485,18819
262592140,18819
262599998,18821
262606844,18823
262614422,18798
262621327,18797
262629182,18798
262636818,18799
262645330,18797
262653003,18796
262660853,18794
262668470,18796
262676305,18797
262683920,18790
262691821,18791
262699426,18790
262707302,18787
262714937,18794
262722783,18788
262730407,18788
262737271,18797
262745053,18802
262752675,18798
262760530,18800
262768203,18802
262776038,18805
262783663,18799
262791487,18798
262799109,18801
262805928,18797
262813770,18803
262821365,18807
262829204,18805
262836878,18805
262844737,18804
262860117,18804
262867745,18809
262875628,18809
262883219,18807
262891063,18807
262898725,18808
262906613,18801
262914206,18815
262922001,18806
262929646,18817
262937458,18811
262945121,18808
262952976,18805
262960612,18812
262967494,18819
262981574,18827
262989176,18820
262996934,18822
263004520,18821
263012370,18824
263020002,18822
263027795,18822
263035350,18826
263043174,18829
263050804,18827
263058660,18823
263066847,18825
263074678,18828
263082278,18832
263095248,18845
263102870,18851
263110800,18847
263118367,18848
263126201,18849
263133853,18853
263141688,18849
263149305,18852
263157161,18853
263164794,18854
263172683,18846
263180336,18849
263188123,18848
263195748,18845
263203608,18846
263211237,18866
263219092,18867
263226739,18866
263234612,18873
263242233,18867
263250064,18874
263256933,18873
263264596,18864
263273054,18872
263280676,18869
263287545,18874
263295395,18871
263309661,18874
263317635,18873
263324553,18868
263331430,18817
263339117,18820
263347008,18818
263354632,18815
263362497,18814
263370177,18817
263378048,18812
263385708,18812
263393600,18815
263400459,18814
263408111,18808
263415873,18806
263423455,18800
263431295,18803
263438895,18805
263445857,18811
263453719,18792
263461296,18787
263469117,18789
263476708,18789
263484575,18794
263492900,18790
263500817,18797
263508388,18794
263516277,18789
263523898,18796
263531754,18787
263539324,18785
263547157,18792
263554747,18793
263561648,18789
263575700,18775
263583323,18773
263591173,18776
263598743,18775
263606574,18773
263614183,18776
263621956,18776
263629550,18773
263637397,18777
263645042,18783
263652860,18779
263660457,18778
263668316,18776
263675935,18783
263682794,18777
263696936,18798
263705242,18802
263713157,18799
263720848,18802
263728771,18796
263735695,18801
263743278,18797
263751171,18807
263758812,18808
263766713,18810
263774327,18806
263782150,18804
263789809,18806
263797662,18811
263804484,18813
263812101,18831
263819923,18835
263827589,18838
263835444,18839
263843091,18835
263850918,18833
263858530,18833
263866352,18834
263873996,18835
263881909,18833
263889549,18830
263897428,18828
263905112,18836
263913588,18839
263920479,18840
263935045,18829
263942809,18823
263950378,18822
263958258,18813
263965875,18812
263973784,18814
263981375,18813
263989219,18806
263996856,18801
264003728,18795
264011591,18800
264019223,18788
264027046,18790
264034690,18785
264041534,18779
264049398,18742
264057037,18738
264064917,18739
264072512,18739
264080361,18732
264088033,18738
264095827,18736
264103402,18740
264111271,18735
264119463,18738
264127387,18739
264135036,18732
264142878,18739
264150490,18736
264157398,18733
264172162,18713
264179761,18708
264187612,18709
264195251,18708
264203113,18710
264210730,18711
264218579,18711
264226218,18713
264234032,18709
264241716,18712
264249604,18706
264257207,18707
264265024,18703
264272663,18708
264280493,18707
264287381,18696
264294996,18702
264302831,18706
264310394,18702
264318222,18699
264325820,18695
264334317,18700
264341899,18696
264349791,18698
264357451,18701
264365322,18692
264372951,18697
264380827,18699
264388447,18703
264396266,18695
264410737,18700
264418622,18696
264426185,18705
264434079,18704
264441685,18703
264449583,18703
264456432,18705
264464050,18704
264471848,18709
264479461,18707
264487304,18707
264494910,18706
264502833,18707
264510474,18707
264518339,18707
264532023,18751
264540100,18741
264554641,18749
264562597,18754
264570268,18756
264578099,18752
264585746,18755
264593615,18759
264600482,18756
264608126,18751
264615964,18761
264623625,18760
264631475,18761
264646010,18739
264653846,18744
264661436,18733
264669295,18735
264676888,18734
264684772,18734
264692370,18729
264700199,18736
264707812,18730
264715716,18725
264723322,18730
264731151,18729
264738750,18727
264746585,18726
264761124,18721
264768943,18728
264776546,18723
264784408,18727
264792038,18728
264799885,18724
264807508,18731
264814402,18730
264822216,18725
264829829,18725
264837718,18731
264845325,18728
264853183,18724
264860774,18728
264868617,18727
264876225,18731
264883142,18727
264890979,18729
264898573,18724
264906424,18730
264914071,18730
264921903,18717
264929501,18725
264937340,18725
264944901,18724
264952842,18724
264960404,18725
264968869,18726
264976428,18722
264984295,18730
264991916,18730
264998797,18737
265005611,18733
265013418,18735
265021081,18741
265028895,18734
265036494,18740
265044343,18744
265051939,18743
265059822,18741
265067366,18746
265075219,18744
265082845,18753
265090704,18752
265098344,18754
265106157,18750
265113783,18755
265121717,18788
265129348,18779
265137174,18780
265144774,18788
265152670,18782
265160249,18787
265168084,18791
265175646,18788
265183593,18790
265191241,18792
265198094,18792
265205997,18793
265213607,18798
265221461,18795
265229163,18792
265243848,18813
265251496,18809
265259329,18807
265266955,18805
265274821,18805
265282367,18801
265290197,18799
265297825,18798
265305708,18794
265312626,18788
265320289,18780
265328202,18781
265335862,18774
265343765,18771
265351389,18772
265359297,18712
265366141,18709
265373782,18705
265381703,18711
265389972,18708
265397845,18708
265405490,18709
265413325,18704
265420953,18711
265428836,18701
265436458,18699
265444317,18701
265451964,18702
265459810,18699
265467338,18710
265482079,18719
265489731,18711
265497604,18710
265505241,18714
265513083,18718
265520718,18702
265528516,18714
265535384,18711
265542940,18707
265550808,18714
265558407,18710
265566295,18720
265573906,18709
265581796,18709
265589389,18714
265597810,18705
265604706,18700
265612260,18707
265620086,18702
265627710,18705
265635554,18708
265643213,18694
265651073,18703
265658713,18707
265666536,18698
265673421,18696
265681078,18699
265688900,18706
265696522,18700
265704358,18710
265711985,18707
265719832,18724
265726701,18714
265734282,18719
265742077,18715
265749731,18722
265757619,18719
265765210,18724
265773006,18723
265780622,18723
265795097,18727
265802728,18727
265811224,18729
265818863,18738
265826781,18730
265839911,18722
265847561,18727
265855452,18726
265863136,18726
265870959,18728
265878561,18736
265886418,18724
265893308,18723
265900956,18723
265907825,18726
265915726,18727
265923311,18728
265931110,18728
265938745,18728
265946620,18731
265959699,18658
265967298,18650
265975162,18661
265982778,18653
265990624,18663
265998207,18654
266005980,18655
266012797,18652
266020362,18654
266027900,18647
266035809,18648
266043381,18649
266051266,18646
266058922,18655
266066807,18647
266074418,18666
266082236,18666
266089857,18662
266097745,18665
266105311,18667
266113167,18667
266120778,18667
266128654,18665
266136261,18667
266144088,18667
266151697,18668
266159598,18667
266167235,18665
266175023,18669
266182643,18666
266190476,18669
266198136,18686
266205978,18681
266213575,18681
266221412,18686
266229687,18682
266237614,18689
266245258,18690
266252098,18694
266259879,18690
266267482,18694
266275326,18684
266282972,18690
266290816,18696
266298428,18699
266306279,18698
266319997,18750
266327631,18750
266335468,18755
266343094,18752
266350924,18751
266358553,18754
266366431,18757
266374018,18757
266381866,18753
266389500,18758
266397312,18762
266404849,18753
266412716,18757
266420292,18761
266428152,18763
266435780,18790
266444283,18791
266451904,18799
266459756,18801
266467382,18791
266475211,18796
266482812,18801
266489711,18802
266497564,18791
266504426,18804
266512089,18807
266519910,18803
266527476,18810
266535287,18807
266542906,18806
266550806,18814
266558343,18763
266565212,18763
266573034,18755
266580617,18762
266588445,18762
266596060,18755
266603837,18753
266610724,18755
266618313,18754
266626180,18754
266633828,18754
266641735,18755
266649916,18752
266657867,18757
266665473,18752
266673296,18751
266680166,18749
266687030,18755
266694670,18755
266702496,18758
266710146,18756
266717975,18758
266725566,18758
266733424,18761
266741054,18756
266748919,18758
266756548,18756
266764409,18762
266772069,18759
266779897,18764
266787507,18757
266795301,18771
266802892,18763
266810732,18772
266818323,18770
266826202,18775
266833819,18765
266841736,18764
266848608,18764
266856232,18763
266863670,18768
266871519,18766
266879155,18765
266887013,18766
266894630,18765
266902479,18766
266910157,18772
266918007,18799
266925620,18795
266933459,18803
266941088,18795
266948918,18797
266956534,18805
266964404,18803
266972046,18808
266979904,18808
266987502,18800
266995308,18805
267002904,18812
267010755,18807
267018390,18809
267026274,18813
267039922,18837
267047842,18840
267055549,18839
267063468,18834
267071104,18839
267079613,18839
267087244,18843
267095154,18839
267102828,18839
267110734,18844
267118386,18846
267126267,18849
267133873,18842
267141745,18848
267149365,18840
267156206,18816
267163095,18823
267170911,18810
267178558,18815
267186413,18816
267193990,18812
267201912,18809
267209545,18811
267217373,18809
267225041,18815
267232880,18810
267240466,18812
267248305,18810
267255901,18807
267263762,18808
267271317,18809
267279135,18807
267287260,18810
267295086,18808
267302717,18806
267310536,18813
267318223,18809
267325101,18814
267332938,18816
267339771,18818
267347353,18818
267355233,18814
267362906,18812
267370785,18814
267378421,18814
267386283,18818
267393173,18816
267400802,18824
267408683,18821
267416308,18821
267424163,18829
267431781,18830
267439669,18821
267447277,18823
267455164,18832
267462785,18827
267470627,18827
267478281,18831
267486074,18828
267494185,18830
267502032,18827
267509668,18821
267523656,18855
267531296,18851
267539086,18852
267546706,18858
267554519,18854
267562151,18852
267569966,18849
267576827,18848
267584397,18854
267592256,18859
267599868,18860
267607715,18852
267615327,18860
267623172,18856
267630798,18860
267638647,18880
267645529,18885
267653153,18889
267661021,18887
267668631,18888
267676522,18889
267684192,18890
267692076,18893
267699692,18894
267708201,18891
267715804,18885
267723676,18887
267731303,18892
267739167,18888
267746782,18887
267753665,18894
267760490,18855
267768361,18851
267775980,18850
267783875,18857
267791492,18848
267799369,18851
267806240,18850
267813857,18844
267821762,18844
267829346,18850
267837194,18848
267844829,18845
267852747,18845
267860351,18842
267868254,18855
267875111,18849
267881951,18839
267889562,18837
267897413,18836
267905045,18837
267912919,18836
267921231,18838
267929037,18839
267936633,18838
267944448,18840
267952121,18843
267959966,18842
267967598,18840
267975468,18843
267983133,18843
267990012,18840
267997910,18843
268005528,18844
268013400,18840
268020996,18841
268028899,18840
268036540,18843
268044386,18836
268052049,18834
268058932,18840
268066835,18838
268074415,18839
268082292,18840
268089904,18841
268097796,18840
268105372,18835
268113223,18841
268120080,18856
268128304,18848
268136126,18852
268143722,18851
268151638,18852
268159264,18858
268167097,18854
268174728,18852
268182552,18855
268190192,18860
268197999,18858
268205620,18856
268213457,18863
268221111,18859
268227996,18861
268235866,18865
268243436,18878
268251295,18877
268258915,18881
268266773,18884
268274327,18879
268288067,18885
268295007,18883
268302633,18884
268310495,18882
268318149,18880
268326021,18886
268333603,18883
268342074,18889
268349677,18886
268363477,18842
268371336,18840
268378940,18837
268386805,18828
268394435,18834
268402277,18837
268409878,18834
268417739,18836
268425308,18829
268433152,18829
268440753,18821
268448665,18824
268456278,18825
268464086,18826
268471662,18829
268478509,18808
268486334,18805
268493944,18806
268501840,18803
268509439,18811
268517294,18805
268524201,18809
268531814,18806
268539649,18810
268547312,18800
268555813,18804
268563431,18807
268571302,18810
268578919,18808
268585831,18815
268593767,18805
268601327,18814
268609126,18803
268616711,18800
268624550,18806
268632175,18806
268639965,18805
268647587,18806
268654458,18802
268662365,18808
268669952,18802
268677842,18806
268685426,18805
268693343,18808
268701008,18812
268708904,18810
268723381,18829
268731205,18838
268738819,18831
268746602,18832
268754259,18833
268762766,18833
268770363,18834
268778218,18839
268785876,18842
268793734,18832
268801342,18840
268809146,18836
268816796,18839
268824665,18844
268832272,18849
268840050,18871
268847655,18869
268855505,18865
268863113,18864
268870909,18868
268878482,18870
268885336,18869
268893171,18870
268900770,18868
268908599,18871
268916240,18871
268924034,18874
268931678,18876
268939496,18874
268946420,18875
268954048,18877
268961952,18857
268970178,18848
268978042,18850
268985660,18852
268993505,18848
269001143,18841
269007956,18846
269015815,18838
269023413,18841
269031275,18837
269038924,18839
269046806,18837
269054431,18833
269062288,18831
269069923,18828
269084645,18792
269092275,18800
269100052,18794
269107691,18795
269115574,18791
269123180,18792
269130990,18798
269138587,18797
269146430,18794
269154069,18789
269161934,18791
269169494,18785
269177337,18789
269185501,18786
269193362,18788
269200247,18776
269207851,18773
269215750,18768
269223393,18773
269231233,18775
269238866,18769
269245745,18775
269253590,18778
269261217,18771
269269018,18774
269276625,18767
269284494,18769
269292167,18775
269299999,18766
269306884,18773
269320691,18777
269328519,18784
269336173,18775
269343928,18781
269351536,18776
269359393,18783
269366295,18786
269373961,18779
269381862,18786
269390071,18781
269397952,18777
269405550,18789
269413367,18783
269420986,18786
269427899,18784
269435785,18800
269443415,18797
269451267,18798
269458873,18803
269466762,18800
269474342,18802
269481232,18804
269489112,18803
269496729,18804
269504604,18805
269512224,18804
269526686,18809
269534575,18806
269541534,18799
269556071,18824
269564014,18819
269571621,18819
269579440,18821
269587110,18815
269594927,18810
269602531,18808
269609983,18804
269617854,18808
269625458,18802
269633314,18802
269640928,18802
269648776,18789
269656398,18791
269664236,18780
269671864,18738
269679721,18736
269687325,18743
269695161,18732
269702753,18734
269710580,18730
269717477,18735
269725098,18734
269732949,18731
269740564,18732
269748398,18739
269755983,18732
269763871,18733
269771471,18735
269779356,18730
269786960,18734
269794839,18730
269801726,18728
269809371,18732
269817835,18732
269825428,18734
269833244,18735
269840848,18739
269847666,18736
269855531,18730
269863150,18731
269871055,18735
269878692,18733
269886536,18733
269894212,18733
269902095,18730
269916523,18734
269923374,18731
269931198,18730
269938814,18734
269946643,18738
269954282,18737
269962138,18738
269969752,18741
269977602,18738
269985240,18736
269992995,18741
270000598,18744
270008428,18737
270016043,18738
270023882,18739
270032120,18753
270038987,18752
270046898,18759
270054531,18755
270062366,18761
270069941,18756
270077824,18759
270084704,18760
270092287,18763
270100103,18758
270107726,18759
270115590,18764
270123222,18763
270131055,18762
270138650,18770
270146534,18775
270154150,18785
270161928,18791
270169545,18789
270177405,18789
270185024,18786
270192907,18787
270199769,18783
270207313,18781
270215113,18781
270222722,18780
270230539,18785
270238769,18782
270246662,18780
270254291,18773
270261152,18773
270268975,18771
270276551,18709
270284428,18707
270292033,18704
270299919,18703
270307521,18710
270315405,18703
270322980,18700
270330834,18698
270338396,18702
270346194,18706
270353833,18710
270361732,18702
270369332,18699
270377183,18703
270384819,18703
270399487,18714
270407115,18714
270414946,18717
270422550,18712
270430407,18716
270437998,18711
270445826,18712
270453423,18715
270461267,18712
270468842,18716
270476692,18714
270484304,18710
270492147,18710
270499863,18712
270507744,18705
270515345,18714
270523212,18715
270530835,18709
270538677,18706
270546306,18714
270554129,18717
270560989,18717
270568597,18717
270576463,18707
270584103,18714
270591914,18718
270599483,18712
270607287,18720
270614928,18724
270621857,18712
270629722,18713
270637375,18737
270645217,18745
270653395,18744
270661280,18741
270668864,18746
270676696,18742
270683581,18747
270691238,18748
270699080,18747
270706725,18755
270714537,18748
270722187,18748
270730045,18749
270737585,18756
270745411,18754
270759869,18771
270774345,18773
270782287,18771
270789960,18776
270796093,18777
270803698,18775
270811542,18772
270819169,18778
270826973,18777
270834566,18776
270842449,18779
270850041,18776
270857882,18780
270865465,18782
270873939,18735
270881515,18731
270888371,18728
270896257,18733
270903936,18726
270911795,18727
270919349,18729
270927181,18723
270934794,18721
270942669,18716
270950318,18713
270958139,18714
270965770,18714
270973632,18715
270980535,18707
270995123,18715
271002968,18713
271010561,18711
271018408,18713
271026028,18711
271033907,18720
271041483,18717
271049367,18721
271056972,18715
271064872,18725
271072431,18725
271080896,18722
271088566,18723
271096429,18720
271104043,18718
271111921,18724
271119522,18718
271127343,18727
271134922,18726
271142783,18724
271150365,18731
271156463,18727
271164089,18719
271171954,18729
271179561,18734
271187417,18729
271195020,18728
271202861,18728
271210359,18726
271218188,18729
271225837,18727
271233709,18746
271241306,18750
271248160,18750
271255975,18750
271263566,18761
271271407,18749
271278980,18758
271286839,18762
271295194,18759
271302989,18750
271310630,18756
271318514,18761
271326120,18763
271333992,18762
271341583,18764
271356325,18783
271363922,18786
271371782,18791
271379384,18792
271387258,18791
271394126,18787
271401696,18792
271409534,18795
271417181,18795
271424983,18793
271432590,18798
271440439,18799
271448116,18790
271455977,18800
271463578,18800
271471420,18822
271479015,18818
271485929,18825
271493827,18820
271502098,18810
271509964,18814
271517572,18818
271525408,18812
271533004,18808
271540861,18815
271548489,18811
271556374,18803
271564039,18802
271571900,18801
271578801,18798
271586397,18792
271594189,18749
271601790,18749
271609594,18741
271617247,18750
271625044,18747
271632698,18747
271640505,18747
271648182,18751
271655990,18743
271663579,18745
271671422,18741
271679011,18744
271686896,18749
271694473,18747
271702327,18751
271717470,18766
271725312,18765
271732959,18773
271740830,18766
271748445,18765
271755304,18762
271763074,18766
271770642,18764
271778531,18766
271786219,18763
271794033,18762
271801598,18766
271809414,18764
271817016,18768
271824885,18757
271832490,18769
271840364,18767
271848019,18770
271855901,18772
271863495,18778
271870343,18779
271878203,18777
271885870,18779
271893780,18775
271901354,18774
271909185,18784
271917336,18774
271925150,18781
271932714,18779
271939561,18781
271947415,18777
271955002,18801
271962893,18807
271970528,18807
271978439,18808
271986079,18810
271993926,18801
272001504,18810
272016003,18813
272023624,18807
272031556,18813
272039198,18815
272047007,18804
272053892,18817
272061434,18816
272076102,18842
272083771,18841
272090641,18840
272098461,18840
272106109,18843
272112988,18845
272120897,18840
272128454,18842
272136973,18842
272144558,18844
272152399,18844
272160048,18849
272167890,18849
272175451,18847
272183230,18851
272190842,18792
272198703,18787
272206355,18787
272214149,18786
272221806,18778
272228675,18786
272236520,18779
272244146,18780
272252031,18781
272259633,18783
272267445,18781
272275052,18775
272282906,18776
272290522,18778
272298388,18769
272312878,18777
272320806,18780
272328372,18774
272336195,18774
272344335,18773
272351618,18775
272359270,18774
272367119,18775
272374696,18778
272382539,18776
272390164,18779
272397925,18778
272405535,18778
272413359,18780
272420985,18779
272428886,18777
272436505,18776
272444359,18783
272452001,18780
272459888,18784
272466756,18779
272474323,18780
272482173,18779
272489817,18782
272497701,18779
272505328,18781
272513162,18778
272520798,18780
272528615,18782
272535495,18780
272543148,18778
272550977,18803
272559257,18806
272567103,18801
272574732,18806
272582576,18798
272590239,18808
272598039,18808
272605637,18809
272613466,18807
272621158,18807
272628972,18809
272636585,18811
272644421,18811
272652006,18811
272659899,18809
272674334,18829
272682128,18831
272689764,18836
272697596,18832
272705213,18837
272713032,18835
272720667,18833
272728527,18833
272736122,18838
272743939,18835
272751546,18838
272759425,18843
272767715,18838
272774594,18842
272782493,18843
272790102,18845
272797969,18842
272805530,18843
272813410,18842
272820283,18836
272827890,18835
272835742,18826
272843347,18831
272851204,18824
272858816,18826
272866707,18826
272874332,18821
272882129,18818
272889793,18816
272897616,18808
272905255,18779
272913122,18785
272920749,18782
272928603,18783
272936235,18778
272943985,18781
272950846,18782
272958403,18780
272966216,18778
272974394,18776
272982279,18781
272989888,18781
272997728,18783
273005353,18782
273012213,18775
273020093,18784
273027681,18788
273035516,18784
273043169,18790
273050990,18790
273058618,18786
273066458,18792
273074032,18789
273081903,18790
273089524,18787
273097371,18790
273104996,18789
273112890,18789
273120507,18785
273128385,18787
273135996,18787
273150729,18797
273158348,18795
273166177,18796
273173824,18798
273181213,18804
273189085,18796
273196694,18802
273204521,18796
273212149,18801
273220010,18803
273227623,18795
273235492,18797
273243142,18797
273250966,18792
273265234,18823
273273102,18819
273280738,18821
273288605,18825
273294529,18828
273302386,18826
273309241,18826
273316893,18826
273324780,18824
273332405,18834
273340215,18829
273347858,18832
273355743,18827
273363346,18827
273370197,18827
273378055,18836
273385688,18848
273393506,18845
273401766,18851
273409586,18853
273416454,18849
273424055,18851
273431966,18852
273439559,18856
273447387,18856
273454891,18853
273462733,18854
273470356,18858
273478169,18854
273485847,18857
273493655,18851
273508256,18799
273516099,18798
273523703,18799
273531556,18797
273539184,18796
273547006,18798
273554624,18787
273562499,18791
273570131,18792
273578013,18795
273585622,18790
273593450,18794
273601047,18785
273609566,18793
273617253,18789
273625054,18787
273632680,18785
273640557,18787
273648219,18787
273654308,18784
273661876,18787
273669701,18786
273677333,18786
273685159,18784
273692816,18782
273700736,18785
273708368,18788
273716244,18783
273723903,18781
273730782,18792
273738616,18787
273746231,18775
273754088,18778
273761695,18775
273769562,18779
273776437,18769
273784085,18784
273791931,18773
273799483,18775
273807312,18774
273814951,18782
273823392,18774
273830982,18775
273838848,18779
273846428,18781
273854300,18776
273868775,18791
273876592,18800
273884252,18799
273892044,18796
273899666,18791
273907534,18800
273915175,18801
273922981,18805
273930564,18800
273938432,18798
273946027,18801
273953932,18807
273961546,18804
273969365,18800
273976996,18802
273984878,18823
273992451,18820
274000290,18823
274007913,18829
274014081,18828
274021644,18821
274029159,18825
274037073,18828
274044720,18829
274052524,18828
274060145,18830
274067991,18829
274075586,18828
274083484,18828
274091123,18826
274098992,18830
274106628,18848
274114493,18854
274122084,18844
274129971,18846
274137524,18848
274145367,18851
274152994,18846
274160871,18854
274168445,18850
274176255,18855
274183876,18842
274191759,18847
274199427,18849
274207246,18841
274214148,18839
274221774,18828
274229629,18776
274237891,18775
274245821,18781
274252666,18771
274260305,18775
274267144,18775
274274973,18769
274282649,18773
274290516,18773
274298139,18764
274305987,18769
274313594,18770
274321472,18773
274329081,18772
274336967,18771
274344553,18773
274352398,18776
274360040,18778
274367943,18774
274375512,18775
274383372,18775
274390973,18775
274398858,18777
274406414,18774
274414290,18777
274421944,18777
274429836,18776
274437400,18775
274445233,18774
274452725,18772
274460353,18774
274468177,18770
274475782,18772
274483652,18774
274490560,18779
274505071,18773
274512697,18772
274520591,18773
274528295,18769
274536096,18772
274543753,18768
274551620,18773
274559278,18769
274566181,18771
274573989,18778
274581588,18793
274589448,18798
274597044,18799
274603940,18798
274611809,18798
274618711,18788
274625595,18799
274633257,18801
274641082,18798
274648682,18806
274656561,18802
274664788,18800
274672628,18804
274680297,18802
274688134,18805
274695756,18805
274703614,18828
274711283,18825
274719134,18820
274726766,18824
274734574,18828
274742153,18830
274750006,18828
274757613,18833
274765405,18824
274772996,18829
274780880,18837
274788436,18831
274796246,18834
274803871,18831
274811709,18828
274826217,18842
274834008,18838
274841623,18841
274849492,18840
274857085,18838
274864946,18837
274873062,18828
274880929,18827
274888574,18817
274896439,18828
274904068,18821
274911954,18822
274919535,18811
274926408,18813
274934214,18811
274941820,18773
274949619,18769
274957281,18771
274964101,18771
274971927,18767
274979558,18777
274987389,18773
274995008,18775
275002866,18770
275010425,18776
275018268,18768
275025886,18772
275033788,18778
275041352,18770
275049148,18775
275056734,18771
275064577,18780
275072209,18786
275080006,18781
275088297,18786
275096060,18778
275102271,18782
275109868,18779
275117724,18780
275125358,18779
275133178,18783
275140804,18779
275148637,18775
275156319,18779
275164162,18779
275171768,18775
275186450,18783
275194078,18781
275200943,18778
275208768,18785
275216403,18786
275222504,18783
275230355,18783
275237983,18786
275245872,18795
275253455,18789
275261265,18788
275268880,18788
275276769,18789
275284363,18790
275292824,18789
275307322,18814
275315111,18812
275321961,18812
275329513,18812
275337302,18811
275344943,18808
275352813,18811
275360433,18814
275368240,18816
275375895,18816
275383724,18819
275391361,18812
275399156,18815
275406798,18816
275414645,18815
275422290,18839
275430119,18836
275436947,18842
275444573,18836
275452436,18835
275460022,18842
275467869,18834
275475413,18834
275483253,18837
275490885,18837
275498723,18842
275506962,18843
275514864,18844
275522461,18840
275530291,18844
275544811,18789
275552682,18798
275560343,18794
275568175,18793
275575813,18792
275582690,18791
275590551,18790
275598164,18790
275605994,18786
275613591,18786
275621457,18782
275629048,18778
275636916,18779
275644505,18782
275652350,18777
275659935,18772
275667801,18766
275674622,18766
275682302,18770
275690103,18770
275697690,18775
275705578,18770
275713801,18767
275721625,18772
275729277,18778
275737126,18768
275751338,18774
275759264,18773
275766216,18769
275780803,18770
275788668,18766
275796313,18768
275804138,18774
275811728,18772
275818653,18768
275825482,18768
275833349,18768
275840932,18770
275848786,18766
275856389,18769
275864158,18770
275871766,18765
275879592,18769
275886478,18771
275900967,18790
275908874,18789
275916469,18790
275924340,18791
275932521,18792
275940365,18785
275947250,18792
275954839,18790
275962657,18787
275970314,18791
275978134,18797
275985789,18790
275993617,18789
276001249,18792
276015910,18811
276023484,18814
276031305,18815
276038961,18815
276046861,18814
276054445,18812
276062221,18818
276069826,18815
276077663,18819
276085299,18814
276093113,18819
276100686,18820
276108528,18817
276116202,18818
276124063,18801
276131670,18841
276140030,18838
276147674,18837
276154548,18839
276162483,18840
276170199,18841
276177983,18840
276185555,18844
276193368,18842
276200953,18840
276208760,18846
276216406,18841
276224237,18841
276231853,18834
276239762,18834
276246618,18835
276254292,18754
276262087,18758
276269716,18757
276277556,18755
276285253,18756
276293084,18754
276299988,18752
276306873,18749
276314482,18754
276322341,18754
276329945,18752
276337829,18754
276345421,18753
276353851,18751
276361453,18756
276369298,18749
276376948,18747
276384875,18748
276391734,18740
276399366,18748
276407148,18748
276414791,18746
276422656,18747
276430327,18749
276438164,18745
276445803,18740
276453638,18744
276461295,18748
276469084,18742
276476696,18741
276484586,18744
276492190,18738
276500029,18739
276507649,18740
276515533,18739
276523117,18742
276530961,18740
276538572,18740
276546432,18745
276554085,18745
276562603,18743
276570225,18744
276578044,18743
276585622,18742
276593472,18740
276601048,18746
276615792,18762
276623369,18763
276630216,18764
276638069,18764
276645696,18772
276653563,18766
276660397,18763
276667986,18768
276675820,18768
276683405,18770
276691227,18773
276698870,18770
276706655,18771
276714320,18769
276722132,18768
276736574,18784
276744390,18793
276752027,18793
276759903,18790
276768110,18789
276775997,18788
276783583,18789
276791385,18796
276798991,18795
276806841,18794
276814466,18795
276822310,18791
276829955,18795
276837810,18797
276851568,18793
276859182,18797
276867078,18791
276874662,18787
276882518,18786
276890123,18777
276898012,18781
276905607,18782
276913472,18773
276921126,18768
276929004,18767
276936572,18766
276944380,18763
276952001,18760
276959905,18757
276967467,18716
276975296,18712
276983527,18713
276997989,18718
277005952,18710
277013547,18715
277021421,18709
277028356,18718
277036015,18717
277043864,18713
277051502,18712
277059357,18715
277066957,18713
277074811,18710
277088580,18716
277096218,18713
277104028,18711
277111684,18707
277119531,18710
277127118,18712
277134957,18707
277141799,18710
277149410,18708
277157195,18708
277164855,18707
277172674,18710
277180324,18709
277188153,18711
277196386,18707
277204237,18723
277211855,18719
277219755,18718
277227398,18721
277235275,18724
277242908,18720
277250819,18719
277257668,18720
277265356,18720
277273200,18725
277280850,18724
277288708,18727
277296360,18722
277304219,18723
277311869,18728
277318773,18729
277326614,18750
277334268,18747
277342136,18749
277348993,18748
277356604,18750
277364429,18750
277372058,18750
277379986,18749
277387545,18758
277395354,18748
277403533,18752
277411397,18749
277419040,18753
277426923,18753
277434586,18750
277442406,18770
277450019,18774
277457941,18773
277465569,18770
277473445,18772
277481079,18773
277488945,18777
277495818,18777
277503439,18775
277510326,18782
277518089,18774
277525671,18784
277533511,18785
277541131,18788
277549022,18783
277556586,18778
277564449,18782
277572040,18779
277579945,18781
277587502,18772
277595323,18771
277602906,18768
277610742,18768
277619005,18762
277626878,18757
277634475,18757
277642372,18756
277649971,18746
277657835,18748
277665404,18743
277673235,18739
277686964,18707
277694559,18707
277702423,18705
277710049,18698
277717954,18706
277725520,18704
277733353,18703
277740950,18702
277748822,18709
277756452,18704
277764319,18704
277771972,18705
277779840,18703
277787430,18711
277795219,18707
277802819,18704
277810635,18699
277818305,18701
277825827,18704
277833656,18707
277841313,18697
277849165,18699
277856016,18700
277863582,18702
277871359,18700
277879013,18702
277886883,18699
277894459,18704
277902293,18696
277909935,18701
277917757,18703
277925375,18699
277933182,18701
277940778,18698
277948637,18706
277956261,18702
277964084,18697
277971675,18700
277979523,18701
277987113,18699
277993983,18709
278001886,18706
278009433,18703
278017267,18706
278024878,18707
278033433,18709
278047165,18731
278054765,18737
278062600,18740
278070217,18741
278078066,18743
278085687,18738
278093505,18738
278101110,18738
278108979,18737
278115855,18739
278123385,18745
278131169,18740
278138782,18739
278146600,18743
278154239,18740
278168337,18764
278176016,18765
278183900,18768
278191474,18767
278199283,18768
278206910,18773
278214803,18766
278222440,18776
278236898,18768
278244503,18771
278253045,18774
278260607,18775
278268432,18773
278282126,18796
278289707,18800
278297607,18802
278304564,18794
278312205,18802
278320078,18800
278327690,18806
278335542,18801
278343119,18800
278351013,18797
278358586,18795
278366412,18794
278374060,18790
278381952,18794
278389566,18786
278397399,18734
278405001,18779
278412795,18728
278420426,18725
278428248,18731
278435850,18728
278443724,18727
278451344,18722
278458769,18729
278466642,18725
278473518,18722
278481123,18727
278488974,18728
278496569,18735
278504360,18727
278518889,18727
278526687,18730
278534313,18724
278542113,18726
278549726,18725
278557562,18724
278565202,18732
278573081,18726
278580697,18723
278588528,18725
278595370,18727
278602985,18724
278610900,18729
278618513,18724
278626420,18724
278634041,18734
278641910,18725
278649513,18728
278657352,18732
278664225,18730
278672417,18733
278680283,18734
278687919,18733
278695807,18726
278703449,18731
278710330,18736
278718157,18738
278725796,18731
278733613,18732
278741239,18735
278749121,18733
278756757,18763
278764622,18754
278772244,18755
278780064,18759
278787676,18759
278795493,18769
278803092,18764
278810966,18761
278817858,18768
278825514,18758
278833336,18759
278840969,18764
278848862,18764
278856419,18764
278864178,18769
278871730,18762
278880273,18784
278887992,18792
278895896,18789
278902718,18788
278910358,18787
278918204,18790
278925822,18788
278933684,18791
278941332,18789
278949168,18796
278956815,18796
278964621,18794
278972245,18794
278980105,18798
278987711,18804
279001706,18819
279009347,18822
279017221,18826
279024835,18825
279032671,18819
279040322,18828
279048201,18822
279055837,18827
279063645,18826
279071247,18825
279079090,18831
279087266,18830
279095162,18830
279102797,18832
279110618,18829
279118273,18768
279126106,18769
279133718,18774
279140606,18770
279148476,18766
279156103,18767
279163948,18768
279171535,18763
279178436,18766
279186227,18763
279193856,18762
279201719,18766
279209377,18770
279217201,18763
279224827,18764
279232672,18764
279240322,18767
279248124,18766
279255703,18768
279263493,18770
279271108,18765
279278985,18770
279286594,18771
279294444,18771
279302600,18769
279310479,18767
279317353,18772
279324985,18769
279332808,18770
279340413,18766
279348249,18769
279355166,18769
279362770,18769
279370603,18769
279378240,18769
279386057,18770
279393661,18768
279401474,18772
279409092,18766
279417022,18774
279424642,18773
279432512,18771
279440125,18772
279448054,18772
279455692,18772
279463546,18776
279471150,18775
279485707,18797
279493661,18798
279501372,18798
279509183,18801
279517454,18791
279525308,18790
279532953,18798
279540795,18802
279548431,18799
279555352,18806
279563192,18794
279570826,18797
279578666,18800
279592457,18817
279600056,18817
279607909,18824
279615548,18825
279623414,18822
279631013,18825
279638921,18823
279646537,18829
279654350,18826
279661976,18826
279669852,18821
279677451,18830
279685251,18826
279692858,18828
279700721,18825
279707630,18845
279715252,18850
279723740,18847
279731396,18845
279738209,18851
279746065,18847
279753676,18855
279761557,18845
279769182,18851
279777044,18857
279784640,18858
279792485,18852
279800092,18860
279807981,18866
279815613,18860
279823500,18863
279831062,18809
279838927,18805
279846512,18799
279854317,18804
279861910,18802
279869731,18801
279877348,18798
279885145,18791
279892701,18801
279899579,18798
279907412,18795
279915052,18800
279922925,18797
279931076,18794
279939023,18791
279945856,18793
279953493,18787
279961295,18784
279968897,18787
279975773,18793
279983639,18786
279991249,18792
279999064,18787
280006687,18791
280014523,18789
280022156,18789
280030018,18789
280037622,18793
280045488,18785
280053069,18784
280060956,18792
280068518,18785
280076357,18786
280083981,18790
280091838,18784
280099491,18782
280107328,18781
280114922,18785
280122826,18791
280130430,18786
280137357,18789
280145845,18778
280153412,18786
280160314,18790
280168116,18780
280175770,18791
280183605,18783
280191245,18800
280199104,18803
280206733,18801
280213640,18801
280221493,18808
280229066,18806
280236968,18806
280244531,18803
280252367,18806
280260003,18807
280267851,18810
280275442,18808
280283264,18811
280290878,18815
280298766,18806
280306456,18809
280314295,18822
280321924,18820
280329750,18821
280337384,18828
280345203,18826
280353463,18826
280361283,18830
280368911,18827
280375829,18828
280383746,18827
280391417,18830
280399270,18824
280406908,18830
280414727,18834
280422376,18834
280437044,18848
280444639,18849
280452436,18849
280460044,18847
280467917,18850
280475512,18845
280483346,18848
280490936,18851
280498797,18851
280506450,18853
280514266,18854
280521875,18855
280529709,18847
280537397,18848
280544349,18846
280552226,18777
280560384,18777
280568356,18779
280576057,18777
280583960,18779
280591537,18779
280599423,18772
280607052,18776
280613993,18771
280621887,18774
280629438,18770
280637254,18768
280644895,18768
280652718,18771
280660381,18767
280675026,18752
280682580,18759
280690434,18758
280698055,18760
280705957,18757
280713535,18758
280728005,18756
280735947,18761
280743527,18760
280751398,18759
280759020,18752
280765915,18759
280773854,18757
280788214,18756
280795831,18759
280803636,18757
280810534,18755
280818172,18755
280826062,18751
280833698,18755
280841528,18750
280849154,18752
280857022,18756
280864562,18753
280872393,18755
280880042,18753
280887958,18753
280895577,18752
280903483,18770
280911142,18771
280919047,18778
280925887,18773
280933475,18771
280941294,18773
280948929,18775
280956836,18770
280964450,18777
280972275,18778
280979948,18771
280988370,18776
280995985,18774
281003858,18780
281011476,18784
281019296,18779
281026945,18792
281034850,18794
281042466,18797
281050256,18796
281057854,18796
281065699,18801
281073368,18799
281081163,18805
281088775,18800
281095691,18805
281103530,18799
281111164,18807
281119063,18805
281126664,18804
281134478,18799
281141362,18799
281149002,18823
281156880,18824
281163706,18820
281171371,18821
281179176,18824
281186833,18826
281194631,18830
281202898,18829
281210763,18828
281218409,18831
281226245,18825
281233911,18829
281241813,18830
281248678,18829
281256331,18832
281271008,18750
281278639,18749
281286496,18742
281294113,18740
281302006,18745
281309581,18740
281317436,18741
281325046,18744
281332944,18741
281340533,18738
281348386,18738
281356015,18731
281363878,18735
281371442,18731
281379315,18731
281386960,18711
281394797,18722
281401704,18723
281409997,18715
281417852,18716
281425466,18712
281433312,18722
281440933,18719
281448789,18716
281455697,18719
281463335,18720
281471182,18721
281478777,18721
281486661,18719
281494286,18719
281501143,18719
281509009,18707
281516613,18710
281524438,18720
281532039,18718
281539933,18715
281547515,18712
281555375,18713
281562969,18708
281570853,18714
281578457,18714
281586249,18712
281593871,18721
281601709,18716
281609354,18718
281617846,18713
281632383,18740
281640217,18733
281647823,18739
281655696,18741
281663307,18736
281671147,18735
281678759,18738
281686617,18737
281693529,18739
281701157,18742
281709016,18736
281716576,18739
281724393,18749
281732009,18748
281739849,18748
281747486,18762
281755298,18762
281762162,18758
281769734,18763
281777563,18765
281785125,18766
281793009,18765
281800592,18765
281808451,18766
281816087,18765
281823993,18765
281832297,18773
281840148,18764
281847733,18769
281854591,18766
281861465,18767
281869314,18787
281876934,18790
281884804,18792
281892432,18786
281900214,18792
281907850,18794
281915705,18793
281923378,18789
281931185,18793
281938789,18789
281946606,18793
281954182,18794
281962034,18796
281976315,18793
281991088,18739
281997917,18737
282005500,18744
282013383,18732
282021038,18736
282028932,18720
282036564,18725
282045032,18729
282051922,18717
282059500,18713
282067326,18716
282074967,18716
282082817,18717
282090460,18709
282098262,18707
282105895,18692
282113719,18696
282121358,18688
282129144,18694
282136790,18688
282144647,18690
282152301,18694
282160137,18695
282166996,18685
282174618,18693
282182447,18684
282190072,18694
282197928,18691
282205542,18685
282213429,18693
282220329,18689
282227953,18689
282235845,18683
282243499,18685
282251327,18687
282259530,18682
282267352,18689
282274953,18687
282282833,18690
282290469,18678
282298282,18685
282305898,18686
282313751,18690
282321380,18683
282329161,18687
282336750,18688
282351494,18692
282358348,18702
282365982,18702
282373891,18701
282381509,18706
282389351,18706
282396979,18699
282404826,18705
282412457,18701
282420291,18698
282427887,18705
282435710,18706
282443357,18705
282451165,18708
282458793,18709
282467193,18733
282474054,18731
282481648,18724
282489567,18731
282497187,18732
282505063,18735
282512639,18731
282520443,18732
282527307,18734
282534903,18733
282542705,18739
282550357,18743
282558172,18733
282565773,18737
282573655,18738
282588138,18756
282595975,18761
282603621,18755
282611486,18761
282619128,18763
282627002,18766
282634552,18766
282642398,18763
282650013,18750
282657866,18757
282665472,18770
282673950,18772
282681557,18767
282689421,18770
282697040,18771
282703914,18773
282711756,18768
282719380,18771
282727209,18767
282734822,18768
282742667,18762
282750298,18755
282758105,18751
282765775,18741
282773619,18744
282781240,18741
282789050,18736
282796645,18734
282804509,18731
282812172,18730
282819042,18721
282826922,18686
282833774,18678
282841400,18686
282849206,18679
282856785,18676
282864636,18677
282872224,18680
282880080,18679
282888404,18678
282896213,18681
282903874,18681
282911657,18674
282919263,18679
282927096,18683
282934684,18677
282949408,18689
282957074,18684
282964970,18683
282972575,18682
282980381,18683
282987961,18685
282995840,18690
283003488,18682
283011335,18688
283018987,18685
283026840,18681
283034483,18687
283042327,18691
283049969,18686
283056823,18680
283064636,18690
283071556,18689
283079184,18690
283087046,18692
283095329,18699
283103147,18698
283110721,18693
283118583,18693
283126165,18701
283134044,18704
283141680,18701
283149566,18699
283157196,18702
283165063,18697
283172627,18697
283187274,18726
283194861,18724
283202700,18726
283216960,18729
283224883,18732
283232518,18728
283240442,18727
283247302,18729
283254913,18734
283262736,18730
283270384,18739
283278226,18731
283285897,18736
283293702,18739
283301380,18761
283308167,18761
283316072,18766
283323642,18761
283331443,18768
283339045,18766
283346871,18767
283354508,18768
283362332,18765
283369988,18769
283377859,18771
283385483,18777
283393333,18773
283400942,18779
283408780,18769
283415648,18780
283423281,18801
283431122,18800
283438718,18806
283446566,18798
283454145,18808
283462024,18807
283469614,18801
283477480,18805
283484378,18801
283491949,18802
283499771,18802
283507417,18802
283515258,18801
283523483,18795
283531293,18790
283545059,18726
283552657,18728
283560482,18719
283568143,18726
283575990,18728
283583613,18729
283591437,18727
283599034,18721
283606931,18722
283614565,18719
283622417,18722
283630007,18724
283637863,18722
283645476,18723
283653296,18719
283660924,18732
283668750,18734
283676389,18735
283684253,18737
283691871,18734
283699709,18733
283707367,18734
283715186,18741
283722735,18737
283731240,18738
283738861,18735
283746707,18735
283754354,18741
283762166,18731
283769803,18738
283782872,18731
283790725,18743
283798392,18738
283806156,18742
283813752,18735
283821668,18741
283829286,18745
283837167,18743
283844795,18741
283852626,18741
283860225,18745
283868087,18742
283875726,18748
283883587,18747
283891221,18746
283899105,18767
283906712,18765
283913530,18764
283921324,18772
283928904,18770
283937325,18770
283944916,18769
283952755,18770
283960395,18774
283968191,18780
283975767,18775
283983622,18776
283991215,18779
283999059,18779
284006706,18789
284014579,18783
284021464,18808
284029073,18803
284036965,18809
284044532,18813
284052326,18807
284059943,18814
284067807,18810
284075464,18803
284083313,18810
284090940,18813
284098789,18815
284106428,18807
284114232,18813
284121831,18818
284129685,18815
284136566,18814
284144780,18845
284152744,18835
284160438,18841
284168313,18843
284175942,18842
284183825,18836
284191447,18846
284199358,18840
284206311,18835
284213943,18836
284221799,18838
284229438,18835
284237303,18828
284244901,18834
284252719,18825
284266507,18770
284274406,18769
284282005,18767
284289912,18766
284297513,18765
284305345,18770
284312975,18766
284320854,18766
284328472,18764
284336328,18763
284343959,18768
284351882,18762
284360123,18762
284368009,18764
284374830,18759
284382461,18770
284390319,18773
284397936,18774
284405782,18771
284413436,18769
284421182,18765
284428809,18775
284436677,18773
284443552,18773
284451155,18775
284465587,18774
284473515,18771
284481145,18769
284489004,18770
284502794,18766
284510686,18771
284517580,18774
284525190,18770
284533057,18771
284540606,18779
284548446,18774
284556094,18771
284563981,18779
284572171,18778
284580059,18781
284587644,18775
284595466,18781
284603065,18779
284610976,18778
284618570,18795
284626440,18801
284634043,18797
284641934,18799
284649502,18799
284657360,18800
284665006,18805
284672867,18804
284679763,18805
284687424,18802
284695260,18808
284702890,18807
284710734,18807
284718398,18805
284726186,18805
284733030,18804
284740627,18827
284748480,18828
284756089,18832
284763994,18834
284771587,18828
284780012,18829
284787572,18835
284795376,18835
284802987,18834
284810886,18833
284818513,18834
284826385,18835
284834022,18844
284841907,18839
284849542,18839
284864185,18850
284871816,18848
284878728,18849
284886600,18843
284894221,18843
284902131,18835
284909746,18835
284917609,18834
284925165,18835
284933045,18824
284940645,18825
284948502,18817
284956127,18819
284963973,18816
284970789,18816
284978409,18780
284986237,18778
284994508,18778
285002338,18777
285009994,18772
285017793,18779
285025452,18776
285033256,18779
285040115,18778
285047705,18783
285055563,18774
285063165,18780
285071069,18775
285078681,18772
285086544,18775
285094153,18774
285102051,18775
285109603,18776
285116449,18779
285124255,18776
285131854,18770
285139684,18776
285147337,18776
285155172,18771
285162813,18772
285170666,18781
285178302,18779
285186119,18775
285193691,18772
285202092,18770
285208946,18767
285223443,18777
285231265,18774
285238125,18775
285245724,18780
285253567,18781
285261159,18777
285269043,18781
285276653,18783
285284531,18781
285292142,18780
285300029,18786
285307645,18777
285315480,18782
285323162,18787
285331036,18777
285338638,18805
285346485,18802
285354132,18802
285362015,18798
285369603,18799
285377431,18804
285385038,18803
285392869,18799
285400483,18807
285408906,18809
285416523,18810
285424314,18807
285431980,18811
285439846,18808
285446714,18817
285453568,18807
285461187,18827
285469075,18825
285476667,18823
285484543,18833
285492152,18832
285500091,18832
285507698,18830
285515502,18829
285522391,18826
285530013,18830
285537885,18834
285545508,18832
285553309,18835
285560927,18833
285567805,18829
285575655,18840
285583237,18827
285591103,18828
285597990,18814
285605601,18820
285613461,18817
285621611,18814
285629520,18809
285637129,18809
285645009,18800
285652581,18801
285660474,18798
285668106,18799
285676012,18796
285682829,18794
285690455,18785
285704898,18763
285711788,18769
285719451,18759
285727268,18760
285734862,18755
285742777,18750
285750433,18754
285758261,18759
285765855,18758
285773730,18751
285781376,18751
285789163,18755
285796761,18753
285804585,18752
285811449,18758
285825977,18747
285833873,18745
285842172,18739
285850056,18745
285857641,18744
285865473,18752
285873088,18743
285879982,18744
285887845,18738
285895480,18740
285903304,18748
285910967,18743
285917814,18740
285925698,18741
285932568,18740
285940208,18743
285948115,18741
285955710,18743
285963573,18748
285971211,18749
285979056,18748
285986693,18744
285994509,18754
286002138,18747
286010024,18747
286017567,18752
286025371,18752
286032978,18748
286040804,18750
286048447,18755
286056265,18755
286063841,18768
286071704,18772
286079317,18772
286087187,18768
286094821,18766
286102706,18768
286110364,18777
286118148,18772
286125727,18775
286133554,18775
286141174,18774
286149084,18771
286155938,18780
286163511,18784
286171344,18775
286185785,18792
286193605,18797
286201227,18790
286209086,18796
286216629,18796
286224474,18801
286232114,18798
286239997,18799
286247530,18794
286255938,18795
286263548,18801
286271373,18804
286278982,18797
286285898,18803
286293727,18801
286301430,18816
286309233,18815
286316815,18814
286324666,18805
286332246,18807
286340120,18802
286347716,18798
286355587,18793
286362448,18791
286370077,18791
286377922,18785
286385558,18773
286393407,18776
286401014,18773
286408810,18776
286416446,18774
286424258,18731
286431869,18728
286438736,18727
286446608,18730
286454205,18725
286462073,18723
286470388,18723
286478184,18722
286485835,18729
286493682,18717
286501298,18729
286509123,18718
286515947,18727
286523560,18724
286531393,18722
286545847,18723
286553736,18728
286560603,18718
286568224,18718
286576081,18722
286583641,18716
286591475,18719
286599100,18719
286606977,18714
286614545,18717
286622324,18723
286629949,18719
286636818,18721
286644660,18718
286652257,18721
286667007,18720
286675151,18722
286683081,18721
286690648,18724
286698485,18727
286706095,18728
286713937,18720
286721512,18728
286729265,18735
286736874,18724
286744693,18726
286751598,18728
286759202,18727
286767051,18737
286774602,18733
286782416,18753
286790027,18750
286797888,18749
286805548,18752
286813366,18751
286820994,18750
286828871,18759
286836522,18754
286844334,18758
286852000,18757
286859841,18759
286867441,18766
286875280,18764
286883427,18757
286890311,18758
286905037,18783
286912582,18780
286920432,18778
286928041,18784
286935897,18785
286950143,18780
286958076,18781
286964981,18785
286972602,18788
286980468,18779
286987352,18787
286995009,18791
287002856,18786
287010515,18787
287018371,18812
287025996,18816
287033837,18816
287040730,18815
287048364,18812
287056202,18819
287063786,18810
287071654,18811
287079261,18806
287087126,18798
287094688,18800
287103180,18800
287110798,18798
287118665,18798
287125512,18789
287139988,18727
287147852,18727
287155503,18726
287162377,18728
287170189,18733
287177785,18731
287185625,18732
287193215,18724
287201091,18720
287208666,18735
287216516,18731
287224094,18732
287231935,18726
287239539,18729
287246350,18721
287261038,18735
287268604,18734
287276441,18732
287284073,18733
287291943,18732
287299561,18735
287307389,18735
287315537,18730
287323355,18736
287330970,18736
287338773,18730
287346469,18733
287354343,18726
287361957,18733
287376667,18732
287384255,18732
287392100,18734
287399649,18731
287407525,18734
287415172,18730
287423054,18728
287430650,18736
287438522,18734
287445426,18738
287453032,18736
287460833,18740
287468455,18739
287476270,18741
287483893,18737
287491716,18764
287499337,18761
287507194,18766
287514804,18764
287523166,18760
287530742,18761
287538592,18767
287546181,18769
287554065,18767
287561687,18767
287569587,18762
287577175,18771
287585031,18768
287591830,18772
287599437,18770
287607293,18769
287614858,18792
287622702,18798
287630320,18795
287638141,18793
287645723,18795
287653548,18799
287661136,18795
287669010,18801
287676590,18799
287684455,18803
287692080,18800
287700003,18800
287706857,18804
287714464,18806
287722275,18802
287730447,18829
287738245,18832
287745844,18835
287753667,18827
287761305,18830
287769197,18832
287776800,18832
287784692,18824
287792324,18831
287800181,18826
287807092,18835
287814702,18827
287822562,18829
287830222,18820
287838100,18829
287844919,18820
287852566,18758
287860396,18751
287868024,18756
287875915,18748
287883545,18754
287891361,18757
287898968,18752
287906842,18753
287914464,18750
287922233,18749
287929819,18749
287937708,18748
287945174,18751
287952787,18759
287960643,18757
287975166,18757
287983024,18765
287990596,18759
287998411,18766
288006039,18765
288013906,18769
288021591,18764
288029402,18763
288037069,18757
288044946,18757
288052524,18762
288060338,18761
288067956,18758
288075831,18759
288082745,18759
288090367,18760
288098190,18753
288105814,18763
288113650,18760
288121204,18756
288129061,18760
288136647,18760
288144509,18763
288152782,18759
288160622,18764
288167478,18762
288175111,18767
288182951,18759
288196445,18766
288211234,18790
288218842,18784
288226731,18789
288234405,18787
288242209,18789
288249093,18787
288256685,18785
288264540,18788
288272167,18788
288280051,18787
288287600,18786
288295403,18791
288302283,18790
288309892,18795
288316725,18798
288331437,18809
288339026,18811
288346897,18817
288354517,18813
288362313,18818
288369910,18813
288377518,18810
288385322,18821
288392975,18824
288400807,18816
288408463,18820
288416289,18818
288423928,18821
288431767,18824
288439385,18822
288447185,18841
288454806,18837
288462664,18838
288470272,18837
288478146,18833
288485734,18836
288493544,18829
288501164,18831
288509047,18829
288516604,18821
288524441,18822
288532025,18816
288539922,18811
288547531,18805
288554364,18807
288569067,18757
288577182,18762
288585064,18753
288592632,18761
288600505,18763
288607380,18756
288615001,18757
288622844,18756
288630495,18758
288638359,18756
288645954,18762
288653798,18759
288661471,18759
288669286,18759
288676159,18756
288683752,18761
288691645,18756
288699215,18759
288707075,18758
288714611,18757
288722459,18759
288730047,18757
288737914,18763
288745540,18764
288753398,18759
288760999,18760
288768908,18759
288776519,18762
288783313,18757
288790808,18761
288798645,18751
288806237,18750
288814162,18758
288821725,18757
288829555,18760
288837240,18758
288845074,18760
288852665,18763
288860486,18763
288868116,18757
288876018,18758
288883593,18758
288891393,18762
288899049,18764
288906878,18770
288914531,18767
288922310,18762
288929877,18786
288937730,18781
288945373,18788
288953193,18788
288960857,18787
288967669,18786
288975515,18779
288983107,18785
288990947,18788
288999216,18782
289006159,18792
289014022,18784
289020879,18789
289028515,18793
289036317,18787
289043947,18790
289051806,18807
289059448,18807
289067250,18808
289074856,18815
289082745,18812
289090383,18805
289098220,18805
289105818,18820
289113638,18816
289121253,18818
289129131,18814
289136699,18807
289144524,18817
289151412,18819
289159040,18819
289166908,18796
289174524,18795
289182322,18794
289189916,18791
289197778,18785
289206033,18785
289213957,18782
289221584,18783
289229415,18776
289237032,18770
289244919,18771
289252525,18769
289259375,18766
289267222,18766
289274844,18760
289282689,18763
289290378,18736
289298217,18737
289305823,18735
289313669,18736
289321281,18738
289329135,18737
289336737,18732
289344558,18732
289352172,18733
289360080,18729
289366948,18734
289374542,18734
289382406,18725
289390054,18733
289397883,18732
289405539,18722
289413360,18724
289421599,18727
289436045,18729
289443672,18723
289450555,18729
289458356,18723
289466012,18722
289473836,18730
289480774,18729
289488412,18724
289495253,18726
289503193,18723
289510797,18727
289518667,18723
289526250,18731
289534154,18731
289541720,18728
289549573,18735
289557196,18736
289565103,18726
289572679,18733
289580481,18744
289588100,18737
289595964,18733
289603564,18734
289611405,18738
289619020,18734
289625898,18739
289634413,18737
289642076,18756
289649919,18754
289657553,18756
289665389,18760
289673033,18758
289680872,18761
289688534,18755
289696346,18765
289703996,18762
289711790,18762
289719394,18766
289727247,18757
289734084,18762
289741653,18758
289749511,18763
289757116,18767
289764967,18787
289772630,18786
289780412,18786
289788047,18785
289795869,18790
289803521,18792
289811316,18789
289818933,18793
289826783,18782
289834423,18794
289841851,18788
289848784,18788
289856635,18790
289864257,18792
289872149,18790
289886603,18747
289894440,18743
289902054,18748
289909876,18742
289917516,18743
289925299,18732
289932164,18726
289939766,18732
289947628,18735
289955251,18731
289962157,18730
289969061,18720
289976926,18715
289984559,18719
289992342,18721
290006849,18699
290014680,18700
290022265,18701
290030140,18702
290037711,18696
290045540,18694
290053736,18700
290061600,18698
290069266,18700
290077169,18694
290084752,18692
290092570,18699
290100213,18691
290108113,18699
290122563,18694
290130344,18687
290138015,18692
290145858,18693
290153518,18690
290161307,18691
290168939,18696
290176781,18699
290184436,18691
290192308,18693
290199159,18684
290206031,18690
290213651,18691
290221489,18695
290229114,18691
290243837,18704
290251464,18701
290259316,18701
290267593,18706
290275420,18707
290283068,18704
290290968,18705
290298632,18707
290306506,18701
290314090,18705
290321936,18708
290329554,18706
290337430,18706
290345050,18706
290359178,18731
290366808,18723
290374690,18729
290382299,18732
290390210,18734
290397811,18727
290405694,18731
290413292,18732
290421170,18736
290428772,18740
290436624,18736
290444220,18732
290452069,18740
290459393,18736
290467255,18734
290475512,18758
290483278,18754
290490859,18756
290498716,18755
290506372,18734
290514172,18758
290521771,18760
290529573,18759
290537234,18759
290545121,18767
290552723,18759
290559578,18762
290566424,18756
290574326,18767
290581879,18768
290589715,18762
290597314,18737
290605215,18724
290612806,18726
290620673,18722
290628266,18715
290636177,18717
290643774,18713
290651658,18718
290659239,18710
290667144,18707
290680604,18704
290688894,18701
290696827,18706
290704492,18702
290718562,18680
290726196,18681
290734091,18676
290741733,18678
290749627,18676
290757255,18683
290765122,18677
290772742,18677
290780634,18678
290788230,18676
290795086,18677
290802964,18682
290810571,18679
290818439,18670
290826071,18671
290833946,18665
290841590,18669
290849416,18665
290857064,18670
290864885,18672
290872505,18670
290880285,18668
290887906,18667
290895776,18670
290904039,18671
290911842,18670
290918766,18666
290926432,18666
290934248,18672
290941863,18671
290955889,18680
290963505,18684
290971308,18679
290978912,18681
290986761,18684
290994355,18683
291002223,18686
291009815,18686
291017660,18688
291025275,18682
291033168,18690
291040785,18685
291048631,18685
291056265,18688
291064123,18694
291071704,18711
291079568,18716
291087213,18713
291095115,18712
291102703,18719
291111181,18712
291118786,18718
291126642,18721
291134258,18717
291141145,18720
291148995,18712
291155873,18719
291163511,18721
291171435,18720
291179066,18718
291193794,18749
291201410,18749
291209246,18747
291216858,18743
291224723,18747
291232333,18745
291240177,18745
291247736,18756
291255567,18750
291262464,18748
291270129,18748
291277999,18758
291285586,18748
291293439,18750
291301081,18747
291308897,18759
291317176,18757
291325100,18758
291332674,18750
291340528,18746
291348161,18740
291356076,18744
291363730,18739
291371650,18739
291378511,18738
291386109,18730
291393963,18730
291400828,18731
291408511,18724
291416330,18719
291423922,18716
291431740,18685
291439406,18688
291447219,18684
291454766,18686
291462613,18688
291470277,18689
291478170,18687
291485753,18689
291493580,18683
291501212,18691
291509077,18681
291515966,18691
291523563,18680
291532005,18687
291539595,18684
291554258,18680
291561877,18687
291569798,18680
291577375,18687
291585257,18681
291592873,18679
291600703,18684
291608369,18685
291616226,18681
291623831,18683
291631725,18676
291638565,18680
291646127,18682
291653945,18686
291661584,18690
291669412,18695
291677010,18693
291684814,18691
291692455,18697
291700275,18691
291707870,18699
291715658,18694
291723261,18696
291731179,18694
291739431,18694
291747261,18697
291754127,18705
291761775,18701
291769618,18698
291777242,18699
291785122,18696
291792733,18725
291800585,18729
291808228,18730
291816091,18731
291823685,18730
291831513,18730
291839110,18732
291847013,18730
291854652,18731
291861503,18729
291869379,18725
291876250,18732
291883867,18733
291891726,18728
291899411,18731
291907306,18733
291914855,18764
291929334,18762
291937318,18758
291944980,18763
291953485,18758
291961149,18763
291969032,18762
291976615,18768
291984479,18766
291990691,18768
291998312,18773
292006225,18768
292013849,18768
292021688,18761
292035421,18795
292043066,18796
292050878,18793
292058500,18799
292066348,18795
292073977,18791
292081816,18796
292089431,18794
292097246,18790
292104874,18790
292111769,18791
292119637,18788
292127264,18778
292135159,18777
292142745,18772
292150614,18730
292158212,18734
292166699,18735
292174394,18729
292182251,18723
292189892,18726
292197749,18728
292205393,18734
292213216,18725
292220817,18729
292227690,18731
292235528,18730
292243127,18725
292250895,18724
292258502,18730
292265351,18730
292273250,18737
292280857,18736
292288720,18739
292296333,18741
292304192,18734
292311723,18734
292319499,18740
292327092,18733
292334958,18736
292342624,18741
292349455,18737
292357287,18737
292364889,18735
292373350,18736
292380946,18732
292395691,18736
292403323,18739
292411202,18738
292418758,18739
292426674,18743
292434325,18744
292442205,18746
292449849,18747
292457651,18751
292465272,18749
292473150,18747
292480747,18744
292488603,18746
292496246,18746
292504117,18749
292511692,18773
292519534,18778
292527112,18778
292535027,18778
292542643,18778
292550475,18777
292558091,18778
292565983,18780
292573626,18776
292582095,18781
292587983,18776
292595813,18774
292603448,18782
292611267,18778
292618859,18780
292633600,18801
292641203,18808
292649075,18809
292656675,18807
292664500,18807
292672120,18814
292679993,18815
292687645,18805
292695528,18812
292703173,18815
292711008,18809
292718611,18813
292726433,18813
292734047,18813
292741860,18813
292749498,18834
292757369,18827
292764996,18836
292772831,18830
292780484,18832
292788365,18830
292796646,18826
292804506,18827
292812132,18821
292820041,18816
292826274,18816
292833922,18816
292841796,18812
292849447,18809
292857324,18805
292864180,18799
292871808,18772
292879682,18777
292887317,18784
292895204,18779
292902820,18776
292910678,18781
292918262,18776
292926096,18776
292933710,18777
292941576,18768
292949203,18780
292957109,18778
292964680,18775
292972497,18777
292980113,18777
292994830,18783
293003023,18784
293010836,18778
293018464,18777
293026256,18778
293033848,18781
293041691,18778
293049285,18781
293057207,18780
293063416,18781
293071073,18780
293078893,18781
293086523,18776
293094351,18779
293101922,18787
293109765,18787
293117415,18783
293125294,18784
293132885,18788
293140778,18789
293148431,18792
293156268,18796
293170553,18789
293177407,18789
293185315,18786
293192178,18791
293199753,18791
293207612,18787
293215810,18796
293229851,18813
293237559,18814
293245307,18814
293252932,18813
293260759,18815
293268320,18817
293276193,18818
293283822,18818
293291659,18818
293298555,18817
293306174,18819
293313009,18821
293320878,18816
293328514,18812
293336317,18819
293350101,18838
293357751,18839
293365601,18842
293373212,18841
293381079,18848
293388637,18847
293396498,18845
293404115,18842
293411972,18847
293419625,18842
293428084,18843
293435716,18847
293443594,18843
293451209,18844
293458091,18852
293465929,18845
293473580,18843
293481394,18837
293488949,18835
293496788,18830
293504485,18828
293512241,18829
293519806,18832
293527678,18826
293534553,18822
293542196,18829
293550080,18814
293557664,18816
293565486,18824
293573097,18817
293587792,18791
293595419,18790
293603276,18792
293610890,18787
293618704,18785
293626302,18788
293634211,18784
293642481,18786
293650268,18782
293657857,18784
293665688,18783
293673307,18789
293681190,18791
293688814,18785
293696701,18782
293704343,18779
293712203,18775
293719729,18780
293727551,18780
293735156,18785
293743002,18778
293750617,18780
293758454,18777
293766078,18777
293772940,18778
293780788,18780
293787626,18775
293795257,18777
293803131,18777
293810730,18776
293818568,18777
293826194,18781
293834062,18786
293841674,18781
293850135,18780
293857709,18777
293865557,18787
293873184,18784
293881048,18779
293888680,18787
293896544,18788
293904176,18788
293912081,18787
293918908,18787
293926548,18792
293934376,18787
293948205,18807
293955839,18811
293963722,18809
293971359,18814
293979194,18806
293986792,18809
293994650,18810
294002262,18806
294010142,18812
294017729,18812
294024593,18808
294032433,18808
294039279,18820
294046821,18815
294054679,18813
294062845,18826
294070717,18831
294078358,18832
294086234,18828
294093799,18829
294101652,18836
294109285,18829
294117114,18832
294124679,18836
294132517,18834
294140151,18840
294148008,18834
294155695,18838
294163564,18836
294171155,18835
294179009,18842
294186668,18797
294194505,18797
294202148,18794
294209983,18796
294217573,18786
294225358,18789
294232965,18790
294240856,18784
294248495,18782
294255325,18788
294263203,18782
294271509,18776
294278365,18776
294286253,18776
294293793,18781
294300672,18777
294308522,18747
294316130,18749
294324013,18748
294331632,18750
294339496,18746
294347149,18747
294355038,18752
294362637,18746
294370459,18746
294378052,18745
294385848,18747
294393453,18744
294401307,18747
294415577,18747
294423458,18732
294431122,18736
294439007,18736
294446642,18738
294454438,18739
294462075,18734
294469948,18736
294477615,18727
294486136,18732
294493726,18731
294501563,18736
294509220,18737
294516099,18732
294523876,18736
294531545,18734
294539439,18736
294547034,18744
294554872,18743
294562569,18745
294570473,18745
294578108,18741
294586012,18745
294593695,18745
294601602,18734
294608494,18749
294616170,18751
294624013,18749
294631637,18749
294639461,18750
294647041,18745
294653913,18754
294661740,18750
294669349,18768
294677243,18771
294684845,18772
294693244,18768
294700869,18771
294708712,18768
294716355,18775
294724273,18763
294731919,18775
294738883,18770
294746725,18769
294754392,18775
294762332,18773
294769921,18773
294777759,18778
294792153,18785
294800047,18788
294807694,18791
294815527,18789
294823191,18795
294831113,18799
294838776,18797
294846646,18793
294854264,18793
294862132,18794
294869759,18793
294877626,18803
294885227,18795
294892124,18794
294899961,18804
294908197,18783
294916019,18781
294923645,18768
294931460,18770
294939052,18769
294946919,18765
294954573,18761
294962395,18758
294969244,18754
294976841,18748
294984633,18753
294992216,18746
295000121,18741
295007741,18748
295015612,18743
295030129,18705
295037958,18705
295045597,18704
295053412,18706
295061004,18704
295068857,18706
295076505,18706
295084323,18707
295091934,18705
295099799,18701
295107407,18703
295115881,18701
295123478,18705
295131282,18703
295138907,18699
295146789,18690
295154399,18699
295162236,18695
295169823,18689
295177687,18694
295185284,18689
295193187,18692
295200766,18694
295207633,18695
295215459,18694
295223073,18688
295230907,18691
295238553,18696
295246332,18690
295253899,18690
295268631,18697
295276234,18707
295284114,18695
295291689,18703
295299520,18706
295307140,18704
295315003,18699
295322549,18706
295330158,18699
295338031,18702
295345648,18702
295353472,18703
295361106,18708
295368904,18704
295376575,18709
295384388,18722
295391978,18725
295399834,18728
295407504,18727
295415338,18734
295422908,18726
295430753,18730
295438327,18726
295446193,18730
295453752,18729
295460658,18731
295468474,18729
295476132,18729
295483952,18737
295491620,18738
295499418,18734
295507038,18753
295514854,18751
295522477,18755
295531001,18753
295538650,18759
295546466,18753
295554107,18758
295560986,18758
295568837,18759
295576483,18757
295584280,18760
295591822,18759
295599649,18759
295607258,18760
295614157,18760
295622004,18786
295629628,18785
295637449,18782
295645071,18780
295659598,18788
295667434,18778
295675116,18772
295682954,18778
295690610,18774
295698444,18772
295706098,18773
295713909,18767
295720816,18768
295727726,18764
295735344,18755
295743235,18695
295751588,18699
295759473,18690
295767166,18697
295775057,18692
295782675,18696
295790528,18688
295798130,18692
295806068,18685
295812965,18693
295820633,18689
295828520,18695
295836175,18691
295844046,18695
295851660,18691
295866379,18685
295874007,18692
295881829,18693
295889454,18687
295897326,18684
295904985,18688
295912819,18681
295920461,18685
295928300,18686
295935925,18682
295943787,18684
295951399,18683
295959946,18680
295966804,18678
295981313,18690
295989182,18689
295996740,18687
296004597,18691
296012241,18690
296020139,18686
296027742,18688
296034590,18687
296042443,18693
296050040,18696
296057871,18689
296065512,18693
296073328,18692
296080963,18688
296088827,18693
296096479,18722
296104343,18721
296111918,18722
296119784,18719
296127365,18726
296135274,18723
296142879,18720
296150740,18725
296158379,18720
296166909,18723
296173813,18719
296181405,18719
296189238,18725
296196831,18724
296203685,18725
296211565,18725
296219190,18753
296227061,18755
296234693,18751
296242521,18760
296250133,18756
296257978,18753
296265608,18755
296272417,18756
296280218,18754
296287826,18760
296295682,18759
296303281,18758
296311153,18759
296318713,18756
296325582,18758
296333398,18756
296341004,18787
296348873,18788
296356478,18787
296364344,18795
296372001,18789
296380409,18784
296388078,18788
296395879,18787
296403556,18795
296411395,18791
296419057,18789
296426910,18796
296434603,18796
296441517,18795
296448330,18795
296456173,18793
296463772,18747
296471642,18743
296479274,18745
296487154,18746
296494753,18738
296502588,18736
296510238,18739
296518102,18735
296525684,18733
296533488,18735
296541132,18742
296549024,18735
296556655,18728
296564477,18729
296572102,18725
296587293,18718
296594873,18720
296602725,18723
296610330,18728
296618176,18721
296625784,18726
296632668,18726
296640469,18726
296648029,18727
296655857,18723
296663478,18727
296671318,18720
296678925,18720
296686797,18729
296694409,18724
296702253,18724
296709788,18724
296717648,18729
296725258,18726
296733137,18722
296740742,18724
296748601,18725
296756245,18727
296764144,18728
296771790,18726
296779598,18731
296787222,18726
296795683,18728
296803335,18725
296810281,18728
296825038,18749
296832661,18755
296840507,18747
296848109,18743
296855956,18745
296863621,18750
296870431,18748
296878318,18756
296885928,18756
296892762,18755
296907246,18751
296914896,18750
296922742,18754
296930335,18752
296938246,18776
296945828,18784
296953633,18780
296961296,18781
296969160,18779
296976770,18782
296984625,18788
296992247,18779
297000179,18781
297007106,18787
297015345,18790
297023271,18785
297030858,18793
297038710,18789
297044610,18790
297052408,18790
297060021,18810
297067854,18809
297075522,18815
297083409,18812
297091077,18814
297098897,18815
297105804,18820
297113411,18814
297121278,18823
297128804,18818
297136673,18817
297144288,18815
297152154,18819
297159765,18826
297165954,18821
297173829,18823
297181461,18802
297189273,18796
297196837,18794
297204639,18793
297212290,18788
297220161,18792
297228421,18787
297236247,18791
297243817,18787
297251659,18787
297259335,18782
297267215,18787
297274812,18779
297281028,18782
297288874,18781
297296510,18777
297304334,18758
297311951,18764
297319798,18763
297327412,18769
297335269,18763
297342856,18765
297350667,18763
297358276,18762
297366168,18765
297373716,18764
297381502,18761
297389101,18755
297396935,18765
297403829,18766
297411458,18756
297426194,18766
297434448,18763
297442289,18768
297449857,18767
297457683,18765
297465280,18757
297473232,18764
297480899,18763
297488792,18765
297496407,18762
297504281,18758
297511868,18764
297518710,18765
297526578,18766
297534189,18762
297542058,18775
297549715,18778
297557536,18776
297565153,18773
297572984,18774
297580620,18779
297587427,18776
297595275,18778
297602862,18778
297610726,18774
297618343,18776
297626272,18781
297633886,18780
297641693,18781
297649330,18783
297657217,18782
297664773,18804
297672619,18800
297680239,18804
297688109,18798
297695660,18814
297703479,18810
297711110,18804
297718953,18805
297725830,18806
297733482,18809
297741352,18818
297748991,18809
297756905,18805
297764609,18809
297772376,18813
297779918,18828
297787730,18830
297795331,18833
297803260,18834
297810843,18825
297818699,18830
297825549,18833
297833182,18824
297841043,18835
297849286,18833
297857217,18833
297864815,18833
297872670,18834
297879535,18836
297887153,18843
297895072,18838
297902711,18840
297910513,18831
297918100,18836
297925928,18834
297933604,18830
297941466,18828
297949071,18828
297956922,18827
297964608,18822
297972437,18817
297980012,18815
297987839,18812
297995488,18809
298003316,18812
298010912,18814
298025652,18776
298033306,18771
298041156,18777
298048739,18777
298056612,18775
298064057,18770
298071694,18769
298079534,18771
298087174,18772
298095065,18768
298102673,18766
298110547,18771
298118199,18767
298125055,18773
298132915,18768
298147195,18769
298155083,18761
298162744,18758
298170584,18766
298177470,18763
298185131,18757
298192978,18753
298200615,18759
298208443,18761
298216115,18763
298223983,18763
298231662,18756
298238563,18752
298246371,18756
298260813,18766
298268659,18762
298276882,18766
298284814,18765
298292476,18770
298300369,18763
298307979,18767
298315809,18765
298323472,18765
298331324,18770
298338991,18773
298346867,18765
298354503,18769
298362362,18768
298369969,18771
298377781,18785
298385395,18780
298393296,18791
298400901,18787
298408750,18781
298415617,18789
298423274,18794
298431164,18790
298438759,18786
298446610,18786
298454200,18793
298462057,18788
298469688,18792
298476558,18798
298484383,18792
298499586,18810
298507479,18809
298515044,18806
298522889,18811
298530462,18812
298538361,18815
298545985,18816
298553851,18811
298560696,18814
298568326,18814
298576185,18818
298583781,18817
298591636,18817
298599223,18822
298607090,18817
298614714,18835
298622539,18828
298630185,18834
298638063,18833
298645699,18830
298653513,18833
298661140,18831
298668988,18837
298676617,18834
298684445,18840
298692089,18837
298700489,18842
298708123,18842
298714977,18835
298722818,18836
298729710,18842
298737382,18766
298745276,18770
298752870,18763
298760718,18762
298768397,18758
298775289,18758
298783208,18762
298790785,18761
298798664,18757
298806284,18758
298814138,18756
298821734,18757
298829601,18755
298837229,18750
298845117,18756
298852678,18753
298860491,18738
298868104,18736
298875952,18731
298883628,18735
298891484,18736
298899133,18734
298907560,18740
298915177,18740
298922040,18732
298929936,18731
298937641,18737
298945462,18737
298953042,18733
298960915,18730
298968555,18731
298976389,18727
298984009,18725
298991862,18732
298999496,18735
299007399,18732
299014240,18730
299021877,18727
299029740,18734
299037374,18730
299045267,18725
299052803,18726
299060627,18728
299068256,18728
299075144,18737
299082976,18731
299090618,18730
299098454,18748
299106053,18747
299113878,18747
299122124,18751
299129938,18749
299137617,18746
299145429,18746
299153033,18749
299159905,18755
299167758,18745
299175347,18751
299183201,18752
299190844,18755
299198690,18753
299206330,18752
299213171,18749
299221021,18768
299228687,18771
299236519,18765
299244122,18773
299250959,18778
299258791,18770
299266370,18774
299274278,18778
299281869,18779
299289715,18778
299297347,18783
299305189,18783
299312788,18777
299320652,18781
299328782,18775
299343453,18796
299351086,18795
299358919,18796
299366595,18792
299374450,18802
299382032,18798
299396551,18801
299404265,18798
299412209,18803
299419858,18798
299427741,18807
299434651,18807
299442240,18804
299456955,18808
299464602,18804
299472468,18809
299480113,18802
299486972,18797
299494842,18792
299502536,18794
299510419,18790
299518005,18784
299525829,18789
299533430,18779
299541280,18769
299549596,18776
299557432,18774
299565023,18766
299572870,18722
299580432,18715
299588296,18724
299595867,18722
299603724,18724
299611333,18721
299619212,18721
299626815,18722
299634660,18718
299642293,18716
299650194,18718
299657747,18718
299665572,18718
299672466,18720
299680040,18716
299687875,18720
299694749,18710
299702406,18701
299710299,18711
299717868,18710
299724726,18707
299732575,18710
299740242,18708
299748105,18708
299755673,18705
299763474,18702
299771118,18706
299778972,18705
299786613,18706
299794418,18708
299802074,18704
299816063,18704
299823703,18708
299831500,18710
299839135,18708
299846014,18712
299853836,18707
299861448,18711
299869289,18704
299876885,18711
299884791,18712
299892384,18709
299900299,18712
299907857,18712
299914738,18716
299922541,18713
299936384,18736
299944256,18731
299951845,18732
299959710,18731
299967964,18726
299975795,18729
299983380,18727
299991295,18735
299998878,18731
300006739,18739
300014389,18733
300022278,18739
300029846,18743
300037701,18732
300045279,18741
300052155,18758
300059968,18753
300067597,18760
300075491,18759
300082359,18755
300089964,18760
300097783,18753
300105424,18759
300113293,18757
300120870,18764
300128688,18761
300136305,18765
300144231,18759
300151794,18763
300159615,18761
300167255,18765
300175714,18781
300183347,18785
300191222,18787
300198819,18784
300206666,18788
300214281,18789
300222144,18788
300229730,18791
300236564,18790
300244352,18790
300251922,18795
300259729,18790
300267363,18788
300275218,18794
300282826,18800
300297530,18729
300305154,18729
300313073,18728
300320719,18725
300328486,18723
300336096,18719
300343967,18715
300351644,18721
300359526,18717
300367229,18714
300374991,18710
300383293,18710
300390149,18713
300398011,18714
300405629,18710
300413478,18701
300421060,18693
300428935,18697
300436580,18699
300444434,18697
300452039,18695
300459889,18700
300467543,18702
300474418,18702
300482314,18701
300489942,18701
300497819,18695
300505418,18704
300513322,18699
300520876,18694
300535519,18693
300543167,18690
300551024,18692
300557905,18697
300565561,18691
300573393,18700
300580977,18696
300588847,18698
300597078,18693
300604932,18694
300612556,18692
300620373,18692
300627954,18698
300642391,18695
300650325,18704
300657222,18707
300664775,18711
300672602,18710
300680236,18715
300688120,18713
300695743,18709
300703625,18713
300710466,18716
300718074,18720
300725932,18719
300733551,18714
300741383,18721
300748369,18719
300756265,18721
300763829,18725
300771701,18746
300779296,18741
300787147,18747
300794707,18743
300802520,18748
300810719,18745
300818497,18747
300826165,18753
300834042,18746
300841676,18752
300849486,18754
300857147,18751
300865009,18755
300872631,18755
300880509,18747
300895080,18772
300902934,18776
300910576,18773
300918393,18772
300926025,18774
300933910,18780
300941535,18777
300948417,18777
300956334,18775
300963965,18774
300971791,18777
300979412,18779
300987278,18779
300994896,18779
301002758,18776
301010358,18794
301018108,18788
301025719,18779
301033523,18780
301041133,18772
301048948,18774
301056548,18775
301064402,18776
301072042,18770
301079880,18758
301087529,18755
301095397,18753
301103029,18745
301110846,18750
301118441,18745
301126301,18713
301133902,18706
301141748,18706
301148628,18718
301156266,18707
301164124,18713
301171731,18704
301179528,18705
301187149,18707
301195034,18708
301202649,18709
301210492,18708
301218065,18705
301225476,18711
301233333,18710
301240910,18709
301248701,18712
301256299,18716
301264179,18713
301271745,18715
301279552,18708
301287172,18711
301294989,18713
301302626,18706
301309469,18709
301317322,18710
301324908,18711
301332769,18709
301340376,18711
301348221,18709
301355824,18711
301370504,18717
301378076,18710
301385943,18712
301393571,18716
301401344,18716
301408972,18724
301416797,18717
301424417,18721
301432958,18715
301440535,18718
301448354,18717
301455921,18724
301463811,18723
301471455,18725
301479355,18725
301486944,18746
301494807,18747
301501634,18749
301508487,18752
301516148,18750
301523992,18752
301531641,18753
301539462,18753
301547065,18754
301554938,18751
301562616,18749
301570414,18757
301577993,18754
301585851,18753
301593437,18757
301601327,18759
301608967,18778
301616811,18779
301623696,18783
301631377,18777
301639240,18774
301647540,18779
301655424,18782
301663050,18778
301669959,18780
301677785,18784
301685394,18782
301693256,18787
301700795,18783
301708622,18784
301716220,18786
301730967,18814
301738593,18817
301746382,18811
301754006,18815
301761846,18808
301769435,18808
301777309,18818
301784959,18810
301792780,18808
301800397,18809
301808301,18809
301815885,18804
301823730,18803
301831366,18801
301839265,18793
301846809,18730
301855304,18721
301862189,18719
301869055,18727
301883279,18733
301891220,18726
301898846,18724
301905742,18719
301913549,18721
301921156,18718
301928999,18717
301936665,18721
301943513,18721
301951383,18712
301959019,18724
301966873,18716
301974474,18717
301981329,18714
301989229,18713
301996823,18717
302004658,18713
302012309,18719
302020216,18715
302027834,18715
302035674,18719
302043245,18723
302051134,18716
302058743,18721
302066596,18721
302074859,18718
302089550,18715
302097184,18713
302105036,18715
302112665,18713
302120431,18718
302128041,18715
302135895,18709
302143485,18713
302151340,18715
302158954,18714
302166843,18721
302174469,18715
302182274,18719
302189783,18715
302197610,18723
302205242,18741
302213126,18740
302220010,18743
302227667,18742
302235515,18737
302243122,18743
302250953,18741
302258595,18746
302266398,18743
302274035,18744
302282413,18737
302290022,18745
302297883,18742
302304764,18742
302312390,18751
302320262,18745
302327842,18775
302335683,18771
302343282,18772
302351149,18777
302358764,18775
302366603,18773
302374227,18780
302382036,18777
302389698,18775
302397544,18781
302405166,18781
302413013,18775
302420669,18778
302428492,18776
302436081,18785
302450772,18796
302457663,18805
302464356,18803
302472239,18809
302479838,18806
302488330,18809
302495956,18813
302503787,18812
302511385,18815
302519265,18816
302526885,18813
302534726,18806
302542345,18815
302550252,18815
302557841,18809
302565678,18753
302573272,18746
302580127,18744
302587999,18748
302595633,18739
302603433,18742
302611048,18745
302618944,18735
302625844,18739
302633445,18737
302641340,18735
302648986,18738
302656859,18738
302664486,18730
302672386,18734
302679997,18730
302687824,18711
302696081,18716
302703967,18718
302711566,18718
302719395,18720
302726951,18715
302734816,18715
302742398,18715
302750268,18719
302757921,18717
302765733,18719
302773353,18718
302781226,18715
302788067,18716
302795741,18716
302810399,18713
302817258,18715
302824899,18711
302832772,18712
302840369,18721
302848233,18714
302855843,18715
302863707,18714
302871332,18717
302879245,18711
302886858,18713
302894753,18715
302902408,18719
302910881,18719
302918475,18717
302926351,18739
302933927,18734
302941757,18735
302949386,18735
302957309,18730
302964879,18734
302972735,18737
302980314,18744
302987191,18739
302995013,18739
303002663,18737
303010534,18743
303018163,18732
303025025,18735
303032868,18741
303040497,18738
303048318,18768
303055882,18761
303062754,18767
303070605,18769
303078240,18766
303086115,18767
303093793,18776
303101643,18767
303109232,18766
303117674,18768
303131911,18764
303138834,18766
303146652,18771
303154287,18764
303169045,18793
303175889,18793
303183542,18798
303191419,18790
303199053,18800
303206925,18798
303214566,18795
303222397,18792
303229962,18800
303237815,18802
303245415,18800
303253285,18799
303260284,18799
303268172,18804
303275772,18805
303283598,18813
303291222,18817
303299047,18817
303306687,18811
303314455,18805
303322051,18802
303329929,18801
303338183,18794
303346054,18796
303353714,18790
303361521,18782
303369186,18782
303376045,18782
303383859,18786
303391477,18771
303406246,18730
303413058,18732
303420021,18727
303427859,18727
303435451,18725
303443327,18726
303450865,18721
303458675,18728
303465499,18722
303473115,18721
303480961,18726
303488623,18723
303495446,18721
303503330,18717
303510880,18727
303525543,18716
303532396,18722
303539361,18720
303547820,18719
303555417,18719
303563316,18717
303570872,18721
303578684,18715
303586321,18716
303594232,18723
303601853,18717
303609739,18714
303617377,18715
303625233,18717
303632823,18717
303640655,18713
303648245,18716
303655092,18720
303662961,18722
303670580,18723
303678411,18719
303686048,18714
303693902,18721
303701554,18719
303709365,18725
303716932,18722
303724768,18722
303732410,18722
303740296,18720
303747849,18721
303756314,18718
303763895,18744
303770755,18745
303778586,18742
303786188,18748
303794028,18747
303801697,18748
303809531,18747
303817133,18749
303824026,18749
303831904,18754
303839524,18749
303847383,18747
303855006,18747
303862863,18747
303870471,18750
303878365,18749
303885965,18770
303893836,18774
303901430,18774
303909281,18777
303916880,18775
303924719,18775
303932343,18776
303940244,18775
303947831,18777
303955644,18774
303963815,18776
303971653,18781
303978515,18774
303986104,18776
303993950,18775
304007691,18800
304015313,18801
304023177,18803
304030785,18801
304038588,18800
304046204,18803
304054015,18804
304061672,18805
304069492,18802
304077155,18804
304085019,18799
304092697,18799
304100502,18806
304108094,18810
304115915,18808
304123511,18732
304131370,18725
304138959,18733
304146836,18730
304154446,18726
304162347,18730
304170486,18731
304178376,18723
304185271,18723
304192847,18722
304200681,18722
304208324,18723
304215182,18725
304223043,18724
304230667,18720
304238490,18716
304246069,18716
304253903,18714
304261509,18716
304269359,18714
304277012,18711
304284829,18716
304292444,18715
304300348,18716
304307937,18710
304315789,18717
304323412,18709
304331301,18715
304338894,18711
304346742,18714
304354347,18721
304368898,18702
304376711,18707
304384977,18705
304392895,18705
304400502,18713
304408416,18707
304416070,18704
304423930,18708
304431599,18708
304439427,18707
304447038,18713
304454865,18711
304462479,18709
304470366,18708
304477958,18704
304484790,18727
304492652,18729
304500307,18736
304508169,18728
304515777,18735
304523592,18726
304531218,18738
304539054,18731
304546708,18736
304554538,18732
304562175,18726
304570036,18739
304577699,18737
304585537,18736
304593671,18741
304607826,18762
304615432,18764
304623325,18760
304630948,18766
304638771,18766
304646436,18769
304654289,18766
304661222,18768
304668789,18767
304676613,18763
304684213,18766
304692084,18766
304699782,18771
304707602,18771
304715218,18768
304723043,18789
304730691,18788
304738498,18794
304745380,18794
304752944,18795
304760801,18792
304768395,18790
304776262,18796
304783871,18795
304791701,18797
304799340,18795
304807833,18803
304814732,18802
304822351,18799
304830192,18803
304837782,18808
304845589,18783
304853201,18777
304861070,18776
304868682,18769
304876528,18768
304884153,18769
304892022,18762
304899640,18762
304907503,18757
304915104,18756
304922947,18752
304930586,18758
304938416,18752
304946051,18753
304953877,18748
304967628,18733
304975460,18728
304983062,18731
304990891,18729
304998497,18727
305006341,18728
305014612,18728
305021481,18728
305029342,18731
305036886,18726
305044730,18731
305052358,18730
305060282,18728
305067934,18730
305075740,18729
305083380,18733
305091219,18724
305098817,18729
305106609,18735
305114216,18725
305122023,18728
305129681,18732
305137500,18725
305145097,18728
305152964,18726
305160585,18725
305168417,18723
305175262,18722
305182861,18725
305190697,18727
305198308,18724
305206213,18740
305213789,18739
305222287,18743
305229853,18742
305237667,18737
305245274,18744
305253149,18742
305260767,18745
305268548,18739
305276198,18745
305284049,18745
305290970,18743
305298568,18745
305306447,18747
305314032,18748
305328134,18766
305335794,18766
305343608,18771
305351221,18772
305359100,18773
305366711,18778
305374489,18781
305382140,18773
305390011,18776
305397636,18774
305405476,18771
305412337,18775
305419966,18775
305427852,18780
305435996,18777
305443794,18796
305451415,18797
305459284,18801
305466928,18801
305474785,18799
305482414,18798
305490283,18801
305497896,18797
305504796,18798
305512651,18803
305520246,18802
305527128,18805
305534963,18806
305542589,18801
305550456,18808
305558070,18813
305565880,18803
305573458,18802
305581367,18798
305588948,18794
305596804,18799
305604428,18789
305618211,18789
305625895,18790
305633782,18783
305641371,18780
305649825,18772
305657525,18775
305665445,18772
305673083,18768
305687837,18734
305695483,18736
305703329,18734
305710876,18730
305717712,18733
305725560,18729
305733174,18735
305741041,18732
305748711,18732
305756489,18731
305763362,18727
305770872,18735
305778691,18730
305786292,18737
305794161,18733
305801789,18730
305809575,18726
305817205,18728
305825071,18722
305832716,18731
305840528,18726
305848111,18726
305856525,18725
305864135,18720
305871977,18726
305879590,18726
305887402,18727
305894969,18725
305902768,18727
305910389,18722
305925111,18729
305932791,18727
305940648,18722
305948251,18718
305956155,18730
305963806,18735
305971631,18732
305978477,18731
305986055,18734
305993903,18738
306001479,18733
306009377,18730
306016969,18726
306024872,18734
306032464,18729
306040357,18756
306047915,18750
306055743,18759
306063942,18756
306071797,18751
306078737,18754
306086354,18756
306094246,18759
306101851,18761
306109727,18761
306117319,18758
306124215,18761
306132049,18767
306139717,18766
306147551,18761
306155178,18764
306163045,18783
306170652,18781
306178486,18784
306186100,18784
306193959,18791
306201628,18781
306209503,18788
306217129,18787
306224992,18782
306232605,18783
306240439,18784
306248013,18784
306255875,18789
306263448,18788
306271270,18785
306285666,18798
306293499,18799
306301086,18800
306308953,18796
306316613,18793
306324446,18794
306332059,18789
306338935,18786
306346830,18780
306354448,18784
306362342,18779
306369862,18779
306377693,18768
306385305,18763
306393126,18763
306400768,18698
306408583,18701
306416219,18704
306424057,18707
306431679,18698
306439502,18694
306447090,18703
306454933,18703
306462625,18700
306470399,18700
306477977,18702
306485487,18695
306493373,18699
306500959,18698
306508807,18694
306515663,18700
306523280,18698
306531109,18685
306538733,18692
306546583,18695
306554232,18690
306562053,18687
306569701,18692
306577494,18693
306585126,18685
306593019,18685
306600690,18691
306608542,18689
306616196,18692
306624033,18688
306631679,18691
306646328,18692
306653901,18693
306661767,18689
306669415,18688
306677305,18691
306684912,18690
306693384,18690
306700282,18686
306707897,18692
306715692,18691
306722547,18695
306730132,18693
306737987,18693
306745671,18692
306753466,18691
306761098,18714
306768909,18711
306776533,18710
306784370,18718
306791978,18711
306799795,18720
306807446,18720
306815314,18721
306822875,18721
306830677,18718
306838284,18717
306846087,18718
306860374,18723
306868324,18717
306882837,18739
306890687,18736
306898305,18740
306906167,18738
306914425,18736
306922311,18740
306929961,18742
306936823,18743
306944664,18739
306952294,18744
306959177,18745
306967035,18744
306974696,18745
306982463,18745
306990056,18743
306997911,18762
307005551,18764
307013425,18766
307021038,18768
307028889,18768
307036465,18766
307044296,18766
307051870,18768
307059671,18767
307067311,18766
307075111,18766
307082727,18768
307090576,18767
307098192,18772
307106034,18771
307112963,18771
307121239,18681
307129069,18683
307136733,18683
307144569,18679
307152228,18678
307160092,18678
307166936,18675
307173796,18677
307181398,18677
307189316,18674
307196934,18676
307204825,18665
307212405,18674
307220310,18671
307227895,18663
307242583,18661
307250199,18658
307258028,18663
307265692,18658
307273492,18662
307281130,18658
307288005,18660
307294907,18665
307302717,18664
307310343,18662
307318203,18665
307325843,18665
307334323,18666
307341890,18662
307349720,18657
307357353,18661
307365176,18660
307372837,18657
307380620,18661
307388240,18661
307396078,18661
307403755,18656
307410593,18658
307418399,18664
307425991,18658
307433761,18655
307440619,18658
307448234,18659
307456053,18660
307463750,18660
307471595,18657
307479220,18682
307487072,18678
307494719,18681
307502473,18682
307510053,18679
307517929,18682
307525513,18681
307533377,18684
307541588,18686
307549441,18688
307557046,18691
307564902,18687
307572506,18688
307580398,18689
307587951,18687
307594814,18691
307602655,18711
307610236,18707
307618075,18714
307625720,18716
307633477,18709
307641059,18716
307647895,18717
307655698,18718
307663314,18718
307671189,18718
307678787,18711
307686568,18716
307694170,18721
307702005,18719
307709621,18717
307724364,18737
307731925,18737
307739795,18742
307747995,18739
307755911,18739
307763504,18738
307770381,18738
307778223,18743
307785877,18745
307793719,18744
307801347,18743
307809193,18753
307816835,18749
307824689,18750
307832300,18749
307840105,18728
307847739,18717
307855555,18713
307863205,18715
307871068,18708
307878731,18706
307886577,18699
307894204,18700
307902041,18701
307909654,18697
307917463,18694
307924367,18700
307932022,18692
307939895,18691
307947536,18686
307954417,18683
307962887,18658
307970479,18667
307978347,18663
307985912,18660
307993752,18660
308001388,18659
308009234,18661
308016850,18659
308024679,18655
308032320,18661
308040217,18652
308047838,18655
308055679,18658
308063308,18658
308070156,18659
308084889,18659
308092510,18664
308106973,18661
308114906,18658
308122482,18651
308129369,18653
308137267,18653
308144899,18660
308152751,18657
308160376,18652
308168205,18655
308176524,18653
308184391,18657
308198893,18666
308206715,18668
308214375,18669
308222265,18666
308229849,18667
308237647,18671
308244488,18671
308251349,18665
308258912,18673
308266733,18672
308274374,18675
308282251,18676
308289815,18672
308297668,18671
308305289,18674
308319973,18698
308327598,18696
308335422,18699
308343046,18695
308350914,18701
308358510,18699
308365398,18696
308373231,18702
308380848,18700
308389314,18704
308396895,18698
308404733,18703
308412360,18708
308420235,18700
308427820,18704
308435627,18726
308443251,18732
308451089,18731
308458762,18729
308466572,18725
308474163,18730
308481053,18730
308488920,18729
308496510,18729
308504369,18733
308511918,18735
308519744,18736
308527370,18738
308535227,18734
308542885,18736
308549720,18737
308557522,18769
308565127,18763
308572969,18765
308580537,18762
308588394,18764
308596665,18763
308604506,18769
308611414,18769
308619028,18766
308626868,18770
308634494,18776
308642373,18776
308649917,18770
308657751,18777
308665388,18767
308680143,18707
308687817,18705
308695645,18700
308703291,18706
308711124,18695
308718779,18699
308726623,18694
308734281,18699
308742093,18698
308749754,18684
308757591,18694
308765161,18696
308773005,18691
308780648,18688
308787557,18689
308795409,18698
308803614,18693
308811488,18696
308819140,18696
308826972,18694
308834557,18694
308841431,18696
308849306,18701
308856932,18693
308864812,18694
308872441,18702
308879342,18696
308887216,18698
308894838,18693
308902633,18696
308910267,18696
308918093,18695
308925761,18701
308933596,18695
308941240,18697
308949091,18699
308956723,18694
308964518,18697
308972084,18700
308979904,18702
308987558,18699
308995368,18699
309002913,18693
309010753,18706
309018997,18705
309025869,18706
309033711,18723
309041359,18718
309049238,18718
309056826,18729
309064678,18718
309072340,18723
309080250,18728
309087826,18727
309095620,18719
309103236,18729
309111074,18726
309118719,18728
309126538,18724
309134161,18727
309141991,18733
309156530,18751
309164409,18754
309171969,18754
309179751,18757
309187364,18756
309195229,18750
309202089,18757
309209761,18754
309217563,18759
309225777,18759
309233492,18759
309240482,18764
309248347,18757
309255935,18757
309263766,18765
309271429,18780
309279340,18781
309286917,18781
309294714,18786
309302309,18782
309310134,18793
309317803,18788
309325619,18787
309333266,18787
309346985,18794
309354590,18787
309362498,18785
309370122,18793
309378001,18791
309392515,18766
309400435,18763
309408011,18761
309415908,18761
309423527,18757
309431408,18756
309438880,18747
309446558,18751
309454437,18756
309462017,18746
309469839,18750
309476799,18742
309484436,18740
309492337,18746
309499870,18740
309507706,18731
309515332,18736
309523163,18733
309530814,18734
309538659,18731
309546268,18739
309554122,18737
309561772,18734
309569585,18743
309577174,18733
309585016,18731
309592675,18738
309600486,18733
309608091,18740
309615960,18739
309622830,18733
309630476,18730
309638338,18730
309646512,18734
309654437,18735
309662033,18738
309669901,18736
309676772,18734
309684392,18731
309692284,18733
309699113,18739
309706758,18736
309714543,18733
309722132,18737
309729953,18733
309737581,18732
309745432,18729
309753046,18744
309760873,18742
309768491,18745
309776343,18741
309783918,18748
309791782,18742
309799430,18748
309807328,18747
309814915,18745
309822740,18757
309830367,18749
309837270,18753
309845114,18750
309852760,18755
309861329,18758
309875856,18773
309883724,18775
309891333,18773
309899139,18771
309906786,18775
309914651,18772
309922304,18776
309930230,18772
309937832,18778
309945644,18775
309953268,18781
309961111,18784
309968720,18782
309976543,18781
309983417,18779
309991014,18800
309998868,18798
310006514,18797
310014397,18806
310022023,18800
310029849,18801
310036723,18804
310044310,18805
310052127,18802
310059788,18808
310068220,18803
310075117,18800
310082761,18802
310090565,18805
310098133,18803
310106011,18806
310113630,18811
310121478,18809
310129114,18799
310136966,18804
310144605,18797
310152466,18797
310160049,18791
310167917,18792
310175524,18788
310183393,18781
310190981,18788
310198818,18776
310206461,18772
310214366,18775
310221202,18771
310228838,18742
310236596,18745
310244173,18741
310252011,18741
310259632,18740
310267507,18736
310275706,18742
310283558,18743
310291158,18743
310299032,18740
310305887,18738
310313545,18731
310321448,18739
310329029,18736
310336898,18737
310344523,18738
310352433,18728
310360004,18732
310367834,18732
310375466,18728
310383354,18726
310390922,18738
310397796,18727
310405597,18728
310413259,18728
310421048,18731
310427900,18730
310435503,18728
310443361,18723
310450946,18719
310458802,18727
310473311,18725
310481219,18731
310489500,18727
310497380,18730
310504935,18730
310512762,18724
310520366,18725
310528272,18737
310535859,18733
310542748,18729
310550602,18733
310557445,18734
310565015,18733
310572871,18734
310580511,18735
310595004,18754
310602732,18751
310610666,18752
310618310,18751
310626149,18753
310633051,18762
310640655,18755
310648501,18757
310656158,18755
310664052,18750
310671695,18755
310679514,18760
310687098,18765
310700835,18774
310709345,18778
310716884,18778
310724723,18776
310732375,18779
310740277,18778
310747905,18783
310755741,18777
310763383,18784
310771237,18776
310778835,18782
310786617,18782
310793495,18785
310801109,18780
310808951,18783
310822730,18801
310830523,18804
310838089,18807
310845964,18810
310853554,18806
310861423,18810
310869026,18799
310875893,18804
310883673,18816
310891286,18807
310899149,18810
310906037,18811
310912909,18804
310921045,18803
310928881,18798
310942591,18730
310950491,18737
310958110,18724
310965933,18727
310973547,18721
310981424,18726
310989028,18718
310996899,18722
311004524,18723
311012408,18721
311020034,18719
311027866,18722
311035475,18723
311043381,18714
311057859,18704
311065679,18698
311073299,18706
311081165,18699
311088809,18702
311096659,18706
311104302,18704
311112167,18704
311119815,18702
311128367,18698
311135976,18700
311143833,18709
311151468,18704
311159347,18704
311166957,18705
311173796,18693
311181558,18690
311189158,18691
311197025,18696
311204653,18695
311212520,18693
311220138,18692
311227959,18695
311234829,18691
311242443,18696
311250323,18694
311257897,18694
311265751,18694
311272618,18692
311280234,18699
311288078,18693
311295709,18708
311303505,18708
311311089,18716
311318958,18717
311326545,18715
311335074,18718
311342756,18718
311350557,18715
311358155,18716
311366033,18715
311373666,18719
311381536,18712
311388408,18715
311396043,18711
311403928,18719
311418419,18747
311426282,18743
311433873,18745
311441683,18739
311449281,18742
311457106,18741
311464782,18751
311472592,18747
311480248,18752
311488080,18743
311495678,18748
311503518,18748
311511116,18747
311518973,18743
311526627,18746
311534460,18772
311542656,18771
311550589,18765
311558179,18773
311566006,18773
311573620,18778
311581452,18774
311589091,18777
311595972,18772
311603872,18774
311611540,18775
311619449,18775
311626355,18774
311633942,18780
311641714,18777
311649336,18779
311657167,18738
311664793,18738
311672611,18735
311680182,18735
311688018,18733
311695626,18719
311703477,18721
311711045,18720
311718897,18723
311726480,18716
311734352,18710
311741963,18719
311749789,18713
311757981,18713
311765803,18710
311779539,18674
311787396,18677
311795016,18678
311802883,18677
311810504,18672
311818358,18679
311825969,18681
311840446,18676
311848383,18672
311855973,18683
311862846,18673
311870675,18670
311878317,18668
311885232,18674
311893124,18671
311900759,18670
311908628,18667
311916215,18665
311924084,18664
311931690,18670
311939522,18668
311947203,18670
311954108,18668
311961960,18661
311970153,18666
311978054,18668
311985670,18663
311992601,18665
312000464,18661
312014906,18673
312022732,18679
312030327,18670
312038173,18673
312045768,18676
312053527,18675
312061091,18684
312068907,18676
312076524,18677
312084453,18679
312092053,18679
312099916,18681
312107484,18674
312114350,18679
312122173,18679
312129824,18705
312137587,18710
312145177,18707
312153048,18708
312160679,18710
312168458,18710
312176609,18707
312184473,18706
312191354,18708
312198937,18713
312206801,18707
312214501,18711
312222399,18703
312230013,18706
312237828,18714
312244726,18714
312252361,18732
312260197,18724
312267864,18735
312275680,18728
312283306,18733
312291138,18737
312298784,18741
312306575,18733
312314194,18740
312322054,18732
312329637,18732
312337515,18731
312344370,18740
312351983,18741
312359824,18738
312367454,18742
312375307,18762
312382884,18770
312391382,18763
312399007,18763
312406845,18764
312414462,18767
312422310,18764
312429899,18764
312437720,18767
312445319,18771
312453145,18769
312460820,18770
312468691,18766
312475536,18768
312482424,18773
312496903,18681
312504705,18683
312512327,18683
312520268,18682
312527927,18679
312535762,18676
312543409,18674
312551309,18675
312558927,18679
312566725,18677
312574334,18670
312582156,18672
312589816,18672
312598362,18680
312605979,18676
312613834,18663
312621485,18667
312629375,18666
312637020,18663
312644801,18666
312652420,18670
312660297,18669
312667886,18666
312674717,18666
312682570,18664
312690140,18670
312697984,18670
312704839,18671
312712471,18671
312720349,18673
312727934,18666
312735747,18664
312743365,18665
312751268,18664
312758860,18663
312766614,18663
312774225,18663
312782102,18663
312789769,18669
312797531,18666
312805716,18667
312813624,18668
312821204,18661
312829056,18666
312836667,18666
312843580,18669
312858364,18689
312865947,18689
312873809,18691
312881445,18694
312889322,18694
312896946,18690
312904787,18693
312911643,18693
312919279,18688
312927098,18699
312934739,18698
312942548,18699
312950178,18695
312957041,18701
312964882,18697
312972499,18724
312980366,18724
312987978,18719
312995797,18719
313003424,18725
313011302,18723
313019622,18727
313027458,18726
313034973,18732
313042815,18723
313050442,18725
313058253,18725
313065163,18731
313079682,18724
313094314,18749
313102152,18754
313109777,18754
313117636,18750
313125245,18749
313133102,18753
313140735,18756
313147615,18756
313155520,18751
313163152,18755
313170976,18754
313178579,18761
313186436,18756
313193340,18762
313200928,18758
313208788,18728
313216442,18719
313224291,18722
313232529,18713
313240420,18716
313247973,18713
313255819,18714
313263449,18705
313271294,18708
313278897,18704
313286698,18702
313294321,18703
313301167,18704
313308987,18699
313315831,18702
313323457,18695
313331296,18684
313338935,18685
313346776,18685
313354380,18679
313362219,18683
313369851,18681
313377673,18681
313385292,18681
313393167,18678
313400838,18685
313408697,18676
313416357,18685
313424189,18681
313431815,18688
313439642,18679
313454787,18688
313462660,18690
313470250,18682
313478174,18691
313485830,18685
313493690,18686
313501298,18691
313508146,18684
313515936,18684
313523568,18682
313531476,18684
313539088,18684
313546975,18686
313553866,18683
313561425,18684
313569310,18710
313576914,18705
313584712,18703
313592326,18704
313600152,18703
313607808,18705
313615592,18708
313623184,18705
313631010,18712
313638594,18713
313646469,18705
313654714,18713
313661591,18709
313669490,18711
313677101,18714
313684970,18717
313692540,18738
313700382,18746
313707985,18742
313715832,18742
313723458,18739
313731332,18736
313738941,18738
313746790,18744
313754421,18743
313762217,18749
313769823,18742
313777680,18739
313785329,18744
313792185,18743
313799034,18745
313806911,18745
313814505,18769
313822380,18769
313829965,18767
313837754,18769
313845345,18776
313853189,18773
313861464,18772
313868386,18773
313876260,18773
313883932,18773
313891727,18774
313899341,18772
313907156,18774
313914799,18771
313922672,18775
313937094,18778
313944905,18779
313952528,18784
313960389,18775
313967904,18772
313975698,18769
313983306,18766
313991130,18762
313998826,18757
314006699,18752
314014350,18754
314021268,18746
314029104,18747
314036761,18746
314044541,18749
314052138,18703
314059980,18702
314067621,18701
314076145,18704
314083807,18703
314091578,18700
314099176,18702
314107065,18696
314114720,18701
314122542,18703
314130151,18700
314138018,18700
314145659,18699
314152547,18696
314160413,18694
314174896,18701
314182750,18702
314190379,18694
314198239,18702
314205907,18697
314213762,18696
314221395,18700
314229210,18696
314236852,18694
314244638,18697
314252268,18695
314260081,18700
314267724,18698
314275543,18697
314283742,18695
314291558,18702
314299117,18703
314306930,18700
314314541,18705
314329036,18704
314336998,18704
314343871,18707
314351487,18703
314359354,18708
314366938,18706
314374721,18705
314381653,18705
314388510,18705
314396141,18711
314402972,18706
314410814,18732
314418447,18740
314426286,18732
314433930,18735
314441719,18731
314449376,18732
314457197,18731
314464086,18735
314471718,18739
314479551,18740
314487163,18739
314494965,18743
314503107,18737
314510971,18736
314518590,18741
314533422,18761
314541085,18759
314548955,18760
314556579,18757
314564426,18762
314571998,18760
314578810,18765
314586588,18763
314594185,18768
314602049,18768
314609691,18771
314617595,18764
314625159,18771
314633037,18775
314640648,18768
314647534,18789
314655418,18792
314663046,18795
314670950,18791
314678609,18799
314686501,18797
314694056,18795
314701858,18795
314710067,18797
314717886,18797
314725486,18793
314733357,18795
314740243,18797
314747105,18796
314754770,18788
314762592,18798
314770186,18720
314778041,18718
314785651,18719
314793509,18722
314801105,18715
314808958,18708
314816600,18711
314824507,18717
314832082,18707
314839903,18712
314847523,18708
314855424,18711
314863025,18716
314870900,18711
314878552,18713
314885429,18709
314893295,18705
314900914,18698
314908700,18707
314916834,18706
314924744,18707
314932388,18702
314939233,18705
314947068,18706
314954685,18702
314962491,18704
314970076,18699
314977960,18699
314985588,18708
314993481,18703
315001097,18699
315015894,18702
315023513,18706
315031326,18699
315038936,18699
315046742,18703
315054339,18702
315062188,18706
315069828,18700
315077579,18703
315085215,18696
315093065,18698
315100663,18702
315108514,18707
315116128,18705
315124002,18707
315132222,18724
315140065,18717
315147718,18716
315155599,18721
315163230,18720
315171061,18725
315177954,18722
315185585,18727
315193452,18725
315201003,18728
315208870,18732
315216499,18732
315223340,18727
315231181,18734
315238795,18730
315253504,18750
315261103,18749
315268969,18751
315276571,18748
315284443,18750
315292006,18752
315298858,18758
315306585,18749
315314200,18755
315322063,18754
315329704,18757
315338246,18750
315345142,18753
315352768,18759
315360604,18757
315375015,18779
315382927,18770
315390524,18775
315398425,18768
315405982,18772
315413811,18780
315421398,18774
315429199,18777
315436845,18780
315444715,18775
315452373,18779
315460179,18784
315467859,18783
315475648,18782
315490201,18761
315498068,18756
315505669,18755
315513542,18747
315521094,18746
315528924,18742
315535834,18741
315543470,18739
315551957,18741
315566184,18730
315574042,18738
315580955,18732
315588606,18729
315596523,18731
315604137,18708
315611024,18708
315618869,18706
315626502,18708
315634352,18704
315641918,18701
315649775,18698
315657364,18698
315665194,18708
315672853,18694
315680695,18701
315688319,18698
315696159,18692
315703064,18692
315710675,18697
315725440,18696
315732357,18696
315739982,18694
315747835,18692
315755483,18692
315763326,18696
315771620,18692
315779514,18699
315787143,18693
315795030,18683
315802653,18697
315810571,18693
315818221,18687
315826083,18689
315840549,18696
315848426,18695
315856011,18699
315863839,18697
315871483,18701
315879438,18701
315887068,18700
315893915,18702
315901663,18698
315909286,18702
315917125,18698
315924779,18706
315932602,18705
315940211,18698
315948099,18701
315955728,18723
315963571,18724
315970436,18727
315978679,18726
315986601,18724
315994222,18730
316002120,18730
316009768,18728
316017621,18727
316025236,18733
316033108,18732
316040750,18726
316048535,18734
316056080,18733
316062174,18736
316069971,18732
316077554,18758
316085449,18754
316092328,18752
316099958,18751
316107773,18754
316115417,18758
316123321,18759
316130945,18754
316138751,18759
316146394,18753
316154296,18759
316161905,18756
316169709,18759
316177346,18756
316185819,18762
316200332,18791
316207190,18785
316215093,18787
316222721,18791
316230604,18788
316238182,18792
316246052,18790
316253683,18792
316261564,18788
316269173,18796
316277030,18797
316284659,18791
316292547,18795
316300183,18789
316308028,18785
316315645,18723
316323516,18715
316331148,18716
316338993,18718
316346613,18718
316354523,18722
316362072,18717
316369899,18709
316376739,18713
316384356,18714
316392190,18710
316400483,18709
316408328,18706
316415977,18709
316422153,18710
316430015,18706
316437618,18704
316445500,18706
316453098,18701
316460970,18704
316468636,18708
316476555,18705
316484191,18709
316492007,18711
316499594,18711
316507449,18709
316515033,18707
316522911,18708
316530561,18707
316538420,18706
316546020,18707
316560722,18701
316568332,18695
316576169,18695
316583838,18694
316591680,18701
316599267,18698
316607597,18701
316614492,18704
316622025,18697
316629942,18700
316637569,18698
316645421,18701
316653030,18703
316659875,18702
316667717,18702
316682276,18719
316690156,18716
316697761,18721
316705560,18724
316713131,18723
316720978,18721
316728634,18728
316735539,18720
316743446,18725
316751064,18723
316758870,18724
316766489,18730
316774369,18724
316781950,18732
316789754,18730
316797362,18755
316811855,18754
316820107,18754
316828059,18753
316835644,18752
316843515,18749
316851165,18756
316859061,18757
316866666,18752
316874542,18754
316882167,18758
316890033,18756
316896906,18757
316903796,18759
316911458,18779
316919306,18774
316926953,18779
316933877,18781
316941677,18780
316949355,18776
316957246,18782
316964910,18783
316972711,18780
316980345,18785
316988199,18787
316995886,18785
317003713,18779
317011358,18786
317019178,18789
317034263,18739
317042119,18747
317049759,18740
317057629,18740
317065236,18735
317073116,18730
317080764,18727
317088615,18732
317096215,18732
317104040,18727
317111645,18721
317119533,18724
317127147,18730
317134032,18718
317140907,18721
317148797,18707
317156439,18705
317164243,18709
317171936,18710
317179744,18710
317187400,18706
317195251,18702
317202933,18702
317210744,18711
317218347,18704
317226210,18710
317233875,18709
317242321,18712
317249958,18714
317257777,18703
317272309,18700
317280204,18704
317287886,18697
317295624,18711
317303227,18706
317311022,18707
317318630,18698
317326528,18704
317333392,18703
317340963,18709
317348784,18704
317356393,18703
317364186,18700
317371070,18707
317378761,18705
317386630,18713
317394251,18715
317402112,18712
317409748,18713
317417566,18716
317425179,18719
317433002,18711
317440554,18717
317448425,18719
317456622,18719
317464505,18719
317472079,18722
317479949,18718
317487588,18728
317495434,18721
317502258,18726
317509913,18737
317517763,18738
317525421,18744
317533317,18743
317540179,18740
317547806,18745
317555592,18749
317563194,18745
317571052,18746
317578635,18747
317586572,18733
317594200,18740
317602064,18748
317609666,18746
317617530,18750
317631955,18769
317639784,18770
317647443,18770
317655235,18773
317662603,18770
317670248,18772
317678091,18769
317685784,18776
317692623,18768
317700487,18772
317708058,18774
317715900,18769
317723525,18780
317730426,18771
317738354,18777
317752892,18752
317760653,18747
317768258,18743
317776129,18737
317783751,18745
317791619,18737
317799240,18739
317807103,18733
317813984,18726
317821610,18724
317829461,18732
317837039,18726
317844870,18714
317852456,18718
317860325,18718
317867925,18696
317876411,18697
317884032,18693
317891825,18690
317899434,18691
317907256,18693
317914902,18695
317922781,18693
317929608,18690
317937183,18692
317945073,18687
317952708,18692
317960574,18694
317967376,18690
317974947,18684
317982736,18685
317990366,18681
317998207,18684
318005877,18685
318013667,18683
318021275,18679
318029119,18682
318036706,18676
318044595,18676
318058765,18679
318066667,18675
318074281,18684
318081183,18683
318089598,18678
318103331,18690
318110964,18693
318118810,18685
318126426,18686
318134284,18688
318141911,18690
318149792,18688
318157447,18691
318165292,18692
318172922,18685
318180758,18694
318188395,18698
318196216,18691
318203890,18695
318211692,18693
318219305,18713
318227159,18710
318234791,18713
318242643,18722
318250250,18717
318258095,18723
318265010,18720
318272630,18723
318280488,18719
318287371,18723
318295005,18723
318303448,18729
318311065,18730
318318908,18722
318326537,18729
318334437,18726
318341322,18746
318348931,18748
318356810,18747
318364451,18752
318372290,18751
318379936,18747
318387743,18753
318395378,18755
318403189,18756
318410828,18750
318418702,18745
318426283,18748
318434141,18752
318440970,18754
318448612,18755
318456539,18757
318464160,18755
318471993,18749
318479616,18745
318487477,18740
318495025,18736
318502838,18736
318510964,18734
318518746,18730
318525606,18723
318533245,18725
318541142,18724
318548802,18721
318556663,18718
318564271,18717
318572143,18715
318586658,18678
318594531,18676
318602118,18681
318610017,18677
318617661,18676
318625538,18681
318633060,18676
318640893,18675
318648512,18673
318656341,18674
318664021,18674
318671863,18672
318678747,18672
318686393,18672
318694231,18674
318701863,18667
318709724,18674
318717887,18666
318725746,18667
318733375,18661
318741220,18670
318748072,18669
318755667,18670
318763510,18670
318771093,18668
318778968,18664
318786590,18666
318794498,18666
318802086,18662
318809931,18668
318817578,18668
318824391,18670
318832212,18675
318839816,18675
318847650,18676
318855263,18669
318863126,18667
318870003,18673
318877654,18672
318885555,18680
318893070,18676
318900882,18675
318908495,18677
318916323,18679
318923958,18683
318932470,18677
318946899,18702
318954747,18702
318962389,18701
318970215,18701
318977858,18702
318984707,18710
318992613,18705
319000246,18707
319007099,18711
319014927,18706
319022552,18712
319030369,18707
319037994,18705
319045780,18711
319053407,18710
319068081,18729
319075747,18734
319083571,18731
319091150,18732
319098999,18735
319105896,18734
319113504,18738
319121389,18735
319128269,18739
319135926,18736
319144445,18740
319152063,18737
319159930,18736
319167544,18743
319175428,18742
319182999,18763
319190819,18763
319198421,18757
319206268,18758
319213938,18760
319221735,18756
319229347,18763
319237162,18762
319243993,18756
319251621,18755
319259508,18749
319267075,18741
319274948,18743
319281808,18738
319289414,18740
319302884,18675
319310812,18674
319318461,18672
319326372,18680
319333986,18680
319341804,18675
319349477,18673
319357937,18676
319365572,18668
319373465,18676
319381070,18678
319388919,18676
319395805,18672
319403435,18672
319411277,18672
319425835,18681
319433642,18678
319441273,18671
319449112,18678
319456704,18673
319464599,18674
319472184,18671
319479102,18674
319486941,18673
319494559,18679
319502464,18674
319510070,18673
319517913,18680
319525549,18673
319533416,18680
319541026,18675
319548824,18683
319556456,18681
319564295,18680
319572558,18676
319580389,18682
319587235,18682
319594894,18682
319602721,18679
319610395,18683
319618276,18681
319625937,18689
319633752,18684
319641340,18683
319649250,18681
319663833,18707
319671657,18704
319679256,18705
319687107,18709
319694693,18710
319702567,18713
319710162,18707
319717989,18709
319725651,18711
319733547,18715
319741126,18712
319748964,18718
319755866,18711
319763482,18717
319771250,18715
319779516,18741
319786394,18744
319794250,18742
319801922,18740
319809781,18744
319817433,18742
319825279,18745
319832917,18747
319839776,18742
319847649,18746
319855247,18743
319863087,18743
319870729,18745
319878602,18744
319886235,18747
319894112,18751
319901726,18771
319909605,18775
319917146,18771
319924989,18773
319932592,18780
319940478,18775
319948081,18774
319955943,18778
319963521,18790
319971417,18781
319979025,18780
319987516,18785
319994330,18779
320002006,18785
320009857,18779
320017506,18709
320024405,18712
320032239,18707
320039920,18710
320047756,18705
320055389,18709
320063223,18712
320070905,18711
320078765,18712
320086368,18706
320094223,18704
320101858,18703
320109637,18708
320117207,18703
320125075,18705
320132682,18702
320140563,18699
320148184,18703
320156054,18705
320163692,18701
320171577,18708
320179178,18704
320187026,18704
320193924,18707
320201388,18707
320209005,18708
320216841,18708
320224458,18709
320231327,18705
320239203,18713
320246828,18711
320261575,18705
320269186,18706
320277080,18706
320284698,18706
320292554,18707
320300159,18703
320308009,18710
320314915,18702
320322542,18710
320330452,18712
320338057,18707
320345864,18703
320353519,18707
320361374,18711
320375812,18726
320383654,18725
320391260,18732
320399071,18731
320407283,18731
320415196,18731
320422837,18736
320429681,18730
320437589,18733
320445164,18737
320453003,18736
320460605,18736
320468497,18741
320476089,18735
320483957,18742
320491593,18755
320499465,18758
320506308,18763
320513922,18767
320521699,18760
320529330,18762
320543810,18766
320551645,18767
320558602,18765
320566191,18764
320574102,18772
320581727,18764
320588615,18767
320596523,18769
320604126,18774
320612045,18790
320619683,18788
320628229,18783
320635885,18790
320643774,18792
320651355,18793
320659168,18795
320666833,18793
320674681,18792
320682308,18793
320690193,18796
320697875,18794
320704714,18796
320712617,18799
320720203,18794
320734929,18738
320742561,18730
320750501,18732
320758063,18730
320765891,18733
320773479,18728
320781313,18726
320788951,18724
320796816,18727
320804417,18729
320812302,18728
320819950,18722
320827716,18727
320835941,18725
320850561,18704
320858130,18708
320865976,18711
320873569,18713
320881420,18707
320889031,18705
320896847,18710
320904483,18711
320911308,18711
320918204,18715
320926054,18710
320933649,18712
320941486,18710
320949072,18711
320956925,18719
320971364,18702
320979237,18707
320986881,18706
320994720,18707
321002311,18704
321010173,18711
321017857,18709
321025672,18711
321032553,18706
321039452,18706
321047679,18710
321055585,18706
321063215,18709
321071068,18708
321078646,18708
321086552,18725
321094118,18729
321101942,18727
321109545,18732
321117410,18727
321125021,18726
321132875,18723
321140520,18724
321148407,18728
321155310,18729
321162942,18725
321170759,18728
321178402,18732
321186228,18735
321193878,18729
321208558,18758
321216116,18751
321223945,18751
321231552,18755
321239400,18751
321246997,18761
321255441,18756
321263056,18755
321270895,18756
321278553,18755
321286438,18758
321294005,18759
321301832,18760
321309432,18760
321317237,18761
321324863,18780
321332730,18773
321340327,18779
321347226,18780
321355057,18784
321362635,18784
321370500,18787
321378103,18782
321385950,18783
321392849,18790
321400449,18786
321408283,18788
321415946,18787
321423743,18791
321431410,18795
321439213,18788
321446832,18729
321454646,18728
321462869,18725
321470755,18723
321478382,18729
321486242,18718
321493865,18724
321501728,18726
321509349,18721
321516224,18721
321524053,18718
321531644,18724
321539526,18717
321546390,18715
321554023,18716
321561855,18709
321569466,18703
321577335,18700
321584976,18701
321592793,18699
321600413,18699
321608283,18701
321615944,18701
321623749,18696
321631306,18700
321639162,18700
321646837,18702
321654672,18705
321662269,18701
321670114,18704
321678345,18696
321686201,18694
321693807,18703
321701672,18695
321708520,18691
321716092,18699
321723881,18692
321731555,18695
321739400,18701
321747013,18695
321753925,18693
321761753,18699
321769333,18699
321777171,18699
321791403,18700
321806236,18713
321813899,18715
321820745,18709
321828605,18718
321836196,18718
321844019,18724
321851638,18716
321859529,18716
321867107,18719
321874988,18715
321882632,18715
321891158,18724
321898080,18722
321905659,18718
321913539,18720
321921166,18738
321929002,18742
321936609,18742
321944508,18740
321952142,18737
321959979,18743
321967622,18744
321975511,18743
321983111,18745
321990010,18756
321996909,18748
322004709,18746
322012291,18747
322020154,18753
322027768,18749
322035607,18752
322043153,18766
322050962,18771
322058561,18770
322066432,18768
322074025,18776
322081888,18775
322089530,18770
322097396,18768
322105571,18770
322113468,18772
322121021,18782
322128821,18780
322135706,18777
322143299,18781
322151149,18781
322165612,18748
322173500,18744
322181109,18740
322188923,18745
322196565,18741
322204471,18739
322212071,18733
322219903,18735
322227552,18729
322235377,18734
322242964,18731
322250713,18729
322258311,18729
322266174,18726
322273826,18722
322281685,18698
322289315,18698
322297203,18697
322304065,18693
322312309,18699
322320176,18698
322327851,18702
322335682,18698
322343307,18698
322350155,18698
322358031,18698
322365679,18692
322373558,18696
322381171,18698
322388999,18693
322396650,18686
322404530,18690
322412069,18689
322419934,18688
322427528,18685
322435330,18687
322442933,18692
322450715,18689
322458315,18689
322466176,18689
322473774,18689
322481597,18690
322489155,18687
322495988,18693
322503828,18691
322511469,18686
322526756,18702
322534380,18704
322541257,18695
322549113,18698
322556732,18710
322564613,18706
322572205,18701
322580038,18704
322587621,18701
322595519,18703
322602410,18709
322610046,18702
322617846,18710
322625494,18708
322633328,18691
322640952,18729
322648754,18730
322656362,18739
322664221,18732
322671913,18729
322679787,18730
322687387,18735
322695232,18735
322702887,18743
322709700,18742
322717564,18738
322725132,18736
322733600,18734
322741202,18740
322749057,18737
322756673,18742
322764542,18757
322772149,18759
322780012,18765
322787667,18763
322795510,18756
322803074,18771
322810918,18766
322818564,18769
322826425,18764
322834029,18766
322840884,18766
322848703,18769
322855540,18772
322863130,18769
322870972,18771
322878618,18767
322886507,18790
322894088,18789
322901920,18794
322909521,18786
322917353,18791
322925014,18792
322932827,18788
322941070,18786
322948306,18786
322955981,18786
322963817,18782
322971459,18778
322979248,18773
322986910,18773
322994689,18769
323009173,18708
323017063,18713
323023943,18707
323038205,18705
323046142,18707
323053753,18707
323061644,18704
323069254,18703
323077125,18706
323084748,18700
323091643,18705
323099537,18707
323107126,18702
323114993,18706
323122613,18698
323130570,18704
323138162,18701
323146048,18701
323154220,18689
323162101,18696
323169678,18694
323177542,18696
323184420,18696
323192065,18695
323199964,18697
323206836,18694
323214457,18694
323222287,18699
323229935,18696
323244603,18695
323252159,18703
323260026,18692
323267687,18692
323275562,18700
323283171,18707
323291018,18700
323298671,18703
323305516,18696
323313342,18701
323320963,18699
323327810,18700
323335703,18702
323343304,18698
323351177,18706
323366191,18728
323374097,18728
323381690,18726
323389586,18725
323397242,18726
323405077,18731
323412699,18727
323420563,18730
323428128,18729
323435982,18733
323442853,18728
323450498,18733
323458348,18734
323466017,18732
323480679,18759
323488239,18752
323496074,18738
323503681,18752
323511534,18754
323519096,18755
323526987,18757
323534631,18759
323542556,18755
323550213,18760
323558103,18756
323565674,18756
323573533,18759
323581849,18759
323589762,18768
323597379,18784
323605274,18779
323612945,18777
323620875,18779
323628527,18782
323636391,18781
323644005,18783
323651839,18783
323658657,18786
323666261,18791
323674123,18791
323681016,18788
323688631,18790
323696460,18795
323704048,18789
323711839,18792
323719479,18773
323727318,18770
323734971,18762
323742779,18760
323750410,18762
323758266,18758
323765890,18756
323773691,18753
323781288,18753
323789785,18749
323797381,18744
323805236,18746
323812130,18737
323819758,18744
323827637,18742
323835226,18721
323843054,18722
323850686,18714
323858573,18711
323866116,18712
323873952,18711
323881608,18718
323889484,18716
323897074,18712
323904874,18715
323912482,18710
323920345,18709
323927976,18712
323935765,18708
323943396,18709
323958125,18717
323965743,18712
323973626,18715
323981236,18717
323988122,18716
323996592,18712
324004212,18714
324012080,18712
324018988,18718
324026632,18709
324034492,18711
324042069,18713
324049879,18717
324057504,18710
324065350,18709
324073007,18720
324080816,18717
324088445,18719
324096282,18718
324103922,18715
324111756,18722
324119401,18725
324127248,18719
324134872,18727
324142729,18722
324150390,18724
324157249,18725
324165126,18728
324172717,18725
324180562,18729
324188191,18732
324196060,18743
324204214,18748
324212104,18746
324219708,18744
324226611,18749
324234495,18752
324242074,18752
324249904,18748
324257533,18751
324265441,18751
324279763,18758
324287673,18753
324294693,18754
324302554,18756
324317045,18776
324324872,18773
324332517,18771
324340365,18775
324348041,18773
324355888,18770
324363506,18773
324371305,18779
324378269,18777
324385898,18785
324392754,18779
324400619,18777
324408238,18780
324416107,18781
324424342,18777
324432136,18803
324439718,18801
324447596,18802
324455188,18804
324463043,18800
324470691,18798
324478568,18800
324486214,18794
324494078,18794
324501684,18797
324508555,18791
324516348,18780
324523962,18782
324531744,18782
324539349,18779
324554146,18718
324561760,18716
324569644,18722
324577204,18710
324585091,18712
324592704,18708
324600581,18703
324608233,18708
324615121,18702
324622963,18708
324630527,18706
324638430,18707
324646093,18702
324653946,18700
324661576,18705
324669453,18696
324677120,18704
324684970,18696
324692564,18696
324700436,18704
324707312,18704
324714966,18701
324722799,18698
324729688,18704
324737323,18691
324744226,18702
324752107,18698
324759707,18703
324767552,18698
324775125,18704
324782918,18698
324797370,18701
324805246,18704
324812859,18699
324820705,18699
324827549,18697
324835179,18699
324843670,18695
324850589,18704
324858158,18704
324865006,18702
324872880,18700
324880507,18705
324888430,18703
324896045,18704
324902941,18704
324910770,18724
324918390,18717
324926259,18720
324933901,18718
324941722,18716
324949332,18729
324957141,18723
324964731,18724
324972614,18726
324980212,18732
324988051,18726
324995727,18728
325003632,18730
325011244,18731
325019069,18734
325026643,18731
325034557,18752
325042106,18747
325049944,18758
325058162,18754
325065088,18762
325072933,18754
325080601,18750
325087492,18758
325095346,18758
325102959,18757
325110752,18760
325118340,18762
325126234,18762
325133940,18758
325141813,18762
325156268,18782
325164099,18781
325171702,18785
325179569,18791
325187105,18787
325194907,18784
325202509,18790
325210354,18786
325217990,18787
325225839,18795
325233406,18789
325241263,18793
325248917,18789
325256724,18792
325264980,18793
325272786,18724
325280427,18793
325288303,18723
325295993,18726
325302873,18724
325310691,18724
325318246,18719
325326074,18714
325333669,18713
325340570,18714
325348476,18717
325356078,18705
325363877,18717
325371494,18714
325379346,18708
325386995,18705
325394815,18691
325402473,18695
325410344,18690
325417991,18691
325425796,18703
325433398,18701
325441268,18698
325448112,18696
325455736,18690
325463632,18690
325471773,18698
325479665,18697
325487275,18693
325495136,18694
325502767,18690
325524097,18692
325531956,18693
325539627,18698
325547535,18690
325555117,18699
325561985,18686
325569768,18695
325576622,18689
325584148,18698
325592023,18696
325599702,18699
325607608,18692
325615189,18695
325623020,18695
325630641,18714
325638534,18712
325646162,18714
325654022,18712
325661655,18706
325669573,18715
325677153,18714
325684997,18716
325692532,18714
325700084,18719
325707916,18715
325715558,18722
325723359,18716
325731008,18716
325738826,18725
325752654,18744
325760301,18746
325768153,18742
325775738,18747
325783650,18751
325791197,18742
325799033,18752
325806664,18749
325814565,18753
325822125,18746
325829941,18743
325837570,18748
325845440,18745
325853080,18752
325860920,18753
325868563,18775
325876384,18771
325884019,18774
325891853,18777
325900143,18781
325907978,18779
325915590,18781
325922465,18779
325930280,18780
325937915,18778
325945769,18782
325953364,18781
325961215,18791
325968870,18786
325976712,18779
325991143,18805
325998957,18802
326006559,18803
326014434,18798
326021329,18798
326028987,18798
326036780,18793
326043647,18790
326050478,18792
326058070,18783
326065876,18780
326073479,18779
326081349,18766
326088999,18765
326096817,18765
326111205,18713
326119042,18716
326126669,18714
326134573,18709
326141516,18715
326149180,18712
326157093,18705
326164786,18713
326172647,18716
326180217,18715
326188055,18719
326195682,18707
326203609,18710
326211260,18709
326219142,18716
326226747,18707
326234595,18707
326242188,18711
326250032,18711
326257668,18704
326265524,18713
326273111,18713
326279987,18706
326286874,18713
326294745,18710
326302351,18706
326310211,18708
326318430,18712
326326322,18705
326334004,18707
326348718,18701
326356318,18708
326364175,18706
326371779,18707
326379645,18710
326387205,18708
326395059,18708
326402734,18713
326410598,18713
326418243,18707
326426067,18712
326433722,18711
326441603,18717
326449222,18716
326457063,18711
326464674,18733
326471515,18735
326479424,18739
326487080,18734
326494919,18742
326501821,18740
326509406,18737
326517231,18736
326524833,18733
326533341,18736
326540978,18742
326548838,18741
326556459,18741
326564325,18740
326571967,18743
326579773,18751
326587356,18767
326595202,18765
326602832,18770
326610677,18769
326618286,18767
326626084,18765
326633732,18770
326640633,18774
326647539,18766
326655462,18774
326663120,18767
326671013,18776
326678666,18776
326686572,18771
326694136,18773
326701984,18774
326709559,18800
326717386,18803
326725023,18798
326732818,18801
326740382,18805
326748278,18803
326755911,18806
326770379,18805
326778337,18804
326786013,18805
326793833,18805
326801512,18806
326809345,18810
326817022,18811
326824881,18752
326831738,18747
326839297,18748
326847132,18750
326854003,18751
326861598,18742
326869470,18736
326876333,18738
326883261,18740
326890936,18737
326898827,18735
326906424,18736
326914275,18730
326921889,18730
326929744,18730
326937378,18728
326951346,18719
326959649,18724
326967506,18722
326974373,18721
326982026,18722
326989823,18722
326996664,18714
327004264,18725
327012076,18725
327019730,18722
327027646,18721
327035246,18717
327043067,18721
327050691,18727
327058591,18721
327066178,18713
327074022,18711
327081639,18711
327089558,18718
327097134,18716
327104990,18722
327112596,18715
327120466,18716
327128093,18717
327135961,18712
327143606,18720
327151488,18710
327159119,18713
327167643,18715
327175279,18719
327190127,18726
327197814,18734
327205710,18730
327212579,18733
327220147,18732
327227977,18733
327235579,18733
327242414,18737
327250280,18741
327257893,18739
327265744,18737
327273357,18736
327281234,18738
327288900,18743
327296756,18739
327304334,18758
327312166,18760
327319791,18761
327327712,18765
327335330,18769
327343182,18773
327350817,18774
327358681,18766
327366256,18770
327374156,18773
327382313,18771
327390160,18766
327397809,18766
327405669,18770
327413212,18776
327427857,18798
327434692,18796
327442289,18800
327450127,18802
327457746,18797
327465636,18793
327472556,18797
327479450,18799
327487091,18798
327494872,18806
327502501,18800
327510284,18801
327517941,18803
327525788,18804
327533495,18803
327548257,18820
327555132,18823
327562763,18822
327570616,18814
327578237,18812
327586141,18812
327593640,18808
327601321,18808
327609278,18800
327616935,18798
327624804,18793
327632391,18792
327640264,18799
327647901,18786
327655739,18785
327663319,18732
327671156,18725
327678802,18727
327686708,18733
327694325,18731
327702184,18728
327709047,18726
327715919,18726
327723531,18729
327731384,18732
327739036,18731
327746819,18734
327754423,18727
327762256,18728
327769842,18731
327777720,18735
327785338,18735
327793206,18732
327801554,18735
327809473,18739
327817162,18730
327825008,18732
327831919,18735
327839546,18732
327847382,18728
327855024,18734
327862878,18733
327870452,18729
327878293,18728
327885966,18728
327893790,18723
327908221,18723
327916023,18727
327923654,18727
327931506,18729
327939113,18730
327946942,18728
327954561,18723
327962403,18731
327970036,18732
327977779,18730
327985396,18732
327993269,18733
328000884,18732
328023330,18755
328031014,18750
328037903,18757
328045825,18754
328052721,18763
328060341,18758
328067193,18761
328075057,18760
328082703,18755
328090591,18753
328098196,18761
328106025,18762
328113663,18757
328121557,18760
328129171,18760
328136984,18788
328144615,18782
328152479,18785
328160094,18786
328167960,18790
328175602,18792
328183476,18789
328190343,18785
328198026,18788
328205883,18792
328213563,18789
328221488,18795
328229715,18791
328237602,18791
328245179,18790
328252978,18794
328260604,18814
328268498,18815
328276162,18814
328283979,18818
328290880,18820
328298499,18816
328305354,18817
328313176,18817
328320816,18812
328328670,18817
328336303,18816
328344131,18820
328351776,18817
328359682,18819
328367336,18816
328382152,18730
328389789,18721
328397670,18723
328405269,18720
328413181,18722
328420789,18723
328427695,18722
328436237,18722
328443841,18719
328451684,18715
328459268,18724
328467147,18719
328474781,18720
328482616,18717
328490269,18715
328498179,18698
328505768,18704
328513640,18703
328520501,18704
328528105,18702
328535940,18700
328543564,18697
328551434,18701
328559102,18700
328566909,18701
328574506,18702
328582341,18702
328589959,18703
328597789,18697
328605389,18701
328613276,18702
328620910,18688
328628767,18690
328636426,18691
328644842,18689
328651675,18689
328659289,18684
328665424,18695
328673092,18687
328680949,18693
328688600,18693
328696436,18691
328704062,18697
328711928,18692
328719536,18688
328727373,18693
328735016,18695
328742872,18712
328750524,18712
328758375,18714
328766038,18710
328773958,18712
328781631,18712
328789537,18709
328797196,18712
328805058,18714
328812717,18717
328820620,18719
328828245,18719
328836074,18713
328843680,18721
328851561,18719
328866692,18732
328874612,18738
328882235,18743
328889086,18744
328896988,18741
328903830,18745
328911406,18745
328919258,18737
328926840,18743
328934708,18741
328942326,18743
328950263,18746
328957924,18743
328965711,18749
328973285,18747
328981164,18767
328988781,18772
328996676,18767
329004294,18772
329012102,18770
329019761,18771
329026645,18774
329034516,18777
329042112,18781
329049945,18777
329057557,18772
329065986,18770
329073605,18775
329081499,18779
329089122,18782
329103986,18700
329111639,18694
329119560,18691
329127149,18688
329135024,18695
329141890,18692
329149513,18682
329157333,18683
329164986,18683
329172774,18681
329180377,18681
329188242,18678
329195910,18674
329203785,18678
329211426,18672
329219300,18653
329226934,18652
329234717,18652
329242276,18651
329249174,18652
329262917,18650
329270629,18654
329278527,18647
329286839,18651
329294725,18652
329302337,18649
329310154,18647
329317814,18648
329325725,18650
329340226,18638
329348086,18637
329355795,18640
329363714,18634
329370622,18641
329377494,18638
329385155,18638
329393011,18641
329400602,18637
329408427,18643
329416052,18641
329423895,18637
329431509,18642
329439328,18639
329446952,18632
329454792,18648
329462397,18649
329470285,18659
329477936,18654
329485812,18652
329493328,18659
329500227,18648
329507796,18652
329515650,18657
329523228,18658
329531036,18655
329538632,18656
329546526,18662
329554124,18661
329561932,18660
329569560,18660
329577408,18683
329585041,18689
329592825,18686
329600456,18687
329607355,18681
329614248,18689
329621116,18691
329628924,18696
329636581,18692
329644387,18693
329652033,18694
329659858,18694
329667443,18688
329675279,18698
329682874,18693
329690783,18695
329698414,18718
329706778,18716
329714367,18716
329722211,18719
329729079,18714
329735974,18720
329743626,18717
329751439,18717
329759090,18719
329766914,18718
329774532,18719
329782373,18721
329790011,18725
329797847,18723
329805466,18723
329813313,18728
329820960,18696
329828789,18689
329836389,18688
329844209,18686
329851095,18676
329857325,18679
329865038,18678
329872928,18675
329880633,18671
329888603,18667
329896220,18662
329904042,18660
329912282,18664
329920177,18653
329927744,18657
329935677,18727
329943244,18607
329951107,18614
329958757,18613
329966640,18614
329972866,18613
329980464,18613
329988320,18612
329995941,18616
330003779,18613
330011383,18613
330019278,18616
330026881,18612
330034731,18609
330042312,18612
330050133,18609
330057766,18610
330065639,18611
330073253,18614
330081136,18611
330088811,18608
330096739,18611
330104259,18612
330112058,18619
330120272,18605
330128192,18614
330135821,18610
330143746,18611
330151312,18614
330159164,18615
330166751,18611
330174626,18606
330189066,18621
330196933,18627
330204568,18627
330210641,18622
330217635,18623
330225429,18624
330233077,18624
330240898,18626
330248507,18627
330256348,18623
330264009,18624
330271823,18632
330279411,18625
330287295,18633
330294975,18635
330302807,18659
330310421,18654
330318283,18662
330325917,18657
330332684,18662
330340602,18662
330348271,18658
330356141,18660
330363797,18664
330371659,18663
330379229,18665
330387067,18665
330394712,18669
330402611,18662
330410204,18664
330418077,18667
330425709,18695
330433563,18697
330441141,18697
330447984,18696
330455775,18692
330463374,18698
330471230,18689
330478850,18700
330486733,18695
330494354,18696
330508806,18696
330516485,18699
330524375,18696
330532006,18699
330547437,18722
330555104,18728
330562305,18718
330568560,18717
330576184,18710
330584000,18715
330591609,18710
330599454,18712
330607097,18706
330614932,18704
330622540,18699
330630381,18698
330638075,18690
330645909,18689
330653516,18686
330661400,18627
330669077,18623
330676883,18626
330683802,18627
330691477,18628
330699422,18624
330707075,18626
330714947,18626
330722578,18629
330730389,18624
330738049,18631
330745833,18623
330753457,18626
330761946,18630
330769550,18633
330784239,18635
330791838,18627
330799753,18630
330806620,18631
330814222,18632
330822077,18631
330829714,18630
330837579,18631
330845176,18632
330853024,18625
330860631,18635
330868438,18636
330876087,18631
330883993,18633
330891619,18634
330899505,18631
330907131,18635
330914981,18638
330921854,18641
330929456,18637
330936324,18640
330944232,18643
330951846,18637
330959735,18639
330968023,18639
330975828,18644
330983462,18636
330991304,18634
330998951,18647
331006821,18643
331014480,18637
331022337,18669
331029949,18676
331037841,18672
331044032,18670
331051650,18670
331059436,18681
331067083,18680
331074862,18682
331082460,18683
331090389,18677
331098053,18678
331105956,18677
331113645,18680
331121548,18683
331129170,18682
331143885,18707
331151498,18701
331159368,18702
331166993,18709
331175467,18711
331183125,18707
331190895,18713
331198472,18709
331206351,18710
331213982,18710
331221843,18708
331229459,18713
331237340,18709
331244946,18716
331252808,18708
331260419,18735
331268328,18734
331275996,18738
331282169,18737
331289831,18741
331297762,18738
331305412,18742
331313293,18743
331320895,18740
331328738,18740
331336343,18732
331344181,18732
331351820,18734
331359723,18730
331367283,18725
331375133,18718
331383400,18667
331391301,18663
331398189,18660
331405050,18657
331412673,18655
331420568,18660
331428180,18660
331436052,18658
331443680,18654
331451479,18660
331459099,18656
331466967,18660
331474608,18663
331482444,18659
331490105,18657
331504768,18667
331512333,18665
331519256,18666
331527186,18663
331534872,18667
331542772,18662
331550412,18665
331558248,18664
331565889,18665
331573717,18662
331581327,18666
331589149,18665
331597299,18661
331605155,18667
331612809,18664
331620703,18663
331628323,18664
331635194,18674
331642036,18667
331649818,18675
331657412,18670
331665279,18673
331672955,18669
331680825,18673
331688431,18674
331696269,18667
331703872,18674
331711713,18668
331719305,18669
331727149,18673
331734795,18677
331749255,18704
331756185,18704
331763150,18706
331770956,18704
331778600,18705
331785510,18709
331793474,18715
331801139,18707
331809049,18707
331817266,18706
331825109,18708
331832745,18710
331840619,18709
331848203,18710
331862834,18738
331870442,18735
331878297,18738
331885908,18739
331893772,18737
331901413,18737
331909210,18739
331916818,18739
331924666,18740
331932243,18739
331940098,18744
331947749,18744
331955642,18739
331963292,18746
331971241,18748
331978890,18772
331986781,18776
331993679,18771
332001328,18774
332009233,18781
332016871,18774
332025350,18777
332032986,18780
332040816,18777
332048470,18778
332056317,18780
332063901,18776
332071761,18775
332079335,18779
332087266,18767
332101736,18715
332108621,18717
332116526,18707
332123421,18702
332131055,18708
332138867,18708
332146493,18713
332154355,18708
332161978,18711
332169801,18707
332177432,18713
332185291,18710
332192895,18709
332200739,18712
332208337,18710
332216257,18715
332223873,18708
332231717,18715
332239329,18713
332247172,18707
332254799,18709
332262660,18714
332269562,18714
332277168,18710
332285023,18717
332292701,18714
332300559,18708
332308155,18719
332315992,18716
332323608,18716
332331436,18710
332339068,18722
332346926,18719
332354574,18724
332361433,18721
332369255,18723
332376857,18720
332384730,18727
332392264,18725
332400101,18724
332407748,18724
332415656,18727
332423271,18729
332431133,18723
332439353,18723
332447251,18724
332461742,18749
332469685,18745
332477298,18744
332485237,18750
332492860,18750
332500790,18754
332508346,18751
332516152,18753
332523766,18757
332531643,18758
332539237,18758
332547035,18755
332554639,18755
332562543,18760
332570152,18759
332577975,18781
332585568,18782
332591681,18785
332599277,18785
332607143,18788
332614787,18785
332622643,18788
332630246,18783
332638121,18781
332645731,18786
332654194,18786
332661819,18790
332669725,18790
332677314,18795
332685225,18795
332692894,18788
332700773,18810
332707625,18812
332715239,18817
332722107,18812
332729929,18826
332737598,18817
332745435,18822
332753071,18824
332760877,18822
332768528,18823
332776311,18826
332783921,18826
332791785,18820
332799456,18822
332807311,18824
332814925,18834
332822810,18770
332829670,18777
332837225,18777
332845011,18773
332852648,18770
332861146,18781
332868795,18772
332875647,18771
332883475,18767
332891123,18768
332898808,18770
332906467,18768
332914305,18770
332921923,18765
332929818,18771
332937440,18761
332945325,18766
332952981,18765
332960880,18764
332968470,18764
332976312,18761
332983918,18764
332998425,18760
333006340,18758
333014038,18767
333021918,18758
333029661,18767
333037580,18764
333045253,18761
333059972,18766
333066213,18768
333073822,18766
333082307,18766
333089951,18760
333097816,18768
333105415,18766
333113207,18767
333120857,18769
333128750,18772
333136356,18767
333144196,18770
333151826,18770
333159691,18773
333167297,18767
333175121,18784
333181327,18789
333188960,18789
333196807,18788
333204427,18788
333212300,18795
333219908,18794
333227799,18789
333234758,18794
333242618,18788
333250197,18792
333258029,18796
333265680,18802
333273529,18797
333281182,18792
333289679,18793
333297319,18811
333305122,18811
333312741,18808
333320651,18823
333328240,18822
333336064,18821
333343729,18821
333350598,18820
333358442,18817
333366087,18823
333373988,18819
333381613,18821
333389572,18819
333397219,18823
333405166,18818
333412842,18844
333419771,18843
333427694,18845
333435334,18845
333443133,18844
333450732,18844
333458590,18851
333466190,18851
333474022,18850
333481651,18851
333489520,18848
333497819,18849
333505713,18855
333513279,18856
333521069,18856
333535601,18847
333542473,18845
333550337,18839
333557947,18836
333565870,18834
333573520,18830
333581457,18827
333589094,18830
333596906,18830
333604511,18825
333612338,18825
333620000,18824
333627870,18819
333635530,18822
333643429,18812
333651109,18794
333657966,18794
333665753,18789
333673350,18788
333681206,18791
333688860,18795
333696766,18792
333704900,18786
333711816,18788
333719680,18789
333727236,18791
333735067,18792
333742720,18790
333750595,18789
333758206,18790
333766082,18793
333773709,18792
333781551,18779
333789185,18784
333796030,18791
333803892,18788
333811529,18784
333819449,18786
333827108,18784
333835038,18784
333842693,18784
333850579,18790
333858199,18784
333866049,18785
333873714,18784
333881653,18785
333895406,18785
333902239,18789
333909811,18789
333917639,18793
333925215,18787
333933047,18787
333940695,18791
333948581,18794
333955415,18792
333963076,18789
333970919,18791
333978575,18795
333986423,18797
333994082,18793
334001929,18794
334015661,18810
334023266,18811
334031193,18816
334038902,18809
334046791,18812
334054450,18813
334062333,18821
334069995,18813
334077849,18818
334085483,18817
334093313,18821
334100933,18820
334108788,18823
334116318,18820
334124150,18823
334131553,18838
334138470,18834
334146122,18832
334152970,18829
334160865,18833
334168488,18838
334176348,18840
334183996,18835
334191856,18835
334199464,18836
334207337,18833
334215040,18835
334222868,18837
334230483,18837
334251842,18851
334259723,18848
334267310,18847
334275149,18847
334282821,18841
334290698,18840
334298306,18842
334306208,18838
334313129,18829
334320764,18831
334328605,18828
334336228,18827
334344689,18814
334352256,18818
334360081,18814
334366981,18759
334374622,18765
334382474,18765
334389348,18766
334396931,18770
334404777,18759
334412415,18763
334420277,18759
334427907,18757
334434804,18758
334442680,18757
334450281,18761
334458112,18759
334465744,18754
334473635,18756
334481218,18758
334489039,18750
334496686,18747
334504505,18743
334512107,18737
334519904,18742
334527470,18745
334535320,18743
334542921,18749
334549848,18740
334558249,18744
334565847,18740
334573741,18738
334581272,18740
334589093,18741
334596731,18738
334604571,18743
334612242,18731
334619471,18736
334627110,18735
334634944,18743
334642529,18739
334650365,18735
334658023,18734
334665846,18739
334673443,18736
334681326,18738
334688985,18731
334696920,18736
334704611,18730
334712520,18742
334720197,18739
334734233,18752
334741843,18756
334749720,18752
334757358,18754
334765863,18751
334773483,18751
334781339,18756
334788958,18752
334796788,18755
334804360,18748
334812194,18760
334819805,18758
334827693,18759
334835321,18758
334843115,18755
334850699,18771
334857531,18773
334865418,18768
334872320,18770
334879977,18771
334887836,18768
334895439,18771
334903306,18772
334910932,18774
334918777,18777
334926333,18781
334934216,18777
334941854,18779
334949729,18779
334957349,18773
334964228,18779
334972694,18794
334980258,18788
334988082,18803
334995686,18795
335003557,18797
335011202,18795
335018997,18793
335026654,18803
335034572,18795
335042191,18797
335049949,18800
335057537,18788
335065399,18793
335073039,18791
335080881,18782
335095357,18699
335103187,18702
335110041,18699
335117667,18697
335125495,18698
335133135,18694
335140966,18693
335148589,18692
335156389,18696
335164003,18691
335171878,18691
335180081,18688
335187943,18686
335195553,18695
335202440,18686
335210294,18674
335217136,18678
335224786,18671
335232627,18671
335240225,18668
335248037,18675
335255628,18677
335263406,18676
335271016,18675
335278844,18671
335286470,18674
335294347,18673
335301949,18678
335309783,18677
335317321,18663
335325178,18671
335332766,18649
335340627,18649
335348260,18647
335356143,18653
335363819,18651
335371759,18653
335379404,18649
335387252,18652
335395416,18651
335402296,18658
335410149,18653
335417802,18652
335425695,18651
335433296,18656
335440180,18660
335454789,18667
335462408,18673
335470307,18668
335477904,18675
335492403,18674
335500342,18672
335507964,18671
335515827,18675
335523392,18677
335531250,18680
335538853,18675
335546737,18670
335554335,18685
335569094,18692
335575940,18689
335583516,18695
335590392,18694
335598220,18693
335606465,18698
335614388,18691
335622029,18694
335629853,18687
335637439,18691
335645274,18693
335652846,18694
335660711,18695
335668336,18702
335676178,18698
335683822,18722
335691704,18728
335699322,18719
335706187,18728
335714009,18724
335721657,18727
335729516,18731
335737172,18721
335745009,18728
335752642,18726
335760458,18733
335768127,18731
335775908,18736
335783507,18733
335791342,18737
335798176,18736
335805769,18696
335813633,18692
335821930,18689
335829773,18690
335837433,18680
335845291,18683
335852891,18677
335860780,18677
335868370,18679
335876201,18673
335883078,18672
335890700,18667
335898536,18665
335906182,18660
335913960,18665
335921566,18656
335929491,18642
335936451,18634
335944122,18641
335951984,18642
335959627,18633
335967477,18640
335975140,18642
335982954,18642
335990549,18642
335998432,18638
336006102,18630
336013928,18634
336021510,18635
336029912,18637
336036784,18639
336051286,18637
336059075,18643
336066701,18641
336074571,18637
336082223,18639
336090092,18639
336097737,18639
336105647,18641
336113273,18635
336121193,18635
336128860,18639
336136775,18640
336144402,18638
336152197,18638
336159822,18631
336167721,18648
336174593,18654
336182228,18652
336189114,18659
336196876,18648
336204493,18658
336212356,18655
336220019,18654
336227870,18661
336236053,18657
336243954,18658
336251581,18661
336259406,18659
336266964,18666
336273861,18661
336281764,18662
336289418,18690
336297258,18692
336304891,18685
336312795,18686
336320402,18690
336328207,18691
336335836,18693
336343708,18685
336351310,18693
336359254,18687
336366931,18692
336374826,18693
336382415,18702
336390275,18677
336397845,18697
336412683,18727
336420284,18724
336427137,18722
336434937,18723
336442546,18722
336450972,18725
336458578,18727
336466422,18733
336474082,18730
336481973,18725
336489577,18730
336497496,18739
336505114,18724
336511933,18731
336519814,18731
336527395,18759
336534275,18757
336542127,18757
336549015,18762
336556643,18761
336564460,18758
336572060,18759
336579877,18756
336587472,18755
336595344,18755
336603017,18748
336610865,18748
336618483,18740
336626326,18734
336633964,18736
336641835,18732
336649385,18677
336657800,18674
336664712,18679
336672321,18676
336680167,18674
336687839,18671
336695762,18675
336703350,18681
336711185,18675
336718780,18670
336733235,18677
336740882,18673
336747870,18674
336755761,18675
336770259,18673
336778096,18682
336785742,18678
336793626,18678
336801222,18673
336809017,18677
336816671,18682
336824544,18680
336832143,18678
336839991,18678
336847619,18680
336854457,18679
336862289,18676
336869942,18679
336878538,18679
336886266,18678
336893509,18674
336901177,18681
336908990,18679
336916626,18682
336924475,18682
336932106,18684
336939894,18687
336947510,18689
336955356,18683
336962972,18687
336970863,18687
336978476,18687
336985338,18687
336993151,18683
337000748,18690
337008637,18711
337016273,18713
337024112,18712
337031738,18718
337039559,18717
337047249,18707
337055119,18718
337062813,18719
337070737,18713
337078400,18719
337086883,18722
337093720,18717
337101300,18720
337109128,18727
337116718,18729
337130771,18757
337138323,18751
337146149,18757
337153795,18755
337161693,18757
337169292,18752
337177131,18751
337184758,18750
337192589,18756
337200222,18756
337208100,18754
337214949,18756
337222534,18759
337230397,18758
337238024,18765
337245885,18787
337253529,18795
337260428,18789
337268338,18790
337275993,18789
337283905,18788
337292140,18790
337300098,18796
337307683,18792
337315566,18789
337323211,18796
337330084,18798
337337996,18793
337344917,18794
337352527,18797
337360391,18789
337368047,18738
337375925,18731
337383542,18739
337391384,18737
337398978,18738
337406895,18738
337414589,18734
337422546,18738
337430258,18735
337438177,18735
337445775,18732
337453627,18736
337461271,18733
337469116,18734
337476742,18739
337490828,18732
337498430,18737
337506894,18740
337514495,18731
337522327,18739
337529924,18736
337537805,18734
337545440,18738
337553333,18734
337560953,18740
337568884,18738
337576461,18741
337583331,18743
337591176,18740
337598776,18737
337606647,18738
337614234,18739
337621062,18741
337628856,18737
337636435,18736
337644240,18742
337651832,18737
337659713,18738
337667300,18743
337675157,18744
337682765,18742
337690647,18746
337698250,18746
337706104,18742
337714316,18745
337729126,18763
337736801,18761
337744707,18765
337752317,18768
337760126,18767
337767736,18769
337775554,18770
337783222,18769
337790979,18767
337798570,18767
337806408,18767
337814062,18771
337820928,18769
337828803,18769
337836394,18775
337844270,18792
337851133,18794
337858739,18798
337866610,18796
337874247,18802
337882051,18799
337889666,18801
337897512,18801
337905147,18805
337912938,18809
337921080,18806
337928987,18804
337936647,18803
337944518,18810
337952180,18806
337959993,18802
337967654,18835
337982130,18833
337989870,18836
337997761,18834
338005369,18831
338013302,18840
338020973,18837
338028884,18837
338036536,18835
338044378,18838
338052062,18844
338059878,18844
338067450,18840
338075310,18843
338082921,18798
338090802,18795
338097660,18794
338105264,18793
338113118,18800
338120744,18800
338128574,18791
338136833,18788
338144739,18783
338152317,18792
338160183,18794
338167796,18791
338175648,18791
338183237,18785
338191032,18789
338198667,18785
338206505,18779
338214174,18777
338221982,18778
338229582,18779
338237448,18783
338245075,18780
338252955,18779
338260519,18777
338268374,18774
338276002,18778
338283912,18776
338291515,18777
338297616,18779
338305232,18784
338312987,18784
338320604,18786
338328421,18783
338336059,18782
338343884,18777
338352207,18777
338359997,18780
338367591,18777
338375437,18779
338383108,18781
338390936,18782
338398533,18784
338406412,18776
338414052,18789
338421922,18784
338429536,18780
338437392,18783
338444987,18797
338451876,18797
338458774,18796
338466627,18799
338474250,18794
338482101,18799
338489728,18800
338497655,18799
338505302,18799
338513193,18799
338520823,18802
338528738,18803
338535564,18802
338542560,18801
338550438,18805
338558673,18807
338566528,18833
338574164,18823
338581984,18821
338589609,18828
338597421,18830
338605053,18830
338612929,18830
338620598,18817
338628487,18835
338636090,18830
338643922,18831
338651542,18830
338658436,18831
338666292,18833
338673894,18833
338688733,18857
338696343,18860
338704185,18859
338711803,18857
338719632,18857
338727268,18852
338735098,18852
338742741,18860
338750636,18862
338758250,18859
338766736,18861
338773582,18862
338781214,18864
338789092,18865
338796691,18864
338804536,18852
338811434,18851
338818317,18855
338825955,18850
338833822,18845
338841470,18841
338849281,18848
338856943,18840
338864834,18837
338872430,18833
338880291,18829
338887937,18832
338895836,18834
338903374,18834
338911219,18825
338918885,18831
338926770,18792
338934337,18798
338942165,18797
338949813,18793
338957688,18792
338965260,18794
338973100,18791
338981251,18793
338989033,18790
338996649,18793
339004518,18787
339011433,18793
339019114,18782
339026965,18790
339034578,18795
339049274,18776
339056827,18772
339064755,18777
339072368,18781
339080247,18776
339087961,18774
339095858,18775
339103482,18778
339111410,18773
339119072,18768
339126894,18773
339134511,18770
339142360,18774
339149969,18773
339157861,18776
339165459,18778
339173248,18776
339180126,18781
339188265,18775
339196084,18777
339203684,18780
339211554,18783
339225856,18776
339233804,18778
339241405,18781
339248278,18777
339256125,18778
339262960,18778
339270560,18785
339285311,18797
339292967,18798
339300862,18796
339308508,18796
339316378,18800
339323961,18796
339331854,18801
339339455,18800
339347298,18795
339354931,18800
339362823,18801
339370422,18803
339378268,18803
339385918,18805
339393818,18808
339402097,18825
339410044,18820
339416914,18824
339424518,18826
339432431,18827
339440067,18829
339447967,18820
339455552,18820
339463389,18819
339471024,18826
339478887,18832
339485800,18825
339493450,18827
339501338,18828
339508938,18828
339523770,18847
339531387,18853
339539242,18857
339546834,18854
339554717,18854
339562326,18856
339570174,18853
339577795,18860
339585696,18858
339593292,18854
339601142,18856
339608769,18854
339617232,18854
339624122,18857
339631758,18863
339639569,18779
339647198,18780
339654094,18780
339661883,18773
339669555,18772
339677469,18778
339685111,18777
339693044,18774
339700665,18775
339708457,18770
339716086,18770
339722973,18766
339730822,18768
339738417,18770
339745290,18766
339753088,18769
339760692,18752
339768551,18745
339776179,18750
339783965,18755
339791589,18751
339799420,18749
339807057,18749
339814965,18753
339823213,18750
339831198,18748
339838878,18754
339846724,18750
339854321,18743
339861179,18749
339869009,18756
339876660,18749
339883523,18743
339891391,18739
339898976,18739
339906808,18741
339914385,18743
339922198,18741
339929829,18746
339937694,18745
339945290,18741
339953146,18743
339960787,18741
339968695,18743
339976294,18743
339984180,18743
339991796,18738
340006557,18764
340014194,18758
340022030,18759
340029655,18762
340038016,18761
340045656,18762
340053505,18760
340061107,18765
340068940,18759
340076603,18759
340083504,18758
340091369,18762
340098955,18767
340106847,18765
340114432,18769
340122267,18785
340129882,18778
340136803,18782
340144708,18789
340152301,18787
340160149,18787
340167777,18787
340175642,18789
340183289,18782
340191098,18789
340198715,18782
340206582,18781
340214260,18793
340222117,18784
340229751,18783
340245105,18798
340252696,18810
340260508,18804
340268132,18809
340275961,18809
340283576,18807
340291436,18807
340299143,18807
340306931,18809
340314527,18815
340321427,18805
340329267,18805
340336896,18806
340344785,18810
340352407,18819
340360285,18769
340367869,18765
340374727,18759
340382562,18754
340390209,18751
340398103,18748
340405733,18756
340413543,18754
340421214,18747
340428998,18746
340436575,18745
340444402,18741
340452551,18741
340460454,18729
340480920,18715
340488596,18710
340496433,18706
340504089,18713
340511970,18711
340519572,18710
340527421,18702
340535078,18703
340542976,18710
340550615,18709
340557512,18706
340565392,18710
340572994,18710
340580864,18709
340587760,18704
340595419,18697
340603303,18697
340610255,18696
340617931,18694
340625843,18698
340633432,18697
340641342,18694
340648921,18689
340656770,18691
340664337,18693
340672813,18697
340680391,18692
340688289,18696
340695905,18698
340703768,18693
340711356,18684
340718210,18703
340726037,18698
340733674,18702
340741513,18702
340749203,18702
340757069,18703
340764737,18706
340772628,18702
340780260,18703
340788028,18706
340794886,18700
340802487,18701
340810331,18703
340817950,18703
340825822,18708
340833371,18707
340841212,18726
340848806,18726
340856672,18729
340864280,18727
340872121,18728
340880285,18733
340888166,18730
340895807,18725
340903703,18723
340911292,18724
340919069,18722
340926683,18727
340934563,18730
340942202,18729
340949131,18730
340963900,18743
340970784,18743
340978335,18748
340986152,18748
340993768,18747
341001569,18757
341009185,18747
341016982,18753
341024583,18745
341031489,18753
341039342,18755
341046939,18749
341054793,18744
341062375,18751
341069317,18756
341083500,18761
341090424,18760
341098740,18755
341106584,18753
341114197,18754
341122019,18747
341129600,18743
341137461,18736
341145110,18740
341152958,18730
341160590,18725
341168445,18723
341176042,18721
341183914,18716
341190782,18715
341198351,18657
341206188,18655
341213841,18655
341221710,18653
341229331,18654
341237235,18652
341244893,18655
341252778,18653
341260359,18652
341268225,18651
341275877,18652
341283797,18647
341291389,18651
341299226,18647
341306773,18650
341321445,18642
341329029,18637
341336886,18636
341344475,18643
341352297,18638
341359925,18641
341367797,18643
341375370,18637
341383207,18637
341390098,18643
341397696,18637
341405547,18639
341413204,18640
341421055,18636
341428698,18639
341436546,18641
341444208,18634
341452033,18634
341459617,18639
341467474,18632
341475118,18642
341482966,18646
341490548,18643
341498417,18640
341506096,18644
341514614,18641
341522277,18635
341530056,18644
341537671,18643
341545574,18649
341559301,18664
341566902,18673
341574754,18667
341582362,18667
341590198,18668
341597797,18669
341605697,18672
341613333,18668
341621146,18671
341627991,18674
341635607,18677
341643455,18670
341651081,18678
341658918,18676
341666532,18673
341674362,18693
341681995,18699
341688902,18692
341696803,18696
341704419,18701
341718885,18699
341727484,18699
341735130,18705
341742011,18706
341749889,18703
341757570,18705
341765455,18704
341773071,18707
341780891,18711
341787831,18710
341794761,18724
341802344,18728
341810165,18726
341817786,18733
341825676,18734
341833276,18736
341841062,18731
341848651,18734
341856471,18731
341864083,18739
341871941,18738
341879578,18735
341887427,18737
341895090,18740
341902948,18737
341917370,18641
341925166,18644
341932821,18641
341941276,18647
341948935,18643
341956821,18645
341964419,18637
341972284,18638
341979883,18634
341987736,18637
341995300,18631
342003075,18631
342010746,18628
342018605,18634
342026287,18632
342033137,18618
342040957,18619
342047795,18621
342055387,18620
342063197,18622
342070778,18623
342078612,18621
342086259,18625
342094037,18620
342101637,18622
342109498,18617
342117124,18622
342125042,18625
342132740,18623
342140653,18621
342155890,18623
342163800,18626
342171363,18624
342179178,18625
342186784,18621
342194597,18623
342202274,18624
342210066,18627
342217726,18623
342225559,18622
342233213,18620
342241038,18629
342248617,18631
342256478,18626
342264100,18626
342271954,18650
342279553,18646
342286435,18644
342294319,18652
342302006,18651
342309909,18650
342317527,18656
342325491,18652
342333113,18652
342339996,18659
342347882,18657
342356076,18659
342364018,18660
342371619,18657
342379547,18661
342387187,18662
342394049,18682
342401950,18681
342409524,18682
342417381,18690
342424993,18689
342432860,18690
342440382,18688
342448225,18690
342455823,18688
342463617,18694
342471234,18689
342479146,18695
342486786,18692
342494737,18689
342502326,18697
342510141,18718
342517726,18716
342524602,18714
342532471,18717
342540126,18719
342547951,18722
342555573,18724
342563433,18722
342571689,18720
342578569,18724
342586431,18725
342594058,18727
342601920,18724
342609483,18731
342617386,18732
342625016,18732
342631947,18723
342639813,18723
342647421,18713
342655235,18712
342662826,18713
342670676,18707
342678304,18701
342686123,18694
342693699,18697
342701512,18692
342709092,18690
342716953,18690
342724544,18683
342732374,18686
342740018,18685
342754811,18652
342762426,18648
342770284,18651
342778443,18650
342786296,18649
342793860,18644
342801679,18653
342809321,18646
342816184,18650
342824055,18650
342831695,18650
342839499,18647
342847149,18644
342854982,18644
342862590,18652
342870454,18655
342878101,18656
342884987,18653
342892879,18651
342900503,18656
342908383,18651
342915964,18654
342923818,18653
342931384,18652
342939187,18651
342946810,18652
342961277,18649
342969105,18647
342976769,18651
342991468,18658
342998440,18660
343006326,18660
343013944,18663
343021804,18663
343029422,18660
343037256,18662
343044857,18661
343051708,18663
343059558,18663
343067210,18669
343075050,18669
343082742,18670
343090620,18673
343098286,18642
343106079,18692
343113674,18695
343120546,18692
343128400,18698
343135999,18700
343143886,18701
343151503,18703
343159370,18705
343166959,18703
343174801,18704
343182451,18705
343190286,18708
343197949,18703
343206426,18708
343214021,18701
343221885,18707
343228765,18732
343236419,18729
343244338,18730
343252010,18731
343259890,18732
343267544,18731
343275374,18733
343282974,18737
343289894,18739
343297770,18741
343305370,18739
343313199,18737
343320833,18746
343328627,18744
343336254,18745
343344080,18740
343351690,18767
343359565,18768
343367223,18770
343375060,18769
343382643,18766
343390481,18767
343398119,18767
343406003,18771
343414248,18763
343422071,18758
343429667,18756
343437522,18753
343445130,18754
343452963,18760
343460571,18745
343474333,18698
343481125,18691
343488976,18689
343496611,18693
343504468,18692
343512057,18694
343519903,18687
343527467,18696
343535305,18690
343542941,18695
343550820,18694
343558394,18692
343566264,18696
343573839,18688
343581703,18692
343589313,18699
343597129,18702
343603986,18702
343611584,18705
343619964,18700
343627554,18699
343635402,18697
343642974,18702
343649821,18695
343657682,18707
343665305,18700
343673106,18698
343680748,18693
343688593,18695
343696266,18699
343704022,18696
343711632,18703
343719479,18704
343727121,18707
343735016,18700
343742722,18698
343750620,18704
343758258,18704
343765113,18706
343772957,18705
343780527,18702
343788336,18701
343795936,18702
343803833,18708
343811476,18709
343819338,18709
343834824,18732
343841807,18735
343849602,18729
343857219,18728
343865052,18731
343872658,18732
343880519,18728
343888203,18737
343896086,18735
343903722,18733
343911549,18736
343919183,18738
343927005,18742
343934635,18738
343942483,18744
343949361,18764
343956996,18757
343964898,18765
343972500,18765
343980355,18769
343987946,18768
343995807,18763
344003403,18753
344011269,18774
344018911,18772
344026833,18762
344034448,18769
344043014,18771
344050673,18777
344058538,18772
344065391,18769
344073051,18794
344079972,18795
344087848,18801
344095488,18801
344103311,18796
344110961,18796
344118832,18798
344125660,18802
344133287,18792
344141109,18793
344148716,18795
344156535,18788
344164180,18783
344172000,18779
344179617,18774
344193340,18726
344207826,18730
344215519,18726
344223396,18719
344231004,18721
344238884,18723
344246465,18724
344254918,18721
344262530,18728
344270465,18718
344278126,18721
344286028,18718
344293713,18723
344307550,18710
344315400,18720
344323015,18709
344330904,18714
344338510,18723
344346337,18714
344353955,18716
344360856,18724
344368740,18720
344376390,18714
344384237,18719
344391859,18716
344399705,18715
344407373,18717
344415230,18717
344422887,18711
344430765,18707
344438412,18715
344446233,18712
344453100,18717
344460691,18714
344469148,18711
344476769,18710
344484619,18711
344492301,18718
344500240,18719
344507885,18715
344515762,18714
344523357,18715
344531150,18713
344544949,18736
344552573,18739
344560448,18717
344568044,18735
344575917,18743
344583524,18740
344591375,18731
344598971,18738
344606837,18739
344614465,18748
344622336,18743
344629954,18748
344637856,18743
344645436,18748
344653328,18751
344660947,18766
344668833,18768
344677142,18767
344685008,18763
344692623,18771
344700579,18763
344708226,18767
344716147,18767
344723803,18767
344731699,18762
344739381,18764
344747275,18772
344754897,18770
344762745,18778
344770411,18768
344784142,18796
344791944,18791
344799552,18797
344807401,18794
344814312,18793
344822006,18796
344829921,18799
344837523,18794
344845336,18796
344852990,18796
344860913,18800
344868621,18795
344876456,18799
344884682,18793
344892606,18789
344900310,18729
344908180,18788
344914994,18724
344922651,18729
344929532,18722
344937384,18721
344945028,18721
344952912,18722
344960466,18711
344968302,18722
344975924,18715
344983782,18710
344991398,18716
344999211,18706
345006819,18714
345014667,18712
345022292,18697
345030216,18692
345037877,18701
345045806,18702
345053440,18701
345061297,18702
345068965,18701
345076847,18695
345083683,18699
345091329,18701
345099832,18700
345107400,18696
345115242,18698
345122872,18696
345130736,18702
345137637,18695
345145302,18695
345153161,18699
345160795,18694
345168630,18697
345176289,18690
345184122,18702
345191724,18700
345199572,18698
345207214,18707
345215030,18696
345222662,18700
345230541,18705
345238176,18704
345245970,18701
345252828,18695
345260398,18718
345268272,18728
345275950,18721
345283892,18717
345291530,18717
345299437,18722
345307631,18726
345315490,18723
345323088,18723
345330942,18728
345338569,18725
345346459,18728
345354029,18728
345361942,18730
345369533,18724
345384265,18747
345391875,18749
345398728,18750
345406585,18756
345413460,18743
345421103,18750
345429001,18751
345436641,18749
345451124,18755
345458734,18755
345466639,18747
345474276,18750
345482147,18756
345489007,18760
345496660,18780
345504540,18772
345511408,18779
345519036,18781
345527549,18779
345535124,18777
345542999,18779
345550616,18783
345557498,18788
345565332,18788
345573022,18786
345580879,18789
345588418,18787
345596189,18787
345603793,18785
345618493,18731
345626152,18735
345634040,18733
345641722,18730
345649661,18728
345657307,18727
345665224,18723
345672887,18725
345680757,18725
345688399,18718
345696246,18714
345703889,18711
345711723,18718
345719346,18716
345727129,18707
345735367,18695
345743243,18694
345750118,18698
345757727,18692
345765591,18701
345773260,18695
345781086,18693
345788686,18699
345796503,18693
345804162,18696
345812020,18693
345819651,18702
345827515,18702
345835115,18697
345842947,18696
345857379,18691
345865212,18700
345872872,18698
345880738,18696
345888322,18698
345895216,18696
345903016,18697
345910622,18701
345918488,18697
345926074,18695
345933969,18700
345942101,18693
345950013,18698
345957649,18693
345965466,18700
345973141,18716
345980951,18713
345988575,18716
345996393,18713
346004045,18710
346011925,18716
346019483,18718
346027330,18712
346034238,18720
346041881,18717
346049725,18720
346057352,18716
346065165,18718
346072802,18720
346080656,18724
346088301,18721
346096154,18742
346103741,18740
346110578,18749
346118440,18748
346126006,18748
346133892,18756
346141448,18752
346149322,18752
346157471,18747
346165301,18753
346172925,18745
346180829,18751
346188508,18749
346196326,18754
346203984,18745
346217736,18770
346225602,18775
346233232,18784
346241010,18771
346248600,18776
346256464,18778
346264041,18782
346271927,18781
346279485,18777
346287350,18780
346294966,18781
346302889,18781
346310424,18780
346318250,18782
346325870,18780
346333760,18784
346341378,18776
346349169,18772
346356815,18769
346365317,18773
346372933,18764
346379793,18755
346386657,18755
346394489,18758
346402164,18759
346410020,18747
346417636,18745
346425491,18741
346433080,18738
346440908,18738
346448480,18739
346456341,18711
346463933,18715
346470802,18716
346478658,18712
346486322,18710
346494136,18716
346500971,18710
346507826,18718
346515419,18710
346523227,18714
346530842,18708
346538673,18717
346546326,18711
346554150,18714
346561740,18712
346568617,18709
346577047,18711
346584659,18710
346591525,18705
346599390,18714
346607028,18715
346614915,18709
346622485,18708
346630356,18709
346637966,18706
346645789,18711
346653414,18708
346661273,18711
346668900,18710
346676727,18709
346684369,18714
346698865,18720
346705908,18720
346713763,18718
346721373,18719
346729226,18719
346736081,18717
346742937,18718
346750495,18724
346758358,18723
346766010,18723
346773905,18722
346781513,18720
346789979,18721
346797573,18728
346804465,18729
346819224,18746
346826071,18753
346833689,18757
346841543,18753
346849162,18752
346856063,18753
346863936,18754
346871523,18756
346879428,18756
346887025,18754
346894885,18753
346902453,18754
346910298,18756
346917912,18755
346924742,18757
346939467,18782
346947039,18779
346954972,18782
346962654,18778
346970597,18783
346977552,18786
346985240,18782
346993120,18787
347001248,18783
347009152,18784
347016819,18782
347024662,18780
347032306,18784
347039526,18788
347047164,18787
347054965,18801
347062507,18793
347070379,18796
347077973,18804
347085901,18797
347092779,18792
347100406,18787
347108229,18785
347115862,18779
347123659,18780
347131305,18776
347139139,18769
347146773,18764
347154615,18768
347162303,18764
347177040,18714
347183949,18727
347191587,18720
347199531,18722
347207213,18721
347214991,18716
347222577,18719
347230440,18714
347238039,18715
347245908,18719
347253497,18720
347261293,18714
347268872,18723
347276673,18724
347284364,18724
347292231,18715
347299188,18710
347306829,18717
347314656,18711
347322271,18719
347330123,18713
347337701,18717
347344586,18709
347352495,18705
347360137,18710
347367999,18718
347375596,18715
347383415,18714
347391026,18719
347398891,18712
347406503,18710
347414360,18715
347422570,18713
347430510,18717
347438182,18708
347446058,18714
347453705,18716
347460569,18716
347468373,18718
347476020,18714
347483923,18718
347491592,18711
347499442,18719
347507069,18719
347514959,18728
347521835,18716
347529468,18723
347537342,18743
347545015,18739
347552923,18742
347560474,18741
347568320,18742
347575957,18737
347583882,18744
347591500,18739
347599312,18746
347606938,18739
347614820,18742
347622400,18744
347630882,18747
347638513,18746
347646428,18748
347660237,18767
347667906,18767
347675836,18765
347683467,18765
347691343,18766
347699010,18769
347706870,18762
347714422,18768
347722264,18763
347729858,18762
347737760,18769
347745384,18777
347753200,18770
347760044,18771
347767670,18772
347775522,18789
347783138,18792
347791019,18788
347798632,18792
347806473,18795
347814155,18787
347821054,18781
347828954,18774
347836586,18775
347845041,18777
347852645,18770
347860513,18771
347868129,18764
347876058,18764
347883689,18758
347897488,18701
347905358,18704
347912955,18704
347920849,18700
347928455,18703
347942903,18697
347950841,18697
347958492,18702
347966361,18704
347974017,18700
347981898,18699
347989534,18698
347996428,18702
348004334,18703
348011979,18690
348019877,18690
348027453,18693
348035299,18691
348042930,18692
348050784,18691
348057593,18691
348065248,18692
348073093,18690
348080697,18691
348088546,18685
348096236,18687
348104164,18686
348111851,18687
348119692,18689
348133429,18686
348141065,18683
348148951,18689
348156609,18686
348164443,18690
348172040,18688
348179924,18691
348187535,18687
348195355,18689
348202935,18691
348210773,18693
348218391,18688
348226212,18688
348233848,18692
348241743,18695
348249381,18711
348257207,18709
348265311,18714
348273196,18711
348280867,18717
348288692,18713
348294581,18714
348302498,18717
348310109,18717
348318015,18718
348325676,18721
348333529,18721
348341167,18718
348349031,18722
348356639,18721
348364464,18719
348372088,18743
348379962,18738
348387566,18742
348395456,18750
348403047,18746
348410913,18752
348418552,18742
348426459,18750
348434078,18750
348441937,18751
348449586,18743
348457471,18755
348465084,18746
348472971,18753
348480487,18753
348494244,18781
348501874,18775
348509761,18774
348517372,18774
348525152,18782
348532017,18783
348538968,18780
348546861,18787
348554467,18776
348562257,18782
348569922,18782
348577787,18778
348585379,18776
348593188,18775
348600807,18776
348614521,18706
348622315,18708
348629977,18705
348637900,18704
348645557,18705
348652508,18701
348659426,18699
348667326,18701
348674952,18697
348682833,18698
348691127,18696
348698993,18697
348706595,18690
348714414,18693
348721297,18696
348728922,18687
348736774,18683
348744377,18684
348752162,18686
348759826,18682
348767681,18688
348774602,18686
348782247,18687
348790073,18694
348797661,18690
348805503,18687
348813092,18689
348820986,18689
348828582,18690
348836422,18688
348844033,18692
348851885,18682
348859442,18687
348867215,18687
348874838,18684
348882679,18684
348889587,18687
348897136,18686
348905004,18683
348912600,18683
348920427,18689
348928079,18688
348935960,18690
348943514,18691
348951395,18697
348958286,18691
348965916,18699
348973792,18709
348981401,18708
348989324,18709
348996973,18714
349004868,18715
349011777,18713
349019463,18714
349027297,18710
349034896,18714
349042780,18714
349050386,18722
349058218,18717
349065854,18719
349073712,18717
349081356,18719
349095965,18741
349103597,18737
349112074,18742
349119678,18744
349127538,18743
349135134,18740
349143022,18740
349150628,18743
349158519,18745
349166146,18744
349174028,18748
349188269,18747
349195139,18745
349203052,18747
349210660,18770
349218536,18769
349226149,18766
349234027,18765
349241619,18766
349247711,18768
349255377,18765
349263163,18776
349270867,18772
349278677,18773
349286329,18772
349294275,18771
349302027,18774
349309948,18774
349317586,18780
349332945,18714
349340565,18718
349348384,18713
349356039,18712
349362922,18714
349369828,18715
349377674,18709
349385324,18705
349393182,18702
349400745,18707
349408622,18703
349416295,18705
349424132,18704
349431728,18698
349439612,18765
349447263,18681
349455056,18688
349462636,18686
349470496,18687
349478060,18688
349485945,18682
349493515,18688
349501388,18686
349509056,18688
349516938,18689
349524574,18683
349532414,18690
349540598,18688
349548549,18686
349555496,18691
349563087,18694
349570977,18684
349577820,18686
349585420,18689
349593290,18686
349600927,18683
349607768,18683
349615604,18686
349623230,18688
349631092,18686
349638715,18682
349646555,18681
349654164,18684
349662077,18686
349669713,18687
349677657,18685
349685335,18689
349693174,18707
349700814,18701
349708679,18707
349716329,18705
349723155,18711
349730973,18711
349738517,18708
349746996,18709
349754612,18709
349762478,18716
349770118,18713
349777982,18711
349785580,18709
349793432,18715
349801061,18715
349815735,18739
349823340,18733
349831164,18738
349838792,18731
349846636,18743
349854282,18742
349862062,18737
349869694,18740
349877606,18742
349885210,18745
349893028,18740
349900594,18749
349908429,18743
349916035,18741
349923933,18743
349931534,18764
349938368,18766
349946158,18763
349954376,18772
349961326,18776
349969152,18770
349976771,18771
349984656,18772
349992313,18775
350000099,18777
350007729,18776
350015576,18773
350023215,18776
350031051,18780
350038650,18779
350053359,18750
350060966,18747
350068801,18745
350076425,18739
350084247,18736
350091913,18740
350099783,18738
350107407,18730
350115149,18726
350122729,18730
350130576,18727
350138211,18731
350146137,18721
350153068,18724
350160747,18721
350169145,18697
350176732,18697
350184586,18694
350192210,18699
350199110,18695
350206983,18702
350214578,18698
350222414,18689
350230049,18696
350237937,18700
350245503,18700
350253344,18695
350260922,18698
350268717,18698
350276322,18692
350284152,18697
350291762,18691
350298623,18700
350306501,18699
350314070,18692
350321989,18693
350329639,18689
350336535,18695
350344505,18690
350352192,18690
350360077,18694
350367683,18693
350376065,18689
350383670,18690
350391532,18695
350399169,18691
350413969,18707
350421523,18705
350435290,18705
350442998,18708
350450908,18704
350458502,18692
350466399,18708
350474051,18700
350481946,18702
350489600,18700
350497573,18706
350505277,18708
350512156,18714
350520056,18705
350527675,18734
350534574,18735
350542401,18739
350550006,18730
350557852,18735
350565428,18734
350573254,18738
350580891,18736
350588708,18737
350596981,18737
350604836,18731
350612432,18740
350620329,18740
350627950,18739
350635816,18739
350650338,18760
350658186,18763
350665765,18758
350672640,18762
350680506,18760
350688114,18766
350696024,18766
350703609,18768
350711432,18766
350719018,18768
350726884,18770
350734453,18772
350742323,18766
350749178,18762
350756821,18768
350764650,18737
350772279,18734
350780208,18730
350787888,18722
350795777,18726
350804025,18722
350811916,18722
350818796,18718
350826418,18717
350834257,18721
350841924,18715
350849743,18714
350857364,18711
350865186,18714
350872866,18712
350880704,18710
350888372,18693
350895189,18694
350903037,18691
350910629,18686
350918476,18691
350926080,18694
350933916,18693
350941509,18688
350949335,18694
350956940,18691
350964805,18686
350972466,18686
350980341,18688
350987945,18682
350995841,18685
351010856,18688
351018779,18684
351026413,18686
351033227,18687
351041131,18683
351048803,18687
351056729,18691
351064401,18690
351072224,18686
351079852,18689
351087702,18677
351095361,18681
351103251,18688
351110107,18684
351117693,18685
351125537,18698
351133168,18702
351140984,18698
351148676,18701
351156623,18707
351164308,18701
351172234,18701
351179877,18701
351187707,18702
351195348,18704
351203144,18704
351210763,18706
351218601,18707
351226810,18702
351234653,18711
351249222,18731
351256167,18733
351264076,18735
351271004,18736
351278615,18732
351286460,18732
351294059,18732
351301922,18738
351309512,18734
351317360,18737
351324985,18733
351332835,18730
351340455,18738
351347303,18738
351355101,18734
351369621,18756
351376499,18759
351384311,18756
351391207,18762
351398796,18763
351406672,18761
351414270,18762
351422172,18765
351429131,18760
351437646,18763
351445304,18771
351453107,18773
351460750,18760
351468609,18772
351476257,18766
351484151,18725
351491752,18730
351499616,18719
351506528,18717
351514193,18715
351522105,18716
351529796,18713
351537698,18707
351544606,18709
351552264,18703
351560146,18711
351567771,18709
351575641,18699
351583274,18703
351591064,18703
351598635,18700
351606499,18684
351613374,18688
351621015,18687
351628922,18685
351636492,18679
351644929,18680
351652574,18683
351660416,18677
351668026,18681
351682492,18678
351690430,18676
351698110,18683
351704969,18680
351712830,18684
351727340,18681
351735214,18685
351742079,18687
351749739,18684
351757620,18680
351765288,18678
351773157,18681
351780776,18680
351788679,18689
351796309,18681
351804204,18685
351811854,18679
351819662,18682
351827358,18681
351835213,18682
351842826,18701
351849685,18697
351857491,18701
351865666,18697
351873508,18698
351881102,18696
351889040,18701
351896710,18701
351904553,18703
351912213,18699
351920077,18703
351927640,18707
351935482,18714
351942376,18703
351950005,18711
351964763,18729
351972391,18725
351979247,18729
351987101,18736
351994684,18735
352002516,18731
352010104,18733
352017983,18732
352024899,18731
352032486,18737
352040300,18728
352047955,18737
352055827,18733
352062713,18736
352071006,18735
352085851,18761
352092733,18758
352099632,18756
352107278,18758
352115094,18761
352122689,18763
352130530,18753
352138145,18767
352145033,18759
352152941,18766
352160540,18761
352168389,18766
352176003,18767
352183871,18767
352191464,18768
352199264,18724
352206879,18721
352214761,18725
352222385,18723
352230238,18712
352237854,18718
352245687,18712
352253329,18709
352261146,18712
352268721,18705
352276577,18703
352284868,18711
352292734,18702
352300390,18703
352308159,18705
352322573,18686
352329427,18681
352336186,18677
352344029,18686
352351563,18681
352359394,18682
352367013,18676
352374845,18677
352382468,18679
352390286,18678
352397911,18681
352405747,18672
352413366,18681
352421212,18677
352428810,18686
352443544,18680
352450455,18679
352457315,18680
352464888,18678
352472721,18682
352480380,18678
352488187,18675
352496410,18679
352504288,18681
352511921,18679
352519743,18679
352527371,18685
352535196,18681
352542777,18682
352550617,18680
352558261,18695
352565182,18691
352572097,18696
352579975,18695
352587614,18702
352595461,18703
352603061,18697
352610945,18696
352618561,18698
352626442,18696
352634057,18700
352641936,18697
352649572,18700
352657375,18700
352665003,18703
352672871,18707
352680473,18727
352688303,18728
352695944,18728
352704432,18727
352712092,18726
352719952,18730
352727553,18731
352735373,18734
352742988,18729
352749847,18733
352757682,18728
352765301,18729
352773101,18730
352780758,18739
352787660,18731
352802354,18752
352809941,18751
352817823,18752
352825431,18754
352833224,18755
352840842,18759
352848697,18757
352856384,18755
352864181,18759
352871046,18762
352878627,18757
352886480,18759
352894080,18758
352901979,18762
352909596,18766
352923713,18739
352930630,18734
352938532,18733
352946133,18726
352954025,18727
352961671,18729
352969584,18718
352977256,18723
352985148,18719
352992800,18714
353000641,18714
353008275,18712
353016121,18707
353023004,18709
353030575,18707
353038403,18686
353046047,18691
353053944,18683
353061574,18685
353069408,18683
353077030,18687
353084928,18677
353092539,18681
353100357,18685
353107218,18677
353114845,18679
353122669,18680
353130864,18682
353138745,18679
353146395,18685
353161039,18678
353168612,18675
353176488,18686
353184090,18674
353191933,18684
353199520,18683
353207340,18680
353214906,18677
353222781,18680
353230406,18683
353238190,18681
353245800,18680
353253645,18677
353261283,18682
353269063,18682
353276639,18692
353283495,18692
353291326,18694
353298950,18691
353306781,18695
353314437,18694
353322226,18702
353329802,18690
353337622,18700
353345837,18700
353353655,18697
353361350,18699
353369178,18702
353376839,18698
353383747,18705
353391607,18704
353399253,18727
353406104,18706
353413967,18730
353421563,18724
353429422,18729
353437029,18730
353444908,18731
353452537,18733
353460448,18737
353468108,18737
353476059,18730
353483687,18727
353491575,18731
353499184,18731
353507037,18733
353521494,18756
353529353,18758
353536988,18756
353544852,18751
353553149,18760
353561054,18760
353568673,18750
353576536,18760
353584162,18759
353591088,18751
353598930,18765
353606521,18764
353614337,18760
353621952,18762
353629780,18761
353637409,18773
353643522,18764
353651354,18759
353658987,18762
353666815,18761
353674462,18754
353682256,18748
353689885,18748
353697755,18753
353705414,18750
353712290,18740
353720183,18745
353727786,18737
353735654,18733
353743284,18740
353751115,18730
353759361,18706
353767259,18707
353774896,18701
353782782,18700
353790410,18699
353798223,18700
353805873,18695
353813695,18700
353821347,18695
353828210,18700
353836104,18701
353843723,18699
353851591,18705
353859177,18695
353866063,18698
353873965,18700
353881521,18695
353889338,18699
353896968,18695
353904860,18694
353912466,18698
353920310,18696
353927926,18692
353935760,18693
353943390,18697
353951226,18699
353958823,18699
353966710,18695
353974995,18697
353982891,18690
353990490,18697
354004226,18703
354012080,18710
354019664,18708
354027557,18712
354035190,18714
354043073,18709
354050702,18707
354058581,18709
354066180,18712
354074071,18713
354081655,18712
354089521,18707
354097121,18707
354103994,18717
354111872,18717
354119462,18735
354127300,18732
354134938,18736
354142771,18736
354150405,18738
354164861,18735
354172739,18735
354180467,18735
354188220,18739
354195827,18741
354203710,18740
354211375,18736
354218238,18741
354226128,18742
354239900,18758
354247485,18762
354255288,18758
354262885,18759
354270716,18761
354278378,18762
354286174,18760
354293787,18765
354301617,18767
354308521,18766
354316105,18766
354324004,18767
354331580,18769
354338469,18766
354346244,18763
354360681,18778
354368541,18782
354376185,18779
354384076,18779
354391650,18776
354400089,18777
354407669,18771
354415464,18774
354423054,18772
354430961,18767
354438590,18768
354446442,18768
354454087,18762
354461955,18751
354476420,18707
354484234,18706
354491822,18702
354499663,18707
354507314,18700
354515127,18701
354522732,18704
354530606,18702
354538189,18701
354546049,18700
354553611,18699
354561456,18698
354569086,18708
354575955,18696
354583836,18695
354591505,18690
354598322,18689
354606798,18693
354614438,18695
354622273,18691
354629906,18689
354637739,18687
354645392,18692
354653240,18687
354660875,18689
354668698,18695
354676351,18689
354684164,18685
354691761,18691
354699619,18698
354714169,18695
354722046,18697
354728861,18692
354736495,18695
354744286,18694
354751905,18687
354759761,18687
354767466,18692
354775356,18691
354782978,18694
354790862,18696
354798451,18693
354806266,18698
354814464,18696
354822426,18691
354830137,18716
354837054,18719
354845032,18715
354852650,18709
354860467,18718
354868098,18713
354875970,18717
354883539,18722
354891369,18718
354898978,18718
354906883,18722
354913727,18717
354921371,18719
354929177,18721
354936797,18722
354944640,18718
354952278,18735
354960192,18738
354967042,18738
354974593,18746
354982438,18743
354990052,18740
354997885,18747
355005485,18749
355013370,18747
355020994,18747
355029564,18742
355037208,18749
355045161,18743
355052802,18749
355059695,18750
355074359,18765
355081983,18768
355089836,18762
355097485,18768
355105271,18768
355112896,18765
355120733,18768
355128394,18774
355136220,18773
355143816,18770
355151686,18770
355159347,18766
355167176,18771
355174781,18772
355182668,18775
355190267,18703
355197139,18692
355205034,18700
355212633,18695
355220589,18693
355228275,18691
355236862,18696
355244500,18692
355252343,18690
355259961,18691
355267759,18688
355275394,18688
355283256,18686
355290896,18681
355297757,18684
355305598,18687
355312459,18667
355320089,18668
355326976,18666
355334856,18666
355342479,18667
355350323,18661
355357955,18666
355365801,18666
355373452,18664
355381288,18663
355388926,18660
355396765,18664
355411261,18663
355418913,18661
355433771,18658
355441397,18658
355449206,18666
355457446,18667
355465285,18664
355472953,18662
355480770,18656
355488389,18662
355496201,18663
355503829,18655
355511676,18662
355518523,18658
355526165,18659
355533045,18659
355540900,18664
355547766,18671
355555461,18679
355563289,18678
355570917,18680
355578731,18678
355586395,18678
355594253,18676
355601804,18681
355609648,18682
355617213,18679
355625073,18679
355632686,18681
355639551,18685
355647401,18682
355655065,18684
355663457,18683
355671102,18701
355678915,18699
355685783,18705
355693425,18703
355701241,18700
355708879,18706
355716696,18701
355724338,18697
355732107,18705
355739667,18702
355747475,18705
355755062,18709
355762987,18711
355770580,18713
355778442,18711
355792935,18719
355800751,18726
355808405,18725
355816187,18729
355823771,18725
355831624,18728
355839282,18730
355847193,18726
355854795,18730
355862664,18731
355870897,18733
355878776,18726
355886408,18735
355893274,18732
355901140,18733
355908030,18723
355915606,18720
355923440,18711
355931054,18711
355938891,18708
355946485,18702
355954301,18704
355961953,18703
355969803,18696
355977443,18690
355985274,18690
355992888,18683
356000713,18689
356008359,18675
356016133,18680
356023758,18676
356031568,18642
356039213,18637
356046067,18638
356053963,18634
356061527,18632
356069339,18637
356076957,18633
356085434,18635
356093085,18628
356100968,18635
356108567,18630
356116380,18631
356124023,18632
356131884,18628
356139488,18628
356153490,18628
356161167,18627
356169085,18631
356176674,18627
356184568,18628
356192175,18628
356200063,18622
356207639,18625
356215491,18631
356223141,18624
356231051,18623
356238617,18624
356246462,18627
356253387,18628
356260981,18628
356268790,18633
356276415,18635
356284235,18637
356292494,18640
356300306,18635
356307899,18638
356315744,18638
356323415,18638
356331224,18638
356338848,18639
356346673,18641
356354320,18640
356361164,18641
356369026,18646
356376632,18648
356384458,18645
356392050,18662
356399891,18661
356406717,18666
356414360,18668
356422212,18672
356429827,18669
356437668,18669
356445276,18674
356453141,18669
356460718,18673
356468572,18678
356476192,18671
356483081,18676
356490977,18672
356499142,18672
356513929,18698
356521541,18701
356529378,18702
356536990,18699
356544804,18700
356552449,18699
356560325,18702
356567950,18699
356575783,18704
356583445,18700
356591243,18705
356598074,18704
356605626,18701
356613454,18706
356621088,18706
356628943,18733
356636542,18733
356644390,18735
356658914,18732
356666563,18732
356674394,18740
356682044,18737
356689922,18735
356697549,18734
356705329,18732
356713516,18740
356721416,18734
356729023,18736
356736919,18734
356751357,18651
356759181,18649
356766015,18648
356773629,18646
356781565,18646
356789192,18644
356797070,18639
356804683,18645
356812517,18643
356820141,18637
356828026,18642
356835634,18640
356843485,18640
356851144,18640
356859014,18641
356866547,18637
356874308,18641
356881148,18631
356888739,18633
356896615,18634
356904196,18634
356912104,18639
356919738,18642
356928169,18636
356935817,18637
356943691,18644
356951325,18639
356958212,18644
356966088,18641
356973687,18640
356988402,18634
356995981,18633
357003789,18635
357011441,18633
357019256,18639
357026895,18641
357034730,18636
357042345,18640
357050259,18632
357057859,18635
357065724,18639
357073378,18641
357081159,18641
357088758,18634
357095613,18641
357103451,18654
357111114,18662
357118999,18664
357126564,18661
357135002,18662
357142594,18666
357150440,18659
357158071,18663
357165927,18669
357173562,18668
357181439,18669
357189047,18666
357196918,18669
357204514,18665
357212302,18669
357219914,18674
357226812,18690
357234646,18695
357241452,18688
357249099,18692
357256945,18695
357264537,18687
357272372,18699
357279981,18692
357287882,18696
357295514,18697
357303334,18695
357310959,18703
357318803,18695
357326426,18701
357334250,18692
357348697,18726
357356560,18722
357364167,18724
357372049,18727
357379670,18727
357387524,18729
357395151,18727
357403008,18728
357410611,18730
357418425,18729
357426065,18729
357433943,18734
357441563,18731
357449389,18732
357462153,18679
357470005,18675
357477585,18673
357485462,18672
357493070,18671
357500943,18667
357508534,18665
357516330,18667
357523921,18660
357531750,18663
357539409,18659
357547201,18660
357555481,18657
357563283,18656
357570903,18650
357583873,18636
357591695,18643
357599344,18643
357607189,18642
357614825,18639
357622678,18640
357630299,18637
357638153,18644
357645716,18636
357653600,18647
357661241,18642
357669107,18641
357676698,18638
357684561,18639
357699084,18639
357706952,18640
357714535,18638
357722333,18638
357729939,18636
357737772,18639
357745432,18640
357753290,18643
357761417,18646
357769309,18645
357776916,18646
357784781,18643
357792416,18639
357800215,18639
357807776,18649
357814649,18656
357822501,18659
357830143,18654
357838023,18659
357844891,18660
357852474,18660
357860271,18662
357867894,18663
357875741,18664
357883412,18667
357897852,18664
357905725,18666
357913450,18670
357921325,18667
357928165,18676
357935041,18692
357942608,18690
357950436,18692
357958077,18695
357965944,18688
357973536,18691
357982027,18695
357989672,18697
357997497,18704
358005116,18700
358012975,18699
358020561,18696
358028354,18696
358035993,18698
358043824,18698
358050727,18723
358058375,18728
358066183,18725
358073791,18723
358081581,18726
358089220,18730
358097129,18730
358104747,18727
358112541,18729
358120131,18731
358128007,18730
358135598,18734
358143420,18736
358151022,18731
358158924,18734
358166587,18741
358174461,18719
358182099,18714
358190580,18719
358198161,18710
358206012,18703
358213590,18708
358221433,18695
358229065,18696
358236941,18696
358244531,18695
358252387,18689
358259968,18690
358267771,18684
358275388,18680
358283193,18680
358296198,18662
358303795,18666
358311656,18661
358319284,18661
358327124,18653
358334714,18661
358342540,18659
358350148,18665
358358034,18661
358365614,18658
358373415,18660
358381075,18660
358388957,18660
358397198,18663
358405047,18661
358412613,18660
358420489,18657
358428104,18662
358436013,18663
358442891,18656
358450531,18662
358458338,18666
358465968,18661
358473790,18659
358481392,18661
358489224,18663
358496830,18660
358504718,18663
358512384,18667
358520183,18659
358527056,18668
358534592,18676
358542404,18679
358550027,18682
358557894,18679
358565535,18679
358573315,18677
358580934,18685
358588762,18682
358596405,18683
358604846,18682
358612458,18684
358620280,18684
358627954,18692
358635794,18693
358643451,18689
358657472,18712
358665072,18715
358672902,18711
358680574,18709
358688374,18716
358695999,18719
358703835,18718
358711478,18718
358719242,18715
358726878,18715
358734743,18720
358742381,18719
358750237,18723
358757854,18722
358764742,18721
358772576,18754
358780211,18749
358788116,18755
358795665,18753
358802514,18750
358810339,18756
358818566,18749
358826393,18751
358834016,18751
358841851,18754
358849510,18750
358857333,18756
358864952,18756
358872785,18756
358880433,18757
358887316,18765
358895189,18783
358902037,18760
358909617,18780
358917477,18782
358925130,18778
358933023,18774
358940625,18771
358948472,18764
358956077,18764
358963954,18760
358971570,18757
358979411,18752
358987038,18743
358994920,18744
359002560,18742
359017231,18698
359025504,18706
359033360,18706
359040984,18701
359048822,18705
359056484,18701
359064333,18705
359071896,18704
359079793,18707
359087467,18709
359095285,18697
359102872,18708
359110757,18704
359118428,18705
359125291,18706
359133146,18703
359147388,18699
359155289,18705
359162939,18699
359170803,18705
359178459,18710
359186316,18710
359193883,18706
359201723,18707
359209368,18704
359217237,18706
359224862,18705
359232727,18703
359240257,18707
359254049,18705
359261628,18713
359269460,18710
359277084,18707
359284933,18708
359292564,18712
359300406,18713
359308023,18712
359315923,18714
359323581,18711
359331409,18714
359339039,18712
359346931,18715
359354576,18714
359362433,18715
359370048,18741
359377947,18738
359384822,18740
359392463,18739
359400249,18740
359407859,18739
359415714,18745
359423315,18743
359431164,18745
359438798,18745
359446664,18746
359454963,18747
359462797,18742
359470408,18743
359477274,18742
359485113,18772
359492677,18771
359500508,18774
359508150,18770
359515035,18765
359522853,18774
359530479,18777
359538273,18777
359545904,18780
359553812,18777
359561456,18782
359569262,18777
359576836,18780
359584709,18784
359592370,18777
359600162,18782
359607750,18814
359615567,18806
359623174,18808
359631068,18809
359638615,18808
359646446,18809
359654049,18814
359662502,18816
359670088,18817
359677963,18813
359685601,18810
359693391,18809
359701031,18813
359708929,18813
359715795,18808
359722635,18809
359730230,18747
359738113,18748
359745726,18747
359753590,18746
359761221,18753
359769132,18747
359776734,18748
359784593,18747
359792237,18743
359800144,18749
359807682,18747
359815518,18739
359823142,18747
359831055,18745
359838670,18744
359853438,18743
359861027,18748
359868427,18744
359875353,18742
359883187,18739
359890804,18748
359898651,18742
359906300,18747
359914158,18747
359921749,18739
359929580,18742
359937226,18742
359945139,18745
359952730,18743
359960608,18752
359968226,18742
359976153,18739
359983738,18736
359991557,18746
359999145,18747
360007021,18746
360014661,18741
360022494,18746
360030175,18743
360038060,18747
360045654,18746
360053459,18748
360061078,18750
360068946,18749
360076454,18750
360083421,18749
360091242,18766
360098842,18767
360106670,18773
360114257,18767
360122170,18769
360129737,18773
360137564,18771
360145212,18775
360153095,18776
360160651,18772
360168487,18776
360176126,18779
360184043,18775
360190926,18776
360198567,18773
360206428,18799
360214068,18797
360221863,18794
360229487,18803
360236351,18801
360244204,18802
360251843,18799
360259675,18795
360267280,18799
360275192,18798
360282778,18792
360291248,18798
360298826,18803
360306709,18803
360314362,18797
360321232,18807
360329051,18832
360336598,18828
360344442,18822
360352069,18822
360359924,18822
360367579,18829
360375422,18837
360389691,18830
360397573,18826
360405209,18827
360413137,18828
360420773,18836
360427636,18830
360435469,18813
360449982,18764
360457868,18758
360465486,18761
360472375,18750
360480199,18759
360487808,18755
360495677,18759
360503882,18753
360511786,18755
360519479,18760
360527273,18759
360534888,18754
360542725,18756
360550362,18755
360557268,18750
360565130,18753
360572703,18754
360580527,18749
360588146,18750
360595065,18752
360602857,18750
360610477,18754
360618262,18747
360625875,18757
360633731,18750
360641363,18750
360649221,18749
360656852,18749
360664643,18749
360672248,18746
360687042,18741
360694605,18743
360702444,18741
360710062,18739
360718557,18743
360726214,18743
360734100,18737
360741657,18744
360749533,18746
360757173,18736
360765069,18734
360772666,18738
360780493,18747
360787345,18743
360794963,18747
360802797,18761
360810440,18758
360818267,18760
360825895,18759
360832767,18766
360840613,18760
360848232,18757
360856079,18757
360863649,18757
360871521,18765
360879151,18756
360887025,18760
360894653,18763
360902511,18762
360910131,18763
360918061,18766
360926282,18781
360934132,18782
360941740,18772
360949622,18779
360956495,18783
360964158,18782
360971991,18780
360979603,18780
360987391,18779
360995024,18782
361002802,18783
361010470,18787
361018323,18782
361025207,18785
361032798,18782
361039661,18782
361047474,18802
361055087,18799
361062954,18801
361070575,18810
361077424,18808
361085237,18800
361092838,18805
361100681,18806
361108277,18808
361116181,18808
361123776,18806
361131578,18794
361139797,18798
361147668,18793
361155271,18791
361170048,18716
361177657,18716
361185491,18712
361193092,18711
361200955,18709
361208607,18711
361216425,18707
361224069,18710
361231931,18710
361239574,18710
361247376,18705
361254952,18703
361262802,18715
361270446,18707
361278323,18701
361285965,18690
361293773,18685
361301380,18683
361309251,18689
361315124,18681
361323043,18685
361330677,18691
361338566,18685
361346961,18686
361354812,18682
361362502,18683
361370353,18688
361378002,18687
361384876,18687
361392746,18677
361400364,18683
361408218,18668
361415853,18674
361423677,18672
361431297,18673
361439139,18672
361446800,18675
361454628,18671
361462200,18670
361470061,18672
361477672,18670
361485559,18676
361493161,18678
361500053,18678
361507933,18676
361515585,18674
361530244,18687
361537880,18692
361545767,18691
361554034,18688
361561892,18685
361569522,18687
361577383,18699
361584991,18694
361592779,18693
361600392,18688
361608278,18694
361615909,18696
361623772,18694
361644146,18711
361651782,18714
361659644,18717
361667231,18715
361674127,18718
361681982,18717
361689619,18717
361697466,18722
361705149,18716
361713033,18699
361720605,18717
361728442,18720
361736088,18717
361743965,18722
361758495,18733
361766329,18743
361774531,18740
361782364,18741
361789997,18736
361796880,18740
361804736,18743
361812371,18743
361820212,18738
361827825,18742
361835644,18742
361843290,18742
361851176,18746
361858024,18743
361865625,18745
361873417,18655
361881050,18648
361888946,18645
361896590,18645
361904387,18651
361911234,18644
361918116,18645
361925686,18647
361933511,18640
361941108,18640
361949049,18645
361956677,18639
361964532,18641
361972160,18637
361980020,18638
361988275,18634
361996141,18622
362003756,18617
362011622,18624
362019266,18622
362027159,18624
362034074,18621
362041654,18630
362049495,18622
362057078,18624
362064953,18626
362072591,18619
362080406,18626
362088038,18626
362095945,18624
362103564,18624
362111447,18628
362118335,18618
362125930,18622
362133779,18620
362141440,18624
362149272,18626
362156865,18622
362164741,18625
362172333,18623
362180202,18622
362187793,18623
362196240,18625
362203829,18626
362211698,18626
362218584,18624
362226190,18622
362240966,18643
362248609,18648
362256429,18649
362264021,18650
362271829,18647
362279464,18644
362287274,18651
362294851,18648
362302690,18646
362310296,18658
362318171,18656
362325761,18658
362333582,18653
362341158,18656
362349023,18658
362356617,18671
362364466,18676
362372103,18678
362379973,18679
362387617,18682
362394482,18680
362402918,18678
362410579,18679
362418412,18682
362426026,18670
362433885,18680
362441515,18681
362449383,18684
362456270,18686
362463914,18687
362471765,18682
362478612,18707
362486259,18712
362494139,18712
362501697,18713
362509525,18709
362517142,18707
362524996,18716
362532566,18718
362540329,18714
362547939,18714
362555781,18714
362563443,18720
362571262,18720
362578886,18721
362586736,18717
362601129,18628
362609016,18632
362617276,18623
362625157,18628
362632749,18628
362640608,18627
362648228,18625
362656085,18619
362663644,18623
362671493,18622
362679147,18626
362686990,18621
362693899,18623
362701548,18623
362709375,18617
362716990,18613
362724832,18610
362732475,18614
362740253,18616
362747827,18613
362755656,18619
362763255,18613
362771110,18613
362778734,18621
362786543,18613
362794157,18618
362802002,18610
362809626,18618
362817500,18615
362825751,18614
362840495,18610
362848112,18614
362855992,18617
362863571,18619
362877942,18614
362885615,18618
362893486,18613
362901129,18621
362909004,18618
362916597,18620
362924380,18621
362931942,18621
362939814,18613
362953574,18640
362961237,18639
362969125,18644
362976672,18648
362984509,18645
362992098,18645
362999892,18649
363007520,18649
363015364,18648
363023001,18650
363030841,18645
363039136,18646
363047016,18648
363054611,18654
363062490,18654
363069295,18675
363076877,18668
363084745,18678
363092398,18672
363100236,18675
363107077,18676
363114654,18678
363122495,18675
363130112,18681
363137907,18683
363145555,18679
363153338,18682
363160942,18682
363168777,18683
363176467,18683
363184328,18687
363191967,18712
363199805,18712
363207435,18709
363215260,18710
363222820,18717
363230709,18714
363238313,18721
363245782,18718
363253632,18713
363261242,18723
363269084,18721
363276622,18721
363284470,18722
363291336,18719
363298981,18722
363306859,18721
363314520,18671
363322281,18671
363329877,18665
363337732,18670
363345398,18668
363353257,18663
363360874,18666
363368713,18665
363376349,18663
363384202,18657
363391749,18659
363399589,18658
363407185,18652
363415083,18652
363422678,18659
363436443,18645
363444259,18645
363451855,18643
363460337,18648
363467203,18646
363474769,18646
363482585,18646
363490223,18643
363498079,18644
363505668,18640
363513527,18645
363521167,18649
363529009,18646
363536617,18646
363544455,18647
363552090,18657
363559968,18657
363567589,18654
363575408,18654
363583046,18660
363590897,18657
363598510,18658
363606422,18649
363614061,18652
363621922,18658
363629554,18655
363637289,18659
363644894,18654
363651772,18661
363659598,18656
363667891,18659
363675791,18683
363683441,18681
363691250,18679
363698854,18677
363705706,18682
363713563,18683
363721133,18686
363729000,18680
363736636,18683
363744443,18679
363752066,18684
363759907,18687
363767571,18682
363775383,18685
363783021,18685
363789880,18714
363797710,18710
363805301,18711
363813173,18710
363820742,18717
363828558,18717
363836195,18720
363844090,18719
363851667,18723
363859508,18727
363867104,18719
363875584,18719
363883180,18717
363891027,18722
363898621,18720
363906458,18723
363914004,18750
363921816,18744
363929455,18745
363937277,18752
363944902,18749
363952772,18756
363960386,18752
363968282,18759
363975869,18753
363983726,18748
363991349,18757
363999203,18757
364006001,18759
364013623,18759
364021427,18763
364035153,18747
364042697,18752
364050517,18743
364058158,18738
364066017,18743
364073604,18738
364081420,18730
364089634,18734
364097454,18733
364105097,18726
364119548,18731
364127442,18730
364135134,18726
364143026,18703
364150676,18706
364158527,18707
364166138,18709
364174014,18706
364181624,18709
364189436,18706
364197018,18706
364204836,18703
364211690,18708
364219270,18706
364227164,18707
364234721,18704
364241628,18702
364249501,18707
364257111,18702
364264938,18716
364272561,18714
364280399,18711
364288000,18713
364295848,18715
364304139,18712
364312030,18712
364319668,18710
364327494,18712
364335084,18711
364342923,18707
364350590,18714
364357421,18708
364365257,18708
364372839,18713
364380699,18714
364387585,18728
364395176,18730
364403022,18726
364410607,18731
364418432,18725
364426057,18733
364433895,18735
364441561,18730
364449358,18737
364456960,18727
364464779,18729
364472419,18731
364480314,18732
364487941,18736
364495789,18737
364502691,18739
364510938,18759
364518804,18762
364526459,18761
364534278,18769
364541909,18762
364548811,18764
364556678,18763
364564276,18762
364572160,18764
364579754,18774
364587567,18770
364595200,18770
364603036,18770
364610651,18767
364618458,18765
364632994,18785
364640806,18791
364648418,18789
364656249,18794
364663801,18794
364671694,18797
364679306,18797
364687221,18796
364694819,18792
364702682,18804
364710301,18801
364718183,18800
364725762,18801
364733590,18802
364741235,18801
364749120,18810
364756700,18803
364764522,18803
364772165,18791
364780005,18802
364787592,18800
364795492,18790
364803129,18783
364811012,18787
364818661,18786
364826504,18785
364833385,18783
364841018,18781
364848834,18780
364856480,18773
364863314,18776
364871214,18758
364878794,18752
364886619,18756
364894235,18750
364902125,18749
364909682,18754
364917483,18753
364925621,18755
364933488,18749
364941133,18750
364948995,18756
364956630,18742
364964444,18746
364972074,18749
364979914,18746
364994413,18752
365002300,18752
365009935,18748
365017792,18751
365025420,18758
365032334,18751
365040198,18750
365047816,18748
365055669,18750
365063298,18748
365071177,18748
365078779,18750
365086621,18750
365094240,18758
365102158,18747
365109732,18760
365117573,18763
365125189,18765
365133047,18763
365141289,18766
365148180,18762
365156075,18766
365163665,18765
365171492,18760
365179114,18764
365186944,18761
365193846,18761
365201489,18767
365209299,18765
365216913,18768
365230644,18793
365238486,18787
365246082,18791
365253882,18783
365261546,18790
365268395,18797
365276233,18789
365283850,18794
365291631,18787
365298535,18793
365306146,18792
365313016,18799
365320880,18799
365328551,18795
365336363,18790
365350773,18808
365365280,18814
365372886,18810
365380850,18813
365388507,18815
365396309,18818
365403885,18815
365411757,18818
365419400,18817
365426296,18818
365434173,18823
365441766,18823
365449615,18821
365464085,18848
365471904,18849
365479549,18847
365487404,18847
365495023,18847
365502882,18849
365510537,18851
365518338,18845
365525933,18847
365533780,18848
365541430,18847
365549316,18848
365556927,18843
365565325,18839
365579084,18786
365586671,18783
365594503,18778
365602111,18777
365609996,18777
365617642,18779
365625505,18781
365633133,18784
365641015,18777
365648638,18785
365656459,18784
365664119,18778
365671954,18780
365679609,18776
365687445,18775
365695043,18767
365702884,18767
365710561,18774
365718367,18773
365725948,18768
365733807,18769
365741389,18764
365748290,18766
365756149,18774
365763704,18771
365771517,18769
365779742,18769
365786581,18768
365794370,18769
365801960,18773
365809813,18769
365817442,18771
365825300,18769
365832885,18759
365840732,18770
365848368,18769
365856234,18771
365863857,18770
365871692,18770
365879337,18766
365887228,18766
365894820,18765
365902680,18770
365910287,18772
365918141,18774
365925713,18773
365939756,18787
365947338,18784
365955204,18789
365962850,18792
365970730,18783
365978392,18793
365985915,18795
365993751,18784
366001331,18793
366009268,18788
366016882,18794
366024746,18793
366032348,18791
366040246,18786
366047863,18791
366055701,18808
366063315,18806
366071214,18811
366078849,18804
366086704,18806
366094291,18813
366102166,18804
366109759,18807
366117598,18809
366125209,18815
366133057,18810
366140674,18807
366146835,18813
366154482,18822
366162291,18819
366169873,18809
366177748,18830
366185341,18830
366193866,18829
366201511,18832
366209316,18832
366216938,18835
366223813,18835
366231717,18831
366239320,18835
366247243,18834
366254848,18832
366262659,18832
366270280,18836
366278135,18838
366285701,18837
366299766,18782
366307443,18791
366315275,18776
366322837,18776
366330691,18778
366338283,18776
366345183,18774
366353026,18774
366360663,18774
366368517,18770
366376139,18766
366383953,18759
366390828,18766
366398442,18757
366406952,18762
366420701,18735
366428313,18737
366436203,18734
366443784,18734
366451577,18734
366459213,18739
366467075,18733
366474656,18735
366482508,18738
366490173,18733
366498020,18729
366505703,18729
366513493,18733
366521083,18737
366528926,18729
366535835,18718
366543470,18722
366551337,18722
366558960,18716
366566809,18717
366574449,18717
366582264,18716
366589893,18715
366597734,18724
366612290,18715
366620602,18720
366627484,18715
366635335,18717
366643006,18718
366649898,18718
366657796,18722
366665454,18723
366673347,18721
366680971,18728
366688830,18723
366696485,18720
366703339,18729
366711224,18726
366718807,18730
366726659,18722
366734271,18726
366742154,18727
366749756,18726
366757636,18726
366772136,18749
366779958,18741
366787564,18733
366795346,18747
366802934,18735
366810769,18744
366818360,18746
366826246,18742
366834558,18739
366842371,18744
366849978,18749
366857814,18746
366864664,18747
366872288,18746
366880147,18751
366887789,18761
366895643,18760
366903271,18761
366911149,18762
366918753,18761
366926637,18758
366934263,18764
366941184,18762
366949074,18764
366956652,18763
366964461,18763
366972096,18763
366979945,18765
366987573,18770
366995336,18766
367002896,18766
367009762,18762
367017620,18762
367025248,18760
367033145,18756
367041425,18751
367049268,18746
367056838,18750
367064682,18737
367072336,18741
367080232,18736
367087829,18736
367095722,18729
367103363,18729
367110277,18723
367118108,18721
367132566,18679
367140338,18679
367147953,18672
367155778,18673
367163448,18667
367171322,18672
367178963,18675
367186787,18670
367194384,18669
367202240,18668
367209853,18669
367217694,18665
367225329,18668
367232243,18663
367240158,18669
367248347,18664
367256230,18668
367263768,18659
367271591,18663
367279252,18660
367287120,18664
367294739,18663
367302595,18658
367310186,18659
367318081,18652
367325697,18659
367333495,18656
367341159,18660
367348064,18654
367355872,18653
367363523,18660
367370391,18660
367378296,18650
367385888,18663
367393691,18658
367401294,18657
367409140,18658
367416762,18653
367424630,18654
367432236,18659
367440109,18663
367447677,18663
367455487,18662
367462945,18657
367470603,18669
367478399,18661
367486044,18656
367493879,18681
367501508,18677
367509343,18679
367516935,18683
367524833,18678
367532412,18681
367539319,18683
367547166,18681
367554762,18685
367562614,18678
367570267,18679
367578132,18683
367585693,18679
367593508,18692
367601178,18690
367609089,18700
367616647,18705
367624456,18702
367632085,18703
367639941,18705
367647569,18703
367655359,18705
367662984,18704
367671375,18707
367679004,18710
367686856,18700
367694538,18701
367701375,18703
367709247,18704
367716873,18710
367730933,18722
367738607,18721
367746489,18716
367754118,18718
367761925,18714
367769584,18711
367777357,18708
367784975,18700
367792851,18702
367800471,18696
367808294,18695
367815886,18693
367823765,18683
367831398,18680
367839259,18679
367853678,18614
367861342,18612
367869296,18611
367876922,18611
367885359,18610
367892971,18609
367900824,18608
367908488,18609
367916316,18605
367923942,18606
367931741,18603
367939370,18603
367947292,18602
367954866,18606
367968955,18601
367976585,18600
367984439,18599
367992059,18603
367999923,18601
368007581,18597
368015419,18600
368023039,18598
368030893,18594
368038537,18598
368046345,18600
368053927,18603
368061742,18598
368069361,18603
368077231,18601
368084084,18597
368092308,18604
368100161,18593
368107737,18599
368115563,18598
368123191,18594
368131080,18602
368137956,18599
368145588,18597
368153367,18601
368160960,18608
368168791,18607
368176354,18604
368184229,18610
368191772,18603
368206470,18620
368214116,18624
368221929,18627
368229593,18629
368237414,18626
368244967,18628
368252830,18632
368260439,18632
368268278,18618
368275812,18630
368283614,18636
368291233,18636
368299005,18635
368306637,18638
368314480,18634
368322083,18662
368329949,18659
368337619,18656
368345462,18662
368353070,18663
368360906,18659
368368550,18661
368376371,18663
368383979,18668
368391824,18665
368399478,18664
368407317,18663
368414895,18667
368422750,18665
368430356,18671
368444460,18693
368452073,18697
368459889,18692
368467541,18699
368475359,18690
368482985,18694
368490877,18692
368498522,18695
368506900,18684
368514549,18688
368522393,18687
368530008,18683
368536873,18683
368544736,18675
368552347,18677
368560290,18593
368567914,18595
368575726,18593
368583341,18596
368591204,18589
368598742,18594
368606584,18599
368614217,18590
368621100,18589
368628899,18587
368636554,18592
368644381,18593
368651996,18590
368659841,18589
368667481,18589
368675409,18587
368682286,18586
368689867,18588
368697709,18592
368705328,18586
368713213,18588
368721515,18593
368729363,18585
368736981,18588
368744851,18590
368752482,18590
368760377,18584
368767986,18591
368774861,18590
368782673,18593
368790296,18595
368798165,18598
368805079,18593
368812731,18592
368820587,18594
368828214,18598
368836121,18591
368843725,18593
368851532,18595
368859122,18597
368866977,18600
368874663,18602
368882500,18600
368890114,18604
368897966,18598
368905609,18599
368913391,18609
368928523,18630
368936330,18627
368943961,18636
368951793,18632
368959421,18630
368967285,18633
368974856,18630
368981727,18637
368989535,18635
368997136,18640
369004992,18635
369012620,18639
369020418,18645
369028035,18640
369035922,18645
369043603,18670
369051424,18660
369059058,18668
369066888,18670
369074524,18668
369082340,18667
369089955,18666
369104473,18667
369112379,18673
369120022,18675
369127951,18671
369135641,18673
369144263,18679
369151861,18676
369165006,18703
369172905,18704
369180608,18703
369188407,18707
369195990,18709
369203838,18710
369211436,18705
369218320,18703
369226194,18707
369233780,18708
369241608,18710
369249224,18712
369257116,18709
369264700,18714
369272489,18715
369280071,18648
369287923,18653
369295605,18644
369303456,18644
369311171,18641
369319052,18638
369326734,18642
369333643,18641
369341546,18638
369349828,18637
369357763,18631
369365408,18637
369372298,18633
369380186,18629
369387861,18632
369402641,18621
369410322,18622
369418208,18618
369425820,18628
369433643,18630
369441253,18627
369449116,18621
369456717,18626
369464566,18621
369472196,18621
369480090,18621
369487686,18625
369495516,18622
369503194,18627
369511084,18629
369518694,18628
369526484,18627
369534105,18630
369541934,18629
369549600,18636
369557396,18626
369565665,18630
369572506,18634
369580397,18633
369587993,18635
369595805,18637
369603405,18635
369610305,18639
369618202,18635
369625848,18637
369640524,18652
369647366,18654
369654967,18655
369662814,18654
369670423,18654
369678252,18652
369685823,18657
369692675,18656
369700556,18660
369708190,18663
369716058,18663
369723716,18669
369730564,18667
369738414,18668
369746018,18668
369760094,18697
369766979,18696
369775300,18697
369783193,18693
369790809,18695
369798629,18698
369806258,18694
369814198,18698
369821810,18697
369829705,18700
369837376,18696
369845286,18694
369852852,18705
369860686,18708
369868320,18706
369875210,18729
369883080,18737
369890707,18735
369898535,18732
369906166,18735
369913963,18738
369921613,18741
369929431,18736
369937026,18737
369944948,18737
369952638,18739
369960475,18739
369967344,18743
369974963,18745
369983326,18748
369990915,18747
369998733,18764
370005654,18763
370013285,18765
370021196,18759
370028760,18755
370036586,18751
370044179,18752
370052009,18751
370059624,18745
370067414,18750
370075030,18737
370082901,18736
370090516,18729
370098386,18729
370106024,18731
370120681,18691
370128297,18698
370136203,18694
370143831,18695
370151705,18692
370159323,18689
370167233,18698
370174080,18693
370181713,18695
370189498,18690
370197772,18690
370205633,18692
370213215,18695
370221083,18691
370228740,18687
370236525,18697
370244167,18699
370251990,18697
370259641,18697
370267478,18703
370275049,18701
370282907,18699
370290554,18698
370298351,18705
370305907,18703
370313760,18706
370321338,18704
370328217,18700
370342685,18703
370356648,18716
370364505,18709
370372109,18715
370379955,18707
370387596,18714
370395461,18706
370403037,18715
370410537,18712
370418386,18715
370425992,18713
370433871,18716
370441571,18719
370449360,18715
370456963,18720
370464840,18716
370472476,18750
370480322,18754
370487181,18743
370494793,18747
370502633,18752
370510289,18753
370518119,18756
370525734,18753
370533561,18755
370541211,18752
370549119,18748
370556738,18747
370564580,18755
370572237,18753
370580135,18758
370587745,18755
370595583,18789
370603199,18791
370611031,18781
370619303,18784
370627203,18788
370634787,18791
370642627,18784
370649494,18791
370657115,18792
370664943,18792
370672605,18792
370679466,18788
370687296,18787
370694968,18788
370702847,18792
370709713,18792
370717385,18814
370725255,18793
370732826,18817
370740712,18827
370748381,18825
370756267,18820
370763808,18827
370771639,18823
370779273,18827
370787150,18825
370794745,18833
370802563,18833
370810177,18829
370818016,18834
370826314,18832
370841153,18774
370848787,18775
370856632,18776
370864307,18771
370872159,18775
370879772,18771
370886620,18773
370894441,18771
370902101,18776
370909942,18769
370917565,18772
370925361,18769
370933038,18765
370940874,18779
370948546,18772
370956312,18776
370963877,18771
370970783,18768
370978632,18770
370986219,18768
370994080,18772
371001729,18773
371009582,18771
371017236,18773
371025082,18777
371032730,18778
371040217,18770
371048103,18778
371055706,18777
371063549,18775
371070388,18777
371078017,18777
371085850,18773
371092728,18775
371100411,18771
371108283,18775
371115877,18774
371123697,18771
371131303,18774
371139180,18779
371146748,18771
371154653,18778
371162290,18772
371170156,18771
371177779,18776
371185572,18778
371193184,18793
371200975,18794
371208632,18795
371216446,18799
371224072,18803
371231905,18800
371239554,18799
371248062,18796
371255705,18803
371263477,18800
371271149,18801
371278026,18797
371285907,18799
371293506,18802
371301396,18805
371308978,18813
371316817,18825
371324432,18827
371332284,18829
371339901,18830
371347804,18829
371355421,18828
371363296,18827
371370201,18829
371377821,18828
371385613,18827
371393230,18828
371401038,18828
371408695,18829
371416558,18832
371424157,18827
371431986,18852
371439671,18855
371447480,18856
371455636,18854
371463517,18858
371471161,18859
371479035,18857
371485921,18856
371493562,18860
371501395,18858
371508968,18856
371515860,18860
371523672,18865
371531309,18861
371539209,18868
371546780,18865
371554625,18803
371562248,18805
371570133,18808
371577749,18808
371592205,18803
371600132,18804
371607786,18806
371615592,18797
371623205,18800
371630074,18801
371637963,18800
371645648,18802
371653463,18800
371661077,18795
371675477,18782
371683348,18774
371690211,18776
371697771,18775
371705621,18772
371713230,18776
371721107,18767
371728716,18771
371736470,18780
371744144,18779
371751962,18774
371759652,18776
371767511,18778
371775109,18776
371782958,18772
371790554,18770
371798391,18762
371806013,18766
371813873,18760
371821467,18761
371829308,18760
371836924,18766
371843812,18764
371851676,18763
371859290,18765
371867164,18759
371874828,18765
371883321,18763
371890947,18759
371898818,18768
371905705,18762
371913309,18771
371921203,18771
371928760,18768
371936622,18772
371944239,18767
371952092,18777
371959752,18776
371967540,18775
371975189,18775
371982989,18772
371989893,18772
371997556,18781
372005389,18774
372013016,18777
372020879,18772
372035414,18789
372043298,18791
372050858,18786
372058686,18794
372066313,18795
372074219,18794
372081837,18792
372089668,18792
372097817,18796
372105712,18794
372113323,18796
372121218,18797
372128796,18795
372136669,18795
372143563,18793
372151213,18813
372159027,18819
372166638,18817
372173563,18810
372181372,18808
372188949,18807
372196765,18818
372204390,18816
372212297,18819
372219890,18817
372226737,18813
372234586,18817
372242215,18820
372250042,18822
372257675,18825
372264560,18822
372272397,18760
372280008,18763
372287846,18758
372294713,18761
372302928,18755
372310816,18759
372318403,18754
372326294,18749
372333848,18749
372341714,18752
372349347,18749
372357221,18750
372364825,18746
372372697,18745
372379555,18739
372387163,18747
372395023,18707
372402704,18705
372410468,18704
372418085,18703
372425960,18703
372433664,18704
372441465,18705
372448324,18701
372455932,18704
372463745,18698
372471369,18704
372479227,18699
372486838,18700
372494690,18698
372502373,18698
372517790,18686
372525621,18684
372533232,18689
372541057,18685
372548703,18685
372556541,18682
372564138,18684
372571974,18687
372579597,18683
372586401,18683
372594245,18686
372601849,18685
372609658,18682
372617307,18686
372625142,18683
372632737,18693
372640519,18699
372648154,18696
372655983,18694
372663621,18697
372671407,18701
372679040,18695
372686942,18694
372694559,18700
372702422,18701
372710019,18696
372717901,18699
372726127,18699
372733968,18694
372740851,18699
372748454,18700
372756325,18712
372763964,18716
372771833,18718
372779419,18720
372787315,18719
372794867,18720
372802702,18717
372810289,18721
372818212,18719
372825059,18724
372839333,18720
372847269,18718
372854118,18722
372861735,18720
372869592,18735
372877250,18739
372885142,18741
372892766,18744
372900585,18743
372908242,18748
372916108,18741
372922946,18742
372930586,18742
372939060,18746
372946745,18744
372954586,18750
372962232,18746
372970118,18743
372977687,18748
372992361,18724
372999956,18726
373007810,18721
373015409,18718
373023316,18711
373030894,18713
373038759,18706
373046404,18709
373054284,18707
373061094,18705
373068736,18696
373076574,18696
373084176,18693
373092005,18691
373099677,18694
373107542,18644
373115156,18641
373123007,18640
373130648,18644
373137563,18641
373145421,18644
373153666,18635
373161509,18639
373169150,18636
373177008,18636
373184682,18634
373192513,18642
373200137,18638
373207978,18634
373214895,18634
373222479,18640
373230347,18628
373237923,18630
373245742,18630
373253327,18625
373261221,18623
373268794,18623
373276614,18625
373284242,18625
373292063,18627
373298963,18629
373306601,18620
373314381,18626
373321947,18623
373329814,18627
373337450,18614
373352233,18634
373360471,18633
373368352,18632
373375957,18636
373383793,18633
373391383,18637
373399302,18631
373406885,18638
373414782,18635
373422401,18632
373430271,18631
373437825,18635
373445663,18631
373453278,18636
373461113,18633
373468741,18656
373476570,18659
373484200,18657
373492009,18658
373499657,18649
373507457,18659
373515076,18663
373521930,18665
373529757,18665
373536604,18660
373544245,18661
373552139,18661
373559786,18666
373568269,18668
373575821,18666
373583634,18662
373591243,18685
373599063,18679
373606724,18687
373614613,18683
373621455,18686
373629066,18685
373636903,18685
373644492,18683
373652327,18692
373659898,18691
373667736,18692
373675372,18688
373683255,18688
373690879,18691
373698750,18690
373713174,18713
373721033,18711
373728678,18702
373736537,18705
373743395,18699
373750973,18697
373758810,18693
373766429,18688
373774303,18690
373782611,18683
373790369,18682
373798003,18678
373805853,18673
373813547,18675
373821387,18669
373828970,18618
373836810,18616
373844401,18612
373852246,18613
373859121,18612
373866763,18615
373874623,18612
373882239,18612
373890061,18612
373896963,18613
373904596,18609
373912444,18613
373920046,18607
373927888,18612
373934757,18614
373942393,18613
373950244,18615
373957837,18615
373965670,18611
373973277,18613
373980127,18613
373988590,18610
373996191,18609
374003054,18610
374010920,18609
374018556,18613
374026450,18611
374034039,18610
374041888,18611
374049455,18610
374056366,18611
374064185,18604
374078642,18619
374086299,18617
374093249,18620
374101153,18624
374108766,18622
374115608,18621
374123465,18619
374131069,18621
374138912,18620
374146634,18625
374154478,18625
374162102,18623
374169008,18622
374176875,18629
374184489,18625
374192391,18647
374199978,18652
374208432,18649
374216017,18648
374223849,18651
374231432,18653
374239371,18653
374246999,18652
374253864,18652
374261701,18651
374269345,18653
374277255,18653
374284826,18661
374292652,18660
374300273,18656
374314998,18682
374322638,18681
374330413,18676
374337307,18677
374344870,18685
374352703,18682
374360335,18682
374368222,18680
374375825,18684
374383661,18685
374391271,18689
374399133,18684
374406802,18680
374415246,18692
374422848,18696
374430721,18707
374438336,18704
374446224,18707
374453059,18709
374460716,18703
374468609,18706
374476223,18710
374484062,18707
374491661,18705
374499457,18697
374507093,18702
374514922,18700
374522550,18694
374529461,18690
374537327,18691
374544933,18684
374552768,18634
374560388,18631
374568230,18632
374575827,18630
374583664,18634
374591282,18631
374598170,18627
374606078,18633
374613705,18635
374621525,18628
374629786,18627
374637643,18634
374645234,18629
374653078,18650
374660680,18630
374675341,18639
374682937,18636
374690809,18636
374698423,18631
374706284,18630
374713875,18635
374721725,18632
374729364,18638
374737290,18636
374744925,18636
374752804,18639
374760466,18638
374767377,18639
374775257,18632
374782923,18638
374790742,18641
374798354,18637
374806239,18643
374813893,18645
374821716,18645
374829346,18641
374836792,18644
374844583,18647
374851416,18643
374859045,18650
374866889,18648
374874495,18650
374882336,18647
374889891,18650
374897743,18647
374905361,18648
374913193,18674
374920787,18677
374928638,18670
374936270,18676
374944081,18676
374951708,18678
374959535,18681
374967205,18680
374975002,18678
374982604,18678
374990419,18677
374998052,18687
375005916,18685
375013567,18681
375021426,18680
375035921,18702
375044362,18707
375051946,18711
375058802,18710
375066636,18711
375074259,18707
375082081,18711
375088956,18707
375096572,18706
375104424,18712
375112001,18716
375119847,18710
375127498,18712
375135373,18712
375142956,18715
375150802,18740
375158456,18736
375166339,18741
375173911,18739
375181729,18744
375189378,18742
375196279,18741
375204165,18736
375211817,18741
375219625,18741
375227257,18733
375235159,18740
375242798,18731
375249679,18736
375258233,18730
375265827,18726
375273664,18677
375281270,18680
375289149,18678
375296802,18680
375304629,18672
375312246,18672
375325708,18668
375333600,18674
375341225,18678
375349099,18673
375356757,18669
375363640,18673
375371539,18670
375379192,18677
375393897,18670
375401524,18673
375409411,18670
375417033,18666
375424880,18670
375432587,18673
375440497,18673
375448095,18673
375455902,18674
375463496,18668
375472042,18672
375479712,18669
375487580,18670
375495209,18673
375509900,18678
375517481,18677
375525354,18678
375532949,18674
375540845,18679
375548423,18675
375555313,18683
375563260,18681
375570867,18679
375578709,18679
375586337,18680
375594214,18677
375601774,18681
375609618,18684
375617222,18686
375625034,18706
375632692,18707
375640481,18709
375648085,18711
375655945,18708
375663607,18714
375671404,18709
375679579,18713
375686497,18715
375694396,18714
375701994,18719
375709809,18719
375717419,18717
375724310,18715
375732175,18716
375739816,18723
375747657,18746
375755264,18741
375763176,18748
375770818,18746
375778609,18750
375786221,18751
375793079,18750
375800917,18749
375808580,18752
375816418,18756
375823983,18748
375831827,18753
375839442,18752
375847307,18757
375854859,18755
375862724,18753
375870350,18780
375878217,18782
375885802,18787
375894286,18784
375901872,18789
375909694,18787
375917309,18782
375924142,18789
375932046,18784
375939681,18791
375947467,18787
375955040,18785
375962879,18790
375970498,18784
375978364,18792
375992809,18740
376000625,18740
376008236,18735
376016084,18739
376023731,18736
376031564,18737
376039179,18735
376047075,18743
376054698,18741
376062487,18732
376070089,18734
376077955,18735
376084782,18733
376092392,18739
376100943,18734
376108572,18726
376116449,18723
376124044,18731
376131881,18726
376139532,18727
376146475,18726
376153436,18733
376160335,18728
376168277,18726
376175858,18730
376183699,18722
376191324,18730
376199190,18732
376206819,18735
376214640,18724
376222246,18729
376230139,18737
376237778,18733
376245581,18728
376253205,18735
376261024,18737
376267911,18729
376274773,18733
376281659,18732
376289299,18732
376297165,18732
376304805,18734
376313261,18735
376320843,18737
376328738,18733
376336355,18735
376344234,18736
376351803,18755
376359591,18756
376367254,18759
376375057,18762
376382688,18763
376389503,18760
376396410,18768
376404288,18765
376411904,18766
376419726,18764
376427359,18765
376435257,18761
376442878,18761
376450653,18760
376458281,18769
376466101,18765
376473763,18787
376481598,18782
376489289,18788
376497194,18791
376504836,18785
376512636,18789
376520790,18789
376528658,18793
376536303,18787
376544160,18795
376551809,18797
376566252,18792
376574187,18799
376581836,18796
376589688,18816
376597307,18819
376605192,18818
376612824,18820
376620656,18824
376626549,18819
376633443,18821
376641341,18825
376648907,18826
376656718,18822
376664331,18830
376672177,18826
376679796,18826
376686625,18827
376694462,18826
376702110,18830
376716835,18820
376724446,18831
376732291,18834
376740551,18827
376746785,18823
376754614,18821
376762255,18816
376770064,18815
376777715,18809
376785494,18804
376793106,18801
376800962,18805
376808649,18798
376816422,18806
376824029,18798
376831907,18779
376839501,18777
376847360,18774
376854939,18779
376861811,18770
376869579,18776
376877187,18770
376885024,18774
376892654,18777
376900486,18770
376908110,18766
376915964,18773
376923595,18772
376931460,18768
376939049,18774
376954367,18773
376961982,18769
376969882,18761
376977495,18764
376985375,18769
376992211,18759
376999864,18772
377007665,18763
377015275,18762
377023192,18766
377030818,18765
377038682,18761
377046300,18763
377054200,18762
377061790,18759
377069562,18766
377077241,18760
377085088,18775
377092726,18766
377100560,18769
377107451,18769
377115024,18770
377122879,18764
377130479,18774
377138366,18777
377145959,18773
377153811,18768
377162007,18765
377169869,18773
377177478,18774
377185384,18773
377192955,18790
377200824,18789
377208438,18794
377216349,18791
377223192,18796
377230063,18791
377237721,18792
377245484,18797
377253087,18797
377260939,18791
377268580,18796
377276445,18794
377284051,18799
377291944,18794
377299631,18802
377307473,18800
377315085,18815
377322886,18816
377330508,18809
377338401,18812
377346028,18813
377353873,18817
377361548,18818
377370067,18817
377377736,18823
377385523,18815
377393204,18822
377401061,18816
377407988,18819
377415597,18816
377423424,18820
377437885,18840
377445676,18841
377453290,18843
377461100,18846
377467974,18842
377475671,18848
377483530,18841
377491133,18848
377498997,18843
377506633,18849
377514440,18847
377522012,18845
377529810,18845
377537474,18851
377545394,18858
377552987,18790
377560856,18790
377568488,18789
377577062,18790
377583995,18783
377591643,18784
377599432,18778
377607036,18781
377614891,18777
377622476,18771
377630393,18776
377637978,18770
377644846,18765
377652662,18772
377660236,18770
377668063,18766
377675711,18751
377683542,18748
377691144,18750
377699051,18747
377706664,18749
377714458,18739
377722021,18748
377729877,18747
377737512,18745
377745377,18747
377752974,18754
377760834,18752
377768444,18750
377776296,18745
377784522,18745
377799302,18731
377813579,18734
377819751,18738
377827688,18738
377835327,18733
377843218,18726
377850877,18735
377858757,18733
377866402,18731
377874301,18731
377881268,18729
377888875,18734
377896708,18722
377904331,18731
377912183,18731
377919809,18733
377927698,18738
377935332,18736
377943139,18736
377950794,18735
377958586,18738
377966198,18740
377974038,18738
377981642,18733
377989477,18742
377997071,18737
378005496,18743
378013127,18737
378020984,18739
378035501,18755
378043362,18755
378051007,18757
378057880,18756
378065720,18759
378073357,18757
378081256,18756
378088838,18757
378096647,18758
378104331,18758
378112168,18763
378119796,18759
378127575,18765
378135138,18767
378149921,18775
378157502,18777
378165442,18776
378173051,18774
378180885,18778
378188487,18784
378195406,18785
378203256,18784
378211475,18782
378219417,18778
378227017,18784
378234851,18786
378241697,18778
378249334,18781
378257220,18781
378264817,18771
378272663,18774
378280264,18761
378288076,18761
378295764,18755
378303627,18755
378311244,18749
378319068,18744
378326743,18744
378334528,18737
378342198,18735
378350001,18732
378357668,18730
378365486,18722
378373128,18721
378381032,18721
378388682,18676
378396506,18679
378404136,18681
378411991,18685
378418198,18684
378426445,18674
378434361,18678
378441902,18669
378449760,18675
378457360,18680
378465214,18672
378472847,18675
378479751,18673
378487599,18674
378495249,18674
378503111,18673
378510777,18666
378518638,18673
378526260,18659
378534115,18657
378541772,18661
378549606,18667
378557241,18662
378565099,18658
378572741,18658
378580522,18655
378588076,18659
378595940,18659
378603582,18659
378611417,18654
378619005,18657
378634422,18663
378642307,18660
378649882,18658
378655970,18655
378663820,18660
378671436,18663
378679310,18665
378686908,18660
378694737,18664
378702342,18660
378710198,18670
378717826,18659
378725644,18658
378733245,18662
378741145,18669
378748808,18682
378756618,18683
378764252,18684
378772071,18688
378779727,18684
378787527,18686
378795091,18687
378801945,18693
378809769,18690
378817390,18686
378825316,18689
378832978,18691
378840809,18695
378848380,18695
378856226,18690
378863816,18691
378871622,18708
378879264,18711
378887136,18706
378894070,18711
378901743,18715
378909538,18713
378917110,18718
378923936,18720
378931780,18711
378939391,18716
378947253,18712
378954849,18713
378962643,18717
378970273,18716
378978069,18714
378992622,18735
379000469,18728
379008090,18723
379015952,18724
379023579,18717
379031431,18721
379038990,18712
379047423,18705
379061745,18702
379069619,18703
379076486,18692
379084080,18726
379091919,18685
379099550,18684
379107401,18610
379114957,18614
379122804,18617
379129647,18617
379136564,18615
379144155,18615
379152035,18617
379158901,18613
379166515,18614
379174445,18612
379182025,18616
379189865,18610
379196713,18610
379204350,18609
379212206,18610
379219830,18606
379227690,18606
379235309,18604
379243231,18607
379250065,18608
379256937,18598
379265123,18603
379273046,18612
379279962,18607
379287609,18604
379295481,18608
379303072,18602
379310933,18601
379318526,18607
379326427,18600
379334032,18599
379341936,18597
379349553,18601
379357398,18606
379364292,18607
379371898,18607
379379767,18605
379387360,18601
379395222,18610
379402814,18607
379410575,18611
379418188,18615
379426055,18614
379433688,18615
379441484,18610
379449075,18609
379456898,18619
379464485,18619
379472385,18636
379480701,18635
379488511,18635
379495360,18640
379502975,18639
379510814,18634
379518415,18642
379526278,18643
379533915,18640
379541806,18644
379549420,18637
379556275,18642
379564128,18651
379571735,18643
379579518,18647
379587100,18645
379594982,18667
379602621,18676
379610491,18676
379618100,18674
379625952,18671
379633594,18672
379640491,18671
379648388,18670
379655912,18675
379663715,18678
379671323,18671
379679147,18673
379687435,18676
379695331,18680
379702942,18675
379717605,18704
379724426,18706
379731986,18708
379739795,18703
379747420,18704
379755253,18708
379762107,18713
379769763,18702
379777565,18708
379785164,18709
379792990,18705
379800580,18710
379808454,18708
379816042,18708
379823940,18714
379831568,18619
379839416,18623
379846999,18615
379853857,18619
379861679,18613
379869298,18607
379877132,18620
379884788,18611
379892622,18612
379900862,18613
379908679,18610
379916346,18610
379924203,18612
379931817,18610
379939624,18604
379947242,18603
379955080,18602
379962722,18601
379970526,18601
379978083,18595
379985911,18604
379993506,18600
380000392,18604
380008279,18599
380015858,18598
380023645,18604
380031266,18605
380039107,18601
380046780,18609
380054608,18600
380062259,18606
380077001,18596
380084581,18598
380092445,18596
380100046,18604
380108500,18601
380116064,18604
380123885,18603
380131516,18602
380139396,18606
380146994,18609
380154835,18606
380162457,18606
380170338,18603
380177889,18610
380185747,18608
380193330,18628
380200221,18638
380208090,18628
380214999,18632
380222651,18628
380230508,18634
380238125,18633
380245947,18633
380253516,18632
380261417,18636
380268976,18640
380276841,18633
380284447,18628
380298955,18643
380313732,18669
380321940,18667
380328785,18665
380336651,18663
380344313,18670
380352147,18675
380359793,18670
380367657,18672
380375270,18673
380383073,18673
380390702,18680
380397571,18675
380405481,18678
380413123,18676
380420985,18679
380428662,18707
380436495,18709
380444106,18709
380451972,18709
380459590,18712
380467413,18715
380475028,18707
380482858,18717
380490447,18709
380498339,18714
380505985,18711
380512839,18717
380520602,18717
380528770,18714
380536551,18717
380544159,18713
380552020,18706
380559672,18708
380567543,18704
380575104,18708
380582955,18699
380590562,18695
380598433,18696
380606033,18691
380613886,18696
380621484,18687
380629361,18687
380636984,18687
380644779,18687
380652410,18686
380660278,18673
380673992,18658
380681612,18661
380689464,18659
380697030,18654
380704929,18653
380712558,18653
380720425,18657
380728015,18661
380735885,18653
380744037,18653
380750897,18663
380758708,18659
380766355,18662
380774234,18660
380781856,18665
380789664,18662
380797294,18665
380805147,18657
380812032,18662
380819668,18657
380827473,18663
380835087,18664
380842888,18657
380850480,18663
380858372,18665
380865969,18663
380873854,18662
380881471,18664
380889349,18661
380896971,18662
380904793,18662
380912440,18681
380920343,18678
380927925,18676
380935780,18687
380943410,18678
380951854,18682
380959454,18683
380966303,18678
380974125,18682
380981753,18686
380989535,18687
380997165,18692
381005035,18688
381012690,18683
381020546,18689
381028158,18715
381035995,18714
381043605,18722
381050496,18719
381058374,18722
381065965,18723
381073829,18719
381081437,18722
381089288,18722
381096891,18722
381104748,18731
381111598,18724
381119190,18722
381127057,18724
381134700,18729
381142509,18730
381150127,18756
381158520,18757
381166183,18753
381174053,18753
381181706,18751
381189492,18757
381197118,18756
381204969,18760
381212579,18758
381220473,18752
381228093,18759
381235912,18762
381243523,18759
381251400,18763
381258991,18762
381272740,18800
381280606,18798
381288238,18796
381296103,18796
381303720,18803
381311528,18799
381319129,18801
381326991,18798
381334661,18798
381342503,18800
381350155,18799
381357995,18802
381366230,18793
381374117,18790
381381749,18790
381388547,18743
381396487,18739
381404089,18743
381410958,18743
381418801,18738
381426434,18742
381434298,18739
381441872,18742
381449675,18744
381457303,18738
381465136,18741
381472775,18743
381480627,18742
381488210,18743
381496046,18744
381503657,18740
381511546,18748
381519167,18744
381527011,18751
381534657,18746
381549172,18746
381557099,18747
381564790,18744
381571663,18747
381579510,18745
381586953,18745
381594590,18745
381602451,18740
381610011,18745
381617869,18748
381631546,18749
381639432,18749
381646273,18756
381653846,18745
381661656,18752
381669296,18751
381677145,18756
381684836,18752
381692623,18753
381700271,18753
381707114,18749
381714930,18756
381722504,18751
381730350,18758
381737941,18752
381752048,18782
381759675,18780
381766545,18783
381774438,18787
381781996,18784
381789821,18783
381798051,18788
381805924,18784
381812813,18791
381820429,18786
381828322,18792
381835948,18791
381843823,18789
381851431,18791
381859277,18792
381866871,18811
381874675,18814
381882310,18815
381890174,18817
381897854,18811
381905689,18812
381913297,18810
381921162,18819
381928798,18820
381936559,18818
381943405,18816
381951039,18817
381958893,18818
381966495,18819
381974353,18826
381981202,18845
381988824,18848
381996616,18853
382004142,18845
382012021,18847
382019610,18848
382027473,18854
382035071,18857
382042956,18858
382050549,18856
382058395,18851
382066048,18851
382073916,18852
382081544,18854
382089460,18854
382097046,18857
382104892,18803
382112487,18802
382120349,18803
382127951,18799
382135788,18800
382143416,18798
382151281,18793
382158892,18799
382166734,18793
382173619,18803
382181189,18796
382189023,18797
382196660,18795
382204547,18795
382212822,18791
382219615,18795
382227510,18781
382235131,18786
382243008,18784
382250614,18787
382258440,18783
382266079,18786
382273937,18787
382281544,18782
382289437,18778
382297037,18787
382303889,18790
382311643,18784
382319238,18785
382327116,18786
382334771,18789
382349466,18782
382357046,18783
382363920,18784
382371760,18788
382379391,18784
382387177,18786
382394785,18787
382402637,18785
382410202,18783
382417074,18780
382424903,18780
382432526,18784
382440394,18792
382448027,18787
382455879,18788
382463493,18801
382471389,18801
382478992,18802
382486855,18800
382494484,18806
382502370,18801
382509944,18807
382517779,18810
382525377,18806
382533278,18801
382540136,18810
382547824,18811
382555664,18803
382563305,18809
382571137,18813
382578785,18808
382586620,18822
382594225,18822
382602100,18824
382609708,18826
382617564,18826
382625184,18830
382633522,18830
382641126,18824
382648971,18830
382655854,18827
382663445,18830
382671307,18834
382678909,18828
382686743,18832
382694358,18837
382701198,18834
382709050,18850
382716638,18856
382724520,18848
382732079,18850
382739927,18858
382747545,18854
382755453,18861
382763070,18857
382770867,18862
382778480,18854
382792961,18855
382800870,18860
382808499,18855
382815407,18856
382830206,18803
382837120,18803
382845403,18803
382853309,18794
382860930,18793
382868720,18798
382876376,18794
382884268,18797
382891875,18791
382898720,18787
382906511,18786
382914073,18788
382921940,18790
382929556,18791
382937446,18785
382945019,18760
382952884,18751
382960525,18751
382968380,18758
382975962,18753
382983786,18755
382991363,18754
382999185,18750
383006813,18750
383014699,18755
383022321,18754
383030117,18755
383037766,18757
383045584,18772
383053077,18750
383067812,18731
383075437,18735
383083289,18740
383090881,18736
383098736,18737
383106366,18739
383114168,18737
383121824,18735
383129706,18734
383136543,18731
383144140,18739
383152026,18732
383159684,18735
383167545,18731
383175148,18736
383183015,18742
383190625,18744
383197482,18741
383205387,18746
383213023,18748
383220844,18740
383228475,18746
383236372,18748
383243986,18745
383251789,18744
383259397,18740
383267835,18753
383275434,18750
383283334,18748
383290234,18749
383297909,18749
383305755,18764
383313440,18765
383321323,18761
383328882,18760
383336765,18761
383344381,18767
383352195,18767
383359825,18769
383367690,18767
383374505,18764
383382075,18766
383389906,18762
383397520,18769
383405391,18762
383412966,18765
383427663,18778
383435273,18782
383443084,18785
383450695,18785
383458544,18786
383466142,18777
383474521,18787
383482126,18784
383489978,18789
383497603,18786
383504540,18792
383512383,18793
383519986,18782
383527804,18785
383535493,18787
383543389,18757
383551033,18754
383557940,18750
383565725,18745
383573345,18744
383581182,18738
383588818,18738
383596618,18738
383604231,18735
383612088,18729
383619697,18725
383627593,18725
383635186,18726
383643029,18723
383649881,18722
383657494,18719
383665387,18677
383672970,18675
383680845,18672
383688990,18676
383696818,18674
383704419,18674
383712247,18671
383719874,18669
383727683,18668
383735361,18669
383743173,18670
383750813,18668
383758655,18666
383766274,18664
383774069,18665
383788573,18656
383796406,18656
383804001,18650
383811808,18655
383819432,18651
383827346,18654
383834916,18651
383842689,18653
383850308,18652
383858141,18652
383865733,18653
383873530,18650
383881117,18651
383888009,18650
383896470,18650
383904012,18660
383911838,18656
383918732,18661
383926370,18656
383934187,18657
383941830,18659
383949669,18653
383957335,18660
383965194,18655
383972808,18659
383980560,18654
383988129,18661
383996000,18663
384003638,18664
384011483,18663
384019109,18663
384033662,18680
384041546,18682
384049203,18684
384057027,18681
384064732,18679
384072590,18685
384080235,18687
384088100,18680
384094981,18681
384102597,18690
384110286,18686
384117917,18692
384124755,18685
384132637,18686
384147139,18702
384153988,18704
384161826,18706
384169480,18708
384177296,18709
384184897,18708
384192657,18705
384200259,18711
384208125,18712
384215753,18706
384223571,18711
384231214,18713
384239065,18713
384246675,18709
384254501,18708
384262041,18733
384269886,18731
384277543,18734
384285396,18738
384293010,18733
384300879,18731
384308506,18732
384317039,18733
384324661,18738
384331565,18729
384339434,18738
384347037,18730
384354893,18723
384361765,18729
384369404,18725
384377215,18725
384384835,18630
384392686,18627
384400290,18629
384408147,18632
384415747,18629
384423576,18632
384431174,18629
384438996,18624
384446600,18618
384454464,18628
384462075,18631
384469915,18626
384477519,18625
384485417,18622
384493086,18624
384507782,18610
384515385,18608
384523167,18611
384531470,18608
384539354,18615
384546949,18609
384554769,18613
384562447,18612
384570299,18613
384577895,18613
384585754,18610
384592566,18609
384600209,18611
384608052,18611
384615697,18613
384623524,18611
384631126,18616
384638963,18609
384646568,18615
384654426,18616
384662025,18607
384669861,18610
384677470,18607
384685342,18613
384692232,18612
384699864,18616
384707620,18614
384715206,18609
384722064,18612
384729921,18617
384744981,18636
384752799,18642
384760428,18637
384768308,18640
384775903,18641
384783689,18636
384791294,18640
384799157,18643
384806808,18642
384814633,18642
384822260,18642
384830144,18641
384837755,18640
384845567,18647
384853190,18642
384861058,18665
384868722,18669
384875605,18667
384883534,18657
384891165,18667
384899010,18666
384906652,18670
384914486,18664
384922100,18671
384929954,18665
384937581,18669
384946094,18671
384953775,18673
384960633,18673
384968459,18669
384975980,18673
384983772,18693
384991409,18696
384999314,18694
385006913,18696
385014760,18699
385022383,18694
385030205,18696
385037857,18704
385045612,18703
385052471,18704
385060032,18697
385067857,18697
385075485,18702
385083409,18705
385091033,18699
385105730,18636
385113318,18646
385121164,18635
385128840,18628
385136656,18635
385144324,18630
385152163,18621
385160481,18629
385168341,18620
385175964,18624
385183774,18623
385191412,18621
385197519,18623
385205084,18615
385212933,18618
385220582,18608
385228445,18607
385235306,18605
385242911,18600
385250699,18599
385258319,18607
385266184,18602
385280446,18602
385288385,18602
385296002,18603
385303875,18606
385311556,18607
385319390,18601
385327005,18604
385341676,18608
385349324,18606
385357161,18603
385364839,18608
385373363,18605
385380955,18607
385388764,18611
385396368,18606
385404203,18612
385411070,18607
385418686,18608
385426515,18616
385433394,18611
385440368,18616
385448184,18611
385462671,18628
385470580,18633
385478161,18632
385486027,18628
385493665,18636
385501513,18638
385509068,18634
385516880,18633
385524533,18642
385531425,18640
385539294,18643
385547001,18634
385553854,18639
385561674,18636
385569268,18641
385577083,18663
385585347,18667
385593164,18661
385600844,18667
385608722,18668
385616368,18676
385624222,18667
385631871,18676
385639626,18672
385646510,18668
385654061,18642
385661884,18670
385668796,18672
385676396,18672
385684214,18676
385691870,18681
385699743,18694
385707390,18691
385715208,18694
385722849,18701
385730659,18699
385738263,18694
385746133,18701
385753763,18700
385761626,18703
385769286,18702
385777130,18703
385784757,18706
385793219,18711
385800096,18711
385807770,18709
385822456,18706
385830043,18698
385836900,18699
385844723,18695
385852308,18691
385860141,18690
385867760,18683
385875577,18684
385883195,18677
385891067,18682
385898680,18679
385906520,18673
385914107,18673
385920953,18667
385928768,18664
385936392,18638
385944188,18639
385951848,18640
385959689,18632
385967256,18629
385975109,18633
385982767,18632
385990583,18627
385998226,18636
386006598,18630
386014176,18632
386022036,18635
386028908,18640
386036513,18634
386044352,18633
386052002,18629
386059821,18640
386067442,18639
386075308,18643
386082919,18642
386090765,18635
386098385,18637
386106249,18635
386113918,18640
386121727,18634
386128619,18637
386136229,18632
386144114,18641
386151784,18639
386159645,18639
386167241,18635
386181963,18658
386189605,18653
386197515,18652
386205098,18659
386213575,18662
386221146,18659
386229003,18658
386236592,18664
386244454,18660
386252043,18664
386259869,18661
386266764,18663
386274367,18666
386282199,18665
386289810,18658
386297671,18687
386305223,18686
386313084,18695
386319925,18691
386327552,18689
386335424,18691
386342984,18693
386350805,18701
386358456,18695
386366316,18696
386373957,18695
386381748,18696
386389379,18701
386397204,18700
386404842,18709
386412639,18701
386420836,18723
386428711,18707
386435530,18720
386443121,18726
386450938,18725
386458573,18729
386466443,18735
386474019,18732
386481870,18731
386488748,18730
386496405,18734
386504229,18737
386518446,18736
386526394,18730
386540983,18761
386548785,18765
386556416,18761
386564309,18764
386571933,18765
386579804,18767
386587429,18763
386595226,18766
386602903,18764
386610732,18766
386618365,18769
386625223,18770
386633123,18766
386641352,18770
386649192,18773
386656823,18714
386664618,18717
386671499,18714
386679076,18711
386686968,18714
386694651,18710
386702521,18711
386710075,18701
386717916,18708
386725533,18711
386733398,18706
386740231,18708
386747868,18710
386755700,18704
386763289,18704
386771149,18701
386778785,18692
386786586,18696
386794219,18692
386802128,18696
386809750,18688
386817676,18695
386825271,18688
386833174,18691
386840779,18696
386849215,18692
386856832,18695
386864689,18698
386872297,18693
386880204,18689
386887084,18693
386901568,18701
386909434,18698
386917011,18697
386924826,18696
386932437,18701
386940253,18708
386947863,18703
386955722,18708
386962587,18701
386970168,18708
386977990,18701
386985602,18702
386993450,18707
387001049,18699
387008866,18703
387016511,18721
387024387,18723
387031984,18723
387039760,18725
387047383,18724
387055231,18729
387063474,18723
387071299,18724
387078932,18726
387086764,18730
387094422,18732
387101261,18726
387109143,18729
387116796,18729
387124655,18732
387139193,18753
387147029,18748
387153918,18751
387161579,18751
387169442,18757
387176997,18751
387184772,18756
387192394,18758
387200259,18755
387207888,18762
387215663,18761
387223259,18763
387231123,18764
387238747,18766
387246617,18763
387254248,18784
387262088,18789
387270378,18782
387278215,18788
387285894,18787
387293684,18785
387301281,18790
387309131,18787
387316755,18790
387323622,18790
387331489,18786
387338343,18793
387345929,18794
387353708,18795
387361355,18792
387369178,18796
387376814,18823
387384697,18824
387392355,18818
387400192,18821
387407869,18822
387415700,18821
387423300,18827
387431174,18823
387438819,18823
387446657,18824
387454235,18823
387462117,18817
387469684,18817
387478251,18811
387485910,18810
387499637,18761
387507494,18763
387514319,18759
387521910,18761
387529699,18760
387537316,18761
387545148,18754
387552838,18752
387560633,18756
387568225,18761
387576075,18754
387583663,18750
387591526,18755
387599137,18752
387607018,18756
387620781,18749
387628420,18750
387635324,18751
387643137,18748
387650792,18746
387658652,18750
387666260,18752
387674123,18755
387681782,18755
387690331,18746
387697963,18748
387705761,18747
387713405,18750
387721273,18750
387735840,18740
387743776,18746
387750639,18745
387765153,18742
387772809,18746
387780696,18747
387788353,18744
387796199,18744
387803077,18756
387810663,18747
387817583,18747
387825456,18751
387833138,18751
387840953,18748
387848556,18759
387856423,18753
387864031,18765
387871868,18762
387879485,18758
387887353,18765
387895020,18764
387902899,18763
387911043,18764
387918863,18769
387926481,18768
387933354,18770
387941206,18771
387948862,18776
387956673,18768
387964348,18770
387971214,18791
387979071,18788
387986675,18789
387994565,18791
388002188,18796
388010041,18794
388017640,18793
388025570,18790
388033195,18789
388041039,18792
388048639,18793
388056539,18796
388064114,18798
388071957,18789
388079574,18798
388094344,18811
388101969,18811
388108835,18814
388117325,18813
388124963,18811
388132804,18816
388140438,18810
388148282,18820
388155950,18817
388163782,18815
388171362,18817
388179163,18817
388186753,18819
388194631,18823
388202248,18825
388210079,18845
388217752,18844
388224664,18849
388232552,18844
388240140,18845
388247992,18843
388255613,18848
388263485,18836
388271081,18832
388278885,18832
388285748,18823
388292607,18826
388300211,18824
388308042,18825
388315635,18815
388323481,18811
388331812,18759
388339627,18756
388346492,18759
388354102,18757
388361980,18757
388369586,18756
388377451,18756
388385041,18757
388392861,18757
388400489,18756
388408318,18756
388415967,18754
388423806,18750
388431471,18751
388439365,18754
388453841,18740
388460683,18736
388468544,18737
388476157,18742
388484051,18742
388491670,18737
388499565,18736
388507104,18737
388514922,18739
388522525,18737
388530416,18730
388538661,18732
388546579,18724
388554188,18736
388562068,18733
388569686,18718
388577574,18713
388585177,18723
388592993,18718
388600599,18720
388608492,18722
388616051,18718
388623864,18725
388631462,18722
388639278,18721
388646173,18729
388653067,18724
388660676,18722
388668546,18720
388676134,18720
388684021,18727
388691626,18739
388699493,18742
388707025,18741
388714865,18738
388722484,18741
388730341,18735
388737939,18740
388746370,18744
388754009,18748
388761838,18742
388769463,18748
388777293,18748
388784947,18750
388792757,18749
388800397,18747
388815110,18761
388821988,18765
388829598,18760
388837452,18764
388845034,18761
388852865,18756
388860512,18766
388868414,18767
388875989,18761
388883838,18767
388891461,18768
388899280,18767
388906877,18767
388914710,18770
388922302,18768
388930176,18787
388937813,18784
388944690,18793
388952535,18787
388960868,18790
388968623,18788
388976183,18791
388984028,18800
388991655,18789
388999572,18796
389013894,18798
389021774,18795
389029391,18795
389037213,18800
389051782,18792
389058707,18786
389066555,18782
389074151,18773
389082009,18780
389089633,18770
389097524,18767
389105088,18764
389112922,18761
389120517,18759
389127370,18764
389135244,18757
389142892,18753
389150757,18745
389158353,18743
389166197,18695
389174407,18703
389182230,18703
389189904,18698
389197739,18699
389205317,18694
389213191,18694
389220838,18696
389228693,18696
389236302,18697
389243144,18696
389250994,18700
389258617,18697
389266456,18694
389274036,18690
389281870,18689
389289498,18683
389296374,18686
389303237,18683
389311098,18677
389318683,18680
389326554,18677
389334142,18681
389341953,18675
389349571,18679
389357424,18677
389365088,18682
389372919,18678
389381132,18674
389389014,18681
389396651,18673
389404562,18674
389412156,18671
389419100,18681
389426957,18679
389434557,18677
389442398,18677
389449977,18681
389457827,18685
389465479,18678
389473351,18681
389480976,18677
389487820,18682
389495644,18683
389503250,18677
389511102,18684
389518730,18676
389526590,18704
389534214,18699
389542059,18698
389549700,18697
389557565,18701
389565113,18701
389572955,18697
389580592,18703
389588452,18703
389596678,18705
389604585,18701
389612206,18711
389620079,18706
389627681,18702
389635557,18705
389649979,18722
389656829,18726
389664671,18722
389672269,18727
389680123,18722
389687739,18730
389695667,18724
389703261,18723
389711081,18727
389718647,18732
389726541,18723
389734165,18732
389741997,18728
389749630,18732
389757476,18724
389765088,18747
389772919,18749
389780508,18752
389788328,18754
389795955,18753
389804501,18747
389812092,18755
389819925,18758
389827543,18760
389835396,18758
389842281,18759
389849194,18755
389856843,18756
389864687,18757
389872267,18753
389880113,18757
389887738,18656
389895567,18654
389902462,18651
389910018,18650
389917853,18649
389925475,18651
389933287,18645
389940933,18639
389948761,18645
389956377,18639
389964249,18642
389971893,18635
389979683,18641
389987271,18642
389995128,18632
390002809,18640
390011274,18612
390018936,18612
390026742,18617
390034327,18609
390042156,18607
390049760,18612
390057639,18617
390065216,18618
390073064,18616
390079919,18618
390086803,18616
390094473,18618
390102297,18611
390109913,18615
390117715,18613
390125331,18601
390133180,18602
390140831,18604
390148671,18604
390156283,18608
390164170,18608
390171810,18604
390179598,18604
390187211,18610
390195096,18607
390202703,18605
390210620,18607
390218821,18611
390226718,18600
390234291,18605
390255000,18628
390261916,18627
390269805,18622
390277450,18633
390285279,18621
390292938,18624
390300822,18626
390308439,18625
390315302,18626
390323179,18625
390330833,18632
390338640,18626
390346279,18633
390354132,18633
390361728,18650
390369559,18655
390377106,18651
390384922,18648
390392538,18649
390400420,18658
390407988,18656
390415832,18656
390423434,18651
390430281,18656
390438730,18655
390445579,18661
390453180,18657
390461019,18658
390468645,18661
390476569,18652
390484170,18674
390492005,18679
390499606,18680
390507498,18689
390515065,18681
390522916,18685
390530519,18680
390538414,18679
390546034,18680
390553879,18683
390561522,18687
390569309,18684
390576935,18684
390584736,18683
390592313,18693
390607065,18662
390614004,18657
390621659,18651
390629562,18646
390637172,18651
390645678,18641
390653330,18633
390661178,18639
390668820,18631
390676639,18628
390683515,18621
390691160,18623
390699031,18619
390706634,18615
390714507,18615
390722109,18572
390729952,18573
390737549,18570
390745397,18573
390753000,18575
390760898,18569
390768540,18573
390776460,18570
390784087,18571
390790907,18569
390798733,18567
390806399,18566
390814269,18566
390821937,18567
390829803,18575
390837411,18568
390845226,18567
390852104,18559
390860368,18568
390868226,18566
390875835,18569
390883678,18561
390891285,18561
390899094,18563
390906702,18562
390914558,18565
390921431,18564
390929009,18562
390936832,18562
390944457,18560
390952301,18559
390959945,18559
390967835,18579
390975442,18579
390983303,18585
390990984,18584
390998774,18578
391006321,18573
391014187,18577
391021832,18582
391028686,18579
391036569,18582
391044194,18578
391052054,18579
391059645,18577
391068088,18581
391075656,18577
391083512,18603
391090350,18606
391097980,18609
391105779,18603
391113445,18604
391121278,18613
391128888,18608
391136740,18609
391144360,18613
391152192,18613
391159853,18609
391167668,18614
391175295,18614
391183162,18614
391190766,18621
391198629,18609
391206290,18644
391214146,18637
391221820,18639
391229698,18640
391236657,18643
391244532,18644
391252148,18645
391259998,18642
391266874,18643
391275060,18649
391282280,18650
391289937,18647
391297809,18643
391305410,18650
391313278,18652
391320948,18669
391328803,18668
391336444,18675
391344312,18675
391351964,18671
391359799,18676
391367389,18674
391375233,18672
391382859,18678
391390686,18683
391398306,18684
391406175,18679
391413831,18675
391421683,18684
391429263,18679
391437103,18683
391444745,18589
391451686,18590
391459566,18587
391467147,18584
391475022,18587
391483308,18587
391497757,18584
391505597,18583
391513249,18569
391520140,18575
391527957,18582
391535569,18581
391543453,18582
391551066,18576
391558940,18565
391565824,18562
391573427,18564
391581273,18566
391588936,18567
391595816,18570
391603687,18561
391611280,18567
391619165,18561
391626828,18566
391634646,18562
391642239,18558
391650143,18565
391657771,18564
391665687,18569
391673286,18566
391681168,18572
391688829,18570
391697420,18577
391705071,18572
391712016,18571
391719878,18570
391727524,18579
391735396,18578
391742257,18570
391749907,18569
391756778,18572
391764656,18577
391772228,18576
391780073,18574
391787654,18571
391795532,18598
391803124,18594
391810950,18594
391818558,18593
391826397,18607
391833216,18593
391840845,18596
391848690,18596
391856282,18602
391863169,18611
391870996,18607
391877886,18602
391885514,18601
391893405,18595
391901057,18601
391909502,18610
391923948,18631
391931780,18633
391939419,18633
391947280,18631
391954915,18632
391962729,18636
391970307,18635
391978150,18635
391985807,18639
391992667,18638
392000566,18634
392008147,18639
392015995,18636
392023646,18645
392038518,18666
392046084,18667
392053919,18665
392061545,18665
392069398,18667
392077038,18670
392084858,18673
392092476,18676
392100332,18673
392107959,18666
392115796,18676
392124097,18656
392131967,18676
392139583,18679
392147445,18674
392155134,18703
392163007,18704
392169863,18707
392177467,18704
392185259,18710
392192895,18712
392200749,18712
392208357,18711
392216236,18717
392223884,18713
392230785,18713
392238657,18706
392246334,18709
392254194,18708
392261822,18707
392269729,18702
392277331,18629
392285178,18705
392292833,18632
392300665,18635
392308285,18628
392316110,18632
392323701,18629
392332264,18633
392339198,18627
392346843,18636
392354729,18633
392362325,18629
392370176,18627
392377767,18626
392385661,18626
392400120,18624
392408024,18631
392415643,18636
392423534,18625
392431079,18626
392437964,18631
392445778,18630
392453381,18630
392461233,18630
392468862,18630
392476684,18629
392484226,18632
392492077,18632
392499664,18631
392507551,18624
392515090,18635
392522935,18637
392529826,18636
392537965,18632
392545815,18638
392553469,18640
392561304,18637
392568946,18637
392575784,18637
392583608,18638
392591182,18640
392598980,18645
392606577,18650
392614442,18637
392622039,18637
392629842,18643
392637469,18662
392645308,18663
392652961,18665
392660801,18664
392668428,18668
392676227,18669
392683860,18669
392691742,18678
392699338,18674
392707204,18672
392714084,18678
392721714,18676
392729618,18681
392744073,18680
392759626,18699
392766466,18701
392774081,18708
392781914,18702
392789557,18699
392797408,18705
392805037,18705
392811879,18709
392819745,18707
392827361,18704
392835224,18706
392842879,18711
392850695,18709
392858302,18714
392866130,18712
392873748,18742
392881611,18741
392889230,18744
392897080,18740
392904644,18743
392912527,18747
392920107,18750
392927938,18745
392935565,18752
392943446,18745
392950277,18751
392957983,18741
392966496,18750
392974085,18751
392981908,18757
392996413,18781
393004277,18777
393011939,18777
393019793,18774
393027444,18769
393035276,18774
393042892,18768
393049740,18765
393057606,18765
393065172,18763
393073000,18756
393080602,18754
393088514,18750
393096099,18754
393103865,18746
393111465,18711
393119303,18712
393126173,18718
393133861,18720
393141666,18723
393149305,18716
393157181,18712
393164776,18716
393173286,18717
393180936,18721
393187795,18716
393195617,18721
393203208,18722
393211089,18713
393218668,18721
393226547,18715
393234142,18714
393241934,18714
393249559,18717
393257426,18714
393265054,18716
393272880,18717
393280496,18721
393287371,18708
393295236,18713
393302846,18711
393310679,18711
393318245,18717
393326070,18725
393333690,18714
393341559,18713
393356024,18720
393363800,18724
393371416,18722
393379277,18720
393387530,18723
393395342,18723
393403014,18725
393410789,18726
393418396,18717
393426265,18726
393433890,18724
393441686,18724
393449291,18721
393457136,18731
393464770,18727
393472635,18750
393480240,18747
393487072,18753
393494887,18747
393502521,18752
393510337,18750
393517965,18761
393525807,18749
393533432,18756
393541290,18752
393548251,18755
393555909,18751
393563696,18752
393571258,18752
393579100,18753
393586715,18760
393595232,18776
393602838,18780
393610706,18773
393618327,18784
393626198,18776
393633785,18782
393641636,18783
393647549,18786
393655425,18782
393663092,18786
393670924,18786
393678587,18784
393686439,18785
393694059,18784
393701857,18779
393709474,18788
393717295,18808
393724975,18808
393732822,18812
393740449,18819
393748245,18814
393755886,18813
393763678,18819
393771232,18814
393779033,18811
393786645,18818
393794525,18813
393802772,18815
393810667,18820
393818324,18818
393826231,18815
393833914,18772
393841753,18767
393848620,18769
393856224,18771
393864078,18767
393871756,18770
393879636,18763
393886496,18759
393894116,18763
393901932,18756
393908795,18765
393916376,18763
393924283,18759
393931885,18752
393939712,18759
393947309,18759
393961984,18744
393969618,18742
393977471,18741
393991717,18734
393999692,18732
394007306,18742
394015147,18735
394022705,18732
394030292,18735
394038138,18739
394045733,18738
394053648,18743
394061236,18741
394075957,18728
394082869,18723
394090515,18726
394098363,18720
394105967,18725
394113739,18724
394120597,18724
394128176,18727
394136084,18723
394142926,18722
394150559,18725
394158432,18727
394166073,18726
394173887,18729
394181497,18722
394189312,18732
394196950,18726
394203818,18730
394211676,18733
394219265,18728
394227128,18727
394235294,18736
394242176,18734
394250005,18731
394256855,18730
394264515,18730
394272314,18738
394279964,18729
394287839,18733
394295485,18736
394303313,18731
394317837,18746
394325689,18751
394333259,18754
394341098,18750
394348739,18755
394356639,18752
394364240,18746
394372093,18757
394379709,18751
394387533,18754
394395151,18754
394402989,18751
394410643,18755
394418557,18756
394432974,18761
394441439,18769
394449070,18775
394456870,18776
394464513,18776
394472376,18775
394479310,18777
394486967,18774
394494754,18776
394502357,18772
394510197,18781
394517792,18776
394525644,18771
394533287,18772
394541164,18782
394548777,18794
394556635,18791
394563485,18786
394571077,18782
394578924,18780
394586562,18775
394594419,18782
394602071,18772
394609917,18770
394616822,18761
394624430,18760
394632282,18757
394639915,18759
394647698,18754
394655987,18751
394663815,18742
394671436,18695
394679290,18693
394686959,18690
394694745,18688
394702331,18689
394710191,18686
394717041,18690
394724691,18684
394732553,18688
394740154,18685
394747014,18682
394754852,18680
394762468,18678
394770306,18672
394777974,18675
394785806,18679
394793415,18650
394801226,18654
394808867,18656
394816792,18660
394824463,18654
394832317,18648
394839985,18656
394847807,18656
394855397,18655
394863173,18653
394870859,18650
394878720,18651
394886387,18648
394894272,18651
394901940,18650
394909703,18642
394917275,18642
394924159,18642
394931952,18645
394939559,18642
394947430,18642
394954297,18646
394961940,18647
394969721,18641
394977283,18648
394985124,18649
394992755,18651
395000644,18644
395008264,18651
395016128,18645
395023767,18654
395031687,18655
395039291,18659
395047162,18662
395054782,18665
395062648,18664
395070820,18665
395078687,18665
395086276,18666
395094164,18668
395101035,18665
395108630,18670
395116471,18667
395124101,18671
395131889,18672
395139556,18666
395154307,18680
395161993,18687
395169797,18686
395177387,18689
395185207,18686
395192070,18685
395199740,18683
395207636,18687
395215241,18691
395222113,18689
395236574,18691
395244536,18691
395252144,18693
395259956,18695
395267588,18715
395275456,18717
395283741,18719
395291626,18712
395299262,18713
395306161,18713
395314001,18715
395321623,18715
395329462,18725
395336363,18714
395343241,18720
395350882,18716
395358776,18718
395366423,18716
395374242,18721
395381893,18718
395389745,18649
395397346,18654
395405189,18651
395412782,18654
395420658,18644
395427470,18640
395435066,18636
395442892,18640
395450478,18631
395458312,18637
395465979,18635
395473800,18628
395481473,18632
395489332,18626
395497672,18622
395512388,18593
395519262,18591
395526867,18590
395534698,18593
395541534,18589
395549142,18585
395557014,18587
395564662,18587
395572548,18586
395579370,18584
395587005,18585
395594825,18590
395602399,18587
395610248,18589
395617914,18583
395632645,18581
395639478,18581
395647106,18579
395654905,18579
395661747,18576
395669404,18582
395677260,18580
395684935,18575
395692735,18572
395700365,18577
395707847,18579
395715729,18576
395723374,18576
395731225,18579
395738860,18580
395746730,18589
395754332,18588
395762194,18590
395769826,18589
395777680,18583
395785277,18594
395793121,18596
395800812,18593
395808659,18593
395816249,18592
395823148,18590
395830973,18596
395838603,18592
395846454,18595
395854096,18594
395861931,18598
395869575,18617
395877446,18617
395885082,18619
395892888,18623
395899796,18619
395907404,18624
395915262,18620
395923512,18624
395931363,18628
395939009,18619
395946788,18624
395954389,18629
395962206,18623
395969788,18627
395977658,18625
395992108,18647
395998953,18651
396006830,18648
396014460,18641
396022328,18648
396029996,18647
396037820,18645
396045409,18653
396053216,18657
396060084,18649
396067688,18656
396075564,18647
396083214,18658
396091075,18655
396098723,18653
396106562,18682
396114155,18678
396121984,18678
396130123,18679
396137004,18683
396144826,18684
396152440,18688
396160284,18686
396167908,18687
396174749,18691
396182611,18685
396190187,18691
396198028,18680
396205653,18683
396213524,18679
396221092,18675
396228926,18583
396236536,18585
396244371,18586
396251988,18578
396259771,18581
396267366,18577
396275248,18570
396282846,18569
396290695,18574
396298259,18576
396306113,18574
396313726,18579
396321566,18573
396329152,18578
396337627,18575
396352153,18567
396359993,18567
396367597,18564
396375468,18570
396383094,18567
396390888,18570
396398488,18563
396406330,18573
396413244,18571
396420931,18567
396428726,18567
396436328,18573
396444189,18573
396451774,18568
396459652,18571
396467266,18568
396481751,18571
396489686,18566
396497306,18576
396505103,18567
396512678,18576
396520570,18572
396527515,18563
396535147,18572
396542989,18572
396549883,18568
396558180,18569
396566026,18573
396573643,18571
396588382,18595
396596059,18602
396603827,18598
396611445,18595
396619277,18597
396626933,18599
396634770,18596
396642373,18602
396650207,18602
396657817,18602
396665709,18602
396673284,18606
396681154,18604
396688767,18604
396696672,18606
396704256,18629
396712143,18630
396719733,18629
396727614,18630
396735173,18631
396743031,18635
396750675,18637
396758501,18633
396765976,18633
396773603,18634
396781468,18643
396788353,18643
396796016,18643
396803848,18631
396811495,18639
396826217,18668
396833850,18662
396841717,18664
396849361,18666
396856204,18668
396864079,18673
396871703,18665
396879569,18668
396886490,18671
396894106,18672
396901955,18670
396908848,18674
396916434,18666
396924263,18671
396931908,18672
396946638,18667
396954244,18659
396962088,18651
396969700,18648
396977166,18645
396985013,18652
396992615,18640
397000495,18643
397008117,18637
397015939,18632
397023607,18633
397031460,18622
397039091,18625
397046920,18629
397054546,18624
397062387,18589
397070021,18591
397077853,18596
397085494,18598
397092381,18591
397100173,18596
397107741,18597
397115577,18593
397123151,18602
397130957,18596
397138575,18597
397146392,18595
397154036,18597
397161867,18594
397169460,18592
397184745,18602
397192347,18606
397199224,18598
397207037,18600
397214628,18599
397222519,18598
397230169,18598
397238000,18600
397245617,18591
397253465,18603
397261109,18600
397268934,18604
397276566,18600
397284464,18601
397292115,18605
397299932,18617
397307592,18612
397315454,18620
397323088,18615
397329940,18622
397337733,18624
397345351,18619
397353214,18618
397360825,18624
397367731,18625
397375575,18620
397383153,18626
397390990,18622
397399202,18618
397407075,18626
397414703,18628
397422606,18650
397430155,18648
397437982,18652
397445627,18649
397453459,18655
397461086,18659
397468971,18658
397476603,18657
397484424,18657
397492067,18653
397499838,18660
397507416,18659
397514276,18664
397522124,18654
397529746,18661
397537611,18656
397545170,18683
397552977,18687
397560610,18690
397568510,18690
397576102,18690
397583902,18695
397591532,18693
397599373,18692
397606859,18690
397614439,18692
397622314,18699
397629938,18700
397637742,18694
397645335,18701
397653152,18701
397667641,18724
397675542,18718
397683127,18727
397689976,18724
397697775,18726
397705380,18729
397719823,18722
397727445,18729
397735365,18725
397743007,18719
397750856,18720
397758559,18718
397766394,18716
397780855,18646
397788718,18644
397796320,18645
397804183,18649
397811811,18647
397820346,18644
397828009,18637
397835841,18650
397842714,18641
397850235,18645
397858100,18645
397865741,18645
397873687,18643
397881269,18639
397889108,18643
397896731,18642
397904613,18643
397912166,18643
397918994,18643
397926747,18646
397934326,18647
397942158,18640
397949770,18652
397957635,18646
397965230,18646
397973053,18642
397980683,18642
397988588,18643
397996254,18644
398004101,18645
398011693,18643
398019583,18656
398027738,18644
398034668,18649
398041526,18652
398049369,18656
398057029,18649
398064801,18652
398072438,18651
398080277,18653
398087947,18654
398095772,18653
398103347,18658
398111203,18655
398118783,18650
398126648,18653
398134289,18651
398142169,18675
398149838,18674
398157742,18677
398165349,18677
398173196,18683
398180790,18677
398188661,18677
398196284,18681
398203121,18685
398210950,18689
398218593,18679
398226425,18681
398234060,18683
398242599,18688
398250160,18685
398258006,18691
398265651,18694
398273487,18693
398280351,18694
398287984,18691
398295783,18693
398303397,18696
398311220,18696
398318841,18699
398326679,18699
398334264,18694
398342099,18696
398349736,18705
398357638,18697
398365211,18700
398379875,18731
398387466,18735
398395293,18730
398402934,18735
398410755,18741
398418342,18733
398426218,18737
398433840,18740
398440702,18740
398449142,18741
398456769,18747
398464630,18745
398472204,18742
398480074,18742
398487705,18740
398495614,18728
398503224,18725
398511054,18725
398517937,18723
398525568,18714
398533382,18716
398541037,18718
398548827,18712
398556446,18719
398564269,18712
398571902,18710
398579737,18706
398587347,18705
398595237,18706
398602200,18700
398609829,18700
398617701,18691
398625359,18691
398633221,18686
398640107,18691
398647764,18685
398655665,18690
398663971,18692
398671841,18685
398679467,18687
398687309,18687
398694972,18689
398702761,18685
398710319,18687
398718193,18692
398725805,18689
398740597,18693
398748164,18698
398755047,18687
398762914,18690
398770501,18701
398778309,18696
398785935,18698
398793768,18700
398801414,18692
398809288,18696
398816932,18690
398824741,18691
398832278,18701
398840111,18695
398847712,18692
398855547,18703
398863141,18705
398871642,18704
398878518,18701
398886134,18700
398893969,18703
398901596,18705
398909436,18698
398917043,18711
398924870,18722
398932497,18703
398940357,18706
398948046,18707
398955892,18708
398977503,18732
398985135,18728
398991982,18734
398999819,18731
399007466,18732
399015372,18735
399023039,18734
399030901,18727
399037768,18731
399045426,18739
399053293,18738
399060929,18737
399068765,18737
399076340,18745
399084792,18739
399092435,18756
399100285,18764
399107966,18760
399115754,18760
399123350,18762
399131192,18765
399138831,18765
399146688,18762
399153580,18764
399161171,18761
399168977,18767
399176567,18764
399184413,18764
399192054,18766
399199903,18763
399206752,18771
399214359,18787
399222183,18787
399229802,18787
399237693,18793
399245252,18793
399253053,18795
399260654,18791
399268495,18792
399275383,18789
399283041,18790
399290830,18792
399299127,18803
399306937,18795
399314592,18795
399322516,18796
399337009,18732
399344833,18732
399351667,18734
399359275,18729
399367118,18728
399374756,18728
399382637,18731
399390210,18730
399398086,18724
399405697,18728
399413605,18729
399421207,18723
399429044,18723
399436620,18726
399444450,18722
399452102,18705
399459974,18713
399467609,18710
399474484,18713
399482326,18708
399489949,18709
399497768,18711
399506069,18713
399512900,18714
399520735,18713
399528397,18710
399536208,18712
399543815,18716
399551706,18713
399559401,18714
399567302,18712
399574895,18706
399582765,18694
399589617,18704
399597237,18706
399605079,18705
399612724,18707
399620645,18701
399628263,18702
399636119,18703
399643732,18704
399651573,18703
399659126,18702
399666952,18704
399674586,18706
399682431,18701
399690106,18705
399697946,18718
399705565,18717
399713305,18723
399720913,18720
399728833,18714
399736460,18722
399744298,18720
399751208,18721
399758824,18722
399766684,18724
399774265,18723
399782121,18725
399789707,18723
399797551,18721
399805188,18729
399819912,18741
399827561,18748
399835370,18742
399842982,18746
399850789,18746
399858349,18739
399866210,18748
399873826,18743
399881718,18746
399889330,18744
399897146,18747
399904740,18741
399912618,18750
399920784,18751
399928725,18755
399935612,18774
399943206,18775
399950074,18772
399957872,18772
399965471,18779
399973332,18774
399980944,18774
399988770,18772
399996363,18771
400004203,18778
400011837,18775
400019720,18780
400027289,18773
400035046,18777
400042667,18781
400050520,18778
400058144,18760
400065987,18760
400072896,18751
400080565,18757
400088387,18752
400096034,18749
400103844,18738
400110670,18740
400118293,18744
400126205,18735
400134451,18729
400142291,18733
400149967,18736
400157781,18729
400165347,18724
400179259,18713
400186860,18711
400193769,18707
400208253,18707
400216151,18704
400223823,18693
400231726,18711
400239336,18713
400247180,18706
400254797,18710
400262650,18700
400270192,18703
400277989,18702
400285612,18703
400292484,18702
400300383,18697
400306604,18696
400314193,18698
400321991,18701
400329623,18699
400337508,18702
400345143,18697
400353673,18698
400361255,18700
400369080,18692
400376709,18700
400384578,18699
400392208,18698
400400027,18697
400407661,18693
400415539,18700
400422479,18703
400430146,18703
400437983,18704
400445625,18702
400453498,18710
400461106,18709
400468944,18703
400476565,18700
400484428,18709
400492058,18709
400499865,18705
400507447,18711
400515296,18708
400522882,18712
400537650,18721
400545254,18723
400553104,18727
400561335,18726
400569192,18723
400576795,18724
400584637,18719
400592266,18725
400600091,18726
400607719,18725
400615572,18730
400623182,18727
400630983,18726
400638590,18730
400646397,18732
400654069,18752
400660917,18747
400668723,18743
400676313,18750
400684198,18749
400691790,18753
400699689,18744
400707261,18748
400715037,18752
400722661,18752
400730475,18752
400738104,18754
400745929,18755
400753521,18751
400761392,18751
400776583,18773
400784409,18771
400792077,18767
400799875,18761
400807474,18760
400815352,18760
400822964,18762
400830792,18755
400838446,18748
400846290,18741
400853875,18743
400861721,18744
400869325,18736
400877200,18732
400884827,18733
400892718,18686
400899501,18686
400907130,18689
400914904,18690
400922506,18694
400930376,18690
400937993,18691
400945843,18683
400953421,18690
400961289,18687
400968922,18686
400977434,18687
400985058,18686
400992888,18686
401000532,18689
401015261,18678
401022153,18681
401029745,18688
401037639,18686
401045254,18686
401053070,18679
401060673,18684
401067546,18676
401075417,18680
401083055,18677
401090887,18681
401098496,18675
401106376,18677
401113991,18677
401121799,18679
401136248,18684
401143146,18681
401150983,18683
401158634,18682
401166466,18682
401174128,18682
401181974,18680
401190194,18683
401198026,18682
401205634,18687
401213531,18683
401221146,18686
401228932,18689
401236545,18696
401251214,18703
401258108,18707
401265715,18708
401273619,18700
401281182,18708
401289025,18702
401296630,18708
401304444,18706
401312088,18707
401319901,18704
401327540,18706
401335360,18708
401343011,18703
401350849,18708
401358431,18711
401366266,18732
401373851,18729
401380765,18727
401388641,18725
401396828,18729
401404755,18730
401412376,18731
401420218,18732
401427788,18728
401435649,18726
401443242,18732
401457700,18732
401465595,18732
401473258,18731
401487995,18752
401494248,18757
401501817,18756
401509701,18754
401517242,18764
401525111,18758
401532725,18761
401540599,18757
401548181,18756
401555994,18754
401563625,18755
401571423,18753
401579100,18754
401586849,18751
401594469,18746
401602322,18669
401609975,18674
401618478,18677
401625387,18674
401633021,18675
401640824,18673
401648400,18669
401656233,18670
401663878,18673
401671765,18664
401679350,18667
401687183,18665
401694816,18666
401702648,18665
401710262,18671
401718079,18668
401725701,18650
401732564,18649
401740423,18647
401748079,18655
401755902,18646
401763490,18651
401771319,18655
401778913,18653
401786800,18656
401794386,18652
401802219,18657
401809856,18650
401817726,18657
401825990,18652
401833809,18649
401848251,18650
401855109,18650
401862951,18653
401870572,18651
401878430,18647
401886105,18649
401893925,18650
401901524,18653
401909358,18652
401917005,18661
401924855,18659
401932481,18659
401940346,18651
401948001,18657
401955833,18655
401963413,18677
401970317,18673
401978105,18677
401985719,18682
401993530,18680
402001184,18677
402008984,18679
402016605,18683
402024482,18680
402032785,18681
402040654,18682
402048215,18682
402056043,18681
402063690,18684
402071546,18687
402079200,18680
402087037,18704
402093868,18700
402101430,18703
402108277,18706
402116110,18710
402123733,18710
402131606,18710
402139212,18707
402146074,18702
402153926,18703
402161519,18711
402169348,18705
402176968,18712
402184851,18713
402192431,18709
402200287,18709
402207868,18732
402215744,18729
402223329,18737
402230167,18740
402237963,18735
402246192,18736
402253974,18735
402261585,18736
402269435,18741
402277067,18740
402284876,18737
402292500,18742
402300364,18737
402307996,18741
402315754,18740
402330174,18698
402337982,18692
402345599,18689
402353438,18692
402361080,18691
402368916,18683
402376499,18687
402384355,18684
402392003,18678
402399825,18677
402407479,18682
402415373,18678
402423025,18677
402430820,18674
402438409,18672
402446262,18657
402453788,18650
402461644,18648
402468493,18652
402476125,18656
402483932,18647
402491524,18655
402499375,18650
402506231,18646
402513840,18652
402521778,18656
402529402,18650
402537243,18646
402544857,18643
402552752,18647
402560285,18645
402568101,18645
402575693,18643
402583594,18645
402591202,18645
402599052,18645
402606683,18647
402614541,18646
402622199,18649
402630049,18643
402637663,18652
402645456,18649
402653088,18651
402661640,18646
402669267,18640
402677121,18649
402698441,18667
402705301,18673
402713012,18664
402720877,18672
402728513,18667
402736352,18664
402743221,18663
402750832,18675
402758705,18669
402766336,18668
402774165,18672
402781815,18678
402789700,18670
402797293,18674
402805157,18704
402812024,18698
402819693,18696
402826574,18700
402834408,18699
402842030,18699
402849808,18701
402857386,18705
402865240,18702
402873469,18702
402881381,18700
402888992,18706
402896866,18702
402904434,18714
402912278,18706
402926779,18730
402934661,18734
402942241,18726
402950085,18733
402957744,18735
402965557,18735
402973177,18734
402980986,18733
402988598,18734
402996426,18732
403004114,18735
403011952,18733
403019591,18733
403027425,18739
403035035,18745
403042860,18768
403049719,18768
403057353,18769
403064211,18773
403072045,18766
403079695,18768
403088149,18772
403095787,18768
403102644,18772
403110473,18765
403118111,18769
403125974,18772
403133572,18773
403141407,18776
403149060,18772
403156893,18769
403164518,18698
403172375,18695
403180006,18698
403187822,18696
403195430,18699
403203301,18698
403210940,18701
403218819,18699
403226415,18699
403234266,18700
403241842,18696
403249698,18693
403257307,18698
403265120,18694
403272728,18694
403287543,18689
403295837,18690
403303707,18692
403311301,18694
403319104,18694
403326711,18692
403334569,18698
403341499,18693
403349156,18695
403356995,18697
403364586,18694
403372419,18695
403380081,18692
403387944,18698
403395525,18695
403403381,18695
403409602,18696
403417205,18696
403425055,18691
403432670,18701
403440492,18693
403448150,18695
403455961,18697
403463570,18697
403471389,18696
403479093,18694
403486920,18700
403494554,18701
403503030,18701
403510642,18705
403518481,18703
403525405,18723
403533112,18724
403540927,18727
403548535,18731
403556374,18732
403564019,18722
403571846,18723
403579435,18726
403587273,18734
403594915,18733
403602830,18728
403610429,18729
403618278,18732
403625898,18729
403633741,18734
403648174,18762
403655979,18757
403663608,18733
403670456,18764
403678300,18761
403685911,18758
403693751,18763
403701318,18756
403709148,18762
403717364,18762
403725243,18759
403732833,18759
403740714,18765
403748351,18765
403756177,18764
403763759,18788
403770695,18789
403778508,18788
403786215,18793
403794054,18792
403801694,18792
403809554,18795
403817203,18793
403824036,18786
403831820,18794
403839428,18790
403847257,18797
403854863,18795
403862763,18796
403870334,18799
403878217,18799
403885820,18782
403893682,18773
403901237,18772
403909124,18773
403916743,18767
403925181,18765
403932846,18766
403947330,18768
403955266,18763
403962907,18762
403970773,18761
403978374,18757
403986258,18756
403993898,18759
404007069,18740
404014978,18745
404022616,18742
404030426,18740
404038029,18744
404045813,18738
404053454,18740
404060290,18737
404068116,18737
404075717,18739
404083601,18737
404091176,18744
404098987,18742
404106607,18742
404114478,18737
404122147,18746
404129959,18739
404138263,18749
404146143,18738
404153746,18742
404161627,18746
404169251,18743
404176110,18737
404183915,18740
404191528,18745
404199415,18746
404207083,18741
404214882,18742
404222479,18741
404230266,18737
404237136,18740
404244764,18753
404252625,18746
404260223,18751
404268092,18755
404275684,18756
404283586,18752
404291232,18755
404299042,18759
404306654,18756
404314470,18756
404322123,18757
404329975,18756
404337598,18759
404346072,18757
404353718,18758
404367439,18781
404375294,18780
404382904,18776
404390808,18782
404398410,18780
404406252,18779
404413841,18784
404421705,18779
404429245,18783
404437072,18783
404444717,18787
404452580,18786
404460200,18787
404468001,18785
404475625,18788
404483489,18806
404491140,18803
404498923,18803
404506539,18803
404514354,18808
404521997,18803
404529838,18810
404536720,18809
404544327,18813
404552176,18803
404560297,18819
404568148,18809
404575756,18806
404583618,18810
404591229,18808
404605963,18830
404613603,18828
404621465,18829
404629104,18830
404636887,18831
404644485,18825
404652339,18828
404659951,18822
404667826,18824
404675399,18819
404683252,18816
404690884,18812
404698774,18807
404706354,18806
404713157,18800
404721033,18749
404727924,18755
404735529,18754
404743363,18751
404751030,18746
404758805,18755
404767035,18749
404774838,18755
404782428,18752
404790269,18746
404797902,18740
404805769,18752
404813473,18742
404821295,18748
404828908,18743
404843708,18737
404851266,18736
404859117,18729
404866729,18743
404874617,18735
404881478,18734
404889135,18732
404896942,18733
404904492,18731
404912321,18730
404919933,18736
404927815,18732
404935425,18734
404943272,18734
404950913,18729
404958793,18727
404966368,18734
404974851,18733
404982474,18728
404990341,18727
404997236,18728
405004829,18727
405012720,18733
405019593,18730
405027192,18738
405034943,18734
405042542,18730
405050393,18727
405058007,18726
405065876,18727
405073490,18731
405081389,18745
405089023,18742
405096871,18756
405104459,18747
405112350,18748
405119968,18743
405127807,18754
405135356,18748
405143204,18754
405150825,18750
405158717,18753
405166280,18747
405174120,18752
405188898,18752
405202824,18765
405210721,18765
405218391,18760
405226286,18771
405233145,18768
405240763,18775
405248613,18770
405255496,18773
405263178,18772
405271051,18769
405278663,18772
405286517,18779
405294146,18774
405301951,18773
405309563,18772
405317407,18796
405325038,18784
405332855,18795
405340452,18794
405348322,18789
405355930,18792
405363814,18798
405370686,18793
405378246,18796
405386055,18798
405393682,18795
405402166,18797
405409800,18799
405417701,18800
405425297,18803
405433119,18801
405440743,18730
405448541,18725
405456142,18727
405463944,18725
405471514,18726
405479395,18718
405487042,18720
405494851,18724
405502429,18715
405510272,18721
405517874,18717
405525725,18715
405533301,18714
405541152,18719
405548782,18716
405562801,18691
405570377,18693
405578191,18696
405585838,18687
405593698,18693
405601322,18689
405609737,18683
405617291,18689
405625107,18692
405632702,18694
405640525,18689
405648172,18696
405656035,18690
405663682,18690
405670534,18690
405678327,18686
405685171,18683
405692785,18682
405700628,18682
405708266,18677
405716117,18682
405723791,18682
405731702,18680
405739333,18682
405747176,18681
405754755,18677
405762666,18681
405770310,18680
405778141,18680
405785793,18681
405793715,18682
405801307,18693
405809109,18694
405817251,18698
405825168,18698
405832772,18699
405839606,18704
405847452,18695
405854301,18701
405861925,18704
405869777,18694
405877425,18702
405885254,18709
405892842,18708
405900732,18700
405908341,18702
405916185,18719
405923099,18719
405930724,18721
405938628,18723
405946255,18719
405954063,18730
405960917,18732
405968550,18728
405976356,18725
405984029,18734
405991872,18730
405999510,18726
406007376,18730
406014999,18730
406022867,18735
406030426,18731
406038038,18756
406045868,18748
406053475,18755
406061296,18753
406068955,18748
406076827,18757
406084395,18755
406092242,18757
406099850,18758
406107737,18759
406115281,18749
406123192,18758
406130782,18761
406138654,18760
406146269,18762
406154085,18759
406161681,18751
406169497,18751
406177154,18744
406184983,18742
406192604,18739
406199457,18739
406207306,18741
406214187,18734
406221792,18724
406229665,18725
406237888,18720
406245815,18727
406253400,18724
406261225,18714
406268845,18711
406283621,18681
406291229,18678
406299056,18677
406306669,18677
406314510,18681
406322179,18675
406329979,18677
406337623,18672
406345445,18680
406353054,18673
406360869,18678
406368445,18675
406376293,18673
406383876,18672
406390755,18682
406398620,18674
406405485,18677
406413152,18679
406420966,18679
406435200,18672
406443066,18673
406449918,18675
406458165,18679
406465999,18671
406473660,18669
406481514,18670
406489171,18672
406496955,18669
406503818,18669
406511389,18675
406519160,18684
406526810,18685
406534722,18688
406542322,18680
406550176,18682
406557776,18683
406565621,18689
406573268,18683
406581126,18686
406588752,18681
406596625,18686
406604275,18693
406612069,18690
406619658,18692
406627443,18688
406641238,18710
406648802,18714
406656710,18708
406664886,18711
406672818,18718
406680423,18716
406688291,18718
406695869,18714
406703710,18712
406711280,18720
406719075,18723
406726743,18722
406734605,18722
406742250,18719
406750085,18723
406757748,18741
406765614,18743
406773236,18747
406781057,18739
406788717,18747
406796554,18743
406803426,18743
406810286,18739
406817898,18745
406825757,18748
406833351,18751
406841178,18746
406848821,18750
406856713,18747
406863537,18752
406871170,18751
406879728,18773
406887330,18775
406895167,18777
406902743,18781
406910535,18776
406918198,18775
406926033,18781
406933683,18778
406941509,18780
406949157,18780
406956937,18779
406964516,18790
406972371,18780
406979977,18778
406987880,18776
407001628,18707
407009237,18706
407017072,18700
407024683,18704
407032520,18705
407040185,18699
407047989,18701
407055588,18702
407063417,18695
407071081,18696
407078948,18701
407087181,18694
407094944,18697
407101788,18697
407109373,18695
407117264,18689
407124887,18695
407132825,18701
407140462,18704
407148315,18703
407155941,18697
407163824,18696
407170714,18696
407178294,18705
407186127,18696
407193752,18702
407201629,18698
407209258,18697
407217115,18700
407224714,18696
407232540,18696
407240177,18700
407247944,18692
407255534,18704
407263394,18700
407270982,18697
407278826,18705
407286414,18702
407294824,18699
407302403,18700
407310237,18699
407317848,18700
407325687,18702
407333271,18706
407340105,18704
407347925,18706
407362359,18724
407370188,18719
407377810,18719
407385682,18718
407393301,18728
407401101,18726
407408755,18729
407416612,18726
407424249,18725
407432051,18727
407439684,18728
407447491,18733
407455155,18727
407462995,18730
407470633,18731
407478487,18752
407485359,18743
407492951,18753
407500793,18750
407509103,18747
407516894,18757
407524524,18753
407530620,18753
407538532,18756
407546192,18750
407554048,18759
407561645,18757
407569510,18761
407577191,18756
407584979,18761
407592592,18763
407600434,18785
407608082,18779
407615908,18777
407623522,18780
407631365,18779
407638969,18781
407646825,18785
407654398,18779
407662241,18787
407676513,18783
407684464,18786
407692109,18786
407698953,18786
407706853,18783
407721361,18727
407729234,18725
407736875,18725
407744778,18718
407752364,18717
407760205,18720
407767099,18722
407774722,18709
407782537,18710
407790162,18710
407798000,18718
407805652,18711
407813522,18713
407821155,18714
407828946,18713
407836534,18707
407844386,18698
407851993,18699
407859864,18702
407867490,18703
407875062,18699
407882701,18702
407890508,18696
407898147,18697
407905962,18703
407913582,18700
407921436,18703
407929695,18698
407936579,18698
407944458,18699
407958934,18703
407966805,18703
407974377,18695
407982219,18701
407989792,18702
407997678,18703
408005278,18702
408013112,18703
408020732,18702
408028631,18705
408036276,18703
408044081,18702
408051691,18703
408059506,18700
408067162,18704
408074995,18718
408081848,18720
408089449,18716
408097292,18717
408104877,18717
408112729,18717
408120323,18719
408127191,18726
408135061,18721
408143329,18723
408151206,18719
408158791,18726
408166620,18725
408173504,18724
408181144,18728
408188968,18727
408196599,18748
408204468,18746
408212133,18749
408219909,18748
408227521,18751
408235383,18755
408242968,18747
408250881,18754
408257849,18748
408265737,18751
408273343,18753
408281189,18749
408288806,18754
408296653,18755
408304249,18757
408312033,18754
408319694,18776
408327550,18782
408335213,18783
408343049,18776
408351260,18782
408359034,18777
408365861,18783
408373448,18778
408381315,18784
408388913,18784
408396805,18783
408404372,18786
408411209,18784
408419043,18786
408426653,18786
408440352,18768
408448204,18762
408455820,18763
408463737,18757
408471303,18751
408479124,18758
408485986,18755
408493605,18744
408500468,18746
408508319,18742
408515923,18739
408523816,18745
408530692,18743
408538286,18738
408546138,18732
408561198,18716
408568971,18714
408576581,18718
408584398,18712
408591996,18718
408599880,18720
408607490,18715
408615353,18708
408622950,18711
408630853,18710
408638401,18712
408646232,18712
408653809,18708
408661690,18712
408669288,18705
408677153,18710
408684765,18710
408692620,18719
408700264,18717
408708111,18714
408715754,18714
408723614,18715
408731238,18702
408739112,18714
408746754,18712
408754550,18706
408762174,18708
408769670,18714
408777549,18710
408785190,18717
408798939,18721
408806836,18726
408814451,18728
408822281,18723
408829880,18725
408837733,18709
408845293,18724
408853145,18727
408860750,18720
408868654,18728
408876287,18733
408884111,18727
408891702,18729
408899514,18731
408907198,18729
408921710,18752
408929389,18754
408937265,18749
408944874,18758
408952767,18754
408959651,18763
408967254,18752
408975101,18753
408981910,18757
408990204,18758
408998102,18754
409004982,18759
409012593,18760
409020440,18760
409034947,18781
409042832,18783
409050429,18788
409058275,18782
409065909,18786
409073781,18786
409081388,18791
409089211,18782
409096812,18784
409104690,18789
409112270,18791
409120101,18788
409127726,18792
409135543,18793
409143199,18792
409151040,18823
409157874,18812
409165449,18819
409173309,18818
409180969,18821
409188902,18822
409197133,18823
409204921,18817
409212557,18822
409220392,18822
409227996,18822
409235829,18823
409242675,18814
409250279,18821
409258114,18818
409265723,18819
409273569,18754
409281217,18761
409289000,18751
409296598,18746
409304427,18753
409312014,18749
409319903,18747
409327515,18751
409335408,18754
409342998,18752
409350871,18745
409358480,18746
409366359,18748
409373957,18744
409381858,18745
409395563,18738
409403822,18735
409411771,18735
409419411,18736
409427253,18740
409434858,18741
409442691,18738
409450313,18735
409458140,18739
409465776,18738
409473586,18743
409480490,18740
409488110,18736
409495913,18735
409503491,18736
409511317,18735
409518931,18730
409526779,18736
409534409,18740
409542292,18736
409549914,18742
409557753,18738
409565304,18742
409573094,18742
409580707,18740
409587548,18744
409595439,18740
409603081,18739
409610942,18736
409619215,18737
409627052,18747
409633906,18759
409641481,18759
409649364,18760
409656964,18756
409664873,18759
409672483,18763
409680348,18761
409687937,18763
409695796,18760
409703368,18761
409711257,18765
409718140,18763
409725782,18760
409733674,18766
409741310,18773
409749149,18791
409756753,18794
409764588,18787
409772223,18794
409780080,18795
409787677,18791
409795543,18790
409802412,18798
409810078,18794
409817906,18796
409826096,18794
409833909,18794
409841482,18790
409849354,18796
409856959,18799
409864853,18795
409872451,18821
409880269,18818
409887840,18820
409895705,18824
409903263,18826
409911081,18827
409918724,18822
409926558,18824
409934215,18831
409942064,18823
409949649,18833
409956477,18829
409964320,18829
409971926,18827
409979818,18830
409987386,18835
409994285,18819
410002086,18813
410009753,18811
410017570,18808
410025208,18805
410033674,18800
410040555,18807
410048172,18803
410055961,18804
410063561,18798
410071426,18789
410079038,18789
410086899,18791
410094461,18793
410102334,18789
410116871,18762
410124700,18763
410132298,18764
410140154,18768
410147798,18769
410162304,18765
410169907,18771
410177832,18763
410185436,18768
410191591,18760
410199262,18763
410207155,18767
410214808,18761
410222676,18762
410230312,18766
410238111,18759
410245726,18754
410254194,18759
410261829,18751
410269672,18761
410276561,18755
410284221,18760
410292056,18758
410299670,18755
410307485,18759
410315132,18754
410322936,18754
410330536,18756
410338389,18750
410352844,18756
410360752,18760
410368331,18758
410376164,18754
410383811,18759
410391665,18760
410399327,18760
410407165,18760
410414770,18765
410422680,18760
410430298,18760
410438089,18765
410445705,18766
410453524,18764
410461848,18763
410469707,18784
410477289,18780
410485082,18783
410492718,18788
410500543,18785
410508212,18785
410515103,18782
410523037,18786
410530642,18789
410538485,18785
410546120,18786
410553947,18788
410561511,18784
410569327,18786
410576940,18796
410591603,18805
410599253,18813
410607065,18813
410614686,18806
410622538,18808
410630188,18814
410637976,18814
410645573,18813
410653466,18810
410661127,18814
410668930,18811
410676599,18813
410684417,18816
410691995,18816
410699863,18816
410707428,18838
410715281,18837
410722931,18841
410730794,18835
410738394,18836
410746243,18840
410753129,18842
410760728,18846
410768539,18848
410776219,18841
410784034,18841
410791631,18846
410798503,18846
410806357,18843
410813985,18845
410821868,18840
410829459,18775
410837270,18766
410844883,18763
410852760,18768
410860339,18775
410868187,18762
410876370,18765
410884254,18767
410891871,18767
410899719,18766
410906614,18761
410914271,18759
410922127,18761
410929740,18758
410937572,18760
410952101,18747
410958959,18750
410966856,18747
410974439,18749
410982297,18751
410989918,18741
410997801,18750
411005417,18749
411013249,18752
411020867,18749
411028779,18752
411036360,18755
411044176,18748
411051847,18748
411059730,18751
411067364,18740
411075180,18734
411082757,18743
411091286,18738
411098912,18742
411106784,18746
411113692,18738
411121301,18739
411129109,18738
411136752,18744
411144581,18740
411152210,18737
411160001,18742
411167608,18734
411175467,18736
411183095,18740
411190933,18762
411197820,18758
411205417,18758
411213234,18758
411220843,18760
411228660,18761
411236245,18756
411244079,18759
411251718,18755
411259581,18761
411266503,18762
411274139,18755
411281937,18760
411289579,18765
411297968,18767
411312444,18775
411320289,18777
411327942,18781
411335814,18783
411343416,18782
411351261,18775
411358881,18784
411366688,18783
411374304,18790
411382162,18789
411389839,18784
411397751,18781
411412026,18789
411426878,18802
411433711,18802
411441339,18808
411449197,18802
411456856,18805
411464760,18805
411471683,18807
411479341,18805
411487136,18804
411494763,18810
411501650,18806
411509497,18802
411517724,18812
411524567,18816
411532442,18809
411546898,18763
411553803,18762
411561617,18763
411569285,18764
411577067,18758
411584711,18761
411591584,18752
411599443,18749
411607106,18752
411615007,18745
411621843,18747
411629419,18745
411637271,18750
411644909,18741
411652799,18741
411667306,18716
411674107,18714
411682039,18708
411689597,18711
411697448,18714
411705043,18708
411711889,18702
411719815,18710
411727976,18710
411735905,18708
411743490,18707
411751306,18705
411758903,18709
411766756,18703
411774353,18706
411782146,18708
411789036,18700
411796657,18703
411804489,18703
411812150,18706
411819926,18702
411826789,18705
411834322,18696
411842133,18703
411849758,18694
411857622,18700
411865263,18703
411873096,18703
411880763,18706
411888614,18703
411896239,18698
411904014,18713
411911604,18711
411919459,18713
411927107,18718
411934957,18711
411943275,18711
411951124,18711
411958764,18714
411966644,18720
411974246,18714
411981470,18713
411989089,18718
411996965,18717
412004550,18712
412011389,18721
412026158,18734
412033814,18737
412041674,18737
412049294,18735
412057106,18744
412064735,18748
412072578,18743
412080236,18746
412088047,18737
412095650,18737
412103504,18741
412111129,18740
412118960,18737
412126578,18744
412134474,18742
412142095,18766
412149626,18767
412157477,18767
412165114,18767
412172986,18771
412180598,18773
412187496,18766
412195355,18768
412202961,18772
412210872,18767
412218476,18766
412226359,18769
412233964,18767
412241815,18769
412249393,18774
412264137,18791
412270986,18788
412278598,18784
412286446,18788
412294082,18781
412301937,18786
412309552,18782
412317425,18780
412325057,18774
412332935,18770
412339764,18771
412347349,18765
412355188,18768
412363404,18761
412371212,18753
412384882,18698
412392511,18695
412400371,18690
412407988,18696
412415871,18695
412423450,18690
412430321,18692
412438176,18688
412445778,18691
412453596,18689
412460490,18690
412468129,18696
412475975,18689
412483582,18685
412491423,18686
412499024,18680
412506867,18687
412514403,18683
412522273,18683
412529905,18675
412537730,18680
412544597,18681
412552246,18681
412560049,18682
412568193,18682
412575046,18680
412582887,18679
412590471,18681
412598353,18679
412606011,18678
412613908,18678
412621485,18685
412629302,18678
412636928,18682
412651402,18685
412659023,18684
412666973,18679
412674616,18684
412682479,18684
412689340,18685
412696976,18686
412704855,18685
412712438,18682
412720282,18684
412727916,18688
412741696,18706
412748598,18705
412756453,18688
412764054,18713
412771902,18710
412779477,18717
412787933,18708
412795577,18714
412803407,18719
412810257,18719
412817901,18710
412825774,18715
412833348,18710
412841166,18710
412848801,18719
412862538,18734
412869426,18734
412877274,18734
412884852,18738
412892644,18735
412900268,18743
412907145,18738
412914963,18741
412922601,18737
412930460,18740
412938141,18746
412945949,18745
412953612,18740
412961471,18742
412969123,18744
412976005,18766
412983889,18765
412991495,18760
412999900,18767
413007506,18765
413015339,18767
413022210,18772
413029812,18769
413037659,18772
413045282,18770
413053069,18775
413060713,18773
413068564,18776
413076267,18771
413084108,18783
413091751,18782
413099557,18755
413106427,18753
413114033,18749
413121929,18747
413129524,18744
413137361,18738
413144961,18742
413152842,18733
413160431,18732
413168275,18727
413175886,18725
413183746,18723
413191366,18724
413199213,18726
413207358,18723
413221164,18689
413228968,18689
413236558,18683
413244392,18691
413252002,18688
413259906,18687
413267494,18689
413275393,18694
413283002,18686
413289937,18683
413297813,18685
413305413,18687
413313262,18683
413320879,18682
413328811,18690
413342622,18689
413349522,18685
413357181,18678
413364944,18685
413372566,18684
413380401,18687
413388004,18684
413395924,18682
413403522,18680
413410386,18674
413418223,18686
413426412,18677
413434255,18674
413441899,18682
413449818,18680
413457448,18695
413464299,18691
413472136,18690
413479752,18690
413487611,18694
413495250,18687
413503079,18692
413510677,18693
413518581,18696
413525516,18698
413533160,18698
413541054,18698
413548640,18692
413556469,18695
413564080,18693
413571938,18701
413579504,18729
413587376,18723
413595035,18723
413602913,18723
413610430,18726
413618270,18722
413625886,18726
413634352,18729
413641263,18729
413648886,18722
413656746,18729
413664400,18731
413672246,18731
413679870,18734
413687722,18728
413702208,18756
413710017,18755
413717617,18752
413725494,18750
413733145,18755
413741058,18751
413747921,18758
413755517,18753
413762405,18758
413770212,18753
413777834,18759
413785716,18761
413793371,18760
413801205,18767
413808844,18767
413816770,18788
413824359,18782
413832163,18793
413840306,18794
413848203,18792
413855832,18797
413863716,18789
413871327,18794
413878182,18797
413886003,18797
413900273,18797
413908190,18798
413915842,18800
413923707,18802
413938256,18743
413945111,18743
413952946,18746
413960613,18746
413968449,18741
413976035,18736
413983847,18734
413991471,18732
413999303,18739
414006952,18727
414014841,18732
414022475,18728
414030296,18731
414037909,18735
414045784,18725
414053377,18723
414061204,18723
414068851,18720
414076774,18719
414084394,18722
414092223,18714
414099822,18721
414106692,18719
414114518,18718
414122144,18720
414129989,18713
414137596,18714
414145407,18717
414153010,18720
414160896,18721
414168466,18720
414176303,18719
414183902,18722
414191778,18719
414199364,18713
414207194,18725
414214803,18719
414222637,18718
414229499,18719
414237082,18718
414244934,18714
414252494,18721
414260372,18722
414268689,18722
414276579,18724
414284253,18722
414292094,18728
414299687,18740
414307588,18736
414315260,18737
414323101,18739
414330729,18732
414338591,18740
414345442,18733
414353038,18743
414360924,18738
414368523,18742
414376381,18739
414384005,18740
414391871,18742
414399418,18742
414407275,18741
414414894,18760
414422790,18764
414430371,18763
414438188,18765
414445817,18765
414453664,18767
414461321,18767
414468132,18773
414476642,18766
414484329,18766
414492115,18768
414499693,18766
414507543,18769
414515182,18776
414523019,18777
414530622,18795
414537510,18796
414545375,18796
414553009,18794
414560868,18795
414568455,18795
414576322,18801
414583192,18792
414590838,18798
414598720,18799
414606366,18793
414614184,18801
414621827,18796
414629675,18801
414637324,18798
414645095,18801
414652735,18826
414660567,18827
414668192,18825
414676040,18832
414684239,18827
414691999,18825
414699553,18824
414706379,18824
414714199,18821
414721849,18817
414729665,18822
414737322,18817
414745116,18808
414752742,18807
414760573,18806
414775060,18752
414782899,18752
414790439,18756
414798327,18757
414805938,18757
414813838,18755
414821415,18746
414829239,18753
414836888,18760
414844706,18750
414852318,18759
414860195,18752
414867824,18751
414875741,18751
414883385,18747
414891128,18757
414898580,18754
414906169,18754
414914022,18756
414921670,18749
414929497,18757
414937108,18757
414943997,18753
414951882,18758
414959515,18751
414967297,18754
414974886,18750
414982753,18761
414990417,18758
414998270,18754
415005892,18755
415013792,18750
415021379,18748
415029212,18753
415036854,18752
415044691,18749
415052348,18754
415060232,18759
415067856,18755
415075665,18760
415083328,18760
415091174,18756
415098798,18759
415107241,18762
415114895,18751
415122782,18762
415143896,18765
415151826,18774
415159418,18773
415167227,18779
415174074,18769
415180928,18780
415188460,18775
415196306,18776
415203990,18777
415211881,18772
415219524,18780
415227350,18779
415234983,18781
415249733,18792
415256620,18802
415264266,18800
415271178,18804
415279017,18800
415286648,18799
415293542,18803
415301374,18804
415309017,18805
415316885,18803
415325161,18807
415333023,18799
415340601,18805
415348477,18810
415356122,18810
415370868,18828
415377725,18834
415385345,18837
415392214,18828
415400038,18834
415407666,18834
415414573,18837
415421448,18833
415429274,18838
415436857,18840
415444661,18836
415452279,18837
415460096,18836
415467678,18840
415475583,18840
415490186,18797
415497993,18797
415505549,18792
415512358,18787
415520190,18789
415527842,18790
415536283,18792
415543880,18787
415551771,18785
415559373,18774
415567192,18781
415574792,18777
415582600,18779
415590266,18776
415605015,18754
415612626,18756
415620481,18753
415628063,18762
415635932,18756
415643527,18755
415651352,18755
415658251,18751
415665874,18744
415673746,18752
415681369,18754
415689172,18751
415696752,18753
415704598,18753
415712248,18750
415720031,18741
415727665,18745
415735512,18736
415743792,18739
415751726,18741
415759352,18737
415767110,18733
415773974,18735
415781565,18738
415789436,18737
415797055,18740
415804958,18738
415812507,18738
415820346,18739
415827980,18744
415835863,18746
415843449,18745
415851304,18743
415858203,18743
415865864,18745
415873694,18740
415881293,18742
415889125,18741
415896023,18739
415903608,18754
415911444,18748
415919037,18746
415926902,18746
415934453,18749
415942332,18748
415949969,18750
415965313,18767
415972934,18766
415980788,18770
415988415,18766
415996249,18768
416003889,18769
416011752,18766
416019395,18772
416027202,18765
416034808,18771
416042614,18771
416050275,18773
416058158,18774
416065771,18774
416073576,18767
416081237,18796
416089012,18796
416096629,18797
416104514,18794
416112110,18797
416119942,18801
416127557,18799
416133659,18792
416141297,18803
416149142,18796
416156767,18798
416165220,18802
416172840,18797
416180682,18797
416188338,18800
416196171,18803
416203811,18827
416211618,18820
416218548,18824
416226164,18824
416233061,18827
416240936,18826
416248534,18826
416256411,18822
416264001,18824
416271861,18824
416279448,18813
416287291,18815
416294885,18811
416302659,18808
416310304,18811
416318160,18800
416325773,18729
416333618,18732
416341275,18729
416349123,18732
416356742,18730
416364594,18731
416371509,18730
416386656,18724
416394364,18718
416402257,18729
416409883,18723
416417750,18721
416425370,18727
416433188,18765
416447667,18710
416454572,18711
416462441,18706
416470074,18713
416477955,18706
416485550,18708
416492397,18710
416500214,18706
416507791,18708
416515593,18704
416523258,18707
416531092,18705
416538721,18712
416546570,18709
416554225,18712
416562017,18693
416569658,18699
416577474,18698
416585099,18699
416593626,18695
416601301,18699
416607436,18694
416615047,18695
416622977,18695
416630572,18696
416638397,18699
416645990,18692
416653879,18694
416661467,18698
416669372,18694
416683846,18717
416691673,18713
416699282,18719
416707133,18711
416714737,18717
416722545,18719
416730176,18720
416738029,18726
416745672,18718
416753539,18722
416761174,18719
416769039,18721
416776624,18723
416784467,18723
416792106,18719
416800679,18742
416808360,18736
416815171,18744
416823079,18747
416830652,18743
416838522,18746
416845356,18748
416852934,18746
416860793,18744
416868407,18749
416876249,18746
416883911,18751
416891786,18751
416899363,18752
416907098,18750
416914687,18747
416922528,18777
416930121,18767
416938044,18781
416945655,18773
416952473,18773
416960290,18776
416967894,18778
416975756,18776
416983386,18780
416991229,18783
416998862,18777
417006710,18786
417014974,18777
417022893,18776
417030450,18788
417045058,18773
417052670,18778
417060547,18770
417068136,18763
417075993,18760
417083666,18764
417090544,18758
417098338,18753
417105930,18751
417113736,18736
417121395,18737
417129276,18739
417136924,18741
417144764,18740
417152391,18727
417160232,18685
417167858,18687
417175673,18689
417183303,18684
417191114,18686
417198730,18685
417205618,18686
417213488,18690
417221737,18684
417229550,18687
417237200,18691
417245037,18689
417252684,18680
417260500,18689
417268109,18689
417275963,18688
417283593,18687
417291403,18686
417299004,18686
417306857,18687
417314453,18682
417322294,18688
417329157,18686
417336718,18684
417344553,18686
417352209,18682
417360041,18682
417367678,18680
417375539,18680
417383147,18682
417390999,18684
417398602,18686
417406439,18689
417414077,18693
417421995,18692
417430234,18686
417437084,18682
417444959,18691
417452607,18689
417460451,18692
417468069,18695
417475975,18687
417483590,18689
417491423,18691
417499047,18695
417506942,18691
417514499,18695
417522333,18718
417529950,18725
417536800,18724
417544656,18722
417552323,18720
417560170,18721
417566997,18727
417574633,18724
417582457,18726
417590086,18722
417597957,18727
417605520,18726
417613382,18727
417627908,18726
417635564,18756
417644048,18745
417650927,18751
417658585,18751
417666515,18751
417674147,18756
417680298,18761
417687956,18757
417695865,18757
417703437,18756
417711244,18755
417718879,18762
417726679,18762
417734334,18762
417742130,18758
417749749,18757
417757608,18781
417765232,18784
417773114,18787
417780651,18786
417788513,18779
417795367,18794
417802205,18786
417809827,18785
417817649,18786
417825317,18788
417833154,18788
417840776,18795
417848590,18791
417856810,18772
417864654,18794
417872284,18794
417880090,18734
417887719,18731
417895582,18728
417903213,18726
417911062,18718
417917936,18721
417925571,18723
417933453,18717
417941028,18713
417948885,18719
417956493,18714
417964295,18719
417971881,18713
417979753,18714
417987373,18714
418002050,18702
418009630,18703
418017511,18703
418025120,18704
418033003,18707
418040547,18707
418048391,18705
418056012,18706
418064456,18703
418072089,18707
418079976,18707
418087580,18706
418095443,18703
418103074,18703
418110964,18701
418118546,18710
418126454,18706
418133314,18703
418140936,18702
418148844,18711
418155056,18700
418162664,18704
418170491,18705
418178065,18701
418185941,18701
418193554,18699
418201413,18705
418209036,18705
418216923,18699
418224460,18708
418232279,18706
418239924,18721
418247818,18728
418255432,18730
418263324,18727
418271564,18725
418279465,18719
418286374,18724
418293990,18726
418301877,18731
418309448,18735
418317323,18728
418324923,18728
418332795,18727
418340429,18730
418348283,18729
418362755,18746
418370620,18757
418378249,18746
418386044,18750
418392896,18752
418400457,18759
418407326,18755
418415195,18752
418422825,18754
418430663,18757
418438335,18758
418446117,18762
418453683,18754
418461533,18757
418469123,18755
418477011,18774
418485283,18785
418493147,18781
418500728,18783
418508555,18785
418516147,18782
418523062,18783
418530986,18788
418538598,18787
418546439,18788
418554032,18790
418561868,18792
418569474,18790
418577249,18794
418584827,18792
418592692,18790
418600344,18782
418608182,18783
418615061,18772
418622666,18768
418630496,18766
418638096,18763
418645979,18760
418653599,18756
418661438,18757
418669070,18746
418676897,18752
418684479,18746
418692910,18745
418700525,18747
418708330,18742
418722753,18711
418730617,18712
418738263,18710
418746094,18706
418752929,18706
418760496,18713
418768297,18706
418775916,18716
418783764,18715
418791418,18711
418799247,18705
418806846,18709
418814676,18706
418822365,18709
418830201,18709
418837820,18705
418845694,18705
418853354,18706
418861185,18704
418874951,18711
418881915,18704
418889558,18711
418897403,18706
418905015,18699
418913425,18705
418921110,18705
418928984,18705
418936625,18707
418944476,18704
418959004,18713
418966902,18713
418973720,18714
418981362,18715
418988233,18720
418995131,18717
419002031,18713
419009912,18714
419017490,18712
419025307,18721
419032932,18718
419040790,18724
419048408,18720
419056222,18721
419063850,18720
419078575,18741
419086240,18743
419093103,18741
419101009,18740
419107834,18746
419115446,18744
419123181,18743
419130800,18744
419138648,18747
419146290,18748
419154156,18747
419161724,18747
419169566,18749
419177161,18750
419185068,18747
419192720,18766
419200629,18770
419208263,18774
419216083,18774
419223714,18772
419231564,18777
419239168,18775
419247016,18781
419254605,18774
419262461,18776
419270113,18778
419278006,18777
419285631,18780
419293423,18778
419301036,18776
419308930,18776
419316518,18804
419324365,18804
419331828,18803
419339428,18810
419346286,18804
419353170,18798
419360068,18795
419367941,18803
419375516,18801
419383360,18797
419390994,18796
419398894,18794
419406511,18790
419414332,18783
419422010,18784
419429787,18784
419437423,18717
419445244,18718
419452826,18713
419460679,18721
419468328,18716
419476148,18718
419483759,18713
419491662,18720
419499293,18714
419507117,18717
419514717,18717
419522587,18716
419530243,18712
419538769,18718
419546427,18719
419561078,18714
419568694,18721
419576574,18713
419583466,18712
419591060,18721
419598944,18708
419606545,18717
419614369,18717
419621994,18715
419629848,18716
419637444,18713
419645262,18720
419652881,18713
419660782,18719
419668395,18710
419676180,18717
419683774,18720
419690647,18717
419698506,18721
419706091,18721
419713957,18720
419721495,18718
419729334,18721
419736959,18713
419744824,18718
419753021,18714
419760921,18723
419768495,18721
419776309,18714
419783921,18716
419791730,18722
419799380,18743
419807243,18748
419814890,18745
419821728,18745
419829586,18746
419836434,18741
419844042,18750
419851914,18750
419859495,18748
419867341,18745
419874957,18750
419882857,18747
419890456,18752
419898272,18748
419905861,18753
419920582,18775
419928215,18774
419936090,18776
419943666,18770
419951540,18776
419959750,18768
419967597,18775
419975197,18775
419983080,18777
419990726,18781
419998609,18778
420006272,18781
420014071,18784
420021652,18781
420029481,18782
420037082,18800
420044928,18803
420051787,18806
420059483,18808
420067343,18809
420074193,18801
420081842,18807
420089677,18809
420097276,18809
420105101,18813
420119585,18808
420127319,18813
420135214,18809
420142829,18809
420157071,18766
420164727,18768
420173137,18816
420179998,18755
420187590,18761
420195428,18752
420202287,18754
420209929,18751
420217804,18753
420225434,18749
420233221,18749
420240847,18747
420248667,18747
420256346,18740
420264156,18742
420271784,18737
420279676,18734
420287368,18733
420295227,18728
420302837,18736
420310687,18732
420318367,18729
420326151,18729
420333788,18730
420341651,18733
420349325,18728
420357174,18725
420364773,18730
420372623,18734
420380887,18729
420395701,18735
420403370,18734
420410208,18734
420417088,18730
420424986,18736
420432578,18732
420440397,18731
420447997,18735
420455798,18730
420463433,18733
420471300,18731
420478932,18734
420486729,18734
420494365,18735
420502154,18733
420516627,18753
420524496,18746
420532147,18743
420540029,18751
420547597,18752
420555431,18751
420563058,18747
420570924,18751
420578498,18751
420586330,18748
420594528,18754
420602402,18755
420610036,18757
420617945,18759
420632339,18771
420640160,18771
420647807,18773
420654718,18778
420662586,18780
420670223,18779
420678100,18774
420685712,18779
420693543,18781
420701146,18778
420709007,18786
420716579,18778
420724461,18780
420732065,18787
420739994,18780
420747606,18806
420755446,18805
420763046,18812
420769937,18812
420777823,18808
420785458,18813
420792271,18808
420800082,18814
420808237,18811
420816110,18810
420823708,18814
420831532,18811
420839125,18821
420847019,18817
420854609,18818
420862478,18818
420870117,18838
420878013,18835
420885634,18838
420893425,18829
420901051,18831
420908944,18818
420916551,18830
420924408,18819
420931292,18818
420938902,18815
420946740,18816
420954384,18809
420962216,18808
420969821,18811
420977649,18800
420992112,18770
421000027,18768
421007628,18761
421016099,18769
421023734,18764
421030601,18760
421038428,18765
421046046,18767
421053925,18756
421061526,18755
421069372,18763
421077002,18762
421084880,18756
421092514,18758
421100328,18768
421107957,18759
421115825,18759
421123498,18759
421130375,18761
421138210,18762
421145841,18759
421153699,18760
421161341,18757
421169185,18754
421176807,18758
421184657,18762
421192274,18760
421200074,18760
421207683,18757
421215538,18752
421230524,18755
421238365,18757
421245972,18763
421252850,18758
421260741,18758
421268389,18764
421276222,18766
421283851,18763
421291667,18768
421299289,18769
421307139,18758
421314760,18755
421322609,18766
421330169,18770
421338076,18762
421345729,18776
421360209,18776
421367079,18777
421374798,18777
421382682,18782
421389537,18781
421397150,18779
421405027,18783
421412615,18782
421420552,18778
421428172,18780
421435992,18786
421444312,18784
421452129,18791
421466631,18797
421474492,18804
421482113,18803
421489982,18802
421497541,18802
421505353,18804
421512992,18802
421520821,18808
421528467,18805
421536278,18807
421543875,18807
421551696,18803
421559363,18808
421567169,18812
421574747,18808
421582613,18831
421590254,18828
421598082,18828
421604962,18832
421612581,18834
421620414,18832
421627279,18834
421634915,18826
421642719,18833
421651005,18836
421658947,18830
421666552,18833
421674393,18832
421682040,18837
421689883,18834
421697499,18835
421705345,18765
421712936,18767
421720773,18768
421727677,18768
421735326,18763
421743195,18763
421750796,18764
421758632,18761
421766266,18764
421774156,18761
421781737,18759
421789605,18759
421797226,18760
421805096,18759
421812642,18759
421827410,18749
421835024,18746
421842824,18749
421850476,18747
421858948,18748
421865861,18757
421873440,18743
421881247,18752
421888851,18750
421896702,18750
421904377,18752
421912156,18750
421919770,18747
421927636,18755
421935311,18750
421943136,18746
421950729,18738
421958559,18742
421964718,18741
421972390,18748
421980197,18743
421987066,18744
421994694,18743
422002570,18743
422010272,18746
422018108,18742
422025707,18743
422033552,18746
422041167,18738
422049048,18743
422056638,18744
422064505,18756
422072669,18762
422080520,18757
422088122,18756
422095984,18750
422102875,18761
422110518,18758
422118376,18757
422126006,18758
422133863,18757
422141536,18758
422149444,18762
422157053,18760
422164937,18753
422172537,18764
422180385,18766
422188023,18776
422195900,18776
422202775,18776
422210410,18777
422218213,18779
422225787,18780
422233641,18780
422241262,18779
422249107,18781
422256744,18779
422264596,18784
422272274,18783
422280791,18781
422288455,18782
422296247,18788
422310750,18807
422318586,18797
422326246,18801
422334126,18807
422341045,18807
422348673,18802
422356507,18810
422364100,18805
422371958,18809
422379553,18812
422387425,18814
422395042,18810
422402902,18807
422410517,18809
422418349,18816
422425968,18746
422433841,18748
422440767,18746
422447731,18754
422455382,18748
422463205,18741
422470857,18737
422478728,18743
422486963,18739
422494917,18742
422502474,18732
422510310,18734
422517925,18732
422525794,18731
422533441,18734
422548183,18716
422555781,18709
422563643,18714
422571216,18712
422579052,18711
422586660,18711
422594523,18712
422609063,18707
422616743,18712
422623641,18714
422631490,18710
422639120,18720
422646989,18712
422654617,18714
422662471,18705
422670089,18702
422677015,18707
422683874,18704
422691728,18702
422698613,18706
422706778,18703
422714598,18709
422722232,18700
422730146,18709
422737760,18704
422744644,18705
422752521,18704
422760118,18706
422767995,18703
422775631,18705
422783426,18715
422791117,18714
422798987,18720
422806568,18719
422814391,18716
422822035,18720
422829866,18719
422837472,18715
422845228,18717
422852820,18723
422859685,18720
422867535,18718
422875224,18724
422883110,18721
422890668,18723
422898474,18722
422906112,18740
422914618,18748
422922283,18739
422930115,18740
422936981,18746
422944639,18746
422952513,18749
422960096,18743
422967948,18747
422975508,18747
422983378,18754
422990995,18744
422998865,18749
423006479,18740
423014346,18750
423028878,18766
423035725,18771
423043559,18766
423051179,18763
423059032,18772
423066674,18775
423074553,18768
423082162,18775
423090038,18772
423097671,18773
423105508,18773
423113137,18775
423120991,18769
423129330,18777
423137164,18772
423144800,18788
423152652,18784
423160282,18784
423167160,18785
423175071,18781
423182634,18775
423190478,18771
423198104,18761
423205979,18762
423213546,18766
423221411,18762
423229050,18756
423236961,18747
423244550,18751
423252367,18744
423266812,18696
423273704,18701
423281593,18703
423289183,18699
423297012,18699
423304577,18701
423312437,18694
423320058,18705
423327953,18695
423336220,18699
423344068,18697
423351638,18699
423359472,18699
423367125,18697
423374978,18700
423382580,18691
423390466,18687
423398085,18689
423404987,18685
423412851,18687
423419738,18694
423427367,18689
423435214,18689
423442851,18688
423450719,18690
423458341,18686
423466144,18696
423473795,18694
423481618,18689
423489236,18688
423497095,18688
423504664,18690
423511502,18691
423519328,18695
423526980,18696
423534851,18687
423543157,18698
423551081,18688
423558642,18694
423566482,18692
423574088,18693
423581955,18690
423588828,18701
423596488,18695
423604369,18694
423611950,18696
423619792,18703
423627392,18716
423635159,18726
423642778,18722
423650629,18717
423657482,18716
423665097,18720
423672987,18719
423680537,18721
423688367,18726
423696013,18720
423703904,18725
423711525,18727
423719329,18723
423726984,18719
423734883,18730
423749736,18748
423757998,18752
423764881,18751
423772722,18753
423780351,18745
423788221,18747
423795812,18750
423803680,18753
423811320,18747
423819146,18754
423826721,18754
423834583,18757
423848765,18750
423863623,18774
423870492,18783
423878111,18777
423886010,18777
423893562,18782
423901397,18779
423908999,18782
423916879,18790
423924537,18788
423932392,18780
423940027,18786
423947881,18782
423955544,18786
423963360,18788
423971532,18788
423979373,18732
423986242,18729
423993905,18726
424000750,18726
424008600,18718
424016234,18721
424024078,18722
424031653,18719
424039473,18722
424047086,18714
424054971,18716
424062596,18715
424070436,18710
424078082,18709
424085937,18709
424093510,18717
424101324,18697
424108936,18697
424116747,18695
424124389,18697
424132196,18694
424139807,18700
424147656,18696
424155283,18697
424163130,18695
424170706,18698
424179079,18701
424186696,18697
424193615,18699
424201452,18699
424209098,18703
424223765,18698
424231214,18697
424239079,18697
424246657,18698
424254485,18695
424262108,18699
424269973,18695
424277556,18699
424285379,18696
424292959,18695
424300774,18700
424308417,18698
424316220,18701
424323814,18701
424331677,18698
424339319,18714
424346167,18708
424354058,18715
424361676,18717
424369492,18719
424377069,18718
424384880,18713
424393101,18718
424400964,18721
424408621,18720
424416484,18720
424424093,18718
424432013,18723
424439608,18719
424447456,18718
424455109,18720
424462029,18742
424469906,18743
424477522,18742
424485345,18744
424492193,18746
424499770,18749
424507653,18746
424515269,18751
424523091,18749
424530692,18749
424538537,18749
424546165,18754
424554032,18746
424561616,18752
424569414,18751
424583962,18771
424591777,18778
424600056,18773
424607974,18775
424615558,18776
424623369,18778
424631003,18785
424638814,18783
424646428,18784
424654207,18779
424661814,18780
424669661,18779
424676525,18782
424684134,18788
424698905,18805
424706478,18806
424714273,18805
424721898,18807
424729747,18801
424737422,18805
424745288,18799
424752943,18796
424760758,18793
424768424,18787
424776193,18782
424783815,18786
424791667,18779
424798584,18778
424806769,18773
424814667,18721
424821587,18727
424829186,18723
424837099,18725
424844086,18721
424851986,18726
424859561,18721
424867428,18727
424875044,18727
424882899,18722
424890500,18724
424898341,18722
424905989,18720
424913863,18723
424921468,18728
424929358,18722
424937012,18721
424944872,18723
424952475,18721
424960245,18722
424967878,18724
424974768,18723
424982628,18724
424990204,18721
424998076,18715
425005679,18720
425013564,18724
425021695,18722
425029559,18720
425036405,18720
425044044,18721
425058891,18723
425066500,18728
425074289,18725
425081883,18723
425096339,18726
425104196,18730
425111810,18730
425119670,18725
425127253,18728
425135147,18725
425142738,18730
425150571,18724
425158186,18731
425172993,18749
425179846,18754
425187533,18753
425195351,18750
425202217,18750
425209830,18751
425217686,18753
425225331,18750
425233817,18749
425241467,18747
425249286,18753
425256890,18750
425264720,18752
425272346,18755
425280186,18755
425294648,18775
425302501,18775
425310140,18774
425318004,18767
425325590,18775
425332444,18779
425340267,18775
425347887,18776
425355714,18776
425363338,18779
425371160,18778
425378769,18785
425386648,18780
425394297,18780
425402152,18782
425409757,18797
425416668,18804
425424483,18799
425432107,18797
425439989,18801
425448295,18801
425456171,18802
425463796,18804
425471659,18803
425479312,18805
425487148,18802
425494762,18809
425502606,18806
425510223,18811
425518160,18793
425525800,18754
425532698,18744
425540566,18742
425548180,18747
425556054,18743
425562994,18741
425570869,18745
425578472,18737
425586275,18739
425593862,18740
425601738,18737
425609377,18735
425617168,18736
425624763,18741
425632606,18733
425639499,18735
425647119,18728
425655613,18727
425663228,18721
425671098,18722
425678748,18723
425686581,18727
425693465,18728
425701025,18727
425708843,18722
425716479,18722
425724340,18726
425732013,18722
425739911,18721
425747523,18721
425754381,18725
425762165,18725
425769783,18724
425777610,18726
425785220,18723
425793123,18724
425800766,18720
425808648,18720
425816259,18718
425824111,18719
425831653,18722
425839481,18724
425847137,18723
425855001,18727
425863273,18724
425871146,18723
425878789,18729
425892496,18735
425900363,18739
425907944,18742
425915798,18744
425922698,18745
425930324,18748
425938210,18746
425945829,18739
425953656,18745
425961280,18745
425969146,18749
425976729,18746
425984596,18749
425992224,18748
426000125,18750
426007692,18773
426015541,18772
426023151,18768
426031046,18769
426038586,18774
426046455,18771
426053341,18773
426060953,18771
426068826,18771
426077080,18777
426084921,18770
426092531,18775
426100342,18782
426107937,18778
426115782,18777
426130360,18797
426138194,18795
426145785,18802
426153616,18801
426161213,18804
426169083,18800
426176667,18802
426184543,18801
426192193,18805
426200078,18800
426207692,18805
426215586,18807
426223191,18800
426231026,18806
426238569,18806
426246350,18802
426253216,18790
426260846,18790
426268699,18794
426276323,18787
426283873,18781
426291726,18785
426299363,18777
426307171,18774
426314760,18774
426322646,18780
426336876,18771
426344794,18772
426352477,18766
426366206,18738
426374126,18737
426381793,18738
426389674,18736
426397322,18738
426405228,18736
426412140,18736
426419747,18738
426427545,18743
426435142,18741
426443006,18737
426450555,18736
426458449,18734
426466048,18734
426473938,18736
426481578,18737
426488418,18728
426496277,18731
426504550,18735
426512365,18733
426519217,18726
426526808,18733
426534660,18736
426542297,18734
426550149,18732
426557732,18723
426565587,18727
426573164,18734
426581048,18730
426588683,18728
426596535,18735
426604183,18739
426612038,18740
426619575,18736
426627431,18735
426635038,18741
426642832,18745
426649739,18746
426657380,18747
426665163,18740
426672744,18738
426680599,18741
426688191,18740
426696041,18745
426703611,18746
426712096,18743
426719729,18742
426726616,18766
426734439,18765
426742051,18764
426749933,18762
426757521,18764
426765383,18767
426772993,18768
426780850,18772
426788476,18775
426796336,18768
426803946,18767
426811782,18772
426819463,18773
426827299,18768
426834871,18779
426849620,18786
426857256,18794
426865113,18792
426872707,18790
426879599,18794
426887441,18793
426895009,18792
426902816,18792
426910432,18793
426918939,18795
426926604,18800
426934438,18795
426942106,18799
426949988,18799
426957613,18800
426964480,18819
426972325,18820
426979945,18816
426987792,18814
426995458,18817
427003278,18826
427010145,18819
427017730,18823
427025559,18825
427033181,18819
427041019,18824
427048589,18819
427056441,18822
427064046,18824
427071943,18826
427079551,18827
427087370,18768
427095001,18767
427102744,18768
427110380,18760
427118237,18765
427126431,18763
427134304,18755
427141940,18761
427149771,18758
427157386,18754
427165237,18752
427172856,18746
427180719,18746
427188342,18746
427196179,18749
427209884,18734
427217743,18731
427225381,18730
427233186,18727
427240016,18730
427247615,18727
427255451,18730
427263087,18732
427270968,18729
427278572,18729
427286400,18727
427294010,18726
427301853,18727
427309490,18727
427317221,18732
427324796,18729
427332654,18720
427340933,18718
427348777,18722
427356465,18723
427364245,18724
427371103,18722
427378725,18725
427386533,18719
427394188,18716
427402049,18723
427409623,18722
427417471,18724
427425073,18713
427432970,18720
427439812,18719
427447482,18735
427454383,18728
427462258,18726
427469820,18727
427477701,18729
427485340,18730
427493137,18730
427500716,18735
427508553,18735
427516219,18734
427524114,18731
427531723,18737
427539562,18734
427547795,18733
427555629,18731
427570150,18748
427584659,18757
427592538,18751
427599441,18755
427606346,18753
427613983,18752
427621815,18753
427629466,18758
427637305,18760
427644931,18757
427652774,18760
427660443,18759
427668228,18763
427675893,18762
427683811,18778
427691474,18778
427699307,18776
427706926,18778
427714757,18778
427722378,18784
427730198,18781
427737826,18779
427745695,18779
427753350,18780
427761882,18786
427769532,18780
427777347,18785
427784965,18782
427792801,18786
427807333,18804
427814244,18806
427822119,18804
427829719,18808
427837529,18810
427844381,18810
427851984,18807
427859838,18803
427867506,18806
427875302,18810
427882941,18813
427890785,18813
427898417,18811
427906235,18812
427913828,18812
427920713,18743
427928553,18740
427935425,18738
427943078,18736
427950959,18734
427958573,18734
427965454,18736
427973968,18730
427981570,18725
427989417,18726
427997074,18726
428004954,18725
428012603,18722
428020476,18724
428028077,18720
428035925,18722
428043517,18713
428051293,18718
428058844,18706
428066736,18709
428074392,18708
428081260,18709
428089109,18712
428096701,18719
428104537,18718
428112123,18711
428120026,18708
428127652,18708
428135495,18713
428143118,18715
428151029,18716
428158593,18710
428166427,18708
428173299,18705
428181452,18704
428189324,18709
428196880,18705
428204774,18706
428212438,18709
428220226,18706
428227843,18703
428235678,18705
428243267,18708
428251144,18706
428258756,18704
428266623,18700
428273442,18705
428287990,18715
428294833,18710
428302693,18725
428310287,18723
428317206,18718
428325056,18716
428332663,18721
428340520,18718
428348161,18716
428356051,18724
428363621,18726
428371438,18728
428379048,18720
428386914,18726
428394492,18728
428409025,18745
428416817,18740
428424500,18744
428432308,18745
428439895,18737
428447769,18746
428455380,18745
428463208,18748
428470868,18746
428478717,18748
428486318,18741
428494148,18747
428501769,18753
428509643,18749
428524136,18770
428532043,18774
428539663,18766
428547492,18774
428554363,18765
428561981,18762
428569831,18767
428577468,18778
428585262,18769
428592877,18772
428600745,18772
428609013,18775
428616850,18777
428624497,18773
428632293,18773
428639909,18777
428647782,18779
428654667,18763
428662281,18758
428670169,18753
428677804,18752
428684658,18751
428692478,18745
428700093,18739
428707939,18740
428715550,18737
428723344,18739
428730971,18733
428738807,18729
428746489,18722
428754257,18721
428761867,18688
428769718,18689
428776553,18691
428784141,18688
428792049,18688
428799673,18685
428807524,18686
428815673,18683
428830158,18691
428837810,18686
428845695,18685
428853324,18687
428861174,18681
428868072,18687
428882616,18679
428889455,18680
428897311,18684
428904905,18678
428912745,18681
428920386,18675
428928205,18681
428935834,18680
428943731,18682
428951383,18675
428959198,18673
428966775,18678
428974601,18681
428982218,18675
428990081,18675
428997677,18679
429005510,18680
429013174,18680
429021065,18677
429029254,18686
429037174,18680
429044021,18686
429051658,18679
429059539,18687
429067178,18685
429075069,18690
429082645,18685
429090477,18689
429098107,18687
429104986,18688
429112812,18686
429120500,18707
429128272,18708
429135889,18701
429143708,18708
429151283,18713
429159152,18708
429166733,18712
429174573,18714
429182177,18713
429190054,18715
429197684,18710
429205534,18716
429213190,18721
429221058,18714
429228642,18720
429244056,18736
429250921,18735
429258804,18742
429266489,18736
429274350,18737
429281217,18739
429288798,18738
429296623,18742
429304216,18741
429312095,18740
429319662,18742
429327546,18748
429335170,18746
429343077,18745
429350663,18745
429358542,18769
429366149,18771
429374072,18774
429381670,18775
429389487,18772
429397104,18770
429404977,18772
429412607,18771
429420411,18775
429428003,18780
429435845,18773
429443466,18775
429452019,18774
429458905,18774
429466557,18773
429481277,18690
429488866,18693
429496709,18689
429504311,18684
429511215,18685
429519114,18684
429526703,18691
429534528,18683
429542173,18682
429550056,18685
429557601,18690
429565481,18680
429573073,18683
429579904,18676
429587785,18678
429602313,18660
429610166,18665
429617072,18662
429624644,18666
429631463,18661
429639286,18663
429646884,18663
429654755,18663
429663040,18667
429670899,18664
429678522,18659
429686354,18668
429693977,18667
429701826,18668
429709456,18669
429717289,18656
429724880,18663
429732748,18657
429740372,18665
429747286,18661
429755151,18666
429762785,18664
429770630,18667
429778238,18657
429786106,18667
429793747,18667
429801569,18664
429809202,18663
429816108,18663
429823944,18666
429831556,18666
429839279,18681
429846878,18686
429854757,18682
429862411,18686
429870897,18685
429878575,18679
429885380,18684
429893071,18686
429900653,18684
429908500,18682
429916138,18689
429924016,18684
429931612,18688
429939469,18686
429947096,18692
429961815,18718
429969428,18715
429977243,18713
429984853,18717
429992718,18719
430000338,18714
430008184,18716
430015781,18717
430023626,18719
430031234,18717
430039074,18722
430046640,18725
430054468,18720
430062105,18725
430076636,18741
430085136,18741
430092681,18743
430100547,18747
430107448,18751
430115092,18753
430121988,18747
430129813,18747
430137484,18753
430145333,18752
430152979,18753
430160807,18755
430168443,18750
430176262,18748
430183859,18745
430198593,18762
430206236,18768
430214126,18769
430221019,18755
430228624,18756
430236462,18750
430244055,18756
430251860,18747
430259522,18741
430267388,18741
430275047,18735
430282867,18731
430290510,18730
430299084,18735
430306658,18728
430314498,18675
430322166,18669
430330082,18668
430336994,18670
430343873,18668
430351542,18674
430359359,18671
430366991,18672
430374817,18674
430382451,18669
430390297,18661
430397904,18671
430405779,18674
430413446,18671
430421223,18663
430435691,18666
430443523,18665
430451175,18661
430458041,18664
430464927,18663
430472780,18664
430480418,18663
430488237,18662
430495826,18657
430503649,18667
430511800,18666
430519655,18657
430527279,18659
430535181,18663
430542754,18664
430557421,18668
430565033,18667
430572873,18667
430579773,18662
430587410,18664
430595222,18667
430602862,18661
430610721,18672
430618329,18672
430626208,18671
430633763,18666
430641693,18670
430649326,18669
430657225,18672
430664788,18673
430672624,18688
430680250,18697
430688143,18696
430695703,18692
430703536,18698
430711172,18699
430719671,18695
430726548,18697
430734207,18697
430742090,18696
430749679,18699
430757478,18698
430765106,18699
430772947,18701
430780585,18701
430788392,18727
430796027,18721
430803867,18723
430811534,18725
430818388,18724
430826207,18726
430833802,18727
430841676,18731
430849287,18729
430857208,18731
430864789,18726
430872629,18727
430880270,18732
430888184,18732
430895028,18734
430902632,18732
430910463,18753
430918078,18753
430926528,18759
430934171,18753
430941015,18761
430948879,18762
430956524,18762
430963329,18762
430971191,18760
430978796,18771
430986654,18765
430994312,18766
431002169,18762
431009773,18760
431017620,18768
431025217,18771
431033063,18748
431040652,18746
431048519,18742
431056121,18737
431064038,18736
431071620,18732
431079447,18730
431087070,18731
431094888,18725
431102505,18724
431110315,18717
431117897,18716
431125773,18720
431133335,18720
431141204,18714
431155698,18689
431163529,18693
431171149,18692
431179073,18692
431186667,18691
431194515,18692
431202127,18684
431209985,18684
431217587,18687
431225403,18683
431232979,18682
431240849,18685
431248534,18683
431256318,18691
431263960,18687
431271786,18688
431279400,18690
431287251,18689
431294778,18691
431301660,18689
431316192,18688
431323162,18689
431330812,18691
431338653,18681
431346300,18688
431354841,18685
431362523,18691
431369341,18684
431377170,18685
431391666,18701
431399486,18702
431407125,18696
431415013,18694
431422592,18698
431430353,18705
431437954,18697
431445814,18702
431453445,18700
431461266,18706
431468903,18703
431476752,18705
431484324,18702
431492178,18703
431499761,18702
431507586,18727
431515210,18734
431523104,18734
431530722,18729
431537578,18732
431544453,18734
431552280,18728
431560508,18734
431568401,18738
431575985,18736
431583844,18739
431591482,18731
431599369,18738
431606232,18740
431613831,18743
431621643,18745
431629290,18763
431637173,18762
431644774,18761
431652636,18761
431660264,18769
431668129,18762
431675669,18770
431682552,18763
431690311,18765
431697919,18763
431705739,18771
431713328,18767
431721211,18769
431728813,18766
431736711,18771
431751141,18793
431758975,18788
431766629,18794
431775116,18797
431782703,18794
431790544,18794
431798203,18796
431806097,18797
431813739,18792
431821593,18796
431829200,18798
431837098,18804
431844690,18798
431852511,18804
431860114,18806
431867998,18729
431875636,18730
431883475,18733
431891090,18727
431897952,18726
431905819,18727
431913449,18725
431920335,18728
431928160,18725
431935772,18726
431943641,18718
431951263,18722
431959121,18724
431965958,18725
431973616,18718
431982039,18721
431989691,18715
431997541,18715
432005198,18718
432013111,18714
432020706,18718
432028534,18721
432036151,18718
432044021,18717
432051616,18720
432059461,18717
432067039,18723
432074942,18720
432082615,18721
432090392,18721
432098006,18715
432112734,18724
432120380,18720
432128275,18717
432135893,18715
432143764,18717
432151352,18722
432159208,18711
432166820,18719
432174625,18717
432182250,18718
432190764,18721
432198426,18717
432205259,18717
432213129,18713
432220702,18717
432228581,18739
432236178,18734
432244054,18736
432251644,18744
432258486,18743
432266279,18737
432273907,18737
432280803,18743
432288661,18739
432296268,18741
432304147,18743
432311711,18746
432319554,18736
432327212,18748
432335105,18749
432342729,18751
432350561,18759
432358132,18763
432366014,18766
432373587,18766
432381454,18768
432389084,18770
432396917,18774
432405196,18773
432412705,18770
432420311,18769
432428216,18772
432435807,18774
432442717,18777
432450539,18777
432458161,18775
432472980,18791
432480608,18797
432488411,18790
432496025,18784
432503844,18793
432511501,18791
432519319,18794
432526931,18797
432534838,18795
432542509,18793
432550327,18795
432564605,18801
432572490,18797
432587037,18783
432594906,18789
432602561,18778
432610361,18778
432618628,18773
432626464,18771
432633296,18769
432640158,18761
432647737,18759
432655611,18759
432663265,18756
432671126,18752
432678022,18750
432685623,18754
432693477,18753
432701097,18714
432708877,18720
432716535,18714
432724351,18717
432732002,18713
432738864,18721
432746726,18709
432753581,18713
432761244,18716
432769126,18713
432776685,18711
432784569,18708
432792185,18706
432799080,18717
432806994,18710
432814647,18708
432830034,18708
432837692,18703
432845519,18710
432853166,18706
432861046,18708
432868699,18702
432876558,18696
432884192,18705
432892039,18707
432899625,18706
432907414,18704
432914313,18702
432921972,18700
432929849,18704
432944352,18706
432952198,18702
432959799,18696
432967698,18708
432975291,18707
432983128,18706
432990717,18713
432998609,18708
433006236,18704
433014103,18714
433021675,18709
433029491,18715
433037617,18711
433045482,18712
433053117,18712
433060994,18727
433068648,18722
433076493,18726
433084143,18732
433091969,18727
433098885,18729
433106521,18725
433114343,18734
433121235,18728
433128864,18734
433136723,18738
433144349,18732
433151240,18741
433159123,18737
433166716,18735
433174552,18740
433182176,18755
433190081,18753
433197681,18756
433205502,18754
433213122,18751
433220994,18758
433228626,18758
433236417,18754
433244008,18759
433252413,18765
433260045,18759
433267845,18759
433275503,18758
433283351,18762
433290912,18757
433305672,18776
433313318,18779
433321197,18781
433328786,18783
433336638,18785
433344299,18786
433352191,18788
433359081,18788
433366651,18787
433374479,18785
433382149,18784
433390056,18790
433397705,18785
433405578,18785
433413201,18783
433420987,18706
433428620,18703
433436414,18704
433444019,18699
433451855,18700
433459544,18702
433467403,18697
433475010,18699
433481862,18702
433489677,18691
433497274,18691
433505143,18692
433512059,18695
433519646,18692
433527489,18689
433535153,18692
433543022,18679
433550673,18683
433558466,18680
433566113,18681
433573918,18680
433581579,18678
433589423,18675
433597091,18677
433604923,18675
433612606,18683
433620397,18681
433628018,18681
433635861,18681
433643495,18682
433651287,18677
433666284,18667
433674169,18668
433681805,18670
433689620,18676
433696488,18665
433704054,18675
433711888,18669
433719556,18675
433727396,18671
433735026,18667
433742859,18674
433749761,18677
433757348,18676
433765175,18680
433772746,18676
433780625,18688
433788270,18689
433802702,18688
433810572,18689
433818240,18694
433826109,18697
433833668,18697
433839774,18699
433847619,18692
433855278,18701
433863157,18701
433870772,18698
433878626,18692
433886878,18700
433901643,18719
433909267,18721
433917142,18718
433924772,18720
433932593,18715
433940274,18720
433948146,18722
433955724,18719
433962587,18720
433970350,18724
433977979,18722
433984839,18722
433992683,18721
434000323,18724
434008214,18724
434022668,18747
434030472,18746
434038089,18746
434045877,18749
434053575,18748
434061352,18743
434068979,18753
434075838,18752
434083717,18752
434091911,18751
434099786,18747
434107353,18752
434115222,18752
434122819,18752
434137504,18769
434145108,18776
434152945,18767
434160592,18770
434168464,18769
434176109,18753
434183964,18758
434191628,18755
434199415,18751
434207049,18752
434214919,18748
434222591,18743
434230351,18747
434237911,18737
434245765,18731
434253425,18680
434261275,18675
434268855,18677
434276739,18677
434284382,18670
434292223,18678
434299074,18677
434307295,18676
434314166,18678
434322079,18675
434329692,18673
434337524,18670
434344441,18673
434352054,18671
434359869,18674
434367481,18671
434375311,18672
434382914,18668
434390755,18671
434398400,18670
434406258,18669
434413836,18667
434421655,18673
434429278,18666
434437156,18669
434444781,18670
434452625,18673
434460238,18666
434468091,18670
434475651,18657
434483543,18664
434498112,18660
434505948,18664
434514247,18668
434522148,18667
434529749,18664
434536642,18669
434544471,18666
434552099,18666
434559903,18674
434567573,18673
434575366,18671
434582257,18672
434589840,18673
434597747,18682
434605338,18682
434613213,18697
434620778,18700
434628610,18693
434636232,18698
434644054,18693
434651644,18700
434659447,18701
434667041,18701
434673923,18700
434681807,18697
434689379,18707
434697220,18702
434704766,18704
434712623,18707
434720836,18703
434728734,18704
434736332,18727
434744226,18723
434751767,18727
434759653,18738
434767267,18726
434775134,18731
434782724,18733
434790585,18732
434798206,18734
434806082,18734
434812966,18733
434820605,18738
434828364,18736
434835984,18736
434843827,18741
434858344,18762
434866228,18764
434873852,18759
434881741,18768
434889369,18768
434897258,18765
434904830,18769
434912696,18769
434920327,18769
434928234,18771
434936534,18776
434943403,18769
434951258,18770
434958819,18773
434966631,18776
434974254,18739
434982127,18740
434989724,18737
434997590,18732
435005226,18732
435013126,18731
435019988,18732
435027604,18726
435035397,18725
435049654,18727
435056513,18723
435064381,18715
435072015,18716
435079881,18711
435094352,18694
435102215,18695
435109745,18693
435117634,18696
435125250,18694
435133147,18694
435140793,18691
435149274,18693
435156843,18693
435164686,18695
435171576,18693
435179154,18696
435186987,18691
435194639,18693
435202476,18695
435210107,18688
435217964,18699
435225588,18691
435233354,18693
435240971,18695
435248824,18690
435255690,18691
435263300,18694
435271191,18693
435278750,18690
435286615,18692
435294231,18694
435302091,18691
435309665,18695
435317474,18690
435325098,18690
435332904,18696
435340573,18699
435348413,18699
435356527,18699
435364414,18696
435372039,18698
435379908,18702
435386818,18705
435394463,18704
435402276,18697
435409851,18705
435416727,18706
435424533,18705
435432133,18709
435439974,18710
435454542,18728
435462373,18728
435470004,18730
435477857,18732
435485470,18730
435493285,18734
435500857,18737
435507723,18730
435515540,18735
435523158,18733
435530960,18736
435538620,18739
435546504,18735
435554139,18736
435561981,18739
435570252,18765
435578090,18763
435585708,18759
435593530,18759
435601198,18758
435609073,18759
435615948,18766
435622852,18759
435630486,18759
435638274,18762
435645863,18764
435653715,18766
435661348,18764
435669252,18763
435676857,18759
435684684,18768
435692297,18783
435700150,18784
435707735,18784
435715553,18786
435723164,18782
435731065,18783
435738668,18775
435746503,18777
435754110,18772
435761941,18777
435769585,18767
435777328,18763
435784990,18759
435792841,18756
435800486,18751
435815213,18698
435822758,18704
435830560,18694
435838201,18703
435846094,18698
435853685,18699
435861552,18698
435869187,18702
435877039,18692
435884641,18701
435892492,18695
435900129,18699
435907974,18702
435915580,18699
435923434,18693
435931065,18689
435938946,18694
435946601,18688
435954369,18692
435961991,18694
435969859,18696
435976737,18687
435983606,18694
435991762,18691
435999593,18688
436007222,18693
436015069,18690
436022694,18687
436030506,18693
436038131,18689
436045956,18689
436053583,18690
436061396,18691
436069055,18693
436076921,18686
436084569,18692
436092376,18691
436099973,18695
436107843,18694
436115505,18693
436123321,18692
436130160,18692
436137739,18694
436144595,18697
436152365,18696
436159931,18696
436167809,18700
436175388,18716
436183272,18717
436190860,18721
436199322,18714
436206897,18718
436214760,18720
436222364,18722
436230304,18725
436237892,18721
436245767,18723
436253386,18720
436261258,18723
436268855,18726
436276701,18727
436290907,18726
436298787,18746
436306480,18743
436314431,18744
436322076,18741
436329910,18746
436336082,18747
436343679,18748
436351503,18747
436359118,18744
436366008,18745
436373836,18751
436381503,18752
436389316,18754
436396960,18754
436404830,18749
436413101,18775
436420927,18775
436428546,18775
436436327,18781
436443944,18783
436450827,18778
436458677,18779
436466299,18784
436474197,18790
436481799,18786
436489661,18785
436497305,18783
436504164,18783
436511984,18789
436519590,18787
436527475,18786
436535134,18719
436543015,18709
436550651,18712
436558435,18711
436566036,18704
436573870,18706
436581503,18706
436589336,18699
436596950,18701
436603830,18699
436611698,18706
436619965,18708
436627851,18698
436635498,18706
436643279,18699
436657719,18686
436665577,18684
436673185,18685
436681082,18682
436688713,18683
436696553,18683
436704130,18681
436711984,18684
436719655,18685
436727449,18679
436735096,18688
436742955,18690
436750585,18687
436758425,18685
436766024,18682
436773819,18681
436781482,18682
436789338,18684
436796972,18683
436804878,18688
436811768,18684
436818606,18686
436826233,18683
436834707,18684
436841565,18684
436849205,18686
436857112,18682
436864723,18690
436872593,18682
436880211,18689
436888074,18684
436895689,18704
436903493,18708
436911160,18705
436918977,18710
436926594,18700
436934422,18701
436942045,18702
436949850,18704
436957416,18711
436965262,18705
436972871,18712
436980744,18708
436988330,18711
436996214,18714
437003795,18712
437018461,18735
437026030,18737
437033914,18737
437042168,18739
437050072,18733
437056945,18732
437064627,18741
437072476,18739
437080136,18716
437087947,18732
437095620,18738
437103439,18737
437110306,18735
437117915,18740
437125810,18739
437133382,18765
437141280,18764
437148860,18766
437156688,18768
437164291,18764
437172170,18765
437179803,18763
437187652,18772
437195281,18765
437203146,18772
437210733,18771
437218549,18769
437226182,18772
437234005,18764
437241677,18775
437256973,18783
437264626,18775
437272442,18772
437280031,18773
437287848,18767
437294745,18759
437302420,18758
437310335,18756
437317944,18757
437325794,18753
437333405,18747
437341303,18743
437348946,18741
437356811,18743
437364415,18742
437372293,18707
437379886,18702
437387743,18705
437395381,18702
437403283,18697
437410121,18707
437417708,18708
437425520,18697
437433084,18702
437439935,18702
437447797,18701
437455378,18702
437463901,18703
437471512,18695
437479328,18700
437486904,18701
437494761,18696
437502403,18689
437510307,18697
437517946,18699
437525780,18697
437540248,18696
437547916,18692
437554789,18695
437562633,18695
437570265,18694
437578152,18692
437585785,18696
437592671,18696
437600556,18694
437615068,18700
437622903,18697
437630508,18701
437638335,18707
437645913,18700
437652739,18707
437660572,18702
437668207,18702
437676651,18705
437684253,18703
437692137,18709
437699740,18703
437707564,18711
437715165,18705
437723066,18708
437730734,18731
437738567,18724
437746188,18730
437754008,18729
437761664,18729
437768552,18728
437776347,18737
437783980,18739
437791844,18736
437799485,18740
437807373,18734
437814974,18733
437822815,18734
437830426,18735
437838265,18740
437845908,18738
437853765,18765
437861378,18762
437869282,18759
437876870,18759
437885303,18767
437892172,18766
437899719,18768
437907508,18765
437914413,18765
437922034,18769
437929902,18771
437937557,18767
437945405,18773
437952986,18767
437960792,18762
437975219,18793
437983080,18794
437990695,18791
437998492,18796
438006133,18795
438013973,18799
438021610,18798
438029423,18801
438037019,18802
438044875,18805
438052533,18801
438060340,18806
438067956,18801
438075842,18803
438083415,18812
438091251,18749
438099562,18744
438107437,18745
438115083,18745
438122961,18741
438129134,18741
438136765,18742
438144606,18739
438151468,18742
438159065,18742
438166936,18742
438174570,18739
438182412,18738
438190029,18737
438197899,18736
438205551,18740
438213376,18723
438220951,18726
438228794,18720
438236410,18722
438244288,18721
438251134,18721
438258752,18722
438266610,18726
438274242,18722
438282088,18723
438289703,18719
438297484,18723
438305723,18721
438313580,18717
438321217,18728
438335952,18720
438343636,18718
438351440,18726
438359018,18722
438365897,18719
438373696,18717
438381345,18722
438389215,18721
438396831,18722
438404702,18724
438412289,18723
438420133,18724
438427769,18722
438435602,18719
438443244,18726
438451118,18734
438458740,18738
438466616,18741
438474234,18738
438482089,18738
438488980,18740
438496631,18739
438504450,18743
438511983,18748
438519921,18743
438527580,18736
438535390,18742
438543047,18746
438550867,18746
438558477,18744
438565379,18746
438573315,18768
438580894,18761
438588747,18759
438596353,18768
438604226,18765
438611821,18765
438619650,18771
438627291,18774
438635119,18771
438642727,18771
438650559,18780
438658202,18776
438666093,18775
438673711,18776
438681546,18768
438689161,18775
438696977,18796
438704652,18786
438712467,18800
438720618,18793
438727526,18792
438735351,18795
438742964,18796
438749886,18799
438757720,18797
438765288,18796
438773195,18796
438787434,18803
438795392,18799
438803036,18802
438817723,18785
438825332,18784
438833210,18775
438840781,18771
438847651,18775
438855521,18770
438863163,18765
438871011,18771
438878636,18763
438886411,18761
438894016,18761
438901905,18761
438909522,18756
438917378,18761
438924236,18755
438931889,18733
438940288,18733
438947735,18733
438955261,18731
438962079,18730
438969718,18735
438977498,18733
438984366,18729
438991975,18736
438999872,18730
439007501,18730
439015349,18731
439022976,18730
439030865,18732
439038522,18726
439046366,18730
439053962,18730
439061806,18722
439069416,18726
439077278,18724
439084827,18728
439092687,18727
439100315,18724
439108225,18719
439115786,18723
439123620,18729
439131230,18721
439139115,18723
439147353,18717
439155246,18721
439162130,18725
439176653,18729
439184473,18728
439192029,18732
439199915,18731
439207544,18732
439215449,18733
439223051,18730
439230877,18735
439238477,18734
439246356,18736
439253995,18737
439261845,18737
439269503,18731
439277347,18739
439284934,18741
439292779,18751
439300373,18762
439308272,18756
439315831,18755
439322727,18756
439330566,18749
439338213,18757
439346086,18756
439353717,18756
439362175,18755
439369731,18756
439377584,18760
439385235,18764
439393129,18755
439400760,18760
439415437,18771
439423036,18782
439430898,18782
439438520,18779
439445433,18780
439453278,18780
439460874,18778
439468716,18786
439476330,18787
439484194,18785
439491797,18786
439499602,18787
439507222,18787
439515137,18787
439522747,18784
439530578,18800
439538233,18797
439546086,18799
439553715,18798
439561467,18793
439569675,18788
439577485,18784
439584319,18787
439591947,18780
439599791,18779
439607402,18772
439615286,18773
439622841,18772
439630679,18769
439638311,18762
439646182,18762
439653771,18718
439661608,18720
439669265,18713
439677123,18718
439683955,18716
439691567,18718
439699367,18718
439706952,18717
439714808,18716
439722419,18717
439730300,18716
439737861,18719
439745705,18712
439753353,18710
439761236,18708
439776322,18708
439784208,18706
439791796,18707
439799633,18704
439806526,18705
439814081,18708
439821894,18700
439829478,18707
439837308,18705
439844859,18702
439852670,18704
439860290,18705
439868178,18704
439875751,18698
439883559,18701
439890381,18707
439898001,18712
439905877,18712
439913481,18711
439921361,18705
439929021,18713
439936897,18708
439944501,18713
439952358,18709
439959934,18717
439967779,18712
439975376,18710
439983222,18711
439991568,18715
439999509,18713
440006429,18717
440014043,18726
440028573,18736
440036497,18733
440043366,18739
440051023,18734
440057928,18735
440065861,18736
440073493,18737
440081346,18734
440088934,18738
440096804,18738
440104382,18739
440112285,18745
440119848,18739
440134544,18756
440142155,18757
440149990,18758
440157646,18764
440164499,18761
440172327,18759
440179899,18766
440187766,18765
440195400,18762
440203888,18763
440211506,18764
440219433,18760
440227049,18762
440234885,18769
440242503,18772
440250437,18787
440258067,18790
440265943,18784
440273630,18788
440280491,18787
440288309,18788
440295078,18794
440302721,18789
440310580,18792
440318236,18795
440326051,18795
440333695,18794
440341513,18800
440349116,18800
440356959,18799
440364583,18803
440372401,18728
440380001,18733
440387877,18731
440395518,18727
440402395,18721
440410255,18724
440418524,18722
440426398,18725
440434018,18720
440441815,18719
440449417,18720
440457301,18719
440464887,18717
440472751,18715
440480384,18715
440494112,18702
440501958,18699
440509604,18708
440517472,18703
440525082,18705
440531941,18703
440539811,18703
440547406,18703
440555238,18699
440562822,18703
440570688,18695
440578330,18700
440586224,18695
440593849,18705
440601706,18702
440608624,18706
440616263,18702
440624734,18700
440632289,18693
440640171,18705
440647773,18706
440655634,18702
440663229,18704
440671098,18705
440678703,18702
440686553,18702
440694150,18698
440702003,18702
440709670,18701
440717492,18695
440724368,18697
440731929,18713
440739860,18715
440747510,18721
440755384,18718
440762920,18722
440770746,18718
440778362,18723
440786234,18720
440793820,18724
440801696,18723
440809295,18722
440817122,18720
440824738,18722
440833199,18719
440840803,18729
440855449,18737
440863066,18742
440870946,18741
440878554,18746
440885480,18741
440892359,18743
440900285,18740
440907864,18748
440915733,18745
440923352,18746
440931225,18746
440938818,18746
440946628,18750
440954255,18746
440962134,18749
440969775,18774
440977671,18770
440985294,18771
440993189,18776
441000801,18775
441008633,18778
441016246,18774
441024097,18777
441031737,18780
441039558,18777
441047773,18778
441055613,18782
441063265,18777
441071122,18776
441078734,18780
441093420,18792
441100989,18791
441108890,18790
441116544,18783
441123426,18780
441130377,18777
441138237,18777
441145811,18773
441153613,18770
441161225,18767
441169118,18762
441176752,18763
441184591,18751
441192229,18759
441200098,18760
441207717,18716
441215557,18715
441223126,18710
441230979,18714
441238653,18709
441246424,18705
441254645,18711
441269033,18709
441276921,18709
441284591,18708
441292412,18713
441300001,18708
441307859,18705
441315550,18702
441329633,18703
441337270,18704
441345141,18707
441352771,18706
441359660,18704
441366441,18702
441374295,18705
441381899,18709
441389769,18709
441397378,18707
441405255,18705
441412838,18703
441420656,18706
441428273,18701
441436118,18700
441443731,18706
441451589,18709
441459191,18709
441467618,18712
441474502,18708
441481346,18712
441488892,18708
441496701,18705
441504300,18709
441512144,18713
441519733,18713
441527546,18719
441535206,18716
441543057,18716
441550675,18712
441558507,18715
441566106,18740
441573944,18735
441581611,18736
441589432,18735
441597035,18736
441603901,18737
441611749,18738
441619385,18742
441627255,18738
441634814,18746
441642622,18736
441650245,18748
441658043,18743
441665710,18744
441673512,18747
441681768,18744
441689579,18763
441697181,18750
441705057,18762
441712733,18763
441719600,18745
441727405,18761
441735015,18765
441742860,18768
441750455,18764
441758328,18773
441765876,18772
441773745,18765
441781355,18764
441789257,18771
441796839,18768
441811529,18795
441819151,18794
441826981,18788
441834587,18791
441841430,18802
441849329,18797
441856956,18790
441864863,18794
441872514,18796
441880388,18792
441888597,18798
441896459,18796
441904096,18800
441911959,18801
441919636,18800
441927461,18769
441935087,18765
441942938,18765
441950522,18763
441957426,18762
441965314,18761
441972928,18759
441980738,18746
441988340,18751
441996206,18753
442003823,18749
442011648,18743
442019300,18740
442027157,18741
442034752,18745
442042590,18739
442050248,18727
442058153,18727
442065760,18728
442073634,18727
442079853,18724
442087460,18725
442096025,18729
442103672,18728
442111496,18727
442119105,18724
442126963,18721
442134640,18717
442142475,18726
442150149,18721
442157986,18723
442172472,18720
442180334,18721
442187896,18724
442195755,18718
442203382,18717
442211220,18720
442218774,18721
442226581,18720
442234213,18722
442242050,18715
442249657,18720
442257517,18724
442265158,18719
442272981,18716
442280627,18724
442288423,18733
442296017,18728
442304442,18728
442312055,18726
442318226,18731
442325817,18728
442333643,18726
442341231,18733
442349059,18736
442356687,18735
442364514,18734
442372138,18733
442380020,18735
442387674,18735
442395515,18734
442403170,18737
442410969,18749
442418618,18756
442426416,18750
442434026,18755
442440865,18759
442448734,18756
442456368,18753
442464249,18757
442471843,18762
442479643,18765
442487242,18759
442495087,18755
442502716,18756
442517220,18762
442525541,18774
442533477,18784
442540456,18782
442548393,18777
442554650,18780
442562255,18777
442570055,18780
442577745,18788
442585588,18783
442593192,18780
442601067,18776
442608712,18778
442616576,18786
442624173,18785
442631990,18781
442646491,18813
442654357,18817
442661973,18811
442669863,18806
442677455,18810
442685313,18812
442692836,18812
442700629,18817
442708273,18817
442716132,18812
442723758,18810
442732186,18818
442739766,18821
442747585,18818
442755202,18812
442763059,18754
442770755,18747
442778636,18745
442786281,18747
442792425,18747
442800051,18746
442807902,18745
442815493,18746
442823348,18743
442830921,18746
442838768,18746
442846410,18747
442854271,18736
442861864,18739
442869712,18740
442877307,18738
442885145,18724
442892757,18722
442900594,18724
442908230,18717
442915099,18719
442922948,18723
442930582,18724
442939077,18725
442946729,18725
442954560,18723
442962109,18718
442969973,18719
442977621,18727
442985445,18718
442993037,18724
443007768,18710
443015367,18710
443023227,18715
443030085,18712
443037713,18713
443045535,18713
443053182,18710
443061048,18715
443068708,18714
443076524,18715
443084164,18716
443091971,18716
443099607,18721
443107425,18718
443115051,18709
443122943,18725
443130604,18723
443138448,18731
443145316,18726
443153613,18727
443161460,18732
443169040,18729
443176964,18728
443184640,18730
443192430,18730
443199991,18727
443207875,18733
443215429,18729
443223277,18727
443230857,18730
443245628,18750
443253262,18743
443261139,18752
443268025,18753
443275621,18750
443283424,18750
443291029,18750
443298862,18757
443306484,18755
443314393,18760
443322042,18755
443329871,18751
443337496,18758
443345368,18761
443352997,18762
443361455,18778
443369062,18776
443376922,18782
443384590,18784
443391510,18779
443398433,18777
443406291,18780
443413820,18773
443421626,18784
443429247,18789
443437067,18782
443444687,18786
443452528,18783
443460158,18784
443468019,18790
443475619,18787
443483394,18772
443490999,18771
443498873,18766
443505781,18759
443513416,18758
443521306,18763
443528881,18759
443536716,18752
443544342,18748
443552203,18754
443559810,18749
443568271,18749
443575869,18750
443583733,18740
443591378,18738
443606164,18700
443613794,18703
443621642,18699
443629288,18697
443636146,18699
443644010,18703
443651693,18699
443659482,18702
443667121,18698
443674952,18702
443682602,18695
443690462,18700
443698054,18694
443705897,18693
443713508,18696
443721367,18691
443728981,18685
443736780,18684
443743639,18683
443757874,18684
443765750,18680
443773423,18687
443781289,18687
443789591,18683
443797429,18685
443805065,18683
443812928,18684
443820517,18685
443828402,18683
443842887,18685
443850781,18688
443857681,18681
443865314,18687
443872225,18686
443880059,18688
443887734,18690
443895489,18683
443903075,18688
443910926,18687
443918518,18691
443926401,18693
443934012,18691
443941858,18691
443949436,18685
443957328,18716
443964870,18712
443972724,18710
443980332,18706
443987243,18714
443995064,18717
444002720,18716
444010525,18712
444018137,18713
444025975,18709
444033614,18710
444041445,18710
444049019,18713
444056842,18709
444064437,18710
444072288,18717
444079881,18713
444087730,18720
444095372,18727
444103272,18728
444110869,18722
444118670,18722
444126288,18726
444134132,18724
444141746,18730
444149583,18729
444157195,18730
444165017,18725
444172691,18728
444180521,18726
444188120,18730
444203381,18761
444210988,18763
444217820,18766
444225661,18769
444232590,18761
444240226,18767
444248088,18771
444255732,18773
444263560,18766
444271198,18776
444279024,18774
444286645,18777
444294446,18776
444302048,18781
444309898,18776
444317516,18732
444325352,18724
444332932,18734
444340793,18736
444347638,18729
444355271,18732
444363111,18737
444370720,18734
444378530,18726
444386181,18732
444394006,18727
444401652,18727
444409447,18731
444417730,18725
444425576,18727
444433148,18722
444441006,18706
444448631,18700
444455469,18699
444463358,18695
444470894,18696
444477755,18695
444485576,18700
444493191,18695
444501031,18699
444508666,18695
444516465,18695
444524130,18698
444531981,18696
444539661,18692
444547458,18693
444555056,18691
444562956,18681
444570592,18672
444578470,18677
444586101,18674
444592964,18677
444600826,18681
444608454,18681
444616310,18680
444624610,18682
444632422,18680
444639992,18683
444647853,18677
444655479,18679
444663382,18672
444670928,18680
444685649,18709
444693229,18714
444701054,18708
444707952,18711
444715611,18710
444723444,18713
444731051,18708
444738904,18713
444746479,18709
444754339,18716
444761896,18712
444769742,18714
444777358,18716
444785231,18717
444792847,18713
444800684,18744
444808294,18742
444815168,18738
444822998,18749
444831252,18747
444839190,18749
444846800,18746
444854642,18746
444862257,18742
444870054,18748
444877722,18746
444885579,18751
444893191,18747
444901049,18747
444908723,18750
444923434,18772
444931044,18769
444938838,18776
444946463,18770
444953322,18772
444961188,18772
444968834,18774
444976698,18778
444984330,18772
444992250,18772
445006745,18775
445014408,18775
445022325,18777
445029886,18784
445037731,18796
445045957,18800
445052922,18797
445060793,18803
445067701,18788
445075294,18792
445082112,18790
445089962,18790
445097543,18789
445105429,18786
445113050,18778
445120925,18779
445128557,18772
445136441,18774
445144081,18774
445151918,18771
445159512,18727
445167398,18725
445175022,18728
445181954,18732
445188813,18723
445196650,18721
445203449,18727
445211049,18726
445218903,18722
445226500,18723
445234352,18728
445241957,18724
445249773,18723
445257978,18723
445265870,18726
445273461,18724
445281347,18730
445288990,18730
445296811,18731
445303730,18731
445311383,18731
445319284,18734
445326886,18732
445334718,18730
445342333,18734
445350187,18729
445357845,18733
445365615,18730
445373241,18729
445381087,18725
445388761,18732
445403469,18745
445410324,18740
445417939,18745
445424157,18742
445431984,18745
445438844,18745
445446458,18743
445454348,18748
445461918,18746
445470348,18743
445477947,18749
445485760,18743
445493392,18750
445501218,18747
445508832,18751
445523488,18777
445530349,18783
445537988,18780
445545853,18782
445553493,18781
445560383,18785
445568265,18784
445575827,18787
445583710,18787
445591336,18783
445599183,18791
445606814,18788
445614644,18782
445622251,18790
445630078,18789
445637717,18817
445645494,18819
445653093,18822
445660964,18821
445668600,18816
445675487,18819
445683928,18821
445691510,18819
445699439,18829
445707030,18823
445714918,18822
445722578,18822
445730408,18824
445738007,18834
445745834,18831
445753428,18832
445761295,18866
445768158,18869
445775818,18868
445783621,18873
445791226,18870
445799051,18878
445806709,18872
445814519,18875
445822085,18877
445829936,18878
445837542,18879
445845413,18880
445853019,18882
445860881,18883
445868541,18881
445883322,18823
445891566,18830
445899458,18824
445905548,18822
445913136,18825
445920990,18820
445928624,18819
445936489,18821
445944061,18818
445951898,18816
445959487,18825
445967386,18823
445975013,18819
445982845,18823
445990465,18826
445998328,18813
446005914,18817
446013764,18819
446021411,18815
446029314,18822
446036922,18820
446044756,18818
446052398,18814
446060298,18820
446067899,18820
446075707,18820
446083359,18824
446091229,18819
446099509,18821
446107400,18825
446121895,18829
446128780,18830
446136608,18825
446144203,18833
446152001,18835
446159613,18832
446167503,18835
446175086,18830
446182946,18840
446190544,18837
446198424,18835
446206007,18842
446213904,18840
446221515,18837
446229403,18842
446237033,18876
446251551,18872
446258454,18865
446265355,18874
446272931,18867
446279785,18875
446287607,18874
446295266,18877
446303108,18878
446310788,18875
446319357,18876
446326928,18876
446334826,18878
446342444,18881
446350324,18882
446357890,18902
446364690,18884
446372555,18900
446379410,18908
446387004,18905
446394851,18905
446401746,18902
446409371,18899
446417230,18903
446424802,18908
446432599,18913
446440245,18913
446448096,18912
446455755,18910
