9008051,44971
9015164,44971
9022232,44972
9029991,44964
9037630,44967
9045380,44959
9052209,44983
9059848,44956
9067640,44964
9075201,44966
9083025,44969
9090671,44963
9098384,44926
9105942,44920
9113766,44914
9121358,44916
9129222,44911
9136783,44910
9144577,44909
9152711,44907
9159557,44906
9167339,44905
9174907,44900
9182680,44906
9190286,44904
9198128,44903
9205713,44914
9213364,44910
9220900,44903
9228696,44905
9236290,44904
9244089,44909
9251692,44907
9259459,44905
9267068,44901
9274884,44907
9282434,44898
9290275,44897
9297872,44905
9305690,44895
9319845,44895
9334648,44907
9342230,44917
9350006,44911
9357672,44919
9366119,44923
9372982,44912
9379850,44923
9387442,44930
9395289,44924
9402876,44925
9410675,44925
9418286,44934
9426038,44931
9433674,44934
9441411,44939
9449007,44957
9456815,44955
9464392,44945
9472231,44945
9479816,44947
9487624,44956
9495218,44955
9502972,44954
9510613,44952
9517441,44954
9525292,44946
9532851,44957
9540655,44954
9548257,44957
9556039,44959
9563621,44965
9571366,44966
9579655,44964
9587413,44956
9595023,44959
9602848,44943
9609699,44950
9617287,44945
9625087,44949
9632674,44945
9640398,44937
9647969,44935
9655781,44929
9663406,44923
9671234,44922
9678787,44920
9686519,44917
9694073,44837
9701857,44844
9709442,44835
9717284,44833
9724783,44837
9732559,44834
9739383,44832
9746937,44833
9754770,44827
9762339,44824
9770127,44819
9777745,44820
9786212,44819
9793803,44816
9801590,44814
9816028,44799
9823836,44785
9831375,44782
9839191,44792
9846755,44786
9854499,44779
9862122,44788
9869911,44786
9876696,44790
9884245,44788
9892009,44784
9899604,44776
9907374,44778
9914939,44784
9922794,44783
9937306,44752
9945175,44759
9952800,44761
9960650,44761
9968253,44759
9976063,44760
9983662,44755
9992118,44761
9999747,44762
10007416,44760
10015026,44758
10022847,44762
10030396,44773
10038220,44760
10052638,44779
10060453,44785
10068030,44780
10075839,44783
10083397,44781
10091236,44777
10098764,44786
10106582,44784
10114194,44782
10121976,44780
10129618,44788
10137386,44787
10144966,44780
10152720,44785
10160314,44783
10168168,44801
10175746,44805
10183523,44806
10191139,44807
10199584,44813
10207174,44810
10214014,44811
10220824,44810
10228617,44812
10236213,44817
10243997,44819
10251629,44816
10259360,44825
10266168,44829
10273710,44827
10281478,44826
10289017,44831
10296863,44825
10304454,44817
10312286,44817
10319817,44815
10327664,44810
10334507,44806
10341334,44808
10348897,44806
10356678,44811
10364275,44811
10372103,44810
10379710,44802
10387501,44808
10395133,44805
10402886,44803
10411052,44833
10418844,44833
10426381,44825
10434240,44827
10441827,44820
10449666,44816
10457282,44821
10465058,44818
10472656,44815
10479516,44812
10487297,44803
10494833,44801
10502612,44796
10510199,44796
10518031,44793
10525659,44795
10533400,44744
10540955,44735
10548729,44734
10563201,44734
10570076,44738
10576932,44730
10584617,44730
10592476,44723
10600074,44726
10607889,44728
10615479,44726
10623961,44728
10631533,44725
10639379,44721
10653750,44709
10661540,44701
10669154,44704
10676949,44693
10684513,44696
10692347,44701
10699919,44706
10707711,44697
10715310,44701
10723129,44698
10730734,44698
10738478,44709
10746023,44694
10753820,44700
10761380,44696
10769234,44684
10776796,44682
10784576,44678
10792186,44693
10799973,44687
10807576,44688
10815320,44687
10822862,44684
10831261,44683
10838110,44688
10845721,44691
10853538,44692
10861171,44695
10868963,44688
10876493,44694
10884309,44690
10891899,44695
10899692,44689
10907287,44700
10915045,44688
10922633,44695
10929482,44691
10937315,44699
10944921,44704
10952826,44693
10960468,44697
10968338,44696
10975914,44703
10983693,44696
10991280,44699
10999073,44705
11013548,44739
11021335,44740
11028853,44734
11036656,44740
11044854,44749
11052657,44747
11059505,44747
11067078,44745
11074916,44752
11082485,44754
11090336,44745
11097897,44748
11105686,44752
11112581,44751
11120154,44750
11134735,44777
11142332,44781
11150161,44781
11157709,44778
11165541,44779
11172368,44781
11179232,44785
11186792,44783
11194525,44791
11202133,44786
11209906,44785
11217483,44782
11225333,44790
11232249,44788
11239868,44791
11247733,44824
11255889,44823
11263690,44825
11271287,44825
11279080,44827
11286680,44829
11294530,44831
11302141,44830
11309973,44834
11317592,44833
11325379,44835
11332912,44836
11340663,44838
11347470,44839
11355038,44827
11362829,44819
11370400,44737
11378218,44726
11385749,44730
11393544,44731
11401159,44726
11409037,44726
11416668,44727
11424538,44715
11432108,44714
11439950,44721
11447545,44720
11455355,44717
11463553,44717
11471342,44719
11478856,44709
11493495,44681
11501154,44690
11508932,44681
11516558,44687
11524410,44683
11531223,44682
11538775,44683
11546569,44689
11554177,44686
11561005,44681
11568800,44676
11576405,44678
11584234,44679
11591037,44676
11598655,44679
11613273,44638
11620830,44643
11628625,44642
11636261,44634
11644040,44641
11650915,44646
11658515,44639
11666319,44640
11674555,44648
11681389,44640
11689226,44646
11696777,44643
11704542,44638
11711404,44640
11718982,44640
11733611,44673
11741214,44667
11748976,44672
11756558,44664
11764373,44664
11771248,44672
11778813,44670
11785678,44672
11800025,44664
11807903,44665
11815536,44662
11823350,44658
11830887,44663
11845591,44686
11853277,44680
11861133,44684
11868747,44686
11876555,44689
11884642,44682
11892405,44692
11899220,44688
11906804,44694
11914591,44693
11922148,44695
11929944,44697
11937471,44694
11945292,44692
11952830,44693
11960568,44734
11968186,44741
11975991,44737
11983593,44735
11991441,44731
11999094,44739
12006012,44736
12013884,44731
12021455,44739
12029322,44739
12036875,44741
12044651,44747
12052270,44743
12060123,44743
12067733,44739
12075488,44741
12083046,44772
12090812,44770
12098948,44770
12106766,44772
12114382,44763
12122249,44769
12129855,44775
12137619,44767
12145210,44771
12152976,44774
12159835,44773
12167413,44778
12175261,44779
12182801,44776
12190578,44785
12198107,44789
12205906,44811
12213506,44812
12221315,44813
12228920,44806
12236725,44801
12244301,44803
12252134,44804
12259729,44804
12267442,44798
12274981,44797
12282763,44785
12290339,44798
12298218,44786
12306456,44805
12313355,44778
12328150,44718
12335749,44718
12343597,44712
12351209,44707
12359057,44699
12366683,44701
12374476,44707
12381302,44704
12388827,44708
12396584,44698
12404171,44694
12411955,44696
12419496,44687
12427327,44690
12434163,44695
12448599,44673
12456392,44675
12463927,44676
12471751,44686
12479375,44672
12487252,44664
12494886,44660
12501776,44659
12509615,44656
12517868,44667
12525602,44665
12533190,44659
12541007,44660
12548593,44661
12556391,44667
12563959,44634
12571734,44644
12579343,44645
12587202,44643
12594808,44638
12602505,44642
12610058,44644
12617853,44642
12625418,44646
12633246,44647
12640039,44653
12647689,44646
12655492,44647
12663025,44654
12670811,44641
12678399,44647
12686252,44658
12693796,44658
12701608,44650
12709272,44650
12717058,44656
12725282,44653
12732081,44649
12738912,44647
12746701,44654
12754275,44648
12761103,44653
12768917,44655
12776508,44652
12784320,44658
12791859,44661
12805784,44692
12813368,44697
12821195,44696
12828749,44690
12836514,44699
12844109,44701
12850960,44698
12858754,44702
12866379,44704
12874256,44700
12881838,44700
12889679,44701
12897345,44701
12905147,44711
12912739,44702
12920437,44735
12928605,44740
12936422,44741
12943981,44739
12951722,44730
12959303,44735
12967066,44743
12974677,44741
12981522,44739
12989307,44742
12996837,44741
13004578,44743
13012163,44745
13019929,44747
13027584,44749
13041993,44782
13049708,44781
13057513,44778
13065100,44783
13072987,44785
13080642,44786
13087534,44783
13094473,44781
13102376,44785
13109966,44789
13116846,44787
13124636,44780
13132227,44790
13139969,44788
13148182,44795
13162849,44789
13170398,44790
13178204,44783
13185790,44781
13193582,44775
13201147,44800
13207968,44774
13214786,44771
13222555,44760
13230160,44759
13237011,44765
13244821,44757
13252384,44754
13260243,44752
13267833,44739
13281445,44684
13289270,44676
13296828,44679
13304607,44681
13312235,44677
13320000,44679
13326877,44674
13333706,44672
13341309,44673
13349154,44678
13356049,44665
13364351,44677
13372245,44671
13379834,44665
13387608,44672
13401320,44627
13408857,44624
13416651,44627
13424243,44620
13432016,44621
13439613,44626
13446437,44623
13453256,44622
13461039,44616
13468693,44614
13475505,44617
13483334,44622
13490904,44614
13498662,44613
13506287,44614
13520898,44595
13528450,44598
13536256,44604
13543800,44599
13551568,44593
13559137,44597
13565994,44596
13573788,44603
13581375,44604
13589196,44611
13596779,44606
13604581,44603
13612176,44601
13619957,44606
13627566,44602
13635373,44608
13642942,44610
13650762,44608
13658323,44608
13666080,44605
13673710,44604
13681471,44608
13689037,44597
13696881,44608
13704471,44611
13711334,44615
13719137,44604
13726721,44612
13734478,44607
13742051,44612
13749846,44607
13757412,44625
13765236,44636
13772834,44636
13781349,44634
13788953,44631
13796753,44638
13803588,44634
13811121,44633
13818930,44633
13826498,44635
13834359,44644
13841926,44638
13849748,44636
13857300,44636
13865052,44641
13872672,44641
13880416,44675
13887963,44677
13895755,44674
13903334,44668
13911147,44669
13918796,44676
13926632,44675
13934304,44672
13942178,44671
13949784,44669
13957538,44661
13965112,44673
13972895,44666
13980484,44678
13988936,44681
14003314,44713
14011073,44718
14018704,44714
14026494,44710
14034066,44713
14041912,44716
14049500,44714
14057368,44720
14064889,44725
14072674,44725
14080258,44717
14088053,44727
14095691,44718
14103453,44722
14111018,44724
14118859,44729
14126448,44725
14134281,44723
14141858,44717
14149657,44719
14157262,44716
14164097,44712
14170942,44701
14178726,44705
14186305,44708
14194666,44704
14202266,44695
14210061,44698
14217642,44693
14225420,44688
14232986,44690
14240816,44609
14248417,44604
14256265,44617
14263860,44606
14278288,44609
14285183,44607
14292787,44600
14300570,44607
14307424,44598
14315049,44599
14322845,44594
14330420,44597
14338268,44598
14345860,44594
14360464,44563
14368031,44558
14375820,44553
14383411,44559
14391236,44555
14398093,44554
14404946,44551
14413178,44545
14420971,44547
14427831,44542
14435446,44550
14443308,44543
14450906,44548
14458713,44551
14466346,44545
14480987,44528
14488569,44533
14495443,44530
14503268,44531
14510868,44527
14517677,44524
14524500,44525
14532351,44525
14539872,44528
14546726,44522
14554578,44532
14562274,44536
14570132,44529
14577757,44520
14585510,44532
14599910,44529
14607708,44530
14614501,44528
14622672,44530
14630449,44525
14637322,44525
14644193,44531
14651791,44531
14659618,44528
14667221,44530
14675002,44528
14682643,44531
14690416,44530
14698016,44532
14705854,44532
14713450,44558
14721279,44556
14728793,44556
14735600,44561
14743371,44561
14750872,44557
14758674,44561
14766265,44569
14774071,44563
14781730,44569
14789603,44566
14797229,44571
14805047,44566
14812694,44578
14820432,44582
14827981,44576
14836422,44583
14844003,44581
14851795,44581
14859348,44589
14867126,44584
14874723,44589
14881556,44585
14889369,44595
14896925,44601
14904736,44599
14912340,44590
14920163,44598
14927776,44587
14935480,44589
14943033,44594
14950846,44594
14958415,44593
14966272,44592
14973842,44581
14981600,44579
14989220,44576
14996049,44581
15002850,44569
15010566,44568
15018120,44558
15025948,44557
15033518,44547
15041997,44557
15049604,44551
15057417,44544
15064988,44536
15072742,44542
15080329,44344
15088047,44328
15095677,44327
15103454,44309
15110993,44300
15117201,44286
15124980,44282
15132529,44282
15140350,44269
15147876,44256
15155645,44246
15163308,44231
15171225,44225
15178836,44211
15186686,44204
15194291,44198
15202070,43976
15209712,43972
15217430,43968
15225023,43966
15232802,43957
15240339,43956
15248784,43952
15256351,43945
15264215,43943
15271794,43948
15279562,43935
15287113,43930
15294931,43923
15302527,43911
15310346,43919
15324750,43857
15332557,43853
15340145,43850
15347933,43851
15355560,43847
15363377,43847
15370893,43849
15378689,43833
15385462,43836
15393031,43830
15400839,43828
15408373,43836
15416224,43836
15423785,43840
15431549,43840
15439146,43797
15446986,43795
15455184,43798
15463010,43798
15470617,43799
15478409,43806
15485977,43793
15493791,43797
15501399,43799
15515844,43794
15523498,43797
15531349,43805
15538839,43801
15546625,43810
15561059,43813
15568892,43815
15576514,43810
15583429,43798
15590291,43814
15597085,43806
15604896,43803
15612467,43806
15620299,43806
15627870,43804
15635655,43799
15643262,43800
15651028,43804
15658608,43806
15666388,43809
15681432,43823
15689261,43833
15696802,43834
15703585,43819
15710447,43828
15717289,43822
15725058,43833
15732676,43831
15740486,43831
15747305,43819
15754855,43829
15762618,43827
15770202,43830
15778005,43832
15785629,43824
15800293,43632
15807863,43628
15815620,43630
15822454,43621
15829312,43615
15836172,43603
15843829,43607
15851603,43597
15859184,43593
15866034,43588
15873826,43584
15881403,43587
15889773,43580
15897385,43573
15905218,43574
15919653,43569
15927449,43576
15934976,43577
15942730,43580
15949580,43571
15956397,43573
15963934,43559
15971713,43562
15979306,43562
15987111,43552
15994736,43555
16002486,43557
16010077,43554
16017966,43551
16025610,43549
16033491,43518
16041160,43522
16049000,43511
16056606,43513
16063442,43511
16071277,43515
16078843,43506
16086621,43505
16094748,43503
16102567,43492
16110142,43494
16117985,43497
16125566,43493
16133376,43485
16140926,43484
16148705,43487
16156291,43388
16164095,43385
16171742,43377
16179540,43369
16187083,43373
16193896,43370
16201662,43365
16209231,43359
16217011,43355
16223845,43350
16231416,43353
16239232,43352
16246785,43353
16254546,43352
16262126,43356
16269916,43357
16277481,43535
16285285,43538
16292854,43556
16299674,43556
16308231,43571
16315131,43576
16322751,43580
16330608,43571
16338163,43580
16345009,43596
16352797,43592
16360379,43596
16368191,43601
16375866,43602
16383650,43608
16391225,43619
16399012,43741
16406613,43744
16414433,43748
16421990,43743
16429804,43746
16437393,43755
16445248,43747
16452846,43751
16459662,43745
16467414,43749
16475001,43743
16482756,43737
16490334,43747
16498142,43746
16505778,43746
16514322,43750
16521933,43768
16529701,43775
16537280,43783
16545028,43777
16551887,43773
16559467,43772
16567313,43783
16574886,43777
16582653,43790
16590216,43788
16598005,43796
16605556,43793
16613404,43804
16620966,43798
16628713,43796
16636331,43808
16644127,43895
16651743,43893
16659470,43892
16667022,43901
16674808,43897
16682383,43895
16690196,43907
16697773,43904
16705516,43905
16713089,43906
16721413,43909
16729009,43907
16736922,43909
16751182,43915
16759130,43984
16766827,43988
16774608,43991
16781585,43987
16788536,43994
16796357,43996
16803863,44000
16811663,43998
16818497,43999
16826104,44005
16833903,44008
16841483,44001
16849306,44005
16856859,44007
16864630,44013
16872227,44005
16886877,44046
16894449,44039
16901325,44050
16908175,44049
16915017,44055
16922780,44047
16930366,44048
16937727,44058
16945498,44052
16953074,44050
16960904,44056
16968508,44060
16976388,44048
16983980,44049
16991728,44053
17006122,43939
17013916,43950
17020770,43945
17027751,43937
17035518,43945
17043081,43939
17050880,43934
17058403,43935
17066260,43928
17073913,43929
17081729,43928
17089303,43916
17097117,43916
17104746,43934
17112524,43923
17120117,43885
17127973,43900
17135604,43891
17143461,43893
17151730,43889
17159507,43891
17167071,43892
17173927,43886
17181707,43887
17189306,43891
17197119,43892
17204707,43893
17212519,43888
17220128,43893
17227956,43886
17242335,43866
17250110,43856
17257705,43862
17265460,43855
17273028,43858
17280897,43857
17288525,43855
17296444,43850
17304106,43845
17311896,43852
17319456,43851
17327280,43872
17334813,43843
17342561,43849
17350120,43844
17358498,43866
17366087,43859
17373917,43860
17381490,43863
17389303,43863
17396073,43864
17403654,43868
17411447,43871
17418988,43867
17426800,43873
17434415,43870
17442243,43865
17449839,43868
17457523,43870
17465057,43870
17472820,43869
17480412,43881
17488279,43880
17495898,43879
17503676,43884
17511301,43881
17519101,43880
17526679,43878
17533482,43871
17541358,43876
17548977,43887
17556862,43896
17565199,43887
17573065,43888
17580617,43882
17588428,43890
17602845,43911
17610565,43910
17618158,43910
17625977,43920
17633533,43912
17641420,43916
17648962,43913
17656711,43909
17664294,43920
17672090,43916
17679672,43915
17687476,43919
17695044,43916
17702913,43917
17710499,43915
17718284,43941
17725876,43938
17733698,43935
17741314,43934
17748230,43936
17756100,43936
17763750,43934
17772183,43945
17779809,43939
17787636,43942
17795211,43941
17802982,43942
17810620,43949
17818453,43946
17826013,43953
17833788,43953
17841385,43991
17849227,43988
17856832,43989
17864612,43995
17871423,43987
17878317,43983
17885888,43981
17893682,43980
17901291,43977
17909108,43986
17916727,43976
17924485,43974
17932075,43974
17939876,43966
17947422,43964
17955252,43968
17962870,43882
17970662,43878
17978751,43875
17992245,43874
18000038,43875
18007664,43880
18014540,43870
18022385,43875
18030001,43870
18037810,43870
18045414,43876
18053224,43876
18060848,43860
18068616,43866
18082905,43866
18090688,43856
18098311,43855
18106090,43862
18112310,43851
18119872,43853
18127679,43851
18135350,43857
18143207,43855
18150837,43843
18158701,43850
18166280,43843
18174098,43852
18181693,43843
18189455,43845
18197594,43814
18205359,43815
18212974,43819
18220775,43818
18228382,43812
18236139,43826
18243747,43828
18250554,43821
18258417,43810
18265940,43818
18273761,43821
18281362,43820
18289123,43818
18296786,43823
18304625,43820
18312273,43819
18320110,43837
18327747,43836
18335523,43839
18343078,43840
18349880,43836
18357666,43833
18365255,43829
18373050,43834
18380607,43829
18388437,43831
18396016,43839
18404470,43836
18412034,43839
18419815,43839
18427429,43831
18435299,43840
18442898,43856
18450707,43857
18458350,43858
18466142,43864
18473022,43854
18480642,43869
18488452,43868
18496031,43862
18503705,43857
18511240,43859
18519024,43869
18526517,43863
18534339,43865
18541934,43862
18549781,43863
18557480,43899
18565349,43896
18572948,43907
18580736,43901
18588335,43898
18596136,43904
18603789,43904
18611274,43907
18619091,43910
18626722,43908
18634555,43908
18642145,43914
18649973,43908
18657566,43909
18665403,43909
18673016,43917
18680866,43932
18688493,43933
18696345,43933
18703944,43942
18710758,43943
18718557,43940
18726153,43943
18734006,43943
18741627,43946
18749449,43950
18757060,43957
18764937,43948
18772531,43955
18780371,43947
18787908,43951
18795677,43955
18803296,43999
18811081,43992
18819268,43998
18826132,43992
18833929,43987
18841493,44001
18848300,43994
18856038,43992
18863580,43986
18871423,43986
18878977,43980
18886788,43979
18894378,43979
18902174,43973
18909817,43962
18924392,43881
18931939,43883
18939731,43878
18946554,43880
18953373,43884
18960201,43884
18967092,43879
18974750,43874
18982517,43874
18990068,43868
18997844,43873
19005420,43878
19013241,43877
19020898,43873
19028664,43873
19043770,43846
19051523,43845
19059076,43840
19065923,43850
19072811,43839
19079617,43837
19086493,43848
19094341,43843
19101917,43845
19109640,43839
19117202,43840
19125016,43838
19132610,43843
19140467,43840
19148045,43828
19155896,43836
19163473,43818
19171349,43813
19178900,43815
19185727,43818
19193485,43821
19200248,43819
19207150,43815
19214773,43813
19229170,43830
19237015,43814
19244664,43819
19253222,43820
19260843,43823
19268643,43823
19276228,43824
19284061,43828
19291653,43821
19298527,43826
19306382,43829
19313981,43830
19320803,43825
19328597,43829
19336161,43830
19343963,43828
19351553,43823
19359418,43826
19366979,43830
19374785,43824
19382371,43826
19390152,43831
19397757,43848
19405486,43847
19413049,43853
19420856,43853
19428440,43848
19435232,43861
19443051,43861
19450620,43855
19459112,43860
19466743,43868
19474613,43864
19482250,43866
19490086,43870
19497717,43860
19505532,43873
19513102,43871
19520862,43887
19528461,43884
19536256,43894
19543851,43895
19550678,43893
19557516,43893
19565361,43898
19572942,43890
19580695,43898
19588285,43894
19596086,43893
19603675,43889
19611503,43899
19619062,43893
19626859,43900
19634510,43896
19642412,43953
19649974,43949
19657738,43960
19665840,43955
19672725,43956
19680534,43941
19688094,43953
19695907,43949
19703494,43953
19711276,43958
19718863,43951
19726596,43957
19734210,43953
19741989,43949
19749551,43958
19764275,43993
19771849,43991
19779596,43988
19787171,43987
19794008,43992
19801754,43992
19809354,43995
19817154,43983
19824779,43989
19832545,43975
19840139,43984
19847892,43983
19855420,43974
19863240,43974
19870825,43973
19879306,43896
19886883,43896
19894700,43898
19902285,43894
19910068,43896
19916889,43894
19924448,43897
19932253,43885
19939857,43887
19947629,43889
19955185,43893
19962967,43891
19970532,43887
19978339,43890
19985874,43888
19993565,43883
20001106,43859
20008881,43854
20016514,43860
20024356,43854
20031901,43847
20039619,43860
20047163,43854
20054920,43852
20062486,43849
20070276,43848
20077848,43851
20086301,43849
20093920,43852
20101779,43847
20109404,43848
20117281,43851
20124907,43842
20132742,43825
20140343,43835
20147265,43838
20155060,43831
20162626,43839
20170414,43834
20177975,43834
20185770,43834
20193344,43836
20201126,43840
20208703,43839
20216499,43835
20224056,43835
20231864,43836
20246270,43847
20254045,43848
20261606,43842
20269405,43846
20276944,43843
20284735,43831
20292912,43842
20300712,43846
20308307,43834
20316080,43842
20323603,43837
20331439,43840
20338936,43843
20346741,43839
20354389,43839
20362255,43858
20369881,43859
20377660,43860
20385215,43866
20393046,43870
20399894,43866
20407526,43868
20415383,43864
20422910,43865
20430662,43866
20438208,43868
20445962,43878
20453572,43877
20468052,43883
20482777,43900
20490400,43899
20498277,43900
20506517,43888
20512690,43896
20519548,43895
20527372,43890
20534957,43901
20542752,43896
20550354,43891
20558150,43895
20565774,43898
20573541,43905
20581114,43910
20588896,43901
20603355,43924
20611174,43927
20618801,43926
20626567,43924
20632620,43924
20639436,43916
20647009,43920
20654906,43920
20662517,43928
20670398,43927
20678001,43926
20685780,43932
20693352,43915
20701153,43920
20708805,43917
20717132,43931
20724735,43920
20732516,43919
20740118,43919
20746943,43921
20754723,43921
20762326,43930
20770085,43928
20777678,43925
20785492,43920
20793062,43915
20800814,43908
20808396,43907
20816168,43900
20823790,43910
20831610,43899
20839176,43880
20846930,43878
20854474,43883
20862337,43883
20869197,43875
20876798,43879
20884524,43882
20892097,43878
20899893,43879
20907446,43885
20915279,43878
20923568,43896
20931372,43889
20938992,43891
20946843,43896
20954437,43899
20962193,43958
20969769,43951
20977561,43963
20985153,43958
20991956,43958
20999750,43954
21007362,43962
21015168,43958
21022819,43958
21030580,43963
21038106,43953
21045868,43962
21053413,43969
21061255,43961
21068854,43961
21083459,43976
21090998,43982
21098760,43981
21106351,43979
21113163,43981
21120965,43982
21128435,43983
21136278,43983
21143903,43983
21151602,43977
21159189,43986
21167042,43984
21174595,43985
21182457,43983
21190010,43979
21204620,43986
21212206,43986
21220003,43982
21226877,43975
21232944,43970
21240482,43975
21247299,43970
21255086,43977
21262668,43971
21270505,43969
21278047,43973
21285849,43974
21293444,43969
21301244,43973
21308837,43964
21323429,43954
21330982,43952
21339395,43949
21346269,43951
21353831,43951
21361525,43956
21369058,43953
21376927,43959
21384511,43956
21392340,43957
21399924,43956
21407736,43964
21415373,43955
21423164,43960
21430808,43965
21438664,43992
21446312,43999
21454182,43994
21461072,43993
21468684,43998
21476529,43998
21484107,44004
21491876,43995
21499487,43998
21507269,43999
21514842,43990
21522655,44003
21530328,44005
21538168,43996
21546444,44005
21561195,44042
21568836,44042
21576662,44049
21584251,44051
21591123,44048
21598977,44043
21606552,44052
21614386,44055
21621930,44059
21629755,44062
21637324,44064
21645111,44059
21652684,44067
21660492,44066
21668039,44077
21675861,44035
21683468,44033
21691350,44026
21705607,44028
21712535,44019
21720453,44030
21727314,44022
21734957,44012
21742889,44015
21750492,44015
21758284,44017
21766532,44017
21774381,44004
21781998,44010
21796621,43985
21804204,43985
21812078,43982
21818948,43983
21826516,43980
21834293,43978
21841938,43976
21848800,43975
21856566,43978
21864144,43979
21871963,43977
21879569,43979
21887411,43983
21894989,43981
21902751,43988
21917175,43943
21924919,43947
21932506,43932
21939339,43951
21947101,43942
21953931,43943
21961504,43940
21968323,43943
21976761,43932
21984376,43936
21992168,43934
21999823,43938
22007546,43926
22015113,43932
22022933,43927
22037394,43909
22045180,43905
22052823,43906
22060577,43913
22068167,43912
22075977,43903
22083547,43913
22091382,43901
22098995,43912
22106858,43906
22114505,43916
22122406,43909
22130035,43901
22137835,43908
22152348,43892
22160160,43888
22167789,43899
22175545,43890
22183659,43899
22190560,43898
22198393,43888
22205980,43905
22213828,43893
22221428,43897
22229199,43903
22236829,43902
22244597,43907
22252174,43900
22259996,43896
22267549,43951
22275394,43953
22282944,43955
22290730,43952
22298332,43949
22306091,43957
22312987,43955
22320597,43956
22328480,43960
22336151,43960
22343992,43951
22351582,43961
22359392,43966
22366944,43960
22374739,43962
22382283,43964
22390087,43997
22398277,43993
22406074,43987
22413688,43993
22420566,43995
22428382,43995
22435968,44003
22443700,43997
22450525,44000
22458085,44005
22465892,44001
22473483,44008
22481320,44009
22488909,44005
22496650,44008
22504232,44008
22512022,44018
22519580,44015
22527411,44017
22534967,44015
22541826,44004
22549567,44009
22557149,43999
22564973,43999
22571790,44008
22579366,43994
22587129,43989
22594751,43992
22603175,43997
22610807,43992
22618547,43989
22626114,43984
22633885,43935
22641472,43929
22649273,43934
22656887,43934
22664647,43926
22672221,43929
22679995,43933
22687577,43930
22695403,43928
22702977,43925
22710765,43926
22718334,43926
22726130,43929
22733720,43929
22741524,43920
22755918,43939
22763677,43940
22771323,43936
22778161,43937
22785962,43946
22793577,43941
22801409,43948
22809550,43939
22817441,43939
22825000,43946
22832767,43944
22840343,43951
22848151,43942
22855773,43948
22863621,43957
22871308,43974
22879215,43982
22886837,43979
22894604,43985
22902184,43990
22910004,43986
22916852,43992
22924448,43998
22932297,44005
22946756,44012
22954446,44003
22962290,44005
22969893,44004
22977711,44007
22992145,44091
22999977,44095
23007606,44095
23014485,44092
23022300,44096
23029761,44083
23037305,44087
23045079,44092
23052642,44087
23060474,44099
23068065,44102
23075859,44099
23083432,44107
23091173,44113
23098842,44116
23106602,44171
23114160,44171
23121955,44176
23129565,44174
23137413,44173
23144981,44176
23152800,44176
23160403,44180
23168164,44183
23175024,44183
23182603,44186
23190453,44179
23198016,44189
23205828,44187
23213419,44188
23221215,44195
23228837,44223
23237304,44222
23244892,44225
23252622,44226
23260174,44221
23267984,44229
23274815,44227
23282425,44237
23290217,44228
23297855,44229
23305600,44225
23313187,44233
23321030,44236
23328659,44234
23336487,44229
23344083,44231
23351961,44217
23359589,44211
23367443,44214
23375028,44216
23382873,44208
23389697,44211
23397309,44205
23405070,44200
23412630,44201
23420473,44193
23428036,44194
23435839,44188
23443953,44181
23451676,44180
23459243,44170
23473901,44123
23481535,44120
23489399,44119
23496985,44116
23504721,44113
23512307,44119
23520074,44123
23527638,44123
23535505,44128
23543043,44121
23550859,44120
23558475,44121
23566343,44123
23573896,44124
23581721,44115
23589330,44134
23597146,44125
23604754,44128
23612562,44125
23620140,44120
23627906,44127
23634764,44126
23642320,44122
23650755,44126
23658344,44128
23666175,44122
23673754,44133
23681555,44123
23689159,44118
23697057,44121
23704657,44117
23712536,44105
23720150,44092
23727994,44103
23735576,44102
23743405,44098
23750236,44098
23757832,44110
23765612,44106
23773145,44100
23780970,44100
23788548,44104
23796385,44102
23803933,44107
23811680,44108
23819262,44107
23833830,44135
23841392,44136
23849175,44132
23856023,44143
23864237,44140
23872027,44142
23879644,44135
23887522,44135
23895129,44143
23902902,44147
23910461,44148
23918290,44141
23925909,44142
23933683,44141
23941253,44153
23949042,44198
23956623,44198
23964482,44199
23971332,44204
23978950,44203
23986817,44208
23994477,44204
24002352,44206
24009952,44213
24017773,44212
24025363,44220
24033156,44220
24040702,44216
24048561,44225
24056205,44233
24064117,44236
24072398,44310
24080184,44304
24087828,44313
24095594,44317
24103241,44314
24110108,44320
24116925,44321
24124689,44317
24132290,44316
24140100,44316
24147760,44316
24155518,44317
24163044,44314
24170788,44323
24191881,44237
24199707,44225
24207322,44229
24215104,44228
24222629,44219
24230492,44207
24238099,44216
24245997,44214
24253657,44207
24261497,44207
24268309,44200
24275946,44204
24284309,44207
24291877,44206
24299613,44198
24307177,44127
24314988,44123
24322600,44121
24329469,44121
24337300,44119
24344192,44114
24351851,44117
24359673,44120
24367232,44113
24375017,44106
24382580,44096
24389428,44108
24397270,44103
24404891,44116
24412625,44112
24420194,44113
24434801,44119
24442402,44116
24449235,44113
24457065,44115
24463917,44110
24471476,44109
24478299,44115
24486102,44106
24494242,44114
24502085,44117
24508872,44107
24516446,44110
24524216,44111
24531841,44113
24539594,44113
24554000,44125
24561741,44115
24568558,44132
24576157,44126
24582998,44124
24590815,44124
24597663,44131
24605212,44136
24613011,44131
24620552,44131
24627360,44140
24635159,44138
24642747,44136
24650534,44145
24658117,44148
24672724,44170
24680378,44163
24687237,44165
24695055,44163
24701909,44165
24710010,44162
24716822,44169
24724601,44168
24732211,44170
24740005,44164
24746833,44172
24754424,44177
24762171,44179
24769774,44186
24777564,44174
24791901,44221
24799685,44225
24806490,44229
24814020,44230
24820859,44233
24828660,44235
24835483,44234
24843018,44237
24850753,44237
24858334,44234
24866147,44236
24873720,44235
24881529,44248
24889049,44247
24896829,44244
24911193,44316
24919644,44321
24926598,44324
24934474,44331
24941361,44334
24948970,44331
24955767,44316
24963546,44328
24971075,44330
24978858,44323
24986510,44321
24993350,44323
25001213,44313
25008829,44314
25016584,44314
25031034,44256
25038893,44254
25045779,44250
25053407,44251
25060283,44252
25068111,44257
25074926,44256
25082541,44248
25090412,44245
25097966,44245
25105700,44243
25112495,44245
25120008,44242
25127816,44239
25136018,44244
25150607,44260
25158151,44273
25164954,44272
25172673,44278
25179463,44273
25187044,44271
25193866,44264
25201737,44273
25209346,44279
25217225,44274
25224852,44280
25231684,44271
25239464,44275
25247057,44276
25254847,44287
25269268,44322
25277073,44329
25283927,44325
25291517,44325
25298333,44319
25306087,44328
25312972,44327
25320609,44336
25328509,44333
25336133,44332
25344573,44334
25351396,44343
25358976,44347
25366753,44344
25374326,44346
25388854,44428
25396462,44434
25403271,44437
25417717,44438
25425538,44443
25433157,44444
25440913,44450
25448483,44453
25456312,44445
25463954,44458
25471775,44465
25479398,44462
25487216,44471
25501628,44501
25509482,44508
25517038,44504
25524821,44504
25532430,44510
25540215,44513
25547860,44514
25555627,44516
25563868,44502
25571619,44516
25579169,44515
25586956,44522
25594530,44516
25602361,44506
25609943,44517
25617714,44538
25625271,44535
25633061,44532
25639860,44541
25647442,44533
25654281,44545
25662080,44537
25669655,44543
25677510,44551
25685035,44552
25692825,44548
25700437,44555
25708214,44560
25715090,44561
25722653,44561
25730530,44563
25738131,44579
25745924,44576
25753500,44569
25761231,44567
25769462,44567
25777243,44556
25784868,44547
25792660,44552
25800276,44555
25808089,44546
25815750,44542
25823555,44533
25830378,44536
25837950,44527
25845729,44519
25853278,44522
25861042,44445
25868628,44445
25876489,44460
25884021,44452
25891823,44449
25899457,44447
25907232,44445
25914871,44439
25922758,44445
25930421,44437
25938338,44439
25945952,44441
25953739,44438
25961280,44432
25969054,44433
25984064,44450
25991855,44451
25999472,44449
26007230,44453
26014111,44451
26021745,44454
26029531,44451
26036353,44453
26043943,44453
26051705,44450
26059267,44451
26067088,44453
26073910,44451
26081511,44459
26089297,44453
26103747,44461
26111534,44451
26119067,44462
26126865,44455
26133713,44463
26141272,44464
26149066,44456
26155905,44462
26163484,44463
26171261,44476
26178901,44468
26187283,44475
26194154,44469
26201760,44464
26209591,44466
26217162,44518
26224939,44519
26232535,44520
26240347,44523
26247171,44513
26254798,44520
26262678,44522
26270299,44523
26278196,44514
26285851,44523
26293664,44521
26301223,44521
26308984,44529
26316586,44528
26324354,44523
26331949,44528
26339681,44540
26347247,44546
26355056,44542
26362628,44547
26370450,44540
26377986,44546
26385726,44546
26393853,44544
26401696,44555
26409330,44548
26417109,44558
26424686,44552
26431568,44554
26439381,44544
26446935,44558
26454742,44563
26462298,44600
26470142,44597
26477758,44601
26485568,44601
26492358,44587
26499935,44597
26507659,44606
26515261,44605
26523179,44605
26530832,44595
26538671,44595
26546320,44602
26553177,44606
26560970,44607
26568557,44605
26576372,44598
26583953,44591
26591730,44590
26599296,44585
26607605,44594
26615151,44577
26622967,44581
26630601,44582
26638412,44576
26645974,44578
26660430,44579
26667347,44574
26674977,44572
26682789,44580
26690379,44612
26705046,44537
26712690,44537
26720604,44545
26727514,44545
26735100,44536
26743035,44539
26750631,44536
26757473,44536
26765239,44530
26772860,44529
26780603,44531
26787420,44529
26795004,44539
26802796,44540
26810357,44530
26825774,44570
26833562,44563
26841084,44558
26847903,44569
26855752,44572
26863342,44561
26871159,44565
26877975,44569
26885559,44561
26893369,44563
26900940,44567
26907687,44567
26915481,44570
26923046,44573
26930877,44567
26938532,44595
26946394,44600
26953996,44603
26961827,44599
26969445,44603
26977234,44608
26984814,44614
26992608,44608
27000155,44610
27007935,44608
27015528,44616
27023359,44624
27031620,44624
27039446,44612
27047051,44623
27061697,44671
27069310,44672
27077145,44630
27084719,44669
27092532,44676
27100105,44677
27107873,44672
27115467,44682
27123269,44682
27130911,44689
27138780,44688
27146435,44681
27154271,44685
27161906,44688
27169637,44697
27177189,44749
27184979,44754
27192603,44756
27200459,44754
27206594,44764
27214147,44759
27221925,44765
27229540,44761
27237917,44764
27245509,44769
27253290,44759
27260917,44768
27268702,44769
27276262,44770
27284103,44775
27291688,44769
27299524,44827
27307022,44829
27314851,44825
27322485,44833
27330271,44836
27337886,44835
27345658,44835
27353172,44844
27360958,44842
27368557,44837
27376408,44844
27383978,44842
27391744,44839
27399314,44845
27407133,44838
27421645,44882
27429520,44877
27437145,44871
27444557,44875
27452448,44877
27460001,44871
27467817,44871
27475434,44866
27483268,44865
27490884,44872
27498698,44867
27506241,44858
27514010,44861
27521600,44859
27529465,44862
27537031,44822
27544821,44826
27552412,44823
27560194,44825
27567783,44816
27575578,44823
27583122,44816
27590924,44817
27597801,44813
27605406,44811
27613173,44819
27620735,44819
27628582,44827
27636139,44810
27643898,44808
27652073,44810
27659922,44808
27667486,44801
27675299,44795
27682144,44797
27689701,44789
27697535,44795
27705068,44788
27712866,44790
27720473,44798
27728231,44786
27735867,44789
27743661,44788
27751238,44791
27759012,44779
27766606,44787
27774380,44788
27781991,44783
27789718,44778
27797328,44782
27805096,44769
27811933,44771
27819500,44769
27827381,44777
27834992,44775
27842882,44776
27850503,44767
27858378,44775
27866544,44779
27874313,44781
27881880,44779
27903187,44813
27910851,44813
27917694,44808
27925539,44819
27933094,44815
27940973,44810
27948635,44818
27955520,44816
27963424,44809
27971027,44802
27978907,44818
27986469,44816
27993277,44810
28001103,44820
28008709,44822
28016533,44840
28024058,44845
28031867,44836
28038688,44848
28046270,44848
28054082,44844
28061664,44844
28069493,44854
28076284,44843
28084507,44851
28092280,44851
28099902,44840
28107721,44849
28114514,44853
28122100,44852
28129972,44850
28144444,44859
28152220,44861
28159788,44857
28167595,44864
28175155,44853
28182944,44857
28190584,44846
28198386,44856
28205947,44852
28213698,44852
28221368,44863
28229214,44859
28236874,44859
28244704,44858
28259086,44860
28266907,44864
28274531,44872
28282304,44869
28290590,44869
28298398,44863
28305966,44871
28313716,44874
28321279,44866
28329132,44870
28336703,44870
28344511,44867
28352050,44862
28359804,44872
28367382,44869
28375200,44809
28382810,44793
28390587,44809
28397430,44804
28405013,44793
28412812,44797
28420334,44796
28428108,44796
28434963,44799
28442557,44793
28450424,44793
28458068,44794
28465950,44790
28473597,44791
28481463,44791
28489042,44791
28497492,44765
28505030,44769
28512834,44773
28520421,44764
28528266,44762
28535103,44763
28542654,44764
28550482,44759
28558038,44767
28565797,44763
28573347,44758
28581125,44765
28588710,44758
28596559,44754
28604085,44760
28611872,44760
28619448,44729
28627230,44713
28634832,44718
28642623,44717
28650229,44762
28658150,44724
28665791,44704
28673621,44750
28681164,44711
28688922,44715
28696517,44721
28704964,44703
28712573,44706
28720379,44709
28728030,44700
28742654,44753
28750264,44750
28757052,44753
28764829,44746
28772426,44755
28780198,44756
28787814,44750
28795654,44761
28803208,44758
28810978,44765
28818593,44762
28826435,44764
28834026,44765
28840920,44763
28848732,44762
28856329,44809
28864077,44808
28871677,44814
28879493,44809
28887036,44823
28894817,44828
28902388,44827
28910173,44834
28917590,44838
28925195,44840
28932969,44849
28940542,44841
28948348,44850
28955954,44847
28963748,44853
28971325,44865
28979131,44909
28986706,44904
28994582,44910
29002150,44905
29009949,44913
29016783,44914
29024338,44912
29032117,44906
29038933,44916
29046489,44911
29054285,44911
29061895,44917
29069758,44909
29077332,44912
29085225,44920
29092845,44922
29100574,44945
29108112,44951
29115937,44949
29124065,44953
29138497,44949
29146109,44950
29152960,44952
29160789,44945
29168408,44954
29176201,44950
29183832,44957
29191646,44963
29199255,44960
29207102,44958
29221544,44970
29229356,44968
29236227,44962
29243883,44961
29251763,44959
29259379,44957
29267284,44948
29274915,44962
29282675,44947
29290260,44948
29298073,44940
29305646,44940
29313488,44935
29320317,44938
29327927,44934
29335717,44821
29343959,44812
29351687,44810
29359233,44809
29367022,44804
29374602,44802
29382434,44797
29390040,44794
29397765,44793
29405308,44792
29413104,44779
29420665,44789
29428485,44776
29436024,44770
29443825,44768
29451488,44772
29459397,44744
29467030,44739
29473924,44739
29481681,44739
29489243,44732
29497006,44739
29504585,44731
29512391,44734
29520036,44735
29527784,44732
29535396,44738
29543183,44733
29551416,44730
29558213,44724
29566008,44723
29573594,44722
29581419,44712
29589042,44720
29596786,44722
29604368,44717
29612161,44723
29619748,44724
29627545,44727
29635122,44728
29642872,44718
29650488,44723
29658281,44717
29665914,44721
29673681,44718
29681282,44732
29689110,44735
29703532,44740
29711314,44736
29718935,44733
29726729,44733
29734332,44734
29742151,44740
29749681,44741
29758080,44737
29765618,44736
29773497,44742
29781093,44740
29788913,44737
29796529,44747
29804311,44742
29811934,44742
29819662,44815
29827205,44812
29834073,44814
29841870,44822
29849456,44821
29857225,44827
29864855,44822
29871744,44822
29879618,44831
29887245,44833
29895136,44828
29902748,44838
29910560,44838
29918075,44834
29924879,44838
29932710,44840
29940251,44954
29948021,44948
29955585,44960
29963984,44963
29971597,44966
29979449,44974
29987005,44972
29994777,44975
30002345,44979
30010150,44982
30017742,44994
30025560,44992
30033189,44996
30039988,44998
30047788,45012
30055404,45013
30063210,45146
30070814,45156
30078629,45159
30086137,45173
30093886,45198
30101461,45208
30109225,45234
30116831,45244
30124633,45261
30132185,45276
30139941,45048
30147513,45299
30155294,45311
30162918,45329
30171350,45340
30185844,46089
30192701,46114
30200526,46136
30208079,46152
30215862,46179
30223463,45452
30231289,46224
30238913,46246
30246690,46264
30254292,46296
30262130,46315
30269706,46333
30277553,46356
30285072,46375
30292844,46393
30300427,46795
30308199,46800
30315821,46798
30323631,46801
30331171,46805
30338946,46801
30346493,46800
30354246,46796
30361860,46795
30376277,46795
30384604,46786
30392523,46777
30399353,46769
30407009,46759
30421580,45546
30428411,45496
30436039,45462
30443830,45429
30451452,45402
30458292,45366
30466144,45337
30473710,45312
30481531,45285
30489082,45261
30496858,45245
30504483,45224
30512277,45205
30519183,45182
30526813,45170
30541507,44978
30548302,44975
30555887,44980
30563656,44974
30571200,44971
30578045,44975
30585808,44973
30593431,44981
30601781,44981
30609357,44978
30617127,44984
30624687,44987
30632504,44997
30639341,44998
30646943,44996
30661607,45249
30669107,45255
30676886,45269
30684504,45276
30692341,45286
30699260,45297
30706898,45303
30714751,45323
30721625,45336
30729251,45335
30737081,45345
30744636,45363
30752474,45376
30759299,45391
30766930,45408
30774698,45791
30782250,45799
30789081,45821
30796895,45825
30804502,45837
30812963,45851
30820523,45861
30828325,45867
30835937,45883
30843745,45895
30851301,45914
30859157,45918
30866683,45941
30874537,45935
30882093,45954
30889867,45961
30897452,46439
30904303,46453
30912087,46467
30919669,46485
30927490,46498
30935140,46516
30942972,46537
30950613,46541
30958474,46553
30966067,46571
30973846,46595
30981417,46603
30989234,46620
30996857,46629
31004624,46638
31012163,46643
31020617,46331
31028151,46299
31035939,46271
31043540,46230
31051410,46192
31058265,46153
31065871,46109
31073598,46071
31080386,46029
31087967,45994
31095761,45959
31103351,45915
31111193,45875
31118761,45843
31126609,45812
31134159,45769
31141960,45138
31149536,45129
31157421,45124
31165057,45102
31172939,45105
31180572,45093
31188422,45081
31195988,45078
31203780,45073
31211327,45070
31219165,45054
31227388,45052
31235230,45040
31242844,45034
31250636,45028
31258211,44881
31265046,44885
31272839,44877
31280396,44871
31288239,44867
31295820,44866
31303617,44852
31311146,44853
31318956,44858
31326521,44856
31334352,44841
31341985,44837
31349813,44844
31357400,44843
31365232,44828
31379709,44797
31387565,44795
31395126,44795
31402914,44799
31410478,44801
31418270,44792
31425914,44790
31434354,44789
31441242,44792
31448902,44791
31456690,44790
31464271,44786
31472095,44794
31479657,44788
31487476,44781
31495046,44722
31501859,44712
31509676,44717
31517249,44719
31525070,44712
31532651,44714
31540476,44709
31548024,44707
31555765,44701
31563397,44699
31571232,44703
31578801,44702
31586626,44691
31594153,44701
31601961,44696
31615441,44681
31623068,44681
31630897,44688
31638521,44685
31646371,44688
31653985,44680
31661745,44691
31669303,44681
31677151,44687
31684730,44683
31692587,44685
31700174,44683
31707949,44684
31715547,44678
31723316,44684
31730186,44678
31737782,44690
31745580,44694
31753082,44695
31760887,44700
31768489,44698
31775330,44691
31783107,44696
31790739,44695
31798583,44700
31806136,44695
31813934,44703
31821529,44701
31829331,44711
31836934,44715
31844736,44711
31852314,44713
31860661,44712
31868239,44711
31876032,44710
31883598,44700
31890451,44707
31898247,44701
31905831,44693
31913650,44701
31920540,44691
31928110,44692
31935888,44699
31943455,44691
31951228,44685
31958815,44691
31966605,44680
31979492,44654
31987059,44654
31994795,44648
32002348,44652
32009159,44660
32016927,44657
32024529,44650
32032415,44648
32040050,44657
32047911,44649
32055546,44656
32063334,44647
32071550,44655
32079314,44648
32086932,44652
32094717,44640
32102285,44642
32110092,44648
32117684,44655
32125537,44644
32133100,44645
32140852,44647
32148461,44640
32156270,44649
32163903,44637
32171681,44645
32179277,44648
32187083,44649
32194674,44634
32202508,44648
32210085,44646
32216894,44671
32224651,44669
32232208,44665
32240006,44668
32247595,44665
32255406,44672
32262984,44668
32270701,44665
32278181,44673
32285756,44665
32293591,44668
32301138,44670
32308915,44670
32316457,44676
32324249,44678
32331844,44672
32339644,44674
32347164,44678
32354942,44673
32362538,44666
32369374,44676
32377201,44676
32384781,44675
32392610,44673
32399423,44684
32407009,44679
32414734,44679
32422277,44683
32430102,44685
32437709,44674
32445548,44671
32459236,44715
32466859,44713
32474689,44714
32482868,44715
32489746,44715
32497626,44721
32505218,44723
32512998,44721
32520619,44729
32528437,44721
32536041,44727
32543799,44723
32551444,44728
32559274,44736
32566903,44731
32574672,44773
32582256,44777
32590037,44776
32597619,44776
32605420,44775
32612985,44776
32620719,44774
32628320,44770
32636145,44777
32643740,44784
32651569,44778
32659096,44778
32666850,44775
32674369,44776
32682141,44776
32697554,44912
32705122,44914
32712902,44914
32720488,44914
32727329,44918
32735137,44906
32742732,44919
32750585,44902
32758228,44904
32766053,44911
32773657,44901
32781496,44904
32789088,44894
32796836,44903
32804356,44891
32812173,44809
32819058,44800
32826697,44802
32834570,44799
32848802,44798
32856691,44800
32864390,44793
32872273,44794
32879101,44795
32886657,44788
32894507,44795
32902132,44791
32910654,44793
32918250,44790
32933010,44755
32939923,44764
32947561,44760
32955462,44762
32963108,44761
32970890,44765
32978502,44762
32986404,44757
32994056,44752
33001918,44750
33009450,44753
33017245,44750
33024831,44749
33032650,44747
33040161,44742
33047935,44717
33054786,44727
33061626,44723
33069195,44714
33076963,44721
33084543,44723
33092320,44727
33099947,44728
33107699,44730
33115946,44724
33123720,44729
33131257,44728
33139038,44730
33146615,44735
33154429,44733
33162005,44738
33169811,44774
33177373,44765
33185184,44774
33192771,44773
33200626,44765
33207492,44766
33215085,44771
33222975,44771
33230651,44767
33237502,44767
33245284,44768
33252895,44772
33260662,44763
33268144,44767
33275896,44771
33283491,44774
33291293,44856
33298960,44842
33306782,44852
33314351,44854
33322149,44864
33330205,44859
33337983,44867
33345570,44864
33353417,44869
33361011,44869
33368806,44874
33376465,44874
33384236,44877
33391776,44874
33399594,44887
33407186,44887
33414067,44952
33421886,44954
33429503,44955
33437286,44955
33444908,44955
33452696,44961
33460252,44959
33468026,44968
33475617,44969
33483494,44972
33491150,44966
33499019,44971
33506655,44967
33514506,44981
33522080,44967
33537348,44967
33544209,44973
33551980,44970
33559561,44968
33567379,44966
33574987,44957
33582747,44963
33590297,44961
33598083,44960
33605645,44964
33613467,44968
33621070,44972
33628832,44977
33636401,44972
33644195,44978
33651763,44956
33659611,44949
33667151,44944
33674907,44950
33682496,44942
33689336,44941
33697119,44937
33704712,44930
33712549,44930
33720115,44928
33727916,44933
33735510,44933
33743939,44928
33751559,44921
33759342,44915
33766987,44912
33773838,44855
33781693,44861
33789262,44852
33797033,44843
33804608,44847
33812429,44849
33820080,44842
33827837,44843
33835409,44841
33842268,44840
33850030,44838
33857660,44838
33865523,44838
33873154,44841
33880992,44834
33888606,44839
33896462,44791
33904094,44797
33911883,44795
33919435,44797
33927228,44793
33934775,44789
33942605,44785
33950838,44780
33958626,44782
33966131,44776
33973904,44774
33981500,44770
33989256,44772
33996872,44774
34004633,44776
34011487,44768
34019094,44697
34026857,44701
34034478,44694
34042260,44697
34049891,44691
34057667,44689
34065176,44683
34072979,44685
34080605,44677
34095044,44681
34102678,44686
34110509,44674
34118077,44680
34132682,44636
34140190,44637
34148028,44644
34155617,44638
34164054,44642
34170896,44637
34178476,44632
34186244,44637
34193792,44631
34200680,44639
34208540,44638
34216157,44637
34223961,44643
34231580,44642
34239349,44639
34253803,44639
34261653,44643
34269233,44633
34277015,44624
34284639,44609
34292462,44591
34300052,44566
34307864,44531
34315468,44476
34323233,44428
34330815,44362
34338628,44279
34346144,44199
34353983,44115
34361553,44009
34369330,39779
34377564,39847
34385291,39935
34392892,40043
34400685,40173
34407516,40313
34415108,40468
34422922,40646
34430543,40832
34438353,41021
34445996,41221
34453746,41412
34461295,41614
34469141,41803
34476723,41979
34490743,44035
34498361,44034
34506192,44040
34513771,44047
34521595,44049
34528434,44053
34536084,44054
34543868,44064
34551424,44062
34559190,44066
34566800,44075
34574632,44077
34582840,44075
34590655,44084
34598181,44084
34605929,44204
34613505,44213
34621229,44218
34628869,44218
34636669,44221
34644243,44233
34651985,44233
34659554,44227
34667289,44243
34674896,44253
34682692,44250
34690263,44256
34698045,44262
34705636,44266
34713449,44276
34721068,44278
34728837,44391
34736415,44394
34744208,44409
34751813,44410
34759623,44405
34766509,44412
34774059,44419
34781825,44414
34790059,44423
34797766,44416
34805338,44429
34813128,44426
34820740,44430
34828592,44424
34836181,44432
34850756,44497
34858304,44499
34866072,44498
34873691,44496
34881516,44494
34889090,44500
34896862,44501
34904422,44504
34912198,44500
34919756,44497
34927554,44502
34935106,44509
34942903,44506
34950532,44506
34958372,44506
34966009,44529
34973811,44526
34981402,44524
34989156,44534
34997348,44544
35004172,44528
35011956,44532
35019589,44537
35027377,44530
35034998,44531
35042772,44536
35050307,44536
35058098,44536
35065687,44530
35073501,44542
35081086,44534
35087872,44555
35095669,44557
35103243,44556
35111036,44559
35118648,44550
35125502,44562
35133286,44563
35140870,44566
35148686,44572
35156264,44569
35164053,44575
35171620,44577
35179371,44565
35186976,44570
35194698,44573
35202845,44574
35210731,44617
35218360,44617
35226130,44622
35233697,44619
35240505,44611
35248306,44609
35255907,44620
35263731,44618
35271289,44618
35279098,44612
35286668,44608
35294475,44602
35302112,44605
35309913,44605
35317489,44606
35331930,44557
35339788,44551
35347381,44547
35354192,44546
35361986,44549
35368840,44553
35376394,44558
35384187,44554
35391747,44554
35399591,44554
35406455,44547
35414083,44547
35422528,44546
35430089,44545
35437836,44549
35452238,44569
35460047,44572
35467689,44567
35474535,44565
35482304,44576
35489154,44559
35496755,44566
35504572,44561
35512122,44557
35519863,44567
35526683,44559
35534218,44561
35542009,44557
35549600,44551
35557375,44557
35564250,44552
35571841,44544
35579662,44540
35587199,44535
35593996,44553
35601757,44549
35608598,44546
35616153,44551
35623933,44549
35632119,44553
35639902,44555
35647414,44548
35655216,44553
35662790,44551
35670648,44551
35678215,44563
35685071,44558
35692830,44584
35700404,44583
35708237,44582
35715768,44582
35723574,44581
35731115,44583
35738903,44585
35746541,44585
35754327,44589
35761913,44594
35769699,44577
35777256,44593
35785038,44587
35792613,44580
35799435,44596
35807298,44591
35814911,44622
35822715,44615
35830267,44620
35838640,44619
35846197,44620
35853971,44618
35861555,44624
35869381,44616
35877014,44619
35884792,44616
35892362,44630
35900176,44631
35907770,44624
35915586,44617
35923104,44623
35937695,44683
35945206,44692
35952988,44690
35960587,44695
35968366,44702
35975997,44700
35983716,44705
35991254,44700
35999090,44710
36006686,44704
36014568,44705
36022120,44707
36029933,44707
36037548,44707
36045936,44709
36053500,44666
36061342,44672
36068932,44680
36075751,44676
36083581,44665
36091128,44675
36098856,44667
36106421,44672
36114209,44672
36121773,44669
36129604,44673
36137173,44672
36144940,44671
36152516,44670
36159312,44665
36167079,44667
36174624,44678
36182396,44678
36190014,44674
36197816,44676
36205425,44670
36213292,44679
36220909,44673
36228677,44674
36236185,44668
36243974,44673
36252127,44669
36259914,44670
36267520,44670
36275328,44669
36282924,44668
36297594,44653
36305148,44660
36312879,44655
36320437,44657
36328223,44663
36335804,44665
36343685,44663
36351244,44666
36359010,44671
36366596,44679
36374364,44667
36381927,44669
36389740,44668
36397303,44669
36405113,44672
36412665,44695
36420491,44701
36428096,44700
36435867,44700
36443429,44698
36451212,44698
36459380,44701
36467246,44696
36474861,44698
36482649,44696
36489488,44694
36497110,44696
36504869,44700
36512439,44694
36519301,44701
36527124,44697
36534693,44717
36542507,44714
36550076,44717
36564491,44719
36572105,44719
36578974,44728
36586730,44727
36594283,44717
36602094,44730
36609689,44723
36617535,44734
36625119,44733
36632876,44734
36640433,44729
36655076,44771
36662650,44771
36670405,44778
36677763,44778
36685357,44780
36693170,44737
36699989,44782
36707563,44789
36715373,44796
36722971,44793
36729842,44796
36737659,44790
36745202,44800
36752978,44804
36760595,44800
36775195,44756
36782774,44763
36790613,44766
36797428,44761
36805016,44767
36812847,44764
36819708,44765
36827269,44767
36835088,44765
36842676,44770
36849517,44769
36857322,44767
36864945,44763
36872741,44772
36879592,44765
36894939,44823
36902483,44830
36910265,44834
36917059,44827
36924651,44828
36932482,44825
36939352,44827
36946951,44823
36954739,44824
36962328,44829
36970138,44832
36977708,44830
36985540,44830
36993141,44831
37000907,44835
37008507,44866
37016304,44864
37023932,44869
37031767,44869
37039308,44878
37047068,44873
37054632,44878
37062422,44870
37070066,44869
37077763,44878
37085310,44868
37093123,44880
37101211,44882
37109012,44886
37116605,44884
37124397,44891
37132008,44978
37139780,44892
37147325,44981
37154170,44979
37161876,44985
37169444,44985
37177235,44994
37184842,44984
37192690,44991
37200226,44992
37208024,44993
37215626,44989
37223441,44994
37231039,44998
37238766,44993
37246290,44998
37254069,45067
37261685,45064
37269484,45074
37277062,45074
37284875,45070
37292395,45081
37300201,45081
37308323,45079
37316117,45090
37323729,45092
37330534,45092
37338309,45085
37345923,45091
37353709,45102
37360545,45094
37368117,45108
37375887,45165
37383458,45170
37391269,45169
37398824,45173
37406674,45180
37414238,45181
37421992,45183
37429565,45176
37437324,45176
37444920,45187
37452720,45181
37460226,45179
37468032,45172
37475652,45180
37483429,45184
37491032,45080
37498777,45081
37506335,45085
37514705,45076
37522278,45065
37530092,45065
37537703,45068
37544508,45049
37552368,45047
37559963,45052
37567722,45049
37575283,45047
37583025,45037
37590602,45042
37598373,45036
37605947,45034
37613780,44955
37621370,44957
37629195,44957
37636033,44946
37643625,44956
37651487,44941
37659092,44948
37665862,44948
37673684,44939
37681278,44943
37689088,44934
37696646,44939
37704432,44938
37712053,44936
37719498,44936
37727369,44936
37734945,44894
37742744,44888
37750283,44892
37757116,44891
37764855,44897
37772415,44895
37780228,44898
37787816,44894
37802295,44902
37809176,44904
37816984,44906
37824600,44899
37831429,44900
37839239,44906
37846785,44906
37854605,44924
37862150,44917
37869959,44928
37877510,44923
37885303,44931
37892845,44931
37900686,44926
37908147,44923
37915901,44930
37923466,44939
37930315,44930
37938732,44927
37946305,44931
37954103,44928
37961678,44931
37969446,44931
37977024,44956
37984791,44950
37992390,44960
38000182,44963
38007773,44956
38015609,44963
38023144,44964
38030856,44958
38038459,44958
38045273,44956
38053054,44955
38060632,44954
38068421,44969
38076028,44956
38083855,44954
38098301,44986
38106086,44987
38112938,44975
38120547,44986
38128331,44985
38135932,44984
38144399,44987
38151975,44992
38159782,44985
38166634,44991
38174183,44988
38181962,44991
38189552,44996
38197350,44997
38204960,44991
38219624,44953
38227168,44946
38234935,44948
38242478,44936
38250296,44930
38257874,44935
38265723,44911
38272540,44922
38280145,44924
38287913,44914
38295480,44921
38303306,44913
38310869,44902
38318729,44907
38326263,44904
38334055,44851
38341652,44855
38349414,44849
38357673,44848
38365393,44845
38372967,44849
38380752,44852
38388330,44859
38396155,44847
38403721,44846
38411555,44849
38419154,44849
38426905,44850
38433717,44850
38441192,44850
38448976,44844
38456569,44829
38464386,44830
38471240,44836
38478862,44839
38486685,44832
38494207,44832
38502004,44832
38509572,44830
38517364,44834
38524974,44838
38532707,44824
38540234,44830
38548031,44826
38554841,44832
38563061,44824
38577656,44843
38585209,44837
38592036,44844
38599821,44839
38607412,44846
38615210,44838
38622775,44833
38630623,44835
38637441,44836
38645070,44839
38651861,44837
38659685,44840
38667206,44842
38674958,44835
38682555,44836
38697246,44839
38704808,44843
38711620,44845
38719400,44847
38727024,44843
38734817,44843
38742397,44848
38750224,44846
38757036,44844
38764603,44851
38772946,44859
38780519,44852
38788331,44851
38795149,44860
38802755,44856
38817428,44883
38825039,44892
38832792,44884
38840361,44882
38848164,44887
38855739,44891
38863569,44892
38871125,44888
38878889,44887
38886483,44889
38894241,44896
38901801,44897
38909619,44895
38917170,44899
38924930,44899
38932529,44920
38940348,44916
38947924,44918
38955724,44918
38963323,44917
38971074,44917
38979171,44921
38987008,44920
38994591,44920
39002383,44921
39010016,44915
39017799,44915
39025365,44920
39038824,44915
39053626,44850
39061198,44852
39068046,44844
39075861,44848
39083443,44850
39091300,44844
39098880,44857
39106717,44848
39114245,44843
39122020,44842
39129631,44846
39137416,44847
39145041,44843
39152801,44846
39160369,44840
39168104,44847
39175691,44849
39183477,44845
39191084,44849
39199585,44849
39207154,44854
39214909,44849
39222471,44848
39230252,44856
39237051,44848
39244636,44847
39251469,44845
39259341,44838
39266921,44843
39274747,44839
39282331,44843
39290128,44828
39297707,44829
39305524,44838
39313140,44831
39320910,44827
39328512,44836
39336342,44836
39343966,44834
39351758,44826
39358506,44835
39366095,44838
39373843,44837
39381425,44839
39388252,44837
39396078,44842
39404301,44842
39412119,44863
39419705,44853
39427523,44860
39435123,44857
39442864,44854
39450420,44857
39458209,44862
39465835,44855
39473699,44859
39481227,44851
39489017,44848
39496589,44857
39504406,44854
39512037,44854
39519807,44851
39534212,44814
39542011,44814
39549547,44818
39557319,44807
39564888,44811
39572687,44814
39580238,44814
39588060,44814
39595642,44806
39603395,44806
39611589,44803
39619368,44809
39626959,44809
39634747,44799
39642311,44801
39650088,44820
39657666,44816
39665467,44826
39672280,44819
39679821,44825
39687661,44817
39695244,44829
39703017,44824
39710625,44831
39718387,44834
39726008,44822
39733783,44836
39741336,44832
39748183,44826
39755916,44832
39763460,44833
39771263,44827
39778865,44815
39786718,44819
39794251,44822
39802027,44813
39809640,44806
39817399,44809
39825645,44803
39833421,44797
39841042,44797
39848778,44790
39855621,44802
39863164,44792
39870926,44788
39878496,44780
39886244,44784
39893799,44734
39901637,44723
39909216,44727
39916957,44722
39924546,44712
39932342,44723
39939905,44720
39947703,44720
39955222,44716
39961986,44714
39969792,44715
39976572,44716
39984170,44711
39990976,44706
39998738,44709
40006232,44723
40020785,44693
40028923,44693
40035834,44694
40043659,44694
40051207,44692
40058984,44692
40066597,44685
40074360,44694
40081253,44686
40088813,44689
40095682,44689
40103491,44687
40111094,44679
40118950,44686
40126550,44683
40134369,44672
40141941,44673
40149740,44686
40157245,44684
40165003,44686
40172627,44684
40180414,44685
40188060,44682
40195851,44685
40203429,44682
40211216,44686
40218773,44688
40226560,44681
40234163,44682
40242573,44688
40250180,44683
40257911,44666
40272101,44667
40279931,44670
40287586,44662
40295373,44670
40302968,44660
40310810,44660
40317675,44659
40325247,44658
40333019,44659
40340649,44657
40347425,44649
40355234,44662
40362770,44654
40370569,44660
40378177,44659
40385907,44668
40392730,44670
40400291,44661
40408069,44657
40415659,44663
40423421,44664
40430998,44660
40437845,44666
40445694,44668
40453809,44664
40461681,44663
40469232,44663
40477019,44670
40484591,44662
40492380,44646
40499982,44650
40507858,44644
40515491,44639
40523309,44631
40530911,44624
40538740,44612
40546264,44610
40554057,44613
40561652,44607
40568540,44601
40576348,44602
40584013,44605
40591779,44600
40599387,44595
40607178,44607
40614740,44573
40622564,44563
40630144,44564
40637878,44567
40645458,44563
40653230,44565
40661373,44550
40669213,44547
40676746,44554
40684545,44545
40692160,44540
40699961,44523
40706794,44524
40714394,44523
40722189,44516
40729776,44504
40737555,44395
40745194,44401
40752927,44394
40760496,44393
40768289,44393
40775861,44384
40783713,44387
40791254,44379
40799093,44381
40806658,44380
40814420,44372
40821961,44372
40829743,44369
40837320,44374
40845086,44375
40852658,44304
40860451,44307
40868673,44303
40875547,44309
40883342,44297
40890912,44299
40898738,44309
40906294,44298
40914112,44295
40921696,44292
40929540,44290
40937129,44294
40943939,44289
40951764,44291
40959260,44295
40967063,44292
40974652,44271
40982456,44265
40990088,44264
40997847,44268
41005389,44263
41013161,44274
41020749,44274
41028582,44269
41036233,44270
41044015,44274
41051598,44271
41059395,44275
41066969,44271
41074769,44274
41083054,44271
41097690,44277
41105246,44280
41113003,44272
41120606,44275
41128337,44277
41135904,44279
41143727,44291
41151270,44285
41159048,44282
41165870,44283
41173458,44283
41181232,44286
41188863,44284
41196691,44289
41204263,44293
41212029,44318
41219622,44321
41227420,44322
41235030,44323
41242790,44331
41250327,44327
41258153,44324
41265731,44326
41273467,44328
41281100,44318
41289530,44328
41297172,44321
41303986,44316
41311808,44329
41319370,44329
41327174,44326
41334831,44324
41342687,44331
41350244,44330
41357067,44326
41364850,44327
41372416,44325
41380196,44320
41387814,44326
41395668,44329
41403244,44335
41410041,44330
41417835,44331
41425437,44328
41433234,44330
41440844,44325
41448689,44326
41456218,44350
41464022,44356
41471608,44351
41478412,44347
41486281,44344
41494484,44349
41502327,44341
41516527,44347
41523425,44346
41531272,44347
41538852,44351
41546652,44359
41554258,44354
41562049,44361
41569634,44359
41577441,44295
41585049,44300
41591915,44292
41599759,44297
41607249,44294
41615033,44280
41622592,44293
41630390,44296
41638006,44292
41645769,44292
41652586,44285
41660178,44294
41667920,44287
41675490,44277
41683269,44287
41690820,44281
41698680,44288
41706261,44285
41714711,44292
41722248,44292
41729985,44286
41737563,44294
41745378,44297
41753000,44289
41760846,44296
41768490,44285
41776329,44294
41783159,44297
41790730,44302
41798552,44294
41806139,44297
41820686,44281
41828220,44281
41835999,44266
41843613,44279
41851388,44270
41859021,44263
41866783,44269
41874346,44262
41882091,44265
41888924,44268
41895768,44263
41902606,44265
41910223,44269
41918015,44257
41926226,44264
41940768,44189
41948368,44182
41955168,44175
41962881,44166
41970449,44171
41978269,44172
41985861,44157
41993677,44154
42001209,44259
42007988,44148
42014851,44145
42021689,44142
42029463,44145
42037097,44145
42044861,44145
42059286,44158
42067070,44167
42073802,44173
42081372,44180
42089109,44189
42096744,44197
42104565,44209
42112171,44214
42119923,44208
42126756,44220
42134308,44226
42141092,44220
42148809,44220
42156356,44218
42164182,44222
42178547,44297
42186396,44295
42193267,44298
42200811,44298
42208665,44302
42216263,44306
42224068,44311
42231696,44315
42239499,44309
42246373,44319
42253233,44316
42260053,44319
42267630,44324
42275390,44326
42282983,44325
42297695,44348
42305264,44351
42312124,44350
42319917,44352
42327510,44348
42335313,44354
42343407,44352
42351243,44354
42358847,44347
42366701,44350
42374261,44336
42382062,44339
42389684,44337
42397488,44352
42405123,44341
42412845,44336
42420400,44334
42428204,44333
42435778,44338
42443654,44330
42451238,44336
42459000,44338
42466627,44342
42474413,44346
42481980,44331
42488835,44341
42496701,44341
42504223,44343
42512040,44345
42519605,44347
42527380,44354
42534939,44340
42542736,44332
42550857,44328
42558739,44327
42566287,44333
42574099,44331
42581701,44326
42589497,44318
42597102,44331
42604867,44325
42612415,44320
42619255,44329
42627007,44323
42634615,44326
42642423,44321
42650030,44324
42657779,44388
42665338,44372
42672159,44384
42679868,44375
42687429,44383
42695201,44385
42702801,44369
42710614,44383
42718160,44385
42725891,44386
42732736,44380
42747110,44391
42754726,44394
42762632,44386
42777805,44414
42785678,44418
42793253,44421
42801055,44416
42808679,44411
42816457,44419
42824100,44414
42831894,44415
42839465,44408
42846331,44421
42853146,44428
42860867,44425
42868388,44423
42876188,44431
42883819,44436
42898496,44489
42906113,44490
42913866,44494
42921435,44496
42929265,44503
42936821,44501
42944603,44505
42952156,44511
42959930,44506
42966774,44510
42973622,44511
42981824,44515
42989657,44514
42997209,44519
43004972,44524
43012507,44540
43020335,44541
43027943,44535
43035809,44538
43043340,44537
43051141,44538
43058746,44548
43066569,44539
43074118,44534
43081894,44540
43088718,44549
43096259,44546
43104058,44544
43111690,44537
43119497,44542
43127095,44543
43134845,44532
43142373,44530
43150141,44527
43157728,44534
43165512,44529
43173137,44531
43180894,44532
43189109,44529
43196863,44539
43204431,44541
43212174,44535
43219043,44537
43226596,44542
43234392,44537
43242008,44539
43256718,44623
43264235,44624
43271969,44631
43279533,44631
43287353,44635
43294953,44643
43302743,44640
43310291,44650
43318080,44647
43325672,44656
43333461,44652
43340283,44654
43347891,44665
43355769,44668
43363418,44668
43371298,44795
43378953,44802
43386801,44804
43395034,44816
43402808,44818
43410363,44834
43418136,44836
43425750,44843
43433568,44848
43441186,44861
43449016,44859
43455871,44875
43463456,44883
43471299,44880
43478862,44883
43486706,44898
43494338,45023
43502112,45024
43509714,45023
43517516,45033
43525121,45040
43532890,45040
43540462,45039
43548286,45043
43555878,45038
43563699,45042
43570509,45056
43578114,45062
43585856,45058
43593428,45068
43601788,45063
43609332,45068
43617118,45145
43624720,45145
43632485,45145
43639338,45144
43646917,45136
43654744,45135
43662274,45142
43670012,45134
43677598,45139
43685371,45143
43692956,45141
43700808,45134
43708322,45126
43716090,45135
43723684,45135
43731436,45133
43739013,45119
43746766,45128
43754366,45119
43762147,45121
43769727,45120
43777498,45110
43785147,45105
43792921,45113
43800482,45102
43808776,45109
43815613,45108
43823190,45113
43831001,45100
43838536,45089
43846347,45101
43860738,45085
43868460,45078
43876021,45078
43883852,45080
43891422,45069
43899195,45065
43906771,45081
43914569,45078
43922132,45069
43929903,45070
43936721,45069
43944266,45077
43952057,45070
43959680,45075
43967471,45073
43975115,45086
43989559,45091
43996456,45091
44004250,45101
44011816,45103
44019635,45105
44027865,45106
44035695,45115
44043237,45128
44049395,45121
44057153,45136
44064713,45148
44072464,45151
44080030,45170
44087877,45175
44095475,45625
44103273,45630
44110822,45637
44117694,45651
44125496,45650
44133119,45651
44140845,45655
44148388,45654
44156163,45664
44163742,45657
44171517,45651
44179154,45655
44186974,45650
44194554,45659
44202327,45652
44209859,45658
44217722,45622
44225287,45614
44233771,45625
44241274,45627
44249062,45626
44256630,45635
44264394,45640
44271971,45646
44279777,45652
44286607,45651
44294185,45646
44301969,45657
44309536,45652
44317325,45652
44324892,45654
44332686,45649
44340202,45607
44347950,45608
44354812,45613
44362320,45613
44370104,45606
44377721,45611
44385536,45606
44393133,45605
44400898,45600
44407724,45604
44415291,45601
44423120,45592
44429952,45599
44438100,45593
44445913,45595
44460324,45641
44468219,45645
44475100,45634
44482744,45633
44490608,45642
44498192,45639
44505999,45638
44513565,45637
44521347,45635
44528900,45640
44535732,45645
44543513,45636
44551107,45646
44558913,45641
44566469,45637
44574264,45648
44581882,45648
44589706,45640
44597259,45649
44605092,45653
44612669,45653
44620517,45659
44628118,45654
44635941,45650
44643522,45655
44650914,45650
44658750,45654
44666344,45654
44674177,45646
44681797,45648
44689613,45653
44697212,45756
44705062,45758
44712675,45761
44720468,45765
44728033,45762
44735823,45779
44743389,45787
44751235,45788
44758816,45800
44765629,45792
44773432,45805
44780998,45806
44788794,45831
44796282,45818
44804088,45835
44811768,45825
44819615,45974
44827271,45968
44834136,45970
44841979,45963
44849639,45966
44858056,45974
44865674,45975
44873457,45975
44881122,45978
44888923,45983
44896487,45983
44904295,45981
44911896,45992
44919764,45988
44927314,45995
44941845,45799
44949381,45802
44957183,45802
44964783,45798
44972674,45799
44980337,45809
44988163,45799
44995802,45793
45003617,45788
45011252,45795
45019019,45789
45026571,45794
45034376,45791
45042022,45783
45049902,45785
45057508,45568
45065814,45556
45073400,45556
45081237,45550
45088848,45769
45096711,45540
45104269,45541
45112103,45528
45119691,45534
45126552,45524
45133382,45511
45141240,45510
45148869,45507
45156743,45498
45164292,45492
45172074,45482
45179675,45372
45187443,45369
45194249,45376
45201799,45376
45209630,45379
45223821,45379
45231715,45385
45239324,45379
45247152,45379
45254716,45384
45262539,45377
45270173,45363
45276992,45359
45285413,45358
45299881,45296
45306713,45281
45314504,45278
45322124,45274
45329873,45262
45337402,45263
45345206,45261
45352785,45248
45360638,45243
45368219,45240
45375956,45230
45383494,45226
45391264,45218
45398082,45219
45405674,45212
45420338,45155
45427159,45156
45434734,45141
45442520,45137
45450139,45127
45457853,45119
45465416,45113
45473249,45125
45480866,45114
45488715,45108
45496968,45097
45504800,45096
45512336,45093
45520066,45088
45527607,45090
45535437,45064
45543066,45064
45550873,45064
45558416,45066
45566257,45071
45573892,45069
45581720,45065
45589288,45061
45597074,45060
45603877,45056
45611492,45061
45619295,45050
45626867,45056
45634721,45044
45642295,45044
45650052,45056
45657616,45051
45665399,45046
45673030,45046
45680845,45047
45688447,45042
45696226,45036
45704305,45034
45712115,45035
45719686,45024
45727463,45026
45735067,45019
45742919,45015
45750498,45015
45758300,45011
45765902,45009
45773712,45004
45781272,44990
45789011,45001
45796560,44993
45804366,44999
45811987,44992
45819788,44991
45827318,44987
45835110,44993
45841928,44988
45849514,44994
45857315,44990
45864874,44992
45872753,44993
45880350,44998
45895150,44959
45902775,44960
45911219,44951
45918805,44956
45926636,44956
45934246,44949
45942001,44942
45949605,44949
45957423,44944
45965030,44944
45972815,44948
45980327,44951
45988126,44952
45995719,44954
46002554,44959
46010357,44975
46017933,44970
46024796,44960
46032632,44979
46040260,44980
46048117,44979
46055751,44979
46063462,44974
46071059,44975
46078879,44976
46086451,44982
46094260,44980
46101868,44976
46109709,44972
46117937,44977
46125783,44971
46133374,44973
46141176,44976
46148754,44984
46156597,44981
46164210,44983
46172055,44989
46179636,44982
46187436,44986
46195011,44988
46201876,44988
46209721,44988
46217328,44985
46225137,44990
46232726,44982
46240503,44987
46248064,44992
46255851,44974
46263357,44964
46271154,44969
46278744,44963
46286526,44958
46294180,44961
46302001,44951
46309585,44955
46317375,44959
46325544,44956
46333377,44957
46340217,44957
46347824,44954
46355707,44951
46363302,44946
46377913,44892
46385483,44896
46393240,44895
46400825,44897
46408647,44893
46416248,44889
46423964,44889
46431542,44900
46439333,44895
46446907,44904
46461347,44889
46469001,44892
46476849,44898
46491243,44892
46499042,44904
46505825,44894
46513388,44898
46521168,44898
46528775,44907
46536592,44909
46544794,44902
46552618,44910
46559501,44909
46567139,44911
46574909,44900
46582469,44906
46590225,44911
46597844,44912
46612604,44951
46620215,44958
46627925,44966
46635495,44973
46643273,44969
46650804,44980
46658551,44976
46666157,44978
46673923,44978
46681514,44976
46689311,44979
46696909,44983
46704759,44981
46712335,44987
46720055,44980
46727595,45003
46735417,45003
46743051,45004
46751618,45009
46759209,45004
46766975,45008
46774537,45011
46782339,45006
46789917,45008
46796735,45008
46804549,45009
46812187,45004
46818987,45017
46826824,45015
46834361,45018
46848979,45068
46855781,45061
46863294,45076
46871081,45072
46878662,45067
46886442,45073
46894070,45078
46901928,45066
46909491,45067
46916293,45075
46924053,45074
46931620,45072
46938450,45075
46946229,45074
46953794,45071
46968938,45083
46975746,45085
46983263,45090
46990160,45097
46997899,45086
47005493,45082
47013274,45084
47020905,45084
47028748,45076
47035547,45084
47043171,45080
47050894,45084
47057724,45082
47065295,45083
47073088,45077
47087603,45105
47094446,45102
47102277,45093
47109115,45104
47116701,45111
47124480,45106
47132111,45114
47139922,45104
47147497,45113
47154324,45116
47162130,45116
47170210,45122
47177022,45121
47184860,45121
47192375,45116
47206985,45144
47213825,45148
47221399,45159
47228247,45156
47236064,45159
47243656,45156
47251462,45174
47259064,45176
47266907,45171
47273744,45176
47281294,45176
47289091,45178
47295945,45178
47303535,45172
47311337,45172
47318876,45167
47326670,45118
47333509,45130
47341102,45129
47347933,45130
47355758,45134
47363318,45134
47371073,45136
47378664,45135
47386957,45152
47393808,45154
47401325,45145
47409136,45148
47415991,45146
47423570,45146
47431428,45153
47439004,45142
47446777,45130
47453553,45137
47461168,45130
47467985,45135
47475845,45137
47483395,45139
47491170,45143
47498782,45142
47506563,45137
47514167,45141
47521938,45149
47529504,45154
47536316,45140
47544094,45157
47551713,45157
47559514,45154
47573229,45207
47580807,45220
47587618,45224
47596031,45229
47603683,45225
47611577,45243
47619241,45239
47627124,45243
47633984,45245
47641591,45247
47649421,45254
47656963,45255
47664767,45254
47672327,45269
47680093,45269
47687652,45283
47702152,45286
47709938,45289
47717493,45294
47725246,45302
47732824,45302
47740659,45304
47747517,45304
47755140,45306
47762920,45308
47770505,45301
47778294,45313
47785896,45311
47793672,45305
47808742,45327
47816623,45326
47824209,45332
47832013,45332
47839570,45328
47847362,45338
47854941,45336
47862776,45330
47870403,45332
47878184,45332
47885812,45326
47892661,45325
47900479,45322
47908109,45326
47915887,45328
47923435,45361
47931256,45355
47938875,45362
47946736,45349
47954263,45348
47962030,45352
47969579,45349
47977407,45347
47984959,45344
47992764,45344
48000322,45334
48008101,45332
48016194,45334
48024034,45333
48031612,45325
48039395,45329
48046958,45310
48054821,45301
48061661,45310
48069259,45306
48077031,45292
48084600,45295
48092387,45293
48099993,45297
48106853,45293
48114621,45288
48122216,45288
48129995,45291
48137575,45286
48145389,45287
48153005,45285
48160845,45285
48168454,45036
48175253,44961
48183040,44880
48190618,44798
48198422,44696
48206012,44593
48213840,44492
48221390,44364
48229795,44265
48237340,44145
48245111,44022
48252651,43895
48260452,43769
48268029,43636
48275868,43517
48290299,43900
48298105,43974
48305695,44060
48313467,44133
48321077,44196
48328853,44254
48336428,44307
48344251,44358
48351818,44401
48359590,44435
48367178,44472
48374908,44503
48382433,44536
48390169,44561
48397790,44574
48405654,44790
48413248,44792
48421060,44796
48428709,44794
48437037,44799
48444602,44796
48452392,44798
48459998,44810
48466858,44814
48474641,44820
48482213,44810
48490050,44814
48496891,44824
48504441,44825
48512216,44828
48519795,44831
48527560,44911
48535182,44902
48542943,44898
48550537,44907
48558370,44896
48565932,44904
48573782,44914
48581348,44910
48589106,44914
48596715,44915
48604540,44915
48612193,44913
48619969,44913
48627573,44913
48635361,44916
48650362,44957
48658175,44957
48664987,44960
48672533,44967
48680335,44968
48687943,44968
48695791,44974
48703316,44970
48711020,44980
48718575,44979
48726419,44991
48734012,44983
48741824,44989
48749308,44983
48757092,44982
48771466,45022
48779258,45017
48785110,45014
48792900,45006
48800483,45008
48808329,45003
48815902,45004
48823712,44999
48831274,44999
48838941,45000
48846475,45002
48854841,44996
48861654,45007
48869249,45004
48877080,45000
48884676,45055
48892477,45053
48900097,45055
48907842,45054
48915360,45055
48923133,45060
48937548,45055
48944484,45050
48952129,45070
48959941,45067
48967513,45061
48974347,45069
48982165,45075
48989744,45070
48997569,45077
49005185,45074
49012920,45069
49019767,45066
49027356,45065
49035161,45076
49042765,45062
49050502,45059
49058098,45055
49065515,45055
49073422,45050
49081030,45051
49088842,45050
49096400,45055
49104187,45054
49111764,45046
49119537,45048
49127115,45030
49134918,45036
49142534,45031
49150273,45028
49157886,45025
49165710,45025
49173292,45023
49180090,45017
49187922,45029
49195501,45025
49203329,45019
49210897,45017
49218755,45017
49226313,45020
49234082,45011
49241653,45018
49249455,44988
49257062,44990
49264890,44986
49273019,44984
49280873,44990
49288454,44985
49296234,44993
49303858,44985
49311640,44987
49319286,44999
49327112,44989
49334653,44990
49342428,44996
49350022,44995
49357864,44994
49372192,44985
49379967,44986
49386769,44981
49394346,44996
49402148,44995
49409770,44994
49417560,45003
49425155,45003
49432903,44998
49440443,45000
49448198,44996
49455078,45002
49462672,45003
49470567,45003
49478236,45000
49486765,45001
49494404,44999
49502197,45001
49509759,44996
49517539,44999
49525120,45006
49532969,44999
49539820,44997
49547391,45002
49555214,44999
49562837,44999
49570615,45002
49578223,45010
49585995,45008
49593539,45003
49601325,45013
49608909,45039
49616764,45049
49624315,45049
49631113,45044
49638904,45050
49646457,45049
49654258,45047
49661866,45048
49669669,45046
49677269,45045
49684996,45048
49693189,45049
49701005,45046
49708532,45045
49716324,45049
49723962,45050
49731805,45101
49739392,45099
49746248,45103
49753913,45110
49761501,45102
49769277,45105
49776889,45103
49784699,45103
49792261,45101
49799953,45100
49807509,45097
49815310,45105
49822874,45106
49830673,45103
49838261,45110
49846027,45109
49853612,45096
49861431,45103
49869010,45094
49876843,45094
49884353,45089
49892170,45094
49900318,45082
49908019,45083
49915597,45081
49923405,45068
49930983,45069
49938869,45062
49946435,45069
49954203,45063
49961795,45055
49969584,45009
49977194,45007
49984976,45011
49991817,44999
49999353,45008
50007158,45001
50014751,45005
50021556,44999
50029343,44997
50036934,44996
50044739,44988
50052328,44988
50060096,44992
50067654,44990
50075480,44985
50083081,44989
50090917,44960
50098488,44965
50106221,44961
50113819,44948
50121661,44954
50129278,44950
50137072,44950
50144621,44947
50152397,44955
50159958,44953
50173742,44942
50181565,44948
50189225,44951
50196969,44955
50211350,44957
50219184,44952
50225023,44950
50232851,44953
50240405,44949
50248200,44950
50255826,44950
50263678,44945
50271273,44955
50278976,44950
50286542,44949
50294293,44955
50301895,44959
50309689,44961
50317256,44955
50325780,44958
50333318,44956
50340086,44952
50346912,44952
50354738,44955
50362258,44955
50369977,44944
50377571,44948
50385354,44954
50392947,44943
50400806,44951
50408355,44946
50416114,44938
50423701,44951
50431460,44940
50439049,44951
50453750,44981
50460562,44979
50468213,44987
50475941,44989
50483506,44993
50491270,44989
50498881,44984
50506685,44999
50514259,44994
50522030,44996
50530187,44997
50537990,44998
50545600,44999
50553415,45003
50560939,44993
50568747,45012
50576288,45015
50583105,45029
50590886,45020
50598450,45017
50606274,45026
50613875,45023
50621667,45020
50629254,45029
50637024,45024
50644595,45028
50652434,45029
50660011,45028
50667855,45032
50675389,45030
50683192,45036
50690789,45080
50698582,45075
50706202,45078
50713898,45078
50721454,45077
50729225,45094
50737323,45087
50744188,45084
50751942,45076
50759474,45081
50767260,45085
50774869,45083
50782716,45089
50790294,45086
50798076,45072
50812487,44996
50820319,44991
50827871,44994
50835688,44985
50843262,44982
50851004,44975
50858637,44973
50866416,44970
50873975,44969
50881817,44972
50889388,44967
50897158,44962
50904712,44960
50912518,44955
50920142,44952
50927920,44912
50935472,44911
50943325,44905
50951391,44910
50959183,44895
50966714,44904
50974475,44905
50981333,44907
50988917,44904
50996799,44904
51004365,44904
51012143,44898
51019709,44897
51027494,44904
51035106,44897
51042910,44899
51050454,44872
51058229,44872
51065832,44869
51073683,44869
51081305,44866
51089069,44870
51096639,44874
51104437,44865
51112028,44867
51119872,44869
51127404,44867
51135171,44865
51141992,44867
51149572,44864
51157936,44865
51172310,44903
51180102,44902
51187711,44908
51195484,44897
51203115,44898
51210954,44901
51218507,44898
51226259,44905
51233840,44897
51241634,44903
51249270,44896
51257063,44896
51264656,44900
51272508,44904
51280089,44900
51287873,44957
51295345,44956
51303060,44963
51309893,44965
51317410,44962
51325233,44961
51332824,44973
51340597,44961
51348244,44965
51356017,44966
51364271,44967
51372005,44975
51379594,44974
51387438,44970
51395003,44975
51409525,45002
51417160,45013
51424080,45008
51430967,45013
51438821,45026
51446349,45010
51454114,45023
51460920,45016
51468490,45018
51476323,45022
51483904,45024
51491690,45030
51499303,45032
51507029,45026
51514582,45035
51522382,45034
51529990,45097
51537809,45085
51544616,45085
51551497,45092
51559097,45093
51566945,45093
51574512,45106
51582920,45100
51590468,45102
51598228,45107
51605810,45107
51613635,45112
51621227,45105
51628988,45108
51636523,45109
51644309,45112
51651920,45165
51659715,45167
51667322,45166
51675125,45171
51682665,45169
51690474,45172
51698028,45176
51705870,45178
51713395,45178
51721175,45176
51728771,45170
51736557,45174
51743364,45172
51750951,45135
51758777,45172
51766346,45177
51774079,45071
51781628,45070
51790002,45067
51797576,45065
51805369,45065
51812922,45073
51820722,45060
51828282,45063
51836043,45066
51843621,45055
51851442,45055
51859037,45054
51866883,45053
51874477,45052
51882250,45047
51896664,45015
51903509,45015
51911281,45002
51918851,45016
51926604,45007
51934232,45014
51942014,45010
51949586,45006
51957399,45012
51964970,45004
51972822,45017
51980406,45018
51988202,45024
51996380,45024
52004165,45019
52011749,45007
52019561,45002
52027169,45002
52034970,45003
52042589,44995
52050442,45000
52057271,45000
52064865,45003
52072642,44993
52080258,44997
52088075,44998
52095643,45004
52103453,45001
52111042,45006
52118885,45003
52126414,45005
52134249,45039
52141853,45008
52149605,45035
52157212,45041
52164954,45001
52172523,45035
52180302,45046
52187881,45040
52195703,45043
52203990,45052
52211826,45049
52219360,45052
52226189,45046
52233988,45041
52241585,45048
52256301,45054
52263892,45051
52271738,45053
52278620,45053
52286254,45050
52294027,45053
52301578,45060
52309401,45062
52316973,45067
52324809,45064
52332328,45054
52340085,45065
52346890,45060
52354406,45056
52362175,45050
52376632,45089
52384477,45089
52392010,45084
52399851,45088
52407388,45090
52415745,45090
52423294,45088
52431116,45085
52438753,45090
52446674,45090
52454309,45083
52462155,45091
52469805,45093
52477562,45093
52491996,45113
52499852,45116
52507446,45111
52515222,45112
52522799,45117
52530554,45120
52538170,45119
52545926,45123
52553486,45121
52561382,45128
52568984,45130
52576832,45132
52584429,45130
52592273,45130
52599894,45132
52607723,45182
52615321,45177
52623838,45176
52630713,45181
52638328,45179
52652821,45182
52659740,45189
52667611,45180
52675248,45191
52683061,45183
52690702,45184
52697561,45185
52705360,45177
52712992,45183
52727624,45134
52735244,45127
52742947,45129
52750437,45130
52758201,45125
52765785,45126
52773566,45125
52781164,45129
52788913,45122
52796424,45128
52804191,45122
52811750,45122
52818603,45119
52826379,45120
52834526,45123
52842374,45091
52849976,45092
52857807,45100
52865344,45104
52873099,45098
52880616,45108
52888436,45106
52895978,45107
52903812,45108
52911412,45105
52919212,45112
52926807,45115
52933629,45116
52941395,45112
52948936,45118
52956775,45109
52964328,45117
52972118,45123
52979702,45121
52987500,45120
52995067,45117
53002914,45122
53010448,45123
53018197,45114
53025750,45116
53033523,45119
53041656,45115
53049480,45117
53057064,45117
53064910,45111
53072524,45111
53080321,45111
53087924,45129
53095774,45128
53103332,45135
53110166,45134
53117917,45128
53125478,45132
53133259,45136
53140835,45137
53148585,45135
53156245,45144
53164074,45146
53171659,45141
53179448,45139
53187008,45152
53194838,45143
53202348,45143
53210121,45172
53217693,45169
53225507,45173
53233101,45177
53240934,45181
53248363,45185
53255201,45183
53262955,45177
53270511,45183
53278273,45185
53285862,45190
53293639,45187
53301259,45196
53309053,45189
53316646,45193
53331303,45231
53338903,45229
53346711,45232
53354278,45231
53362076,45232
53368901,45232
53375805,45238
53383400,45237
53391168,45239
53398745,45247
53406516,45246
53414056,45249
53421889,45243
53429415,45247
53437226,45246
53451652,45295
53459990,45289
53467535,45284
53475299,45289
53482861,45290
53490674,45291
53498305,45295
53506073,45293
53513651,45299
53521456,45295
53529017,45299
53536850,45299
53544410,45296
53552126,45294
53559701,45302
53567507,45317
53575109,45314
53582934,45309
53590505,45310
53598293,45315
53605877,45306
53612661,45302
53620503,45311
53628096,45294
53635936,45300
53643517,45323
53651342,45287
53658918,45289
53667313,45290
53674884,45284
53689471,45242
53697061,45240
53704919,45232
53712419,45244
53720218,45240
53727769,45267
53735556,45235
53743165,45237
53750916,45234
53758451,45236
53766262,45233
53773817,45228
53781615,45230
53789265,45228
53797017,45228
53804563,45226
53812333,45217
53819963,45219
53827830,45225
53835426,45221
53843198,45219
53850765,45214
53858556,45223
53866144,45215
53874614,45215
53888836,45222
53896669,45215
53904304,45211
53912041,45210
53926445,45208
53934208,45202
53941807,45202
53949588,45205
53956442,45209
53964023,45208
53971862,45207
53979412,45205
53987206,45208
53994786,45214
54002560,45213
54010115,45211
54017960,45209
54024728,45207
54032367,45212
54040158,45242
54047770,45234
54055564,45239
54063158,45235
54070985,45237
54078473,45240
54086262,45242
54093661,45244
54101258,45243
54109003,45246
54116546,45244
54124343,45248
54131940,45244
54139751,45241
54147346,45241
54155092,45242
54162718,45273
54170543,45274
54178086,45277
54185956,45284
54192811,45279
54200356,45276
54208156,45285
54214975,45292
54222537,45280
54230327,45287
54237885,45298
54245672,45294
54253258,45295
54261019,45290
54268573,45293
54276385,45294
54283999,45315
54291853,45316
54300098,45312
54307950,45318
54315552,45310
54323391,45315
54330167,45313
54337742,45322
54345526,45322
54353166,45312
54361002,45321
54368556,45319
54376363,45324
54383193,45327
54390780,45330
54398586,45328
54406175,45385
54413950,45377
54421470,45392
54429274,45386
54436096,45390
54443635,45389
54450461,45384
54457270,45381
54465005,45389
54472581,45386
54480385,45388
54487987,45390
54495846,45382
54503419,45386
54511862,45381
54519418,45393
54527141,45339
54534690,45342
54542437,45331
54549998,45339
54557856,45340
54564720,45333
54572330,45330
54580105,45326
54587709,45334
54595510,45336
54603050,45328
54610895,45341
54618466,45334
54626231,45335
54633832,45327
54641604,45328
54649229,45286
54656993,45291
54664511,45284
54672263,45274
54679853,45279
54687673,45273
54695300,45281
54703135,45276
54710702,45277
54719076,45284
54726635,45280
54734396,45284
54741220,45281
54748825,45282
54756632,45279
54764266,45275
54772054,45267
54779446,45259
54786962,45264
54794568,45262
54802368,45255
54809926,45262
54817770,45272
54825366,45266
54833102,45264
54840707,45262
54848513,45263
54856104,45262
54863950,45262
54871436,45258
54879208,45257
54886770,45264
54894606,45258
54902172,45255
54909965,45255
54916845,45253
54925084,45240
54932922,45247
54939686,45247
54947307,45255
54955102,45257
54962721,45259
54970501,45252
54978046,45250
54985879,45251
54993406,45255
55001109,45257
55008671,45258
55016511,45285
55024069,45281
55031915,45285
55039458,45288
55046310,45284
55054039,45287
55060834,45296
55068361,45289
55076125,45283
55083702,45285
55091534,45288
55099100,45293
55105977,45293
55120422,45296
55128041,45299
55135932,45304
55144217,45311
55152019,45313
55159614,45307
55167443,45313
55174273,45319
55181892,45322
55189756,45327
55197332,45323
55205104,45328
55212666,45329
55219535,45329
55227340,45328
55234983,45333
55242778,45331
55250324,45359
55258061,45365
55265606,45365
55273416,45370
55280985,45363
55288788,45362
55295608,45363
55303192,45357
55310976,45367
55318549,45371
55326326,45369
55333932,45362
55341677,45369
55349962,45363
55357792,45365
55365391,45376
55373194,45410
55380790,45424
55388611,45415
55396193,45408
55403047,45411
55410857,45406
55418404,45415
55426220,45415
55433798,45409
55441657,45417
55449277,45411
55457027,45410
55464614,45407
55472440,45400
55480003,45409
55487808,45407
55495405,45341
55503187,45336
55510717,45337
55517536,45333
55524338,45332
55532045,45334
55539550,45329
55547363,45333
55555535,45336
55563391,45329
55570975,45319
55578802,45325
55586368,45322
55594102,45320
55601690,45319
55609488,45322
55617092,45272
55624937,45276
55632476,45275
55639330,45272
55647018,45270
55654564,45278
55662335,45268
55669935,45268
55677747,45264
55685372,45265
55693195,45262
55700814,45265
55708604,45265
55716158,45254
55723946,45262
55731458,45254
55739242,45218
55746831,45228
55754591,45230
55762842,45224
55770648,45218
55778288,45226
55786109,45220
55793647,45229
55801397,45221
55809034,45226
55816877,45214
55823721,45219
55831337,45223
55839065,45222
55846634,45228
55861262,45214
55868892,45206
55876665,45216
55884304,45210
55892022,45214
55898852,45219
55906387,45210
55914179,45215
55921723,45205
55929496,45215
55937089,45219
55944940,45210
55952521,45212
55960340,45202
55967962,45208
55976393,45211
55983932,45210
55991688,45214
55998576,45221
56006169,45210
56014036,45218
56021627,45217
56029430,45223
56037066,45227
56044862,45217
56052381,45222
56060080,45228
56067644,45228
56075474,45220
56083048,45226
56090915,45227
56098519,45252
56106331,45250
56113916,45253
56121712,45263
56129293,45259
56137052,45262
56144626,45259
56152475,45265
56160029,45261
56167879,45269
56175433,45266
56182903,45263
56190677,45266
56198314,45266
56206062,45273
56213651,45278
56221449,45315
56229037,45303
56236857,45302
56243653,45305
56251274,45305
56259051,45305
56266620,45297
56274425,45291
56282012,45297
56289848,45288
56297408,45278
56304241,45290
56312010,45287
56319553,45279
56327299,45281
56334930,45287
56342743,45206
56356992,45209
56364849,45211
56372509,45212
56379313,45195
56387065,45201
56395270,45191
56403030,45194
56410615,45194
56417469,45193
56425326,45178
56432957,45196
56440718,45189
56448332,45195
56462907,45209
56470495,45199
56477349,45204
56484202,45193
56492003,45203
56499581,45200
56507373,45204
56514960,45200
56522762,45200
56530340,45197
56537178,45202
56544979,45193
56552515,45193
56560309,45203
56567891,45203
56582536,45209
56590137,45207
56596995,45215
56604875,45214
56613121,45212
56619992,45213
56627791,45213
56635366,45214
56643127,45199
56650651,45206
56658528,45215
56666076,45202
56673934,45206
56681493,45215
56689275,45217
56696936,45265
56704698,45277
56712314,45278
56720032,45278
56727628,45279
56735412,45287
56742995,45283
56750873,45279
56758446,45284
56766229,45290
56773810,45292
56781652,45294
56789292,45300
56797024,45293
56804598,45295
56812417,45303
56820512,45319
56828343,45325
56835196,45329
56842806,45326
56850622,45323
56858273,45329
56866033,45335
56873622,45329
56881379,45338
56888939,45333
56895769,45328
56903582,45340
56911135,45343
56918953,45342
56926543,45341
56934355,45341
56941961,45382
56949792,45383
56957393,45386
56964231,45393
56971997,45388
56979545,45392
56987286,45392
56994891,45386
57002701,45393
57010352,45393
57017138,45384
57025619,45390
57033203,45388
57040980,45401
57048491,45398
57056259,45398
57063871,45425
57071696,45422
57079304,45420
57087081,45417
57094652,45416
57102434,45408
57110025,45409
57117827,45405
57125381,45409
57132183,45405
57140070,45406
57147661,45400
57155438,45396
57163036,45387
57170876,45388
57178438,45308
57186194,45312
57193802,45307
57201583,45303
57209220,45311
57217001,45298
57224577,45310
57233000,45301
57240580,45298
57248316,45303
57255913,45293
57263687,45295
57271332,45295
57279096,45292
57286648,45298
57294497,45304
57302076,45302
57309905,45312
57316717,45302
57324324,45299
57332132,45299
57339714,45303
57347566,45299
57355183,45303
57362959,45303
57370454,45307
57378252,45307
57385780,45309
57393563,45307
57401198,45305
57409017,45305
57416573,45304
57424354,45323
57431958,45325
57440360,45327
57447222,45326
57454846,45330
57462634,45323
57470265,45322
57478082,45321
57485652,45328
57492475,45328
57500218,45329
57507791,45332
57515543,45334
57523120,45325
57530970,45328
57538561,45325
57546326,45308
57553943,45299
57561712,45299
57569352,45303
57577090,45303
57584654,45303
57599081,45303
57606698,45297
57614551,45306
57622175,45305
57630025,45301
57637623,45302
57645448,45302
57660828,45310
57668416,45314
57676238,45317
57683068,45310
57690694,45317
57698476,45320
57706037,45324
57713890,45320
57721479,45321
57729279,45328
57736853,45323
57744634,45327
57752229,45324
57760042,45326
57767565,45325
57775354,45350
57782956,45354
57790771,45353
57798375,45355
57806137,45342
57813676,45357
57821502,45355
57829075,45348
57836888,45365
57844464,45355
57852181,45355
57860339,45364
57868096,45360
57875673,45361
57883449,45362
57891087,45363
57898873,45398
57906424,45400
57913212,45393
57921008,45397
57928572,45387
57936331,45393
57943945,45393
57951755,45389
57959350,45397
57967106,45392
57974674,45381
57982430,45375
57989994,45381
57997795,45377
58005390,45372
58019975,45316
58027514,45317
58034332,45309
58042075,45315
58049615,45312
58057359,45307
58065012,45309
58073472,45318
58081056,45306
58088902,45309
58096442,45311
58104185,45311
58111747,45310
58119569,45313
58127159,45311
58134976,45286
58142558,45287
58149398,45289
58157167,45293
58164715,45285
58172474,45284
58180059,45290
58187913,45278
58195454,45283
58203204,45284
58210733,45284
58218535,45278
58226087,45271
58233895,45278
58241427,45276
58249210,45269
58256781,45273
58264594,45265
58272217,45270
58280687,45270
58287513,45260
58295075,45267
58302913,45268
58310469,45261
58318228,45265
58325861,45272
58332701,45270
58340439,45270
58347998,45267
58355804,45267
58363422,45262
58371174,45259
58378725,45279
58386552,45273
58394124,45273
58401973,45275
58409520,45273
58417309,45275
58424907,45276
58432697,45268
58440351,45274
58448087,45275
58455704,45264
58463501,45267
58471046,45259
58478895,45263
58487078,45265
58494903,45263
58502455,45266
58509252,45265
58516998,45268
58524579,45270
58532376,45270
58539968,45259
58547822,45269
58555399,45266
58563117,45258
58570680,45265
58578508,45261
58586121,45258
58593928,45259
58601470,45263
58609271,45258
58616833,45260
58624628,45241
58632235,45245
58640047,45236
58647625,45248
58655426,45245
58663012,45238
58670821,45240
58678400,45242
58686052,45240
58693560,45248
58701319,45242
58708914,45244
58716713,45245
58724334,45248
58732097,45243
58746465,45241
58754248,45244
58761848,45240
58769676,45243
58777320,45243
58785143,45243
58792739,45243
58800551,45244
58807331,45238
58814158,45247
58821729,45242
58836153,45247
58843772,45241
58851589,45241
58859219,45199
58866072,45201
58873911,45198
58881515,45197
58889329,45196
58896950,45188
58904726,45192
58912931,45187
58920772,45198
58927624,45193
58935246,45187
58943060,45189
58950620,45184
58958398,45180
58965957,45176
58973748,45174
58981367,45149
58989128,45138
58996728,45150
59004565,45149
59012143,45150
59020004,45153
59027485,45155
59035263,45153
59042833,45154
59050660,45153
59058269,45150
59066047,45156
59073623,45160
59081403,45149
59089049,45156
59103819,45108
59111443,45104
59119972,45091
59127632,45106
59135472,45106
59143076,45099
59150913,45103
59158476,45096
59165281,45101
59173065,45101
59180620,45107
59188415,45105
59196056,45104
59203908,45098
59211479,45104
59219371,45106
59226183,45108
59233714,45106
59241465,45107
59249064,45106
59256932,45113
59264474,45113
59272246,45107
59279826,45112
59285885,45110
59293688,45102
59301292,45114
59309031,45103
59316593,45102
59325005,45100
59332551,45100
59340341,45109
59347937,45114
59355738,45116
59363349,45125
59371095,45115
59378691,45123
59386545,45110
59394104,45120
59401927,45126
59409505,45122
59417262,45110
59424875,45120
59432613,45127
59440242,45129
59448097,45128
59455703,45130
59463535,45171
59471111,45169
59478978,45170
59486457,45171
59493293,45168
59501049,45177
59508630,45176
59516450,45170
59524037,45173
59532436,45183
59540056,45174
59547902,45187
59555519,45183
59563264,45171
59570844,45179
59585476,45213
59593053,45215
59600900,45223
59608463,45223
59616181,45216
59623766,45222
59631570,45220
59639139,45214
59645991,45221
59653823,45221
59661419,45215
59669100,45218
59676693,45224
59684466,45220
59692021,45220
59705939,45166
59713465,45161
59721201,45168
59728765,45158
59735619,45157
59744038,45164
59751607,45158
59759363,45155
59766233,45158
59773855,45150
59781654,45147
59789302,45143
59797054,45135
59804588,45129
59812395,45123
59819978,45097
59827738,45089
59835326,45085
59843176,45086
59850784,45088
59858573,45095
59866174,45082
59873999,45080
59881536,45085
59888374,45079
59896201,45089
59903765,45082
59911587,45083
59919171,45078
59927037,45076
59934606,45078
59942374,45061
59950482,45062
59958223,45068
59965774,45063
59972621,45068
59980410,45056
59987994,45059
59995832,45054
60003467,45065
60010233,45059
60018007,45061
60025549,45063
60033351,45068
60040955,45059
60048739,45058
60056363,45056
60070762,45075
60078369,45078
60086160,45087
60093733,45077
60101548,45075
60109118,45079
60116967,45080
60123134,45085
60130744,45089
60138570,45085
60146141,45086
60153972,45089
60162106,45079
60169974,45081
60184422,45090
60192106,45094
60199669,45101
60207475,45097
60215045,45088
60222838,45094
60230405,45101
60238105,45091
60245712,45094
60253532,45105
60261120,45100
60268947,45094
60276482,45101
60284252,45102
60291792,45109
60299563,45136
60307140,45135
60314986,45139
60322513,45130
60330300,45143
60337895,45142
60345644,45142
60353289,45144
60361071,45146
60369217,45150
60377088,45152
60384660,45155
60392451,45153
60400052,45155
60407900,45151
60415473,45149
60423252,45182
60430816,45179
60438645,45186
60446265,45186
60453069,45189
60460885,45189
60468461,45194
60476236,45187
60483066,45189
60490565,45193
60498334,45189
60505932,45196
60513733,45200
60521365,45196
60529100,45199
60536691,45198
60544495,45229
60552096,45230
60559940,45231
60567489,45231
60575288,45230
60583548,45227
60591372,45230
60598997,45224
60606764,45223
60614372,45219
60622113,45225
60629670,45214
60637511,45217
60645141,45206
60652968,45207
60666674,45141
60674278,45134
60682048,45142
60689621,45140
60697423,45140
60705018,45140
60712818,45136
60720445,45126
60728178,45129
60735749,45127
60743547,45132
60751089,45132
60758918,45117
60766506,45125
60774290,45122
60781890,45085
60790225,45080
60797765,45079
60805574,45082
60812406,45080
60819954,45081
60827720,45079
60835375,45085
60843203,45076
60850830,45077
60858610,45086
60866253,45086
60874058,45080
60881616,45075
60889408,45072
60897000,45071
60904767,45060
60912381,45058
60920101,45060
60927674,45051
60935472,45063
60943069,45063
60950856,45058
60958464,45045
60965328,45066
60973118,45064
60980713,45060
60988466,45062
60996711,45062
61004498,45061
61012093,45056
61018966,45062
61026749,45069
61034367,45072
61042137,45076
61049716,45075
61057508,45074
61065092,45065
61072941,45076
61080494,45078
61088245,45080
61095873,45082
61103690,45075
61111368,45081
61119149,45082
61126728,45087
61134529,45085
61148958,45106
61156775,45105
61164410,45108
61172196,45116
61179774,45113
61187557,45115
61195127,45114
61203569,45116
61211137,45130
61218938,45119
61226512,45123
61234318,45123
61241924,45121
61249705,45120
61256529,45112
61264081,45136
61271875,45138
61279434,45139
61287159,45138
61294711,45136
61309140,45144
61316759,45146
61323691,45129
61331491,45138
61338278,45137
61345879,45139
61353660,45144
61361256,45134
61369080,45129
61376676,45133
61384490,45160
61392063,45160
61399846,45159
61407431,45166
61414267,45161
61422679,45163
61430300,45169
61438088,45164
61445670,45168
61453466,45166
61461050,45170
61468857,45173
61476415,45170
61484173,45172
61491768,45178
61506430,45147
61514029,45155
61521818,45149
61529404,45147
61537202,45144
61544776,45143
61552577,45139
61560167,45136
61568001,45137
61575559,45132
61582389,45131
61590123,45193
61597718,45118
61605532,45124
61613104,45129
61628413,45064
61636003,45077
61643852,45071
61651445,45078
61659194,45066
61666745,45069
61674547,45067
61682126,45069
61689980,45068
61697550,45063
61705346,45064
61712947,45058
61720721,45055
61728287,45062
61735102,45059
61742939,45012
61750475,45012
61758313,45009
61765989,45007
61773848,45006
61781485,45013
61789345,45014
61796987,45008
61804835,45014
61812443,45017
61820248,45008
61827873,45010
61836269,45005
61843866,45007
61851674,45008
61866073,45034
61873922,45030
61881550,45039
61889423,45033
61896262,45040
61903811,45034
61911622,45037
61919185,45040
61927029,45039
61934545,45025
61942277,45037
61949865,45036
61957675,45036
61965314,45043
61973046,45046
61980563,45054
61988382,45057
61995934,45060
62003719,45051
62011341,45054
62019122,45063
62026700,45053
62034513,45048
62042680,45052
62049567,45053
62057328,45057
62064928,45064
62072688,45065
62080269,45067
62088117,45060
62094978,45062
62102519,45101
62110302,45100
62117884,45101
62125673,45095
62133278,45112
62141060,45107
62148555,45108
62156379,45104
62163963,45115
62171739,45118
62179374,45075
62186136,45117
62193986,45124
62201552,45118
62209321,45125
62216093,45125
62223630,45160
62231397,45156
62238966,45155
62246781,45165
62255002,45156
62262786,45163
62270383,45163
62278115,45159
62285674,45162
62293463,45163
62301061,45152
62308923,45163
62316533,45163
62324312,45168
62331090,45169
62338650,45168
62346469,45226
62354064,45218
62361886,45226
62369469,45227
62377236,45227
62384812,45229
62392586,45230
62400124,45228
62407946,45237
62415496,45236
62423264,45241
62430871,45248
62438659,45246
62446264,45253
62454053,45258
62469122,45204
62476945,45207
62484503,45208
62492314,45196
62499928,45203
62507708,45202
62515303,45192
62523098,45194
62530645,45194
62545045,45195
62552898,45181
62560512,45184
62567341,45177
62582017,45112
62589585,45103
62597434,45096
62605003,45103
62612836,45092
62619651,45101
62627240,45096
62635058,45100
62642640,45090
62650469,45094
62658039,45088
62665805,45090
62674051,45080
62681876,45084
62689465,45080
62697248,45056
62704798,45051
62712621,45057
62720193,45049
62728015,45045
62735617,45056
62743420,45055
62751002,45057
62758784,45053
62766400,45050
62773201,45045
62781032,45048
62788645,45048
62796465,45045
62804043,45048
62811846,45046
62819447,45067
62827210,45060
62834826,45071
62842604,45068
62850202,45058
62858037,45066
62865580,45069
62873427,45062
62881749,45072
62889705,45077
62897345,45076
62905191,45073
62912776,45075
62920558,45072
62927340,45070
62934898,45079
62942676,45058
62950230,45060
62958058,45069
62965536,45072
62973310,45063
62980133,45074
62987735,45077
62995625,45075
63003230,45076
63011080,45080
63018705,45080
63026593,45085
63034167,45078
63042017,45083
63049624,45085
63064264,45109
63071842,45110
63079627,45113
63087213,45113
63095688,45118
63103284,45117
63111146,45127
63118708,45127
63126503,45117
63133355,45123
63140941,45121
63148816,45115
63156427,45122
63164223,45130
63171842,45122
63179638,45155
63187187,45151
63195034,45155
63202564,45147
63210355,45148
63217952,45160
63225797,45150
63233426,45165
63241245,45160
63248872,45157
63256634,45159
63264230,45160
63272043,45163
63279641,45167
63287463,45165
63295061,45166
63303515,45205
63311093,45209
63318948,45211
63326498,45213
63334250,45214
63341086,45220
63348633,45213
63356402,45218
63363994,45223
63371743,45223
63379354,45220
63387199,45230
63394797,45230
63401675,45230
63409469,45240
63417065,45234
63424857,45222
63432466,45218
63440257,45212
63447845,45222
63455629,45205
63463180,45204
63471042,45197
63478579,45193
63486354,45194
63493904,45194
63501729,45185
63509966,45184
63517707,45193
63525267,45185
63533052,45190
63547473,45143
63555301,45140
63562882,45136
63570695,45138
63578293,45132
63586092,45128
63593643,45141
63601418,45140
63609033,45126
63616855,45132
63624454,45130
63632170,45124
63638999,45122
63646567,45121
63654344,45117
63661943,45095
63669714,45093
63677333,45095
63685134,45091
63692766,45095
63700506,45094
63708128,45094
63716519,45092
63724081,45085
63731939,45086
63739529,45087
63747263,45077
63754095,45085
63761632,45082
63769381,45087
63783548,45084
63791383,45097
63799073,45096
63806876,45102
63814459,45094
63821286,45107
63829126,45102
63836717,45106
63844523,45104
63851394,45104
63858963,45110
63866726,45098
63873607,45102
63880445,45111
63888062,45100
63895903,45104
63903468,45132
63911241,45131
63918783,45141
63926595,45133
63934779,45136
63942598,45130
63950181,45130
63958022,45139
63965572,45140
63972387,45141
63980143,45142
63987731,45144
63995519,45136
64003157,45138
64010972,45149
64018533,45148
64026296,45173
64033899,45177
64041688,45174
64049229,45172
64057058,45177
64064535,45181
64072283,45182
64079861,45178
64087666,45175
64095283,45183
64103076,45186
64110583,45186
64118368,45183
64125985,45188
64133739,45188
64142005,45220
64149773,45223
64157396,45222
64165191,45224
64172764,45219
64180588,45225
64188159,45226
64195961,45226
64203508,45227
64210357,45232
64218162,45228
64225739,45229
64233550,45228
64240377,45232
64247975,45231
64255724,45234
64263314,45266
64271148,45264
64278732,45260
64286538,45267
64294133,45272
64301919,45277
64309479,45278
64317228,45276
64324752,45273
64332531,45274
64340180,45275
64348619,45274
64355461,45271
64363062,45274
64370889,45284
64378483,45276
64386266,45313
64393843,45302
64401652,45306
64409229,45300
64417071,45299
64424624,45300
64432440,45292
64440018,45289
64447803,45287
64455412,45277
64463130,45279
64470702,45287
64477539,45285
64485346,45272
64492920,45269
64500711,45275
64508298,45203
64516114,45203
64523669,45196
64531580,45204
64539173,45203
64545996,45193
64553800,45201
64562011,45197
64569784,45200
64577397,45187
64585122,45189
64592648,45191
64599498,45186
64607245,45191
64614822,45195
64622647,45164
64630231,45167
64638064,45165
64645609,45165
64653356,45160
64660964,45165
64668741,45162
64676378,45162
64684158,45156
64691737,45156
64699531,45153
64707101,45152
64714891,45154
64722475,45147
64730198,45151
64737776,45147
64745587,45160
64753133,45165
64760982,45163
64769250,45167
64777051,45164
64784574,45164
64792345,45171
64799933,45165
64807692,45172
64814554,45178
64822155,45164
64830032,45171
64837587,45165
64845398,45159
64853006,45170
64860807,45169
64868411,45178
64876183,45169
64883782,45180
64891582,45186
64899135,45184
64906956,45187
64914551,45180
64922320,45178
64929955,45180
64937741,45178
64945346,45184
64953173,45178
64960023,45189
64967580,45183
64976002,45172
64990360,45223
64998174,45223
65005768,45216
65013575,45229
65027152,45222
65035050,45223
65042582,45221
65049386,45223
65057139,45229
65064688,45223
65072520,45221
65080094,45229
65087924,45225
65095522,45237
65103245,45260
65110815,45263
65118629,45265
65126161,45260
65133997,45261
65141564,45258
65149362,45269
65156998,45270
65164778,45272
65172408,45270
65180158,45267
65188342,45270
65195159,45266
65203014,45273
65210562,45267
65218342,45273
65225881,45304
65233667,45301
65241233,45314
65249054,45315
65256670,45322
65264480,45320
65272055,45320
65279831,45320
65287451,45325
65295252,45332
65302822,45325
65310606,45320
65318151,45322
65325937,45326
65333526,45335
65348075,45319
65355686,45317
65363483,45310
65371105,45303
65378904,45302
65386487,45313
65394964,45308
65402531,45300
65410271,45301
65417811,45293
65425644,45292
65433215,45291
65441029,45285
65448599,45286
65456402,45276
65463999,45212
65471779,45210
65479393,45205
65487135,45205
65494747,45203
65502483,45196
65509322,45193
65516883,45199
65524671,45197
65532298,45198
65540134,45200
65547665,45193
65554506,45200
65562289,45188
65569849,45192
65577642,45192
65585213,45214
65593068,45214
65601180,45204
65609051,45198
65616611,45191
65624428,45191
65632015,45199
65639804,45198
65647433,45197
65654252,45203
65662089,45196
65669607,45186
65677382,45188
65684996,45194
65692791,45185
65700417,45188
65708149,45190
65715656,45188
65723468,45186
65731036,45183
65738783,45192
65746411,45189
65754161,45191
65761784,45191
65769636,45186
65777220,45193
65785058,45190
65792604,45193
65800395,45189
65808504,45192
65816338,45189
65830709,45204
65838484,45208
65846062,45203
65853836,45200
65861420,45214
65868252,45217
65876081,45213
65883630,45218
65891443,45215
65899051,45214
65906838,45216
65914451,45220
65922220,45218
65929809,45219
65937658,45224
65945213,45265
65953049,45262
65960554,45263
65968285,45264
65975844,45252
65983621,45264
65991159,45266
65998987,45265
66006558,45260
66014277,45268
66022468,45264
66030183,45270
66037024,45269
66044588,45272
66051412,45270
66059252,45276
66066844,45308
66074650,45308
66082253,45307
66090134,45308
66097734,45303
66105521,45304
66113102,45314
66120998,45313
66128577,45313
66136357,45312
66143973,45318
66151729,45320
66159313,45318
66167144,45328
66174689,45320
66182473,45326
66190099,45354
66197898,45349
66205486,45360
66213272,45360
66220843,45352
66229155,45356
66236703,45365
66244459,45355
66258675,45362
66266486,45368
66273447,45362
66281042,45367
66287869,45374
66295684,45365
66310102,45416
66317911,45405
66325480,45405
66333247,45412
66340871,45407
66348651,45401
66356237,45396
66364075,45392
66371574,45386
66379315,45389
66386873,45384
66394680,45382
66402262,45371
66409088,45381
66416931,45373
66424516,45286
66432258,45278
66440376,45281
66448170,45276
66455698,45276
66463464,45281
66470357,45275
66477949,45274
66485735,45283
66493322,45281
66501113,45276
66508666,45278
66516470,45272
66524076,45276
66531896,45275
66539490,45268
66547193,45224
66554734,45221
66562526,45226
66570071,45223
66577833,45228
66585447,45225
66593175,45223
66600748,45221
66608573,45221
66616204,45211
66624008,45223
66630815,45217
66638438,45218
66646189,45211
66654451,45215
66662188,45209
66669777,45192
66677576,45184
66685167,45182
66692996,45193
66700561,45190
66708295,45195
66715872,45189
66723693,45191
66731271,45198
66739106,45192
66746646,45188
66754439,45193
66762008,45199
66768799,45194
66776612,45196
66784222,45199
66792075,45200
66799626,45198
66807394,45200
66814987,45201
66822752,45202
66830328,45199
66838126,45196
66845648,45203
66853434,45194
66861652,45196
66869431,45188
66877004,45202
66884749,45199
66892343,45192
66900162,45195
66914565,45228
66922391,45216
66929977,45222
66937816,45222
66945439,45218
66952262,45230
66960119,45225
66967659,45226
66975416,45232
66983032,45233
66990805,45231
66998403,45230
67006174,45228
67012974,45231
67020538,45235
67028344,45264
67035932,45262
67043707,45260
67051283,45259
67059100,45267
67067339,45265
67075136,45265
67082712,45263
67090463,45267
67098022,45266
67105845,45269
67112688,45275
67120255,45279
67128078,45277
67135634,45280
67143400,45277
67150960,45311
67158771,45308
67166376,45310
67174159,45307
67181707,45313
67189526,45319
67197092,45320
67204904,45313
67212485,45316
67220222,45319
67227781,45322
67235556,45318
67243162,45322
67251029,45317
67258588,45322
67273856,45335
67281462,45339
67289195,45339
67296743,45330
67304537,45325
67312153,45333
67319993,45328
67327589,45318
67335371,45320
67342192,45316
67349762,45305
67357555,45302
67365111,45302
67372913,45292
67380529,45296
67388287,45220
67395867,45234
67403692,45227
67411254,45225
67419079,45220
67426600,45217
67434382,45223
67441946,45225
67449754,45214
67457353,45211
67465166,45219
67471992,45211
67480159,45222
67488010,45208
67502241,45219
67510130,45180
67517735,45186
67525546,45181
67533112,45181
67540946,45175
67548509,45175
67555298,45175
67563156,45167
67570717,45173
67577541,45174
67585300,45168
67592858,45164
67600659,45163
67608237,45164
67615106,45164
67622882,45155
67630458,45143
67638241,45143
67645844,45141
67653676,45147
67661277,45141
67669117,45144
67676686,45143
67684480,45143
67692098,45144
67700460,45146
67707284,45138
67714856,45136
67722667,45140
67730250,45143
67738110,45152
67745621,45140
67753329,45152
67760895,45154
67768701,45152
67776301,45150
67784140,45152
67791701,45152
67799540,45151
67807142,45152
67814935,45151
67822545,45148
67830300,45149
67837872,45155
67845652,45150
67853209,45148
67861044,45153
67875466,45180
67883198,45182
67890733,45181
67898481,45190
67906628,45188
67914353,45188
67921947,45192
67929751,45189
67937381,45186
67945155,45193
67952726,45196
67960487,45196
67968065,45198
67975863,45198
67983467,45194
67991182,45220
67998825,45212
68006645,45212
68014217,45218
68022025,45219
68029552,45224
68036399,45224
68044162,45224
68051747,45223
68059543,45230
68067126,45222
68074941,45231
68082583,45238
68090312,45240
68097876,45233
68105693,45234
68113870,45281
68121684,45273
68129280,45277
68137104,45282
68144636,45284
68152424,45276
68160022,45281
68167877,45284
68175510,45277
68182337,45280
68189179,45276
68197035,45274
68204571,45279
68212348,45277
68219907,45275
68227707,45264
68235264,45177
68243121,45176
68250679,45181
68258464,45179
68266067,45167
68273828,45169
68281438,45170
68289201,45167
68296786,45163
68304568,45160
68312134,45162
68320482,45156
68328104,45166
68335878,45153
68343472,45156
68358129,45143
68365678,45148
68373489,45147
68381127,45142
68388950,45149
68396534,45146
68404282,45137
68411848,45146
68419635,45139
68426448,45141
68434048,45143
68441825,45145
68449472,45144
68457290,45139
68464870,45136
68472664,45137
68480212,45138
68488033,45133
68495584,45139
68503318,45133
68510863,45144
68518675,45138
68526853,45136
68534704,45137
68542289,45140
68550116,45135
68557660,45138
68565451,45131
68573053,45141
68580818,45138
68595313,45161
68603096,45162
68610663,45165
68618434,45161
68626039,45163
68633825,45164
68640689,45163
68648275,45170
68656118,45164
68663648,45175
68671404,45165
68678949,45146
68686745,45176
68694365,45173
68702172,45147
68716550,45197
68724309,45202
68738581,45200
68747051,45196
68754585,45195
68762358,45199
68769984,45203
68777800,45203
68783945,45195
68791535,45214
68799296,45214
68806889,45197
68814720,45202
68829092,45231
68836873,45232
68844482,45228
68852276,45239
68859844,45241
68867628,45236
68875173,45237
68882977,45241
68890567,45239
68898347,45236
68905896,45233
68913699,45236
68921290,45240
68929104,45240
68936653,45251
68944434,45250
68952541,45250
68960359,45257
68967955,45262
68975761,45263
68983369,45264
68991217,45277
68998747,45263
69006525,45281
69014101,45274
69021871,45267
69029483,45278
69037261,45279
69044822,45266
69052643,45271
69067082,45248
69074921,45241
69082524,45239
69090308,45245
69097896,45240
69105697,45235
69113267,45239
69120177,45224
69128055,45229
69135594,45224
69143302,45218
69150873,45215
69159242,45211
69166831,45215
69174657,45215
69182237,45159
69190058,45175
69197580,45168
69205290,45166
69212849,45160
69220627,45162
69228229,45159
69236056,45156
69243640,45160
69251435,45156
69258991,45148
69265805,45159
69273597,45152
69281134,45162
69288975,45152
69296569,45153
69304326,45128
69311863,45130
69319677,45129
69327275,45117
69335098,45132
69342705,45125
69350513,45124
69358122,45125
69366510,45119
69374116,45130
69381929,45114
69388810,45127
69396396,45125
69404202,45122
69411782,45125
69419565,45120
69427173,45133
69434961,45138
69441812,45143
69449414,45141
69457194,45145
69464714,45142
69472542,45146
69480132,45144
69487967,45146
69495602,45144
69503351,45147
69510961,45151
69518794,45142
69526388,45138
69534221,45145
69541800,45144
69549578,45152
69557167,45142
69563999,45151
69571799,45154
69580101,45152
69587883,45148
69595497,45152
69602354,45153
69610186,45138
69617743,45151
69624607,45141
69632382,45161
69639986,45157
69647800,45160
69655377,45150
69663133,45151
69670684,45180
69678470,45177
69686114,45179
69693877,45177
69701495,45181
69709245,45182
69716816,45184
69723588,45195
69731325,45185
69738874,45189
69745676,45187
69752496,45185
69760251,45187
69767815,45186
69775606,45192
69783766,45191
69791637,45228
69799187,45225
69805979,45229
69813804,45233
69821397,45226
69829200,45228
69836798,45228
69844685,45237
69852233,45233
69860058,45228
69867607,45234
69875355,45238
69882927,45238
69890702,45236
69898303,45243
69906122,45248
69913640,45271
69921407,45274
69928960,45267
69936724,45272
69944333,45259
69952165,45269
69959672,45264
69974090,45264
69980969,45262
69987839,45258
69995428,45256
70003879,45258
70011490,45252
70019259,45254
70026843,45255
70034677,45238
70041565,45236
70049168,45231
70056979,45238
70064582,45231
70072304,45236
70079832,45240
70087664,45233
70095220,45233
70103061,45231
70110640,45235
70118394,45230
70125937,45232
70133742,45236
70141314,45224
70149116,45219
70156661,45226
70164461,45230
70172069,45225
70179869,45212
70187511,45209
70195246,45218
70202070,45214
70210321,45217
70217188,45214
70225012,45209
70232607,45212
70240396,45207
70248026,45207
70255809,45210
70263429,45210
70271144,45193
70278693,45195
70286500,45194
70294127,45196
70301896,45202
70309526,45194
70317342,45191
70324884,45196
70332675,45203
70340216,45205
70347084,45203
70354955,45211
70362556,45211
70370288,45198
70377864,45205
70385695,45209
70393267,45236
70401145,45227
70408677,45236
70417098,45246
70424657,45237
70432432,45240
70440009,45238
70447788,45236
70455401,45242
70463149,45239
70470643,45246
70478412,45249
70486037,45236
70493833,45243
70501476,45246
70516102,45290
70523656,45291
70531411,45291
70538991,45294
70546790,45287
70554383,45296
70562255,45296
70569842,45289
70577744,45295
70585375,45293
70593193,45285
70600809,45289
70608652,45291
70616273,45292
70624774,45286
70632461,45298
70640299,45299
70647103,45299
70654718,45300
70662548,45299
70670129,45299
70677960,45299
70684781,45300
70692315,45299
70700125,45296
70707733,45300
70715514,45297
70723122,45302
70730904,45297
70738528,45303
70746315,45301
70753843,45329
70761649,45324
70768472,45328
70776057,45330
70783828,45328
70791406,45325
70799198,45330
70806696,45321
70814479,45312
70822077,45315
70829882,45317
70838096,45318
70845900,45311
70853523,45307
70861263,45309
70868816,45306
70876597,45273
70884223,45275
70892075,45272
70899590,45271
70907361,45275
70914928,45282
70922714,45279
70930245,45282
70937103,45282
70944872,45269
70951738,45275
70959268,45278
70967084,45277
70974663,45268
70982443,45269
70990037,45279
70997811,45348
71005443,45359
71013198,45359
71020754,45356
71028528,45358
71036148,45361
71044529,45362
71052124,45366
71059869,45373
71067482,45363
71075294,45370
71082866,45374
71090666,45374
71098244,45370
71106094,45377
71120490,45576
71128280,45584
71135842,45588
71143663,45587
71151222,45597
71159061,45597
71166602,45602
71174352,45614
71181916,45602
71189713,45615
71197311,45619
71211794,45618
71219432,45625
71234093,45780
71241689,45775
71248488,45789
71256958,45792
71264555,45796
71272268,45796
71279877,45799
71286677,45798
71293571,45803
71301355,45807
71308973,45805
71316738,45816
71324301,45812
71332144,45822
71339693,45824
71354234,45877
71361805,45880
71368656,45888
71376444,45879
71384030,45889
71391796,45890
71399373,45887
71406235,45899
71413071,45899
71420871,45904
71428514,45891
71435369,45894
71443197,45912
71450758,45909
71458571,45898
71473913,45974
71481551,45983
71488354,45984
71496169,45985
71503704,45988
71511561,45990
71519158,45995
71525997,45994
71532861,46008
71540658,46004
71548256,46013
71555130,46017
71562917,46022
71570530,46029
71578299,46025
71592690,45997
71600463,45993
71608066,45984
71615893,45979
71623512,45976
71631233,45972
71638830,45970
71646639,45966
71654227,45966
71662048,45954
71669613,45959
71677986,45956
71685575,45944
71693269,45949
71700835,45933
71708569,45898
71716125,45897
71723867,45902
71730745,45900
71738360,45902
71746219,45903
71753755,45904
71761570,45906
71769137,45913
71776992,45920
71784572,45918
71791352,45914
71799150,45919
71806654,45925
71814416,45933
71822025,45944
71829868,46207
71837519,46214
71845256,46215
71852027,46230
71859618,46234
71867382,46237
71875006,46244
71882816,46241
71891079,46248
71898845,46252
71906431,46255
71914270,46268
71921822,46266
71929635,46277
71937232,46274
71945073,46273
71952635,46167
71960438,46173
71967248,46170
71974856,46170
71982648,46160
71990210,46145
71998023,46150
72005611,46145
72013345,46139
72020915,46142
72028705,46138
72036276,46136
72044085,46128
72051627,46135
72059439,46129
72067026,46133
72074857,46134
72082450,46130
72089296,46126
72097727,46131
72105285,46134
72113122,46135
72120691,46138
72128521,46144
72135350,46156
72142932,46156
72150777,46157
72158336,46155
72166169,46163
72173681,46166
72181481,46174
72189055,46448
72196844,46460
72204463,46476
72212232,46489
72219818,46496
72227599,46512
72235190,46527
72243024,46537
72249846,46546
72257435,46557
72265190,46572
72272783,46585
72280547,46605
72288164,46609
72295916,46631
72304129,46650
72311901,47102
72319524,47112
72326376,47116
72334186,47118
72341716,47127
72349539,47126
72357128,47132
72364918,47130
72372527,47135
72380339,47135
72387940,47134
72395787,47132
72403420,47129
72411269,47124
72418817,47121
72426588,47116
72434179,46452
72448555,46421
72456385,46395
72463948,46382
72471775,46357
72479423,46348
72486305,46323
72493181,46307
72501016,46295
72508611,46277
72516231,46259
72523787,46237
72531532,46231
72539114,46219
72553747,45993
72561346,45992
72568219,45989
72576071,45982
72583626,45973
72591368,45978
72598969,45975
72605791,45963
72612613,45971
72620377,45970
72627950,45965
72634784,45962
72642569,45959
72650157,45956
72657949,45939
72665545,45954
72673296,45973
72680854,45976
72687714,45975
72695547,45978
72703159,45984
72710962,45994
72718585,45981
72726122,45998
72733923,45997
72741546,45997
72749303,46006
72756865,46000
72764694,46009
72772285,46003
72780104,46007
72787638,45947
72795394,45933
72802986,45929
72810781,45928
72818347,45928
72826174,45917
72833692,45920
72841449,45923
72849055,45919
72856829,45912
72864423,45909
72872245,45911
72879803,45905
72887589,45908
72895175,45899
72902976,45904
72910554,45938
72918320,45937
72925901,45947
72934241,45944
72941802,45946
72949664,45956
72957280,45957
72964110,45960
72970918,45958
72978735,45971
72986293,45970
72994107,45983
73001653,45991
73009447,45998
73017032,46006
73024808,46010
73032402,46276
73040210,46276
73047028,46293
73054578,46303
73062355,46302
73069944,46312
73077770,46319
73084654,46323
73091481,46338
73099094,46350
73106885,46357
73114468,46362
73121298,46368
73129104,46367
73136668,46379
73145056,46392
73159498,46505
73166329,46512
73174136,46508
73181652,46506
73189406,46507
73197038,46512
73203858,46508
73210706,46505
73218486,46499
73226071,46502
73233887,46507
73240730,46502
73248284,46493
73256122,46484
73263686,46482
73278289,46282
73285112,46262
73292670,46261
73300421,46247
73307973,46239
73315727,46224
73322559,46208
73329417,46196
73336980,46192
73344765,46175
73352370,46164
73359902,46150
73367738,46141
73375313,46131
73383145,46108
73397544,45809
73404363,45808
73412189,45804
73419747,45797
73427555,45790
73435142,45792
73441985,45784
73448849,45784
73456622,45769
73464190,45771
73472023,45761
73478851,45764
73486448,45752
73494227,45765
73501739,45750
73516273,45743
73523822,45750
73531593,45757
73539150,45759
73546900,45759
73554542,45776
73561390,45765
73569825,45768
73577417,45784
73585200,45788
73592717,45802
73600538,45803
73608153,45811
73615943,45821
73623559,45835
73631348,46212
73638898,46218
73646679,46230
73654209,46239
73662010,46242
73669618,46256
73683080,46261
73690908,46266
73698563,46272
73706368,46284
73713191,46288
73720719,46294
73728529,46299
73736132,46314
73750794,46469
73758375,46457
73766182,46463
73773757,46466
73781521,46467
73789678,46460
73797484,46460
73804317,46466
73811919,46461
73819748,46452
73827301,46446
73834176,46443
73842027,46435
73849626,46423
73857375,46407
73871749,45890
73879525,45876
73887124,45868
73894904,45849
73902578,45848
73910358,45839
73917135,45827
73924003,45812
73931639,45800
73939396,45792
73946973,45776
73953799,45769
73961595,45759
73969196,45754
73977007,45737
73991478,45605
73999929,45605
74007539,45606
74014380,45598
74022208,45600
74029751,45592
74037580,45598
74045228,45596
74053010,45597
74060573,45589
74068303,45590
74075895,45592
74083682,45591
74091240,45587
74099093,45587
74106645,45684
74114405,45703
74121956,45718
74129733,45733
74137303,45746
74145149,45762
74152719,45785
74160490,45792
74168070,45816
74175854,45831
74183470,45858
74190286,45874
74198134,45897
74206361,45916
74214219,45933
74221772,46309
74229519,46308
74237108,46306
74244885,46306
74252509,46307
74260288,46302
74267850,46299
74275633,46291
74282470,46283
74290053,46282
74297858,46272
74305470,46267
74313233,46258
74320800,46246
74328579,46241
74336181,46231
74344003,45718
74351595,45712
74359327,45702
74366885,45695
74374621,45689
74382205,45682
74389960,45682
74397582,45666
74405362,45659
74413567,45647
74421334,45640
74428889,45639
74436711,45634
74444281,45628
74452100,45627
74466550,45787
74474369,45806
74481928,45828
74489709,45860
74497248,45872
74505016,45898
74512609,45920
74519373,45942
74527181,45961
74534718,45975
74542489,46002
74550100,46014
74557886,46049
74565549,46069
74573309,46081
74587737,46618
74595550,46629
74603150,46637
74610948,46651
74619168,46661
74627049,46665
74634616,46678
74642356,46688
74649931,46693
74657700,46694
74665285,46704
74673136,46715
74680691,46727
74688460,46734
74702931,46858
74710743,46855
74718302,46857
74726129,46857
74733679,46852
74741446,46864
74749020,46866
74756862,46860
74763667,46848
74771264,46849
74779110,46849
74786660,46841
74794375,46840
74801973,46841
74809778,46834
74817363,46581
74825217,46558
74833475,46551
74841268,46525
74848867,46523
74856644,46496
74864226,46489
74872031,46473
74879697,46454
74887502,46445
74895130,46426
74902933,46408
74910554,46390
74924992,46371
74939735,45845
74947333,45831
74955161,45820
74962682,45816
74970467,45800
74978002,45798
74984847,45783
74992646,45784
74999511,45772
75007103,45764
75014873,45763
75022456,45756
75030252,45746
75037067,45741
75045275,45740
75053157,45631
75060748,45623
75068549,45629
75076156,45620
75083952,45612
75091545,45605
75099327,45602
75106175,45593
75113793,45588
75120598,45583
75128382,45585
75135947,45582
75143762,45566
75151336,45571
75159192,45558
75166742,45562
75181352,45452
75188892,45462
75196701,45449
75204279,45444
75212073,45448
75219669,45441
75227454,45447
75235057,45442
75241112,45440
75248864,45442
75257057,45438
75264849,45437
75272463,45432
75280307,45428
75287925,45425
75295792,45419
75303377,45427
75311194,45424
75318699,45431
75326502,45428
75334075,45418
75341853,45427
75348726,45424
75356329,45432
75364165,45433
75371675,45431
75379387,45431
75386973,45433
75394824,45427
75402399,45438
75410270,45439
75417837,45595
75425651,45605
75433274,45617
75441126,45618
75448690,45624
75456436,45631
75463902,45634
75471575,45642
75477641,45643
75485392,45656
75492993,45655
75500782,45663
75508354,45677
75516209,45676
75523007,45684
75530627,45683
75538367,45779
75545921,45784
75553742,45785
75561365,45785
75569209,45778
75576734,45785
75583517,45790
75591294,45783
75597486,45790
75605058,45792
75612873,45787
75620489,45792
75628278,45779
75635815,45777
75643552,45787
75651152,45799
75665806,45826
75673956,45821
75681780,45817
75689427,45811
75697206,45817
75703970,45818
75711584,45817
75717663,45827
75725395,45823
75732991,45820
75740779,45833
75748414,45835
75756261,45827
75763054,45841
75770655,45838
75785196,45802
75792741,45806
75800517,45801
75808098,45802
75815896,45812
75822778,45805
75830356,45807
75836478,45801
75844285,45798
75851858,45802
75859656,45795
75867298,45792
75875157,45801
75882710,45799
75890499,45797
75898077,45754
75905922,45746
75913550,45749
75921278,45751
75928816,45741
75936622,45750
75943465,45738
75951053,45736
75957870,45735
75965676,45744
75973257,45741
75981136,45730
75988692,45737
75996418,45737
76003992,45737
76011792,45727
76026191,45564
76033940,45555
76041593,45549
76049318,45548
76056887,45543
76063737,45537
76071505,45541
76079108,45534
76086859,45526
76095091,45528
76102878,45519
76110468,45517
76118311,45513
76125925,45512
76133713,45506
76141315,45435
76155761,45428
76163602,45431
76171266,45427
76178121,45433
76185905,45418
76192811,45426
76200407,45425
76208238,45426
76215788,45420
76223662,45412
76231220,45422
76239001,45416
76246588,45412
76261176,45397
76268726,45401
76276515,45401
76284068,45396
76291890,45400
76298759,45399
76306930,45394
76313721,45401
76321485,45405
76329111,45393
76336925,45396
76344564,45394
76352357,45398
76359960,45398
76367763,45394
76375351,45398
76383178,45398
76390690,45393
76398512,45388
76406112,45391
76413917,45391
76421512,45387
76429320,45388
76436882,45388
76444657,45387
76452207,45386
76460017,45380
76467632,45384
76475347,45378
76482962,45382
76490774,45380
76498363,45381
76506192,45379
76514389,45379
76522221,45389
76529754,45392
76536545,45386
76544322,45389
76551941,45392
76559750,45385
76567331,45398
76575147,45389
76582717,45393
76590496,45398
76598126,45388
76604971,45393
76612814,45396
76620384,45411
76628218,45411
76635720,45414
76643473,45411
76651020,45414
76657856,45420
76665680,45413
76673239,45415
76681062,45419
76688658,45421
76696440,45409
76703983,45419
76711805,45411
76719956,45421
76727813,45416
76742213,45424
76750066,45429
76757678,45421
76765440,45419
76772956,45425
76780763,45430
76788345,45424
76795153,45431
76802950,45419
76810604,45423
76818348,45431
76825973,45429
76833757,45431
76841324,45431
76849182,45429
76863633,45468
76871396,45470
76878943,45470
76886765,45481
76894344,45480
76902152,45479
76909675,45475
76917434,45487
76924946,45477
76933348,45486
76940916,45482
76948739,45487
76956314,45483
76964137,45489
76978604,45436
76986306,45433
76993869,45429
77001671,45435
77009270,45431
77017065,45427
77024679,45425
77032403,45427
77039932,45427
77047695,45431
77055288,45428
77063067,45422
77070693,45418
77078513,45419
77086083,45418
77093803,45409
77101341,45410
77109193,45407
77116752,45403
77124498,45409
77132070,45414
77140427,45409
77148007,45409
77154855,45422
77161659,45414
77169368,45411
77176970,45412
77184806,45419
77192397,45409
77200243,45410
77207769,45415
77215567,45397
77223146,45402
77230958,45401
77238584,45402
77246328,45393
77253948,45399
77261770,45403
77269344,45403
77277185,45397
77284726,45408
77292440,45404
77300007,45403
77307811,45399
77315373,45406
77323252,45401
77330809,45400
77338603,45440
77346729,45438
77354448,45436
77362034,45441
77369810,45439
77377379,45431
77391851,45441
77398785,45436
77406672,45434
77414253,45438
77422108,45440
77429671,45436
77437439,45437
77444985,45433
77458992,45447
77466617,45456
77474385,45453
77481966,45459
77489789,45463
77497334,45462
77505163,45453
77511995,45461
77518822,45460
77526417,45466
77534281,45467
77541882,45470
77549703,45471
77557300,45466
77565713,45470
77573281,45517
77581075,45513
77588705,45523
77596507,45525
77604149,45520
77611947,45525
77619607,45525
77627433,45521
77634312,45531
77641862,45524
77649648,45530
77657238,45523
77665056,45527
77672613,45531
77680370,45537
77687945,45534
77695755,45590
77703302,45593
77711088,45597
77718673,45593
77726450,45595
77734028,45601
77741813,45597
77749369,45601
77757239,45598
77765394,45602
77773272,45601
77780855,45603
77788668,45602
77796304,45603
77804161,45614
77810975,45608
77818608,45634
77826364,45646
77833939,45642
77841747,45636
77849330,45635
77857175,45635
77864757,45637
77871609,45633
77879397,45638
77886951,45628
77894711,45627
77902283,45622
77910060,45620
77917711,45619
77925541,45611
77939936,45527
77947762,45522
77955331,45527
77963161,45523
77970691,45525
77979110,45592
77986714,45522
77994457,45511
78002049,45509
78009859,45508
78017424,45512
78025243,45507
78032759,45503
78040481,45508
78048098,45495
78055895,45470
78063498,45458
78071302,45473
78078897,45467
78086674,45462
78094219,45463
78101985,45475
78109606,45467
78116426,45468
78124237,45466
78131783,45462
78139563,45458
78147185,45459
78154959,45452
78162571,45453
78170287,45455
78177867,45447
78186259,45441
78193851,45441
78201665,45446
78209359,45453
78217150,45450
78224740,45441
78231602,45449
78239466,45449
78247130,45452
78254937,45446
78262539,45446
78270318,45452
78277842,45447
78285635,45448
78292482,45459
78300031,45470
78307820,45471
78315368,45469
78323187,45463
78330773,45462
78338542,45475
78346139,45467
78353987,45476
78361601,45472
78369348,45467
78376935,45471
78384763,45479
78393032,45472
78400875,45468
78407691,45477
78422091,45498
78429875,45498
78437478,45505
78445323,45504
78452876,45507
78460658,45504
78468280,45506
78476090,45508
78482941,45509
78490569,45507
78498350,45512
78505918,45510
78513701,45513
78521307,45518
78528136,45513
78542851,45548
78550461,45543
78558275,45552
78565863,45550
78573649,45554
78581230,45552
78588983,45553
78596625,45554
78605103,45556
78612671,45551
78620507,45555
78634947,45561
78641871,45561
78656330,45587
78664204,45585
78671773,45587
78679585,45591
78687149,45591
78694917,45593
78702546,45591
78710338,45591
78717911,45595
78725738,45595
78733331,45608
78741175,45606
78748739,45599
78756575,45609
78764206,45603
78772028,45640
78779674,45635
78787464,45640
78795084,45643
78802908,45645
78810528,45644
78819022,45639
78826631,45646
78834404,45648
78841232,45645
78848834,45646
78856652,45636
78864232,45637
78872079,45635
78878934,45635
78886522,45635
78894280,45527
78901774,45536
78909519,45524
78917087,45523
78924881,45527
78932507,45521
78940304,45515
78947847,45512
78955610,45518
78963204,45514
78970963,45508
78978620,45513
78986375,45510
78993971,45515
79001768,45508
79016214,45452
79024636,45450
79032223,45450
79039992,45441
79047637,45445
79055424,45440
79063023,45443
79069877,45449
79077680,45447
79085242,45434
79093087,45435
79100683,45445
79108473,45437
79116027,45440
79123848,45432
79131391,45401
79139282,45401
79146878,45405
79154671,45398
79162282,45391
79170085,45398
79177673,45395
79185441,45397
79193021,45395
79199812,45392
79206639,45400
79214347,45398
79221880,45395
79229668,45397
79237750,45396
79245533,45391
79253120,45408
79260937,45401
79268543,45408
79276300,45398
79283806,45407
79291651,45392
79299243,45402
79307080,45400
79314686,45400
79321449,45405
79329286,45402
79336850,45410
79344648,45405
79352237,45403
79360013,45404
79367598,45402
79375348,45418
79382904,45413
79390725,45409
79398297,45402
79406108,45411
79413683,45423
79421442,45422
79428985,45422
79436811,45423
79445040,45420
79452883,45419
79460449,45418
79468285,45427
79475847,45430
79483651,45427
79498095,45454
79505897,45456
79513507,45454
79521305,45462
79528888,45465
79536687,45468
79544305,45457
79551140,45456
79558941,45462
79565797,45465
79573374,45473
79581216,45467
79588777,45467
79596578,45465
79604191,45460
79618899,45471
79626573,45480
79634443,45477
79642036,45480
79650527,45476
79658185,45476
79666025,45473
79673642,45482
79681403,45479
79688941,45479
79696745,45487
79704342,45479
79712175,45485
79719768,45487
79726620,45491
79734425,45517
79741969,45523
79749782,45521
79757321,45526
79765136,45521
79772685,45523
79780393,45520
79787977,45525
79795818,45520
79803357,45525
79811119,45520
79818695,45523
79826475,45516
79834086,45523
79841886,45519
79856852,45434
79871333,45429
79879201,45430
79886788,45429
79894561,45430
79902147,45425
79908991,45429
79916855,45423
79923695,45416
79931362,45423
79939223,45422
79946746,45411
79954429,45422
79962016,45418
79969808,45362
79977409,45363
79985274,45356
79992821,45360
80000613,45358
80008205,45354
80015984,45358
80023642,45362
80031371,45358
80038964,45360
80046761,45357
80054372,45356
80062200,45352
80070400,45349
80078306,45354
80091937,45326
80099520,45325
80107341,45320
80114931,45319
80122753,45324
80130396,45316
80138289,45325
80145883,45320
80153679,45324
80161276,45322
80169029,45319
80176652,45319
80184410,45304
80191965,45314
80199729,45314
80207270,45335
80215034,45331
80222644,45330
80230453,45331
80238042,45322
80245845,45323
80253401,45332
80261221,45330
80268100,45318
80275677,45330
80284139,45327
80291748,45318
80299575,45321
80307160,45322
80314953,45325
80322563,45323
80330340,45352
80337889,45339
80345676,45353
80353250,45344
80361019,45328
80368652,45349
80376397,45351
80383987,45349
80391806,45344
80399383,45352
80406189,45357
80413962,45354
80421577,45358
80429375,45360
80436944,45358
80451620,45405
80459225,45397
80467054,45400
80474673,45403
80482423,45396
80490640,45403
80498382,45400
80505224,45403
80512779,45399
80520532,45409
80528163,45407
80535933,45402
80543562,45410
80551338,45409
80558913,45413
80566674,45462
80574275,45460
80582127,45462
80589710,45457
80597453,45461
80605019,45465
80612817,45463
80620421,45468
80628285,45469
80635823,45473
80643603,45470
80651202,45474
80658960,45475
80666527,45479
80674376,45479
80681913,45475
80688742,45460
80697245,45456
80704820,45455
80712623,45455
80720210,45441
80727981,45450
80735567,45438
80743373,45435
80750976,45435
80758788,45432
80766370,45425
80774206,45426
80781760,45422
80789505,45415
80797061,45416
80804842,45405
80812392,45373
80820240,45373
80827781,45376
80835543,45374
80843189,45377
80850990,45371
80858636,45373
80865440,45370
80873282,45371
80880833,45376
80887687,45369
80895452,45363
80903629,45369
80911464,45360
80919099,45367
80926935,45346
80934541,45341
80942329,45341
80949836,45332
80957620,45333
80965210,45339
80972991,45338
80980639,45336
80988369,45343
80995902,45338
81003671,45329
81011262,45332
81019062,45339
81026689,45333
81034480,45334
81042070,45336
81049903,45342
81057448,45343
81065275,45341
81072814,45354
81080582,45349
81088143,45350
81095954,45346
81110187,45349
81118681,45358
81125562,45351
81133181,45352
81140019,45356
81147849,45352
81155435,45359
81170243,45370
81177825,45374
81185637,45372
81193230,45375
81201028,45373
81208635,45377
81216435,45382
81224002,45380
81231787,45374
81239348,45371
81247197,45383
81254819,45384
81262579,45382
81270163,45379
81277978,45381
81285584,45418
81293379,45419
81300921,45413
81308771,45421
81316357,45427
81324228,45418
81332428,45418
81339295,45411
81347157,45418
81354728,45420
81362584,45417
81370179,45418
81377987,45427
81385592,45425
81393375,45427
81400934,45430
81407743,45451
81415514,45453
81423079,45466
81430869,45457
81438466,45461
81446307,45463
81453927,45468
81461679,45462
81469223,45472
81476973,45463
81484560,45461
81492406,45456
81499935,45466
81507720,45468
81515296,45472
81529990,45502
81538144,45505
81545945,45500
81553570,45496
81561406,45502
81568972,45495
81576789,45502
81584376,45498
81592228,45494
81599809,45487
81606668,45489
81614427,45485
81621981,45475
81629810,45482
81637403,45470
81645237,45374
81652798,45376
81660506,45361
81668080,45372
81675867,45356
81683440,45362
81691247,45360
81698143,45358
81705706,45352
81713507,45355
81721043,45345
81728809,45355
81736331,45355
81744746,45348
81752360,45345
81760179,45350
81767773,45313
81775563,45316
81783189,45314
81790961,45316
81798556,45305
81806394,45314
81813947,45317
81821757,45308
81829307,45307
81837144,45315
81844750,45301
81852481,45302
81860021,45302
81867797,45295
81875336,45302
81883156,45296
81890042,45270
81897684,45258
81905497,45270
81913120,45270
81920875,45263
81928503,45272
81936290,45267
81943789,45272
81952211,45269
81959775,45275
81966642,45275
81974393,45276
81981981,45280
81989800,45275
81997360,45272
82005158,45282
82012744,45288
82020484,45289
82028052,45290
82035873,45288
82043463,45287
82051282,45286
82058121,45289
82065706,45296
82073450,45290
82081032,45292
82087877,45295
82095661,45290
82103272,45294
82111054,45297
82118650,45293
82132254,45313
82140105,45315
82147710,45315
82155448,45320
82163701,45321
82171509,45319
82178369,45318
82185911,45318
82193717,45323
82201265,45330
82209034,45321
82216656,45324
82224409,45328
82232013,45328
82238853,45330
82246647,45357
82254228,45358
82262027,45370
82269664,45366
82277424,45359
82285016,45359
82292826,45367
82300397,45357
82308197,45356
82315756,45359
82323531,45369
82331082,45367
82345488,45366
82352367,45367
82360037,45367
82366889,45415
82374691,45411
82382862,45416
82390658,45416
82398253,45420
82406030,45421
82412914,45422
82420424,45408
82428266,45420
82435837,45424
82443623,45431
82451203,45420
82458955,45422
82466534,45427
82473370,45426
82481168,45427
82487993,45360
82495631,45354
82503381,45366
82510918,45352
82518690,45351
82526295,45346
82533138,45341
82540902,45338
82548479,45344
82556316,45336
82563841,45335
82571673,45330
82579294,45330
82587633,45327
82595214,45323
82602972,45318
82610569,45272
82618404,45263
82625993,45268
82633778,45264
82641389,45268
82648208,45271
82655978,45269
82663550,45266
82671361,45271
82678878,45272
82686643,45270
82694216,45267
82702010,45277
82709634,45267
82717415,45269
82724977,45272
82732753,45235
82740322,45240
82748161,45245
82755766,45236
82763526,45229
82771117,45237
82778912,45235
82786451,45239
82794908,45232
82802503,45232
82809431,45239
82817252,45237
82824802,45237
82832576,45229
82840193,45223
82847014,45228
82854817,45233
82862393,45229
82870228,45243
82877790,45248
82885561,45230
82893187,45244
82901044,45239
82908699,45244
82916506,45246
82924086,45235
82931879,45243
82939456,45239
82947278,45244
82954884,45244
82962708,45243
82977161,45240
82984927,45245
82992481,45241
83000308,45246
83007730,45239
83015290,45234
83023075,45243
83030691,45254
83038444,45251
83046018,45245
83053808,45251
83061339,45245
83069120,45245
83076719,45251
83084469,45248
83092072,45284
83099896,45280
83107436,45284
83115250,45284
83122817,45285
83130606,45291
83138204,45285
83145983,45285
83153571,45280
83161400,45286
83168953,45297
83176741,45288
83184307,45283
83192066,45283
83199711,45284
83207447,45286
83215709,45338
83223519,45330
83231105,45334
83238934,45339
83245736,45337
83253337,45338
83261164,45334
83268747,45333
83276483,45348
83284068,45345
83291873,45346
83299452,45353
83307296,45349
83314849,45352
83322627,45350
83337027,45329
83344817,45325
83352430,45314
83360263,45318
83367861,45315
83375653,45314
83383219,45313
83391016,45312
83398621,45307
83406416,45310
83413269,45311
83421472,45309
83429340,45306
83436851,45308
83444618,45306
83452203,45293
83460027,45289
83467600,45288
83475355,45289
83482896,45287
83490705,45286
83498308,45290
83506076,45288
83513691,45287
83521425,45282
83528995,45282
83536771,45290
83544336,45287
83552189,45280
83559789,45286
83567518,45288
83581692,45274
83589528,45284
83597126,45283
83604008,45270
83611863,45283
83619436,45275
83627303,45282
83635540,45283
83643395,45278
83650256,45284
83657835,45280
83665616,45281
83673256,45277
83681044,45280
83687240,45279
83694805,45292
83702576,45302
83710155,45300
83717948,45308
83725523,45310
83733380,45309
83740967,45304
83748781,45308
83756385,45311
83764170,45314
83771009,45306
83778577,45305
83786359,45315
83793914,45313
83801701,45316
83814731,45348
83822288,45341
83830081,45342
83837701,45348
83845101,45348
83852861,45338
83860411,45352
83868208,45349
83875786,45346
83883533,45351
83890381,45354
83897988,45348
83905778,45354
83913342,45364
83921184,45355
83934880,45419
83942633,45419
83950202,45422
83957965,45423
83965538,45416
83973350,45424
83980851,45421
83988611,45432
83996203,45419
84003993,45430
84011613,45430
84019390,45417
84026943,45420
84034765,45421
84042336,45417
84048359,45464
84056781,45458
84064395,45468
84072275,45470
84079857,45471
84087660,45466
84095262,45472
84103037,45480
84110663,45471
84118463,45470
84126025,45471
84133887,45470
84141464,45472
84149345,45470
84156884,45473
84163703,45471
84171424,45421
84178967,45411
84186754,45412
84194336,45412
84202168,45401
84209751,45411
84217555,45397
84225126,45400
84232954,45391
84240580,45394
84248397,45397
84255945,45403
84264342,45392
84271850,45387
84279613,45383
84293990,45343
84301766,45341
84309319,45335
84317130,45347
84324716,45341
84332460,45346
84340035,45338
84347819,45336
84355432,45336
84363283,45340
84370843,45343
84378565,45338
84386108,45340
84393933,45342
84401529,45340
84409338,45314
84416864,45313
84424669,45315
84432277,45311
84440044,45317
84446861,45317
84454412,45314
84462264,45322
84470499,45310
84478364,45315
84485940,45309
84492786,45308
84500592,45310
84508152,45319
84515918,45318
84523499,45313
84531349,45340
84538857,45333
84546656,45344
84554238,45347
84562010,45338
84569574,45345
84577382,45346
84584950,45344
84592757,45342
84600347,45350
84608214,45345
84615794,45345
84623572,45342
84631178,45332
84638973,45346
84653351,45361
84661169,45356
84668780,45352
84677235,45365
84684072,45371
84691704,45360
84699473,45372
84707017,45376
84714815,45364
84722380,45376
84730263,45380
84737853,45375
84745597,45373
84753185,45381
84760983,45378
84768505,45401
84776357,45399
84783883,45401
84791705,45400
84799276,45407
84807093,45409
84821530,45401
84829117,45409
84836978,45408
84844565,45403
84851405,45407
84859224,45416
84866807,45413
84874594,45405
84882147,45414
84889874,45443
84897452,45445
84905265,45451
84912824,45438
84919645,45446
84927458,45447
84935044,45443
84942855,45455
84950440,45447
84958273,45448
84965850,45455
84973574,45444
84981135,45447
84988981,45453
84996587,45453
85004436,45388
85012028,45386
85019909,45383
85027511,45390
85035356,45389
85042868,45374
85050664,45386
85058260,45378
85066047,45373
85073678,45378
85081462,45375
85089051,45369
85097376,45374
85104896,45373
85112653,45377
85120233,45377
85127029,45344
85134870,45348
85142456,45330
85150293,45342
85157849,45340
85165593,45340
85173114,45348
85180945,45340
85188505,45339
85196331,45340
85203862,45342
85210678,45333
85218451,45343
85226007,45339
85233777,45339
85241380,45344
85249216,45333
85256789,45325
85264627,45331
85272257,45333
85280045,45334
85287700,45333
85295444,45327
85303502,45336
85311358,45337
85318891,45337
85326733,45338
85334319,45335
85342110,45340
85349727,45331
85357534,45330
85371909,45366
85378729,45359
85386439,45360
85394013,45365
85400806,45367
85408575,45364
85416118,45366
85423935,45365
85431479,45362
85439271,45367
85446838,45370
85453680,45365
85461458,45368
85469023,45374
85476839,45373
85490534,45390
85498058,45402
85505818,45392
85513927,45398
85520815,45400
85528633,45396
85536239,45403
85544005,45406
85551597,45403
85559395,45406
85566910,45405
85574690,45405
85582274,45409
85590060,45406
85597696,45410
85605523,45443
85613093,45445
85620885,45449
85628486,45456
85636320,45448
85643880,45453
85651671,45453
85659284,45457
85667087,45458
85674699,45453
85682544,45462
85690116,45460
85697947,45467
85705524,45470
85713345,45475
85721555,45466
85728499,45496
85736359,45497
85743169,45501
85750800,45503
85758544,45501
85766114,45505
85773916,45505
85781498,45504
85789346,45512
85796858,45512
85804666,45511
85812273,45511
85820062,45520
85827676,45514
85835451,45512
85842987,45514
85850836,45437
85858458,45438
85865363,45438
85873203,45437
85880044,45437
85887702,45440
85895480,45428
85903056,45433
85910887,45424
85918483,45425
85926362,45432
85934578,45431
85942366,45431
85949889,45430
85957669,45430
85965247,45432
85973046,45417
85980607,45409
85988412,45417
85996006,45408
86003861,45415
86011434,45419
86019254,45410
86026823,45412
86034554,45420
86042149,45421
86056568,45417
86064392,45417
86071997,45413
86079801,45422
86093439,45395
86100240,45390
86107806,45387
86115620,45392
86123168,45395
86130972,45402
86138550,45394
86147048,45403
86154734,45407
86162543,45398
86170093,45404
86176929,45399
86184719,45400
86192303,45397
86200128,45401
86206999,45431
86214610,45427
86221446,45431
86229278,45439
86236822,45435
86244543,45430
86252140,45438
86259964,45433
86267604,45430
86275441,45434
86283033,45434
86290835,45437
86298401,45431
86306208,45437
86313784,45434
86321537,45421
86329109,45456
86336940,45445
86344568,45462
86352357,45462
86359785,45463
86367402,45471
86375181,45461
86382778,45466
86390506,45472
86398084,45470
86405896,45461
86413487,45470
86421330,45472
86428861,45467
86436613,45472
86444161,45470
86451934,45511
86459518,45514
86467383,45515
86474943,45517
86482724,45515
86490287,45513
86498040,45519
86505633,45513
86513432,45524
86520972,45518
86528726,45522
86535596,45516
86543178,45515
86551029,45519
86558641,45528
86566150,45527
86573983,45560
86581613,45571
86589443,45563
86596292,45566
86603807,45576
86611565,45570
86619150,45572
86626968,45570
86634572,45577
86642415,45566
86650031,45574
86656836,45571
86664572,45569
86672146,45568
86679979,45567
86686802,45562
86694375,45516
86702190,45515
86709782,45512
86716590,45508
86724389,45510
86731900,45515
86739705,45515
86747284,45510
86755051,45512
86762636,45510
86770440,45509
86778684,45513
86786474,45516
86794064,45512
86801877,45520
86809451,45507
86817310,45504
86824833,45503
86832576,45514
86840105,45515
86847945,45504
86855488,45506
86863340,45506
86870912,45511
86878720,45507
86886297,45517
86893124,45511
86900925,45508
86908491,45513
86916294,45515
86923883,45508
86931728,45508
86939333,45514
86947121,45514
86954734,45512
86962457,45518
86970002,45520
86977768,45516
86985894,45519
86993680,45515
87001252,45517
87009065,45516
87016649,45515
87024428,45521
87031984,45521
87039826,45522
87046714,45522
87061125,45559
87068918,45568
87075767,45568
87083347,45568
87091109,45561
87098728,45560
87106456,45560
87114015,45562
87121806,45559
87129413,45565
87136245,45563
87144068,45561
87151665,45559
87159420,45566
87166275,45566
87180702,45593
87188459,45586
87195264,45595
87202828,45592
87210558,45590
87218120,45591
87225922,45603
87233475,45597
87241305,45604
87248852,45602
87255729,45607
87263477,45602
87271051,45605
87278850,45600
87285726,45600
87299905,45637
87307720,45632
87315287,45634
87323057,45636
87330683,45627
87338471,45627
87346059,45635
87353887,45638
87361451,45634
87368311,45645
87376121,45644
87383727,45644
87391482,45646
87398365,45642
87406468,45647
87421265,45686
87428848,45687
87436608,45691
87444179,45691
87451996,45691
87459583,45700
87467420,45697
87474941,45699
87482734,45694
87489566,45695
87497101,45700
87504909,45700
87512486,45694
87519372,45694
87527209,45704
87534823,45627
87542587,45624
87550169,45624
87556980,45623
87564788,45624
87572381,45622
87580198,45612
87587767,45626
87595590,45621
87603172,45623
87610980,45616
87619185,45616
87626957,45615
87634553,45615
87642358,45615
87649983,45610
87657791,45588
87665411,45584
87672222,45590
87679988,45591
87687519,45611
87695382,45589
87702958,45593
87710729,45589
87718347,45601
87726094,45599
87733730,45590
87741516,45597
87749079,45597
87756842,45596
87764451,45597
87779146,45568
87786773,45574
87793619,45575
87801430,45574
87808976,45574
87816764,45569
87824835,45580
87832693,45576
87840287,45576
87848092,45576
87855735,45577
87863579,45571
87871161,45563
87878979,45575
87886497,45573
87894320,45581
87901875,45585
87909669,45585
87916509,45588
87924056,45588
87931865,45585
87939456,45577
87947313,45577
87954872,45569
87962615,45579
87970204,45572
87977997,45572
87985575,45574
87993396,45572
88000933,45575
88008740,45570
88016299,45590
88024087,45599
88032284,45598
88040102,45595
88047713,45595
88055488,45599
88063069,45592
88070869,45597
88078430,45593
88086228,45600
88093036,45601
88100660,45604
88108480,45600
88116064,45600
88123890,45605
88131485,45600
88139330,45620
88146864,45621
88154603,45613
88162169,45613
88169948,45612
88177539,45621
88185414,45618
88192980,45626
88200835,45623
88208422,45621
88216229,45619
88223815,45629
88231527,45630
88239736,45626
88247508,45630
88261932,45668
88269712,45671
88275869,45671
88283445,45670
88291204,45670
88298818,45667
88306596,45671
88314163,45668
88321991,45681
88329561,45684
88337402,45681
88344917,45679
88352665,45677
88359500,45687
88367035,45680
88381660,45652
88389266,45656
88395384,45651
88402930,45642
88410676,45638
88418284,45631
88426067,45633
88433659,45632
88441476,45628
88449605,45623
88456539,45623
88464393,45623
88471898,45615
88478732,45616
88486486,45612
88500885,45558
88508677,45569
88514845,45562
88522413,45557
88536847,45561
88544645,45560
88552237,45558
88560012,45555
88567632,45546
88575461,45550
88583127,45545
88591030,45545
88598636,45560
88606444,45546
88614034,45531
88621892,45527
88628729,45532
88636340,45535
88644207,45532
88651887,45526
88659729,45525
88668018,45523
88675823,45518
88683406,45519
88690216,45521
88698013,45524
88705597,45518
88713427,45516
88720982,45521
88735577,45520
88743189,45519
88749994,45528
88757749,45527
88765355,45523
88773148,45528
88780781,45522
88788573,45524
88796153,45518
88803930,45529
88810775,45520
88818326,45522
88826093,45513
88833677,45521
88841467,45522
88855885,45517
88863682,45519
88869872,45515
88878075,45512
88885895,45515
88893468,45519
88901277,45517
88908860,45521
88916666,45517
88924227,45516
88931077,45522
88938883,45517
88946505,45518
88954306,45522
88961132,45523
88975557,45527
88983407,45528
88990942,45530
88998742,45525
89006324,45525
89014178,45525
89021813,45526
89029642,45529
89037213,45531
89045029,45530
89052641,45529
89060458,45531
89068080,45527
89075926,45532
89091230,45549
89098840,45543
89106595,45554
89114160,45546
89121955,45553
89129514,45540
89137372,45544
89144984,45545
89152805,45546
89160380,45554
89168162,45548
89175751,45547
89183544,45549
89191163,45552
89198015,45551
89205817,45553
89213418,45557
89221262,45554
89228086,45557
89235677,45559
89243451,45564
89251021,45560
89258808,45559
89266392,45552
89274217,45558
89281823,45561
89289520,45554
89297771,45550
89305500,45545
89313032,45550
89320809,45543
89328382,45460
89336218,45456
89343805,45458
89351570,45441
89359092,45442
89366892,45447
89374507,45442
89382342,45436
89389875,45436
89397619,45440
89405168,45442
89411983,45437
89419767,45437
89427354,45434
89435137,45434
89442786,45432
89450570,45398
89458148,45394
89465969,45393
89473578,45390
89481413,45397
89488950,45391
89496764,45398
89504995,45397
89512822,45398
89520410,45398
89528283,45399
89535873,45389
89543569,45387
89551140,45393
89558917,45386
89573365,45358
89581124,45356
89587993,45357
89595558,45358
89603413,45359
89610916,45350
89618691,45363
89626238,45350
89634087,45345
89641668,45355
89649532,45360
89657132,45354
89664993,45361
89672554,45359
89680402,45356
89687923,45361
89695730,45356
89703325,45358
89711749,45364
89718597,45359
89726163,45370
89733991,45365
89741550,45361
89749375,45359
89756947,45365
89771391,45364
89778926,45358
89786802,45368
89794409,45365
89801248,45365
89809038,45373
89816638,45366
89823503,45362
89831337,45371
89838170,45367
89845763,45375
89853504,45376
89861076,45372
89868904,45368
89876448,45370
89884228,45372
89891023,45372
89898593,45382
89906432,45378
89914020,45377
89920854,45381
89929348,45405
89936883,45398
89943642,45403
89951433,45401
89958911,45397
89966695,45403
89974257,45399
89982060,45404
89989693,45410
89997515,45400
90005068,45406
90011839,45404
90019660,45393
90027224,45397
90035047,45408
90042575,45397
90057353,45438
90064896,45449
90072682,45450
90079539,45454
90087071,45450
90094850,45451
90102441,45452
90110242,45449
90117858,45450
90125565,45446
90133708,45446
90141504,45449
90149063,45451
90156850,45456
90164425,45459
90172266,45379
90179831,45376
90187634,45365
90195238,45368
90203027,45378
90210584,45370
90218403,45361
90225940,45360
90233728,45355
90241284,45358
90249081,45346
90256686,45347
90264471,45350
90272044,45345
90279807,45343
90294262,45267
90302038,45267
90309597,45259
90317430,45266
90324943,45262
90332762,45255
90340865,45254
90348630,45249
90356185,45245
90363984,45241
90370837,45253
90378422,45246
90386242,45246
90393840,45243
90401632,45237
90409200,45210
90416985,45206
90423819,45207
90431404,45207
90439170,45200
90446816,45197
90454588,45196
90462162,45200
90470026,45199
90477630,45196
90485436,45197
90492275,45198
90499840,45187
90507585,45191
90515190,45190
90523020,45195
90530577,45184
90538424,45184
90545928,45187
90554390,45187
90561908,45193
90569689,45197
90577242,45188
90585013,45187
90592569,45202
90600380,45198
90607240,45195
90614825,45194
90622609,45197
90630157,45200
90637989,45196
90645605,45196
90653435,45195
90660982,45193
90668727,45191
90676306,45208
90684110,45191
90691668,45200
90699509,45199
90707067,45197
90714849,45206
90722462,45201
90730255,45208
90737814,45206
90745554,45201
90753119,45198
90761488,45208
90775911,45231
90783707,45225
90791298,45223
90799084,45225
90806659,45231
90814477,45220
90821985,45230
90829798,45227
90837392,45222
90845248,45223
90852847,45224
90860586,45230
90868149,45232
90875946,45230
90883525,45228
90891381,45256
90898927,45261
90905732,45265
90913504,45267
90921085,45256
90928825,45257
90936420,45259
90944244,45265
90951804,45264
90959579,45264
90967805,45258
90975623,45262
90983241,45270
90991029,45267
90998570,45274
91013014,45309
91019897,45309
91027511,45302
91035360,45309
91042944,45314
91049805,45308
91057554,45314
91065140,45310
91072940,45319
91080532,45314
91087343,45307
91095132,45305
91102724,45309
91110507,45306
91118075,45309
91124890,45298
91132664,45216
91139453,45207
91146920,45206
91154690,45200
91162265,45203
91169121,45201
91176967,45202
91185186,45191
91192959,45191
91200524,45186
91207345,45184
91215133,45191
91222733,45184
91230503,45182
91238090,45169
91244955,45179
91258981,45129
91266532,45140
91274368,45136
91281904,45139
91288659,45134
91296491,45147
91304040,45130
91311835,45136
91319418,45133
91326215,45124
91334055,45137
91341682,45135
91349462,45139
91357048,45138
91363898,45132
91377817,45097
91385424,45088
91393770,45101
91401375,45099
91408158,45108
91415946,45107
91423530,45097
91431379,45105
91438977,45094
91445825,45102
91453555,45102
91461126,45103
91468951,45108
91476516,45112
91483367,45100
91497371,45128
91504914,45129
91512720,45126
91520304,45124
91528125,45119
91535692,45132
91543487,45129
91550995,45129
91558784,45127
91565653,45124
91573227,45131
91581117,45129
91588759,45129
91596499,45134
91603910,45134
91611522,45138
91619352,45152
91626920,45151
91634682,45148
91642284,45148
91650059,45149
91657668,45155
91665549,45150
91673114,45157
91680895,45153
91688478,45151
91696300,45155
91703853,45165
91711636,45157
91719207,45162
91727036,45164
91733863,45194
91741496,45195
91749302,45195
91756851,45193
91764620,45193
91772232,45192
91780008,45193
91787585,45194
91795405,45198
91802897,45200
91811367,45181
91818920,45192
91826670,45204
91834279,45206
91841175,45207
91848981,45212
91856546,45239
91864366,45234
91871878,45230
91879666,45241
91887195,45242
91894993,45237
91902556,45243
91910396,45248
91917964,45242
91925692,45246
91933232,45243
91941072,45245
91948630,45248
91956465,45244
91964004,45245
91970873,45237
91978651,45281
91986274,45280
91994061,45286
92001630,45285
92009453,45288
92017538,45277
92025400,45285
92032925,45286
92040652,45287
92048259,45289
92056116,45285
92063680,45286
92071456,45285
92078933,45278
92086692,45291
92101174,45192
92108996,45193
92116564,45191
92124425,45186
92131954,45186
92139714,45186
92147301,45189
92155100,45180
92162667,45184
92170488,45176
92178007,45176
92185817,45178
92193414,45176
92201156,45179
92208796,45173
92216538,45136
92224702,45133
92232554,45136
92247001,45138
92254625,45134
92261512,45142
92269351,45136
92276894,45138
92283725,45140
92291571,45138
92299227,45138
92307062,45138
92314637,45132
92321516,45145
92328396,45136
92336211,45101
92343799,45096
92351556,45099
92359073,45099
92366873,45096
92374437,45098
92382284,45097
92389903,45104
92397684,45103
92405234,45108
92413016,45105
92420588,45111
92428467,45098
92436003,45105
92444443,45109
92458888,45135
92466654,45133
92474246,45129
92482040,45122
92489669,45129
92496521,45126
92504388,45123
92511970,45126
92519735,45127
92527311,45127
92535068,45126
92542706,45124
92550575,45128
92558180,45130
92565965,45136
92573561,45168
92581385,45157
92588948,45162
92596713,45168
92604247,45174
92612069,45177
92619646,45170
92627481,45168
92635104,45178
92642944,45181
92651170,45183
92658960,45177
92666514,45190
92674299,45184
92681149,45182
92688042,45183
92695600,45224
92703447,45220
92711037,45210
92718863,45223
92726472,45217
92734299,45225
92741865,45229
92749631,45222
92757198,45232
92764984,45237
92772548,45227
92780387,45234
92787974,45233
92795725,45229
92803302,45230
92811048,45238
92818593,45276
92826456,45278
92833988,45268
92841776,45280
92849370,45284
92857739,45280
92865374,45285
92873145,45288
92880716,45284
92888537,45274
92896095,45279
92903956,45285
92911570,45281
92919388,45290
92926263,45295
92933835,45295
92941581,45297
92949154,45293
92956941,45292
92964553,45290
92972403,45299
92979929,45292
92987752,45292
92995334,45290
93003162,45281
93010803,45279
93018654,45275
93026197,45277
93034000,45276
93041621,45271
93049463,45275
93057060,45214
93065427,45215
93072988,45213
93080770,45214
93088378,45210
93096106,45211
93102963,45213
93110534,45216
93118379,45215
93125199,45211
93132807,45208
93140546,45206
93148127,45212
93155947,45207
93162801,45210
93170382,45209
93178106,45209
93185715,45205
93193519,45204
93201054,45214
93208789,45206
93216375,45200
93223239,45205
93231064,45201
93238626,45201
93245519,45201
93253385,45197
93260939,45197
93268713,45201
93276883,45189
93284606,45199
93292188,45198
93299984,45212
93307557,45216
93315379,45209
93322956,45210
93330723,45215
93338286,45213
93346106,45212
93353757,45223
93360602,45212
93368478,45221
93376010,45216
93383806,45224
93391381,45223
93399171,45225
93406786,45224
93414573,45227
93422157,45237
93429956,45235
93437533,45242
93445387,45243
93452944,45243
93460727,45249
93468322,45245
93482777,45250
93491302,45247
93498944,45256
93506739,45251
93514372,45251
93522162,45249
93529834,45251
93537593,45285
93545143,45269
93552975,45279
93560560,45283
93568393,45293
93575951,45285
93582743,45289
93590512,45287
93597347,45290
93604904,45288
93612647,45279
93620218,45292
93628009,45288
93635621,45289
93642519,45295
93649362,45288
93663998,45322
93671581,45327
93679398,45331
93686936,45327
93694682,45333
93702166,45336
93709845,45340
93716708,45329
93724487,45329
93732033,45332
93739859,45337
93747493,45335
93755321,45339
93762934,45341
93770783,45340
93778390,45387
93786150,45384
93793743,45384
93801509,45385
93809028,45388
93816812,45391
93823656,45390
93831242,45386
93839061,45383
93846623,45397
93854434,45398
93861955,45399
93869756,45396
93877339,45395
93885136,45397
93892745,45404
93900521,45340
93908747,45332
93916496,45336
93924059,45334
93931882,45330
93938753,45333
93946317,45318
93954171,45330
93961775,45325
93969556,45316
93977127,45312
93984869,45314
93992488,45318
94000207,45311
94007820,45310
94015624,45323
94023176,45279
94030993,45277
94038604,45278
94046461,45264
94053981,45279
94060752,45271
94068535,45269
94076099,45264
94083921,45270
94091482,45272
94099301,45260
94106882,45264
94115232,45265
94122836,45258
94129670,45262
94137493,45263
94145090,45247
94152876,45238
94160454,45250
94168289,45250
94175919,45246
94183664,45244
94191231,45258
94198044,45252
94205786,45245
94213338,45251
94221124,45246
94228765,45250
94236565,45251
94244106,45250
94251850,45254
94259457,45260
94267293,45277
94274860,45280
94282626,45281
94290249,45281
94298058,45281
94305595,45272
94313390,45273
94321545,45274
94329405,45279
94336912,45286
94344765,45281
94352377,45279
94360171,45288
94367043,45289
94374591,45287
94389326,45316
94396941,45307
94404650,45304
94412242,45310
94420103,45315
94427721,45307
94435547,45324
94443048,45312
94450847,45318
94458441,45321
94466227,45319
94473850,45324
94481645,45320
94489239,45314
94497066,45325
94504683,45340
94512479,45342
94519981,45346
94527742,45339
94535925,45340
94542682,45340
94550492,45346
94558034,45343
94565855,45341
94573429,45342
94581225,45349
94588800,45344
94596587,45346
94604184,45346
94611993,45349
94619539,45350
94627351,45368
94634951,45361
94642701,45366
94650269,45365
94658049,45362
94665625,45367
94673484,45367
94681066,45367
94688866,45371
94696478,45375
94704243,45376
94718685,45375
94724797,45379
94732454,45378
94747700,45416
94755361,45418
94763153,45422
94770776,45418
94778540,45419
94786152,45419
94793927,45425
94800786,45421
94808360,45423
94816149,45430
94823740,45433
94831591,45436
94839160,45425
94846956,45438
94854519,45431
94862326,45380
94869916,45374
94877636,45378
94885230,45368
94893008,45371
94900574,45370
94908405,45361
94915963,45358
94923704,45362
94931259,45358
94939067,45358
94946656,45355
94955120,45351
94962752,45344
94970588,45344
94985005,45302
94992749,45310
95000348,45308
95008141,45307
95015770,45304
95023559,45300
95031060,45302
95038849,45298
95046399,45298
95054195,45300
95061811,45305
95069598,45304
95077203,45298
95084077,45303
95091844,45297
95106289,45326
95114052,45319
95121620,45312
95129425,45315
95136953,45324
95144743,45315
95152332,45310
95160767,45308
95168451,45313
95176249,45312
95183846,45312
95191625,45306
95199227,45308
95207084,45310
95221551,45304
95229417,45305
95236961,45300
95244695,45307
95252334,45297
95260191,45301
95267804,45298
95275675,45301
95282634,45302
95290452,45295
95297967,45303
95305749,45302
95313325,45299
95321154,45299
95327968,45289
95342471,45297
95350338,45289
95357934,45294
95365656,45294
95373858,45298
95381656,45295
95389227,45289
95396072,45294
95402924,45291
95410712,45299
95418253,45298
95426059,45292
95433569,45295
95441357,45297
95447441,45293
95461836,45298
95469619,45307
95477212,45308
95485029,45312
95492609,45316
95500446,45306
95508011,45301
95514796,45304
95521658,45309
95529491,45304
95537053,45306
95544831,45306
95552436,45303
95560297,45306
95566425,45312
95581467,45337
95589237,45337
95596860,45336
95604591,45343
95612188,45347
95620026,45342
95627633,45340
95634515,45341
95641359,45347
95649125,45344
95656687,45346
95664507,45349
95672034,45354
95679838,45356
95685933,45357
95700373,45395
95708161,45404
95715773,45407
95723562,45399
95731102,45406
95738864,45404
95746459,45411
95753269,45415
95760139,45409
95767930,45417
95775486,45424
95783261,45418
95791465,45426
95799299,45420
95806930,45417
95814735,45344
95822319,45345
95830117,45341
95837736,45337
95845515,45343
95853130,45332
95860913,45334
95868537,45332
95876361,45338
95883978,45335
95891729,45336
95899357,45337
95907117,45337
95914633,45337
95922454,45335
95936856,45309
95944689,45307
95958938,45306
95966825,45315
95974470,45308
95982276,45313
95989877,45309
95996690,45310
96005133,45317
96012781,45308
96020551,45308
96028140,45303
96035912,45311
96041991,45306
96049579,45289
96057419,45288
96064969,45289
96072753,45287
96080349,45284
96088145,45294
96095739,45293
96103585,45284
96111109,45292
96118870,45282
96126451,45288
96134237,45289
96141846,45288
96149619,45298
96157167,45285
96164974,45293
96172574,45312
96180404,45307
96187966,45314
96195683,45309
96203236,45309
96211565,45312
96219150,45307
96226919,45310
96234515,45310
96242324,45311
96249956,45310
96257798,45307
96265401,45309
96273209,45305
96280097,45304
96294569,45328
96302420,45329
96309977,45329
96317696,45331
96325250,45331
96333063,45326
96340621,45337
96348439,45331
96355251,45331
96362864,45336
96370637,45338
96378214,45340
96385991,45340
96393571,45349
96400416,45350
96415007,45353
96423221,45356
96431042,45358
96438609,45352
96446420,45360
96453979,45362
96461729,45358
96469347,45364
96477150,45368
96484034,45368
96491632,45372
96499449,45367
96507012,45374
96514784,45375
96522402,45374
96530174,45395
96537784,45394
96545554,45397
96553138,45399
96560999,45387
96568566,45402
96576414,45401
96584002,45401
96591828,45398
96599445,45398
96607266,45399
96614916,45404
96622723,45402
96630907,45402
96637752,45399
96652440,45434
96659964,45422
96667795,45431
96675474,45430
96683375,45421
96690982,45412
96698766,45412
96706364,45411
96714167,45400
96721029,45409
96728628,45398
96736465,45391
96744010,45395
96751797,45386
96759385,45388
96767158,45307
96774754,45307
96782576,45305
96790112,45303
96797901,45305
96805492,45297
96813302,45295
96820894,45298
96828655,45302
96836761,45299
96844576,45295
96852118,45300
96859905,45294
96867523,45296
96875387,45299
96882966,45297
96889761,45259
96897588,45258
96905105,45257
96912854,45253
96920436,45259
96928195,45251
96935795,45251
96943554,45243
96951177,45242
96957995,45239
96965723,45235
96973290,45238
96981107,45236
96988652,45246
96995499,45233
97003278,45232
97017067,45247
97024688,45250
97032543,45243
97040093,45241
97048529,45247
97056070,45247
97063859,45238
97071447,45248
97078234,45248
97085082,45244
97092903,45235
97100510,45247
97108342,45246
97115199,45236
97122792,45239
97136779,45257
97144423,45252
97152181,45253
97159779,45252
97167559,45253
97175088,45257
97182876,45253
97197278,45252
97204946,45249
97212750,45252
97220368,45250
97227217,45257
97235076,45247
97249503,45257
97257354,45256
97265583,45258
97273460,45266
97281026,45267
97288862,45268
97296491,45268
97304276,45268
97311884,45264
97319669,45275
97327200,45270
97335016,45274
97342649,45274
97350499,45279
97364868,45303
97372606,45309
97380149,45310
97387929,45307
97395541,45308
97403372,45301
97410928,45306
97418660,45298
97426253,45302
97434045,45313
97441627,45307
97449474,45309
97456999,45311
97464811,45308
97472989,45310
97480747,45366
97488313,45356
97496128,45367
97503697,45371
97511566,45370
97519179,45371
97526939,45377
97534520,45373
97542333,45370
97549944,45371
97556785,45374
97564578,45373
97572056,45381
97579816,45371
97586594,45382
97594181,45375
97601971,45315
97609602,45307
97617432,45306
97624981,45303
97632704,45305
97640260,45300
97648013,45302
97655552,45301
97663354,45297
97670958,45300
97678435,45288
97686261,45293
97693909,45289
97701648,45284
97709202,45285
97716954,45289
97724544,45233
97732350,45241
97739951,45235
97747769,45235
97755315,45230
97763103,45235
97770648,45226
97778466,45219
97786019,45221
97792866,45224
97800651,45223
97808217,45217
97815981,45227
97823560,45229
97831371,45222
97838925,45230
97846689,45212
97854262,45201
97862030,45196
97869633,45206
97877466,45212
97885626,45212
97893460,45209
97901007,45206
97908780,45208
97916348,45206
97924158,45202
97931797,45203
97939590,45209
97946448,45211
97954005,45205
97961760,45201
97968549,45210
97976075,45207
97983865,45203
97991485,45208
97999261,45210
98006874,45208
98014671,45211
98022294,45209
98030143,45214
98037743,45212
98045563,45219
98053097,45218
98060915,45218
98068544,45209
98076385,45211
98090022,45207
98098238,45201
98106024,45202
98113577,45214
98121423,45211
98128979,45210
98136762,45211
98144326,45211
98152118,45204
98159690,45209
98167466,45207
98174969,45216
98182704,45213
98190247,45213
98198076,45213
98211655,45240
98219241,45246
98227012,45248
98234565,45258
98242362,45253
98249940,45259
98257654,45258
98265267,45272
98273112,45267
98280716,45272
98288520,45276
98296031,45277
98303709,45269
98310582,45284
98318182,45289
98325050,45362
98332849,45356
98340445,45367
98348227,45375
98355813,45378
98363592,45373
98371147,45372
98378934,45367
98386525,45372
98394343,45375
98401200,45369
98408783,45376
98416568,45370
98430706,45359
98438526,45375
98446181,45390
98454031,45373
98461622,45389
98469486,45374
98477046,45389
98484852,45380
98492466,45382
98500301,45373
98507879,45380
98514701,45378
98523173,45379
98530809,45367
98538619,45353
98545469,45358
98553031,45351
98559843,45345
98567590,45293
98575120,45295
98582907,45295
98590488,45291
98598295,45298
98605900,45300
98613671,45295
98621213,45288
98629032,45289
98636616,45283
98644475,45301
98652001,45294
98659767,45298
98667382,45307
98675208,45297
98689621,45304
98697421,45302
98704991,45301
98712703,45299
98720289,45300
98728632,45300
98736237,45281
98744059,45290
98751661,45290
98759488,45295
98767069,45293
98774866,45289
98782464,45290
98790263,45288
98797915,45299
98805704,45299
98813293,45297
98821114,45299
98828667,45298
98836459,45292
98843973,45305
98851717,45307
98859301,45302
98867093,45305
98873911,45305
98881515,45311
98889283,45315
98896892,45319
98904664,45314
98912237,45319
98920036,45323
98927611,45325
98936041,45324
98943611,45323
98951432,45326
98958992,45323
98966758,45322
98974334,45329
98982168,45328
98989785,45334
98997584,45324
99005113,45332
99012897,45323
99020476,45327
99027300,45330
99035082,45336
99042655,45328
99050513,45342
99058094,45351
99065858,45348
99073453,45345
99081219,45351
99088801,45343
99096602,45344
99104099,45349
99111903,45351
99119499,45351
99127311,45348
99134917,45353
99143398,45350
99150994,45350
99158726,45350
99165575,45378
99173115,45386
99180902,45385
99188509,45382
99196295,45380
99203908,45372
99211673,45369
99219244,45379
99227051,45383
99234645,45374
99242491,45379
99250060,45369
99257887,45375
99265477,45372
99273274,45373
99280875,45372
99288659,45382
99296219,45377
99304029,45379
99311660,45381
99319483,45386
99327124,45385
99334900,45390
99342503,45377
99350858,45386
99357650,45379
99365225,45379
99373035,45386
99379882,45378
99387467,45375
99395257,45375
99402938,45368
99410686,45280
99418228,45278
99426045,45271
99433619,45267
99441486,45273
99449047,45264
99456841,45264
99464425,45259
99472183,45268
99479730,45256
99487544,45256
99495071,45255
99502840,45258
99510404,45252
99518202,45250
99531846,45227
99539441,45220
99547264,45226
99554881,45225
99563387,45222
99571044,45216
99578806,45222
99586379,45230
99594184,45225
99601707,45226
99609581,45222
99617089,45225
99624855,45225
99632435,45213
99640254,45219
99647882,45208
99655642,45199
99670035,45207
99677652,45214
99685487,45210
99693047,45215
99700804,45211
99708430,45211
99715238,45206
99723068,45206
99730671,45212
99737525,45209
99745331,45206
99752918,45203
99760688,45209
99768242,45235
99776636,45232
99784214,45228
99791983,45233
99799568,45238
99807394,45232
99815010,45231
99822749,45238
99830326,45232
99838105,45234
99845697,45240
99853542,45238
99861079,45232
99868885,45237
99876480,45236
99883299,45233
99891088,45236
99898623,45240
99906438,45241
99914012,45242
99921740,45242
99929304,45242
99937121,45244
99944676,45243
99952512,45249
99960054,45246
99967794,45244
99975381,45243
99983734,45244
99991334,45242
99998199,45252
100005970,45267
100013553,45266
100021376,45272
100028967,45279
100036717,45274
100044273,45275
100052088,45276
100059665,45277
100067504,45270
100074370,45273
100081971,45272
100089745,45279
100097300,45279
100105091,45274
100112662,45285
100119477,45284
100127276,45326
100134912,45314
100142758,45324
100150330,45321
100158130,45316
100165714,45327
100173591,45320
100181116,45314
100189520,45323
100197051,45324
100204824,45331
100212364,45337
100220182,45329
100227738,45337
100235551,45340
100249926,45352
100257695,45355
100265266,45340
100273061,45345
100280623,45342
100288449,45334
100295987,45332
100303678,45337
100311254,45331
100319093,45325
100326683,45334
100334510,45329
100342076,45331
100349815,45323
100357364,45328
100365140,45273
100372728,45269
100380578,45265
100388129,45269
100396504,45264
100404080,45266
100411828,45267
100419425,45269
100427220,45272
100434867,45261
100442611,45261
100450189,45265
100457016,45263
100464822,45262
100472409,45265
100480200,45267
100487019,45269
100494567,45263
100502422,45271
100509971,45274
100517706,45272
100525317,45269
100533106,45274
100540672,45262
100548484,45269
100556056,45271
100563843,45261
100571422,45267
100579239,45258
100586859,45263
100594684,45256
100602855,45262
100610640,45269
100618190,45265
100625955,45267
100633549,45268
100641296,45266
100648934,45268
100656738,45275
100664316,45269
100672131,45272
100678962,45271
100686573,45278
100694324,45272
100701926,45283
100709712,45278
100717284,45284
100731872,45308
100739434,45302
100747247,45299
100754866,45304
100762650,45305
100770220,45300
100778001,45306
100785590,45305
100793414,45307
100800255,45305
100807862,45303
100816342,45307
100823972,45306
100831687,45308
100839265,45294
100853297,45342
100860897,45339
100868640,45344
100876211,45341
100883958,45340
100891550,45349
100905967,45347
100912779,45347
100920632,45346
100928206,45348
100935037,45352
100942841,45352
100950462,45354
100958254,45355
100965845,45370
100973671,45372
100981275,45369
100989072,45371
100996650,45373
101004438,45377
101011995,45376
101019759,45375
101028002,45377
101035697,45374
101043286,45374
101051105,45381
101058665,45376
101066515,45388
101074079,45384
101081876,45406
101088748,45408
101096305,45410
101104143,45400
101111712,45408
101119587,45404
101127144,45405
101134964,45405
101142553,45409
101150305,45405
101157934,45410
101165676,45404
101173224,45403
101180992,45409
101188605,45412
101196432,45411
101204044,45365
101211798,45362
101219350,45359
101227178,45358
101235410,45353
101243221,45348
101250819,45347
101258661,45345
101266225,45343
101273052,45334
101280843,45334
101288452,45337
101295292,45328
101303118,45331
101310712,45325
101324513,45301
101331356,45301
101339143,45304
101346697,45311
101354521,45299
101362061,45303
101369831,45306
101377364,45310
101385193,45313
101392069,45308
101399617,45309
101407482,45308
101414283,45313
101421896,45315
101429670,45305
101437255,45312
101444965,45298
101452595,45293
101460396,45299
101467979,45295
101475762,45298
101483314,45288
101491115,45291
101498691,45297
101506512,45296
101513395,45287
101521000,45287
101528767,45289
101536322,45292
101544146,45289
101551711,45284
101559563,45291
101567135,45310
101574965,45306
101582559,45316
101590398,45311
101597965,45304
101605711,45311
101613205,45316
101620963,45313
101627805,45319
101635440,45316
101643263,45309
101651485,45313
101659340,45313
101666967,45314
101674738,45312
101689166,45319
101696967,45317
101704534,45322
101712318,45326
101719932,45321
101727688,45321
101735244,45322
101743013,45317
101750586,45322
101758437,45324
101766039,45324
101773815,45327
101781364,45324
101789186,45318
101796813,45328
101804616,45336
101812149,45333
101819954,45333
101827563,45332
101835399,45328
101842986,45338
101850763,45334
101858904,45332
101866727,45341
101874278,45338
101882050,45333
101889636,45335
101896496,45332
101904307,45331
101911916,45336
101919696,45344
101927254,45333
101934054,45336
101941815,45327
101949341,45335
101957146,45329
101964681,45331
101972512,45335
101980089,45334
101987876,45331
101995443,45340
102003223,45327
102010769,45332
102018629,45338
102026218,45345
102034038,45341
102041662,45295
102048502,45285
102056276,45289
102063872,45281
102072280,45280
102079929,45278
102087735,45277
102095312,45274
102103161,45269
102109963,45266
102117544,45263
102125350,45254
102132969,45245
102147403,45257
102155049,45246
102161887,45204
102169691,45201
102177316,45200
102185132,45208
102192719,45202
102200533,45207
102208121,45202
102215933,45205
102223515,45207
102231284,45202
102238899,45210
102246658,45208
102253517,45214
102261071,45205
102268804,45204
102276356,45210
102284132,45154
102291748,45150
102299588,45149
102307143,45143
102314888,45146
102322447,45142
102330208,45148
102337847,45152
102345633,45144
102353141,45147
102360928,45144
102368530,45143
102376371,45148
102384031,45146
102391773,45144
102398606,45138
102406227,45158
102414024,45160
102421599,45156
102429425,45150
102437053,45152
102444899,45155
102452500,45158
102460296,45149
102467936,45155
102475756,45159
102483296,45152
102490741,45145
102498632,45154
102506180,45148
102513928,45146
102528381,45141
102536197,45139
102543776,45141
102551617,45142
102559175,45136
102566981,45137
102574586,45138
102582436,45144
102590021,45138
102597681,45140
102605306,45142
102613059,45144
102620662,45141
102628463,45143
102636036,45148
102643770,45182
102651385,45182
102659155,45188
102666717,45184
102674555,45185
102682109,45185
102689917,45177
102698023,45175
102705813,45186
102712652,45182
102720174,45172
102727956,45176
102735533,45172
102743338,45173
102750958,45167
102758727,45172
102766333,45153
102774161,45150
102781733,45155
102789560,45144
102797096,45151
102804878,45151
102812433,45150
102820197,45155
102827803,45161
102835616,45148
102843186,45148
102850029,45157
102857867,45163
102865460,45160
102873292,45157
102880932,45159
102888790,45079
102896355,45059
102904174,45068
102912435,45069
102920229,45059
102927773,45053
102935588,45049
102943160,45040
102949999,45041
102957780,45035
102965392,45026
102973214,45025
102980778,45025
102988648,45020
102996211,45026
103003015,45016
103010756,44938
103018338,44950
103025151,44943
103032969,44943
103040542,44941
103048339,44928
103055944,44932
103063810,44929
103070661,44924
103078254,44923
103086032,44924
103093633,44916
103101469,44919
103109069,44913
103117418,44907
103124993,44908
103132732,44815
103140277,44809
103148065,44791
103155675,44781
103163512,44768
103171060,44766
103178802,44765
103186382,44761
103194176,44763
103201754,44757
103209589,44750
103217106,44743
103224902,44731
103232510,44728
103240310,44722
103247880,44605
103255676,44599
103262476,44591
103270066,44587
103277814,44583
103285407,44571
103293225,44581
103300796,44569
103308590,44567
103316088,44562
103324470,44563
103331264,44560
103338860,44549
103346670,44555
103354263,44550
103362112,44551
103369676,44439
103384143,44431
103391990,44437
103399583,44434
103407356,44435
103415000,44440
103422817,44430
103429648,44426
103437190,44423
103445027,44423
103452629,44413
103460425,44415
103468004,44405
103475790,44408
103482620,44406
103490157,44289
103497945,44299
103505524,44296
103513328,44300
103520946,44300
103528715,44301
103536867,44304
103544679,44306
103552216,44310
103559999,44304
103566832,44306
103574395,44311
103582158,44303
103589771,44305
103597611,44300
103611967,44256
103619694,44257
103626528,44247
103634092,44249
103641870,44247
103649423,44232
103657205,44230
103664792,44225
103672638,44224
103680199,44212
103687049,44202
103694825,44198
103702394,44204
103710196,44201
103717802,44198
103731779,44123
103739318,44127
103747687,44121
103755277,44111
103763129,44115
103770745,44114
103778625,44115
103786170,44099
103793959,44100
103801530,44108
103809307,44106
103816972,44095
103824836,44098
103832393,44098
103840220,44098
103847771,44084
103855581,44089
103863134,44088
103870897,44085
103878451,44076
103886285,44091
103893950,44084
103901702,44083
103909284,44087
103917092,44086
103923887,44086
103931478,44088
103939300,44089
103946902,44087
103955363,44089
103962208,44090
103969787,44064
103977662,44063
103985171,44060
103992952,44057
104000547,44054
104008322,44053
104015975,44057
104023773,44054
104031393,44052
104039226,44054
104046792,44055
104054623,44044
104062147,44044
104069896,44042
104077507,44048
104092186,44042
104099793,44039
104107625,44034
104115113,44039
104122882,44042
104130456,44032
104138228,44036
104145800,44044
104153614,44050
104161730,44049
104169624,44049
104177185,44049
104184971,44053
104192596,44058
104200382,44054
104208015,44025
104215713,44019
104223277,44018
104231095,44017
104238656,44016
104246498,44023
104254141,44024
104261924,44030
104269512,44034
104276359,44021
104283195,44028
104290997,44023
104298613,44024
104306423,44030
104314037,44026
104321748,44039
104329310,43984
104337115,43979
104344730,43982
104352542,43986
104360086,43983
104367892,43986
104376061,43985
104383788,43993
104391333,44000
104399120,44012
104406709,44014
104414568,44024
104422165,44022
104429960,44026
104437565,44035
104451531,44056
104459074,44052
104466853,44050
104474427,44043
104482253,44038
104489889,44030
104497740,44019
104505340,44009
104513127,44012
104520674,44004
104528431,43993
104536017,43991
104543718,43992
104551300,43985
104559093,43981
104572718,44073
104580877,44075
104588645,44076
104596166,44086
104603962,44083
104618139,44085
104625953,44084
104633622,44089
104640500,44091
104648289,44098
104655944,44096
104663657,44100
104671198,44102
104685205,44110
104692776,44111
104700624,44119
104708163,44128
104715930,44127
104723534,44122
104731294,44138
104738895,44135
104746665,44138
104753534,44140
104760390,44142
104768027,44143
104775802,44149
104783330,44145
104791099,44148
104805292,44079
104812876,44079
104820684,44065
104828230,44056
104836024,44054
104842841,44047
104850381,44034
104858161,44037
104865716,44025
104872520,44028
104879347,44014
104887134,44015
104894698,44014
104902568,44021
104910088,44009
104923953,43984
104931514,43981
104939265,43978
104946857,43976
104954656,43983
104962224,43984
104970020,43991
104977617,43987
104985379,43989
104992202,43999
104999029,44003
105007160,43997
105014951,44005
105022579,44004
105030396,44009
105044045,43964
105051604,43965
105059361,43960
105067001,43961
105074795,43960
105082394,43953
105089247,43951
105097125,43951
105104720,43951
105111605,43944
105118486,43941
105126253,43938
105133833,43940
105141680,43937
105149264,43945
105163292,43901
105170944,43901
105178697,43910
105186273,43913
105194073,43912
105201657,43915
105208457,43915
105216882,43919
105224475,43931
105231331,43929
105239115,43935
105246713,43941
105254565,43945
105262107,43958
105269884,43958
105276719,44003
105284281,44013
105292088,44025
105299664,44020
105307436,44028
105315004,44030
105322751,44030
105330314,44045
105338128,44036
105345714,44043
105353568,44036
105361142,44036
105368955,44042
105376566,44051
105384348,44055
105391137,44051
105398702,44106
105406535,44099
105414106,44110
105421910,44107
105430165,44106
105437938,44103
105445558,44099
105453337,44098
105460897,44092
105467766,44092
105475626,44088
105483175,44080
105490978,44076
105498549,44075
105506357,44070
105514010,44070
105521838,43832
105529442,43824
105537260,43814
105544836,43807
105552670,43798
105560219,43787
105568026,43784
105575647,43784
105583505,43785
105591061,43785
105597918,43781
105605727,43775
105613291,43765
105621088,43763
105628690,43764
105643908,43701
105651504,43706
105659312,43713
105666917,43720
105674715,43726
105682228,43731
105690047,43746
105697663,43746
105705455,43753
105713051,43756
105720769,43758
105728332,43762
105736180,43769
105743743,43759
105751567,43774
105759147,43411
105766923,43412
105774511,43410
105782334,43404
105789967,43395
105797760,43396
105805335,43384
105813133,43372
105820697,43357
105828508,43351
105836093,43340
105844533,43334
105858700,43329
105866611,43315
105881133,42443
105888910,42425
105896536,42424
105904373,42421
105911950,42417
105919765,42426
105927375,42441
105934281,42473
105942108,42509
105948967,42548
105955784,42599
105963342,42642
105971136,42712
105978681,42777
105986489,42851
106000220,44397
106007829,44382
106015677,44372
106023288,44367
106031107,44358
106038698,44346
106046495,44344
106053324,44347
106061562,44347
106068366,44350
106075189,44342
106082978,44333
106090585,44323
106098390,44313
106106017,44310
106119939,44055
106127441,44050
106135272,44035
106142828,44031
106150619,44029
106158173,44024
106165975,44028
106172795,44023
106180387,44025
106187246,44022
106194067,44018
106201811,44016
106209416,44011
106217251,44003
106224880,44011
106238842,44021
106246397,44026
106254228,44023
106261749,44029
106270149,44032
106277736,44032
106285585,44035
106292376,44026
106299994,44025
106306884,44026
106313759,44027
106321600,44027
106329144,44026
106336922,44024
106344520,44023
106358581,44002
106366102,43992
106373811,43994
106381380,44000
106389207,44003
106396773,44007
106404576,43992
106412137,43997
106419980,43999
106426822,44005
106434399,44008
106442215,44011
106449769,43998
106457614,44003
106465177,44005
106472019,44104
106480361,44107
106488027,44120
106495804,44116
106503347,44125
106511139,44126
106518717,44129
106526491,44146
106534061,44138
106541900,44148
106549505,44145
106557312,44146
106564952,44160
106572696,44160
106580220,44155
106587039,44165
106594785,44243
106602377,44245
106610204,44251
106617775,44239
106625581,44247
106633159,44251
106640919,44259
106648453,44254
106656215,44260
106663765,44255
106671626,44264
106679164,44269
106687588,44267
106695179,44266
106702964,44273
106717442,44355
106725219,44366
106732810,44361
106740641,44355
106748192,44354
106755967,44357
106763587,44350
106771351,44351
106779008,44354
106785847,44352
106793654,44344
106801166,44350
106808931,44353
106816555,44356
106824340,44357
106832015,44450
106839784,44450
106847333,44458
106855127,44458
106862729,44453
106870561,44462
106878122,44459
106885943,44457
106894066,44457
106901877,44459
106909428,44458
106916275,44470
106924074,44466
106931686,44475
106939509,44481
106947054,44484
106954786,44493
106962377,44490
106970174,44492
106977765,44496
106985606,44500
106993131,44501
107000938,44499
107008517,44498
107016304,44508
107023945,44509
107031768,44507
107039310,44511
107047117,44509
107054763,44509
107062591,44514
107069467,44505
107077095,44525
107084955,44527
107098986,44521
107106825,44515
107115134,44519
107122962,44516
107130581,44514
107138359,44524
107144270,44512
107151080,44513
107158881,44506
107166519,44498
107174353,44499
107181995,44499
107196678,44407
107204261,44414
107212073,44409
107219662,44416
107227469,44409
107235058,44417
107242794,44423
107250350,44414
107258135,44414
107264975,44416
107271812,44417
107279385,44419
107287216,44417
107294784,44422
107302626,44420
107316286,44445
107324455,44445
107332257,44444
107339859,44448
107347689,44450
107355275,44460
107363094,44447
107370686,44445
107378490,44452
107384332,44448
107392074,44453
107399653,44458
107407414,44455
107415043,44463
107422877,44467
107437286,44501
107445053,44505
107452619,44503
107460358,44502
107467913,44502
107475802,44507
107483367,44500
107491181,44503
107498768,44507
107504846,44509
107511709,44520
107519312,44513
107527086,44516
107535318,44520
107543170,44516
107549992,44530
107557635,44531
107565424,44531
107573056,44531
107580851,44541
107588474,44531
107596335,44540
107603930,44540
107611762,44536
107619345,44543
107627172,44536
107634775,44542
107642609,44538
107650130,44543
107657906,44556
107665531,44551
107673347,44585
107680935,44588
107688699,44586
107696258,44595
107704049,44591
107711619,44597
107719395,44606
107726994,44613
107734734,44609
107742193,44611
107749012,44618
107756615,44615
107764387,44614
107771991,44614
107779764,44616
107787288,44615
107795088,44655
107802708,44653
107810551,44651
107818129,44661
107825967,44653
107833548,44661
107841352,44665
107848949,44661
107856737,44661
107863561,44663
107871139,44666
107878938,44657
107886558,44666
107894337,44669
107901924,44670
107909772,44666
107917333,44665
107925124,44665
107932707,44666
107940516,44668
107948680,44665
107956588,44668
107964143,44656
107971940,44669
107979553,44661
107986404,44658
107994199,44660
108001798,44664
108009687,44663
108017242,44652
108025046,44654
108039495,44593
108047317,44594
108054929,44586
108062745,44583
108070330,44582
108078146,44579
108085740,44581
108093543,44580
108101115,44572
108107890,44575
108115741,44567
108123294,44566
108131079,44553
108138696,44562
108146519,44548
108154134,44534
108162589,44535
108170175,44534
108177964,44534
108185523,44528
108193285,44526
108200923,44530
108208778,44527
108216349,44527
108224184,44525
108231779,44526
108239607,44517
108247148,44527
108254892,44520
108262463,44520
108270257,44515
108277845,44503
108285708,44505
108293260,44496
108301018,44508
108308617,44510
108316395,44497
108330610,44509
108338435,44506
108343737,44494
108351615,44503
108359192,44512
108366928,44512
108375126,44511
108382872,44501
108396651,44528
108404299,44534
108412084,44529
108419692,44537
108427507,44539
108435084,44536
108442896,44534
108450442,44536
108458256,44529
108463450,44538
108471282,44534
108478859,44537
108486698,44541
108494284,44543
108502072,44540
108515876,44559
108523455,44554
108531273,44549
108538812,44563
108546716,44567
108554330,44559
108562183,44565
108569818,44560
108577713,44560
108584407,44565
108592042,44573
108599793,44567
108607351,44572
108615159,44568
108622810,44565
108636875,44548
108644540,44550
108652343,44543
108659967,44546
108667748,44543
108675346,44542
108683192,44543
108690800,44540
108698605,44536
108705369,44537
108712970,44534
108720757,44540
108728280,44527
108736061,44538
108743622,44533
108751371,44531
108758999,44535
108766775,44534
108774319,44532
108782125,44537
108789714,44542
108798090,44541
108805730,44543
108813545,44548
108820393,44552
108827263,44550
108834861,44555
108842684,44569
108850298,44557
108858129,44567
108865799,44568
108873623,44527
108881188,44520
108888996,44526
108896642,44521
108904426,44517
108912047,44527
108919809,44521
108927392,44519
108935239,44521
108942864,44523
108950694,44523
108958204,44519
108965970,44522
108973582,44521
108981312,44522
108988121,44523
108995733,44480
109004215,44457
109011785,44456
109019617,44446
109027148,44431
109034901,44435
109042520,44438
109050324,44433
109057883,44425
109064036,44405
109071646,44394
109079426,44392
109087060,44394
109094841,44386
109102403,44379
109109200,44391
109116981,44325
109124577,44325
109132377,44324
109139995,44317
109147754,44321
109155300,44318
109163105,44318
109170703,44305
109178497,44312
109185322,44309
109192863,44304
109200676,44306
109208804,44301
109216722,44300
109224280,44299
109238853,44311
109246404,44310
109254208,44310
109261761,44309
109269612,44309
109277139,44301
109284918,44307
109292535,44310
109300330,44304
109307897,44312
109315720,44312
109323269,44309
109331096,44310
109338709,44312
109346517,44321
109354134,44347
109361978,44351
109369559,44351
109377363,44356
109384934,44351
109392727,44350
109400257,44344
109408118,44343
109416309,44344
109422465,44349
109430240,44344
109437845,44347
109445681,44351
109453269,44347
109461099,44353
109468688,44344
109476522,44384
109484132,44385
109491923,44383
109499487,44392
109507242,44389
109514784,44391
109522620,44391
109530166,44393
109537927,44390
109545496,44393
109553318,44395
109560923,44389
109575366,44392
109582222,44395
109596771,44385
109604410,44391
109612302,44397
109619936,44404
109627743,44410
109635934,44401
109643775,44410
109651353,44418
109658162,44410
109665991,44415
109673635,44413
109681408,44399
109689046,44397
109696818,44399
109703630,44412
109718052,44336
109725789,44338
109733395,44329
109741228,44329
109748789,44327
109756628,44312
109764170,44311
109771974,44303
109778789,44305
109786400,44298
109793252,44288
109801044,44285
109808679,44280
109816531,44282
109824131,44271
109831933,44218
109840073,44225
109847935,44221
109855472,44221
109863265,44210
109870870,44219
109878697,44218
109886251,44217
109894031,44220
109901646,44213
109908444,44216
109916335,44213
109923882,44208
109931684,44214
109939287,44215
109947080,44218
109954671,44334
109962403,44335
109970030,44332
109977863,44335
109985455,44338
109993306,44349
110000908,44359
110008761,44360
110016350,44373
110023166,44376
110029985,44377
110037791,44387
110045358,44394
110053775,44396
110061335,44403
110069148,44402
110076743,44527
110084560,44519
110092143,44509
110099877,44508
110107458,44510
110115281,44512
110122845,44522
110130712,44529
110138267,44525
110145078,44532
110152917,44537
110160473,44545
110168275,44549
110175882,44543
110183716,44546
110191259,44667
110199045,44676
110206652,44668
110214478,44667
110222085,44676
110229908,44680
110237522,44685
110245356,44684
110252956,44696
110260755,44702
110268290,44705
110276082,44717
110283679,44717
110291416,44718
110299084,44729
110305868,44725
110313764,44883
110321359,44888
110329210,44888
110336826,44886
110344704,44894
110352331,44893
110360125,44892
110367703,44886
110375542,44900
110382402,44897
110389314,44900
110396897,44906
110404740,44901
110412260,44905
110420046,44907
110426879,44902
110441226,44942
110448970,44934
110456552,44939
110464345,44935
110472569,44940
110480369,44945
110488024,44939
110495758,44957
110501938,44951
110508780,44954
110516348,44955
110524137,44965
110531732,44970
110539583,44960
110546428,44969
110554078,44947
110561792,44948
110569372,44941
110577166,44944
110584719,44938
110592564,44941
110600119,44942
110607964,44936
110615576,44937
110621644,44933
110628457,44937
110636271,44931
110643865,44926
110651732,44926
110659250,44919
110667102,44931
110682212,44890
110689979,44891
110697566,44892
110705366,44902
110712967,44901
110720765,44897
110728325,44894
110736115,44899
110743725,44904
110751535,44910
110759119,44902
110766907,44894
110774488,44892
110782269,44895
110789823,44903
110797666,44919
110812119,44912
110819776,44907
110827607,44913
110835185,44925
110842964,44920
110850562,44916
110856654,44918
110864432,44917
110872085,44923
110879890,44934
110887448,44924
110895793,44919
110902631,44920
110910184,44954
110917991,44957
110925577,44949
110933362,44951
110940972,44958
110948759,44955
110956333,44959
110964135,44965
110971723,44967
110979540,44971
110987133,44972
110994909,44970
111002494,44972
111010281,44983
111017818,44985
111025640,44977
111033166,45007
111040908,44997
111048479,45002
111056304,45003
111063868,45005
111071705,45005
111079228,45006
111087009,45015
111094596,45008
111102902,45013
111110466,45015
111118245,45009
111125796,45014
111133608,45013
111141164,45017
111148970,45085
111156595,45082
111164376,45094
111171966,45104
111179734,45101
111187217,45100
111194993,45110
111202604,45109
111210425,45113
111216639,45112
111224197,45105
111231990,45112
111239639,45122
111247375,45128
111254988,45129
111262770,45129
111270314,45157
111278106,45159
111285693,45155
111293453,45166
111301077,45161
111309542,45156
111317137,45168
111324868,45160
111332469,45163
111340300,45162
111347869,45161
111355713,45173
111363239,45175
111371019,45171
111378561,45175
111393170,45252
111400721,45260
111408516,45255
111416115,45254
111423833,45256
111431403,45255
111439186,45261
111446756,45256
111454573,45251
111462152,45256
111469918,45258
111477523,45266
111485343,45252
111492865,45256
111500721,45261
111508279,45175
111516764,45169
111524322,45163
111532146,45157
111539708,45167
111547557,45159
111555176,45164
111562973,45163
111570598,45158
111577421,45160
111585285,45159
111592860,45159
111600738,45149
111608267,45145
111616060,45143
111622911,45143
111630457,45096
111638232,45097
111645853,45097
111653669,45100
111661191,45104
111668953,45099
111676522,45098
111684289,45104
111691840,45098
111698666,45099
111706438,45101
111714080,45107
111722539,45102
111730161,45105
111737911,45108
111745459,45102
111753261,45086
111760856,45081
111768691,45089
111776337,45094
111784165,45091
111791753,45092
111799576,45096
111807165,45090
111813994,45096
111821825,45094
111829407,45098
111837174,45092
111844743,45100
111852562,45103
111860162,45095
111867941,45109
111875562,45116
111883350,45101
111890922,45131
111898714,45126
111906279,45117
111914047,45119
111921654,45115
111930065,45119
111936923,45127
111944494,45119
111952304,45129
111959878,45126
111967748,45122
111975298,45131
111983104,45129
111997522,45166
112005356,45161
112012912,45171
112020689,45158
112028252,45169
112036058,45169
112049799,45171
112057464,45170
112065316,45179
112072899,45175
112079776,45175
112087661,45172
112095223,45171
112102981,45170
112110528,45218
112118380,45210
112125992,45214
112133786,45210
112141318,45206
112149737,45207
112157289,45214
112165106,45214
112171965,45215
112179511,45219
112187314,45213
112194856,45220
112202677,45215
112210229,45209
112218007,45218
112224827,45223
112232395,45260
112240153,45262
112247744,45265
112255591,45261
112263172,45256
112270954,45265
112278524,45265
112286320,45264
112293910,45267
112301749,45264
112309270,45282
112317061,45268
112324637,45278
112332431,45276
112340097,45276
112355217,45342
112362964,45346
112370564,45348
112378345,45343
112385968,45343
112393750,45338
112401328,45340
112409129,45347
112416735,45333
112424485,45336
112432082,45329
112439910,45326
112447482,45323
112455319,45312
112462891,45309
112470757,45220
112478299,45215
112486068,45206
112493647,45205
112501411,45201
112509022,45197
112516786,45204
112524334,45193
112531172,45196
112538967,45195
112546490,45179
112554282,45190
112562514,45180
112570348,45183
112577988,45179
112584871,45192
112592730,45176
112600282,45184
112608081,45182
112615666,45181
112623449,45178
112631070,45182
112638810,45188
112646384,45184
112654183,45185
112661751,45187
112669573,45179
112677164,45189
112684860,45182
112692444,45185
112700238,45181
112707808,45179
112715630,45161
112723235,45152
112730978,45157
112738521,45167
112746349,45161
112753922,45162
112761764,45169
112769234,45166
112776805,45166
112784680,45159
112792249,45160
112800026,45156
112807560,45157
112815356,45163
112822947,45163
112830726,45163
112838243,45168
112845982,45171
112853600,45168
112861389,45164
112868976,45166
112876770,45164
112884309,45164
112892092,45158
112899689,45164
112907453,45152
112915091,45159
112922849,45163
112930421,45160
112938218,45161
112945824,45162
112953677,45195
112961203,45200
112968961,45199
112977211,45204
112984989,45199
112992600,45204
113000391,45207
113007241,45211
113014073,45202
113021675,45206
113029469,45201
113037095,45207
113044864,45203
113052423,45204
113060269,45202
113067849,45201
113075675,45241
113083189,45245
113090959,45254
113098549,45258
113106349,45251
113113971,45266
113121791,45267
113129334,45262
113137067,45267
113144651,45268
113152500,45267
113160106,45274
113167892,45273
113175499,45264
113183822,45275
113198203,45308
113205954,45315
113213509,45303
113221345,45309
113228910,45309
113236756,45312
113244272,45316
113252080,45312
113259663,45312
113267411,45320
113274992,45321
113289407,45316
113296319,45319
113303173,45320
113310884,45329
113318484,45325
113326277,45324
113333859,45319
113341691,45320
113349251,45313
113357030,45319
113363845,45307
113371459,45308
113379277,45308
113386861,45305
113395376,45305
113402975,45306
113410783,45304
113418350,45297
113432998,45270
113440568,45272
113448377,45270
113456005,45274
113463794,45273
113471314,45260
113479080,45268
113486668,45268
113493474,45274
113501305,45272
113508880,45265
113516807,45272
113524403,45266
113532181,45266
113539002,45262
113552721,45255
113560280,45252
113568063,45245
113575720,45254
113583511,45253
113591132,45248
113598870,45244
113606421,45242
113613226,45238
113620989,45248
113628587,45240
113636421,45234
113644002,45235
113651854,45228
113658704,45240
113672314,45228
113679892,45242
113687757,45237
113695213,45241
113703017,45248
113710638,45246
113718436,45249
113725237,45251
113732067,45242
113739648,45249
113747455,45263
113755036,45251
113762808,45252
113770388,45258
113777228,45259
113791194,45282
113798797,45273
113806551,45277
113814748,45289
113822575,45278
113830166,45271
113837956,45281
113845532,45286
113852336,45290
113860135,45285
113867727,45284
113875498,45284
113883120,45281
113890883,45280
113897727,45273
113911388,45361
113918929,45371
113926802,45380
113934340,45374
113942140,45374
113949696,45383
113957454,45381
113964365,45391
113971197,45390
113978794,45384
113986639,45392
113994226,45393
114001950,45385
114009537,45396
114016382,45395
114030891,45416
114038453,45414
114046248,45422
114053875,45420
114061746,45422
114069278,45422
114077082,45415
114083886,45424
114090704,45417
114098256,45415
114106097,45426
114113685,45421
114121473,45427
114129128,45420
114135935,45424
114149857,45474
114157425,45478
114165198,45478
114172783,45489
114180655,45496
114188285,45497
114196107,45497
114202917,45508
114209766,45508
114217316,45512
114225114,45511
114232738,45526
114241199,45520
114248800,45524
114255612,45531
114269614,45577
114277192,45576
114284997,45572
114292626,45568
114300420,45571
114308053,45565
114315815,45563
114322673,45558
114329538,45561
114337140,45551
114344899,45548
114352431,45553
114360228,45550
114367827,45544
114375665,45543
114383213,45483
114391029,45486
114398616,45481
114406418,45480
114414006,45481
114421816,45479
114429365,45478
114437187,45466
114445357,45470
114453196,45477
114460799,45472
114468573,45470
114476174,45475
114483973,45469
114491506,45467
114498351,45467
114506111,45444
114520540,45452
114528168,45455
114535980,45459
114543558,45448
114551330,45458
114558170,45450
114565032,45454
114572634,45450
114580462,45456
114588067,45452
114595852,45457
114603455,45468
114611232,45458
114617415,45471
114625008,45521
114632815,45518
114640374,45520
114648183,45526
114655820,45520
114664212,45524
114671803,45519
114679628,45525
114687254,45525
114695036,45523
114702609,45524
114710418,45524
114718095,45524
114725891,45515
114732737,45518
114739566,45512
114747151,45468
114754904,45460
114762434,45463
114770271,45458
114777900,45463
114785750,45464
114793291,45463
114801076,45474
114807881,45469
114815489,45471
114823268,45471
114830808,45474
114838670,45474
114846244,45472
114853034,45473
114860873,45463
114869052,45400
114876856,45397
114884411,45403
114892235,45407
114899837,45406
114907638,45416
114915204,45421
114923006,45411
114930620,45417
114938440,45414
114946031,45422
114953838,45427
114961398,45432
114969215,45431
114976038,45429
114983582,45428
114991409,45441
114998995,45447
115006797,45447
115014310,45443
115022070,45447
115029606,45452
115037401,45457
115045023,45450
115052805,45441
115060384,45446
115068189,45455
115076380,45453
115084198,45455
115091759,45456
115099513,45457
115113969,45452
115121835,45452
115129425,45449
115137270,45449
115144844,45445
115152712,45433
115159518,45428
115167138,45429
115174902,45423
115182479,45419
115190268,45409
115197863,45410
115205708,45408
115213262,45407
115221037,45399
115228646,43261
115236457,42955
115244043,42628
115251853,42273
115259396,41918
115267222,41552
115274777,41187
115282593,40818
115290870,40463
115298731,40109
115306311,39759
115314105,39431
115321717,39103
115329491,38786
115336397,38495
115343984,38210
115351830,34239
115359431,34226
115367294,34217
115374942,34223
115382775,34224
115390343,34234
115398123,34244
115404945,34260
115412537,34294
115420335,34316
115427882,34360
115435772,34405
115443368,34461
115451178,34550
115457369,34645
115471757,41753
115479532,41906
115487121,42065
115495548,42201
115503172,42327
115510960,42448
115518532,42559
115525403,42661
115533173,42752
115540767,42834
115548647,42921
115556218,42998
115563958,43044
115571572,43109
115579372,43162
115586941,43893
115594762,43898
115602268,43909
115610008,43917
115617558,43931
115625390,43938
115633024,43949
115640862,43961
115648434,43962
115656230,43967
115663827,43976
115671616,43985
115679161,43992
115686958,43995
115694549,44004
115709740,44196
115717266,44211
115725039,44205
115732600,44216
115740391,44222
115747929,44228
115762362,44231
115770010,44238
115777813,44250
115785394,44248
115793173,44256
115800783,44261
115808584,44273
115815405,44275
115822963,44452
115830798,44453
115838399,44461
115846180,44462
115853790,44461
115861618,44465
115869188,44478
115876961,44475
115883769,44484
115891278,44488
115899091,44492
115906705,44500
115914546,44503
115922753,44503
115930546,44508
115944191,44582
115951916,44572
115959522,44578
115967344,44584
115974951,44589
115982752,44590
115990321,44581
115998125,44589
116005732,44601
116013532,44594
116021122,44603
116028888,44604
116036501,44601
116044339,44609
116051923,44612
116058804,44604
116066591,44595
116074206,44595
116081930,44595
116089525,44591
116097347,44590
116104892,44589
116112732,44588
116119538,44582
116127821,44586
116135616,44586
116143236,44582
116150989,44578
116158541,44574
116166350,44573
116173923,44539
116181793,44541
116189396,44535
116197191,44549
116204788,44547
116212604,44548
116220164,44549
116227889,44541
116235440,44547
116242279,44544
116250047,44546
116257659,44549
116265457,44541
116273055,44544
116280844,44541
116288400,44544
116296184,44531
116303757,44520
116311495,44523
116319152,44523
116326885,44512
116335085,44519
116342834,44518
116350379,44505
116358204,44511
116365780,44512
116373602,44509
116381178,44506
116388963,44515
116396529,44515
116404333,44512
116411926,44514
116418857,44525
116426732,44521
116434273,44515
116442050,44523
116449618,44508
116457437,44521
116465012,44518
116472827,44519
116479715,44513
116487337,44514
116495139,44508
116502845,44520
116510708,44514
116518300,44512
116526070,44515
116533699,44513
116542189,44507
116549841,44514
116557693,44514
116565286,44514
116573074,44520
116580730,44524
116588606,44527
116596179,44530
116603071,44525
116610883,44531
116618489,44533
116626302,44527
116633914,44526
116641746,44527
116649315,44528
116663233,44546
116670831,44547
116678665,44535
116686229,44549
116693938,44556
116701506,44551
116709292,44550
116716865,44554
116723687,44559
116731471,44561
116739026,44564
116746805,44556
116755073,44566
116762846,44568
116770396,44570
116784397,44598
116791963,44609
116799775,44617
116807331,44608
116815093,44605
116822692,44603
116830480,44610
116838104,44613
116845894,44614
116853484,44604
116861264,44613
116868881,44608
116876728,44609
116884311,44616
116898895,44560
116906477,44558
116914300,44550
116921858,44553
116929714,44557
116937281,44547
116944997,44546
116952569,44542
116960884,44547
116968487,44548
116976266,44547
116983827,44552
116998273,44550
117005907,44549
117012840,44519
117020626,44514
117028250,44512
117036016,44514
117043606,44520
117051407,44513
117059005,44519
117066800,44519
117074417,44515
117080516,44518
117088357,44518
117095946,44520
117103758,44522
117111349,44526
117119144,44515
117132841,44496
117140393,44500
117148188,44501
117155015,44500
117162650,44501
117170441,44507
117178652,44504
117186501,44508
117194109,44501
117200250,44512
117208066,44502
117215616,44505
117223449,44507
117231055,44510
117238864,44512
117252500,44542
117260121,44543
117267862,44541
117274610,44537
117282193,44538
117290042,44538
117297635,44530
117305434,44543
117313038,44535
117319183,44533
117326912,44534
117334471,44527
117342220,44535
117349848,44532
117357701,44536
117371300,44551
117378854,44558
117387246,44563
117394079,44554
117401676,44556
117409457,44539
117417059,44556
117424868,44561
117432450,44563
117438540,44568
117446348,44565
117453902,44547
117461698,44562
117469244,44572
117477064,44564
117490666,44582
117498257,44583
117505996,44583
117512781,44579
117520369,44591
117528108,44591
117535696,44586
117543485,44592
117551063,44587
117557190,44580
117564943,44587
117572580,44583
117580412,44586
117587999,44586
117596497,44583
117610266,44623
117617811,44626
117625633,44625
117632474,44631
117640105,44629
117647874,44631
117655435,44644
117663237,44634
117670801,44638
117676860,44639
117684646,44645
117692257,44644
117699993,44646
117707556,44647
117715366,44637
117729060,44559
117736640,44552
117744450,44558
117752053,44557
117759864,44548
117767445,44545
117775249,44548
117782846,44543
117790645,44533
117797443,44541
117805629,44525
117813428,44517
117821007,44533
117828820,44520
117836379,44521
117844167,44491
117851732,44491
117859515,44488
117867104,44492
117873925,44484
117881739,44484
117889322,44481
117897145,44483
117904736,44482
117912500,44481
117920083,44480
117927926,44480
117935474,44476
117943242,44482
117950847,44491
117958677,44493
117966259,44505
117974001,44499
117981614,44494
117989415,44498
117996969,44498
118004805,44503
118012923,44504
118020830,44493
118028401,44503
118034536,44503
118042383,44497
118049990,44497
118057831,44499
118065368,44496
118073167,44501
118080727,44496
118088483,44528
118096066,44532
118103857,44525
118111346,44538
118118139,44538
118125905,44542
118133487,44540
118141296,44532
118148895,44539
118154991,44546
118162816,44537
118170361,44544
118178177,44544
118185757,44545
118193545,44544
118201182,44549
118208986,44566
118216532,44570
118224953,44565
118239181,44571
118247121,44575
118254740,44571
118262591,44575
118268782,44573
118276345,44575
118284128,44578
118291787,44575
118299635,44578
118307302,44586
118315102,44588
118322719,44586
118329569,44612
118337328,44617
118344871,44616
118352722,44622
118360309,44624
118368108,44621
118375717,44623
118383503,44620
118391074,44626
118398876,44634
118406408,44634
118414182,44631
118421756,44635
118429550,44641
118437805,44639
118452413,44675
118460022,44679
118467867,44680
118475336,44673
118483083,44685
118490673,44687
118498440,44684
118506058,44691
118513874,44688
118521430,44695
118529217,44687
118536803,44686
118544555,44690
118552174,44692
118560036,44688
118567602,44720
118575390,44720
118582972,44708
118590792,44714
118597558,44717
118605192,44708
118612916,44706
118620478,44701
118627299,44695
118635117,44696
118643209,44686
118651114,44686
118658782,44688
118666563,44677
118674187,44681
118681944,44673
118689573,44621
118697387,44625
118704985,44627
118712857,44632
118719692,44628
118727281,44628
118735056,44625
118742595,44629
118750394,44632
118757947,44628
118765778,44637
118773328,44637
118781116,44635
118788649,44639
118796426,44636
118803952,44640
118811801,44674
118819379,44667
118827185,44677
118834756,44674
118842592,44675
118850858,44672
118858750,44675
118865573,44668
118872408,44672
118879986,44675
118887875,44665
118895494,44668
118903315,44673
118910883,44669
118918706,44676
118926275,44670
118934083,44678
118941682,44684
118949462,44677
118957100,44678
118964892,44685
118972425,44684
118980233,44689
118987777,44677
118995557,44694
119003185,44687
119010908,44688
119018494,44689
119026260,44691
119033887,44700
119041745,44698
119056191,44723
119064645,44724
119072265,44728
119080026,44723
119087667,44725
119095487,44726
119103075,44728
119110868,44731
119118423,44726
119126236,44730
119133785,44740
119141574,44739
119149177,44744
119156868,44745
119164395,44748
119172139,44864
119179736,44860
119187499,44860
119195082,44863
119202898,44877
119210421,44879
119218179,44880
119225014,44874
119232588,44880
119240387,44882
119247938,44878
119255754,44888
119263297,44890
119271712,44888
119279324,44893
119293990,44965
119301592,44960
119309388,44962
119316932,44962
119324770,44965
119332306,44964
119340085,44968
119347695,44965
119354553,44967
119362381,44971
119369940,44969
119377768,44961
119385305,44972
119393118,44968
119400692,44973
119415316,45005
119422921,45008
119430760,45008
119438341,45006
119445131,45009
119452898,45009
119460424,45008
119474176,45016
119482292,45020
119490133,45027
119497749,45030
119505533,45025
119513179,45022
119527819,44960
119535379,44951
119543184,44954
119550773,44940
119558647,44941
119566209,44936
119573957,44939
119580775,44930
119588317,44935
119596112,44926
119603684,44927
119611442,44919
119619014,44919
119626832,44913
119634379,44906
119648973,44885
119656548,44886
119664347,44886
119671958,44895
119679788,44891
119687331,44886
119695796,44890
119703379,44886
119711205,44900
119718765,44885
119726553,44894
119734185,44900
119742021,44892
119749596,44900
119764274,44902
119771883,44898
119778726,44892
119786519,44899
119794124,44893
119801907,44887
119809424,44891
119817212,44906
119824852,44900
119832752,44898
119840310,44895
119848083,44903
119855590,44894
119863494,44904
119871050,44898
119878845,44963
119886389,44964
119894198,44970
119902322,44972
119910088,44971
119917688,44978
119925472,44981
119933072,44982
119939939,44982
119947823,44981
119955428,44982
119963208,44986
119970821,44992
119978657,44993
119986220,44997
119993976,44996
120001560,45005
120009367,45007
120016929,45000
120024782,45003
120032380,45012
120040178,45009
120047784,45009
120055558,45008
120063171,45012
120070951,45013
120077783,45010
120085350,45013
120093144,45016
120100727,45022
120109162,45018
120116762,45022
120124532,45070
120132114,45076
120138918,45064
120146736,45070
120154302,45073
120162059,45073
120169685,45074
120177447,45074
120184972,45083
120192821,45078
120200374,45086
120208177,45091
120215728,45088
120223483,45085
120231099,45091
120238885,45154
120246405,45150
120254191,45156
120261759,45156
120269557,45161
120277193,45158
120284960,45162
120292538,45174
120299360,45165
120307136,45168
120315251,45171
120323055,45171
120330606,45177
120338401,45168
120345968,45182
120353802,45180
120361398,45204
120369174,45207
120376748,45199
120384558,45199
120392163,45191
120399875,45190
120407475,45186
120415297,45178
120422882,45178
120430724,45178
120438314,45179
120446059,45172
120453615,45172
120461433,45172
120469006,45168
120476865,45161
120484404,45089
120492197,45161
120499734,45084
120507502,45092
120515108,45083
120523614,45088
120531221,45085
120537342,45084
120544954,45082
120552776,45086
120560334,45080
120568126,45074
120575705,45075
120583450,45079
120591025,45071
120605743,45066
120613283,45067
120621048,45063
120628671,45054
120636465,45062
120644002,45059
120651884,45053
120658666,45063
120666298,45052
120674072,45055
120680905,45056
120688456,45057
120696256,45063
120710493,45058
120718336,45066
120725948,45063
120733776,45063
120741386,45062
120749209,45064
120756825,45071
120764609,45067
120771499,45059
120779131,45076
120786916,45070
120793721,45065
120801293,45065
120809131,45063
120816724,45067
120824515,45065
120832116,45069
120839919,45053
120847497,45063
120855279,45062
120862115,45067
120869708,45055
120877480,45057
120885104,45067
120891958,45060
120898800,45057
120906560,45053
120913399,45059
120920993,45057
120928806,45060
120936401,45053
120944238,45051
120952359,45048
120966975,45077
120974512,45074
120981310,45077
120989133,45087
120996721,45087
121004535,45089
121011379,45084
121018959,45079
121026806,45084
121033686,45087
121041298,45086
121049037,45095
121056616,45093
121064421,45087
121072036,45095
121086710,45128
121094276,45123
121101995,45130
121109515,45121
121117274,45124
121124845,45125
121131628,45120
121138500,45127
121146279,45138
121153127,45133
121161196,45137
121169003,45127
121176543,45127
121184361,45124
121191894,45130
121206500,45173
121214099,45167
121220991,45167
121228824,45171
121236377,45165
121244148,45164
121250963,45170
121257792,45174
121265321,45171
121272180,45174
121279939,45173
121287490,45170
121295308,45179
121302926,45170
121310768,45166
121325190,45090
121332956,45086
121340504,45090
121348288,45080
121355875,45078
121363667,45077
121371184,45083
121378967,45078
121386581,45079
121394348,45070
121401919,45069
121409724,45068
121417306,45064
121425133,45073
121432749,45058
121440533,45026
121448097,45033
121455932,45028
121463488,45031
121471293,45030
121478904,45033
121486743,45028
121494326,45038
121502080,45035
121508906,45037
121516433,45035
121524213,45042
121531778,45036
121539597,45040
121547238,45040
121554975,45031
121562555,45032
121570376,45031
121578502,45036
121586349,45029
121593935,45034
121601778,45030
121609371,45037
121616212,45039
121623954,45033
121631515,45038
121639272,45049
121646864,45040
121654690,45044
121662287,45039
121670026,45039
121684426,45037
121692249,45040
121699848,45040
121707665,45040
121715274,45040
121722974,45033
121730543,45041
121736632,45043
121744266,45043
121751142,45044
121758921,45043
121766463,45046
121774212,45031
121781786,45041
121790219,45038
121804624,45021
121812434,45026
121820035,45019
121826926,45015
121834789,45020
121842429,45022
121850240,45023
121857826,45028
121865675,45024
121873279,45012
121881040,45021
121888621,45022
121896477,45020
121904046,45030
121911885,45022
121919399,45073
121927177,45068
121934761,45081
121949195,45077
121956874,45076
121964743,45076
121971598,45079
121979236,45071
121986118,45092
121993901,45090
122001441,45091
122009911,45088
122017504,45096
122025304,45090
122039730,45170
122047510,45165
122055115,45101
122061985,45171
122069816,45178
122077423,45177
122085181,45181
122091985,45184
122099637,45185
122106467,45182
122114253,45183
122121807,45195
122129631,45193
122137227,45191
122145017,45196
122159407,45269
122167238,45277
122174808,45276
122181617,45278
122189386,45282
122196963,45280
122204799,45275
122212357,45281
122219833,45280
122226727,45277
122234503,45276
122242065,45268
122249879,45280
122257426,45274
122265236,45268
122279655,45192
122287488,45190
122295125,45192
122302933,45192
122310445,45190
122318218,45186
122325791,45183
122332626,45181
122339491,45178
122347289,45179
122354872,45180
122362675,45170
122370270,45167
122378062,45172
122385633,45169
122393443,45128
122401010,45123
122408854,45124
122416409,45131
122423274,45126
122431748,45127
122439338,45127
122447072,45125
122454643,45122
122462439,45124
122470034,45120
122477896,45119
122485478,45121
122493280,45119
122500864,45109
122508645,45115
122516260,45093
122524009,45096
122531617,45094
122538420,45096
122546217,45094
122553793,45093
122561572,45092
122568474,45094
122576043,45093
122582897,45092
122589692,45099
122597518,45093
122605114,45096
122612898,45091
122620458,45096
122628261,45096
122636448,45091
122644255,45090
122651844,45086
122658680,45089
122666444,45093
122674036,45089
122681900,45091
122688735,45083
122696319,45082
122704104,45080
122711731,45083
122719522,45084
122727112,45078
122734932,45088
122742469,45084
122750254,45097
122764683,45098
122772489,45107
122780043,45102
122787900,45097
122795448,45108
122803241,45098
122810839,45101
122818631,45106
122826254,45097
122834041,45097
122841582,45102
122849990,45107
122857554,45091
122865323,45096
122879795,45113
122887601,45107
122895256,45108
122903066,45113
122910659,45110
122918473,45111
122926091,45117
122933909,45117
122941461,45114
122948309,45119
122956069,45121
122963666,45123
122971447,45124
122979008,45117
122986826,45127
122994373,45139
123002147,45132
123009775,45140
123017544,45143
123025154,45135
123033014,45142
123040593,45139
123048383,45145
123056553,45138
123064321,45147
123072002,45149
123079894,45147
123087447,45139
123095249,45139
123102859,45146
123110702,45141
123118301,45145
123126028,45136
123133621,45138
123140476,45139
123148234,45131
123155844,45133
123163640,45126
123171283,45130
123184903,45123
123192520,45128
123200322,45133
123207936,45121
123215811,45124
123223402,45116
123237997,45040
123245608,45040
123253440,45037
123261048,45035
123269551,45029
123277139,45036
123284009,45040
123291857,45032
123299369,45033
123305455,45035
123313002,45028
123320790,45029
123328400,45024
123336226,45026
123343848,45020
123358586,45023
123366259,45024
123374014,45022
123381566,45022
123389359,45020
123396924,45026
123403773,45021
123411609,45022
123419271,45027
123425402,45011
123432956,45019
123440795,45019
123448372,45010
123456131,45016
123463750,45011
123471569,44984
123479756,44994
123487641,45000
123495241,45002
123502111,44994
123509928,45003
123517490,45002
123525329,45002
123532885,45001
123540741,45009
123548333,44992
123556089,44996
123563677,45003
123571471,44992
123579061,45000
123586884,44997
123594475,45019
123602286,45018
123609954,45011
123616786,45017
123624544,45014
123632176,45007
123639955,45008
123647549,45004
123655316,45010
123662900,45012
123670742,45014
123678322,45014
123686156,45022
123694402,45019
123702184,45017
123716553,45072
123724379,45079
123732022,45071
123739863,45078
123747440,45075
123755240,45086
123762071,45084
123769602,45089
123777348,45088
123784919,45090
123792706,45088
123800304,45089
123808112,45090
123815728,45093
123823515,45095
123837945,45195
123845755,45200
123853355,45199
123860131,45199
123867987,45203
123875585,45206
123882490,45214
123890327,45203
123898525,45212
123906410,45211
123913975,45210
123921808,45213
123929378,45214
123937184,45213
123944761,45213
123952530,45304
123960144,45303
123967934,45306
123974739,45307
123982357,45311
123990051,45310
123997620,45305
124005443,45308
124013022,45307
124020863,45313
124028443,45313
124035278,45316
124043026,45326
124050571,45322
124058312,45320
124065905,45318
124073755,45280
124081306,45288
124089108,45282
124095961,45274
124103534,45272
124111904,45263
124118732,45269
124126305,45270
124134077,45262
124141646,45260
124149468,45255
124157033,45250
124164869,45255
124172370,45257
124180122,45256
124187664,45256
124195468,45216
124203048,45217
124210928,45213
124218461,45217
124226309,45217
124233941,45216
124241829,45212
124249479,45215
124257290,45211
124264917,45212
124272734,45208
124280299,45217
124288084,45222
124295623,45220
124303427,45222
124318353,45207
124326128,45219
124332964,45219
124340525,45214
124348309,45210
124355874,45218
124363702,45218
124371327,45222
124379155,45223
124386709,45217
124394552,45223
124402166,45220
124409974,45223
124424151,45216
124432051,45266
124439662,45262
124447471,45271
124455002,45268
124462863,45258
124470423,45267
124477283,45269
124485126,45268
124492774,45269
124500554,45271
124508215,45275
124515022,45278
124522844,45273
124531023,45274
124538907,45284
124546454,45283
124554215,45338
124561824,45336
124569616,45336
124577236,45347
124585018,45352
124592574,45353
124600382,45360
124608004,45359
124615858,45366
124623420,45362
124631208,45368
124638023,45370
124645595,45366
124653377,45364
124660957,45368
124675750,45452
124683382,45446
124690299,45442
124698140,45451
124705686,45452
124713460,45454
124721023,45457
124728851,45461
124736441,45456
124744937,45468
124752427,45470
124760236,45461
124767855,45473
124775647,45481
124783265,45481
124791082,45626
124798687,45627
124805500,45631
124813274,45626
124820878,45632
124828666,45641
124835517,45637
124843108,45636
124850896,45643
124858504,45647
124866292,45651
124873878,45650
124880687,45652
124888456,45648
124896042,45655
124903898,45652
124918359,45647
124925145,45644
124932966,45642
124940565,45636
124948435,45632
124955818,45631
124963378,45624
124971142,45618
124978737,45615
124986482,45598
124994086,45598
125000197,45602
125007817,45586
125015579,45585
125023201,45583
125037832,45473
125044689,45471
125052294,45469
125060044,45456
125067621,45462
125074448,45462
125082214,45455
125089766,45455
125097539,45451
125105091,45449
125112938,45449
125118797,45449
125126650,45445
125134298,45438
125142166,45442
125156724,45386
125164481,45386
125172033,45384
125179840,45377
125187407,45383
125194232,45375
125202006,45373
125209566,45378
125217430,45374
125225009,45371
125232846,45373
125238716,45365
125246528,45364
125254095,45368
125261921,45359
125276321,45350
125283120,45353
125290974,45357
125298520,45365
125306322,45369
125313164,45369
125320771,45374
125328521,45378
125336087,45384
125343929,45385
125351515,45390
125358388,45393
125366238,45397
125374496,45397
125382283,45397
125389852,45468
125397605,45463
125405195,45464
125412967,45467
125420550,45467
125428347,45466
125435941,45469
125443763,45468
125451337,45465
125459040,45460
125466616,45466
125473457,45461
125481270,45466
125488897,45456
125496746,45469
125504340,45468
125512058,45496
125519628,45480
125527427,45486
125535057,45495
125542960,45485
125549831,45502
125557448,45491
125565271,45493
125572831,45492
125580595,45487
125588803,45497
125596564,45496
125603458,45492
125611077,45497
125618969,45498
125626537,45497
125634303,45546
125641893,45546
125649653,45546
125664051,45546
125671735,45546
125679623,45549
125687247,45550
125695030,45544
125702563,45552
125709401,45558
125717208,45550
125724783,45559
125732595,45557
125740206,45551
125754871,45546
125761697,45563
125769313,45557
125777029,45555
125784666,45563
125792566,45560
125800852,45558
125808713,45561
125816348,45567
125824093,45572
125830904,45573
125838482,45575
125846284,45577
125853835,45578
125861574,45576
125869203,45596
125877027,45590
125884631,45593
125892402,45582
125899961,45582
125907767,45569
125915322,45570
125923141,45575
125930688,45562
125938506,45567
125946077,45557
125953940,45555
125961486,45557
125969267,45558
125976859,45547
125984716,45541
125992347,45448
126000207,45453
126008392,45440
126016185,45447
126023775,45441
126030606,45440
126038409,45440
126045993,45436
126053824,45442
126061417,45431
126069217,45425
126076788,45429
126084608,45421
126092197,45419
126100004,45417
126114390,45400
126122154,45400
126129727,45394
126137549,45408
126145140,45398
126152962,45409
126160562,45405
126168324,45408
126175915,45400
126183687,45403
126191296,45407
126199073,45407
126206668,45411
126214982,45414
126222520,45398
126230292,45391
126237863,45386
126244686,45390
126252496,45388
126260113,45375
126266966,45380
126274784,45379
126282389,45381
126290193,45376
126297789,45378
126305600,45377
126313200,45370
126320974,45369
126328550,45359
126336351,45362
126343966,45356
126351780,45316
126359374,45314
126367242,45326
126374853,45331
126382736,45324
126390335,45329
126398130,45323
126405696,45330
126413515,45328
126421660,45336
126428508,45335
126436273,45340
126443874,45339
126451654,45340
126459273,45335
126467038,45348
126474637,45417
126482435,45416
126489995,45414
126497847,45419
126504673,45365
126512329,45427
126520116,45431
126527739,45423
126535588,45428
126543176,45429
126550989,45429
126558570,45433
126566367,45435
126573999,45430
126581821,45443
126596274,45467
126604021,45467
126611635,45465
126619538,45468
126627167,45465
126635637,45472
126643284,45484
126651029,45478
126658653,45477
126666458,45485
126674033,45481
126681873,45491
126689408,45485
126696260,45492
126703974,45489
126711491,45488
126719267,45494
126726884,45488
126734654,45483
126742268,45484
126750046,45468
126757612,45477
126765394,45472
126772953,45474
126780783,45470
126788369,45466
126796192,45463
126803764,45454
126811530,45458
126819087,45455
126826941,45449
126834453,45393
126842840,45398
126849682,45390
126857305,45398
126865079,45391
126872656,45390
126880479,45392
126888023,45387
126902464,45381
126909350,45388
126916983,45379
126924860,45393
126932453,45393
126940264,45383
126954721,45338
126962552,45338
126970132,45330
126977960,45323
126984797,45325
126992422,45326
127000200,45326
127007831,45318
127015629,45316
127023256,45318
127031018,45327
127038591,45316
127046344,45316
127054544,45310
127062367,45303
127069949,45283
127077737,45287
127084601,45293
127092221,45294
127100006,45280
127107595,45297
127115382,45292
127122956,45294
127130807,45295
127138395,45300
127146220,45307
127153802,45308
127161609,45312
127169197,45311
127176971,45307
127184575,45316
127192356,45383
127199935,45382
127207761,45392
127215372,45385
127222204,45386
127229991,45383
127237551,45389
127245323,45392
127252922,45389
127260692,45397
127268286,45390
127276077,45399
127283628,45404
127291399,45404
127299002,45406
127306832,45401
127314393,45412
127322180,45420
127329774,45415
127337573,45418
127345132,45419
127352958,45414
127360503,45411
127368335,45424
127375925,45419
127383684,45411
127391317,45418
127399067,45419
127406659,45422
127414466,45422
127422010,45415
127436656,45431
127444261,45436
127452015,45433
127459581,45448
127467396,45442
127475570,45439
127483359,45439
127490965,45439
127498758,45448
127506315,45449
127514080,45447
127521650,45454
127529531,45458
127537098,45444
127544948,45450
127552478,45478
127560250,45481
127567064,45480
127574677,45480
127581484,45474
127589303,45473
127596896,45478
127604677,45471
127612341,45470
127620132,45477
127627705,45461
127635484,45460
127643088,45457
127650946,45458
127658498,45448
127666316,45453
127673895,45337
127682324,45330
127689904,45330
127697703,45321
127705273,45320
127713027,45320
127720597,45318
127728446,45320
127736088,45310
127743935,45311
127750776,45310
127758345,45314
127766138,45311
127773696,45307
127781508,45300
127789112,45304
127796974,45278
127804553,45269
127812349,45284
127819941,45279
127827760,45272
127835338,45282
127843169,45282
127850849,45277
127858746,45280
127866412,45282
127874281,45282
127881907,45282
127890273,45279
127897839,45277
127905640,45273
127919349,45261
127927156,45255
127934743,45258
127941633,45269
127949402,45262
127957011,45266
127964843,45267
127972407,45269
127980260,45268
127987871,45271
127995636,45275
128003234,45273
128010995,45270
128018511,45275
128026346,45270
128033265,45330
128040900,45329
128048778,45333
128056457,45331
128064303,45337
128071926,45336
128079753,45332
128087326,45341
128095715,45335
128103329,45333
128111091,45331
128118715,45339
128126573,45338
128141027,45337
128154758,45362
128162598,45371
128169407,45373
128176971,45368
128184829,45379
128192424,45377
128200230,45389
128207825,45390
128215610,45385
128223210,45396
128231038,45398
128238614,45386
128246482,45391
128254127,45398
128261962,45404
128269494,45423
128277284,45417
128284883,45425
128292681,45423
128299542,45425
128307131,45422
128315544,45421
128323113,45417
128330944,45422
128338533,45426
128346353,45427
128353920,45423
128361659,45431
128369271,45429
128377070,45430
128384644,45433
128392465,45483
128400038,45482
128406959,45489
128414795,45485
128422370,45497
128430145,45496
128437697,45495
128445508,45500
128453092,45501
128461000,45504
128468555,45514
128476329,45504
128483919,45517
128491753,45506
128499345,45520
128507107,45509
128515305,45541
128523226,45530
128530842,45533
128537690,45535
128545563,45535
128553178,45532
128560979,45534
128568547,45533
128576314,45529
128583898,45528
128590737,45521
128598525,45525
128606101,45525
128613926,45529
128621480,45523
128635059,45519
128642885,45525
128649738,45524
128656649,45526
128664339,45529
128672169,45526
128679781,45532
128687661,45535
128695256,45544
128703055,45537
128709905,45546
128717499,45543
128725297,45547
128733535,45544
128741285,45552
128755749,45561
128763525,45559
128771108,45560
128778966,45551
128786533,45546
128794353,45553
128801920,45544
128809739,45540
128817338,45538
128825121,45541
128832663,45533
128840494,45535
128848063,45520
128855888,45536
128863485,45526
128871376,45507
128879034,45513
128886896,45517
128893812,45514
128901408,45526
128909182,45520
128916748,45527
128924498,45527
128932071,45537
128940543,45527
128948119,45530
128955971,45535
128963557,45538
128971430,45541
128979042,45545
128986902,45546
128994524,45603
129002318,45605
129009190,45599
129016788,45610
129024586,45613
129032134,45610
129040008,45619
129047585,45615
129055384,45607
129062969,45621
129069833,45620
129077604,45619
129085220,45621
129092999,45617
129100567,45615
129115197,45652
129122761,45654
129129591,45653
129136413,45653
129144257,45659
129152513,45658
129160293,45650
129167833,45649
129175667,45646
129183274,45644
129190130,45643
129197981,45650
129205510,45643
129213345,45642
129220898,45643
129228685,45659
129236306,45668
129243158,45666
129250980,45661
129258517,45660
129266290,45668
129273887,45674
129281683,45672
129289280,45675
129297038,45669
129304587,45682
129312387,45684
129319968,45683
129327803,45688
129335404,45677
129343201,45688
129350872,45730
129359389,45726
129366317,45728
129379794,45730
129387764,45728
129395459,45731
129403293,45738
129410907,45736
129418708,45739
129425551,45749
129433204,45744
129441038,45751
129448638,45756
129456421,45750
129470956,45708
129478785,45710
129486375,45702
129494183,45698
129501817,45698
129509727,45694
129517352,45690
129525234,45686
129532798,45689
129540580,45684
129548140,45689
129555969,45679
129563479,45673
129571902,45678
129579489,45668
129587288,45640
129594878,45626
129601710,45625
129608582,45626
129616374,45622
129623944,45615
129631730,45621
129639325,45606
129647119,45607
129654694,45599
129662498,45599
129670095,45603
129677924,45596
129685447,45595
129693223,45598
129700742,45587
129708555,45573
129716145,45576
129722997,45567
129730795,45581
129738397,45571
129746236,45578
129753817,45577
129761619,45564
129769198,45570
129777014,45572
129785291,45566
129793075,45566
129800642,45564
129808430,45574
129816008,45559
129823816,45566
129831372,45662
129838155,45656
129845977,45665
129853531,45666
129861322,45671
129868915,45670
129876640,45676
129884178,45674
129891959,45678
129899498,45677
129907291,45672
129914952,45684
129922790,45688
129930429,45684
129938151,45685
129945721,45686
129953553,45703
129961135,45697
129967986,45701
129975829,45704
129983464,45714
129991898,45707
129999449,45707
130007221,45707
130014789,45714
130022590,45711
130029420,45715
130037039,45710
130044894,45707
130052474,45712
130060222,45708
130067817,45710
130075609,45733
130082487,45725
130090042,45738
130097868,45743
130105490,45737
130113298,45739
130120895,45748
130128695,45744
130136321,45751
130144077,45748
130150907,45748
130158452,45753
130166225,45751
130173819,45746
130181604,45756
130189183,45758
130197677,45805
130205286,45808
130212111,45808
130219950,45814
130227516,45816
130235319,45818
130242905,45820
130250738,45825
130258340,45833
130265173,45834
130272997,45836
130280573,45835
130288316,45841
130295908,45839
130303694,45852
130311351,45860
130319148,45942
130326734,45946
130334525,45944
130342122,45950
130349989,45950
130357506,45950
130365278,45958
130372934,45955
130380716,45950
130388333,45951
130396101,45955
130404225,45951
130412077,45960
130419600,45952
130427367,45960
130441866,45970
130448724,45970
130456534,45969
130464122,45975
130471938,45975
130479524,45975
130487330,45975
130494944,45977
130502735,45982
130510338,45987
130518088,45991
130525640,45993
130533424,45989
130540993,45992
130548744,45989
130556371,45972
130564129,45971
130571717,45961
130579548,45959
130587107,45965
130594913,45970
130602450,45955
130617336,45966
130624244,45966
130632106,45963
130639718,45961
130647512,45967
130655111,45956
130662973,45964
130677369,45947
130684209,45955
130691048,45960
130698904,45952
130706452,45946
130714211,45946
130721808,45946
130729625,45946
130737251,45946
130744131,45942
130751935,45948
130759510,45938
130767284,45943
130774888,45945
130782700,45945
130797174,45885
130804019,45882
130810069,45883
130817919,45872
130825533,45881
130834036,45877
130841627,45869
130849397,45880
130857004,45876
130863888,45883
130871672,45880
130879294,45879
130887065,45887
130894639,45883
130902421,45889
130916816,45862
130923666,45864
130929741,45864
130937553,45869
130945156,45861
130952978,45864
130960523,45859
130968311,45859
130975933,45859
130982778,45858
130990569,45859
130998169,45855
131005985,45858
131013527,45852
131021270,45857
131035685,45848
131043453,45856
131049617,45854
131057218,45851
131065053,45847
131072613,45852
131080385,45846
131088010,45848
131095773,45851
131102616,45852
131110229,45849
131118058,45841
131125604,45856
131133470,45858
131141050,45854
131148897,45865
131156440,45867
131164217,45876
131171798,45879
131179613,45876
131187201,45867
131195009,45865
131202514,45867
131210371,45867
131217218,45864
131224841,45865
131232705,45862
131240335,45866
131248675,45877
131256331,45872
131264070,45867
131271617,45849
131279362,45846
131286965,45845
131294762,45848
131302355,45848
131310123,45845
131317685,45839
131325492,45845
131333089,45850
131340950,45845
131348507,45843
131356303,45846
131363884,45844
131371652,45845
131379300,45848
131387099,45844
131394664,45865
131401578,45864
131409461,45852
131417095,45865
131424938,45867
131432513,45863
131440322,45865
131447939,45870
131456333,45854
131463987,45860
131471799,45856
131479373,45860
131487220,45851
131494843,45854
131502658,45858
131510283,45854
131518061,45856
131525634,45862
131532447,45857
131540254,45852
131547843,45851
131555623,45854
131563250,45842
131571038,45850
131577930,45847
131585547,45844
131593385,45839
131600968,45834
131608706,45828
131616322,45827
131624066,45817
131631613,45734
131639405,45731
131646997,45725
131654831,45727
131663026,45727
131670850,45725
131678419,45722
131686085,45720
131693644,45715
131701441,45715
131709033,45702
131716851,45713
131724453,45707
131732263,45704
131739851,45701
131754480,45651
131761370,45652
131768970,45652
131776765,45647
131784374,45646
131792146,45647
131799692,45650
131807429,45648
131815000,45645
131822745,45644
131830368,45638
131838104,45641
131852301,45639
131860099,45640
131867742,45625
131875562,45622
131883767,45619
131890595,45635
131897445,45629
131905234,45634
131912863,45633
131920688,45629
131928367,45639
131935198,45645
131942989,45639
131950532,45638
131958255,45642
131965853,45653
131973635,45651
131981248,45650
131989038,45653
131996583,45660
132004390,45651
132011984,45656
132018808,45650
132026586,45650
132034145,45651
132042008,45649
132049609,45657
132056513,45646
132064426,45647
132072084,45649
132079941,45648
132088084,45639
132095950,45642
132103523,45640
132111286,45666
132118085,45681
132125736,45679
132132534,45672
132140275,45668
132147818,45679
132155616,45679
132163182,45679
132171034,45681
132178589,45674
132186368,45682
132193973,45675
132201737,45682
132209365,45685
132217206,45683
132224853,45678
132232707,45684
132240322,45679
132247228,45685
132255072,45685
132262572,45688
132270364,45683
132277943,45692
132285697,45689
132293312,45686
132301760,45684
132309380,45686
132317113,45684
132324765,45694
132332590,45699
132340151,45696
132348063,45698
132355616,45715
132363437,45715
132371021,45708
132378870,45713
132386406,45719
132394264,45714
132401858,45708
132409631,45713
132416408,45712
132424033,45713
132431866,45701
132439456,45704
132447265,45707
132454855,45696
132462671,45714
132470270,45711
132478098,45751
132485634,45749
132493401,45749
132500990,45746
132509384,45752
132516943,45753
132524756,45750
132532364,45749
132540096,45751
132547662,45753
132555428,45745
132563030,45749
132570835,45758
132578470,45756
132586256,45753
132599951,45667
132607506,45666
132615247,45658
132622860,45657
132630655,45648
132638303,45644
132646054,45644
132653566,45640
132661340,45635
132668919,45634
132676646,45632
132684212,45630
132692074,45624
132699632,45622
132707446,45619
132715527,45561
132723324,45560
132730253,45556
132737800,45556
132745626,45549
132753268,45553
132761078,45554
132768673,45557
132775572,45560
132783395,45553
132790983,45555
132798747,45560
132806327,45558
132814103,45551
132821649,45561
132829463,45571
132837069,45523
132844913,45528
132852474,45522
132860225,45524
132867768,45524
132875595,45525
132883225,45514
132891118,45522
132898774,45523
132906618,45522
132914226,45518
132922728,45513
132930400,45518
132938153,45506
132945715,45519
132959723,45533
132967373,45534
132975175,45519
132982751,45529
132990546,45535
132998176,45532
133006000,45538
133013550,45536
133021364,45538
133028967,45542
133036738,45538
133044396,45538
133052162,45542
133059748,45547
133067522,45539
133075120,45556
133083000,45560
133097267,45554
133105154,45556
133112049,45570
133119702,45555
133127551,45565
133134396,45555
133142605,45562
133150445,45563
133158099,45567
133165948,45577
133173608,45570
133181461,45575
133195134,45594
133202698,45591
133209524,45594
133217349,45594
133224962,45598
133231787,45593
133239556,45591
133247097,45609
133253954,45613
133261815,45615
133269458,45608
133277284,45606
133284936,45611
133292800,45618
133300419,45625
133314368,45638
133321993,45632
133328799,45647
133336605,45646
133344220,45644
133351701,45644
133359527,45649
133367102,45650
133373959,45643
133381742,45644
133389378,45643
133397136,45643
133404728,45647
133412582,45638
133420147,45642
133434149,45687
133441705,45686
133448544,45692
133456341,45695
133463944,45699
133470774,45697
133478575,45699
133486159,45697
133493035,45695
133500855,45698
133508467,45705
133516247,45711
133523831,45706
133531635,45703
133539231,45703
133553274,45740
133561463,45734
133568333,45735
133576176,45740
133583763,45739
133590621,45736
133598427,45738
133605987,45729
133612784,45733
133620544,45738
133628130,45736
133635966,45747
133643554,45743
133651337,45747
133658956,45742
133672975,45665
133680552,45660
133687386,45670
133695160,45658
133702752,45656
133709610,45651
133717479,45655
133725127,45656
133732043,45653
133739924,45653
133747522,45653
133755361,45651
133762966,45657
133771359,45646
133778984,45646
133793599,45574
133801200,45581
133809097,45578
133816680,45578
133824447,45570
133832057,45576
133839910,45577
133846745,45576
133854379,45570
133862139,45567
133869680,45570
133877444,45554
133885061,45553
133892855,45559
133900505,45559
133908364,45546
133915992,45536
133923874,45542
133931488,45549
133939216,45536
133946788,45543
133954600,45544
133962189,45540
133970092,45538
133978294,45536
133986173,45533
133993788,45539
134001619,45538
134009179,45537
134017026,45542
134030646,45542
134038232,45541
134046073,45537
134053597,45534
134061401,45539
134068997,45538
134076780,45539
134084414,45544
134092198,45534
134099746,45540
134107572,45536
134115143,45539
134122989,45542
134130548,45539
134138317,45542
134145924,45577
134153697,45580
134161332,45578
134169087,45589
134176628,45593
134184439,45594
134192507,45595
134200458,45585
134207384,45585
134215024,45595
134222882,45588
134230496,45599
134238275,45597
134245878,45593
134253653,45601
134261296,45611
134269071,45643
134276555,45634
134284289,45643
134291127,45645
134298694,45642
134306474,45649
134314031,45645
134321806,45652
134335244,45653
134342862,45652
134350684,45646
134358294,45655
134366097,45657
134373685,45662
134388303,45686
134395917,45688
134404379,45685
134411950,45700
134419753,45693
134427386,45697
134435163,45695
134442032,45696
134449631,45698
134457441,45695
134465067,45702
134472856,45707
134480455,45699
134488217,45703
134495811,45703
134503642,45746
134511242,45741
134519073,45744
134526651,45752
134534450,45745
134542043,45757
134549875,45758
134557458,45750
134565307,45754
134572891,45760
134580688,45767
134588291,45761
134596085,45766
134603616,45759
134612001,45764
134619574,45761
134626438,45756
134634252,45754
134641777,45747
134648642,45740
134656419,45739
134663960,45732
134671722,45728
134679306,45729
134687104,45727
134694680,45723
134702471,45713
134710073,45712
134717924,45714
134725543,45707
134733299,45692
134740874,45688
134748640,45684
134756232,45699
134764051,45707
134771569,45710
134779363,45713
134786957,45720
134794725,45714
134801566,45681
134809122,45703
134816907,45700
134825100,45693
134832963,45686
134840521,45682
134848270,45671
134855844,45663
134870428,45690
134877994,45689
134885735,45686
134893329,45679
134901112,45681
134908643,45681
134916405,45684
134924003,45676
134931759,45676
134939363,45674
134947175,45676
134954840,45679
134962727,45669
134970345,45674
134978236,45669
134985829,45681
134993618,45673
135001239,45679
135009066,45685
135016631,45684
135024462,45687
135032602,45684
135040408,45691
135047240,45693
135054797,45692
135062587,45698
135070152,45694
135077991,45699
135085537,45701
135093341,45701
135100948,45703
135107778,45731
135115571,45735
135123121,45730
135130957,45728
135138491,45726
135146252,45730
135153857,45730
135160689,45740
135167506,45728
135175302,45731
135182916,45738
135190715,45737
135198318,45735
135206093,45751
135213641,45739
135221411,45748
135235087,45838
135243391,45835
135251173,45836
135258743,45848
135266552,45852
135274096,45848
135281943,45847
135289510,45863
135297244,45867
135304827,45860
135312640,45871
135320206,45879
135328053,45877
135335574,45884
135342398,45886
135350267,45973
135357845,45972
135365638,45983
135373228,45978
135381107,45975
135388689,45988
135396483,45979
135404051,45991
135410854,46003
135418662,46001
135426227,46002
135434069,46009
135441587,46012
135450067,46016
135457603,46024
135472285,46081
135479953,46094
135487828,46084
135495475,46093
135503300,46090
135510884,46100
135518653,46103
135526211,46103
135534025,46108
135541573,46108
135549354,46118
135556929,46118
135571346,46120
135578204,46118
135586076,46121
135593605,46121
135601383,46109
135608974,46115
135615780,46114
135623607,46114
135631208,46107
135639081,46102
135646661,46108
135654461,46107
135662592,46097
135670375,46099
135677939,46097
135685752,46087
135693399,46080
135708028,46071
135715685,46068
135723417,46072
135730992,46070
135738771,46071
135746394,46070
135754202,46073
135761047,46073
135768622,46067
135776418,46066
135784051,46061
135791767,46068
135799322,46062
135807117,46064
135814759,46057
135822673,46044
135830315,46049
135838175,46053
135845780,46059
135853567,46051
135861131,46066
135869550,46053
135877148,46057
135885001,46060
135892612,46052
135900388,46058
135907957,46060
135915728,46066
135923312,46056
135931075,46062
135937900,46067
135945489,46082
135953242,46086
135960837,46080
135968724,46084
135976291,46079
135984111,46079
135991698,46081
135999481,46080
136007034,46080
136014817,46079
136022434,46085
136030222,46083
136037786,46084
136045603,46086
136053160,46093
136067780,46128
136076001,46121
136083922,46133
136091589,46119
136098415,46123
136106206,46119
136113799,46125
136121601,46129
136129155,46123
136136987,46123
136144588,46130
136152364,46124
136159960,46123
136167763,46121
136175384,46125
136183136,46165
136190698,46164
136198469,46169
136206047,46170
136213864,46168
136221493,46174
136229274,46169
136236846,46177
136243691,46174
136251486,46173
136259077,46176
136266867,46177
136274515,46180
136282369,46184
136290641,46184
136297537,46177
136305306,46207
136312820,46206
136320619,46204
136328191,46203
136336015,46210
136343550,46212
136351323,46216
136358924,46205
136366739,46211
136374374,46217
136382155,46224
136389705,46207
136397469,46215
136405044,46222
136412848,46210
136420471,46224
136428319,46265
136435928,46262
136443685,46265
136451256,46261
136458136,46273
136465987,46270
136473538,46268
136481331,46272
136488929,46271
136497301,46282
136504821,46280
136512675,46277
136520252,46285
136528107,46283
136535600,46287
136550189,46268
136557796,46267
136565649,46262
136573244,46257
136581110,46252
136588615,46254
136596376,46255
136603980,46245
136611828,46254
136619473,46257
136627208,46249
136634776,46243
136642550,46245
136650129,46244
136656953,46234
136664717,46192
136672315,46199
136680111,46194
136687639,46198
136695430,46195
136703572,46193
136711355,46188
136718930,46194
136725710,46189
136733498,46188
136741105,46191
136748964,46193
136756533,46194
136764276,46186
136771856,46193
136779687,46186
136787242,46186
136795092,46190
136809291,46188
136816210,46195
136824129,46186
136831714,46186
136839557,46194
136847196,46185
136854998,46190
136861811,46182
136869451,46192
136877271,46192
136884862,46193
136892662,46193
136900239,46193
136908115,46205
136916226,46212
136924051,46205
136931648,46208
136939449,46204
136947028,46214
136954798,46216
136961653,46218
136969252,46216
136977079,46215
136984609,46226
136992387,46225
136999980,46221
137007772,46220
137014598,46229
137022209,46221
137030042,46249
137037598,46247
137045356,46246
137052917,46246
137060699,46247
137068319,46245
137076159,46262
137083016,46257
137090569,46255
137098387,46251
137105242,46246
137112818,46236
137120592,46255
137128801,46254
137136631,46253
137144190,46254
137152052,46299
137159619,46292
137167420,46299
137175002,46294
137182786,46288
137190370,46288
137197210,46296
137205051,46290
137212611,46302
137220402,46298
137228027,46302
137235912,46307
137243526,46301
137251354,46302
137258965,46305
137266721,46324
137274338,46321
137282180,46327
137289747,46328
137297565,46320
137305144,46323
137312922,46322
137320512,46325
137328264,46322
137336495,46323
137343272,46318
137351073,46333
137358702,46328
137366535,46338
137374115,46328
137381902,46327
137389475,46376
137397232,46376
137404792,46381
137412598,46380
137420186,46383
137428031,46376
137435582,46374
137443382,46381
137450943,46382
137458723,46379
137466329,46385
137474145,46384
137481715,46388
137489525,46375
137496440,46380
137504077,46385
137511945,46350
137519580,46348
137527407,46348
137535024,46351
137543389,46345
137551006,46361
137557831,46350
137565614,46347
137573188,46339
137580988,46341
137588536,46337
137596221,46335
137603862,46341
137611667,46337
137619259,46330
137633942,46231
137641497,46231
137649276,46230
137656820,46225
137664612,46227
137672187,46213
137679037,46215
137686800,46214
137694439,46212
137702170,46205
137708969,46209
137716561,46214
137724292,46211
137731872,46210
137739708,46217
137754776,46172
137762606,46168
137770155,46178
137778026,46168
137784917,46173
137792511,46169
137800397,46164
137808024,46167
137815863,46166
137823485,46169
137831298,46167
137838846,46160
137846618,46159
137854202,46163
137862018,46159
137869624,46120
137877424,46157
137885051,46135
137892863,46137
137900460,46136
137908194,46134
137915752,46135
137923628,46131
137931278,46136
137939114,46138
137946741,46136
137954611,46137
137962859,46139
137970599,46141
137977441,46143
137991883,46150
137999709,46143
138007333,46149
138015133,46147
138021978,46150
138029556,46153
138037323,46149
138051532,46146
138059339,46153
138066996,46146
138074824,46145
138082485,46151
138090293,46148
138097885,46147
138105704,46204
138113323,46197
138121163,46211
138128663,46207
138136433,46213
138144049,46219
138151898,46218
138158780,46218
138166416,46218
138174230,46219
138182468,46222
138189273,46224
138197098,46227
138204649,46229
138212423,46227
138220005,46234
138227812,46256
138235450,46253
138243155,46260
138250725,46262
138258515,46264
138266134,46262
138273914,46262
138281504,46257
138289226,46264
138296826,46261
138304561,46267
138312150,46263
138319974,46267
138327523,46268
138334423,46268
138349095,46301
138356668,46297
138364436,46296
138372030,46290
138379801,46287
138388014,46287
138395830,46284
138403468,46284
138411292,46284
138418849,46286
138426690,46282
138434274,46282
138442111,46275
138449646,46273
138457457,46270
138465073,46209
138472934,46211
138480544,46216
138488309,46207
138495898,46207
138502758,46207
138510538,46214
138517398,46209
138524982,46217
138532779,46214
138540418,46207
138548181,46207
138555005,46201
138562591,46202
138570338,46214
138577929,46210
138585661,46197
138593783,46189
138601626,46191
138609267,46187
138617121,46183
138624660,46188
138632421,46189
138639982,46177
138647779,46187
138655380,46189
138663171,46175
138670735,46186
138678530,46187
138686140,46187
138693973,46178
138701573,46185
138709336,46204
138716864,46201
138724689,46204
138732269,46203
138740102,46201
138747625,46211
138755417,46202
138763042,46203
138770908,46205
138778526,46200
138786360,46204
138793282,46204
138801441,46199
138809215,46209
138816031,46201
138823604,46200
138831433,46229
138839029,46230
138846780,46230
138854323,46229
138862158,46226
138869755,46232
138877548,46232
138885150,46237
138892953,46228
138900551,46227
138908241,46231
138915784,46241
138923551,46240
138931151,46242
138938979,46240
138953447,46244
138961235,46258
138968790,46248
138976545,46239
138984129,46246
138991946,46247
138999566,46252
139007304,46250
139015522,46245
139023339,46246
139030938,46253
139038778,46247
139046396,46260
139053213,46253
139061053,46249
139068632,46279
139076420,46280
139084041,46277
139091851,46281
139099470,46275
139106270,46276
139114119,46288
139121774,46284
139129643,46286
139137249,46291
139145090,46288
139152611,46295
139159422,46290
139167230,46292
139174033,46301
139181633,46293
139189456,46314
139197034,46328
139204795,46319
139212389,46325
139220835,46330
139227694,46339
139235285,46339
139243112,46331
139250717,46330
139258524,46333
139266114,46336
139273950,46334
139288419,46333
139296132,46323
139310807,46251
139318418,46257
139326222,46314
139333843,46239
139340712,46256
139348527,46317
139356162,46241
139362984,46246
139370767,46245
139378326,46247
139386109,46236
139393756,46235
139401666,46244
139408577,46237
139416208,46222
139430937,46206
139439193,46200
139447040,46202
139454633,46207
139462511,46198
139470123,46208
139477877,46210
139485481,46209
139493288,46199
139500876,46193
139508662,46202
139516202,46196
139524029,46197
139531579,46204
139539322,46198
139546915,46167
139554743,46163
139562317,46170
139570235,46170
139577869,46157
139585759,46166
139593360,46157
139601213,46164
139608793,46166
139616690,46155
139624286,46164
139632124,46165
139638944,46164
139646520,46168
139654348,46172
139661984,46195
139669799,46196
139677416,46183
139685276,46179
139692854,46189
139700632,46190
139708204,46185
139716069,46186
139723669,46194
139731450,46187
139739058,46186
139746847,46186
139754479,46183
139762293,46186
139769826,46189
139777630,46174
139785178,46197
139793027,46194
139800549,46202
139808290,46205
139815974,46206
139822867,46199
139830763,46198
139838359,46206
139845267,46203
139853800,46209
139861453,46208
139869237,46216
139876821,46215
139884620,46212
139892183,46210
139906886,46228
139914503,46231
139922346,46233
139929965,46241
139937747,46231
139945381,46227
139953200,46238
139960738,46239
139968540,46238
139976128,46241
139983984,46239
139991600,46248
139999406,46250
140007034,46244
140014809,46243
140022429,46287
140030233,46284
140037757,46283
140045561,46286
140053153,46291
140061638,46287
140069205,46288
140077061,46282
140083894,46285
140091475,46287
140099247,46290
140106880,46280
140114700,46291
140122331,46293
140130140,46299
140137692,46288
140145496,46255
140153083,46250
140160852,46243
140168479,46252
140176191,46239
140183809,46244
140191597,46236
140199166,46235
140206961,46241
140214596,46229
140222390,46227
140230013,46222
140237761,46222
140244595,46216
140252153,46221
140259995,46215
140268167,46152
140276028,46151
140283661,46142
140291459,46143
140298984,46143
140306758,46136
140314375,46133
140322237,46137
140329838,46128
140337653,46127
140345248,46137
140353070,46128
140360627,46124
140367432,46119
140375234,46118
140382834,46090
140390647,46078
140398193,46084
140406056,46076
140413653,46082
140421517,46077
140429144,46073
140436937,46072
140444509,46078
140452354,46070
140459912,46070
140467681,46076
140475827,46062
140483662,46065
140491247,46072
140505849,46050
140513460,46051
140527835,46050
140535701,46056
140542568,46072
140550175,46063
140557981,46059
140564788,46062
140572369,46062
140580194,46069
140587783,46062
140595628,46065
140603233,46064
140611074,46062
140618621,46035
140626385,46030
140633971,46031
140641771,46021
140649338,46027
140657194,46019
140664771,46022
140672583,46025
140680196,46016
140688040,46016
140696252,46015
140704123,46022
140711718,46014
140718559,46016
140726417,46023
140734060,46013
140741887,46014
140749508,46016
140757304,46022
140764871,46031
140772717,46004
140779551,46044
140787163,46041
140794943,46044
140801758,46047
140809394,46039
140817217,46034
140824761,46025
140832531,46010
140840080,46005
140847866,46006
140855509,45998
140863391,46007
140871074,46004
140878984,46007
140886570,46013
140894330,46006
140902541,46004
140910326,46007
140917899,46015
140925715,46005
140933287,46004
140941154,46003
140948756,46007
140955589,46009
140963354,46012
140970917,46014
140985547,45930
140993132,45919
141000963,45918
141008571,45907
141016289,45907
141023874,45895
141031649,45882
141039235,45888
141047078,45881
141054682,45877
141062501,45875
141070100,45875
141077978,45875
141085571,45866
141093368,45866
141100912,45792
141109228,45794
141116827,45800
141124651,45793
141132226,45795
141140064,45797
141147622,45801
141155357,45797
141162935,45794
141170745,45798
141178331,45801
141186173,45789
141193735,45790
141201528,45789
141209114,45788
141215925,45794
141223719,45774
141231300,45777
141239155,45771
141246685,45775
141254454,45773
141261327,45777
141268924,45776
141276760,45776
141284321,45776
141292153,45768
141299644,45772
141307415,45780
141315553,45772
141323375,45768
141330959,45780
141337762,45775
141345560,45826
141353137,45830
141360926,45835
141368531,45840
141376302,45833
141383854,45834
141391639,45838
141399207,45835
141406031,45833
141413816,45839
141421426,45842
141429238,45844
141436775,45838
141444580,45840
141452143,45844
141459979,45844
141467567,45904
141475332,45900
141482904,45904
141490727,45906
141498257,45895
141506078,45909
141513664,45913
141521451,45906
141529644,45906
141537418,45910
141545013,45916
141552773,45907
141559595,45907
141567190,45914
141575003,45919
141589472,45942
141597261,45942
141604865,45950
141612646,45954
141620192,45954
141627985,45961
141635595,45962
141643347,45963
141650969,45963
141658749,45967
141666314,45966
141674137,45966
141681679,45971
141689485,45976
141697079,45975
141704880,46018
141712515,46028
141720236,46016
141727807,46030
141736222,46026
141743761,46023
141751525,46030
141765736,46033
141773591,46029
141781255,46042
141789106,46036
141796000,46039
141803614,46028
141811387,46031
141825034,46078
141832807,46077
141840409,46070
141848218,46082
141855779,46080
141862637,46082
141870422,46083
141878018,46078
141885759,46079
141893300,46080
141901137,46079
141908706,46074
141916515,46072
141924115,46070
141931902,46060
141945566,45994
141953971,46000
141961575,45991
141969352,45986
141976939,45989
141983769,45989
141991557,45980
141999155,45991
142006992,45995
142014566,45990
142022279,45988
142029851,45991
142036682,45975
142044475,45989
142052121,45982
142066134,45969
142073656,45967
142081388,45974
142088940,45969
142096736,45968
142103539,45972
142111148,45973
142118991,45966
142126640,45965
142133476,45973
142141210,45966
142148792,45967
142155598,45965
142163948,45969
142171541,45962
142178351,45954
142186163,45958
142193761,45959
142201567,45962
142209136,45956
142216926,45958
142224544,45955
142232320,45967
142239896,45970
142247726,45970
142255289,45970
142263144,45972
142270006,45971
142277573,45959
142285293,45978
142292856,45975
142300627,45990
142308230,45987
142316076,45986
142323642,45985
142331398,45990
142338947,45990
142346775,45987
142354331,45992
142362157,45993
142370399,45990
142378262,45992
142385836,45998
142393662,45997
142401269,45992
142409084,45997
142416632,45988
142424405,46010
142432023,46015
142439812,46019
142447380,46017
142455174,46015
142461955,46019
142469550,46022
142477291,46018
142484838,46021
142492561,46022
142500118,46022
142507909,46027
142515491,46025
142523225,46026
142530793,46034
142545413,46040
142552973,46043
142560711,46042
142568279,46046
142576761,46048
142583601,46047
142591235,46037
142599079,46052
142606631,46045
142614335,46053
142621930,46046
142629765,46050
142637388,46052
142645230,46056
142652797,46055
142660567,46129
142668134,46123
142675985,46125
142683607,46137
142691342,46140
142698163,46147
142705653,46147
142713427,46148
142721033,46159
142728821,46152
142736425,46159
142744265,46162
142751099,46164
142758620,46167
142766451,46169
142781500,46176
142789321,46163
142796904,46166
142804667,46168
142812182,46169
142819018,46158
142826804,46155
142834436,46157
142842195,46147
142849720,46141
142857532,46143
142865142,46146
142871992,46134
142879800,46132
142887393,46141
142895245,46086
142902814,46087
142909619,46089
142917399,46077
142924958,46084
142932772,46076
142940315,46076
142948156,46079
142955669,46079
142963408,46076
142971013,46067
142978779,46073
142986334,46068
143001415,46071
143016187,46068
143023047,46066
143030615,46068
143038447,46063
143046062,46068
143053850,46069
143061460,46071
143069299,46081
143076875,46067
143084656,46075
143092229,46067
143099057,46079
143105911,46077
143113690,46076
143121237,46085
143135806,46099
143142686,46105
143150274,46107
143158084,46104
143165624,46112
143173385,46107
143180205,46114
143187766,46112
143195549,46104
143203167,46114
143211588,46109
143218437,46122
143225211,46106
143232797,46115
143240592,46114
143255045,46124
143262831,46120
143270434,46124
143278260,46128
143285809,46118
143293585,46119
143301188,46115
143309011,46122
143316613,46115
143324370,46121
143331972,46105
143338793,46114
143345668,46114
143353460,46112
143361021,46108
143368814,46126
143376408,46125
143383293,46130
143391170,46128
143398735,46134
143406512,46136
143414093,46126
143422501,46133
143430060,46138
143437822,46136
143445432,46129
143453239,46128
143460799,46127
143468592,46131
143476146,46127
143483925,46127
143491523,46126
143499276,46128
143506867,46122
143514688,46128
143522320,46119
143530164,46129
143537691,46134
143545392,46130
143552931,46126
143560751,46139
143568310,46117
143576169,46134
143583722,46129
143591486,46130
143599091,46133
143613740,46173
143621282,46169
143629668,46170
143637272,46172
143645130,46181
143652679,46178
143660448,46177
143668014,46175
143675785,46173
143683380,46181
143691204,46175
143698059,46177
143705638,46160
143713396,46166
143720956,46162
143728759,46073
143736345,46071
143744165,46067
143751624,46071
143759388,46063
143766951,46056
143774755,46066
143782316,46062
143790169,46057
143797758,46059
143805560,46050
143813132,46058
143819974,46055
143827809,46049
143836027,46051
143843841,46048
143851448,46023
143859248,46011
143866078,46014
143873677,46020
143881431,46020
143889002,46016
143896826,46015
143904455,46017
143912287,46010
143919885,46013
143927667,46010
143935260,46009
143943078,46014
143950654,46019
143958442,46008
143966034,46007
143973854,46000
143981465,45993
143989218,45994
143996773,46003
144004547,45994
144012118,45998
144019901,45997
144027536,46001
144035269,45998
144043445,45987
144051242,45995
144058098,45990
144065673,45993
144073426,45998
144081010,45996
144088778,45993
144096361,46022
144104213,46023
144111846,46018
144119640,46009
144127243,46016
144135087,46018
144142646,46019
144150389,46031
144157959,46016
144165760,46022
144173341,46027
144179447,46030
144187231,46023
144194797,46026
144202554,46026
144216924,46037
144224758,46048
144238924,46048
144246878,46046
144255147,46052
144262097,46054
144269874,46056
144277530,46059
144285360,46057
144292218,46065
144299070,46064
144306690,46067
144314522,46065
144322122,46072
144329909,46118
144337534,46121
144345340,46121
144352168,46130
144359728,46128
144367533,46128
144375117,46121
144381976,46129
144389774,46128
144397399,46125
144405260,46128
144412140,46127
144419744,46131
144427602,46133
144435215,46131
144443113,46133
144450740,46175
144458592,46180
144466818,46179
144474677,46177
144482246,46171
144490078,46183
144497667,46177
144505445,46179
144513021,46181
144520849,46184
144527647,46182
144535208,46175
144543033,46186
144550604,46187
144558434,46193
144572919,46122
144580720,46123
144588291,46119
144596129,46119
144603645,46109
144611396,46114
144618969,46106
144626799,46110
144634363,46102
144642215,46104
144649751,46097
144657606,46095
144665166,46099
144672987,46092
144681207,46100
144689029,46056
144696629,46048
144704443,46050
144712043,46050
144719815,46048
144727348,46047
144735150,46049
144741960,46050
144749547,46049
144757387,46052
144764965,46050
144772784,46044
144779615,46051
144787222,46045
144795031,46057
144802602,46051
144810414,46045
144818087,46055
144825949,46042
144833602,46048
144841434,46055
144849113,46048
144856881,46048
144864477,46048
144872232,46047
144879726,46053
144887505,46058
144895140,46062
144902868,46070
144910446,46062
144918253,46062
144925799,46064
144933562,46088
144941196,46086
144949006,46090
144956611,46093
144964449,46086
144972109,46091
144979985,46090
144987636,46085
144995433,46089
145002994,46086
145010758,46086
145018347,46094
145026222,46096
145033767,46094
145041543,46090
145055980,46107
145063762,46111
145071334,46108
145079189,46101
145086785,46107
145095313,46105
145102182,46111
145109754,46118
145117592,46115
145124481,46119
145132130,46121
145139920,46119
145147569,46114
145155366,46117
145162944,46123
145170745,46158
145178384,46156
145186226,46167
145193766,46169
145201544,46163
145209125,46173
145216898,46169
145223773,46166
145231320,46170
145239153,46167
145246711,46172
145254527,46176
145262122,46183
145269850,46179
145277468,46173
145285285,46175
145292852,46210
145301219,46202
145308777,46210
145316542,46210
145324114,46214
145331845,46221
145338660,46227
145346248,46222
145354153,46228
145361752,46223
145369556,46225
145377163,46227
145384084,46231
145391961,46239
145399562,46243
145407434,46245
145415111,46243
145422924,46235
145430563,46244
145438316,46240
145445846,46241
145453671,46247
145461260,46230
145475721,46231
145482575,46229
145490427,46233
145497975,46226
145505759,46227
145513949,46222
145521813,46217
145536240,46178
145544043,46179
145551614,46166
145559403,46166
145566239,46167
145573826,46163
145581679,46151
145589261,46155
145597102,46154
145604623,46150
145612377,46147
145619952,46150
145627749,46147
145635305,46150
145643148,46145
145650725,46138
145658487,46140
145666105,46139
145673899,46138
145681448,46125
145689257,46136
145696793,46133
145704591,46135
145712221,46127
145720025,46134
145728239,46131
145736043,46136
145742848,46132
145750423,46139
145758258,46133
145765783,46139
145773608,46129
145781239,46124
145789052,46129
145796617,46133
145804383,46130
145811915,46123
145818760,46134
145826556,46129
145834173,46139
145841942,46133
145849577,46136
145857364,46137
145864919,46137
145872747,46133
145880313,46138
145894975,46148
145902572,46150
145910332,46148
145917917,46148
145925692,46154
145933850,46151
145941625,46161
145949239,46155
145957101,46159
145964671,46158
145972465,46170
145980058,46162
145987859,46166
145995498,46163
146003255,46154
146010778,46179
146018638,46180
146026232,46182
146034078,46187
146041683,46176
146049560,46180
146057203,46186
146065057,46176
146072688,46183
146079501,46176
146087350,46186
146094955,46185
146101814,46183
146109706,46178
146117309,46187
146125154,46186
146132748,46220
146141198,46213
146148820,46220
146156621,46215
146164221,46214
146172055,46217
146179616,46221
146187307,46213
146194881,46208
146202694,46217
146210301,46218
146218172,46213
146225733,46218
146233527,46217
146241127,46223
146255762,46248
146263368,46235
146271249,46249
146278875,46242
146286763,46247
146294382,46247
146302194,46255
146309783,46244
146317575,46248
146325134,46252
146332887,46259
146340495,46247
146348937,46253
146356557,46266
146364420,46261
146372006,46251
146379791,46239
146387345,46242
146395225,46231
146402803,46228
146410627,46224
146417461,46222
146425047,46223
146432850,46217
146439706,46218
146447274,46212
146455063,46206
146462650,46205
146470428,46201
146478044,46199
146485852,46200
146493468,46132
146501282,46127
146508867,46118
146516656,46120
146524258,46119
146532114,46127
146538927,46126
146546573,46127
146554351,46123
146562565,46131
146570322,46128
146577910,46127
146584705,46120
146592473,46117
146600091,46112
146607924,46111
146615545,46062
146623388,46054
146631060,46062
146638908,46055
146646577,46059
146654333,46054
146661847,46051
146669670,46048
146677285,46058
146685104,46062
146692698,46054
146700529,46051
146714753,46053
146722594,46063
146737142,46066
146744971,46057
146752622,46063
146760448,46066
146768081,46061
146775453,46066
146783328,46068
146790964,46072
146797840,46074
146805649,46078
146813306,46082
146820246,46075
146828164,46087
146835802,46073
146843627,46075
146851226,46073
146858969,46066
146866598,46074
146874336,46068
146881904,46075
146889696,46077
146895871,46073
146903518,46073
146911368,46071
146919009,46074
146926856,46064
146934415,46073
146941271,46068
146949147,46077
146956720,46079
146964532,46072
146972154,46108
146979920,46106
146988117,46119
146995902,46112
147003498,46118
147011298,46118
147018890,46122
147026685,46116
147034250,46120
147042149,46114
147049755,46120
147056575,46119
147064306,46129
147071849,46132
147079675,46129
147087245,46135
147095103,46174
147102650,46167
147110492,46176
147118101,46174
147125884,46181
147133463,46175
147141248,46169
147148820,46178
147156570,46176
147164194,46180
147172063,46174
147179716,46182
147187441,46176
147195640,46152
147203349,46187
147217740,46236
147225528,46234
147233112,46231
147240933,46230
147248587,46232
147254595,46235
147262339,46224
147269914,46230
147277768,46224
147285411,46231
147293253,46236
147300871,46236
147308651,46232
147316245,46227
147324051,46228
147338474,46147
147346301,46146
147353859,46143
147361671,46147
147369271,46147
147376098,46150
147383894,46143
147391510,46145
147399935,46145
147407587,46142
147415389,46142
147422982,46141
147430797,46137
147438422,46139
147453082,46109
147460628,46106
147468430,46106
147476010,46111
147483840,46105
147491413,46108
147499268,46102
147506859,46115
147514611,46107
147521449,46112
147529034,46112
147536855,46121
147544475,46102
147552305,46119
147559816,46102
147574405,46102
147581920,46094
147589689,46106
147597238,46095
147605069,46097
147612493,46099
147619335,46097
147626929,46106
147634746,46104
147641580,46109
147649155,46102
147656911,46107
147663788,46103
147671357,46114
147679272,46112
147693623,46123
147701417,46122
147708982,46117
147716786,46122
147724347,46128
147731212,46127
147738015,46122
147745805,46119
147753366,46128
147760226,46126
147768063,46131
147775639,46133
147782531,46143
147790298,46145
147797803,46135
147812370,46153
147820533,46151
147828344,46151
147835921,46146
147843767,46154
147850591,46152
147857441,46151
147865046,46149
147872869,46157
147879707,46158
147887258,46160
147895054,46164
147901884,46173
147909518,46158
147917271,46161
147931611,46205
147939365,46213
147953800,46199
147961402,46205
147969304,46210
147976117,46207
147983710,46199
147991507,46214
147999089,46220
148006862,46226
148014440,46223
148022298,46227
148029852,46217
148045115,46243
148052692,46243
148060491,46246
148068055,46250
148075829,46248
148083391,46241
148091258,46247
148098851,46252
148106663,46245
148113516,46248
148121126,46240
148128914,46241
148136497,46246
148144363,46253
148151995,46242
148159899,46274
148167570,46276
148175471,46274
148183079,46274
148190880,46278
148198466,46272
148206275,46278
148213877,46277
148221670,46279
148229276,46276
148237122,46274
148245314,46276
148253175,46275
148260011,46272
148267617,46275
148275385,46264
148282950,46163
148290754,46164
148298311,46165
148306150,46162
148313756,46149
148321483,46150
148329095,46150
148335918,46146
148343735,46147
148351323,46147
148359158,46138
148366716,46135
148374477,46138
148382034,46131
148389831,46140
148404283,46094
148412152,46083
148419713,46089
148427502,46082
148435091,46086
148442884,46075
148450502,46076
148458938,46077
148466486,46076
148473372,46077
148481242,46083
148488912,46126
148496819,46078
148504450,46076
148512258,46074
148519796,46052
148527570,46048
148535085,46052
148542883,46049
148550503,46055
148558303,46055
148565791,46061
148572627,46060
148579422,46068
148587225,46059
148594045,46065
148601654,46061
148609473,46065
148617087,46058
148623883,46059
148631658,46066
148646023,46075
148653801,46073
148661327,46080
148669758,46071
148677352,46087
148685165,46087
148692021,46089
148698884,46087
148706485,46077
148713348,46084
148721182,46081
148728721,46092
148736503,46088
148743300,46095
148750884,46089
148765558,46108
148773177,46109
148780961,46113
148788581,46110
148796326,46118
148803900,46122
148810757,46109
148817540,46125
148825296,46126
148832155,46122
148839706,46130
148847479,46127
148855018,46125
148861841,46129
148869597,46130
148884883,46143
148892475,46140
148900290,46145
148907857,46142
148915627,46143
148923217,46144
148930012,46138
148937780,46150
148945312,46145
148953167,46145
148960706,46144
148968552,46142
148976160,46152
148983963,46151
148991608,46156
148999352,46143
149006892,46137
149014683,46134
149022275,46132
149030147,46129
149037706,46129
149045490,46124
149053082,46114
149059913,46110
149067718,46111
149075345,46109
149083176,46108
149091451,46097
149099322,46104
149106893,46106
149114669,46101
149122233,46104
149130059,46110
149137688,46108
149145511,46111
149153129,46104
149160946,46108
149168606,46109
149176424,46112
149190557,46112
149198361,46116
149206017,46117
149213863,46126
149220699,46121
149228267,46122
149242946,46010
149250580,46014
149258296,46015
149265808,46010
149273623,46009
149281231,46007
149288063,46001
149295866,45987
149304123,45993
149310959,45985
149318778,45984
149326350,45978
149334185,45978
149341706,45971
149349470,45977
149357047,45925
149364854,45915
149372420,45917
149380266,45922
149387774,45917
149395551,45913
149403113,45919
149410900,45907
149418461,45909
149425329,45909
149433180,45907
149440718,45915
149448384,45912
149455936,45914
149463721,45915
149471297,45908
149479109,45869
149486685,45863
149494446,45856
149502046,45864
149510396,45869
149517981,45866
149525771,45859
149533329,45857
149541182,45857
149548741,45853
149556556,45848
149564184,45855
149571993,45855
149579605,45850
149587321,45851
149594883,45856
149602630,45841
149610263,45836
149618096,45847
149625676,45831
149633455,45834
149641019,45835
149648800,45830
149656370,45835
149664193,45830
149671794,45835
149679633,45835
149687228,45834
149694996,45829
149701838,45840
149709433,45826
149717911,45855
149725485,45860
149733272,45857
149740804,45860
149748676,45865
149756323,45873
149764198,45873
149771091,45873
149778705,45873
149786457,45877
149793987,45869
149801799,45880
149809379,45880
149817203,45879
149824777,45885
149832577,45887
149840177,45932
149847931,45927
149855525,45934
149863333,45931
149870917,45933
149878736,45933
149886357,45929
149894171,45934
149901714,45932
149909509,45933
149917096,45934
149925466,45936
149933064,45939
149939904,45944
149947658,45938
149962169,45987
149969943,45981
149977514,45989
149985333,45990
149992863,45993
150000665,45996
150008335,46007
150016192,45994
150023073,45996
150029929,46002
150037561,46000
150045311,46011
150052823,46013
150059618,46006
150067390,46009
150081799,46052
150089599,46052
150097231,46046
150105115,46052
150112718,46052
150120531,46054
150128164,46053
150135866,46043
150142691,46042
150149473,46044
150157061,46039
150164876,46049
150172529,46037
150179394,46036
150187215,46034
150201632,46027
150209409,46025
150216947,46025
150224762,46027
150232306,46039
150240112,46034
150247718,46036
150254487,46046
150261341,46044
150268131,46043
150276036,46050
150283684,46047
150291539,46054
150298424,46048
150306072,46046
150320717,46127
150328309,46126
150336125,46132
150343715,46138
150352226,46140
150359787,46142
150367591,46134
150374471,46140
150381304,46136
150388082,46135
150395703,46127
150403458,46134
150411030,46132
150417868,46126
150439269,46135
150446834,46141
150454600,46141
150462190,46147
150470014,46137
150477635,46149
150485388,46147
150493022,46139
150500839,46146
150508426,46146
150516294,46147
150523904,46139
150530774,46141
150538625,46143
150546279,46149
150554120,46167
150561707,46169
150570206,46169
150577787,46160
150585571,46174
150593149,46172
150600904,46174
150608504,46177
150616323,46181
150623884,46183
150631766,46179
150639353,46180
150647105,46184
150654681,46178
150662394,46182
150669986,46198
150677821,46190
150685401,46195
150693287,46196
150700852,46201
150708632,46202
150716178,46203
150723967,46207
150730792,46216
150737650,46210
150745253,46213
150753035,46216
150760688,46214
150768483,46213
150776676,46215
150784409,46209
150791984,46238
150799759,46232
150807336,46240
150815187,46237
150822809,46243
150830710,46247
150838384,46252
150846251,46245
150853822,46263
150861596,46253
150869185,46254
150877013,46251
150884603,46252
150891440,46258
150899281,46257
150913636,46297
150921359,46292
150928873,46296
150936674,46295
150944275,46296
150952035,46298
150959653,46301
150967414,46302
150974995,46299
150983371,46300
150990952,46306
150998758,46307
151006409,46303
151014277,46302
151021821,46308
151029642,46286
151037225,46278
151045006,46286
151052617,46286
151060345,46280
151067911,46273
151075666,46274
151083280,46272
151091089,46269
151097943,46264
151105530,46258
151113334,46262
151120821,46252
151128568,46250
151136156,46247
151143923,46257
151151556,46199
151159308,46203
151166834,46206
151174562,46201
151182128,46195
151190550,46194
151198213,46193
151206040,46194
151213632,46194
151221462,46194
151229033,46197
151235893,46188
151243721,46197
151251293,46184
151259084,46189
151266692,46183
151274379,46153
151281933,46151
151289679,46151
151297265,46158
151305076,46158
151312622,46152
151320397,46145
151327927,46143
151335768,46148
151343356,46142
151351214,46141
151358837,46147
151366711,46146
151374366,46146
151382222,46145
151397286,46165
151405128,46165
151412721,46166
151420516,46169
151428086,46167
151435852,46169
151443398,46168
151451228,46176
151458040,46173
151465642,46173
151473378,46180
151480183,46176
151487799,46176
151494635,46182
151502310,46183
151516668,46192
151524396,46195
151531953,46189
151539728,46198
151547289,46195
151555121,46197
151562709,46206
151570470,46198
151576548,46201
151584080,46200
151591915,46199
151598787,46202
151606957,46200
151613807,46212
151621621,46202
151636089,46233
151643947,46232
151651561,46226
151665932,46234
151673782,46230
151681427,46238
151689272,46235
151696819,46229
151704648,46234
151712233,46235
151720046,46238
151726864,46235
151734475,46245
151749105,46262
151756689,46272
151764492,46265
151772115,46264
151779908,46262
151787473,46270
151795237,46273
151802822,46275
151810588,46270
151818179,46276
151826535,46276
151834125,46287
151841915,46275
151849471,46282
151857294,46276
151864868,46313
151872696,46308
151880263,46311
151888009,46314
151895631,46305
151903376,46312
151910987,46312
151918783,46306
151926328,46309
151933144,46317
151940932,46309
151948529,46317
151956316,46313
151963842,46320
151971606,46323
151979210,46316
151986935,46280
151994525,46276
152002375,46276
152009957,46278
152017789,46275
152025363,46268
152033828,46265
152041362,46258
152049140,46265
152056013,46256
152063630,46256
152071381,46249
152078947,46251
152086754,46254
152094326,46247
152109022,46183
152116653,46183
152124406,46187
152131993,46177
152139802,46183
152147409,46187
152155240,46182
152162805,46186
152170558,46177
152178162,46182
152185956,46182
152193562,46175
152201371,46174
152208942,46176
152216759,46177
152224328,46158
152232154,46152
152240389,46160
152248229,46158
152255760,46146
152263593,46148
152271207,46146
152279006,46144
152286658,46147
152293493,46145
152301300,46136
152308832,46134
152316601,46139
152324233,46133
152331063,46140
152338860,46131
152346416,46129
152354253,46121
152361828,46126
152369596,46125
152377167,46126
152384940,46118
152392538,46120
152400334,46120
152407910,46120
152415718,46115
152423335,46115
152431216,46114
152438837,46125
152446646,46124
152454243,46128
152462037,46126
152469669,46090
152477436,46098
152485057,46096
152492847,46102
152500422,46105
152508243,46103
152515801,46101
152523574,46107
152531179,46112
152537997,46107
152545779,46109
152553369,46109
152561212,46106
152568059,46117
152575670,46115
152590416,46162
152598050,46150
152605948,46160
152613576,46155
152621389,46157
152629001,46148
152636776,46154
152644350,46153
152651219,46154
152658696,46154
152666432,46149
152673992,46148
152681793,46147
152689387,46151
152697252,46153
152704852,46177
152712614,46183
152720245,46179
152728128,46192
152735731,46196
152743475,46194
152751084,46195
152758924,46200
152766532,46199
152773384,46196
152781263,46200
152788900,46204
152796759,46200
152804405,46199
152812240,46197
152819790,46200
152827578,46248
152835175,46247
152842947,46241
152850562,46249
152858352,46246
152866598,46249
152874449,46246
152882042,46251
152888957,46251
152896742,46245
152911027,46246
152918911,46242
152925771,46245
152932738,46243
152947424,46181
152955056,46165
152962939,46169
152970586,46177
152978375,46165
152985912,46177
152993735,46162
153001345,46170
153009191,46164
153016803,46161
153024658,46156
153032234,46150
153040000,46149
153046910,46154
153053788,46154
153061527,46111
153069132,46109
153076918,46111
153085092,46109
153092938,46107
153100556,46107
153108423,46108
153116039,46117
153123866,46113
153131419,46113
153139280,46111
153146888,46116
153154697,46114
153162310,46118
153169162,46119
153176935,46128
153184489,46107
153192314,46118
153199905,46115
153207701,46117
153215300,46108
153223137,46122
153230739,46116
153238547,46120
153245397,46122
153252977,46121
153260808,46124
153268364,46127
153276141,46131
153283730,46124
153292232,46135
153306643,46139
153314388,46141
153321981,46135
153329784,46149
153337396,46155
153345259,46157
153352836,46147
153360642,46152
153368229,46156
153375070,46154
153382907,46151
153390502,46148
153398291,46148
153405797,46153
153413703,46144
153421332,46161
153429200,46159
153436813,46167
153444594,46163
153452153,46177
153459977,46168
153467598,46170
153475428,46170
153483058,46176
153490867,46171
153499028,46169
153506856,46175
153514446,46174
153522283,46176
153529136,46181
153536694,46177
153544461,46204
153552110,46210
153559892,46201
153567446,46205
153575279,46203
153582824,46199
153590623,46203
153598201,46212
153605055,46210
153612861,46207
153620471,46205
153628326,46212
153635860,46212
153643672,46214
153651241,46214
153659019,46208
153666591,46240
153674344,46240
153681886,46243
153689707,46247
153697290,46247
153705714,46253
153713273,46250
153721109,46250
153728714,46250
153735553,46247
153743373,46251
153750999,46248
153758859,46253
153766436,46249
153774261,46252
153788641,46260
153796397,46264
153803918,46256
153811677,46258
153819277,46252
153827024,46251
153834628,46246
153842355,46250
153849867,46242
153856720,46236
153864499,46228
153872052,46228
153879847,46232
153887460,46222
153895286,46226
153909718,46165
153918174,46167
153925797,46164
153933567,46162
153941120,46160
153948921,46164
153956496,46164
153964334,46164
153971865,46164
153979642,46154
153987245,46158
153995024,46155
154002662,46154
154010382,46149
154024773,46131
154032515,46138
154040053,46135
154047822,46129
154055409,46130
154063249,46115
154070852,46122
154078649,46121
154086226,46118
154093978,46110
154101589,46112
154109404,46109
154116983,46110
154125409,46108
154132935,46107
154147396,46103
154155260,46098
154162861,46100
154170670,46094
154178241,46102
154186058,46104
154193674,46096
154201468,46099
154209063,46095
154216891,46101
154224435,46102
154232241,46109
154239769,46105
154247546,46105
154261242,46124
154268769,46127
154276524,46122
154284123,46122
154291896,46123
154299464,46118
154307275,46114
154314879,46125
154322654,46115
154330252,46123
154338664,46119
154346276,46127
154354033,46124
154361690,46129
154369428,46131
154376980,46160
154383772,46148
154391569,46161
154399128,46149
154406915,46164
154414484,46158
154422314,46165
154429839,46159
154437645,46163
154445235,46175
154453020,46165
154460683,46173
154468473,46174
154476056,46171
154483895,46172
154490742,46176
154498337,46187
154506129,46196
154513712,46190
154521484,46202
154529046,46196
154536868,46195
154545020,46201
154552923,46192
154560519,46198
154567373,46195
154575213,46201
154582815,46203
154590572,46208
154598248,46204
154606099,46202
154613736,46217
154621527,46232
154629092,46232
154636914,46233
154644468,46236
154652316,46234
154659831,46234
154667581,46247
154675162,46243
154682950,46251
154690496,46249
154697355,46250
154705167,46248
154712746,46251
154720497,46251
154728066,46246
154735881,46255
154743455,46261
154751881,46253
154759453,46253
154767247,46263
154774803,46256
154782549,46251
154790124,46252
154797910,46247
154805556,46247
154813352,46247
154820855,46245
154828614,46242
154836184,46252
154843965,46243
154851570,46237
154859377,46156
154866949,46140
154874734,46156
154882318,46150
154890026,46152
154897602,46151
154905400,46148
154912967,46141
154920811,46138
154927672,46143
154935262,46138
154943015,46132
154950588,46136
154959066,46130
154966692,46129
154973572,46125
154981369,46086
154988885,46082
154996650,46074
155004279,46076
155012065,46074
155019686,46079
155027412,46081
155034990,46069
155042799,46068
155050385,46072
155058251,46067
155065812,46064
155073582,46060
155081124,46065
155088910,46062
155103282,46048
155111057,46042
155118730,46043
155126480,46046
155134049,46049
155141829,46046
155149385,46041
155157188,46041
155165393,46040
155173276,46037
155180091,46041
155187677,46036
155195543,46030
155203209,46038
155210955,46043
155218539,46028
155226360,46025
155233877,46024
155241690,46020
155249293,46016
155257155,46017
155264750,46019
155272536,46010
155280114,46013
155286957,46008
155294709,46015
155301561,46012
155309123,46016
155316960,46007
155324542,46009
155332325,46009
155339905,46015
155347665,46012
155355244,46014
155362990,46012
155370627,46008
155385714,46011
155393363,46010
155401254,46014
155408834,46008
155415655,46013
155423455,46006
155431027,46004
155438852,46013
155446462,46014
155453301,46016
155461028,46058
155468670,46057
155476432,46066
155483995,46069
155491760,46054
155499352,46064
155507182,46077
155514778,46073
155522590,46073
155530171,46065
155537996,46070
155545577,46069
155553363,46067
155560882,46054
155568684,46056
155583120,46072
155591469,46072
155598321,46080
155605866,46079
155613658,46081
155621259,46087
155629045,46090
155636689,46088
155644467,46096
155652041,46101
155659866,46093
155667428,46096
155675273,46094
155682836,46107
155690609,46102
155698195,46101
155705999,46104
155713578,46096
155720406,46093
155728242,46094
155735775,46084
155743524,46091
155751079,46091
155758864,46083
155766455,46080
155774297,46081
155781868,46085
155789665,46080
155797816,46075
155805635,46072
155813210,46077
155820965,46051
155828582,46051
155835467,46057
155843322,46054
155850870,46045
155858698,46053
155866265,46052
155874013,46053
155881566,46050
155889371,46047
155896169,46044
155903773,46038
155911503,46039
155919088,46034
155926925,46039
155934506,46035
155942360,46019
155949890,46022
155956687,46019
155964422,46024
155971980,46015
155979768,46015
155987337,46017
155995190,46007
156002763,46015
156011205,46015
156018778,46011
156026540,46021
156034106,46021
156041920,46019
156049506,46021
156057341,46025
156064889,46061
156072697,46069
156080252,46067
156088008,46064
156095581,46062
156103408,46068
156110979,46074
156118787,46065
156125629,46070
156133239,46066
156140986,46073
156148547,46068
156156391,46071
156163965,46071
156171725,46073
156178550,46074
156186143,46102
156193985,46091
156201591,46102
156209388,46103
156217532,46101
156225384,46110
156232981,46098
156240783,46112
156248419,46107
156256273,46105
156263877,46117
156271663,46114
156279203,46116
156287020,46115
156294677,46114
156309311,46156
156316808,46157
156324584,46156
156332137,46149
156339891,46154
156347431,46156
156355278,46157
156362828,46159
156370622,46162
156378223,46165
156386041,46160
156393657,46163
156401468,46157
156409074,46156
156416878,46161
156425097,46176
156432920,46183
156439733,46190
156447320,46186
156455190,46186
156462770,46184
156470513,46183
156478065,46177
156484889,46183
156492672,46185
156500272,46184
156508068,46188
156515696,46183
156523486,46189
156531016,46190
156538799,46191
156546372,46226
156554205,46235
156561016,46241
156568631,46246
156576425,46248
156583966,46244
156591739,46244
156599350,46245
156607114,46242
156620726,46251
156628516,46251
156636705,46250
156644497,46252
156652116,46253
156665852,46190
156673614,46191
156681218,46190
156689044,46186
156696640,46187
156704408,46180
156711945,46180
156719716,46177
156727292,46182
156735110,46189
156742724,46183
156750465,46180
156758026,46192
156765812,46184
156773384,46177
156781196,46153
156788791,46160
156796632,46153
156804192,46159
156811982,46166
156819510,46162
156827342,46155
156834924,46161
156841761,46151
156850228,46160
156857784,46155
156865492,46163
156873049,46162
156880825,46169
156888434,46164
156896290,46162
156903900,46163
156911693,46165
156918560,46169
156926141,46167
156933932,46170
156941492,46165
156949292,46162
156956811,46158
156964588,46165
156972155,46167
156980009,46169
156987654,46168
156995451,46170
157002996,46169
157010790,46162
157018384,46156
157026289,46197
157033965,46188
157041764,46203
157049351,46189
157057778,46197
157065336,46203
157073127,46199
157079943,46197
157087541,46198
157095379,46201
157102205,46202
157109787,46196
157117554,46192
157125130,46200
157132942,46195
157140523,46199
157148343,46193
157155921,46196
157162707,46194
157170441,46191
157178024,46189
157185841,46191
157193443,46198
157200262,46193
157208014,46196
157215555,46196
157222408,46196
157230274,46198
157237818,46207
157245611,46201
157253180,46210
157260962,46211
157269078,46331
157276856,46331
157284447,46340
157292275,46344
157299855,46351
157307681,46353
157315279,46360
157323057,46364
157330658,46362
157337477,46376
157345322,46373
157352894,46387
157360684,46387
157368289,46395
157376098,46394
157383707,46401
157391434,46412
157398981,46410
157406745,46417
157414313,46414
157422096,46415
157429727,46423
157437547,46417
157445093,46425
157452909,46428
157460477,46429
157468319,46418
157476529,46433
157484384,46429
157491899,46430
157499689,46427
157513400,46485
157521005,46478
157528755,46481
157536329,46474
157544114,46480
157551729,46474
157558577,46472
157566415,46471
157573921,46474
157580781,46468
157588559,46468
157596075,46470
157603847,46468
157611422,46470
157619219,46467
157632892,46413
157640449,46417
157647291,46421
157655081,46423
157662699,46417
157670435,46414
157677974,46419
157686391,46411
157693916,46413
157701710,46421
157709333,46416
157717142,46416
157724736,46413
157732465,46408
157740073,46412
157747875,46373
157755473,46363
157763324,46375
157770876,46372
157778615,46364
157786178,46375
157793944,46364
157800772,46364
157808360,46372
157816184,46364
157823795,46365
157831504,46355
157839090,46358
157846903,46354
157861148,46362
157869042,46327
157876642,46358
157884453,46332
157892033,46332
157900463,46354
157908054,46325
157914904,46320
157922758,46324
157930341,46321
157937233,46325
157945034,46313
157952640,46320
157960418,46316
157967977,46314
157975742,46310
157983294,46311
157991077,46301
157998645,46302
158006419,46311
158013992,46305
158021770,46307
158029368,46301
158037230,46308
158044808,46304
158052560,46307
158060114,46308
158067868,46305
158075413,46301
158083224,46299
158090820,46305
158098582,46305
158106061,46304
158113701,46306
158121466,46314
158129031,46317
158136820,46311
158144407,46319
158151246,46325
158159017,46321
158166592,46327
158174417,46327
158181938,46329
158189720,46342
158197281,46340
158205009,46343
158212570,46340
158220402,46350
158227891,46385
158235672,46384
158243278,46387
158251045,46387
158258642,46381
158266445,46381
158273948,46386
158281698,46384
158289299,46384
158297060,46385
158304676,46380
158313198,46373
158320780,46376
158328551,46368
158336121,46371
158350688,46371
158358305,46370
158366110,46374
158373738,46375
158381487,46370
158389052,46370
158396845,46375
158404399,46372
158412195,46371
158419077,46378
158426669,46375
158434444,46379
158442010,46378
158449793,46375
158457352,46372
158471949,46370
158479539,46358
158487414,46363
158494982,46362
158502814,46359
158510409,46354
158518250,46355
158526452,46355
158534314,46353
158541875,46352
158549630,46347
158557233,46355
158565013,46351
158572651,46338
158587331,46346
158594861,46353
158602644,46349
158610220,46345
158618013,46350
158625617,46350
158632500,46350
158640353,46340
158647905,46358
158655689,46352
158663282,46341
158671036,46346
158678649,46345
158686438,46351
158693985,46351
158701775,46381
158709367,46380
158717136,46378
158724718,46381
158733150,46373
158740766,46379
158748542,46379
158756115,46376
158763928,46374
158771524,46372
158779365,46373
158786915,46369
158794692,46377
158802261,46383
158810046,46384
158817609,46385
158825419,46386
158832289,46389
158839830,46388
158847547,46391
158855088,46383
158862883,46387
158870456,46393
158878318,46396
158885867,46403
158893640,46403
158901228,46400
158908983,46403
158916577,46406
158924359,46409
158931908,46415
158947215,46400
158954810,46404
158962510,46408
158970105,46403
158977923,46406
158985544,46410
158992375,46405
159000214,46410
159007830,46411
159015519,46412
159023119,46416
159030931,46410
159038535,46417
159046389,46409
159053960,46413
159068509,46414
159076065,46422
159083874,46420
159098151,46415
159105998,46421
159113586,46425
159121400,46420
159128925,46425
159136719,46417
159143516,46420
159151661,46431
159159536,46431
159167105,46433
159181784,46457
159189375,46454
159197167,46447
159204780,46447
159212523,46455
159220148,46448
159227015,46454
159234857,46455
159242489,46457
159250310,46462
159257858,46461
159265632,46460
159273171,46465
159281017,46472
159288597,46466
159296381,46528
159303918,46530
159310737,46533
159318506,46535
159326079,46527
159333822,46540
159341418,46536
159349216,46530
159356827,46537
159365273,46542
159372828,46533
159380530,46538
159388113,46538
159395860,46533
159403410,46541
159411229,46544
159418830,46488
159426585,46488
159434173,46479
159441971,46484
159449520,46476
159457381,46476
159464150,46472
159471001,46477
159478577,46468
159486387,46466
159493921,46463
159501732,46461
159509365,46463
159517109,46457
159524744,46456
159532555,46453
159540109,46423
159547906,46419
159555492,46416
159563334,46411
159571561,46403
159579388,46400
159586166,46403
159593769,46400
159601524,46409
159609065,46399
159616915,46399
159624504,46401
159632334,46399
159639871,46390
159647635,46399
159655244,46402
159663037,46390
159670668,46386
159678471,46384
159686042,46386
159693830,46387
159701454,46386
159709239,46393
159716824,46388
159724561,46389
159732148,46389
159739972,46387
159746784,46385
159754423,46390
159762271,46394
159769863,46391
159785091,46395
159792679,46397
159800458,46392
159807990,46393
159815797,46389
159823420,46384
159831211,46379
159838781,46386
159846508,46379
159854033,46370
159861784,46365
159869375,46364
159877223,46360
159884843,46360
159892625,46355
159900189,46298
159907971,46307
159914783,46296
159922378,46303
159930136,46300
159937766,46304
159945531,46299
159952350,46297
159959890,46299
159967635,46302
159975183,46305
159982974,46299
159991180,46305
159998984,46303
160006563,46301
160014413,46298
160022013,46289
160029851,46297
160037432,46298
160045249,46306
160052840,46296
160060600,46302
160068175,46313
160075969,46315
160083553,46313
160091434,46324
160098983,46320
160106774,46328
160114322,46333
160122197,46334
160129847,46347
160144626,46452
160152265,46453
160160166,46457
160167781,46450
160175607,46453
160183247,46448
160191069,46448
160199279,46446
160207064,46440
160214692,46441
160222516,46439
160229332,46439
160236937,46430
160244708,46438
160252290,46428
160260094,46390
160267711,46394
160275498,46392
160283097,46389
160290905,46382
160298456,46394
160306241,46387
160313873,46377
160321590,46386
160335778,46382
160342649,46383
160350498,46388
160358039,46386
160365933,46367
160373538,46372
160381400,46212
160388953,46202
160395781,46187
160403676,46188
160412001,46184
160419835,46180
160426668,46169
160434254,46162
160442062,46166
160449648,46156
160457453,46152
160464247,46142
160471844,46140
160479600,46136
160487208,46130
160501967,46030
160509546,46029
160517374,46030
160524909,46021
160532721,46025
160540360,46022
160547263,46016
160554131,46008
160562011,46004
160569652,46002
160577472,46003
160585060,46002
160592778,45998
160600365,45992
160608149,45996
160615783,45930
160624276,45927
160631829,45919
160639638,45926
160647210,45923
160655020,45926
160661822,45925
160669409,45922
160677205,45919
160684812,45921
160692556,45917
160700159,45915
160707915,45929
160715436,45911
160723218,45912
160730772,45918
160738529,45914
160746091,45903
160753899,45913
160761521,45911
160769354,45905
160776862,45906
160784603,45907
160792187,45911
160799982,45904
160807543,45907
160815385,45911
160822911,45910
160831329,45906
160838884,45895
160846621,45898
160861035,45885
160868843,45892
160876428,45888
160884301,45888
160891868,45888
160899614,45889
160907154,45893
160914955,45890
160922514,45890
160930354,45897
160937941,45892
160944769,45897
160952542,45895
160960125,45899
160967904,45899
160975471,45907
160983257,45906
160990867,45905
160998622,45907
161006187,45897
161014002,45916
161021587,45916
161029439,45917
161037647,45917
161045438,45922
161052963,45917
161060752,45914
161068360,45918
161076158,45924
161083781,45916
161091545,45920
161099114,45937
161106927,45924
161114506,45936
161121317,45933
161129103,45934
161136700,45935
161143558,45932
161151414,45933
161158205,45940
161165810,45940
161173543,45939
161181124,45935
161188914,45940
161196488,45946
161204275,45942
161218772,45961
161226602,45969
161234156,45973
161240926,45969
161249334,45967
161256877,45963
161263684,45966
161271496,45970
161278299,45960
161285939,45964
161293744,45969
161301273,45959
161308075,45968
161315862,45962
161323452,45954
161338087,45886
161345692,45884
161353457,45878
161360340,45876
161367875,45881
161375617,45871
161382487,45874
161390049,45873
161396859,45875
161404615,45872
161412203,45874
161420045,45867
161426878,45864
161434454,45860
161442255,45861
161457231,45814
161465082,45812
161472679,45807
161479550,45804
161487410,45801
161494918,45807
161501729,45805
161509505,45805
161516312,45804
161523895,45801
161531575,45804
161539155,45796
161545980,45800
161553815,45807
161575096,45810
161582812,45807
161590556,45816
161597366,45809
161604937,45813
161612715,45806
161620328,45803
161628169,45805
161635055,45804
161642610,45803
161650450,45809
161657996,45805
161664842,45811
161672636,45811
161680868,45815
161688643,45817
161696268,45816
161704050,45819
161711622,45825
161719425,45816
161726921,45819
161734676,45821
161742278,45826
161750060,45827
161757707,45829
161765488,45829
161773100,45833
161779904,45832
161787673,45831
161795262,45836
161803068,45835
161810668,45869
161818476,45867
161826041,45865
161833832,45870
161841472,45877
161849309,45873
161856877,45871
161864654,45881
161872203,45876
161879983,45879
161888229,45882
161896056,45882
161903592,45875
161911418,45879
161918977,45887
161933535,45889
161941131,45891
161948932,45884
161955805,45894
161963395,45897
161971159,45887
161978798,45892
161986554,45896
161994139,45900
162001931,45892
162009518,45892
162017367,45898
162024926,45897
162032708,45887
162040239,45883
162054816,45906
162062410,45902
162070242,45904
162077055,45907
162084666,45908
162093168,45917
162100012,45909
162107560,45920
162115368,45915
162122943,45912
162130702,45926
162138291,45921
162146095,45922
162153755,45923
162161553,45929
162169094,45935
162176899,45935
162184501,45928
162191341,45935
162199110,45926
162206711,45920
162214490,45922
162221343,45922
162228891,45921
162236562,45917
162243373,45905
162250944,45917
162258747,45910
162265609,45912
162273169,45910
162280970,45905
162295400,45870
162303744,45874
162311304,45871
162319105,45866
162326713,45870
162334521,45872
162342057,45876
162349881,45869
162357473,45869
162365252,45868
162372892,45865
162380638,45869
162388213,45864
162396034,45853
162410474,45887
162418252,45888
162425868,45896
162432665,45888
162440492,45883
162448052,45897
162455787,45893
162463371,45895
162471135,45885
162478714,45895
162485557,45894
162493371,45893
162500903,45885
162508616,45906
162516848,45898
162531419,45919
162538976,45926
162546776,45917
162553625,45920
162561177,45917
162568955,45918
162576528,45923
162583375,45922
162591151,45920
162598753,45915
162605565,45918
162613395,45931
162620950,45932
162627748,45924
162635510,45925
162649903,45965
162657696,45966
162665316,45966
162672141,45965
162679951,45958
162687554,45966
162695387,45961
162702172,45967
162709779,45967
162717548,45973
162725016,45968
162732587,45965
162740449,45970
162747285,45978
162754898,45973
162769516,46006
162777067,46011
162784806,46015
162791612,46017
162805841,46010
162813604,46020
162821231,46018
162829077,46017
162836695,46021
162844465,46017
162852000,46010
162859788,46016
162867402,46026
162875262,46019
162882931,46078
162890766,46078
162898371,46077
162905159,46082
162912936,46078
162920519,46075
162928313,46076
162935866,46088
162944308,46072
162951877,46082
162959615,46081
162967173,46082
162974989,46073
162982567,46079
162990397,46077
163004809,46110
163012578,46098
163020147,46107
163027994,46113
163035536,46106
163043357,46111
163050947,46105
163057728,46112
163065480,46119
163073026,46117
163080830,46119
163087709,46116
163095325,46105
163103095,46113
163110684,46112
163125283,46093
163132860,46087
163140646,46084
163147482,46078
163155728,46081
163163504,46069
163171055,46062
163177875,46059
163185666,46054
163193215,46055
163201016,46051
163208607,46053
163216440,46048
163223973,46042
163230768,46043
163238520,45994
163246070,45995
163253841,45989
163261422,45984
163269201,45985
163276844,45985
163284520,45977
163292078,45973
163299879,45970
163307481,45965
163315301,45966
163322881,45963
163329733,45965
163337573,45962
163345135,45957
163352922,45963
163361197,45944
163369005,45945
163376585,45941
163384440,45944
163391992,45942
163399782,45952
163407382,45938
163415136,45937
163422769,45942
163430495,45934
163438040,45943
163444824,45937
163452593,45944
163460157,45940
163466993,45948
163474753,45941
163482379,45964
163490176,45966
163497819,45978
163505557,45972
163513113,45968
163520881,45976
163528441,45969
163536281,45969
163543913,45973
163551660,45977
163559249,45975
163567000,45967
163574619,45974
163582446,45980
163589969,45979
163597776,45972
163605384,45996
163613203,45989
163620834,45994
163628666,45992
163636288,46002
163644097,46005
163651684,46003
163658548,45998
163666397,46007
163673945,46006
163681728,46001
163689309,46006
163697119,46000
163704727,45999
163712524,46005
163720094,46011
163727885,46023
163735491,46020
163743306,46016
163750889,46018
163758660,46023
163766235,46023
163774530,46033
163782056,46031
163789817,46030
163797416,46037
163804248,46039
163812087,46032
163819673,46037
163827460,46038
163834983,46037
163842734,46074
163850336,46075
163858137,46071
163865785,46071
163873596,46075
163881193,46075
163888982,46077
163895786,46080
163903380,46082
163911084,46086
163918688,46088
163925574,46086
163933402,46080
163940985,46083
163948777,46090
163956377,46090
163964147,46073
163971706,46073
163979493,46074
163987728,46081
163995482,46077
164003060,46067
164010834,46077
164018423,46079
164026178,46073
164040457,46078
164048317,46081
164055962,46078
164063775,46075
164070654,46072
164085039,46074
164092831,46066
164100428,46068
164108286,46060
164115832,46057
164123536,46053
164131084,46055
164138904,46046
164146501,46047
164154351,46039
164161171,46033
164168798,46037
164176493,46031
164184067,46030
164191819,46026
164199983,45944
164207812,45944
164215431,45953
164223239,45938
164230849,45936
164238638,45939
164246203,45939
164253028,45919
164260833,45927
164268454,45929
164276315,45914
164283928,45913
164291681,45903
164299246,45902
164307013,45901
164314558,45890
164322382,45771
164329943,45761
164337728,45766
164345311,45763
164353090,45765
164360662,45758
164368453,45757
164375971,45745
164383724,45747
164391308,45747
164399125,45740
164407258,45737
164415043,45736
164422697,45736
164429554,45739
164437432,45727
164445051,45683
164452882,45688
164460456,45676
164468208,45682
164475810,45682
164483586,45680
164491112,45684
164498905,45679
164506462,45681
164514212,45688
164521830,45680
164529577,45675
164537159,45675
164544960,45669
164552554,45677
164567165,45662
164574748,45659
164582518,45654
164590088,45648
164597858,45651
164605462,45648
164613875,45645
164621453,45647
164629289,45651
164636890,45650
164644628,45642
164652216,45644
164660100,45645
164667646,45642
164675478,45645
164683058,45652
164690846,45648
164698440,45650
164706182,45654
164713047,45658
164720641,45655
164728488,45661
164735311,45654
164742935,45653
164750761,45654
164758321,45654
164766140,45660
164773717,45655
164781542,45662
164789154,45655
164796944,45655
164804541,45681
164812354,45678
164820543,45683
164828399,45677
164835997,45681
164843768,45685
164850660,45682
164858234,45676
164866057,45685
164873662,45688
164881462,45687
164888989,45685
164896777,45695
164904363,45696
164912139,45694
164919738,45691
164927562,45726
164935135,45727
164942930,45728
164950473,45727
164958281,45737
164965873,45731
164973627,45733
164981220,45726
164989049,45736
164996608,45733
165004485,45739
165012022,45737
165019791,45733
165027876,45741
165034705,45736
165049401,45724
165056951,45726
165064681,45720
165072318,45723
165080111,45713
165087666,45711
165095481,45712
165102979,45716
165110785,45707
165118334,45707
165126131,45702
165133736,45697
165141519,45689
165149060,45690
165156833,45688
165164466,45652
165172341,45643
165179978,45648
165187888,45644
165194819,45646
165202472,45636
165210373,45637
165217913,45636
165225691,45639
165233252,45633
165241642,45626
165249214,45630
165257048,45624
165264628,45630
165285986,45587
165293665,45588
165301500,45592
165308363,45593
165315972,45592
165323810,45588
165330701,45577
165338336,45589
165346158,45587
165353738,45585
165361505,45588
165369022,45592
165376782,45587
165384402,45590
165392208,45586
165406705,45594
165414549,45606
165422117,45599
165428928,45603
165436704,45596
165444337,45603
165452155,45603
165460415,45601
165468215,45610
165475861,45604
165483594,45608
165491152,45610
165498951,45609
165506528,45608
165521205,45644
165528850,45645
165536628,45642
165544213,45648
165552038,45656
165559602,45650
165567477,45654
165575016,45661
165582857,45630
165590443,45663
165598297,45670
165605919,45666
165613653,45673
165621207,45688
165629012,45680
165636628,45805
165644449,45805
165652004,45805
165659800,45805
165667374,45808
165675158,45809
165682773,45809
165689585,45816
165697420,45827
165704979,45825
165712757,45826
165720393,45834
165728192,45836
165735857,45845
165743577,45842
165751138,45846
165758922,45931
165766501,45925
165774354,45936
165781896,45938
165789698,45942
165797277,45937
165805094,45942
165812618,45937
165820454,45944
165827935,45952
165835673,45945
165843248,45956
165851036,45962
165858631,45965
165865525,45970
165873987,45972
165881519,46014
165889316,46011
165896868,46023
165904715,46024
165912264,46015
165920060,46025
165927605,46025
165935449,46025
165942994,46032
165950759,46033
165958355,46033
165966121,46036
165973730,46035
165981517,46039
165989037,46038
165995881,46034
166003608,46093
166011147,46077
166018918,46084
166026519,46082
166034329,46085
166041950,46085
166049676,46081
166057256,46072
166065077,46081
166072653,46071
166081083,46070
166088666,46071
166096491,46072
166104022,46061
166111815,46055
166126338,46001
166134196,46006
166141855,46009
166148680,46000
166156528,45998
166164075,46006
166171857,46001
166179419,45994
166187217,45991
166194836,45989
166202649,45995
166210196,45991
166217981,45988
166225561,45994
166233411,45990
166240924,45968
166248691,45978
166256273,45970
166264095,45962
166271646,45973
166279485,45970
166287764,45971
166295542,45976
166303075,45969
166310865,45972
166318463,45982
166326238,45986
166333853,45974
166341584,45980
166349150,45977
166356001,45990
166363783,45981
166371376,45981
166379176,45980
166386742,45979
166394537,45983
166402129,45977
166408957,45983
166416664,45978
166424259,45982
166432083,45987
166439638,45981
166447481,45980
166455037,45980
166462847,45988
166470415,45977
166476452,45976
166484237,45974
166492501,45969
166500361,45969
166507951,45971
166522415,45962
166530343,45966
166537964,45968
166545684,45975
166553253,45972
166561039,45976
166568610,45972
166576454,45970
166583993,45968
166590050,45975
166604625,45989
166612183,45988
166619945,45986
166627543,45998
166635371,45991
166642947,45987
166650690,45996
166658259,45992
166666071,45982
166673632,45997
166681471,46000
166689010,45995
166696755,45996
166704380,45994
166712819,45993
166720419,46044
166728192,46052
166735867,46046
166743619,46035
166750494,46050
166758048,46045
166765851,46042
166773450,46040
166781235,46045
166788861,46050
166796604,46047
166804175,46047
166811931,46045
166819552,46047
166827350,46047
166834936,46033
166842788,46075
166850383,46078
166858210,46071
166865882,46075
166873623,46078
166881182,46080
166888011,46074
166895822,46085
166903433,46074
166911187,46071
166919437,46073
166927199,46073
166934779,46065
166942552,46078
166950099,46080
166964724,46110
166972329,46119
166980084,46119
166987666,46119
166995521,46123
167003079,46119
167010881,46124
167018453,46124
167026212,46124
167033864,46124
167041622,46121
167049202,46123
167057035,46127
167064611,46126
167071454,46121
167085454,46062
167093012,46065
167100812,46061
167108408,46060
167116200,46054
167124463,46056
167132234,46056
167139836,46053
167147593,46053
167155145,46046
167162921,46038
167170486,46031
167178274,46036
167185877,46024
167192706,46026
167200454,45972
167207999,45971
167215733,45968
167223344,45964
167231125,45960
167238731,45965
167246533,45961
167254082,45965
167261869,45963
167269439,45962
167277207,45953
167284809,45948
167292585,45953
167300119,45948
167307881,45950
167322333,45936
167330768,45931
167338355,45925
167346133,45930
167353711,45931
167361485,45927
167368362,45922
167375957,45921
167383722,45924
167391265,45926
167399046,45922
167406638,45919
167414461,45923
167422053,45924
167429857,45919
167437443,45920
167445196,45927
167452832,45918
167460621,45919
167468165,45928
167475952,45925
167483536,45926
167491359,45925
167498959,45923
167506737,45930
167514392,45929
167522270,45924
167529886,45931
167538393,45929
167545977,45930
167552835,45928
167560641,45933
167568264,45931
167576146,45940
167583748,45933
167591535,45934
167598382,45940
167605935,45941
167613649,45946
167621217,45952
167628991,45950
167636592,45940
167644464,45944
167652050,45945
167659835,45943
167667411,45944
167675151,45947
167682746,45973
167690589,45974
167698154,45976
167705949,45970
167713535,45973
167721357,45975
167728231,45970
167735770,45985
167743560,45981
167758729,45981
167766444,45979
167774377,45989
167782002,45989
167788892,45959
167802597,46029
167810487,46031
167818099,46027
167825904,46028
167833509,46025
167841321,46029
167848928,46029
167856772,46037
167864367,46037
167872162,46040
167879710,46038
167887489,46037
167895040,46043
167902793,46045
167910354,46048
167918146,46084
167925768,46091
167933579,46099
167941196,46097
167948990,46093
167955854,46095
167963986,46090
167971834,46102
167979445,46093
167987228,46098
167994804,46090
168002589,46100
168010152,46100
168017961,46107
168025642,46111
168040340,46053
168047944,46050
168055649,46050
168063226,46043
168071035,46043
168078601,46043
168085439,46039
168093260,46033
168100895,46038
168108636,46039
168116211,46035
168124008,46035
168131608,46040
168139455,46032
168146988,46028
168161566,45993
168169026,45993
168176851,45992
168184435,45992
168192248,45982
168199061,45986
168205892,45986
168213484,45981
168221264,45985
168228907,45984
168236702,45986
168244271,45986
168252101,45983
168259690,45992
168267523,45980
168281151,45979
168288012,45989
168295578,45984
168303415,45987
168310989,45986
168317796,45985
168324625,45989
168332447,45986
168339965,45990
168347681,45985
168355261,45976
168363034,45983
168370604,45972
168378445,45980
168386709,45981
168400696,45996
168407470,46012
168415019,46000
168422793,46007
168430357,46009
168437179,46008
168444024,46006
168451852,46010
168459430,46006
168467231,46001
168474858,46003
168482612,45998
168490190,45997
168497954,46001
168505583,46005
168519611,46023
168526445,46023
168533977,46025
168541711,46025
168549295,46025
168556109,46024
168562955,46027
168570712,46031
168578283,46032
168586110,46013
168594268,46019
168602116,46024
168609732,46013
168617565,46018
168625149,46011
168639105,46057
168645912,46062
168653499,46067
168661276,46054
168668899,46061
168675679,46060
168682513,46062
168690351,46053
168697999,46053
168705787,46063
168713400,46056
168721246,46056
168728881,46051
168736581,46058
168744139,46055
168758143,46066
168765763,46067
168773578,46072
168781170,46067
168788953,46071
168796530,46073
168805045,46075
168812668,46064
168820511,46075
168828093,46065
168835899,46075
168843571,46068
168851466,46060
168859036,46070
168873644,46129
168881235,46131
168888094,46136
168895888,46131
168903503,46133
168911361,46137
168918980,46140
168926718,46137
168934274,46141
168942078,46139
168949648,46140
168957475,46099
168965043,46144
168972840,46134
168980428,46126
168994898,46059
169002762,46054
169010384,46047
169018814,46044
169026468,46035
169033411,46037
169041292,46032
169048918,46030
169056757,46029
169064403,46028
169072204,46015
169079856,46016
169087633,46008
169095153,46013
169109682,45937
169117287,45929
169125096,45929
169132618,45930
169140469,45929
169148034,45920
169155799,45914
169163383,45919
169171175,45911
169178820,45918
169186605,45913
169194181,45906
169201951,45906
169209537,45902
169217375,45902
169225554,45857
169233418,45857
169240987,45850
169247758,45848
169255651,45847
169263290,45848
169270168,45848
169278039,45855
169285684,45841
169293581,45846
169301191,45854
169309069,45852
169316648,45846
169324533,45858
169332066,45848
169339875,45854
169347456,45852
169355202,45854
169362796,45857
169370614,45861
169378130,45859
169385943,45857
169393525,45867
169400335,45864
169408150,45866
169415730,45866
169423557,45866
169431093,45879
169439556,45876
169447083,45871
169454878,45882
169469297,45884
169477101,45888
169484668,45890
169491501,45884
169499255,45885
169506889,45883
169513718,45885
169520534,45885
169528352,45884
169535928,45889
169543661,45889
169551240,45886
169559045,45886
169566606,45882
169574453,45888
169588060,45918
169595620,45917
169603455,45918
169610232,45917
169617799,45918
169625632,45922
169632478,45925
169639338,45927
169647577,45923
169655463,45923
169662984,45928
169670720,45919
169678312,45928
169686124,45928
169693743,45931
169707484,45909
169715306,45917
169722923,45912
169729719,45927
169737549,45919
169745083,45910
169751909,45926
169758765,45918
169766548,45918
169774072,45915
169781882,45922
169789467,45920
169797265,45922
169804864,45928
169812637,45926
169826296,45924
169833902,45921
169841661,45928
169849234,45922
169857068,45920
169865210,45931
169872984,45923
169880559,45929
169888379,45925
169895973,45936
169903743,45940
169911344,45943
169919122,45951
169926712,45947
169934551,45944
169942156,45956
169949921,45952
169957494,45950
169965261,45949
169972902,45952
169980750,45950
169988325,45947
169995157,45947
170002914,45940
170010490,45941
170018259,45933
170025857,45935
170033625,45928
170041165,45928
170049001,45929
170056578,45918
170064382,45836
170072512,45826
170080297,45830
170087884,45830
170095651,45829
170103242,45825
170111054,45822
170118635,45824
170126455,45823
170134019,45827
170141790,45830
170149352,45821
170157207,45831
170164817,45826
170172623,45824
170186252,45751
170193787,45742
170201560,45745
170209096,45754
170216874,45741
170231090,45754
170238928,45743
170246547,45740
170254347,45735
170261928,45741
170269625,45746
170277199,45742
170285630,45744
170293167,45744
170300983,45709
170308591,45708
170316395,45708
170323968,45707
170330738,45707
170338525,45708
170346080,45710
170352925,45706
170360702,45710
170368295,45705
170376064,45706
170383672,45703
170391494,45700
170399012,45701
170406771,45704
170414306,45698
170421154,45697
170428945,45699
170436534,45700
170444296,45692
170451182,45699
170458774,45689
170466568,45695
170472681,45695
170480266,45692
170488073,45699
170496157,45685
170503984,45693
170511553,45691
170519373,45689
170526972,45692
170534778,45692
170549170,45709
170556967,45707
170564593,45714
170571422,45717
170579255,45714
170586855,45711
170594651,45716
170602199,45711
170609972,45722
170617549,45717
170625349,45709
170632966,45706
170640716,45724
170648291,45727
170656133,45728
170662958,45751
170670527,45753
170678279,45753
170685907,45754
170693676,45757
170701935,45748
170709741,45749
170717295,45751
170725106,45767
170732684,45766
170740506,45768
170748053,45774
170755856,45768
170763445,45776
170771246,45770
170778119,45777
170785663,45823
170793489,45825
170801024,45827
170808740,45832
170816322,45826
170824134,45830
170831685,45826
170839519,45837
170847073,45831
170854820,45837
170862430,45841
170870199,45845
170877748,45847
170885552,45838
170893081,45847
170908313,45867
170915929,45861
170923810,45862
170931433,45863
170939363,45856
170946967,45847
170953866,45837
170961682,45838
170969245,45833
170977087,45840
170984665,45839
170992486,45844
171000044,45830
171007867,45832
171015430,45828
171023244,45777
171030863,45774
171038698,45779
171046363,45773
171054216,45772
171061816,45773
171068650,45771
171076442,45769
171083985,45776
171091698,45771
171099277,45774
171107063,45768
171115217,45771
171123086,45768
171130659,45772
171138488,45775
171146065,45765
171153809,45764
171161350,45767
171169190,45764
171176754,45763
171184554,45755
171192088,45760
171199851,45766
171207424,45757
171215182,45759
171222735,45766
171230576,45763
171238088,45770
171245868,45764
171253474,45763
171260290,45761
171268101,45777
171275634,45777
171283442,45782
171291027,45776
171298762,45780
171306324,45780
171314091,45786
171322213,45786
171330027,45787
171337600,45791
171345400,45788
171352994,45786
171360756,45798
171368364,45793
171376229,45793
171390665,45820
171398489,45823
171406023,45819
171413823,45824
171421421,45816
171429186,45816
171436761,45819
171444600,45822
171452110,45822
171466532,45822
171474108,45822
171481945,45828
171489543,45825
171496397,45827
171504227,45861
171511828,45869
171519658,45865
171527215,45864
171535022,45860
171541784,45868
171549364,45871
171557206,45875
171564818,45869
171572667,45868
171580242,45871
171588056,45874
171595634,45879
171603435,45882
171611017,45878
171618772,45875
171626342,45914
171634175,45913
171641770,45908
171649602,45916
171657108,45915
171664927,45922
171671747,45916
171679307,45919
171687071,45915
171694650,45919
171702495,45914
171710069,45916
171717848,45913
171725460,45914
171733230,45918
171740821,45973
171749280,45971
171756934,45962
171764806,45969
171772359,45968
171780156,45968
171787697,45973
171795511,45979
171803056,45973
171810845,45980
171818445,45982
171826254,45986
171833883,45993
171841668,45995
171849247,45992
171856066,46001
171863816,45951
171871363,45942
171879182,45939
171886748,45939
171894565,45936
171902116,45935
171909934,45932
171917486,45932
171925245,45935
171932840,45930
171940653,45932
171948199,45934
171956589,45926
171964110,45918
171971909,45922
171986315,45865
171994113,45870
172001696,45856
172009527,45852
172017131,45857
172023963,45844
172031699,45847
172039257,45848
172047002,45840
172054568,45844
172062332,45835
172069942,45835
172077759,45837
172085382,45839
172093203,45834
172107665,45816
172115493,45817
172123027,45812
172130756,45818
172138322,45815
172146094,45814
172153682,45814
172162144,45810
172169721,45816
172177522,45817
172185053,45807
172192878,45809
172200468,45805
172208242,45806
172222728,45812
172230559,45813
172238129,45819
172245921,45809
172253518,45816
172261306,45816
172268925,45815
172275763,45814
172283594,45810
172291165,45812
172298963,45810
172306568,45818
172314404,45810
172321990,45822
172329731,45817
172337336,45833
172345172,45830
172352768,45829
172360634,45827
172368887,45828
172376790,45825
172383662,45826
172391252,45833
172399093,45826
172406739,45825
172414592,45826
172422225,45826
172430066,45827
172437674,45828
172445478,45823
172453107,45837
172460937,45854
172468532,45855
172476297,45853
172483922,45856
172491711,45860
172499254,45861
172507017,45863
172514652,45859
172522473,45872
172530098,45866
172537884,45876
172545510,45882
172553337,45878
172560971,45875
172568757,45880
172584109,45909
172591661,45908
172599534,45903
172607126,45901
172615005,45901
172621924,45900
172629598,45903
172636438,45914
172644257,45914
172651846,45912
172659635,45915
172667195,45912
172674960,45920
172682541,45917
172690343,45923
172704570,45966
172712401,45972
172720110,45972
172727914,45972
172735483,45982
172743243,45970
172750874,45980
172757739,45977
172765599,45981
172773239,45987
172781091,45985
172788664,45987
172797099,45988
172804693,45992
172818417,46012
172826204,46016
172833816,46006
172841644,46003
172849203,46011
172856995,46007
172864563,46003
172871365,46002
172878208,45997
172885992,45996
172893620,45986
172901492,45985
172909022,45985
172916763,45972
172924319,45968
172937997,45910
172945773,45908
172953399,45901
172961193,45899
172968771,45904
172976591,45902
172984115,45895
172990937,45905
172997735,45894
173006183,45893
173013767,45896
173021596,45886
173029206,45895
173036998,45886
173044617,45883
173052432,45860
173059261,45847
173066840,45856
173074675,45857
173082263,45850
173090095,45860
173097713,45850
173104578,45850
173112394,45842
173119991,45842
173127732,45846
173135301,45840
173143118,45837
173150696,45843
173158533,45841
173166048,45836
173180623,45786
173188179,45789
173195969,45783
173203608,45786
173211442,45785
173218950,45783
173226571,45792
173234403,45788
173241950,45787
173249704,45790
173257339,45788
173265121,45792
173272703,45789
173280523,45789
173288121,45787
173295874,45785
173303446,45789
173311212,45779
173318739,45787
173326582,45778
173334090,45781
173341851,45782
173349458,45785
173357252,45782
173364867,45773
173372637,45788
173380227,45784
173387988,45783
173395581,45782
173403421,45787
173411044,45768
173417819,45762
173426262,45768
173433890,45764
173441647,45772
173449259,45767
173457034,45771
173464600,45766
173471438,45770
173479205,45775
173486798,45772
173494638,45767
173502183,45767
173509968,45765
173517514,45766
173525288,45767
173532937,45785
173540689,45780
173548250,45779
173556020,45778
173563594,45778
173571346,45772
173578963,45776
173586774,45781
173594308,45773
173602099,45776
173609671,45782
173617504,45775
173625097,45771
173633534,45781
173641104,45782
173655780,45774
173663341,45780
173671167,45773
173678772,45784
173686611,45780
173694136,45780
173700961,45789
173708679,45787
173716224,45795
173724030,45793
173731600,45790
173739424,45787
173747040,45793
173754787,45795
173762332,45792
173776982,45829
173784600,45832
173792441,45833
173800059,45832
173807879,45828
173815482,45829
173823278,45832
173830919,45830
173839350,45829
173846984,45827
173854752,45822
173862333,45833
173870150,45827
173877721,45828
173892419,45791
173900035,45792
173907805,45799
173915384,45793
173923220,45791
173930803,45792
173945297,45790
173952114,45787
173959994,45777
173966867,45775
173974499,45788
173982312,45786
173989983,45778
173997729,45793
174005315,45796
174013180,45793
174019990,45795
174027646,45801
174035496,45804
174043084,45803
174050827,45808
174058293,45803
174065881,45801
174073670,45808
174081248,45808
174088071,45791
174095818,45805
174103362,45800
174111163,45794
174118743,45796
174126560,45826
174134122,45823
174141927,45824
174149488,45828
174157284,45829
174164874,45832
174172680,45829
174180164,45828
174187924,45823
174195478,45833
174203333,45830
174210972,45834
174218759,45835
174226327,45833
174234140,45833
174241685,45836
174249484,45853
174257018,45846
174265460,45849
174273050,45846
174280818,45838
174288397,45853
174296214,45850
174303795,45848
174311590,45847
174319094,45856
174326837,45853
174334394,45856
174342227,45855
174349826,45855
174357659,45857
174372073,45900
174379859,45903
174387445,45903
174395290,45905
174402874,45903
174410646,45909
174418219,45908
174426031,45906
174433628,45908
174441438,45911
174449026,45903
174456810,45910
174464404,45900
174472740,45904
174480332,45910
174488142,45956
174495715,45967
174503538,45964
174511068,45959
174518831,45966
174526407,45965
174534236,45963
174541843,45978
174549617,45971
174556509,45971
174564059,45927
174571793,45976
174579396,45976
174587198,45984
174594786,45982
174602605,45973
174610111,46019
174617891,46014
174625450,46028
174633230,46036
174640788,46035
174648599,46037
174656199,46035
174664004,46038
174671624,46046
174680049,46039
174687652,46050
174695486,46045
174703028,46048
174710809,46043
174718388,46044
174733067,46078
174739869,46084
174747452,46084
174755295,46078
174762875,46082
174770649,46087
174778198,46077
174785970,46079
174793539,46074
174801335,46061
174808979,46065
174816792,46062
174824339,46057
174832130,46058
174839685,46061
174847511,46003
174855110,46006
174862865,46011
174870400,46007
174878203,46007
174886398,45998
174893227,46004
174901009,46009
174908657,45997
174915486,45998
174923284,45989
174930882,45992
174938667,46002
174946187,45994
174953984,45997
174961533,46001
174969339,45984
174976939,45984
174984701,45993
174992306,45985
175000115,45976
175007710,45983
175014544,45982
175022355,45978
175029970,45980
175036802,45972
175044645,45974
175052201,45972
175059019,45974
175066819,45963
175074467,45965
175082233,45969
175097148,45980
175103960,45980
175111700,45984
175119295,45979
175127057,45979
175134692,45988
175142533,45981
175150110,45992
175157866,45993
175165448,45988
175179867,45992
175187747,46003
175195402,45985
175210101,46003
175216962,46012
175224601,46005
175232346,46000
175239972,46009
175247737,46007
175255346,46010
175263136,46002
175270733,46012
175278585,46008
175286159,46011
175293895,45997
175301448,46003
175309891,46011
175317453,46005
175325286,46023
175332882,46038
175340639,46032
175348168,46029
175355982,46035
175363598,46031
175370409,46030
175378212,46033
175385803,46030
175392676,46028
175400555,46029
175408129,46029
175415934,46036
175423521,46037
175431282,46035
175438885,46036
175446666,46071
175454215,46075
175461969,46074
175469559,46080
175477331,46076
175484950,46077
175492700,46083
175500219,46077
175508009,46085
175516108,46089
175523957,46080
175531555,46088
175539386,46090
175547015,46094
175554800,46097
175569135,46106
175576907,46110
175584475,46106
175592227,46114
175599790,46111
175607641,46108
175615226,46119
175622967,46118
175630536,46126
175638319,46119
175645969,46123
175653711,46118
175661318,46118
175669112,46118
175676706,46123
175684537,46160
175692088,46168
175699865,46161
175707513,46165
175715331,46167
175723593,46166
175730425,46166
175738233,46164
175745771,46168
175753593,46165
175761152,46167
175768933,46170
175776537,46171
175784299,46166
175791897,46176
175799675,46170
175807240,46097
175815038,46099
175821887,46092
175829507,46091
175837281,46091
175844874,46097
175852668,46090
175860287,46093
175868057,46089
175875656,46095
175883465,46083
175891054,46079
175898750,46080
175906286,46086
175914065,46075
175921639,46086
175929437,46037
175937679,46028
175945479,46036
175953069,46027
175960833,46030
175967661,46026
175975237,46021
175983078,46031
175990636,46032
175998462,46031
176006092,46030
176013837,46030
176021395,46029
176029204,46034
176036758,46035
176051453,46020
176059055,46022
176066874,46012
176074467,46019
176082254,46024
176089797,46017
176097627,46025
176105164,46022
176112953,46022
176120552,46020
176128400,46025
176136024,46021
176144475,46026
176151331,46032
176158972,46021
176166783,46034
176174368,46038
176182254,46037
176189852,46045
176197641,46043
176205170,46040
176212937,46038
176220513,46045
176228279,46048
176235863,46044
176243673,46047
176251216,46039
176258955,46048
176266559,46041
176274392,46041
176281995,46050
176289812,46042
176297395,46041
176304211,46045
176312005,46046
176319611,46045
176327440,46042
176335032,46041
176342778,46045
176351016,46048
176357910,46044
176365666,46050
176373207,46051
176381017,46050
176388691,46040
176396522,46050
176404064,46043
176418449,46052
176426271,46058
176433918,46053
176441693,46046
176449279,46048
176457137,46050
176464735,46052
176471559,46057
176479362,46056
176487030,46045
176494817,46050
176502360,46051
176510163,46054
176517740,46058
176525567,46069
176533152,46073
176539961,46080
176547660,46073
176555223,46071
176563633,46077
176571174,46073
176578941,46062
176586591,46066
176594367,46067
176601970,46067
176609699,46063
176617204,46069
176624997,46069
176632560,46073
176647197,46091
176654737,46089
176662553,46089
176670103,46096
176677877,46101
176685448,46102
176693257,46104
176700810,46101
176708659,46100
176716204,46104
176724002,46105
176731565,46098
176739357,46099
176746954,46103
176754710,46090
176762253,46126
176770616,46121
176778185,46117
176785972,46118
176793579,46106
176801393,46107
176808234,46109
176815815,46097
176823642,46099
176831188,46093
176838959,46091
176846545,46081
176854356,46077
176862008,46074
176869799,46071
176877346,46074
176885141,45982
176892702,45991
176900481,45975
176908072,45973
176915824,45968
176923404,45971
176931193,45965
176938780,45968
176946600,45966
176954193,45962
176962001,45968
176969587,45964
176977968,45958
176985619,45962
176993389,45961
177000240,45954
177007801,45916
177015650,45920
177022429,45913
177030000,45921
177037751,45913
177045333,45915
177053141,45916
177060720,45918
177068546,45920
177076106,45918
177083833,45911
177091414,45916
177099200,45919
177106792,45909
177114669,45911
177121514,45911
177129089,45908
177136831,45903
177144385,45906
177152197,45909
177159720,45898
177167597,45899
177175173,45899
177183002,45905
177191197,45909
177199023,45906
177206580,45898
177214368,45909
177221991,45908
177229838,45902
177236678,45904
177251076,45938
177258833,45936
177266402,45938
177274185,45927
177281725,45935
177289552,45920
177297155,45932
177304977,45931
177312535,45929
177320333,45932
177327962,45934
177335696,45924
177343224,45927
177351006,45933
177357855,45931
177372242,45966
177380027,45960
177386875,45964
177395010,45968
177402807,45968
177410367,45963
177418180,45961
177425760,45981
177433583,45972
177440467,45974
177448080,45973
177455838,45972
177463387,45976
177471166,45976
177477994,45981
177485572,46004
177493324,46014
177500958,46012
177508749,46007
177516358,46008
177524147,46004
177531698,46013
177539501,46014
177547051,46015
177554806,46017
177562377,46019
177570172,46020
177577741,46026
177585569,46022
177593144,46028
177600900,46029
177609095,46065
177616787,46063
177623610,46073
177631179,46071
177638946,46077
177646585,46079
177661024,46080
177668876,46075
177675705,46080
177683206,46080
177690993,46080
177698577,46086
177706377,46086
177713270,46080
177720914,46089
177728774,46100
177736337,46087
177744103,46100
177751669,46095
177759496,46088
177767094,46089
177773946,46081
177781768,46088
177789341,46083
177797151,46073
177804709,46076
177812559,46079
177820850,46064
177828639,46065
177836162,46066
177850772,45999
177858352,45994
177866141,45991
177873692,46001
177881517,45991
177889134,45990
177896858,45983
177904446,45981
177912267,45984
177919869,45985
177927717,45981
177935227,45984
177942989,45975
177950574,45976
177957375,45978
177965171,45934
177972779,45927
177980608,45932
177988177,45928
177995962,45925
178003584,45927
178011398,45924
178019000,45933
178027424,45929
178035052,45928
178042780,45921
178050369,45916
178058217,45920
178065778,45915
178072606,45925
178080418,45914
178088052,45913
178095797,45907
178103397,45913
178111220,45911
178118806,45909
178126671,45913
178133500,45915
178141078,45911
178148777,45917
178156350,45917
178164193,45905
178171814,45910
178179696,45914
178187301,45908
178194178,45908
178201939,45904
178209518,45924
178217326,45920
178224915,45924
178232767,45923
178240956,45923
178248733,45920
178256289,45921
178264050,45926
178271623,45930
178278512,45925
178286261,45924
178293880,45920
178301715,45917
178309297,45927
178317107,45929
178324697,45921
178332489,45933
178340102,45935
178346852,45943
178354671,45936
178362166,45931
178369938,45944
178377514,45943
178385314,45939
178392941,45943
178399810,45940
178407673,45939
178415214,45943
178422966,45946
178430557,45942
178438406,45947
178446682,45944
178454531,45967
178462067,45969
178469870,45974
178477469,45972
178485248,45971
178492817,45972
178500632,45972
178508167,45974
178515006,45967
178522732,45974
178530258,45969
178538029,45968
178545628,45973
178553489,45972
178561101,45984
178575698,46008
178583287,46008
178591079,46007
178598645,46010
178606374,46011
178613947,46005
178621728,46011
178629268,46006
178636066,46009
178643868,46009
178652030,46009
178659862,46012
178667422,46008
178675241,46012
178682817,46020
178690649,46045
178698196,46039
178705962,46045
178713524,46042
178721296,46039
178728869,46041
178735722,46043
178743585,46046
178751166,46050
178758935,46048
178766524,46049
178774295,46051
178781895,46048
178789738,46054
178797269,46049
178805020,46050
178812610,45964
178820412,45958
178828045,45964
178835784,45952
178843380,45956
178851163,45955
178859291,45956
178867108,45949
178873912,45944
178881518,45951
178895974,45940
178903579,45932
178911421,45940
178918277,45936
178925907,45936
178933696,45877
178941273,45877
178948089,45879
178955870,45871
178963473,45870
178971290,45872
178978859,45873
178986700,45867
178994279,45863
179002023,45859
179009592,45867
179017346,45863
179024929,45864
179032787,45864
179039641,45863
179047213,45861
179055000,45847
179062583,45837
179069382,45842
179077731,45838
179085278,45847
179093074,45838
179100674,45840
179108514,45838
179116123,45843
179123869,45831
179131457,45836
179139254,45838
179146805,45841
179154647,45834
179162221,45850
179169990,45846
179177604,45860
179184438,45861
179192221,45858
179199767,45862
179207567,45852
179214399,45857
179222001,45862
179229764,45855
179237300,45858
179245109,45856
179252718,45855
179260483,45858
179268064,45862
179275808,45866
179283963,45860
179291797,45855
179299369,45858
179307179,45868
179314772,45865
179322601,45864
179330152,45860
179337886,45856
179345417,45861
179352259,45874
179360074,45862
179367684,45864
179375522,45865
179383137,45861
179390810,45867
179398348,45857
179406219,45863
179413807,45887
179421637,45891
179429223,45897
179437008,45895
179444590,45893
179452396,45896
179460003,45890
179467802,45890
179475367,45892
179483168,45884
179491316,45891
179499170,45905
179506752,45893
179514619,45901
179522133,45895
179529911,45902
179537454,45923
179545226,45923
179552767,45923
179560591,45931
179568127,45919
179574948,45930
179582720,45922
179590294,45922
179598083,45931
179605647,45930
179613434,45925
179621064,45935
179628836,45929
179636414,45920
179644181,45929
179651740,45931
179659573,45948
179667146,45948
179674885,45946
179682446,45950
179690219,45958
179698387,45950
179706250,45949
179713104,45943
179720672,45950
179728476,45958
179736068,45949
179743891,45950
179751521,45955
179759373,45958
179766981,45955
179781645,45942
179789145,45940
179796910,45939
179804457,45937
179812264,45937
179819870,45930
179827694,45927
179834540,45925
179842111,45923
179849831,45914
179857384,45905
179865169,45911
179872771,45906
179880620,45908
179888189,45898
179896027,45815
179903610,45814
179912014,45820
179919616,45824
179927382,45800
179934229,45808
179941806,45804
179948618,45803
179956403,45797
179964058,45805
179971823,45798
179979385,45790
179987163,45793
179994759,45794
180002602,45786
180010186,45787
180017962,45756
180025572,45754
180033330,45755
180040901,45757
180048721,45758
180056285,45753
180064050,45750
180071634,45742
180079410,45749
180087040,45748
180094809,45757
180102408,45751
180110188,45741
180118412,45741
180138864,45757
180146757,45755
180154307,45750
180162140,45748
180169750,45751
180177620,45748
180185171,45753
180192960,45767
180200576,45755
180208375,45752
180216017,45759
180223813,45754
180231368,45763
180239186,45766
180246803,45761
180254619,45798
180262156,45789
180269906,45790
180277463,45798
180285259,45793
180292100,45797
180299696,45794
180306531,45786
180314297,45797
180321849,45791
180330272,45791
180337831,45794
180345658,45793
180353198,45795
180360990,45790
180368588,45791
180382600,45852
180389441,45855
180397046,45857
180404815,45859
180411676,45857
180419217,45860
180426058,45860
180433808,45859
180441326,45860
180449090,45854
180456663,45866
180464399,45857
180472026,45873
180479801,45867
180487383,45872
180501416,45902
180508291,45890
180515831,45892
180523634,45895
180530509,45896
180538104,45893
180546560,45896
180554144,45905
180561889,45906
180569465,45905
180577268,45907
180584824,45913
180592687,45908
180600206,45911
180607953,45913
180614821,45968
180622414,45965
180630188,45975
180637810,45971
180645611,45978
180653155,45980
180660963,45974
180667785,45981
180675338,45982
180683177,45985
180690768,45985
180698607,45991
180706145,45987
180713870,45988
180721430,45988
180729207,45989
180736766,46014
180744621,46009
180752847,46020
180760690,46019
180767537,46009
180775112,46012
180782910,46010
180790484,46011
180798274,46004
180805824,46004
180813658,46001
180821244,46001
180829071,46005
180836682,45996
180844517,45998
180852129,45990
180859928,45934
180867457,45926
180875269,45930
180882855,45929
180890678,45915
180898212,45922
180905994,45915
180913588,45916
180921367,45919
180928969,45907
180936760,45917
180944393,45910
180952197,45913
180960405,45909
180968306,45906
180982051,45884
180988937,45890
180996838,45893
181004463,45892
181012263,45899
181019824,45887
181027646,45888
181035207,45889
181042942,45891
181050487,45896
181058255,45880
181065794,45877
181073632,45881
181081196,45883
181088984,45882
181102797,45883
181109697,45886
181117538,45882
181125194,45884
181133011,45879
181140667,45885
181148513,45883
181156113,45886
181163838,45890
181172077,45887
181179884,45874
181187454,45885
181195261,45882
181202867,45886
181216618,45921
181224446,45912
181232090,45907
181239859,45905
181247461,45907
181255278,45910
181262808,45904
181270633,45916
181278201,45909
181285967,45905
181293492,45904
181301276,45908
181308830,45906
181316669,45908
181324240,45900
181338902,45932
181346493,45932
181354324,45923
181368782,45930
181376362,45934
181384850,45937
181391707,45936
181399286,45938
181407091,45939
181414724,45936
181422559,45937
181430163,45938
181438011,45943
181451794,45975
181459347,45967
181466210,45980
181474029,45975
181481617,45973
181489429,45976
181497047,45972
181504836,45979
181511675,45975
181519234,45980
181527028,45977
181534605,45978
181542340,45986
181549942,45987
181557750,45989
181571388,46018
181579055,46034
181585861,46026
181594333,46027
181601908,46028
181609768,46035
181617368,46029
181625204,46027
181632779,46036
181640633,46035
181648215,46046
181656009,46051
181663632,46038
181671398,46047
181679048,46040
181686805,46071
181694400,46071
181702187,46085
181709759,46084
181717570,46087
181725146,46082
181731936,46082
181739754,46088
181747268,46081
181755038,46084
181762598,46087
181770368,46093
181777943,46098
181785766,46058
181793371,46093
181808616,46099
181815435,46093
181823077,46089
181830840,46092
181838443,46084
181846232,46084
181853032,46079
181860622,46074
181868379,46074
181875265,46062
181882824,46069
181890686,46061
181898214,46064
181905989,46055
181913598,46058
181928150,45983
181934979,45976
181942583,45972
181949403,45982
181957196,45977
181964801,45984
181971640,45980
181979409,45979
181987001,45978
181993848,45967
182001657,45971
182009206,45970
182017647,45963
182025254,45973
182033027,45966
182047462,45937
182054313,45937
182062074,45928
182068902,45930
182076507,45934
182084334,45929
182091165,45932
182098743,45932
182106543,45926
182113338,45929
182120949,45926
182128756,45921
182136277,45926
182144083,45930
182151665,45923
182166331,45930
182173141,45937
182180738,45926
182187555,45936
182195367,45925
182202976,45931
182209839,45940
182217668,45931
182225833,45937
182232746,45938
182240536,45940
182248121,45935
182255939,45933
182263514,45929
182271329,45933
182285746,45952
182292586,45952
182300411,45956
182307252,45958
182314784,45956
182322633,45944
182329454,45955
182337063,45953
182344827,45946
182351697,45953
182359242,45945
182366971,45956
182374523,45942
182382317,45949
182389860,45944
182397716,45960
182405220,45964
182412011,45961
182419795,45970
182426604,45967
182434175,45964
182442550,45965
182450147,45967
182457925,45970
182465503,45964
182473336,45967
182480928,45960
182488745,45972
182496291,45968
182504048,45976
182511641,45963
182526264,45985
182533071,45986
182540631,45991
182548428,45984
182556020,45991
182563830,45985
182571403,45990
182579195,45991
182586776,45991
182594625,45996
182608849,45989
182616758,45984
182624328,45995
182638944,46016
182646499,46018
182654864,46013
182661677,46010
182669236,46012
182677057,46010
182684652,46014
182692430,46014
182700053,46015
182707828,46008
182715346,46008
182723140,46014
182730683,46013
182738445,46017
182746069,46014
182753835,46029
182761413,46030
182769241,46036
182776820,46036
182784623,46031
182792179,46036
182799899,46032
182806733,46033
182814308,46032
182822126,46031
182829715,46035
182837550,46039
182845148,46039
182852807,46034
182860927,46038
182868785,46040
182876358,46048
182884188,46051
182890991,46056
182898571,46054
182906392,46058
182914015,46058
182921809,46055
182929380,46053
182937176,46042
182944735,46046
182951575,46043
182959422,46046
182967082,46041
182974895,46027
182982449,46029
182990234,46026
182997789,45930
183005600,45932
183012403,45923
183020060,45925
183026921,45919
183034738,45926
183042276,45920
183050006,45917
183057613,45919
183065398,45915
183072767,45905
183080350,45906
183088194,45911
183095814,45908
183103671,45904
183111227,45902
183119015,45874
183126645,45883
183134403,45881
183142033,45876
183149771,45880
183157360,45879
183165162,45884
183172776,45873
183180582,45880
183188152,45875
183195935,45871
183203478,45871
183211317,45878
183218896,45874
183226754,45873
183234277,45883
183242047,45884
183249667,45872
183257472,45873
183264322,45880
183271906,45885
183280347,45881
183287161,45888
183294736,45880
183302598,45885
183310164,45878
183317932,45883
183325508,45881
183333311,45885
183340940,45888
183348712,45879
183356262,45883
183364055,45907
183371621,45907
183379422,45908
183386986,45904
183394779,45908
183402286,45909
183410072,45908
183417664,45914
183425478,45899
183433080,45912
183440845,45909
183448435,45912
183456223,45905
183463795,45911
183471604,45904
183486625,45933
183494424,45939
183502068,45943
183509832,45937
183517428,45938
183525212,45943
183532777,45940
183540597,45937
183548161,45938
183555883,45948
183563477,45953
183571284,45947
183578835,45943
183586677,45936
183594238,45955
183601999,45978
183609601,45983
183617463,45978
183624317,45982
183631905,45991
183639729,45987
183647236,45994
183655036,45986
183662593,46000
183670374,45995
183677993,45987
183685794,45999
183693948,45994
183701773,45999
183709321,46009
183717078,46005
183724676,46042
183732452,46035
183740093,46038
183747830,46043
183755356,46047
183763163,46050
183770793,46050
183778653,46060
183786197,46065
183793027,46060
183800850,46062
183808392,46065
183816223,46061
183823867,46059
183831750,46061
183845984,46099
183853873,46097
183860078,46091
183867652,46101
183875455,46105
183883095,46094
183890819,46101
183898372,46106
183906258,46099
183914401,46105
183922200,46103
183929779,46119
183937590,46108
183945195,46104
183952984,46120
183967487,46103
183975274,46099
183982819,46100
183990674,46101
183998188,46086
184006000,46091
184013565,46088
184021365,46080
184028261,46083
184035834,46078
184043670,46071
184051181,46065
184058940,46068
184066493,46066
184074314,46066
184081897,45999
184089715,46001
184097274,45991
184105064,46003
184112648,45996
184121014,45998
184128598,45994
184136395,45990
184143997,45995
184151809,45985
184159373,45985
184167178,45986
184174740,45979
184182482,45985
184190083,45974
184204716,45951
184212285,45955
184220056,45950
184227647,45952
184235472,45946
184242350,45952
184249921,45945
184257777,45946
184265311,45937
184273140,45942
184280745,45943
184288580,45942
184296225,45945
184303920,45948
184311515,45948
184319288,45943
184327441,45944
184335296,45943
184342125,45943
184349754,45940
184357553,45949
184365134,45945
184372854,45942
184380412,45940
184388237,45944
184395822,45943
184403673,45943
184411284,45941
184419093,45944
184426668,45946
184434442,45945
184442054,45953
184449858,45956
184457448,45956
184465263,45962
184472875,45956
184480703,45954
184488222,45958
184495966,45958
184503477,45957
184510307,45962
184518094,45953
184525685,45952
184534089,45961
184541682,45970
184549496,45963
184557132,45958
184564929,45986
184572509,45987
184580320,45990
184587869,45995
184595719,45991
184602608,45993
184610231,45990
184618039,45992
184625579,45996
184633331,45988
184640916,45998
184648754,45992
184656260,46003
184664041,46004
184671628,45997
184679431,46029
184687050,46022
184694800,46031
184702353,46026
184710121,46037
184717706,46038
184725520,46035
184733119,46040
184741533,46036
184749133,46037
184756918,46046
184764484,46045
184772261,46047
184779851,46036
184787687,46037
184795244,46041
184803044,46074
184810622,46078
184818405,46078
184825238,46084
184832832,46087
184840656,46085
184848222,46086
184855981,46086
184863533,46088
184871348,46085
184878902,46094
184886745,46083
184894275,46090
184902070,46097
184909627,46088
184917403,46093
184924998,46125
184932825,46126
184940357,46131
184948785,46125
184955570,46128
184963158,46120
184970892,46130
184978466,46130
184986266,46137
184993854,46137
185001690,46135
185009279,46138
185017043,46138
185024618,46140
185032424,46138
185046813,46090
185054625,46078
185062200,46081
185069959,46069
185084204,46072
185092014,46070
185099598,46056
185106384,46065
185114216,46063
185121760,46046
185129587,46050
185137193,46049
185144988,46045
185152591,46055
185160354,45996
185168608,45996
185176399,45998
185183215,45984
185190818,45994
185196898,45995
185204486,45986
185212311,45982
185219890,45980
185226735,45981
185234525,45985
185242119,45975
185249897,45981
185257478,45977
185265256,45973
185272836,45972
185280698,45943
185288282,45953
185296065,45945
185302929,45943
185310491,45932
185316550,45939
185324167,45935
185331947,45930
185339558,45938
185346395,45936
185354163,45938
185361745,45945
185369546,45942
185377805,45942
185385679,45939
185393217,45939
185407834,45946
185415380,45951
185422232,45937
185430034,45948
185436239,45955
185443794,45952
185451510,45946
185459140,45953
185466009,45955
185473788,45952
185481342,45954
185489168,45955
185496738,45960
185504529,45954
185512157,45945
185526839,45954
185534420,45948
185541275,45957
185549026,45952
185555197,45948
185562782,45956
185570557,45948
185578161,45954
185584950,45948
185593364,45951
185600958,45943
185608800,45941
185616362,45949
185624191,45955
185631774,45947
185646446,45967
185654030,45960
185660881,45974
185668723,45962
185674933,45967
185682489,45967
185690250,45963
185697798,45971
185704619,45970
185712380,45965
185719936,45966
185727773,45961
185735303,45965
185743077,45973
185750691,45973
185765347,45994
185772893,45988
185779742,45984
185787523,45976
185794420,45984
185802633,45989
185810459,45993
185818096,45989
185825856,45982
185833418,45990
185841219,45988
185848822,45989
185856632,45991
185864227,45992
185872007,45992
185879564,46011
185887343,46004
185894940,46012
185902789,46009
185909639,46007
185917170,46006
185924941,46011
185932527,46001
185940327,46008
185947895,46004
185955731,46011
185963317,46012
185971084,46011
185978660,46008
185986465,46010
185994068,46010
186001853,46034
186010130,46035
186017933,46030
186025522,46034
186033321,46032
186040871,46038
186048683,46041
186056250,46027
186064031,46033
186071568,46032
186079392,46035
186086964,46033
186094781,46038
186102294,46032
186110112,46020
186117685,46036
186125483,45928
186133123,45921
186139916,45928
186146769,45924
186154580,45916
186162179,45918
186169872,45910
186177403,45901
186185201,45916
186192816,45909
186200669,45906
186208258,45905
186216712,45897
186224242,45902
186231941,45899
186246342,45847
186254136,45845
186261797,45844
186269619,45840
186277231,45839
186285022,45835
186292578,45845
186300368,45842
186307155,45844
186321382,45843
186329255,45841
186336870,45838
186344710,45854
186352286,45848
186360069,45843
186367614,45843
186375396,45848
186382232,45849
186389835,45856
186397688,45858
186405259,45853
186413013,45845
186420644,45848
186429070,45854
186436628,45843
186444415,45853
186451980,45852
186459803,45847
186467362,45858
186475163,45854
186482774,45883
186490616,45875
186497485,45889
186505092,45887
186512890,45888
186520458,45889
186528282,45882
186535838,45881
186543712,45887
186551265,45891
186559053,45881
186566636,45887
186574378,45888
186581943,45876
186589779,45878
186604251,45910
186612066,45907
186619636,45904
186627422,45910
186635626,45910
186643423,45910
186651039,45908
186658867,45911
186665740,45908
186673298,45915
186681099,45915
186688691,45881
186696510,45912
186704146,45912
186711946,45925
186719506,45947
186727331,45944
186734901,45957
186742703,45952
186750288,45958
186758055,45949
186765641,45949
186773397,45952
186780954,45961
186788772,45955
186796337,45962
186804155,45954
186811746,45960
186819519,45962
186827131,45960
186834887,45966
186843024,46000
186850866,46001
186857653,46014
186865257,46014
186873097,46018
186880696,46012
186888503,46013
186896119,46009
186903892,46021
186911516,46013
186919324,46011
186926906,46019
186934718,46018
186942299,46022
186950046,46023
186964452,46076
186972250,46078
186979100,46082
186986647,46084
186994465,46090
187002083,46083
187008942,46092
187016790,46082
187024295,46094
187032049,46093
187039601,46096
187047367,46088
187055620,46094
187063391,46096
187070988,46093
187085623,46024
187093217,46014
187100969,46017
187108511,46011
187116308,46010
187123884,45999
187131740,46006
187139311,45997
187147085,45994
187154637,45982
187162441,45983
187170046,45989
187177808,45985
187185334,45981
187193122,45983
187200715,45922
187208530,45917
187215395,45920
187222952,45920
187230775,45913
187238293,45926
187246020,45919
187253586,45923
187262019,45922
187269623,45909
187277437,45900
187284999,45902
187292770,45905
187300275,45903
187308091,45910
187322515,45880
187330359,45886
187337954,45883
187344798,45883
187352596,45889
187360211,45887
187367919,45875
187375485,45884
187383270,45880
187390829,45882
187398640,45884
187406236,45888
187414100,45894
187421671,45890
187429446,45888
187443863,45897
187451690,45898
187458519,45904
187465394,45902
187473660,45907
187481423,45910
187489072,45913
187496865,45902
187504471,45907
187512321,45908
187519899,45906
187527709,45907
187535237,45905
187542982,45906
187557414,45925
187565106,45925
187571972,45918
187578806,45922
187586645,45927
187594236,45922
187601989,45921
187609566,45924
187617373,45918
187624940,45924
187631793,45929
187639556,45924
187647138,45925
187654901,45928
187662490,45922
187670303,45928
187677875,45950
187686352,45957
187693899,45949
187701737,45956
187709284,45951
187717023,45953
187724627,45956
187732481,45955
187740136,45968
187747874,45966
187755432,45965
187763201,45964
187770741,45964
187778509,45967
187786172,45965
187793970,45990
187801575,45995
187809365,45999
187816196,46002
187823780,46000
187831530,45992
187839145,46005
187846876,46002
187854419,46003
187862174,46001
187869756,45994
187877552,46002
187885133,46000
187893567,46005
187901193,46008
187908976,46011
187916583,46044
187924442,46041
187931268,46043
187938805,46047
187946636,46044
187954214,46046
187961933,46052
187969495,46052
187977295,46048
187984895,46052
187992719,46055
188000260,46053
188007990,46056
188015547,46051
188023341,46059
188030894,46084
188038702,46088
188046268,46096
188054037,46093
188061574,46087
188069380,46089
188076939,46084
188084763,46087
188092360,46085
188100759,46087
188108336,46080
188115173,46075
188122929,46076
188130510,46063
188138281,46070
188145909,46054
188153739,45969
188161276,45966
188169061,45961
188175873,45965
188183475,45964
188191289,45958
188198864,45962
188206745,45951
188214314,45960
188222126,45948
188229669,45953
188237408,45948
188245041,45948
188252843,45944
188260423,45942
188268221,45941
188275778,45894
188283548,45897
188291114,45895
188298855,45895
188307016,45896
188314890,45896
188322483,45894
188330285,45888
188337828,45895
188344670,45894
188352444,45894
188359988,45890
188367798,45892
188375390,45893
188383177,45893
188390746,45893
188398526,45882
188406150,45881
188413930,45880
188421516,45878
188429285,45887
188436865,45882
188444667,45884
188452262,45886
188460040,45885
188467623,45882
188474446,45882
188482223,45891
188489820,45894
188497644,45882
188505270,45884
188520567,45904
188528365,45910
188535180,45907
188542811,45893
188550635,45900
188558239,45895
188566022,45900
188573629,45893
188581464,45890
188588332,45896
188595216,45899
188602986,45899
188610522,45894
188618302,45898
188625842,45904
188640545,45903
188648191,45902
188655023,45897
188661884,45908
188669727,45904
188677300,45906
188685074,45903
188692620,45909
188700438,45909
188707304,45899
188714243,45903
188721985,45907
188730190,45906
188738033,45905
188745606,45903
188760227,45914
188767856,45914
188774714,45916
188782491,45914
188796725,45915
188804679,45924
188812269,45917
188819998,45915
188827551,45924
188835377,45922
188842961,45924
188850826,45922
188858404,45924
188873007,45931
188880540,45936
188887325,45937
188895064,45939
188902600,45943
188910438,45942
188918066,45949
188925926,45944
188933515,45948
188941885,45949
188949431,45948
188957222,45947
188964787,45949
188972624,45939
188980207,45946
188987997,45978
188995631,45980
189003425,45973
189010990,45976
189017883,45976
189025767,45967
189033286,45982
189041134,45978
189048749,45982
189056521,45977
189064141,45977
189070240,45979
189077808,45981
189085570,45991
189093172,45987
189100909,45983
189115253,45946
189123044,45943
189129966,45949
189137599,45936
189145404,45938
189153653,45931
189161445,45929
189169012,45922
189176865,45919
189184498,45909
189191363,45911
189199144,45908
189206740,45896
189214536,45906
189222166,45903
189229905,45836
189237449,45827
189245290,45829
189252876,45820
189259757,45830
189267529,45822
189275168,45820
189282948,45823
189290513,45826
189298327,45819
189305878,45821
189312649,45811
189320464,45810
189328059,45809
189335848,45806
189343342,45804
189351103,45754
189359181,45756
189366015,45745
189373875,45757
189381491,45742
189389290,45756
189396930,45749
189404768,45753
189412279,45749
189420059,45756
189427669,45745
189435462,45751
189443031,45759
189450832,45748
189458382,45754
189466189,45754
189473738,45772
189481530,45771
189489141,45787
189496906,45784
189504448,45778
189512232,45782
189519829,45779
189527653,45782
189535251,45783
189543034,45794
189549836,45789
189557379,45790
189565149,45791
189573351,45788
189581124,45794
189588707,45790
189596510,45806
189604088,45799
189611860,45803
189619369,45796
189627127,45799
189634732,45801
189642598,45798
189650216,45799
189658053,45810
189665663,45801
189671727,45805
189679267,45802
189687020,45806
189694621,45810
189702441,45803
189716810,45864
189724575,45865
189732195,45863
189739943,45862
189747520,45861
189755313,45862
189762923,45863
189770769,45874
189778994,45862
189786869,45861
189793727,45872
189801303,45873
189809050,45874
189816635,45880
189824499,45876
189832119,45914
189839892,45907
189847471,45919
189855270,45921
189862917,45914
189870718,45913
189878279,45923
189886027,45922
189893615,45916
189901412,45921
189908972,45921
189916825,45926
189924380,45928
189932192,45932
189939821,45918
189947680,45985
189955252,45983
189963002,45981
189969835,45987
189977386,45995
189985795,45985
189993288,45991
190001091,45983
190008697,45995
190016433,45985
190029956,45982
190037574,45990
190045465,45991
190053117,45995
190067822,45941
190075342,45932
190083107,45935
190090683,45930
190098473,45931
190105282,45930
190112888,45925
190120747,45928
190128304,45920
190136038,45913
190143603,45919
190149730,45922
190157296,45917
190165028,45915
190172633,45989
190187235,45865
190194824,45872
190203226,45868
190210809,45863
190218594,45867
190225424,45859
190232981,45865
190240849,45865
190248387,45861
190256182,45864
190263756,45857
190269834,45855
190277463,45864
190285254,45853
190292846,45856
190307476,45839
190315058,45837
190322847,45840
190329668,45836
190337274,45843
190344045,45836
190351864,45835
190359386,45841
190367129,45840
190374757,45841
190382546,45843
190388440,45841
190396219,45841
190403859,45845
190411645,45839
190426721,45850
190434546,45858
190442139,45856
190448976,45858
190456823,45862
190463644,45853
190471253,45857
190479013,45859
190486587,45867
190494387,45864
190501967,45855
190508119,45865
190515727,45864
190523483,45864
190531095,45862
190545691,45882
190553293,45876
190561053,45884
190567872,45882
190575450,45878
190582279,45882
190590063,45882
190597620,45884
190605430,45889
190612976,45882
190620766,45883
190628255,45872
190635833,45879
190643639,45890
190651244,45888
190665902,45917
190673479,45926
190681253,45922
190688816,45920
190696597,45928
190704216,45926
190711985,45915
190719571,45925
190727382,45923
190734968,45931
190742807,45922
190750379,45930
190758122,45920
190765711,45932
190773491,45931
190781112,45977
190788917,45971
190796563,45973
190804484,45974
190812147,45980
190819971,45972
190827510,45970
190835866,45978
190843441,45972
190851207,45970
190858794,45981
190865624,45979
190872510,45966
190880363,45979
190887957,45984
190895795,46012
190903360,46016
190911162,46019
190918750,46018
190926541,46027
190934184,46030
190941937,46032
190949511,46029
190957297,46028
190964880,46030
190972710,46026
190980286,46035
190988030,46034
190995582,46036
191003391,46030
191010955,46039
191018788,45964
191026367,45971
191034160,45966
191042301,45964
191049217,45955
191056960,45951
191063796,45948
191071335,45946
191079106,45948
191086700,45950
191094485,45938
191102102,45946
191109941,45942
191116786,45932
191124335,45939
191132124,45933
191139697,45890
191147457,45881
191155036,45892
191162893,45883
191170446,45883
191178242,45887
191185120,45883
191192739,45887
191200522,45878
191208089,45883
191215873,45877
191223347,45880
191230199,45877
191237931,45881
191245464,45879
191253841,45876
191268297,45877
191275932,45867
191283774,45878
191291287,45865
191298077,45872
191305885,45877
191313447,45871
191321223,45868
191328778,45880
191336559,45871
191343421,45873
191350995,45879
191358810,45875
191366354,45878
191374112,45874
191381701,45895
191389509,45894
191397077,45912
191404874,45901
191412399,45907
191420165,45902
191427758,45906
191435566,45907
191443215,45903
191450976,45908
191458544,45907
191466896,45906
191474428,45906
191482196,45912
191489815,45912
191504407,45914
191511995,45913
191519870,45910
191526709,45920
191534311,45912
191542041,45913
191549594,45918
191557378,45918
191564951,45916
191572789,45917
191580380,45918
191588179,45915
191595781,45928
191603560,45926
191611166,45930
191618880,45945
191626399,45936
191634181,45937
191641772,45943
191649556,45944
191657218,45952
191665023,45948
191673111,45940
191680907,45945
191688405,45952
191696202,45954
191703046,45944
191710624,45942
191718467,45945
191726045,45953
191733880,45949
191741411,45969
191749201,45961
191756783,45959
191764569,45971
191772220,45965
191780004,45964
191787590,45963
191795389,45967
191802993,45968
191810856,45968
191818370,45964
191826146,45967
191833776,45970
191841571,45969
191849185,45974
191856956,45976
191864501,45995
191872245,45995
191880387,45997
191887233,46003
191895032,46006
191901881,46003
191909438,46004
191917211,46005
191924831,46004
191932613,46008
191940227,46011
191947976,46004
191955541,46006
191962350,46003
191970182,46001
191977765,46008
191985594,45950
191993234,45949
192001011,45944
192008574,45946
192016359,45938
192023929,45945
192031785,45932
192039336,45928
192047116,45927
192054679,45930
192062460,45927
192070062,45922
192077863,45927
192085372,45920
192093796,45919
192108183,45866
192116003,45871
192123546,45861
192131328,45869
192138910,45862
192146780,45858
192154344,45855
192162145,45863
192169779,45860
192177577,45857
192185212,45852
192192980,45842
192200540,45844
192208301,45843
192215874,45842
192223689,45809
192231281,45792
192239032,45801
192245885,45797
192253412,45795
192261208,45804
192268793,45797
192276568,45790
192284170,45803
192291961,45799
192300177,45795
192307017,45798
192314882,45801
192322392,45811
192330174,45801
192337754,45801
192345546,45829
192353167,45829
192360995,45823
192368635,45829
192376439,45833
192384002,45825
192391832,45820
192399370,45827
192407130,45842
192414700,45831
192422482,45824
192430114,45832
192437893,45826
192445492,45839
192453308,45835
192460882,45836
192468612,45872
192476230,45862
192483949,45858
192491524,45869
192505186,45869
192513417,45870
192521275,45877
192528905,45877
192536728,45883
192543515,45878
192551130,45875
192558938,45882
192565778,45886
192573358,45881
192581152,45938
192588708,45942
192596485,45940
192603307,45938
192610868,45942
192618683,45945
192626300,45942
192634046,45941
192641604,45953
192649424,45939
192656996,45954
192663835,45951
192671606,45955
192679234,45953
192686014,45958
192693834,45955
192708200,46004
192715957,46003
192723429,46007
192731235,46010
192738798,46004
192745606,46004
192753443,46012
192761023,46011
192768894,46018
192776467,46013
192783335,46012
192791138,46015
192798760,46019
192805608,46019
192813413,46027
192827806,46061
192835607,46070
192842503,46061
192850063,46067
192857909,46069
192864724,46067
192872297,46071
192879992,46063
192887513,46065
192895335,46054
192902182,46058
192909787,46058
192917591,46050
192924442,46047
192932579,46044
192947362,45994
192954927,45995
192961780,45989
192969587,45988
192977231,45983
192984050,45985
192991863,45970
192999439,45973
193007173,45972
193014798,45963
193021693,45957
193029492,45966
193037144,45961
193043965,45968
193051789,45958
193066151,45943
193073900,45951
193080720,45953
193088294,45944
193096057,45956
193102884,45954
193110458,45947
193118254,45953
193125872,45944
193133698,45946
193140476,45947
193148669,45946
193156460,45935
193164024,45944
193171872,45945
193179449,45929
193187259,45936
193194878,45936
193202704,45937
193210321,45938
193218087,45940
193225678,45941
193233486,45944
193241111,45939
193248886,45948
193256431,45947
193264266,45949
193271869,45940
193279628,45945
193286497,45945
193294148,45954
193302000,45981
193309582,45976
193317395,45986
193324991,45971
193332815,45978
193340401,45986
193348213,45983
193356326,45973
193364103,45980
193371738,45985
193378532,45973
193386345,45986
193393918,45983
193401712,45983
193409326,45987
193417052,45986
193424637,46025
193432420,46029
193439313,46033
193446908,46031
193454729,46033
193462371,46033
193470098,46036
193477657,46036
193485450,46037
193493026,46038
193500898,46036
193508473,46036
193516257,46043
193523824,46043
193531560,46045
193539184,46052
193547004,46102
193554536,46096
193562921,46107
193570455,46100
193578249,46107
193585121,46113
193592681,46106
193600485,46115
193608046,46111
193615872,46112
193623393,46113
193631147,46115
193638742,46113
193646529,46117
193654142,46126
193668772,46169
193676354,46164
193684125,46174
193691720,46177
193699533,46178
193707135,46175
193715021,46178
193722580,46185
193736971,46175
193744841,46175
193752435,46188
193760217,46186
193767815,46191
193783113,46224
193790741,46222
193797592,46224
193805398,46221
193812994,46216
193820833,46217
193828407,46207
193836182,46206
193843756,46202
193851513,46207
193858350,46197
193865914,46193
193873723,46185
193881305,46186
193889057,46188
193903420,46112
193911194,46110
193918780,46112
193926545,46115
193934111,46108
193940939,46106
193948768,46103
193956318,46100
193964078,46109
193971679,46101
193978529,46109
193986873,46109
193994420,46112
194002218,46114
194009797,46110
194016586,46092
194024396,46097
194031990,46087
194038829,46083
194046618,46082
194054276,46086
194062114,46083
194069672,46085
194077474,46093
194085034,46085
194092885,46091
194100474,46089
194108288,46088
194115873,46088
194123623,46085
194131268,46090
194139021,46089
194146602,46106
194153429,46095
194161213,46098
194168822,46092
194176590,46100
194184245,46103
194191954,46103
194200226,46095
194207955,46106
194215497,46098
194223326,46109
194230937,46102
194238705,46106
194246324,46102
194254041,46102
194261584,46122
194269373,46124
194276953,46120
194284794,46122
194292380,46121
194300143,46118
194307720,46118
194315531,46117
194323147,46123
194330910,46123
194337777,46118
194345364,46127
194353117,46118
194360764,46126
194368560,46123
194376137,46131
194383963,46142
194391529,46138
194399393,46143
194407531,46138
194415326,46140
194422195,46139
194429788,46126
194437589,46123
194445216,46133
194452953,46127
194460465,46131
194468253,46132
194475833,46126
194483618,46132
194491249,46128
194505904,46129
194513495,46133
194521287,46141
194528869,46136
194536632,46136
194543478,46133
194551039,46132
194558885,46133
194566470,46119
194574273,46132
194581113,46137
194588678,46142
194596483,46142
194604059,46149
194612562,46142
194627006,46164
194634824,46163
194642379,46158
194650137,46160
194657730,46157
194665508,46163
194673066,46167
194680872,46168
194688454,46164
194695287,46166
194703048,46169
194710626,46168
194718427,46176
194726005,46170
194733847,46173
194741364,46155
194748191,46152
194755974,46156
194763555,46142
194771380,46145
194778957,46146
194786738,46141
194794271,46135
194802000,46129
194809589,46128
194816409,46130
194824836,46123
194832365,46120
194840124,46116
194847696,46100
194855481,46108
194863047,46027
194870848,46025
194877714,46034
194885327,46027
194893063,46019
194900644,46023
194908451,46017
194916011,46021
194923836,46016
194931404,46019
194939158,46011
194946762,46008
194954571,46006
194962237,45999
194983513,45954
194991367,45951
194998950,45943
195006827,45946
195014353,45942
195021174,45944
195028979,45943
195037190,45947
195045017,45946
195051870,45929
195059408,45933
195067190,45937
195074768,45934
195082606,45928
195090257,45936
195098020,45949
195104849,45947
195112418,45946
195120161,45946
195127690,45948
195135468,45957
195142286,45948
195149900,45948
195157634,45944
195165265,45952
195172105,45946
195179929,45953
195187439,45952
195195238,45959
195202865,45962
195210632,45960
195224410,46002
195231974,45998
195238835,45996
195247218,46005
195254821,46003
195261662,45999
195269447,45998
195276979,46001
195284821,45998
195291666,46005
195299267,46005
195307054,46007
195314636,46014
195322442,46015
195329957,46019
195343649,46143
195351464,46151
195358331,46147
195365925,46148
195373757,46155
195380590,46155
195388183,46161
195395994,46155
195403516,46159
195410326,46161
195418037,46162
195425602,46161
195433419,46169
195440983,46171
195448826,46078
195463162,46216
195470958,46209
195477774,46221
195485373,46209
195493187,46209
195500010,46205
195507603,46211
195515404,46204
195522956,46202
195529760,46210
195537526,46211
195545120,46210
195552913,46202
195560460,46202
195568256,46192
195581988,46238
195589558,46247
195596385,46237
195604115,46244
195611681,46247
195618546,46244
195626375,46245
195633956,46241
195641819,46242
195648633,46247
195656227,46238
195664000,46240
195672226,46236
195680013,46240
195687563,46236
195702202,46166
195709789,46161
195717637,46159
195725250,46158
195732999,46164
195740573,46160
195748355,46160
195755948,46161
195763803,46153
195771367,46160
195779163,46153
195786743,46157
195794529,46153
195802130,46147
195809977,46146
195817556,46094
195824357,46093
195832144,46083
195839784,46093
195847678,46100
195855296,46092
195863125,46087
195870704,46093
195879016,46097
195886623,46091
195894415,46097
195901990,46086
195909847,46094
195917408,46094
195925152,46086
195939544,46073
195947346,46078
195954211,46077
195961767,46071
195969560,46083
195977180,46074
195984972,46075
195992504,46084
196000314,46081
196007876,46081
196015675,46081
196023273,46075
196031042,46071
196038637,46074
196046458,46075
196054016,46119
196061840,46120
196069373,46122
196077088,46119
196085253,46122
196093102,46128
196099978,46136
196107535,46130
196115312,46138
196122927,46136
196129748,46142
196137516,46141
196145154,46148
196152976,46150
196160532,46152
196168313,46148
196175907,46193
196183723,46196
196190569,46199
196198183,46196
196212602,46192
196220208,46192
196228133,46194
196235729,46199
196243542,46200
196251189,46205
196258970,46212
196266474,46196
196274277,46208
196281876,46209
196289643,46204
196297285,46258
196304753,46266
196311598,46259
196319375,46258
196326907,46264
196334716,46265
196342306,46260
196350051,46266
196357623,46258
196365404,46261
196372983,46259
196380797,46265
196388354,46272
196396135,46261
196403695,46264
196411479,46257
196419077,46279
196426930,46281
196434479,46282
196442276,46273
196449872,46276
196457625,46273
196465243,46275
196473010,46279
196480609,46281
196487430,46282
196495224,46277
196502791,46282
196511214,46280
196518829,46280
196526603,46272
196540971,46204
196548774,46211
196556350,46216
196564099,46203
196571691,46208
196579479,46206
196587033,46218
196594830,46212
196602371,46207
196610110,46204
196617677,46206
196625491,46201
196633042,46197
196640888,46205
196648448,46194
196656216,46209
196663785,46212
196671577,46210
196679184,46206
196686989,46212
196694531,46208
196701340,46202
196709093,46206
196717232,46210
196724982,46206
196732537,46207
196740356,46207
196747971,46210
196755782,46215
196763348,46211
196771158,46215
196778726,46236
196786525,46238
196793382,46240
196800942,46241
196808742,46239
196816336,46245
196824060,46243
196831626,46249
196839440,46247
196847042,46253
196854859,46255
196862399,46250
196870134,46263
196877736,46264
196885499,46270
196893072,46270
196900910,46343
196908417,46331
196916162,46339
196924262,46342
196932082,46344
196939658,46337
196947486,46344
196955066,46339
196962955,46337
196969858,46345
196977366,46340
196985152,46339
196992752,46335
197000493,46332
197008092,46330
197022786,46321
197030365,46319
197038186,46319
197045771,46317
197053524,46320
197061093,46314
197068942,46323
197076474,46319
197084250,46319
197091059,46324
197098641,46326
197106425,46326
197113960,46317
197121758,46323
197129355,46327
197137809,46345
197145390,46348
197152199,46346
197159039,46355
197166858,46349
197174422,46354
197182173,46353
197189707,46356
197197493,46358
197205069,46357
197212900,46366
197220433,46361
197228179,46357
197235801,46358
197243622,46361
197251238,46357
197265866,46414
197272720,46417
197280340,46416
197288113,46414
197295673,46416
197303461,46422
197310272,46419
197317865,46427
197325669,46425
197332514,46434
197340093,46430
197348564,46441
197356177,46432
197363962,46439
197371529,46449
197379274,46451
197386872,46437
197394634,46440
197402254,46439
197410035,46436
197417609,46431
197425413,46431
197433001,46425
197447428,46423
197455212,46429
197462883,46422
197470662,46423
197478298,46422
197486088,46419
197500552,46384
197507415,46385
197515241,46383
197522826,46383
197530611,46385
197538180,46385
197545957,46383
197553478,46388
197561960,46384
197569505,46378
197577248,46385
197584876,46384
197592637,46375
197600274,46377
197608028,46374
197615569,46359
197623395,46370
197630964,46373
197638706,46365
197646292,46365
197654060,46359
197660867,46359
197668386,46362
197676121,46355
197683698,46361
197691500,46358
197699090,46359
197706967,46360
197714504,46357
197722255,46365
197729833,46359
197737635,46337
197745281,46332
197753038,46333
197760648,46334
197769048,46330
197776617,46333
197784409,46332
197792004,46331
197799896,46341
197807434,46329
197815218,46332
197822810,46331
197830617,46334
197838196,46348
197845965,46344
197860302,46392
197868138,46391
197875719,46383
197883532,46397
197891102,46390
197898953,46398
197906445,46400
197914232,46400
197921819,46393
197929649,46406
197937264,46412
197944999,46407
197952580,46406
197960377,46408
197967967,46406
197976410,46455
197983246,46452
197990815,46455
197998578,46463
198005452,46466
198013028,46470
198020856,46469
198028430,46474
198036168,46476
198043726,46480
198051556,46479
198059139,46481
198066960,46478
198074523,46484
198082322,46477
198089904,46482
198097763,46559
198105363,46557
198113077,46547
198120661,46557
198127520,46554
198135348,46553
198142934,46564
198150775,46558
198158363,46568
198166112,46572
198172931,46575
198181029,46569
198188908,46577
198196534,46577
198204341,46585
198211938,46578
198219776,46583
198227360,46572
198235118,46575
198242685,46571
198250467,46563
198257975,46572
198265784,46573
198273398,46566
198281172,46577
198288782,46561
198296562,46573
198304108,46567
198311959,46568
198319444,46565
198327222,46558
198334801,46561
198342618,46633
198350249,46644
198357975,46659
198364720,46652
198372320,46653
198380088,46657
198386899,46661
198395100,46664
198402955,46666
198410486,46672
198418301,46669
198425894,46678
198433708,46685
198441317,46683
198449017,46688
198456588,46692
198464464,46698
198472041,46698
198479865,46705
198486675,46692
198494321,46695
198502029,46694
198509587,46696
198517400,46688
198524977,46688
198532825,46689
198540378,46691
198548103,46690
198555688,46688
198563500,46690
198571069,46688
198585714,46723
198593316,46728
198601834,46721
198609432,46722
198617204,46728
198624782,46722
198632556,46734
198640164,46734
198648000,46735
198655589,46736
198663389,46736
198670970,46737
198685413,46742
198700153,46777
198706975,46787
198714580,46787
198721415,46784
198729244,46793
198736850,46788
198744648,46789
198752302,46784
198760118,46790
198767694,46795
198775501,46799
198783051,46801
198790872,46801
198798508,46800
198806298,46809
198821320,46852
198829075,46857
198836628,46863
198843430,46854
198851224,46863
198858844,46864
198866624,46855
198874230,46864
198882021,46866
198889570,46871
198897383,46861
198904974,46873
198912725,46871
198920317,46868
198928136,46869
198935685,46924
198943517,46928
198951075,46931
198958895,46929
198966452,46939
198974237,46953
198981817,46940
198988659,46948
198996478,46943
199004074,46954
199011903,46954
199020077,46959
199027968,46954
199035501,46951
199043292,46959
199057702,47000
199064580,47004
199072356,47003
199079941,47006
199087773,46998
199095363,47006
199103088,46993
199109915,47004
199117466,46998
199125243,47003
199132810,46994
199140610,46990
199148191,46996
199155986,46990
199163542,46988
199178057,46948
199184869,46943
199192438,46949
199200162,46950
199207005,46948
199214546,46943
199222399,46945
199229293,46945
199237450,46950
199245257,46940
199252880,46942
199259710,46940
199267547,46943
199275122,46943
199282976,46948
199297324,46929
199304136,46926
199311951,46924
199319453,46926
199326264,46932
199334046,46940
199341617,46937
199348478,46939
199356232,46941
199363790,46950
199371543,46945
199379103,46943
199386958,46943
199394527,46955
199402306,46949
199416771,46970
199423630,46975
199431443,46971
199439035,46977
199446493,46969
199454264,46970
199461886,46970
199469692,46984
199477321,46974
199485099,46976
199492676,46978
199499495,46979
199507290,46981
199514862,46981
199522650,46980
199537131,47010
199545007,47006
199552525,47012
199560313,47013
199567128,47010
199574681,47021
199582461,47017
199589272,47019
199596873,47017
199604664,47027
199612294,47035
199619147,47023
199626952,47034
199634419,47031
199642226,47036
199649842,47081
199658205,47080
199665786,47075
199673579,47079
199681156,47085
199688995,47085
199696561,47090
199704325,47090
199711898,47093
199719661,47093
199727271,47082
199734135,47094
199741978,47094
199749536,47092
199757329,47089
199764955,47094
199772701,47123
199780320,47124
199788014,47122
199795604,47120
199803358,47126
199811004,47122
199818805,47115
199826437,47123
199834198,47126
199841753,47122
199849521,47123
199857114,47135
199865548,47134
199873142,47138
199880968,47134
199895423,47167
199903143,47157
199910669,47163
199924399,47161
199932087,47171
199939985,47137
199946779,47170
199954396,47175
199962218,47176
199969836,47165
199977592,47162
199985224,47171
199993050,47166
200000614,47167
200008420,47122
200016001,47109
200022891,47124
200030680,47119
200038304,47110
200045086,47108
200052892,47109
200060477,47117
200068253,47099
200076365,47103
200084161,47101
200091717,47092
200099502,47087
200107033,47097
200114916,47093
200122450,47089
200130220,47028
200137828,47021
200145627,47015
200153235,47012
200161045,47015
200168586,47008
200176371,47009
200183982,47007
200191790,47001
200199403,47001
200207181,46999
200214008,46999
200221550,46994
200229336,46983
200236922,46990
200244763,46990
200252380,46939
200260059,46938
200267620,46937
200275448,46929
200283638,46929
200291489,46924
200299081,46925
200305947,46929
200313699,46925
200321365,46929
200329162,46926
200336745,46919
200344554,46913
200352138,46911
200359970,46915
200367538,46918
200375329,46872
200382106,46876
200389693,46873
200397463,46867
200405031,46868
200412901,46863
200420470,46857
200427272,46859
200434989,46857
200442515,46860
200450306,46860
200457926,46860
200465709,46862
200473365,46857
200481215,46852
200496234,46851
200504032,46848
200511515,46845
200519321,46854
200526923,46851
200534745,46850
200542361,46853
200550213,46843
200557758,46857
200565570,46852
200573159,46854
200580997,46850
200588542,46858
200596337,46855
200610751,46866
200618537,46860
200626106,46864
200633937,46863
200641479,46861
200649217,46855
200656824,46853
200663657,46865
200671463,46868
200679053,46864
200686906,46868
200694462,46857
200702879,46864
200710437,46872
200718202,46871
200725767,46894
200733582,46888
200741146,46894
200748982,46894
200756544,46894
200764365,46895
200771943,46901
200779680,46897
200787311,46897
200795087,46900
200802651,46902
200810489,46904
200818057,46905
200825832,46899
200833411,46908
200841160,46912
200848708,46940
200856501,46935
200863358,46932
200870942,46923
200878729,46921
200886363,46911
200894213,46912
200901761,46899
200910096,46902
200917681,46897
200925507,46890
200933089,46896
200940912,46887
200948461,46906
200956214,46910
200963779,46920
200971547,46832
200979181,46821
200987031,46837
200994608,46828
201002403,46822
201010033,46829
201017840,46822
201024704,46819
201032348,46817
201040134,46828
201047721,46826
201055508,46824
201063106,46829
201070926,46825
201078476,46823
201093036,46770
201100638,46771
201108443,46769
201116627,46767
201124466,46766
201132053,46759
201139931,46761
201147502,46765
201161894,46765
201169713,46763
201176576,46761
201184175,46765
201192017,46758
201199601,46762
201207407,46721
201215000,46717
201221851,46726
201229642,46721
201237243,46721
201245062,46723
201252639,46708
201259461,46711
201267258,46711
201274884,46706
201282703,46703
201290339,46707
201298068,46705
201305609,46704
201313385,46706
201320971,46711
201328788,46731
201337057,46725
201344914,46723
201352487,46723
201360236,46722
201367786,46724
201375589,46717
201381754,46721
201389340,46716
201397162,46725
201404761,46722
201412570,46719
201420102,46725
201427985,46723
201435517,46723
201443292,46722
201450876,46738
201457712,46734
201465548,46736
201473123,46731
201480916,46748
201488476,46740
201496247,46745
201503060,46745
201510593,46737
201518402,46738
201526002,46742
201533843,46741
201541280,46750
201548856,46749
201556608,46750
201564221,46742
201572047,46769
201579635,46777
201587429,46776
201595032,46774
201602855,46774
201610397,46773
201618162,46783
201625727,46772
201633538,46779
201641116,46777
201648994,46776
201655850,46788
201663411,46781
201671239,46788
201678798,46780
201686584,46786
201694165,46814
201701980,46814
201709515,46816
201717275,46825
201724877,46814
201732626,46825
201740250,46825
201748680,46819
201756275,46823
201764026,46828
201771559,46832
201779328,46832
201786921,46836
201794732,46839
201802370,46839
201816292,46813
201823869,46812
201831613,46796
201839186,46802
201847034,46793
201854536,46794
201862355,46785
201870016,46789
201877815,46782
201885389,46784
201893137,46775
201900717,46770
201908539,46762
201916129,46762
201923976,46753
201931506,46670
201939267,46668
201946831,46668
201955218,46670
201962785,46662
201970592,46662
201978175,46660
201985075,46655
201992900,46656
202000525,46650
202008277,46648
202015867,46637
202023630,46650
202031251,46639
202039024,46637
202046625,46646
202053431,46585
202061125,46581
202068724,46574
202076491,46578
202084089,46586
202091949,46578
202099473,46581
202107267,46580
202114850,46581
202122633,46578
202130252,46578
202138066,46583
202145647,46578
202153427,46571
202161553,46572
202169386,46578
202176967,46582
202184802,46575
202192377,46588
202200152,46580
202207732,46591
202215543,46586
202223112,46585
202230953,46587
202238526,46581
202246324,46598
202253933,46593
202260748,46588
202268560,46590
202276137,46590
202283992,46599
202298448,46597
202306190,46608
202313828,46599
202321628,46607
202329245,46622
202337030,46590
202343813,46613
202350670,46609
202358220,46607
202365993,46612
202374206,46611
202382058,46616
202389555,46604
202404031,46617
202410930,46627
202418717,46630
202426290,46638
202434077,46643
202441615,46639
202449430,46635
202456285,46639
202463881,46641
202471728,46639
202479345,46644
202487086,46638
202494632,46638
202502388,46637
202509966,46646
202517772,46653
202525381,46647
202533140,46670
202540707,46669
202548505,46658
202556081,46670
202563889,46663
202571489,46667
202579299,46663
202587490,46664
202595298,46671
202602884,46662
202610652,46671
202617496,46672
202625053,46675
202632873,46670
202640452,46675
202648230,46672
202655805,46698
202663594,46696
202671148,46702
202678970,46699
202686495,46704
202694232,46701
202701808,46698
202709573,46688
202717148,46706
202725025,46707
202732573,46702
202740429,46703
202748015,46711
202755842,46704
202763407,46707
202770207,46710
202778023,46675
202785580,46668
202793969,46668
202801526,46661
202809322,46665
202816877,46656
202824656,46655
202832198,46658
202840001,46652
202847543,46640
202855323,46648
202862955,46632
202870711,46629
202878338,46639
202886085,46617
202900499,46554
202908272,46545
202915867,46542
202923643,46545
202931202,46542
202938037,46537
202945802,46532
202953395,46531
202961165,46530
202968743,46527
202976603,46524
202984174,46526
202992019,46521
203000103,46517
203007961,46518
203015528,46468
203023297,46462
203030866,46461
203038648,46461
203046277,46455
203054083,46462
203061633,46451
203069397,46454
203076235,46454
203083774,46447
203091541,46447
203099149,46446
203107007,46443
203114527,46433
203122272,46435
203129862,46439
203137626,46446
203145198,46449
203153011,46448
203160574,46451
203168404,46449
203175997,46453
203183771,46456
203191402,46454
203198187,46458
203205980,46461
203214207,46467
203222040,46462
203229685,46465
203237492,46469
203245056,46472
203251910,46473
203259686,46495
203267244,46491
203275052,46498
203282650,46495
203290418,46498
203297992,46498
203305835,46500
203313459,46500
203321190,46509
203328756,46503
203336526,46500
203344092,46509
203351935,46507
203359500,46510
203367287,46516
203381787,46555
203389572,46553
203397154,46567
203404977,46564
203412555,46569
203420993,46569
203428539,46565
203436295,46570
203443838,46563
203451646,46569
203459257,46582
203467074,46573
203474636,46573
203482446,46585
203490014,46582
203497792,46631
203505436,46632
203513229,46638
203520814,46640
203528637,46637
203536221,46641
203543099,46646
203550976,46645
203557769,46639
203565379,46642
203573149,46646
203580729,46649
203588519,46648
203596134,46647
203603951,46654
203610770,46650
203618379,46702
203626758,46689
203641011,46693
203648965,46693
203656565,46688
203664440,46692
203671260,46699
203678813,46698
203686612,46695
203694215,46692
203701130,46686
203708976,46681
203716527,46677
203723393,46683
203731127,46677
203738703,46634
203746461,46628
203754021,46629
203761861,46636
203769474,46627
203777229,46631
203784821,46627
203791634,46627
203799416,46625
203807007,46624
203814781,46629
203821596,46628
203829137,46633
203836978,46629
203844528,46628
203852349,46622
203859959,46614
203867739,46618
203875370,46625
203883200,46622
203890770,46620
203898610,46628
203906160,46620
203914023,46613
203921532,46623
203929289,46622
203936880,46615
203944643,46630
203952209,46623
203959069,46617
203966923,46620
203974468,46625
203982155,46601
203989723,46595
203997535,46598
204005106,46598
204012936,46599
204020481,46617
204028256,46609
204035853,46612
204043659,46624
204051879,46624
204058728,46629
204066510,46637
204074112,46636
204081984,46636
204089554,46637
204097348,46641
204104937,46663
204112743,46666
204120413,46666
204128165,46669
204135729,46677
204143499,46676
204151110,46678
204158971,46650
204166575,46678
204174392,46687
204181966,46685
204189765,46682
204196618,46690
204204181,46681
204211987,46688
204219524,46696
204227323,46748
204234928,46741
204242719,46739
204250369,46744
204258807,46750
204266395,46744
204274138,46746
204281702,46753
204289445,46748
204297061,46758
204304931,46757
204312545,46753
204320323,46754
204327867,46759
204335641,46756
204343175,46792
204350998,46796
204358543,46793
204366326,46792
204373893,46801
204381660,46802
204388496,46806
204396113,46806
204403966,46809
204411533,46798
204419303,46801
204426896,46796
204434709,46807
204442300,46796
204450120,46803
204457669,46806
204466073,46861
204473645,46857
204481408,46852
204488991,46853
204496786,46853
204504413,46861
204512215,46860
204519057,46853
204526568,46854
204534350,46861
204541133,46859
204548702,46855
204556520,46858
204564157,46868
204572031,46866
204579577,46866
204587341,46807
204594905,46863
204602709,46810
204610320,46802
204618089,46800
204625635,46807
204633398,46803
204640206,46804
204647786,46803
204655569,46795
204662425,46801
204669992,46803
204677775,46802
204685419,46801
204693174,46801
204700749,46799
204708509,46776
204716135,46772
204724018,46772
204731573,46772
204739359,46780
204746978,46779
204754768,46773
204762387,46779
204770118,46784
204777709,46780
204785532,46776
204793104,46776
204800943,46789
204808493,46779
204816262,46782
204830638,46785
204838404,46790
204845966,46780
204853749,46786
204861376,46788
204875767,46777
204883610,46778
204891813,46783
204898669,46778
204906462,46784
204913321,46780
204920914,46770
204928695,46786
204936268,46786
204944081,46818
204951661,46819
204959447,46821
204967055,46820
204974874,46813
204982477,46821
204989285,46821
204997069,46822
205004575,46821
205012314,46820
205019899,46824
205027689,46820
205035295,46820
205043146,46832
205050743,46825
205058558,46826
205066104,46844
205073947,46839
205081535,46840
205089305,46839
205097465,46838
205105222,46842
205112797,46853
205120608,46844
205128159,46848
205135000,46848
205142770,46853
205150390,46849
205158153,46847
205165751,46854
205173537,46857
205181127,46856
205188954,46905
205196517,46911
205204248,46899
205211845,46912
205219664,46911
205227283,46906
205235089,46909
205242620,46915
205250424,46921
205258001,46918
205265749,46917
205272597,46912
205280229,46910
205288025,46915
205295586,46916
205303977,46974
205311549,46972
205319371,46970
205326970,46971
205334742,46972
205342350,46967
205350184,46973
205357801,46975
205365611,46973
205373223,46982
205381027,46978
205388560,46981
205396270,46983
205403858,46990
205411680,46987
205419308,46987
205427101,47002
205434599,46998
205442403,46997
205449978,46996
205457745,46995
205465383,46994
205473112,46993
205480716,46991
205488551,46984
205496135,46985
205503966,46975
205511504,46982
205519298,46978
205526841,46978
205534619,46976
205549065,46921
205556901,46926
205564488,46924
205572262,46924
205579841,46923
205587641,46918
205595197,46920
205603023,46922
205610555,46910
205617399,46919
205625126,46913
205631991,46911
205639542,46909
205647326,46913
205654904,46912
205669524,46888
205677072,46888
205684915,46891
205692479,46890
205700294,46889
205707884,46884
205714690,46884
205723040,46885
205729810,46883
205737421,46885
205745243,46875
205752802,46882
205760610,46878
205768188,46879
205776013,46872
205783579,46871
205791368,46877
205798939,46867
205806746,46875
205814410,46871
205822179,46874
205829768,46871
205837577,46862
205845120,46871
205852956,46871
205859732,46873
205867346,46867
205875157,46874
205882723,46863
205890559,46882
205898135,46873
205905955,46846
205913512,46845
205921268,46844
205929451,46856
205937183,46843
205944770,46846
205951626,46845
205959402,46838
205966999,46840
205974768,46837
205982419,46844
205990177,46840
205997710,46835
206005503,46835
206013077,46831
206020876,46838
206028541,46833
206036300,46835
206043864,46834
206051654,46841
206059246,46835
206067066,46837
206074627,46838
206082391,46840
206090013,46832
206097812,46833
206112019,46839
206119887,46838
206127492,46839
206135176,46836
206143403,46872
206151238,46866
206158784,46871
206166596,46873
206174223,46873
206182121,46870
206188985,46872
206196615,46883
206204432,46878
206211293,46875
206218904,46869
206226709,46882
206234342,46878
206242125,46871
206249717,46872
206257490,46878
206265062,46927
206272877,46925
206280494,46927
206288322,46933
206295896,46927
206303700,46928
206311254,46925
206319075,46928
206326652,46933
206332736,46927
206340348,46923
206348130,46919
206356419,46921
206364215,46919
206371833,46919
206379621,46924
206387166,46879
206394990,46888
206402531,46886
206410293,46886
206417870,46881
206425661,46888
206433266,46889
206441069,46886
206447813,46880
206454716,46882
206462491,46880
206470049,46885
206477823,46880
206485437,46887
206493135,46888
206500727,46886
206508492,46881
206516044,46875
206523820,46884
206531413,46879
206539199,46879
206546763,46876
206554541,46882
206562676,46878
206568772,46881
206576374,46868
206584147,46874
206591713,46878
206599557,46883
206607169,46884
206615014,46880
206622550,46882
206630306,46938
206637903,46928
206645672,46931
206653233,46927
206661031,46929
206668610,46935
206676402,46930
206684040,46933
206691851,46934
206699436,46930
206707187,46927
206714043,46933
206721588,46932
206729386,46933
206736990,46936
206744780,46938
206752376,46966
206760126,46963
206768311,46965
206776146,46965
206783687,46965
206791426,46977
206799007,46973
206806818,46973
206814436,46968
206822160,46970
206829691,46970
206837551,46974
206845146,46969
206852957,46976
206860494,46976
206868289,46973
206875858,47000
206883655,47006
206891251,47007
206899088,47005
206906596,47007
206913412,47010
206921136,47013
206928704,47015
206936492,47011
206944055,47017
206951825,47014
206959442,47011
206967222,47009
206975423,47017
206983205,47019
206997626,47035
207005423,47029
207013052,47026
207020902,47029
207028499,47026
207036281,47025
207043859,47036
207051647,47029
207059204,47034
207067085,47030
207073928,47028
207081554,47028
207089322,47030
207096908,47037
207104620,47033
207118980,47055
207126778,47056
207134435,47059
207142244,47057
207149830,47052
207156673,47058
207164491,47045
207172055,47051
207178876,47048
207187195,47052
207194006,47052
207201593,47044
207209373,47049
207216991,47034
207224747,47044
207232379,46960
207240125,46954
207247717,46955
207255515,46962
207263070,46945
207270907,46955
207278517,46946
207286274,46940
207293878,46945
207301649,46939
207309191,46940
207317010,46937
207324542,46929
207332337,46937
207353738,46884
207361402,46882
207369187,46884
207376788,46877
207384580,46878
207391413,46876
207399507,46877
207407279,46885
207414142,46871
207421687,46874
207428551,46880
207436347,46876
207443929,46875
207451681,46884
207459257,46877
207473997,46856
207481634,46859
207489452,46859
207497106,46859
207504894,46852
207511720,46862
207519312,46854
207527145,46859
207534009,46851
207540973,46855
207547765,46855
207555575,46861
207563172,46850
207570991,46856
207578529,46860
207593081,46856
207600662,46860
207609118,46855
207616674,46860
207624445,46857
207631312,46855
207638870,46853
207646640,46857
207653458,46860
207660383,46853
207667235,46851
207675075,46854
207682636,46856
207690394,46853
207697980,46860
207712550,46853
207720112,46851
207727899,46854
207735512,46855
207743264,46851
207750131,46853
207757702,46856
207765481,46860
207773070,46866
207780848,46854
207787705,46856
207795281,46858
207803122,46848
207810727,46858
207819172,46864
207826783,46870
207834609,46878
207842176,46873
207849996,46876
207857535,46874
207865294,46871
207872877,46872
207880674,46874
207888327,46875
207896152,46870
207903020,46872
207910514,46870
207918302,46868
207925933,46875
207933723,46876
207941350,46879
207949172,46903
207956741,46902
207964553,46901
207972103,46904
207979888,46904
207987464,46906
207995285,46900
208002832,46917
208010657,46909
208018226,46913
208026708,46911
208034264,46903
208042093,46914
208049616,46913
208057432,46918
208071872,46907
208079730,46907
208087348,46904
208095233,46903
208102768,46893
208109604,46893
208117401,46885
208125015,46886
208132792,46884
208139701,46871
208147313,46877
208155100,46878
208162638,46874
208170369,46875
208177929,46871
208185716,46828
208193324,46820
208201118,46817
208208665,46813
208216462,46818
208224047,46819
208231824,46809
208240059,46813
208247850,46810
208254705,46807
208261513,46808
208269119,46815
208277010,46807
208284621,46803
208292407,46801
208300014,46797
208307776,46790
208315436,46785
208323172,46787
208330754,46781
208338590,46779
208346143,46786
208353958,46775
208361523,46775
208369323,46774
208376113,46774
208382976,46770
208390557,46776
208398313,46778
208405911,46771
208413739,46779
208421376,46772
208436021,46778
208444148,46776
208452029,46774
208459616,46776
208467429,46774
208474282,46775
208481859,46772
208489677,46773
208496466,46774
208504031,46770
208511828,46770
208519437,46762
208527212,46765
208534789,46762
208542576,46761
208550159,46762
208558043,46759
208565600,46761
208573372,46767
208586890,46758
208594781,46750
208602452,46755
208609312,46756
208616182,46760
208624036,46745
208631609,46747
208639438,46760
208647058,46756
208654961,46756
208670051,46764
208677825,46761
208685447,46753
208693180,46760
208700761,46762
208707601,46762
208715363,46757
208722954,46764
208729822,46769
208736625,46761
208744392,46755
208751211,46768
208758795,46770
208766634,46764
208774169,46766
208781991,46771
208789547,46767
208797328,46775
208804918,46783
208812702,46774
208820283,46767
208828096,46766
208835651,46772
208843426,46773
208850240,46776
208857833,46765
208865658,46763
208873836,46772
208881638,46781
208889244,46768
208897073,46774
208904585,46781
208912335,46782
208919884,46781
208927679,46782
208935259,46779
208943115,46786
208950628,46777
208958373,46782
208965953,46781
208973696,46783
208981281,46777
208988119,46780
208995927,46779
209003513,46780
209011216,46783
209018809,46786
209026611,46699
209034185,46690
209041985,46690
209049569,46684
209057364,46675
209064925,46673
209072787,46667
209081031,46661
209087839,46660
209095663,46649
209103206,46652
209111052,46660
209118587,46649
209126384,46644
209133939,46646
209141730,46639
209149366,46547
209157199,46550
209164799,46552
209172590,46552
209180165,46549
209187981,46551
209195525,46543
209203278,46546
209210079,46546
209216983,46544
209224578,46544
209231409,46543
209239195,46543
209246737,46533
209254498,46537
209262187,46543
209270020,46487
209277639,46490
209285485,46489
209293620,46482
209301422,46493
209309040,46490
209316815,46488
209324459,46490
209332252,46486
209339864,46481
209346723,46472
209354541,46493
209362130,46495
209369946,46489
209377538,46487
209385233,46492
209392814,46528
209400644,46527
209408281,46535
209416088,46536
209423695,46538
209431554,46534
209439173,46534
209447007,46531
209454582,46531
209462372,46534
209469956,46531
209477734,46529
209485345,46533
209493114,46536
209501383,46534
209516022,46556
209523602,46563
209531396,46560
209538987,46577
209546761,46575
209553605,46577
209561158,46585
209568983,46580
209576554,46581
209584312,46589
209591897,46594
209599676,46597
209607255,46600
209615093,46603
209622619,46603
209630396,46685
209637980,46689
209645732,46685
209653277,46689
209661095,46697
209668607,46695
209676386,46689
209684001,46696
209691783,46692
209698609,46691
209706830,46696
209714605,46699
209722187,46699
209730043,46703
209737600,46710
209745394,46700
209752993,46715
209760739,46721
209768282,46721
209776117,46726
209783629,46715
209791436,46718
209799016,46717
209806781,46727
209814390,46718
209827956,46725
209835802,46724
209843472,46723
209851238,46722
209858822,46723
209873488,46737
209881077,46733
209888938,46736
209896567,46735
209904255,46728
209911064,46720
209919212,46718
209927077,46720
209933929,46702
209941553,46707
209949374,46705
209956984,46699
209964776,46704
209972340,46689
209980161,46689
209987691,46624
209995521,46618
210003103,46623
210010937,46621
210018570,46620
210026325,46619
210033895,46618
210041680,46610
210049236,46619
210057065,46611
210064635,46608
210072417,46611
210079995,46611
210087767,46607
210095374,46605
210103162,46604
210110724,46567
210118526,46562
210126658,46562
210134536,46564
210142116,46560
210149855,46557
210157445,46558
210165232,46556
210172073,46556
210178864,46549
210186484,46546
210194238,46547
210201790,46553
210209586,46549
210217198,46547
210225033,46542
210232617,46549
210240420,46541
210248012,46543
210255788,46545
210263374,46543
210271200,46543
210278765,46548
210286548,46543
210294114,46548
210301934,46546
210308743,46542
210316274,46550
210324132,46549
210331678,46554
210340088,46549
210354836,46551
210362462,46551
210370213,46550
210377781,46547
210385651,46553
210393230,46553
210401056,46562
210408646,46553
210416420,46552
210424034,46556
210431815,46553
210439392,46551
210447206,46560
210454781,46560
210462581,46557
210470147,46581
210477969,46580
210485540,46584
210493240,46575
210500765,46571
210508579,46584
210515433,46579
210523032,46581
210530861,46577
210538506,46579
210546994,46579
210554559,46583
210562294,46582
210569852,46583
210577677,46583
210585278,46579
210593122,46601
210600626,46603
210608390,46603
210616012,46599
210623767,46602
210631343,46598
210639152,46602
210646689,46607
210653571,46607
210661342,46603
210668907,46604
210676709,46603
210684261,46598
210692097,46606
210699648,46600
210707411,46602
210714996,46630
210722777,46635
210730398,46634
210738204,46633
210745747,46633
210754155,46638
210761729,46634
210769473,46628
210777070,46638
210784839,46635
210791693,46640
210799297,46638
210807147,46642
210814675,46633
210822467,46646
210836863,46535
210844691,46532
210852265,46532
210860103,46533
210867664,46527
210874512,46521
210882305,46521
210889861,46518
210897621,46510
210905174,46518
210912028,46506
210919837,46512
210927467,46511
210935235,46504
210942802,46509
210957417,46433
210965609,46431
210973363,46425
210980959,46424
210988747,46425
210996327,46421
211004165,46416
211011750,46419
211019514,46411
211027100,46395
211034802,46405
211042380,46405
211050213,46398
211071510,46373
211079110,46380
211086937,46378
211094552,46377
211102325,46374
211109147,46372
211116679,46371
211124481,46366
211131345,46368
211138920,46365
211146718,46366
211154241,46369
211162063,46372
211169619,46378
211178058,46371
211185633,46387
211193457,46385
211201065,46387
211208849,46386
211216458,46383
211224188,46390
211231743,46390
211239544,46383
211247119,46388
211254965,46387
211262555,46384
211269368,46387
211277154,46391
211284669,46388
211292440,46392
211300036,46396
211307849,46404
211315478,46403
211323204,46399
211330759,46407
211338522,46409
211346122,46409
211353894,46410
211361493,46406
211369242,46411
211376803,46401
211385217,46407
211391076,46413
211398895,46420
211406507,46409
211414311,46417
211421874,46414
211429682,46454
211437284,46449
211445154,46455
211452765,46450
211460529,46453
211468124,46454
211475950,46456
211483536,46454
211491230,46461
211498776,46458
211506598,46452
211513438,46459
211521049,46452
211528879,46454
211536515,46461
211544287,46457
211551837,46493
211559650,46496
211567248,46496
211575081,46499
211582621,46497
211591045,46498
211598633,46505
211606465,46500
211613269,46506
211620818,46508
211628569,46501
211636155,46511
211643953,46501
211651581,46507
211659343,46507
211666931,46501
211674749,46541
211682273,46532
211690111,46543
211697641,46543
211705421,46540
211713013,46536
211720815,46535
211728445,46543
211736228,46548
211743765,46546
211751552,46545
211759145,46545
211766962,46554
211774526,46548
211782342,46547
211789916,46486
211798265,46473
211805854,46474
211813652,46475
211821224,46468
211829044,46462
211835899,46462
211843511,46457
211851270,46451
211858863,46454
211866659,46459
211873485,46452
211881078,46451
211888833,46445
211896439,46451
211904209,46448
211911765,46398
211919552,46390
211927137,46392
211934950,46389
211942516,46380
211950356,46377
211957934,46375
211965746,46379
211973390,46374
211981222,46369
211988793,46372
211996570,46366
212004712,46370
212012539,46371
212020124,46369
212034723,46326
212042283,46322
212050158,46327
212057783,46326
212065641,46324
212073205,46322
212080911,46320
212088568,46317
212096356,46321
212103927,46320
212110763,46320
212117556,46318
212125332,46317
212132866,46323
212140623,46312
212154968,46309
212162749,46313
212170296,46302
212178106,46311
212185650,46308
212193397,46302
212200227,46290
212207775,46298
212215200,46301
212223063,46303
212229902,46303
212236787,46303
212244390,46298
212252227,46304
212259776,46293
212274423,46328
212281985,46332
212296381,46330
212304178,46335
212311812,46335
212319648,46337
212327275,46334
212335154,46341
212342732,46334
212350503,46337
212358073,46339
212365907,46342
212373508,46346
212388151,46391
212395686,46391
212403500,46392
212411064,46392
212418777,46393
212426331,46396
212433849,46401
212441689,46391
212448528,46398
212456132,46401
212463909,46397
212470753,46406
212478373,46404
212486181,46416
212493766,46411
212508361,46461
212515935,46469
212523696,46464
212531272,46464
212539131,46472
212546641,46477
212553441,46481
212561196,46478
212568048,46475
212575623,46484
212583417,46483
212589312,46487
212597131,46492
212604644,46488
212612436,46491
212626841,46528
212634695,46537
212642844,46529
212650707,46523
212658294,46535
212666112,46535
212672916,46524
212680508,46526
212687319,46528
212695132,46528
212702720,46525
212709580,46516
212717330,46514
212724889,46514
212732671,46512
212740238,46452
212748062,46454
212755624,46454
212763409,46447
212770964,46449
212778746,46447
212786395,46445
212793279,46440
212801121,46448
212808027,46437
212815583,46439
212823330,46443
212830201,46440
212837769,46436
212845553,46440
212853745,46438
212868465,46439
212876076,46443
212883840,46436
212891424,46437
212899222,46441
212906761,46443
212914562,46447
212922157,46447
212929995,46440
212937557,46444
212945259,46440
212952793,46446
212960579,46441
212968193,46443
212976008,46441
212983582,46464
212991312,46466
212998939,46466
213006750,46465
213014314,46466
213022161,46471
213029652,46471
213037418,46473
213044240,46472
213051809,46466
213059644,46479
213067763,46478
213075535,46473
213083124,46473
213090885,46467
213105328,46487
213113187,46493
213120796,46481
213128611,46487
213136207,46491
213144024,46491
213151576,46499
213159282,46499
213166883,46497
213174685,46498
213182241,46497
213190080,46495
213197659,46500
213205440,46503
213212986,46494
213220739,46506
213228279,46505
213236109,46510
213243666,46506
213251414,46506
213259006,46513
213266782,46513
213274206,46510
213281726,46516
213289483,46513
213297084,46517
213304905,46518
213312509,46518
213320302,46522
213327903,46520
213335783,46522
213343338,46540
213351143,46533
213358707,46539
213366481,46526
213374084,46531
213381905,46530
213389509,46536
213397255,46531
213404081,46534
213411635,46538
213419411,46537
213427007,46546
213434813,46550
213442418,46539
213450186,46547
213457714,46548
213465517,46571
213473098,46578
213481535,46578
213489128,46585
213496893,46584
213504539,46585
213512372,46585
213519949,46583
213534387,46585
213541985,46586
213548867,46587
213556680,46590
213563530,46585
213571112,46591
213585802,46595
213593394,46585
213601252,46582
213608835,46580
213616610,46571
213624176,46568
213631929,46571
213639546,46571
213647259,46566
213654804,46564
213662656,46559
213670212,46552
213677977,46559
213684810,46552
213692930,46546
213700757,46487
213708365,46483
213716192,46488
213723721,46485
213731523,46481
213739122,46487
213746882,46479
213754499,46482
213761300,46479
213769168,46470
213776691,46481
213784484,46471
213792091,46475
213799876,46469
213807508,46471
213815276,46471
213822863,46438
213830696,46436
213838244,46436
213846071,46438
213853653,46429
213861443,46431
213869012,46438
213876771,46433
213884337,46432
213892219,46434
213900376,46428
213907306,46431
213915189,46427
213921976,46435
213929572,46431
213937294,46432
213944838,46454
213952587,46464
213960168,46478
213967964,46462
213975564,46457
213983303,46459
213990869,46459
213998664,46460
214006213,46459
214014047,46459
214021585,46463
214028415,46461
214036236,46470
214043059,46467
214050634,46466
214058422,46475
214066000,46475
214073785,46465
214081322,46481
214089154,46475
214096695,46485
214104484,46474
214112638,46475
214120487,46477
214128104,46472
214135865,46479
214143447,46479
214151261,46471
214158845,46482
214166667,46480
214174186,46477
214188823,46500
214196441,46503
214204204,46508
214211707,46505
214219469,46514
214227083,46508
214234862,46509
214240933,46519
214248546,46519
214256330,46519
214263900,46516
214271723,46526
214279272,46528
214286122,46528
214293925,46513
214308458,46534
214316260,46536
214324457,46532
214332204,46533
214339696,46542
214347475,46542
214355092,46537
214361889,46535
214369706,46538
214377280,46534
214385081,46538
214391900,46537
214399514,46526
214407282,46534
214414847,46537
214422678,46588
214430254,46596
214438078,46588
214445679,46584
214453480,46591
214461051,46588
214468843,46588
214476445,46584
214484242,46594
214491804,46596
214499568,46587
214506403,46593
214513954,46601
214521777,46596
214529948,46601
214537745,46604
214545295,46650
214553125,46648
214560695,46639
214568480,46648
214576084,46645
214583873,46640
214591491,46641
214599268,46646
214606799,46635
214614587,46632
214622182,46634
214630044,46632
214637666,46632
214645462,46624
214653044,46621
214660796,46616
214668331,46555
214676135,46554
214683679,46548
214691490,46553
214699119,46543
214706890,46539
214714564,46548
214721388,46543
214729221,46539
214737363,46546
214745195,46536
214752794,46540
214760583,46537
214775066,46543
214789948,46512
214797564,46503
214805326,46507
214812895,46512
214820709,46508
214828306,46499
214835206,46499
214842064,46501
214849886,46497
214857542,46496
214864398,46495
214872229,46498
214879703,46496
214887471,46495
214895110,46492
214902889,46477
214910523,46483
214918265,46485
214925796,46490
214933553,46480
214941134,46484
214949436,46481
214957072,46483
214964839,46473
214972432,46481
214980233,46482
214987800,46482
214995570,46488
215003149,46485
215010920,46490
215018547,46489
215026327,46493
215033886,46494
215041686,46494
215049279,46505
215057132,46497
215064661,46492
215072374,46497
215079183,46501
215086755,46497
215094545,46494
215102150,46500
215109916,46496
215117545,46497
215125264,46501
215132097,46494
215146480,46500
215154294,46496
215162564,46492
215170291,46499
215177878,46488
215185706,46502
215193285,46498
215200123,46499
215207884,46499
215215451,46483
215223241,46494
215230744,46492
215238522,46493
215246089,46491
215253858,46491
215261456,46493
215269223,46505
215276737,46502
215284573,46499
215292175,46503
215300016,46500
215307637,46497
215315393,46502
215322973,46504
215330769,46504
215338332,46504
215346146,46501
215353686,46499
215361496,46497
215369692,46504
215384284,46465
215391797,46469
215399558,46465
215407142,46468
215414900,46463
215422564,46464
215430338,46458
215437152,46469
215444688,46464
215452473,46463
215460065,46466
215467833,46467
215475408,46473
215483244,46474
215490795,46469
215498584,46476
215506177,46478
215514011,46473
215521594,46472
215529373,46465
215536909,46466
215544722,46463
215552291,46467
215560120,46468
215567694,46469
215576160,46459
215583750,46457
215590557,46449
215598317,46448
215605898,46445
215613669,46449
215621294,46420
215629111,46422
215636680,46426
215644423,46420
215651964,46411
215659768,46419
215667330,46414
215675152,46414
215682723,46406
215690533,46410
215698106,46404
215705850,46409
215713370,46406
215721161,46403
215728711,46397
215736445,46400
215744010,46400
215751794,46405
215759376,46395
215767179,46400
215774696,46396
215783060,46400
215790625,46402
215797394,46398
215805241,46395
215812823,46393
215820649,46393
215828254,46401
215836092,46394
215843645,46394
215851427,46390
215865749,46408
215873517,46413
215881115,46404
215888890,46408
215896542,46407
215904302,46408
215911855,46417
215919615,46407
215927169,46411
215934955,46414
215942575,46412
215950376,46419
215957949,46416
215965754,46421
215973311,46412
215981149,46433
215989368,46438
215997184,46424
216011619,46429
216019297,46435
216027154,46437
216033251,46438
216040835,46443
216048633,46442
216056222,46441
216063999,46447
216070840,46446
216078467,46449
216086272,46447
216093879,46459
216101696,46484
216109248,46481
216117067,46481
216124624,46480
216132357,46482
216139895,46480
216147748,46484
216154626,46482
216162232,46489
216170025,46484
216177596,46490
216185329,46485
216192857,46495
216201229,46499
216208854,46500
216223501,46521
216231125,46529
216238910,46539
216246489,46529
216254263,46536
216261769,46538
216269542,46543
216277169,46539
216284997,46542
216292607,46543
216300368,46539
216307948,46539
216315776,46546
216323351,46548
216331168,46546
216338742,46590
216345583,46588
216353384,46595
216360978,46593
216368785,46588
216376365,46588
216384202,46596
216391706,46592
216399482,46595
216407597,46585
216415433,46585
216423026,46589
216430810,46583
216438425,46590
216446210,46587
216453722,46582
216461473,46511
216469050,46507
216476841,46510
216484436,46500
216492208,46506
216499750,46504
216507494,46498
216514334,46492
216521868,46500
216529642,46492
216537233,46487
216545065,46496
216552645,46493
216560374,46492
216567994,46496
216575817,46495
216583448,46424
216591248,46420
216598799,46421
216606599,46423
216614798,46418
216622588,46424
216630216,46422
216638029,46419
216645624,46425
216653332,46411
216660930,46415
216668770,46423
216675615,46422
216683241,46420
216691114,46424
216705523,46396
216712333,46392
216720157,46406
216727692,46399
216735462,46403
216743069,46398
216749895,46393
216756744,46395
216764565,46397
216772163,46396
216779943,46400
216787549,46388
216794362,46393
216802167,46401
216809745,46400
216817554,46392
216825613,46405
216833445,46404
216841036,46402
216848911,46415
216856567,46409
216864296,46412
216870392,46418
216878000,46413
216885797,46418
216893376,46422
216901213,46421
216908736,46418
216916515,46420
216924045,46424
216931819,46415
216939394,46425
216947202,46435
216954033,46430
216961635,46416
216969430,46434
216976984,46429
216984792,46431
216991605,46435
216999188,46435
217006927,46428
217014564,46437
217022351,46449
217029921,46447
217037573,46445
217045132,46439
217052914,46444
217067347,46468
217074211,46467
217081990,46474
217089604,46471
217097390,46469
217104942,46470
217112710,46476
217120283,46481
217128051,46471
217135637,46478
217143428,46478
217151007,46473
217158825,46470
217166398,46477
217174205,46481
217181729,46513
217189521,46516
217197114,46527
217204904,46519
217212542,46521
217220336,46521
217227936,46520
217235755,46519
217250810,46520
217258492,46514
217266301,46522
217273894,46521
217281680,46526
217289308,46524
217304030,46569
217310912,46571
217318559,46575
217326324,46569
217333930,46579
217341745,46575
217348524,46573
217356109,46576
217363889,46575
217371531,46575
217379293,46578
217386851,46570
217393679,46570
217401449,46568
217409026,46573
217416814,46483
217424404,46482
217432240,46482
217439800,46481
217447533,46477
217455806,46477
217463652,46474
217471270,46480
217479122,46471
217486703,46469
217494522,46474
217502127,46476
217508937,46469
217516734,46463
217524281,46463
217532120,46462
217539712,46420
217547521,46413
217555083,46421
217562888,46420
217570474,46424
217578335,46415
217585141,46416
217592691,46413
217600433,46414
217608020,46413
217615852,46430
217623446,46418
217630362,46421
217638166,46417
217645744,46419
217653564,46418
217661178,46417
217669563,46419
217677137,46412
217684945,46417
217692580,46418
217700310,46420
217707876,46418
217715635,46415
217723229,46426
217731044,46419
217738678,46415
217745502,46421
217753362,46426
217760965,46423
217768765,46422
217776355,46432
217784183,46462
217791777,46457
217799629,46456
217807249,46460
217815131,46460
217822696,46466
217830440,46468
217838020,46465
217845794,46466
217853352,46464
217861177,46469
217868741,46459
217877154,46463
217884739,46463
217892552,46463
217906981,46483
217914753,46490
217922357,46503
217930185,46492
217937723,46495
217945505,46490
217952319,46492
217959911,46488
217967652,46494
217975189,46491
217982971,46491
217990589,46493
217998365,46499
218005932,46496
218013698,46487
218021305,46525
218029142,46524
218036696,46519
218044453,46525
218052010,46519
218059826,46523
218066646,46526
218073513,46528
218081681,46522
218089526,46524
218097094,46532
218104834,46521
218112390,46525
218120248,46520
218127746,46525
218135546,46533
218143142,46565
218150932,46566
218158565,46568
218166354,46569
218173923,46564
218181704,46573
218188543,46576
218196146,46568
218203915,46576
218211556,46569
218219354,46573
218226910,46576
218234655,46581
218242230,46576
218250055,46582
218257627,46588
218265333,46596
218272903,46600
218280673,46595
218288869,46598
218296692,46601
218304281,46606
218312072,46606
218319682,46608
218327454,46606
218335007,46617
218342800,46606
218349666,46610
218357290,46618
218365145,46614
218372679,46617
218380467,46619
218388103,46569
218395863,46557
218403489,46560
218411259,46560
218418811,46558
218426628,46549
218434203,46551
218441955,46549
218449605,46548
218457370,46548
218464966,46545
218472790,46542
218486984,46540
218501747,46491
218509864,46491
218517647,46490
218524533,46490
218532137,46489
218539931,46486
218546104,46485
218553691,46486
218561459,46476
218569006,46466
218576801,46469
218584344,46464
218592167,46464
218599744,46469
218607546,46467
218622008,46426
218629805,46436
218637361,46429
218644200,46432
218652006,46436
218659630,46435
218665771,46435
218673564,46433
218681132,46441
218688938,46439
218696505,46447
218704301,46441
218711158,46448
218719330,46442
218727205,46439
218741690,46461
218749465,46460
218757113,46465
218763942,46462
218771711,46471
218779278,46466
218786082,46468
218793868,46466
218801480,46468
218809331,46464
218816872,46465
218824719,46475
218832278,46474
218840088,46469
218847696,46471
218855451,46505
218863023,46503
218870818,46497
218878395,46500
218885287,46498
218893166,46500
218900698,46501
218908431,46498
218916028,46510
218924401,46508
218932006,46510
218939822,46508
218947411,46506
218955275,46517
218962790,46509
218970627,46514
218978206,46561
218986029,46561
218993643,46556
219001412,46565
219008966,46554
219016766,46570
219023611,46572
219031196,46565
219038963,46571
219046548,46565
219054367,46570
219061930,46571
219069736,46572
219077318,46574
219085154,46580
219092696,46587
219100509,46616
219108076,46610
219115841,46619
219123422,46613
219131908,46618
219139509,46615
219146362,46618
219154171,46613
219161707,46614
219169434,46616
219176997,46623
219184853,46626
219192472,46617
219200272,46619
219207837,46612
219222495,46661
219230062,46660
219237878,46661
219245420,46660
219253258,46660
219260783,46665
219268583,46664
219276175,46658
219283976,46639
219291601,46653
219299349,46659
219306935,46666
219313741,46666
219321518,46670
219329100,46665
219344392,46622
219352244,46621
219359829,46611
219367616,46614
219375206,46605
219383034,46613
219390626,46613
219398514,46612
219406185,46603
219413977,46610
219421611,46604
219429374,46604
219436922,46608
219444692,46607
219459072,46566
219466871,46558
219474426,46563
219482258,46568
219489810,46558
219497628,46557
219505200,46548
219512926,46559
219520589,46556
219528322,46561
219535862,46551
219543665,46556
219551768,46557
219559535,46566
219567102,46559
219574862,46564
219582465,46555
219590262,46556
219597814,46551
219605668,46555
219612532,46561
219620088,46557
219626925,46558
219634704,46555
219642234,46548
219650063,46547
219657691,46556
219665482,46555
219673089,46554
219680877,46550
219688475,46553
219696284,46585
219703834,46592
219718187,46597
219726067,46582
219733722,46591
219741468,46588
219748321,46588
219755894,46591
219764335,46599
219771914,46590
219779730,46589
219787361,46595
219794203,46595
219801973,46597
219816429,46618
219824240,46617
219831755,46630
219839542,46622
219847088,46619
219853950,46623
219860783,46622
219867612,46618
219875340,46623
219882929,46618
219890723,46623
219898287,46622
219906094,46625
219912912,46627
219920536,46624
219935180,46658
219942730,46659
219950457,46660
219958057,46665
219965840,46667
219973261,46666
219980087,46663
219986934,46670
219994541,46668
220002322,46673
220009841,46672
220017690,46683
220025258,46677
220032138,46677
220039952,46684
220054368,46706
220062209,46715
220069791,46713
220077589,46715
220085187,46712
220092023,46714
220098844,46716
220105653,46714
220113351,46711
220120927,46710
220128739,46712
220136338,46718
220144203,46720
220151789,46713
220159564,46726
220173985,46767
220181758,46770
220189885,46768
220197655,46764
220205256,46782
220212067,46724
220218947,46772
220225744,46783
220233518,46779
220241123,46771
220248934,46776
220256522,46775
220264314,46779
220271855,46771
220279657,46781
220294032,46712
220301806,46713
220309374,46714
220317217,46701
220324752,46710
220331567,46702
220338448,46700
220346240,46703
220353803,46704
220361580,46695
220369158,46703
220376893,46695
220384476,46690
220392288,46697
220399813,46690
220414438,46638
220421991,46636
220429792,46637
220437363,46629
220445181,46635
220451993,46632
220459645,46626
220466484,46629
220474289,46628
220481864,46629
220489689,46621
220497251,46623
220505005,46610
220512606,46616
220520429,46618
220528003,46601
220535804,46602
220543377,46599
220551207,46602
220558758,46599
220566527,46599
220574090,46598
220581851,46603
220589407,46588
220597239,46598
220605535,46597
220613300,46601
220620840,46604
220628691,46605
220636260,46612
220650823,46625
220658372,46620
220666186,46627
220673764,46628
220681561,46621
220689128,46625
220695224,46623
220702773,46623
220710540,46624
220718111,46621
220725906,46627
220733523,46624
220741327,46622
220748878,46627
220756671,46627
220771051,46626
220778850,46637
220786424,46638
220794274,46625
220801887,46635
220809712,46634
220817135,46635
220824728,46642
220832495,46638
220840061,46636
220847851,46637
220855420,46630
220863286,46646
220870874,46639
220878642,46631
220886217,46655
220894017,46650
220901619,46657
220909344,46661
220916916,46656
220924768,46648
220931593,46660
220939180,46659
220946947,46657
220961169,46654
220969058,46654
220976690,46647
220984564,46658
220992214,46654
221005970,46692
221013842,46683
221021449,46685
221029945,46685
221037570,46685
221045353,46677
221052971,46687
221060779,46690
221067624,46688
221075229,46690
221083074,46689
221090670,46696
221098511,46686
221106137,46691
221113930,46696
221127622,46720
221135239,46720
221143019,46716
221150645,46718
221158398,46731
221165994,46727
221172839,46723
221180598,46734
221187446,46728
221195020,46738
221202857,46733
221210439,46733
221218238,46735
221225802,46733
221233572,46730
221241741,46703
221249574,46692
221257195,46696
221264953,46694
221272602,46686
221280373,46679
221287992,46681
221295746,46672
221302554,46673
221310122,46676
221317912,46666
221325513,46660
221333286,46653
221340838,46657
221348623,46667
221356203,46653
221363989,46613
221371600,46596
221379349,46594
221386911,46593
221394730,46593
221402351,46586
221410211,46587
221417800,46577
221425586,46580
221433181,46576
221440997,46574
221449258,46572
221457099,46578
221464739,46560
221472530,46573
221486261,46516
221493834,46517
221501588,46515
221509159,46512
221516994,46508
221524640,46501
221532467,46497
221540028,46510
221547852,46506
221555401,46506
221563273,46497
221570838,46492
221578598,46495
221586175,46496
221593977,46500
221601619,46493
221609408,46501
221616995,46494
221624753,46501
221632300,46492
221640121,46499
221647708,46506
221655138,46499
221662994,46503
221670617,46498
221678359,46506
221685951,46502
221693763,46505
221701365,46499
221709191,46504
221716790,46502
221724599,46511
221732212,46508
221739966,46512
221747610,46512
221755345,46517
221762885,46516
221769718,46515
221777467,46507
221785024,46512
221792799,46512
221800396,46516
221808216,46517
221815777,46519
221823556,46512
221831189,46528
221845834,46571
221853421,46566
221861267,46565
221869543,46569
221877360,46562
221884920,46567
221892725,46566
221900335,46564
221907130,46572
221914895,46565
221922479,46572
221930302,46565
221937907,46566
221945696,46578
221953271,46578
221961037,46603
221968645,46603
221976391,46608
221983982,46615
221991787,46616
221999345,46609
222007220,46616
222014782,46613
222022542,46615
222030120,46609
222037936,46609
222045520,46614
222053315,46625
222060888,46617
222068650,46615
222076794,46617
222083652,46678
222091366,46666
222098977,46663
222106774,46677
222114378,46673
222122210,46675
222129798,46672
222137597,46678
222145140,46674
222152876,46675
222160420,46669
222168279,46677
222175788,46674
222183620,46675
222204976,46628
222212634,46622
222220457,46624
222228061,46610
222235817,46611
222243402,46606
222250294,46607
222258156,46612
222265005,46612
222272638,46614
222280385,46603
222288664,46609
222296378,46611
222303929,46606
222311709,46610
222319294,46566
222327042,46572
222334653,46570
222342399,46566
222349950,46565
222357731,46565
222365329,46565
222373206,46563
222380765,46564
222387923,46562
222395545,46562
222403347,46554
222410912,46566
222418691,46555
222426273,46565
222434054,46566
222440858,46547
222448436,46539
222456235,46544
222463829,46544
222471602,46539
222479182,46542
222486986,46550
222495175,46545
222502945,46552
222509840,46546
222517450,46546
222525269,46545
222532786,46547
222540612,46547
222548218,46545
222556009,46547
222563530,46574
222571331,46577
222578895,46578
222586682,46579
222594252,46576
222602128,46575
222608986,46573
222616555,46573
222624343,46575
222631883,46574
222639702,46583
222647305,46574
222655115,46578
222662766,46570
222670515,46574
222678117,46581
222685878,46594
222693443,46594
222701904,46595
222709492,46601
222717369,46606
222724924,46610
222732710,46597
222740272,46600
222747083,46603
222754846,46605
222762401,46605
222770214,46611
222777748,46608
222785502,46620
222793057,46609
222807703,46636
222815286,46646
222823056,46643
222830648,46646
222838453,46646
222846046,46651
222853827,46647
222861387,46652
222868263,46650
222876025,46647
222883644,46654
222891350,46646
222898898,46656
222906721,46658
222914824,46661
222922584,46691
222930182,46697
222937984,46698
222945575,46692
222953431,46704
222961014,46703
222967843,46703
222975648,46702
222983260,46700
222991107,46706
222998719,46707
223006469,46704
223014017,46701
223021806,46704
223029362,46710
223037223,46705
223044784,46749
223052561,46752
223060135,46746
223067959,46755
223075553,46752
223083327,46751
223090883,46750
223098686,46750
223105569,46754
223113160,46750
223121575,46751
223129204,46757
223137044,46754
223144656,46755
223152419,46763
223160037,46759
223166854,46711
223174653,46712
223182256,46716
223190058,46710
223197698,46701
223205410,46697
223212915,46695
223220674,46690
223228282,46685
223236112,46684
223243688,46680
223251422,46679
223258998,46683
223266802,46671
223274353,46672
223282242,46668
223289754,46624
223297496,46632
223305077,46636
223312913,46626
223320464,46623
223328317,46620
223335874,46621
223343647,46623
223351257,46615
223359063,46608
223366666,46616
223374414,46610
223381956,46603
223389802,46595
223397424,46601
223412065,46592
223419645,46583
223434055,46583
223441958,46589
223449634,46578
223457390,46581
223464233,46588
223471841,46587
223478712,46590
223486546,46594
223494159,46585
223501961,46582
223509605,46574
223517412,46579
223524979,46600
223532770,46599
223540976,46593
223548758,46601
223556336,46598
223563153,46593
223570967,46605
223578553,46603
223586369,46615
223593970,46599
223601771,46605
223609366,46609
223617216,46605
223624751,46607
223632590,46601
223640210,46600
223647061,46623
223654866,46616
223662448,46622
223670307,46620
223677782,46617
223684549,46619
223692353,46625
223699860,46621
223707636,46622
223715236,46628
223722065,46631
223729878,46623
223737465,46626
223745303,46638
223753540,46631
223767423,46626
223774982,46626
223782762,46629
223790369,46639
223798169,46631
223805742,46632
223813456,46625
223821016,46635
223828785,46631
223836381,46640
223844221,46646
223851744,46638
223859505,46652
223867040,46652
223874874,46643
223882448,46684
223890292,46677
223897844,46684
223905663,46679
223913251,46683
223921039,46679
223928665,46683
223936413,46681
223944001,46691
223951765,46688
223959822,46683
223967577,46683
223975189,46690
223982976,46689
223990588,46686
224004404,46729
224011944,46744
224019739,46734
224027334,46733
224035166,46733
224041996,46734
224049668,46727
224057435,46725
224065000,46736
224072785,46732
224080328,46726
224087155,46721
224094935,46730
224102550,46734
224110322,46734
224124030,46770
224131822,46766
224139382,46769
224147199,46772
224154756,46766
224161568,46763
224169982,46772
224177625,46773
224185404,46774
224192255,46772
224199847,46766
224206653,46780
224214353,46775
224221927,46780
224229686,46780
224243456,46674
224251321,46675
224258908,46669
224266688,46669
224274277,46673
224281142,46666
224288941,46660
224296582,46666
224304387,46666
224311231,46663
224318819,46664
224325629,46656
224333351,46658
224340855,46656
224348653,46653
224362409,46595
224370263,46598
224378458,46598
224386318,46594
224393866,46597
224400683,46602
224408423,46594
224415952,46593
224423710,46588
224430593,46591
224438103,46590
224444937,46589
224452731,46585
224460349,46583
224468139,46575
224481844,46546
224489582,46543
224497146,46554
224504943,46540
224512573,46546
224519433,46533
224527281,46539
224534833,46536
224542563,46537
224549363,46535
224556891,46541
224564664,46527
224572256,46533
224580022,46531
224588292,46529
224602249,46517
224609808,46503
224617650,46508
224625236,46505
224633031,46509
224640656,46512
224648430,46511
224655968,46514
224670412,46512
224678282,46515
224685110,46516
224692721,46521
224700507,46516
224708178,46516
224714997,46539
224722766,46531
224730344,46539
224738222,46538
224745765,46536
224753507,46537
224761056,46548
224768884,46540
224776447,46538
224784305,46551
224791805,46538
224800138,46554
224807712,46549
224815442,46547
224823000,46558
224837675,46580
224845295,46578
224853085,46587
224860714,46587
224868546,46588
224875348,46588
224882869,46595
224890684,46598
224898247,46599
224906039,46599
224913671,46596
224921557,46599
224928403,46602
224936007,46602
224943827,46605
224957589,46647
224965409,46651
224973009,46650
224980828,46648
224988388,46652
224995251,46656
225003005,46657
225011256,46659
225019021,46653
225026577,46655
225034360,46652
225042002,46652
225049828,46663
225057433,46650
225065264,46656
225072851,46714
225080658,46705
225088239,46710
225096028,46707
225103655,46716
225111453,46705
225119054,46713
225126905,46711
225134503,46707
225142314,46710
225149847,46710
225157589,46714
225165168,46715
225173006,46712
225180686,46717
225195367,46650
225202902,46641
225210688,46638
225218791,46638
225226528,46648
225233333,46635
225240861,46639
225248631,46637
225256235,46637
225263998,46636
225271624,46639
225279368,46637
225286877,46636
225294611,46637
225302186,46637
225316843,46603
225324389,46605
225332244,46610
225339762,46611
225347530,46597
225355120,46598
225362904,46597
225370519,46606
225378362,46603
225385968,46597
225393734,46603
225401336,46610
225409066,46604
225416661,46616
225431917,46585
225438751,46592
225446328,46591
225454149,46601
225461767,46596
225469502,46597
225477074,46603
225484867,46601
225492456,46600
225500318,46598
225507867,46594
225515667,46603
225523305,46603
225531144,46607
225538733,46600
225546403,46638
225553975,46635
225561787,46641
225569388,46634
225577191,46651
225584764,46642
225592518,46642
225600061,46649
225607874,46643
225615424,46644
225623244,46655
225631429,46646
225638310,46654
225646141,46652
225653733,46647
225661440,46645
225668993,46638
225676830,46648
225684381,46645
225692203,46647
225699799,46648
225707565,46649
225714383,46648
225721945,46643
225729700,46649
225737264,46645
225745005,46646
225752584,46642
225760353,46650
225767960,46651
225775807,46652
225783391,46655
225791259,46690
225798786,46693
225806546,46687
225814103,46687
225821915,46686
225829499,46693
225837346,46692
225845631,46691
225853431,46693
225861004,46693
225868807,46689
225876399,46699
225884259,46699
225891826,46697
225913069,46731
225919955,46731
225927517,46730
225935345,46727
225942870,46727
225949693,46726
225957450,46713
225965035,46722
225972887,46730
225980492,46719
225988354,46723
225995934,46727
226003751,46733
226011358,46730
226019188,46731
226026783,46778
226034567,46786
226042177,46784
226049967,46789
226058131,46782
226065945,46782
226073501,46789
226081353,46791
226088946,46784
226096706,46786
226104286,46787
226112072,46793
226118955,46792
226126510,46781
226134318,46786
226141819,46791
226149578,46732
226157176,46790
226164977,46731
226172617,46727
226180442,46717
226188016,46725
226195822,46723
226203370,46718
226211200,46715
226218777,46711
226226527,46714
226234102,46719
226241914,46712
226249546,46697
226257322,46710
226271620,46646
226278480,46649
226286349,46643
226293871,46647
226301628,46644
226308426,46642
226315988,46646
226323798,46646
226331384,46640
226339203,46637
226346784,46638
226354547,46636
226362175,46632
226369975,46634
226377561,46627
226391616,46633
226398428,46633
226406006,46636
226413790,46636
226421333,46630
226429150,46631
226436724,46629
226444550,46630
226452160,46629
226459938,46623
226467525,46633
226475947,46637
226482786,46623
226490448,46628
226498327,46626
226505123,46661
226512715,46645
226520475,46655
226528054,46658
226535848,46658
226543432,46656
226551281,46662
226558866,46661
226566654,46664
226574237,46666
226582021,46660
226589648,46669
226597406,46669
226604970,46658
226612718,46673
226620280,46671
226628063,46675
226635726,46680
226643533,46681
226651167,46670
226658948,46674
226666516,46672
226674319,46677
226682537,46673
226690366,46679
226697965,46682
226705791,46673
226713394,46678
226720263,46681
226728059,46676
226735678,46679
226743376,46686
226750934,46696
226758707,46699
226766274,46685
226774015,46698
226781656,46696
226788457,46698
226796263,46702
226803852,46697
226811616,46691
226819220,46691
226827001,46701
226834610,46697
226842398,46702
226849944,46701
226857748,46702
226872186,46701
226879996,46703
226888229,46711
226896060,46707
226903657,46704
226911506,46708
226919044,46710
226926856,46715
226934431,46706
226942204,46708
226949767,46720
226957498,46714
226965073,46717
226972861,46713
226987287,46734
226995064,46739
227002636,46749
227010374,46744
227017914,46744
227025711,46750
227033274,46748
227041098,46746
227048693,46752
227056471,46753
227064036,46753
227071768,46757
227079364,46751
227087201,46758
227095379,46755
227103258,46754
227110088,46753
227117694,46754
227125451,46758
227132990,46750
227146758,46746
227154421,46749
227162303,46747
227169870,46741
227177662,46745
227185279,46729
227193026,46728
227199840,46726
227207432,46724
227215292,46715
227222855,46653
227230654,46645
227238237,46711
227246046,46655
227253636,46641
227261374,46643
227268917,46647
227276723,46645
227284287,46636
227292093,46642
227299754,46634
227307530,46641
227315792,46628
227323495,46631
227331095,46629
227338905,46569
227346493,46573
227354341,46562
227361207,46567
227368811,46560
227376554,46563
227383399,46556
227390937,46553
227398708,46551
227406281,46549
227414100,46554
227421684,46546
227429465,46542
227437052,46542
227444885,46537
227452467,46531
227460305,46540
227467873,46537
227475686,46544
227483275,46549
227491093,46553
227498735,46547
227506496,46543
227514081,46543
227522418,46553
227529972,46551
227537719,46552
227545276,46556
227553075,46550
227559978,46542
227567542,46550
227575388,46552
227582939,46558
227590694,46556
227598263,46569
227606042,46564
227613677,46559
227621454,46565
227629022,46563
227636858,46564
227644396,46564
227652161,46561
227659726,46567
227667473,46569
227675052,46570
227682890,46574
227690504,46571
227705237,46609
227712805,46604
227720527,46605
227728726,46609
227736473,46613
227743312,46603
227750896,46606
227758678,46605
227766259,46610
227774054,46609
227781662,46617
227789430,46619
227796954,46614
227804811,46626
227812380,46621
227820184,46665
227827775,46667
227835574,46667
227842381,46665
227849891,46675
227857670,46677
227865196,46673
227873002,46670
227880608,46671
227888402,46669
227895950,46675
227903728,46677
227911310,46683
227919076,46674
227926677,46678
227935102,46679
227942767,46720
227950566,46722
227958145,46723
227965945,46725
227973460,46731
227981307,46731
227988852,46727
227996618,46720
228004255,46724
228012042,46724
228019646,46728
228027435,46728
228035037,46727
228041898,46724
228049692,46729
228057251,46736
228065079,46651
228072717,46653
228080452,46669
228088017,46664
228095786,46656
228102649,46653
228110254,46655
228118073,46653
228125714,46665
228133567,46659
228141732,46657
228149567,46660
228157122,46660
228164914,46649
228172512,46661
228187170,46627
228194804,46631
228202540,46627
228210120,46623
228217926,46634
228225536,46634
228233372,46637
228240891,46639
228248634,46636
228256253,46630
228264000,46636
228271649,46635
228279467,46640
228287039,46638
228294830,46638
228302435,46623
228310278,46635
228317817,46631
228324602,46632
228332419,46625
228339954,46637
228347748,46625
228355925,46626
228363734,46637
228371330,46633
228385757,46636
228393593,46629
228400443,46629
228408043,46634
228422743,46649
228430321,46656
228438120,46651
228445752,46649
228453488,46657
228460331,46651
228467877,46651
228475627,46653
228483229,46652
228491013,46657
228498597,46661
228506391,46660
228513924,46652
228520730,46654
228528475,46632
228542936,46659
228550754,46664
228558336,46664
228565771,46672
228572612,46665
228579477,46669
228587304,46669
228594824,46675
228602553,46671
228610115,46670
228617947,46674
228625535,46669
228633370,46678
228640174,46679
228647752,46680
228662305,46683
228669852,46690
228677637,46698
228684477,46703
228691303,46701
228698183,46701
228705785,46704
228713531,46703
228721110,46705
228728894,46705
228736439,46701
228744314,46699
228751845,46698
228758670,46693
228766451,46700
228781522,46721
228789377,46723
228796877,46721
228803756,46722
228810552,46732
228817412,46724
228825240,46733
228832806,46734
228840545,46738
228848116,46738
228855925,46741
228863539,46733
228871363,46744
228878202,46734
228885829,46735
228900409,46764
228907947,46769
228915744,46766
228922546,46764
228930112,46770
228936898,46766
228944697,46766
228952309,46763
228960127,46759
228967735,46764
228975467,46759
228983033,46750
228991385,46758
228998226,46752
229005830,46743
229020428,46668
229027986,46668
229035746,46660
229042578,46663
229050103,46659
229056184,46658
229063759,46657
229071541,46658
229079101,46649
229086904,46654
229094485,46650
229102324,46649
229109847,46652
229116619,46652
229124414,46646
229138807,46610
229146486,46606
229154062,46603
229160839,46612
229168601,46607
229174764,46605
229182339,46603
229190114,46610
229197744,46615
229206250,46603
229213873,46610
229221706,46606
229229336,46607
229236116,46606
229243913,46601
229258315,46600
229266073,46611
229273732,46605
229280558,46608
229288393,46603
229294530,46611
229302097,46611
229309872,46606
229317449,46607
229325234,46609
229332790,46613
229340545,46610
229348129,46613
229354960,46614
229362733,46613
229377143,46652
229384922,46652
229392464,46652
229399293,46655
229407073,46653
229413750,46657
229421404,46653
229429201,46651
229436799,46652
229444506,46657
229452103,46654
229459889,46653
229467467,46660
229474348,46665
229482146,46663
229496563,46699
229504342,46701
229511846,46693
229518641,46689
229526453,46698
229533285,46694
229540852,46703
229548638,46696
229556231,46699
229563997,46697
229571596,46705
229579416,46708
229587020,46698
229593845,46703
229601626,46705
229616055,46747
229623712,46741
229632126,46740
229639763,46740
229646607,46740
229653469,46742
229661302,46742
229668847,46752
229676616,46748
229684252,46748
229692024,46747
229699646,46753
229707429,46762
229714983,46760
229722743,46756
229730304,46790
229738043,46785
229745645,46781
229753470,46786
229761017,46784
229768826,46788
229776381,46793
229784192,46792
229791790,46792
229799552,46795
229807122,46793
229814922,46805
229822530,46793
229829426,46807
229837861,46807
229845468,46809
229853290,46824
229860845,46829
229868591,46822
229876193,46820
229884033,46817
229891703,46810
229899461,46816
229907049,46808
229914806,46820
229922429,46810
229930190,46804
229937778,46805
229945563,46796
229953153,46805
229960956,46804
229975368,46749
229983119,46744
229990755,46747
229998479,46749
230005291,46754
230012876,46741
230019677,46742
230027438,46745
230035042,46742
230042829,46741
230050926,46745
230058684,46744
230066245,46736
230074023,46729
230081671,46731
230096347,46716
230103927,46717
230111719,46716
230118510,46717
230125345,46718
230132904,46725
230139715,46713
230147500,46710
230155033,46723
230162806,46708
230170390,46714
230178220,46713
230185800,46707
230192639,46714
230200447,46712
230214872,46693
230222629,46697
230230201,46695
230237043,46695
230243863,46687
230251654,46695
230259071,46693
230266655,46689
230274424,46690
230281984,46700
230289800,46693
230297387,46695
230305231,46699
230312091,46698
230319659,46702
230334319,46695
230341883,46696
230349661,46689
230356468,46693
230363319,46700
230370909,46690
230377720,46696
230385476,46692
230393014,46698
230400753,46690
230408386,46685
230416205,46698
230423812,46699
230430588,46698
230438395,46700
230452773,46727
230460532,46730
230468711,46704
230475544,46733
230482392,46736
230490257,46723
230497135,46730
230504709,46742
230512532,46739
230520094,46738
230527862,46730
230535475,46737
230543330,46744
230550172,46749
230557786,46739
230572425,46773
230580010,46781
230587740,46778
230594529,46781
230601349,46780
230608879,46785
230616644,46785
230624191,46794
230632001,46788
230639596,46788
230647438,46793
230655018,46788
230662799,46784
230669648,46793
230677253,46795
230692417,46859
230699997,46862
230707817,46866
230714676,46863
230721471,46867
230729012,46878
230736793,46875
230743630,46878
230751245,46878
230759023,46880
230766637,46878
230774427,46882
230781955,46874
230788764,46882
230796500,46885
230810911,46853
230818698,46849
230826279,46847
230833128,46850
230839947,46855
230854425,46851
230862013,46852
230869842,46846
230877415,46839
230885238,46839
230892839,46845
230901266,46836
230908851,46843
230916649,46838
230924264,46828
230932046,46830
230939633,46832
230947413,46832
230954276,46821
230961887,46832
230969653,46821
230977249,46830
230985037,46836
230992641,46828
231000423,46826
231007963,46828
231015759,46822
231023376,46828
231031169,46826
231038784,46829
231046544,46838
231054122,46833
231061912,46842
231068732,46839
231076325,46847
231084101,46843
231091749,46839
231099465,46841
231107593,46838
231115463,46851
231123019,46846
231130798,46841
231138372,46851
231146147,46849
231153805,46854
231168460,46875
231176013,46882
231183822,46874
231190651,46874
231198190,46885
231205972,46880
231213555,46870
231221426,46875
231228930,46880
231236738,46874
231244364,46884
231252165,46880
231259770,46887
231267516,46877
231275114,46881
231282933,46892
231290514,46888
231298322,46891
231305893,46899
231313671,46896
231321878,46908
231329595,46904
231337129,46905
231344943,46903
231352538,46910
231360351,46902
231367955,46916
231375795,46916
231383379,46914
231390263,46915
231398043,46915
231405561,46943
231413425,46940
231420952,46941
231428742,46951
231436312,46952
231444106,46950
231451696,46950
231459452,46953
231467004,46950
231474810,46963
231482407,46950
231490232,46957
231497854,46969
231505693,46959
231513294,46960
231521086,46962
231529252,46992
231537055,46981
231544688,46997
231550778,46997
231558599,46993
231566111,46990
231573945,46994
231581515,47001
231589344,47002
231596850,46998
231604619,47000
231612205,47001
231620022,47000
231627583,46998
231635437,46995
231643033,47040
231650819,47038
231658435,47048
231666173,47042
231673754,47045
231681507,47040
231689025,47040
231696797,47036
231704393,47030
231712166,47033
231719785,47041
231727518,47036
231735712,47047
231743525,47037
231751124,47042
231758962,47048
231766506,46987
231774370,46983
231781919,46986
231788687,46975
231796481,46992
231804039,46977
231811815,46981
231819401,46972
231827247,46975
231834842,46965
231842552,46969
231850153,46966
231857952,46973
231865500,46968
231873369,46965
231880917,46962
231888714,46925
231896317,46917
231904088,46917
231911700,46914
231919476,46911
231927014,46913
231934780,46906
231942968,46905
231950749,46907
231957587,46903
231965146,46903
231972968,46905
231980590,46901
231988451,46897
231995954,46899
232010606,46879
232018209,46885
232026019,46880
232033571,46879
232041391,46880
232048893,46902
232056655,46881
232064212,46888
232072013,46884
232078841,46894
232093094,46885
232100986,46884
232108593,46893
232116432,46898
232123985,46899
232131756,46892
232139358,46894
232146176,46894
232154527,46885
232162100,46886
232169949,46889
232177518,46890
232185337,46891
232192145,46893
232199730,46887
232207524,46891
232215112,46894
232222857,46892
232230474,46889
232238342,46890
232245876,46897
232253646,46895
232261211,46898
232269074,46901
232276674,46900
232284527,46898
232292135,46897
232299934,46899
232307502,46903
232315350,46902
232322899,46903
232330638,46901
232338235,46899
232346058,46895
232352881,46910
232368268,46917
232375869,46923
232383603,46919
232391206,46926
232398975,46919
232406542,46925
232414383,46924
232421906,46921
232429672,46929
232437246,46933
232445016,46929
232452578,46922
232460445,46924
232467981,46924
232475752,46919
232483363,46955
232491226,46951
232498840,46956
232505600,46953
232513448,46946
232520999,46948
232528776,46954
232536391,46958
232544187,46949
232551792,46953
232559560,46952
232567691,46954
232575490,46961
232583108,46954
232590864,46961
232598448,46959
232606241,46978
232613854,46976
232621693,46984
232629352,46984
232637126,46984
232644701,46992
232652499,46982
232660078,46987
232667890,46994
232675495,46989
232683344,46990
232690988,46984
232698778,46985
232706372,46985
232713202,46982
232720994,46987
232728554,46932
232736400,46933
232743258,46924
232750876,46926
232758633,46914
232766260,46917
232774041,46912
232782262,46909
232790080,46906
232797683,46906
232805505,46901
232813059,46898
232820862,46907
232828463,46893
232836237,46888
232850673,46817
232858455,46813
232866045,46811
232873840,46805
232881456,46809
232889272,46800
232896856,46806
232904635,46805
232912214,46800
232920077,46794
232927616,46793
232935443,46790
232942971,46789
232950756,46793
232958336,46791
232966095,46731
232973691,46729
232981484,46724
232989711,46724
232996532,46724
233004338,46723
233011911,46722
233019672,46714
233027324,46710
233035103,46711
233042714,46707
233050508,46717
233058151,46709
233065930,46708
233073526,46717
233081372,46712
233089008,46669
233096789,46668
233103640,46680
233111250,46673
233119047,46672
233126700,46665
233134501,46667
233142080,46668
233149910,46665
233157498,46665
233165344,46663
233172900,46662
233180651,46657
233188194,46657
233195550,46656
233203367,46666
233210901,46611
233218743,46612
233226313,46612
233234112,46619
233241713,46617
233249474,46612
233257052,46616
233264893,46612
233272495,46619
233280370,46609
233287929,46613
233295668,46611
233303236,46604
233311027,46606
233325221,46576
233333069,46580
233340003,46575
233347632,46575
233354527,46573
233362372,46578
233369915,46575
233377649,46579
233385230,46566
233393072,46577
233400676,46573
233409140,46570
233416800,46573
233424577,46564
233431406,46570
233438939,46571
233446708,46607
233454241,46607
233462088,46611
233469727,46615
233477535,46614
233485091,46616
233492924,46616
233500482,46608
233508290,46608
233515863,46612
233523645,46618
233531274,46622
233539057,46618
233546636,46620
233554477,46619
233568849,46635
233576577,46640
233584177,46640
233591980,46648
233599593,46648
233607461,46655
233615622,46651
233623488,46656
233631015,46653
233638769,46654
233646339,46658
233654119,46660
233661705,46654
233669496,46657
233677067,46660
233684867,46659
233692448,46649
233699279,46655
233707102,46637
233713907,46638
233721488,46630
233729307,46634
233736892,46618
233744677,46626
233752277,46620
233760107,46611
233767721,46612
233775514,46612
233783029,46605
233790828,46609
233798425,46601
233806247,46528
233813854,46526
233821620,46529
233829836,46525
233837553,46524
233845123,46515
233852951,46518
233860542,46514
233868381,46513
233875951,46509
233883741,46515
233891365,46515
233899170,46510
233906775,46515
233913656,46509
233928389,46441
233935945,46448
233943708,46448
233951253,46440
233959084,46438
233966647,46438
233974438,46441
233981939,46441
233989762,46435
233997348,46437
234005152,46439
234012031,46434
234019578,46441
234027452,46436
234034939,46441
234049566,46431
234057166,46434
234064978,46432
234072593,46433
234080475,46430
234088054,46430
234095837,46435
234103437,46436
234111207,46430
234118825,46428
234126637,46429
234134201,46431
234142033,46434
234149592,46430
234164281,46430
234171859,46424
234179595,46429
234187175,46433
234194979,46436
234202561,46430
234210378,46433
234217909,46424
234225674,46429
234233236,46435
234241571,46428
234249150,46430
234256988,46433
234264560,46427
234271439,46427
234279262,46438
234286859,46445
234294580,46444
234301390,46441
234308912,46444
234316740,46441
234324306,46447
234332095,46443
234339697,46443
234347519,46446
234355069,46451
234362841,46453
234370468,46446
234377262,46450
234385082,46456
234391907,46450
234406386,46462
234414206,46465
234421053,46469
234428588,46464
234436377,46468
234443162,46461
234451435,46468
234459318,46468
234466902,46478
234474658,46477
234482235,46464
234490067,46473
234496860,46465
234504455,46471
234511249,46466
234525874,46490
234533467,46501
234540322,46503
234548151,46485
234562359,46495
234570160,46498
234577845,46503
234585594,46512
234593174,46510
234600991,46516
234608593,46509
234616474,46509
234623999,46508
234638643,46527
234646182,46537
234652997,46541
234660788,46538
234668867,46536
234676692,46535
234684275,46531
234692059,46530
234699618,46528
234707428,46535
234715001,46534
234722811,46525
234730409,46523
234738187,46524
234745822,46526
234753550,46401
234761124,46400
234768878,46397
234776453,46395
234784234,46394
234791856,46390
234799570,46382
234807154,46381
234814935,46376
234822542,46372
234830379,46371
234837894,46367
234845580,46364
234853162,46359
234860983,46355
234867801,46357
234875904,46232
234883719,46228
234891309,46231
234899112,46228
234906673,46222
234914471,46226
234922094,46222
234929924,46225
234937470,46219
234945297,46223
234952914,46228
234960745,46228
234968332,46229
234976104,46222
234983731,46226
234991503,46230
234999071,46201
235006819,46199
235013674,46205
235021291,46208
235029068,46201
235036696,46204
235043538,46198
235051386,46197
235058923,46202
235066673,46197
235074245,46194
235082042,46207
235090230,46209
235098037,46205
235105566,46205
235113412,46199
235120977,46221
235128765,46220
235136351,46220
235144144,46216
235151748,46219
235159481,46228
235166994,46223
235174765,46215
235182369,46223
235190133,46217
235197714,46226
235205585,46226
235213173,46220
235220960,46229
235228514,46220
235243195,46234
235250789,46232
235258523,46228
235266135,46239
235273945,46239
235281551,46240
235289421,46242
235297665,46236
235305492,46243
235313008,46245
235320800,46236
235328399,46252
235336194,46239
235343859,46250
235350638,46247
235358449,46300
235365962,46297
235372717,46290
235380518,46289
235388092,46293
235395885,46296
235403483,46302
235411282,46298
235418876,46300
235426555,46299
235434069,46309
235441877,46304
235449472,46306
235457291,46307
235464152,46306
235470996,46311
235485335,46354
235492160,46352
235499938,46355
235508089,46357
235515901,46366
235523510,46367
235530325,46369
235538132,46370
235545751,46377
235553595,46375
235561167,46375
235568946,46374
235576536,46374
235583408,46382
235590219,46383
235604865,46422
235611724,46436
235619261,46431
235627028,46434
235634572,46434
235642410,46434
235649271,46433
235656876,46437
235664581,46442
235672188,46435
235679992,46439
235687556,46446
235695398,46437
235702954,46444
235709762,46450
235718231,46456
235725857,46451
235733641,46455
235741272,46450
235749069,46449
235756617,46446
235764451,46448
235772061,46438
235779831,46439
235787452,46435
235801884,46431
235809695,46424
235817367,46434
235823438,46426
235831200,46421
235838809,46340
235846551,46337
235854100,46337
235861903,46338
235869555,46335
235877408,46336
235884234,46335
235891837,46321
235899541,46327
235907081,46326
235914895,46318
235922468,46326
235930911,46321
235938482,46316
235946305,46321
235960775,46277
235967589,46277
235975414,46277
235983011,46280
235990789,46278
235998363,46276
236006134,46282
236013775,46274
236021545,46284
236029109,46278
236036886,46275
236044503,46272
236052300,46273
236059891,46265
236066662,46261
236081330,46254
236088181,46263
236095779,46261
236103531,46254
236111027,46255
236118800,46252
236125619,46256
236133181,46256
236141606,46264
236149179,46256
236156955,46263
236164532,46255
236172294,46261
236179872,46256
236185915,46261
236200491,46262
236207319,46261
236214908,46266
236222594,46263
236230129,46255
236237942,46267
236244757,46259
236252369,46261
236260166,46263
236267777,46265
236275578,46263
236283185,46265
236291025,46258
236298571,46264
236304700,46250
236319397,46262
236326232,46262
236333859,46260
236341578,46260
236349754,46260
236357541,46262
236364417,46263
236371993,46262
236379739,46264
236387361,46264
236395229,46268
236402857,46263
236410593,46258
236418164,46267
236424219,46263
236438802,46267
236445582,46276
236453190,46273
236460998,46276
236468568,46273
236476414,46250
236483246,46273
236490831,46280
236498533,46255
236506090,46278
236513879,46274
236521503,46278
236529330,46276
236536918,46283
236543703,46280
236558917,46336
236566519,46342
236574292,46340
236581902,46337
236589669,46338
236597248,46339
236604087,46333
236611871,46340
236619432,46345
236627216,46343
236634843,46347
236642567,46346
236650100,46336
236657906,46352
236664750,46355
236672328,46395
236680134,46391
236687747,46395
236695576,46404
236703108,46403
236710910,46400
236718533,46408
236726400,46407
236733916,46417
236741751,46414
236749344,46415
236757101,46413
236765231,46412
236773053,46408
236779856,46417
236787467,46420
236795263,46362
236802882,46362
236810706,46359
236818282,46353
236826025,46370
236833593,46361
236840408,46359
236848206,46358
236855863,46357
236863595,46355
236871149,46362
236879021,46362
236886601,46347
236894404,46353
236901922,46349
236909626,46347
236917198,46325
236924974,46330
236932539,46325
236940350,46336
236947906,46330
236955664,46331
236963203,46338
236971006,46334
236979128,46334
236986971,46340
236994551,46332
237002372,46334
237009991,46330
237017746,46334
237025287,46341
237039681,46348
237046525,46350
237054120,46349
237061924,46346
237069528,46354
237076450,46345
237084247,46352
237091875,46348
237099663,46345
237107263,46349
237115092,46357
237122678,46349
237130525,46349
237137331,46357
237144967,46354
237159539,46381
237167067,46383
237174833,46379
237182437,46387
237190966,46384
237197865,46382
237205485,46388
237213315,46393
237220900,46385
237228683,46389
237236272,46389
237244124,46389
237251789,46385
237258652,46394
237266562,46394
237274158,46432
237282037,46420
237289635,46427
237297434,46429
237305011,46434
237312766,46433
237320368,46430
237328178,46427
237335819,46426
237343581,46431
237351138,46435
237358887,46442
237366471,46435
237373314,46435
237381138,46441
237388728,46436
237396548,46482
237404017,46481
237411593,46481
237419425,46487
237427005,46480
237434816,46489
237442395,46488
237450200,46486
237457799,46489
237465583,46487
237473111,46492
237480944,46494
237488535,46493
237496328,46486
237503897,46504
237518520,46533
237526105,46538
237533848,46528
237541424,46535
237549190,46536
237556015,46534
237563579,46531
237571427,46543
237578988,46544
237586784,46540
237594381,46541
237602197,46543
237610476,46548
237618243,46543
237625840,46550
237633600,46586
237640422,46585
237648010,46588
237655773,46589
237663370,46589
237671152,46601
237678774,46590
237686533,46584
237694022,46597
237701795,46587
237709395,46597
237717146,46592
237724730,46599
237732543,46601
237740120,46601
237747884,46592
237755481,46545
237763244,46543
237770842,46542
237778583,46536
237786147,46542
237792980,46533
237800781,46532
237808373,46530
237816775,46530
237824358,46527
237832163,46524
237839779,46529
237847599,46518
237855193,46519
237863024,46522
237870580,46527
237878434,46427
237885958,46420
237893749,46433
237901366,46426
237909272,46425
237916878,46419
237924625,46419
237932206,46416
237939994,46413
237947564,46408
237955402,46414
237962955,46414
237970697,46412
237977507,46412
237985032,46419
237992825,46413
238000431,46396
238008213,46400
238015826,46407
238024268,46392
238031101,46391
238038705,46386
238046517,46395
238054093,46401
238061914,46400
238069540,46404
238077358,46394
238084931,46401
238092677,46406
238100240,46403
238108077,46403
238122516,46419
238130343,46415
238137944,46424
238145691,46424
238152522,46417
238160026,46424
238167779,46419
238175358,46425
238183160,46424
238190781,46424
238198609,46427
238206167,46434
238213962,46429
238220782,46427
238228368,46427
238243503,46444
238251088,46440
238257927,46445
238272316,46440
238280138,46448
238287796,46447
238295621,46443
238303231,46443
238311074,46452
238318679,46445
238326517,46449
238333337,46454
238340985,46457
238355594,46500
238363124,46502
238370888,46508
238378431,46503
238386206,46504
238393856,46504
238401592,46511
238409168,46511
238417000,46507
238424554,46512
238432359,46519
238439944,46512
238448443,46506
238456061,46515
238463860,46510
238471454,46577
238478290,46569
238486106,46582
238492899,46576
238500479,46583
238508225,46582
238515837,46585
238523580,46585
238531152,46581
238538981,46584
238546546,46584
238554375,46585
238561914,46586
238569653,46594
238577247,46592
238585100,46594
238592681,46643
238600528,46646
238608072,46645
238614874,46646
238622617,46650
238630182,46656
238637991,46660
238645565,46650
238653365,46658
238661603,46659
238669452,46663
238676975,46660
238684760,46662
238692342,46665
238700125,46668
238707714,46672
238715538,46668
238723082,46662
238729910,46661
238737689,46662
238745255,46656
238752030,46654
238759802,46655
238767395,46647
238775203,46638
238782782,46640
238790551,46636
238798085,46639
238805905,46629
238813464,46637
238821255,46624
238828875,46616
238836598,46580
238844143,46578
238850986,46574
238858795,46565
238866972,46564
238874769,46564
238882355,46565
238890099,46567
238897676,46562
238905563,46564
238913164,46563
238920921,46560
238928533,46565
238936355,46561
238943971,46563
238951705,46558
238959271,46545
238967103,46542
238974683,46542
238982521,46544
238990075,46537
238997809,46535
239005426,46531
239013179,46538
239020771,46540
239028571,46543
239036154,46538
239043950,46545
239051554,46537
239059375,46542
239066981,46536
239081501,46553
239089036,46558
239096816,46556
239104430,46555
239112261,46553
239119903,46560
239127671,46560
239135244,46567
239143051,46566
239150616,46558
239158460,46566
239166033,46560
239173815,46564
239180646,46573
239188259,46557
239202222,46560
239209812,46562
239217556,46565
239225147,46556
239232967,46561
239240518,46569
239248352,46563
239255971,46565
239263765,46559
239271369,46563
239279690,46559
239287266,46567
239295092,46559
239301896,46558
239309472,46572
239316297,46565
239324090,46560
239331658,46559
239338529,46567
239346325,46560
239353874,46558
239361640,46552
239369239,46559
239377054,46568
239384642,46566
239392485,46562
239400030,46569
239407799,46564
239415407,46566
239423215,46575
239430809,46570
239437655,46570
239445492,46569
239452998,46571
239460891,46567
239468557,46564
239476358,46570
239483974,46563
239492464,46566
239500081,46569
239514573,46573
239522163,46570
239529974,46566
239536809,46562
239544352,46567
239551230,46568
239558980,46568
239566590,46571
239573454,46559
239581284,46570
239588940,46571
239596711,46555
239604286,46565
239612048,46561
239619610,46566
239627443,46569
239634999,46566
239642768,46569
239650371,46569
239657209,46571
239665024,46569
239672606,46570
239680456,46516
239688041,46569
239694872,46514
239702587,46510
239710853,46510
239718617,46508
239726182,46505
239733938,46504
239741537,46506
239749311,46500
239756887,46504
239764666,46498
239772245,46504
239780100,46497
239787656,46501
239802287,46470
239809894,46475
239817587,46480
239825146,46472
239832969,46477
239840574,46471
239848407,46473
239856010,46471
239863817,46480
239871413,46472
239879240,46473
239886922,46470
239893740,46477
239901579,46479
239909129,46470
239917578,46460
239925086,46451
239932919,46457
239940506,46459
239948242,46449
239955854,46452
239962693,46457
239970546,46450
239978170,46457
239985980,46455
239993603,46449
240001465,46456
240009056,46461
240016813,46457
240024401,46453
240031236,46453
240039021,46467
240046593,46467
240054452,46465
240061998,46470
240069716,46470
240077282,46465
240085045,46468
240092615,46463
240100471,46467
240108069,46466
240115879,46475
240124051,46470
240131865,46474
240139461,46468
240147249,46469
240154902,46469
240162713,46479
240170264,46483
240178104,46480
240185689,46481
240193550,46483
240201064,46484
240208844,46484
240216388,46480
240224137,46487
240231742,46487
240239523,46487
240247036,46487
240254852,46483
240262460,46490
240269261,46485
240277078,46519
240284625,46520
240292481,46524
240299304,46523
240306921,46510
240314717,46519
240322305,46512
240330627,46518
240338178,46522
240345947,46513
240353528,46523
240361385,46519
240368976,46518
240376726,46524
240384333,46523
240392127,46510
240399657,46595
240407464,46588
240414223,46594
240421826,46604
240429595,46600
240437164,46602
240444990,46605
240452583,46607
240460482,46613
240468004,46615
240475762,46621
240483321,46618
240491148,46618
240498704,46618
240506532,46619
240514041,46625
240521832,46625
240529423,46623
240537824,46622
240545381,46624
240553200,46611
240560825,46614
240567648,46618
240575494,46618
240583065,46612
240590840,46606
240598422,46610
240606199,46603
240613768,46599
240621563,46607
240628400,46598
240635991,46593
240643797,46545
240651379,46539
240658221,46541
240665993,46541
240673604,46538
240681411,46539
240688224,46535
240695870,46530
240703595,46527
240711133,46533
240718978,46526
240726617,46528
240734400,46534
240747850,46522
240756437,46515
240764101,46513
240770987,46510
240778793,46503
240786425,46507
240794230,46510
240801077,46505
240808668,46508
240816563,46510
240824107,46513
240831906,46507
240839502,46514
240847351,46514
240854206,46508
240861832,46504
240868694,46509
240876539,46511
240884102,46517
240890913,46520
240898763,46529
240906323,46529
240914131,46523
240920999,46531
240928612,46528
240936488,46531
240944038,46527
240951814,46520
240959392,46523
240967814,46528
240974657,46527
240982273,46523
240990092,46535
240997639,46534
241005488,46574
241012261,46576
241019907,46581
241027730,46579
241035333,46579
241043202,46584
241050813,46581
241058607,46588
241066132,46588
241073895,46592
241081461,46587
241089317,46587
241096926,46591
241104688,46589
241112285,46596
241120146,46599
241127737,46641
241135535,46647
241143056,46651
241150803,46645
241158398,46655
241166207,46654
241174391,46652
241182169,46653
241189781,46655
241197586,46661
241205166,46658
241211994,46665
241219756,46663
241226554,46667
241234094,46667
241241884,46671
241249486,46700
241257252,46705
241264859,46699
241272619,46708
241279464,46702
241287005,46707
241294773,46701
241302357,46708
241310165,46705
241317809,46712
241325621,46720
241332392,46724
241339973,46728
241346758,46721
241354565,46722
241362097,46726
241375766,46755
241384223,46754
241391855,46760
241398703,46741
241406486,46763
241414025,46762
241421772,46757
241429332,46762
241437111,46753
241444699,46756
241451629,46749
241459420,46750
241466237,46746
241473817,46746
241481623,46741
241495311,46690
241502924,46694
241510667,46697
241517527,46696
241525041,46695
241532788,46690
241540327,46694
241548133,46691
241555735,46681
241563555,46682
241570399,46686
241577955,46689
241584824,46690
241592613,46684
241600852,46682
241614488,46668
241622269,46675
241629909,46674
241636727,46671
241644609,46668
241652201,46666
241659991,46662
241667568,46660
241675367,46660
241682951,46660
241689757,46659
241697596,46661
241704424,46656
241711994,46657
241719732,46658
241734044,46674
241741768,46669
241749295,46673
241756125,46669
241763915,46674
241771514,46669
241779302,46678
241786907,46677
241794650,46682
241802227,46683
241809690,46680
241817521,46683
241825044,46679
241832829,46681
241840421,46690
241848178,46716
241855798,46713
241863584,46711
241871099,46711
241878870,46714
241886443,46711
241894277,46715
241901921,46711
241909690,46715
241917294,46715
241925093,46719
241932631,46718
241940485,46721
241948019,46717
241955759,46724
241963333,46726
241971132,46743
241985542,46739
241992430,46740
242000024,46749
242007791,46745
242015379,46741
242023692,46747
242031269,46748
242039120,46750
242045949,46746
242053574,46745
242060431,46748
242068259,46752
242075862,46744
242090475,46768
242098003,46764
242105777,46773
242113350,46769
242121175,46768
242128719,46765
242136518,46770
242144061,46770
242151829,46767
242159405,46775
242167226,46763
242174845,46770
242182646,46770
242190188,46775
242197966,46769
242205525,46801
242213287,46796
242220904,46802
242229340,46804
242236960,46810
242244741,46808
242252350,46805
242260149,46815
242267734,46811
242275537,46816
242283105,46817
242290929,46815
242297746,46817
242305324,46815
242313145,46824
242320722,46817
242328533,46853
242336080,46844
242343838,46846
242351359,46850
242359147,46840
242366694,46844
242374558,46842
242382088,46838
242389876,46833
242397508,46833
242405275,46828
242412910,46825
242420674,46820
242428241,46813
242436608,46819
242450993,46745
242458731,46745
242466305,46803
242474123,46731
242481669,46737
242489499,46730
242497035,46736
242504778,46731
242512367,46728
242520186,46730
242527760,46733
242535562,46729
242543062,46731
242550836,46721
242558408,46712
242566188,46659
242573760,46652
242581566,46657
242589084,46656
242596864,46658
242604472,46647
242612224,46651
242619814,46649
242627603,46650
242635133,46643
242643572,46643
242651134,46641
242657948,46635
242665662,46632
242673297,46629
242681126,46631
242688689,46617
242696483,46623
242704025,46625
242711773,46624
242719350,46617
242727112,46623
242734661,46626
242742484,46625
242750055,46618
242757833,46620
242765452,46615
242773196,46629
242780841,46624
242788635,46620
242796228,46628
242810819,46637
242818399,46641
242826188,46631
242833815,46636
242841604,46643
242849712,46640
242857556,46635
242865098,46638
242872877,46640
242880504,46631
242888281,46640
242895900,46640
242903687,46640
242911247,46644
242919005,46639
242926593,46671
242934423,46677
242942003,46677
242949763,46675
242957334,46678
242965119,46683
242972653,46686
242980478,46689
242988037,46686
242995853,46690
243003503,46693
243011327,46693
243018192,46687
243025805,46700
243033621,46691
243041159,46709
243048932,46741
243057065,46740
243064867,46742
243071718,46741
243079279,46734
243087156,46739
243094765,46743
243102615,46752
243110120,46753
243117923,46751
243125464,46745
243133242,46748
243140819,46749
243148667,46755
243156257,46761
243164052,46757
243171636,46786
243179508,46782
243187042,46777
243194768,46786
243202296,46788
243210073,46785
243224532,46791
243232138,46786
243239961,46795
243246837,46803
243253655,46797
243261197,46793
243268965,46799
243277078,46802
243291728,46792
243299281,46791
243307130,46779
243314728,46779
243322534,46779
243330050,46772
243337809,46772
243345375,46768
243353189,46766
243360817,46761
243368629,46760
243376196,46765
243383965,46765
243391569,46752
243399399,46758
243406980,46694
243414762,46698
243422334,46688
243430152,46688
243437719,46688
243445538,46683
243453124,46684
243460877,46688
243468468,46690
243476247,46672
243483712,46679
243491314,46681
243499126,46669
243506717,46672
243514546,46663
243528940,46643
243536688,46643
243544261,46641
243552096,46637
243559680,46632
243567497,46639
243575098,46634
243582893,46638
243590463,46631
243598252,46630
243605864,46628
243612700,46662
243620545,46631
243628092,46629
243635874,46620
243650265,46619
243658018,46621
243665615,46624
243672459,46621
243679254,46623
243687062,46631
243695203,46617
243702997,46620
243710570,46621
243718378,46621
243725256,46628
243732071,46624
243739641,46620
243747474,46628
243755052,46621
243769635,46627
243777185,46635
243784971,46629
243791794,46634
243798596,46633
243806109,46635
243813903,46634
243821502,46628
243829255,46624
243836835,46627
243843692,46635
243850524,46633
243858311,46635
243865925,46633
243873701,46628
243888089,46653
243895866,46659
243904054,46655
243910942,46659
243918690,46659
243926279,46659
243934092,46652
243941666,46657
243949509,46661
243957027,46658
243963824,46661
243970681,46658
243978525,46658
243986061,46665
243993817,46665
244008167,46684
244015990,46677
244023574,46679
244030393,46678
244038223,46682
244045118,46681
244052687,46680
244060517,46684
244068018,46690
244075793,46688
244082638,46688
244089496,46691
244097035,46697
244104892,46692
244113011,46691
244120779,46715
244128332,46725
244136133,46719
244143712,46717
244151530,46718
244159065,46717
244166898,46725
244174476,46724
244182273,46727
244189881,46719
244197624,46729
244205158,46730
244212937,46726
244220523,46722
244228345,46739
244235973,46742
244243761,46762
244251391,46751
244259284,46758
244266871,46765
244274690,46757
244282243,46762
244290032,46760
244297604,46761
244305441,46766
244313044,46758
244321483,46763
244328308,46769
244335930,46767
244343724,46753
244351347,46760
244366044,46666
244373618,46672
244381446,46668
244389011,46661
244396780,46656
244404360,46652
244412172,46657
244419761,46658
244427573,46641
244435077,46657
244442821,46646
244456996,46631
244464793,46632
244472480,46639
244480257,46566
244487864,46561
244495659,46562
244503217,46560
244510046,46553
244517817,46561
244524648,46553
244532217,46557
244540649,46550
244548242,46550
244556034,46546
244562154,46549
244569703,46550
244577512,46542
244585048,46536
244592845,46536
244600457,46537
244608298,46534
244615944,46531
244623774,46536
244631389,46535
244639317,46533
244646193,46537
244653792,46535
244661613,46541
244669141,46538
244676957,46543
244683789,46541
244691361,46542
244699170,46547
244706740,46552
244714575,46553
244722124,46586
244729838,46589
244737356,46597
244745723,46602
244753328,46596
244761131,46602
244768703,46612
244776555,46622
244784087,46625
244791901,46636
244798733,46628
244806282,46637
244814108,46637
244821684,46637
244829543,46648
244837080,46649
244844851,46666
244852446,46656
244860233,46671
244867858,46661
244875717,46661
244883358,46660
244891223,46660
244898822,46666
244906655,46660
244914209,46667
244921977,46662
244929559,46662
244937345,46662
244944955,46659
244953362,46663
244967787,46645
244975611,46639
244983109,46635
244990860,46644
244998430,46642
245006240,46647
245013847,46641
245021650,46648
245029220,46639
245037012,46643
245043881,46640
245051470,46635
245059187,46634
245066742,46646
245074631,46638
245088993,46654
245096764,46656
245103963,46656
245111740,46654
245119309,46660
245127116,46659
245134680,46653
245142552,46652
245150123,46656
245157944,46655
245166096,46662
245173846,46663
245181460,46662
245189291,46659
245203694,46681
245211532,46683
245219091,46683
245226881,46690
245234500,46685
245242267,46698
245249859,46692
245257652,46693
245265178,46690
245272992,46698
245280633,46696
245288408,46691
245296026,46700
245303722,46697
245311274,46692
245319035,46717
245326604,46725
245334444,46718
245342084,46728
245349865,46725
245356686,46724
245364241,46722
245372639,46718
245380166,46726
245387961,46720
245395538,46716
245402376,46722
245410209,46717
245417804,46720
245425660,46722
245433199,46729
245441003,46654
245448598,46647
245456368,46644
245463992,46644
245471793,46634
245479352,46644
245487176,46636
245494776,46633
245502623,46628
245510154,46627
245517943,46636
245524754,46617
245532298,46620
245540078,46615
245547675,46616
245555545,46608
245563096,46535
245570887,46527
245579055,46535
245586803,46532
245594383,46519
245602209,46520
245609790,46502
245617643,46519
245625213,46514
245632989,46503
245640589,46513
245648352,46510
245655987,46509
245663733,46507
245671346,46503
245679177,46447
245686752,46455
245701194,46453
245709007,46447
245715847,46445
245723398,46446
245731243,46442
245738040,46446
245745632,46449
245753459,46451
245760310,46455
245767947,46451
245775742,46454
245783297,46440
245791651,46448
245799197,46446
245806941,46439
245814535,46445
245822332,46448
245829964,46445
245837693,46449
245845273,46441
245853055,46443
245860666,46445
245868475,46445
245876083,46444
245882914,46450
245890705,46449
245898275,46445
245906093,46443
245913627,46448
245921413,46460
245929001,46460
245936806,46459
245944395,46456
245952176,46461
245959761,46455
245967580,46465
245975095,46463
245981869,46459
245989679,46471
245997748,46460
246005614,46461
246013146,46465
246020942,46461
246028532,46460
246043142,46517
246050723,46510
246058558,46502
246066114,46517
246073918,46521
246081538,46516
246089320,46519
246096868,46520
246104634,46524
246112184,46528
246119969,46527
246127585,46526
246135390,46520
246143021,46521
246150724,46529
246158323,46554
246166121,46554
246173672,46549
246181530,46555
246189061,46552
246196828,46551
246204964,46558
246212769,46555
246219585,46556
246227120,46562
246234953,46558
246241775,46554
246249300,46554
246257045,46562
246264652,46564
246272470,46569
246280064,46594
246287796,46593
246295355,46601
246303103,46590
246310652,46594
246317466,46599
246325263,46599
246332909,46608
246339736,46605
246347581,46610
246355203,46615
246361997,46614
246368833,46612
246376641,46613
246384093,46617
246391880,46609
246406388,46652
246414191,46646
246422384,46649
246430202,46651
246436984,46651
246444561,46652
246452326,46640
246459249,46640
246466898,46638
246474685,46636
246481531,46639
246488404,46639
246495994,46629
246503726,46635
246511273,46626
246525858,46551
246533457,46548
246541252,46544
246548875,46552
246555741,46548
246563570,46539
246571091,46544
246578794,46541
246586334,46546
246594200,46538
246601090,46538
246608702,46542
246616557,46533
246624118,46525
246632572,46525
246640133,46484
246647900,46475
246655467,46474
246663253,46477
246670790,46477
246678633,46477
246686218,46478
246694015,46478
246700868,46478
246708476,46477
246715304,46476
246723089,46473
246730681,46468
246738555,46468
246746077,46472
246753865,46461
246768277,46454
246776081,46454
246783651,46452
246791504,46454
246799098,46458
246806901,46453
246814475,46452
246821314,46453
246829116,46454
246835951,46459
246844077,46467
246850826,46457
246858651,46457
246866190,46462
246873992,46454
246881634,46471
246889464,46476
246897050,46480
246904759,46485
246912327,46476
246919121,46483
246933581,46485
246941471,46480
246948327,46487
246955964,46478
246963729,46486
246971342,46490
246979134,46483
246986718,46482
246994586,46484
247002139,46509
247009911,46513
247017486,46509
247025271,46506
247032093,46516
247039684,46511
247047543,46513
247055800,46512
247063684,46514
247071244,46515
247079030,46515
247085887,46517
247093483,46520
247101222,46514
247108766,46521
247116605,46518
247124149,46550
247131920,46539
247139522,46552
247147331,46548
247154898,46549
247162671,46553
247170200,46554
247177986,46550
247184793,46551
247192373,46553
247200196,46560
247207804,46560
247215639,46557
247223192,46537
247230952,46562
247238515,46568
247246277,46617
247253864,46611
247262296,46615
247269932,46622
247277725,46613
247285313,46618
247293133,46614
247299961,46616
247307583,46619
247315351,46616
247322982,46619
247330714,46626
247338257,46621
247346060,46621
247353671,46622
247368290,46650
247375827,46657
247383607,46649
247391184,46654
247398987,46656
247406583,46657
247414366,46659
247422015,46663
247429727,46663
247437287,46654
247445079,46656
247452709,46659
247460582,46660
247468755,46661
247476619,46660
247484163,46690
247491928,46687
247499534,46690
247507320,46690
247514153,46683
247521704,46686
247529482,46686
247537070,46681
247544858,46685
247551697,46670
247559214,46670
247566953,46671
247574545,46665
247582332,46662
247589991,46662
247597717,46655
247605251,46567
247613021,46569
247620600,46565
247628379,46571
247635205,46568
247642793,46564
247650614,46560
247658191,46556
247665995,46540
247673593,46553
247682003,46539
247689578,46536
247697343,46538
247704976,46534
247712721,46528
247720331,46530
247728130,46470
247735727,46471
247743567,46466
247750433,46466
247758035,46475
247765752,46465
247773312,46470
247781063,46468
247788696,46463
247796532,46466
247804110,46463
247811839,46462
247819428,46452
247827226,46462
247834767,46456
247842595,46450
247850167,46448
247857909,46446
247865515,46446
247873274,46447
247880884,46448
247889370,46446
247896991,46448
247903794,46454
247910649,46451
247918486,46457
247926063,46457
247933896,46457
247941490,46451
247949289,46455
247956927,46460
247964719,46474
247972240,46478
247980024,46477
247987622,46474
247995466,46473
248003063,46476
248010787,46471
248018346,46472
248025197,46478
248032011,46479
248039739,46473
248047334,46474
248054208,46473
248062018,46474
248069635,46473
248077399,46476
248091813,46500
248100247,46500
248107771,46496
248114613,46504
248122380,46500
248130039,46500
248137766,46503
248144620,46507
248152180,46503
248159964,46508
248174171,46510
248181982,46508
248189573,46510
248197325,46511
248204927,46561
248212769,46555
248220342,46565
248227122,46564
248234920,46564
248242485,46563
248250254,46570
248257854,46573
248265683,46573
248273196,46569
248281017,46581
248288646,46571
248296474,46572
248304094,46578
248312471,46578
248326948,46598
248334736,46601
248342280,46597
248350075,46605
248357637,46603
248365407,46612
248373013,46611
248380722,46611
248387577,46612
248395121,46624
248402908,46625
248410443,46622
248418239,46620
248425797,46626
248433642,46627
248448035,46675
248455812,46670
248463379,46680
248470182,46681
248477948,46675
248485541,46677
248493356,46680
248500255,46678
248507083,46679
248514683,46680
248523079,46684
248530684,46682
248538493,46686
248546087,46689
248553758,46691
248561334,46728
248569064,46736
248576624,46730
248584386,46734
248592031,46737
248599834,46731
248607417,46728
248615222,46732
248622795,46737
248630645,46736
248638143,46737
248645974,46735
248653550,46734
248661361,46724
248669017,46725
248676842,46732
248684413,46630
248692222,46620
248699785,46617
248706628,46627
248714424,46627
248722018,46622
248730407,46619
248738015,46622
248744130,46618
248751662,46610
248759486,46601
248767044,46604
248774776,46603
248782383,46609
248790212,46606
248797805,46598
248805673,46549
248813208,46539
248820975,46533
248827832,46533
248835376,46539
248843185,46528
248850792,46535
248858681,46530
248865517,46536
248873092,46529
248880851,46522
248888386,46520
248896147,46523
248903736,46521
248911599,46524
248919142,46522
248926888,46513
248934470,46504
248942845,46513
248950408,46510
248958224,46503
248965786,46503
248973616,46505
248980528,46509
248988102,46506
248995874,46499
249003439,46497
249011291,46496
249018835,46494
249026610,46504
249034125,46501
249041871,46496
249049483,46527
249057326,46531
249064935,46539
249072722,46532
249080255,46534
249088034,46531
249095629,46529
249103382,46530
249111029,46539
249118768,46531
249126351,46536
249134144,46534
249141720,46528
249150142,46522
249157731,46528
249172369,46569
249179996,46574
249186928,46576
249194735,46572
249202286,46575
249210077,46581
249217646,46579
249225430,46583
249233067,46573
249240754,46581
249248348,46586
249256159,46580
249263772,46588
249271605,46581
249279202,46589
249287026,46632
249294598,46630
249302378,46628
249309992,46635
249317830,46637
249325417,46629
249333217,46631
249340021,46629
249347602,46631
249355997,46635
249363611,46635
249371411,46639
249379012,46633
249386757,46636
249394361,46642
249408797,46683
249416406,46683
249423218,46677
249431023,46681
249438643,46682
249446429,46677
249453314,46683
249460941,46685
249468732,46690
249476382,46683
249484155,46681
249491733,46682
249499538,46684
249507070,46682
249514868,46682
249529289,46738
249537167,46733
249544033,46747
249551658,46739
249559500,46733
249567137,46743
249574923,46736
249582550,46745
249590355,46738
249597976,46739
249605771,46737
249613325,46740
249621098,46751
249628682,46744
249636478,46736
249650943,46668
249658761,46669
249666325,46664
249674119,46657
249681675,46662
249689531,46653
249697139,46647
249705023,46652
249712697,46647
249720553,46634
249728166,46636
249735906,46643
249743451,46640
249751236,46626
249765561,46591
249773346,46583
249781533,46590
249789331,46598
249796979,46590
249804767,46591
249811623,46595
249819174,46575
249826965,46585
249834527,46578
249842337,46579
249849893,46580
249857673,46581
249864515,46583
249872194,46584
249886969,46531
249894610,46527
249901531,46530
249909397,46527
249917024,46529
249924743,46531
249931596,46532
249939145,46535
249946921,46528
249954516,46525
249961333,46523
249969088,46518
249976655,46520
249983489,46523
249991946,46522
249999549,46520
250007353,46525
250014920,46528
250022684,46527
250030222,46533
250038023,46531
250045635,46525
250053404,46528
250061039,46537
250068760,46521
250076339,46531
250084119,46529
250091686,46530
250098478,46534
250106282,46536
250113861,46536
250121712,46549
250129244,46548
250137044,46553
250144653,46556
250152452,46557
250160043,46556
250167857,46556
250175468,46550
250183333,46556
250190984,46558
250199451,46553
250207043,46563
250214787,46562
250222353,46554
250230195,46561
250237797,46559
250245637,46592
250253212,46598
250260062,46597
250267886,46612
250275446,46606
250283234,46594
250290023,46607
250297632,46607
250305479,46602
250313079,46602
250320927,46610
250328615,46609
250336437,46606
250344060,46600
250351812,46608
250366209,46635
250373961,46634
250380767,46635
250388312,46636
250396112,46638
250403723,46636
250412109,46629
250419691,46638
250427420,46638
250435037,46641
250442884,46634
250450453,46637
250458229,46640
250465770,46642
250473619,46645
250481136,46674
250488944,46677
250496553,46650
250504357,46683
250511990,46685
250519749,46671
250527312,46674
250535103,46676
250542681,46687
250550447,46679
250558044,46685
250565785,46677
250573409,46685
250580253,46687
250588042,46687
250595631,46718
250603403,46716
250611047,46720
250618740,46722
250626263,46724
250634084,46716
250647874,46721
250655528,46727
250663356,46722
250670973,46724
250678769,46720
250686319,46720
250694106,46725
250701675,46722
250709489,46721
250717115,46641
250724934,46723
250732469,46647
250740283,46644
250747904,46643
250755777,46638
250763368,46633
250771256,46626
250778859,46624
250786670,46628
250794280,46622
250802089,46620
250808925,46620
250816472,46630
250824285,46628
250839263,46588
250847013,46592
250854622,46585
250862442,46574
250870069,46577
250877783,46579
250885334,46572
250893080,46581
250900683,46582
250908476,46575
250916084,46586
250923826,46580
250930725,46580
250938395,46584
250946223,46582
250953898,46563
250961723,46565
250969299,46562
250976165,46571
250983920,46560
250991504,46567
250999298,46560
251006837,46559
251014686,46567
251022225,46561
251030017,46568
251038194,46563
251045982,46559
251053585,46564
251060395,46569
251068221,46569
251075783,46585
251083622,46576
251091209,46590
251098991,46586
251106631,46581
251114511,46585
251122135,46581
251129927,46579
251137496,46583
251145287,46587
251152818,46585
251160616,46579
251168153,46578
251175926,46578
251183518,46583
251191295,46589
251198930,46599
251206706,46605
251214205,46605
251221968,46604
251229573,46606
251237419,46613
251245001,46610
251252817,46615
251260398,46616
251268199,46615
251275758,46610
251283552,46617
251290357,46618
251297976,46623
251305773,46621
251313332,46622
251321127,46649
251328744,46657
251336568,46660
251344106,46652
251351847,46654
251359421,46653
251367271,46666
251374855,46657
251382715,46664
251390233,46661
251398026,46663
251405576,46670
251413339,46665
251420957,46667
251428811,46670
251443289,46725
251451804,46717
251458704,46721
251466245,46720
251474058,46725
251481662,46726
251489432,46725
251497057,46723
251504778,46726
251512323,46728
251520110,46734
251527746,46731
251534570,46729
251542367,46739
251549947,46740
251557719,46788
251565267,46786
251573057,46796
251579903,46801
251587533,46802
251595371,46805
251602954,46801
251610780,46804
251618326,46803
251626127,46799
251633728,46807
251641564,46803
251649097,46803
251656875,46800
251664386,46803
251671974,46803
251679763,46826
251687321,46815
251694147,46816
251701890,46815
251709431,46811
251717272,46802
251724856,46795
251732687,46800
251740190,46799
251748033,46801
251755631,46800
251763421,46793
251771088,46794
251778833,46788
251785687,46795
251793227,46780
251800983,46710
251808499,46702
251815302,46695
251823064,46702
251830627,46702
251838445,46699
251846077,46693
251853816,46689
251861447,46691
251869858,46690
251884143,46692
251892000,46693
251898961,46685
251906610,46691
251914553,46682
251922244,46648
251929111,46641
251936949,46644
251944524,46643
251952310,46636
251959894,46645
251966794,46635
251974644,46639
251982237,46637
251990048,46637
251997676,46627
252005527,46629
252013127,46637
252020820,46631
252028390,46625
252036206,46628
252043819,46602
252051638,46602
252059201,46603
252066966,46608
252074541,46598
252082327,46610
252090558,46603
252098351,46601
252105947,46601
252113738,46606
252121269,46598
252129052,46605
252136615,46602
252144403,46601
252152025,46595
252166691,46565
252174229,46555
252182112,46548
252189731,46551
252197597,46544
252204481,46541
252212102,46537
252219899,46542
252227502,46535
252235320,46534
252242936,46529
252250742,46529
252258305,46525
252266092,46519
252273673,46520
252281428,46494
252288242,46498
252296412,46494
252304208,46494
252311764,46495
252319600,46494
252327161,46483
252334930,46488
252342530,46481
252350317,46479
252357885,46474
252365727,46482
252373310,46480
252380122,46469
252387901,46477
252395539,46474
252403376,46511
252410961,46516
252418748,46516
252426288,46513
252434086,46522
252441672,46516
252449532,46518
252457155,46523
252464948,46516
252472539,46529
252480428,46525
252488039,46526
252495911,46532
252503423,46532
252511063,46537
252518818,46534
252526370,46580
252534122,46577
252541707,46588
252549431,46589
252557100,46579
252563949,46580
252571727,46581
252579285,46581
252587089,46581
252594683,46591
252602483,46586
252610055,46592
252617788,46591
252624599,46591
252632179,46598
252639967,46592
252647609,46646
252655429,46637
252663053,46642
252670879,46643
252678512,46643
252686393,46647
252694062,46652
252701887,46651
252710044,46649
252717856,46651
252725431,46653
252733261,46651
252740062,46655
252747654,46647
252755407,46654
252769857,46574
252777694,46579
252785241,46567
252793051,46577
252800620,46574
252808365,46572
252815964,46573
252823796,46576
252831425,46567
252839211,46573
252846807,46567
252854665,46566
252861459,46569
252869072,46565
252876943,46570
252884595,46537
252892466,46537
252900102,46537
252907854,46542
252915436,46537
252923814,46544
252931400,46540
252939174,46538
252946751,46547
252954580,46543
252962202,46548
252970012,46551
252977569,46545
252984389,46547
252992226,46550
252999826,46550
253007632,46548
253014490,46543
253022081,46548
253029855,46553
253037446,46544
253045275,46545
253052867,46550
253060672,46543
253068268,46550
253076042,46554
253083646,46555
253091458,46551
253098332,46549
253105151,46546
253112751,46551
253127223,46566
253135668,46565
253143249,46564
253151086,46565
253158819,46569
253165746,46572
253173624,46572
253181240,46567
253189067,46576
253196674,46576
253204468,46577
253212089,46577
253218856,46580
253226710,46573
253234330,46569
253248967,46612
253256512,46610
253264285,46607
253271850,46605
253279704,46612
253287237,46610
253295003,46607
253302623,46610
253310425,46613
253318077,46619
253325973,46624
253332860,46616
253340490,46618
253348839,46618
253356408,46618
253364238,46651
253371801,46653
253379640,46663
253387228,46655
253395027,46653
253402620,46666
253410432,46656
253418054,46660
253425841,46667
253433430,46662
253441213,46668
253448806,46668
253456656,46670
253464205,46673
253471925,46667
253479506,46667
253487330,46703
253494174,46702
253501768,46707
253509599,46709
253517139,46714
253524856,46713
253532402,46709
253540175,46710
253547725,46716
253556121,46715
253563709,46715
253571499,46726
253578342,46717
253585963,46721
253593768,46713
253601336,46724
253609092,46759
253616700,46764
253624481,46757
253632067,46765
253639804,46767
253647399,46770
253655177,46763
253662754,46771
253670569,46774
253678155,46775
253685900,46771
253693463,46767
253701300,46776
253708883,46777
253716735,46777
253731185,46701
253738955,46698
253746616,46688
253754524,46690
253762794,46688
253770638,46677
253778242,46681
253786046,46690
253793596,46669
253801345,46674
253808946,46675
253815806,46675
253823668,46665
253831204,46674
253838932,46663
253846503,46614
253854313,46604
253861870,46606
253869696,46612
253877259,46593
253884074,46602
253891832,46596
253899454,46593
253907263,46598
253914847,46596
253922659,46598
253930262,46595
253937113,46593
253944984,46588
253952651,46593
253960558,46591
253968783,46568
253976674,46565
253984237,46569
253991996,46571
253999564,46565
254007371,46566
254014991,46557
254022812,46566
254030364,46562
254038206,46565
254045770,46558
254052598,46565
254060368,46563
254068002,46563
254075823,46564
254083418,46566
254091247,46574
254098099,46570
254105669,46576
254113468,46567
254121102,46573
254128861,46573
254136460,46573
254144300,46574
254151860,46578
254159706,46574
254167249,46573
254174029,46575
254182493,46575
254190104,46576
254197836,46577
254205360,46577
254213230,46577
254220821,46583
254228672,46586
254236253,46583
254243082,46586
254250845,46581
254258442,46589
254266218,46590
254273807,46592
254281667,46589
254289254,46592
254297042,46593
254304623,46592
254312429,46596
254320085,46591
254327803,46594
254335362,46631
254343150,46631
254350730,46627
254365164,46635
254373033,46632
254380687,46626
254388554,46618
254396863,46626
254404702,46633
254411591,46626
254419164,46630
254426997,46631
254434613,46633
254449331,46659
254456200,46661
254463761,46662
254471545,46671
254479120,46667
254486880,46664
254494479,46677
254502312,46680
254509902,46672
254517780,46684
254525337,46675
254533150,46685
254540755,46678
254547608,46680
254555408,46685
254569781,46699
254576619,46694
254584442,46706
254592065,46700
254599861,46698
254608086,46703
254615885,46703
254623471,46702
254631281,46709
254638852,46714
254646684,46707
254653480,46709
254661067,46716
254668830,46716
254676376,46718
254684199,46737
254691786,46741
254699586,46742
254707189,46738
254714976,46739
254721745,46739
254729255,46733
254737021,46726
254744583,46726
254752383,46723
254760038,46726
254767908,46724
254775531,46722
254783427,46712
254791035,46718
254798838,46707
254806366,46635
254814786,46627
254822326,46634
254830158,46633
254837728,46626
254845520,46625
254853154,46630
254860915,46619
254868491,46619
254876292,46621
254883907,46617
254890805,46621
254898686,46624
254906241,46615
254914056,46617
254921584,46611
254929405,46573
254937015,46578
254944821,46573
254952360,46572
254960132,46572
254967735,46573
254975544,46576
254983185,46568
254991053,46572
254998723,46575
255006573,46566
255014170,46572
255022669,46563
255029514,46556
255037088,46561
255051723,46550
255059256,46559
255067029,46548
255074603,46547
255082392,46550
255089997,46555
255097798,46552
255105411,46553
255113207,46547
255120784,46555
255128572,46551
255136174,46557
255143975,46554
255151562,46559
255159379,46551
255166922,46543
255174784,46545
255182410,46545
255190274,46550
255197921,46544
255205784,46536
255213316,46545
255221124,46539
255229282,46545
255237089,46542
255244674,46543
255252468,46547
255260094,46546
255266942,46545
255274792,46541
255289206,46559
255296031,46559
255303822,46547
255311298,46554
255319103,46559
255326647,46553
255334446,46557
255342073,46562
255349790,46555
255357370,46556
255365183,46561
255372791,46553
255379608,46555
255386448,46556
255394270,46564
255408704,46570
255415553,46569
255423379,46574
255430953,46578
255439435,46562
255447056,46575
255454794,46573
255462307,46572
255470081,46567
255477685,46578
255485454,46579
255493057,46582
255500870,46575
255508477,46580
255516267,46580
255523873,46597
255531711,46582
255539309,46587
255547136,46596
255554738,46588
255562579,46594
255570175,46592
255577929,46599
255585493,46601
255599884,46599
255607452,46605
255615348,46603
255622187,46603
255629765,46595
255644465,46616
255651305,46623
255659605,46627
255667527,46625
255675159,46621
255682046,46619
255689896,46621
255697487,46619
255705319,46625
255712926,46627
255720700,46618
255728294,46617
255735118,46628
255741969,46625
255749775,46624
255764152,46560
255770950,46556
255778836,46549
255786472,46554
255794359,46545
255801226,46535
255808830,46539
255816698,46538
255824260,46537
255832033,46532
255839656,46534
255847446,46534
255854318,46525
255861149,46526
255869243,46526
255883831,46482
255890679,46479
255898289,46483
255906104,46480
255913683,46481
255920499,46479
255928264,46477
255935842,46475
255943615,46476
255951207,46477
255958978,46470
255966553,46466
255974325,46463
255981143,46466
255988722,46467
256003446,46451
256010379,46447
256018032,46451
256025894,46446
256033478,46458
256040305,46462
256048098,46459
256055679,46462
256063475,46462
256071093,46459
256079547,46463
256087175,46464
256094913,46457
256102509,46464
256110325,46465
256117845,46476
256125689,46471
256133237,46474
256141019,46477
256148652,46477
256155477,46482
256163275,46477
256170895,46477
256178786,46474
256186292,46484
256194084,46490
256201662,46484
256209463,46481
256217135,46486
256224894,46494
256232469,46488
256240272,46501
256247892,46492
256255705,46496
256263279,46503
256271072,46501
256278679,46503
256287185,46510
256294890,46510
256302743,46500
256310342,46511
256318176,46510
256325757,46508
256333580,46510
256340431,46514
256347951,46515
256362602,46544
256370212,46544
256378078,46540
256385728,46547
256393578,46543
256401193,46540
256408950,46551
256416524,46548
256424370,46547
256431926,46544
256439787,46549
256447313,46552
256455092,46559
256462613,46545
256470373,46546
256477925,46599
256485770,46591
256492628,46600
256500871,46592
256508723,46596
256515566,46603
256523132,46604
256530941,46611
256538526,46605
256546364,46611
256553942,46609
256561792,46603
256569392,46609
256577191,46604
256584809,46610
256592619,46611
256600167,46676
256607968,46672
256615562,46689
256623346,46683
256630885,46679
256638705,46679
256646296,46682
256654069,46684
256661657,46689
256669502,46692
256677156,46681
256684915,46687
256692462,46690
256700259,46691
256707634,46694
256715230,46691
256722973,46645
256730546,46646
256738324,46644
256745916,46652
256753768,46641
256761293,46638
256769101,46637
256776694,46637
256784480,46631
256792021,46626
256799828,46630
256807366,46615
256815165,46619
256822736,46619
256836163,46612
256843970,46548
256851586,46550
256859386,46551
256866952,46538
256873842,46541
256881706,46540
256889236,46540
256897032,46537
256904628,46538
256912395,46533
256920546,46528
256928460,46525
256936113,46520
256942254,46519
256950165,46516
256957761,46499
256965600,46499
256973210,46503
256980990,46502
256988529,46505
256996271,46500
257003833,46492
257011670,46497
257019241,46491
257027076,46495
257034650,46485
257042444,46496
257050046,46484
257057873,46489
257065390,46490
257073207,46486
257080790,46482
257088619,46478
257096227,46485
257104032,46483
257110901,46476
257118455,46478
257126852,46478
257134462,46480
257142243,46484
257149842,46490
257157697,46480
257165318,46483
257173123,46485
257180713,46493
257188477,46483
257202990,46512
257209884,46504
257217714,46508
257225233,46508
257233060,46509
257240628,46505
257248403,46504
257255948,46501
257263761,46507
257271320,46502
257279152,46506
257286757,46507
257294533,46499
257301371,46504
257308205,46503
257322606,46545
257329399,46541
257337712,46544
257345346,46540
257352276,46545
257360182,46540
257367773,46547
257375600,46551
257383225,46556
257390984,46550
257398581,46548
257406416,46549
257414040,46547
257420905,46561
257427778,46558
257442486,46583
257449337,46590
257456906,46580
257464720,46581
257471562,46587
257479192,46586
257486939,46592
257494549,46590
257502362,46594
257509931,46586
257517817,46589
257525407,46591
257533221,46584
257540073,46592
257547582,46600
257555418,46622
257563043,46627
257569913,46640
257577731,46624
257585296,46637
257593062,46630
257600662,46628
257608442,46633
257616068,46643
257623834,46640
257631355,46642
257639150,46645
257646761,46649
257654527,46646
257662118,46641
257669939,46633
257677597,46620
257684499,46629
257692434,46621
257700092,46617
257707903,46614
257715467,46604
257723233,46607
257730768,46601
257738558,46596
257746169,46596
257754003,46596
257762261,46599
257770074,46586
257776933,46585
257784541,46581
257792345,46586
257799963,46527
257807795,46513
257815349,46521
257823168,46512
257830035,46514
257837660,46512
257845412,46511
257852955,46503
257860774,46504
257868328,46497
257876138,46503
257883736,46492
257891528,46495
257898401,46499
257905979,46499
257912870,46491
257920729,46470
257927564,46463
257935165,46465
257942973,46460
257949803,46463
257957302,46458
257965161,46451
257973413,46455
257981288,46457
257988930,46449
257996780,46461
258004353,46454
258012165,46452
258019749,46452
258027509,46457
258035161,46457
258048880,46452
258056709,46459
258064275,46462
258078707,46460
258086579,46468
258094206,46464
258101998,46467
258109586,46469
258117461,46465
258125078,46471
258131982,46470
258139893,46469
258147507,46473
258161356,46485
258168913,46489
258176734,46485
258184850,46481
258192697,46485
258200261,46484
258208053,46482
258215664,46479
258223491,46483
258231133,46483
258238888,46483
258246473,46481
258253269,46481
258261003,46485
258268530,46489
258276342,46513
258283929,46513
258291800,46522
258299434,46516
258306324,46519
258314227,46530
258321855,46527
258329746,46531
258337277,46527
258345106,46524
258352688,46524
258360470,46525
258368069,46520
258375877,46524
258383470,46524
258391805,46530
258398680,46537
258406270,46545
258414053,46548
258421663,46543
258429514,46540
258437165,46545
258444961,46542
258452493,46548
258460310,46546
258467863,46548
258475651,46541
258483248,46552
258490129,46546
258497898,46553
258505448,46553
258513243,46558
258520793,46592
258528618,46594
258536178,46594
258544005,46598
258551595,46588
258559403,46593
258566957,46600
258574777,46595
258582347,46599
258590102,46603
258598211,46601
258606017,46602
258613621,46597
258621396,46593
258629002,46601
258643694,46637
258651227,46626
258659003,46628
258665846,46623
258673412,46629
258681185,46624
258688773,46625
258696607,46627
258704213,46620
258711972,46622
258719535,46616
258727311,46620
258734898,46612
258742732,46607
258750293,46611
258763233,46529
258770790,46522
258778589,46524
258785428,46520
258793024,46512
258800822,46512
258808991,46515
258816850,46510
258824367,46506
258832182,46513
258839728,46509
258847514,46505
258854324,46502
258861883,46498
258869692,46490
258882440,46441
258890266,46440
258897888,46437
258904713,46436
258912513,46435
258920141,46435
258927911,46433
258935481,46428
258943300,46436
258950869,46425
258958708,46428
258966295,46429
258973073,46428
258980866,46420
258988460,46431
259001463,46378
259009064,46383
259016834,46382
259024341,46389
259032100,46383
259039674,46383
259047510,46388
259055130,46385
259062979,46381
259070599,46378
259078419,46377
259086041,46374
259092901,46378
259100734,46381
259108269,46375
259121203,46385
259128785,46389
259136619,46393
259143476,46388
259151064,46394
259158833,46394
259166362,46389
259174158,46388
259181753,46390
259189507,46386
259197153,46392
259205055,46393
259211975,46387
259219600,46387
259227507,46386
259240799,46425
259248626,46420
259256213,46426
259263020,46422
259270819,46429
259278432,46433
259286224,46423
259293845,46425
259301701,46434
259315897,46418
259323765,46438
259331316,46426
259339059,46433
259353614,46473
259361494,46476
259369135,46473
259376050,46481
259383864,46480
259391413,46481
259399184,46486
259406762,46490
259414542,46480
259422197,46489
259429955,46485
259437514,46487
259445359,46499
259453517,46499
259461304,46498
259468883,46550
259476718,46544
259484283,46548
259492087,46546
259499722,46551
259507557,46550
259515171,46563
259522926,46558
259530503,46568
259538313,46568
259545907,46566
259553769,46567
259561319,46569
259569084,46577
259576659,46571
259584442,46578
259591275,46590
259598834,46593
259606639,46586
259613518,46587
259621169,46583
259628988,46585
259636559,46587
259644385,46583
259651903,46580
259660369,46584
259667955,46572
259675812,46576
259683358,46568
259691108,46563
259698757,46561
259706534,46565
259714158,46514
259721915,46510
259729434,46508
259737217,46511
259744809,46499
259752628,46498
259760249,46506
259768064,46504
259775606,46505
259783373,46494
259790950,46498
259798803,46496
259806371,46496
259813193,46489
259820958,46500
259828602,46507
259836493,46485
259844112,46472
259851931,46480
259859518,46477
259867854,46477
259875451,46480
259883257,46474
259890838,46472
259898645,46473
259906224,46472
259913989,46473
259921532,46470
259929319,46465
259936898,46462
259944723,46471
259951554,46484
259959198,46480
259967047,46485
259974631,46489
259982407,46479
259989997,46487
259997852,46490
260005405,46480
260013199,46481
260020774,46483
260028585,46485
260036181,46484
260044063,46486
260051728,46484
260059554,46483
260074664,46512
260082529,46508
260089421,46508
260096983,46509
260104807,46510
260112340,46511
260120164,46515
260127768,46502
260135547,46510
260143171,46505
260150898,46507
260158473,46508
260166302,46510
260173876,46510
260181691,46515
260189230,46534
260196959,46543
260204571,46545
260212406,46546
260219975,46539
260227806,46547
260235338,46552
260243098,46540
260250672,46554
260258464,46549
260266084,46555
260273918,46558
260282087,46562
260289913,46569
260297514,46566
260305344,46566
260312248,46613
260319881,46608
260327761,46610
260335351,46609
260343157,46612
260350724,46614
260358520,46614
260366156,46618
260373899,46609
260381447,46622
260389233,46629
260396876,46626
260404759,46628
260411642,46628
260419239,46623
260427018,46634
260434583,46640
260442365,46641
260449178,46641
260455984,46651
260463578,46625
260471408,46650
260478975,46653
260486816,46661
260494997,46652
260502841,46657
260510405,46652
260518231,46664
260525849,46664
260532660,46657
260540493,46665
260554718,46666
260562542,46660
260569429,46668
260577029,46663
260584835,46669
260592407,46667
260600194,46666
260607787,46669
260615602,46669
260623232,46669
260631082,46661
260638657,46665
260645493,46664
260653261,46658
260660807,46645
260675551,46562
260683172,46564
260690038,46560
260697887,46549
260705502,46547
260713947,46531
260721499,46536
260729269,46537
260736869,46522
260744682,46523
260752261,46520
260759969,46521
260766787,46518
260774340,46520
260782141,46521
260795896,46471
260803780,46477
260809983,46465
260817567,46463
260825387,46466
260832986,46463
260840793,46461
260848343,46461
260856103,46458
260863655,46458
260871456,46465
260879087,46463
260885951,46467
260893855,46464
260901508,46459
260916179,46418
260924351,46420
260932163,46422
260939724,46415
260947537,46418
260955175,46423
260962932,46415
260970502,46425
260978321,46421
260985916,46419
260993647,46422
261000493,46427
261008088,46427
261015894,46428
261023446,46426
261031248,46438
261038817,46439
261046646,46436
261054232,46438
261062001,46437
261069553,46434
261077381,46440
261084959,46441
261092792,46434
261100359,46431
261108133,46442
261115739,46432
261123495,46434
261131663,46422
261139469,46429
261147044,46444
261153895,46441
261161744,46445
261168585,46442
261176167,46447
261183954,46445
261191533,46445
261199335,46449
261206922,46451
261214766,46440
261222323,46437
261230096,46445
261237709,46446
261245487,46443
261253077,46445
261260852,46447
261268501,46513
261275319,46504
261283091,46518
261290693,46521
261298535,46521
261306133,46515
261313897,46518
261321500,46515
261329409,46510
261337734,46511
261345595,46513
261353235,46515
261361064,46517
261368697,46518
261376457,46515
261390208,46537
261398033,46545
261405609,46543
261413410,46541
261421039,46551
261428861,46548
261436403,46545
261444179,46554
261451776,46543
261459559,46548
261467188,46553
261474982,46553
261482545,46549
261490398,46550
261498019,46547
261505827,46586
261513376,46593
261521165,46605
261528773,46597
261536545,46593
261544770,46601
261552588,46605
261560218,46602
261568014,46610
261575579,46605
261583364,46609
261590924,46612
261598761,46617
261605617,46612
261613208,46616
261621035,46625
261628642,46551
261636465,46559
261644043,46557
261651829,46557
261659382,46551
261667173,46551
261674841,46537
261682662,46528
261690254,46533
261698014,46534
261705534,46519
261713339,46531
261720925,46516
261728778,46515
261736433,46509
261751850,46451
261759490,46455
261766309,46457
261774020,46454
261781626,46444
261796047,46447
261803736,46441
261811587,46434
261819221,46434
261827071,46431
261834707,46433
261841553,46427
261849347,46433
261856941,46428
261864795,46398
261872352,46394
261880098,46396
261887660,46396
261895492,46391
261902284,46392
261909878,46382
261917651,46377
261925263,46383
261932980,46386
261940513,46387
261948301,46392
261955901,46390
261963740,46391
261971929,46394
261979705,46381
261986499,46375
261994125,46381
262001933,46383
262009492,46383
262017337,46383
262024902,46381
262032695,46375
262040275,46381
262048068,46380
262055580,46386
262063404,46382
262071002,46387
262078845,46379
262086395,46378
262094223,46384
262101755,46380
262109500,46396
262117127,46387
262123988,46389
262131829,46392
262139391,46388
262147166,46385
262154764,46385
262162538,46388
262170114,46387
262178578,46388
262186191,46391
262193961,46392
262201564,46388
262209333,46388
262216957,46392
262231601,46403
262239216,46407
262246947,46402
262254517,46413
262262268,46409
262269854,46412
262277669,46411
262285262,46418
262293058,46416
262300615,46413
262308393,46421
262315966,46413
262322840,46407
262330693,46411
262338304,46412
262346062,46425
262353630,46436
262361427,46430
262368969,46429
262376765,46427
262385040,46435
262392865,46431
262400384,46422
262408222,46432
262415770,46445
262423568,46440
262431211,46437
262438975,46436
262446584,46440
262454395,46443
262461998,46442
262468887,46477
262476702,46477
262483565,46478
262491173,46478
262498976,46482
262506549,46487
262514350,46486
262521989,46473
262529819,46487
262537355,46483
262545156,46486
262552761,46484
262560485,46493
262568082,46490
262575882,46489
262583395,46500
262590828,46468
262598699,46463
262606278,46463
262614065,46464
262621647,46458
262629417,46452
262636959,46451
262644753,46450
262652338,46450
262660126,46443
262667738,46438
262675523,46440
262683135,46437
262690938,46429
262698484,46429
262705346,46431
262713129,46394
262720722,46389
262728510,46392
262736089,46381
262743882,46383
262751404,46380
262759155,46375
262766726,46386
262774528,46386
262782130,46383
262789960,46382
262798095,46387
262805951,46381
262813549,46382
262821335,46383
262835767,46366
262843518,46368
262851131,46358
262858922,46360
262866474,46360
262874256,46355
262881846,46352
262889590,46357
262897213,46358
262904926,46349
262912476,46356
262920360,46358
262927275,46361
262934954,46355
262942855,46352
262950447,46372
262958257,46376
262965147,46377
262972717,46377
262980500,46373
262988050,46378
262995859,46381
263003457,46376
263011866,46381
263019412,46374
263033843,46373
263041517,46377
263049372,46380
263056956,46383
263070630,46398
263078423,46396
263086018,46391
263093873,46401
263101468,46395
263109314,46391
263116934,46397
263124785,46397
263132414,46396
263140225,46406
263147814,46410
263155619,46398
263163226,46397
263170985,46408
263178543,46402
263186413,46444
263194048,46439
263200948,46447
263208828,46450
263216436,46454
263224918,46456
263232464,46457
263239283,46457
263247010,46461
263254648,46462
263262433,46466
263269991,46470
263277851,46465
263285441,46475
263293268,46466
263300863,46464
263308683,46506
263316285,46503
263324056,46507
263331641,46507
263339464,46504
263347043,46506
263354881,46505
263362484,46515
263370353,46517
263378015,46513
263385901,46516
263393529,46522
263401332,46512
263408177,46516
263415757,46519
263423529,46518
263431712,46560
263438596,46554
263446348,46556
263453911,46553
263461733,46557
263469315,46557
263477100,46563
263484703,46558
263492498,46563
263500074,46562
263507887,46569
263515431,46568
263523260,46564
263530873,46570
263538719,46565
263545563,46572
263553210,46493
263561093,46487
263568715,46495
263576579,46487
263584206,46482
263591934,46483
263599488,46481
263607274,46478
263614859,46478
263622683,46481
263630265,46476
263638027,46466
263645524,46473
263653138,46468
263660950,46459
263675320,46421
263683072,46409
263690630,46412
263698457,46410
263706023,46410
263713869,46406
263721398,46400
263729224,46404
263736800,46400
263744590,46402
263752242,46400
263760083,46402
263766974,46397
263774560,46403
263782483,46404
263790045,46384
263797899,46387
263805405,46390
263813233,46382
263820827,46390
263828606,46389
263836212,46401
263844027,46394
263852261,46384
263860059,46392
263867617,46386
263875445,46394
263882276,46396
263889848,46394
263897671,46396
263905239,46395
263913040,46406
263919900,46408
263927419,46406
263935209,46406
263942782,46403
263950545,46402
263958147,46411
263965944,46404
263972751,46411
263980318,46409
263988054,46415
263995648,46415
264002501,46410
264010337,46413
264017910,46420
264025739,46421
264033305,46427
264040097,46436
264047920,46436
264055524,46437
264063996,46437
264071565,46441
264079327,46434
264086896,46439
264094716,46442
264102290,46439
264110097,46443
264117660,46439
264125500,46441
264133089,46444
264140943,46442
264148541,46450
264155348,46470
264163069,46465
264170626,46470
264178472,46474
264186058,46479
264193885,46482
264201455,46480
264209270,46478
264216874,46483
264224646,46477
264232240,46482
264240034,46486
264247734,46480
264255594,46481
264277734,46513
264285598,46516
264293228,46509
264300988,46517
264308584,46513
264316391,46524
264323976,46516
264330853,46514
264338715,46525
264346324,46523
264354099,46520
264360910,46530
264368516,46526
264376296,46521
264383882,46526
264390711,46569
264398541,46571
264406166,46573
264413927,46573
264421422,46574
264429206,46577
264436804,46579
264444603,46590
264451517,46577
264459118,46586
264466935,46583
264474501,46583
264482935,46582
264490476,46588
264498230,46584
264505819,46590
264512671,46512
264520514,46503
264528113,46502
264535945,46502
264543516,46501
264551285,46502
264558880,46501
264566686,46498
264574329,46498
264582152,46489
264589744,46487
264597501,46491
264605076,46490
264612909,46486
264620434,46488
264628221,46490
264635774,46415
264643556,46410
264651167,46421
264659021,46413
264666634,46414
264674521,46426
264682140,46416
264689903,46409
264697443,46411
264705204,46418
264712769,46413
264719584,46411
264727376,46411
264734965,46401
264742834,46406
264750407,46399
264758203,46391
264765773,46394
264773567,46395
264781148,46395
264788952,46389
264796503,46395
264804293,46390
264811110,46394
264818644,46400
264826389,46401
264833961,46399
264840770,46401
264848587,46398
264856189,46400
264863995,46389
264871611,46393
264879505,46412
264887104,46412
264894971,46417
264903265,46420
264911030,46407
264918618,46415
264926430,46415
264934032,46413
264941845,46423
264949407,46419
264956201,46407
264963960,46423
264971500,46419
264979311,46419
264986888,46416
264993724,46424
265001552,46434
265009141,46434
265016934,46440
265024481,46448
265032293,46431
265039890,46443
265047724,46443
265055337,46431
265063225,46441
265070865,46434
265078639,46444
265086260,46442
265093948,46441
265101537,46440
265109959,46440
265123664,46474
265131260,46470
265139085,46468
265146644,46471
265154421,46475
265162040,46467
265169912,46471
265177483,46473
265185329,46471
265192966,46469
265200809,46465
265208351,46482
265216086,46477
265223647,46476
265231443,46479
265239035,46516
265246898,46512
265254467,46519
265262249,46517
265269848,46517
265277628,46512
265285236,46513
265292962,46512
265300562,46526
265308345,46526
265315971,46513
265323794,46521
265331387,46520
265339162,46519
265346749,46526
265353585,46521
265361359,46562
265368939,46561
265376740,46560
265384335,46566
265392090,46565
265399626,46568
265407440,46564
265415031,46569
265422824,46572
265430372,46568
265437153,46570
265444983,46564
265452551,46577
265460332,46570
265467911,46576
265475732,46579
265483375,46529
265491097,46523
265498688,46524
265513167,46517
265521034,46508
265529214,46514
265536047,46510
265543894,46509
265550670,46506
265558263,46505
265565988,46503
265573581,46501
265581409,46501
265589024,46495
265602730,46451
265610478,46446
265618032,46439
265625865,46438
265633477,46435
265641261,46444
265648846,46438
265655686,46441
265663510,46442
265670336,46437
265677910,46432
265685736,46428
265693327,46428
265701081,46429
265707939,46422
265722361,46416
265730118,46414
265738234,46426
265746002,46416
265753572,46420
265761362,46412
265768932,46416
265775843,46408
265783745,46423
265791368,46423
265799157,46421
265806750,46420
265814541,46428
265822094,46418
265828953,46426
265843539,46429
265851099,46440
265858912,46435
265866417,46440
265874187,46435
265881754,46438
265889549,46442
265896380,46440
265904000,46452
265910876,46448
265918735,46446
265926346,46444
265934114,46443
265941745,46443
265950239,46439
265957829,46458
265965586,46468
265973201,46468
265980988,46473
265988568,46466
265996358,46472
266003964,46476
266011822,46477
266019361,46482
266027113,46482
266034652,46478
266042503,46478
266050042,46475
266057884,46487
266064747,46483
266072326,46486
266080050,46522
266087624,46525
266095436,46530
266103100,46529
266110981,46527
266118593,46526
266126465,46522
266134018,46515
266141841,46518
266149462,46521
266157851,46522
266165413,46520
266173170,46524
266180712,46516
266188544,46518
266202968,46559
266210808,46559
266218376,46566
266226128,46559
266233696,46565
266241509,46562
266249070,46563
266256895,46563
266264423,46572
266272237,46576
266279801,46576
266287588,46585
266295167,46578
266303000,46578
266310571,46587
266318389,46623
266325223,46622
266332808,46624
266340568,46622
266348134,46611
266355943,46625
266364124,46625
266371978,46616
266379562,46618
266387353,46611
266394970,46609
266402800,46612
266410376,46609
266418111,46608
266424928,46612
266432443,46602
266440246,46555
266447840,46544
266455658,46549
266463279,46543
266471022,46545
266478556,46550
266486346,46541
266493959,46543
266501843,46542
266509370,46549
266517163,46538
266524691,46544
266532449,46540
266540016,46540
266547835,46542
266562319,46521
266570163,46523
266578375,46507
266586193,46517
266593818,46518
266601580,46522
266609099,46516
266616907,46520
266624476,46515
266632276,46519
266639858,46519
266647646,46524
266655302,46519
266663037,46517
266670578,46515
266678330,46512
266685161,46520
266692741,46519
266700561,46517
266708184,46514
266716010,46518
266723584,46512
266731350,46512
266745768,46518
266753344,46511
266761154,46517
266768789,46525
266776624,46518
266783534,46520
266798592,46544
266806333,46558
266813905,46551
266821662,46553
266829272,46555
266837062,46554
266844611,46549
266852455,46556
266860025,46557
266866890,46552
266874744,46556
266882333,46557
266890054,46557
266897627,46556
266905426,46559
266912989,46583
266920851,46597
266928372,46591
266936065,46595
266943609,46592
266951442,46598
266959040,46592
266966876,46592
266974443,46593
266982219,46594
266989807,46598
266998288,46600
267005965,46601
267013805,46600
267020710,46599
267028357,46595
267036205,46629
267043038,46627
267050611,46641
267058468,46635
267066048,46635
267073901,46637
267081423,46635
267089188,46640
267096770,46641
267104551,46640
267112174,46643
267119960,46644
267127504,46646
267135300,46638
267142887,46654
267150656,46647
267158267,46693
267166028,46680
267173620,46681
267181470,46694
267189037,46692
267196871,46696
267205113,46688
267212955,46699
267220488,46709
267227330,46709
267235047,46711
267242601,46708
267250366,46711
267257999,46714
267265820,46711
267280579,46741
267288182,46745
267295977,46734
267303556,46740
267311364,46735
267318994,46730
267326847,46730
267334413,46729
267342159,46729
267349722,46725
267357508,46721
267365115,46723
267372931,46712
267379788,46709
267387375,46708
267395147,46612
267402747,46604
267411159,46594
267418780,46595
267426664,46592
267434292,46595
267442126,46591
267449699,46593
267457482,46578
267465057,46589
267471939,46583
267479769,46578
267487410,46581
267495267,46573
267502840,46575
267510658,46565
267518283,46524
267525050,46526
267532875,46529
267540438,46527
267548215,46531
267555857,46533
267563647,46531
267571305,46524
267579111,46536
267586686,46529
267593536,46525
267601355,46535
267608911,46525
267616699,46530
267624905,46528
267632672,46525
267640303,46506
267648114,46500
267655675,46504
267663440,46512
267670958,46507
267678775,46510
267686352,46507
267694127,46501
267701715,46504
267709559,46506
267717173,46502
267724991,46510
267732537,46503
267739353,46508
267747017,46507
267754570,46509
267762386,46516
267769960,46514
267777817,46520
267785433,46527
267793193,46517
267800760,46515
267808544,46525
267816164,46522
267823993,46517
267830869,46525
267838399,46519
267846152,46524
267853736,46522
267861553,46523
267869120,46524
267877007,46535
267884617,46542
267892508,46542
267900122,46541
267907957,46547
267915573,46545
267923336,46548
267930942,46551
267938744,46549
267945589,46546
267952415,46547
267960076,46551
267967948,46547
267975585,46547
267990119,46553
267998110,46582
268004982,46584
268012618,46581
268020528,46583
268028189,46584
268036025,46581
268044276,46583
268052044,46586
268059628,46592
268066439,46596
268074203,46593
268081767,46597
268089576,46594
268096398,46596
268104015,46591
268111863,46598
268119434,46619
268126308,46617
268134106,46623
268141628,46627
268149385,46629
268156972,46627
268164786,46637
268172379,46620
268180175,46633
268187017,46628
268194608,46629
268202477,46632
268210102,46637
268216990,46631
268224893,46640
268232492,46643
268240265,46666
268247888,46670
268256240,46667
268263830,46656
268271636,46656
268279281,46649
268287079,46655
268294642,46653
268302446,46647
268310017,46644
268317855,46649
268325454,46647
268332239,46649
268339972,46642
268347494,46638
268355291,46639
268362865,46544
268370664,46541
268378315,46543
268386111,46539
268393688,46535
268401513,46538
268409070,46532
268416886,46522
268424424,46527
268432203,46527
268439820,46522
268447609,46523
268455198,46527
268463587,46522
268471185,46523
268485028,46449
268492596,46460
268500407,46453
268508016,46444
268515869,46453
268523412,46447
268531181,46454
268538728,46454
268546518,46445
268554094,46451
268561951,46446
268569492,46488
268577285,46451
268584851,46450
268592596,46450
268600211,46411
268608063,46406
268615651,46406
268623492,46402
268631051,46402
268638873,46404
268646444,46399
268654232,46405
268661821,46399
268669232,46396
268677071,46398
268684661,46396
268691529,46400
268699321,46400
268706966,46404
268714861,46398
268722438,46405
268730208,46396
268737822,46404
268745612,46399
268753234,46393
268761033,46398
268768586,46390
268776455,46405
268783999,46400
268791778,46400
268799376,46398
268807108,46388
268814675,46384
268822492,46397
268830064,46394
268837906,46391
268845457,46409
268853274,46405
268860920,46408
268868803,46412
268877084,46414
268885000,46416
268892574,46412
268900361,46411
268907968,46420
268914823,46416
268922632,46421
268929453,46420
268937010,46424
268944874,46420
268952481,46426
268967100,46445
268974717,46443
268982561,46450
268990123,46440
268997935,46449
269005506,46449
269013297,46440
269020910,46452
269028801,46454
269035703,46448
269043345,46452
269050210,46452
269058030,46454
269065586,46453
269073364,46458
269088373,46494
269096211,46492
269103796,46490
269111582,46489
269119170,46497
269126997,46495
269134590,46500
269142393,46491
269149978,46490
269157826,46502
269165427,46498
269173259,46501
269180843,46505
269188603,46503
269203028,46479
269210902,46475
269225102,46474
269233019,46470
269240676,46474
269248523,46457
269256088,46456
269263994,46458
269270792,46453
269278422,46454
269285237,46449
269293067,46447
269301286,46440
269309160,46440
269316760,46373
269324570,46362
269331380,46368
269338947,46363
269346769,46354
269354388,46357
269362146,46362
269369713,46360
269377546,46354
269385121,46345
269392026,46337
269399812,46340
269407373,46345
269415140,46345
269422691,46343
269430480,46340
269438062,46317
269445895,46316
269453439,46315
269461156,46315
269468740,46302
269476537,46311
269484137,46310
269491962,46306
269499501,46307
269507316,46305
269515532,46303
269522358,46299
269530114,46296
269537720,46292
269545531,46299
269553202,46294
269561075,46307
269568672,46299
269576522,46302
269584096,46303
269591910,46293
269599447,46312
269607195,46308
269614768,46305
269622565,46310
269629411,46317
269637008,46307
269644828,46308
269652378,46318
269660112,46315
269667699,46309
269682303,46334
269689857,46340
269697682,46341
269705312,46343
269713202,46341
269721462,46338
269729262,46339
269736840,46346
269744628,46346
269752245,46351
269760020,46349
269767622,46345
269775472,46336
269783040,46345
269790893,46347
269798472,46379
269806283,46380
269813095,46376
269820700,46386
269828522,46381
269836116,46389
269843949,46383
269851509,46391
269859351,46386
269866945,46397
269874731,46381
269882351,46390
269890165,46390
269897793,46390
269905591,46388
269913227,46389
269921037,46418
269929243,46423
269936998,46423
269944558,46424
269952366,46417
269959981,46426
269967774,46430
269975402,46421
269983173,46431
269989985,46439
269997482,46419
270005270,46428
270012868,46434
270020650,46435
270028262,46433
270042906,46474
270050466,46468
270058170,46473
270065746,46475
270073539,46474
270081116,46474
270088931,46472
270096473,46475
270104246,46467
270111749,46472
270119546,46473
270127112,46475
270135584,46479
270143238,46474
270151067,46480
270158623,46409
270166438,46415
270173283,46408
270180838,46398
270188613,46404
270196162,46399
270204013,46396
270211585,46388
270219353,46384
270226937,46382
270234787,46380
270241651,46372
270249242,46373
270257055,46369
270264682,46365
270272553,46368
270280200,46299
270288064,46284
270295696,46296
270303490,46294
270311051,46290
270318903,46292
270326443,46292
270334231,46286
270342320,46285
270349195,46282
270357052,46282
270364648,46285
270371490,46286
270379216,46271
270386772,46279
270394646,46271
270402272,46256
270410145,46255
270417756,46251
270425592,46250
270433146,46249
270440981,46244
270448465,46247
270462869,46247
270470450,46246
270477714,46248
270485369,46247
270493223,46240
270500914,46249
270508781,46249
270523266,46265
270531089,46261
270538717,46270
270546497,46260
270554039,46258
270562465,46266
270570073,46260
270577911,46255
270585454,46269
270593171,46261
270600796,46268
270608657,46264
270616260,46259
270624126,46264
270631744,46265
270639566,46275
270647125,46279
270653989,46280
270661833,46272
270669375,46275
270677109,46270
270684677,46274
270692481,46282
270700066,46274
270707903,46279
270715474,46290
270723313,46289
270730951,46285
270738823,46282
270746421,46291
270754212,46314
270761825,46315
270770139,46315
270777689,46326
270785498,46318
270793080,46316
270800904,46315
270808489,46320
270816265,46318
270823916,46319
270830771,46324
270837656,46321
270845442,46321
270852974,46318
270860736,46320
270868364,46319
270876173,46361
270883762,46352
270890607,46367
270898445,46356
270906037,46363
270913832,46368
270921420,46363
270929226,46365
270936807,46359
270944584,46373
270952186,46375
270959987,46369
270967517,46379
270975943,46371
270983493,46369
270991252,46378
270998863,46397
271006674,46403
271014273,46410
271022022,46408
271029551,46408
271037348,46408
271044934,46410
271052703,46415
271060312,46407
271068074,46412
271075599,46410
271083361,46414
271090959,46416
271097729,46416
271105545,46426
271113106,46419
271120937,46347
271128482,46344
271136246,46342
271143808,46347
271151597,46340
271159174,46343
271166991,46333
271174537,46323
271182924,46330
271189789,46324
271197362,46328
271205124,46331
271212702,46321
271219525,46317
271227358,46323
271234950,46318
271242718,46269
271250337,46267
271258062,46261
271265606,46255
271273379,46259
271280965,46257
271288800,46262
271296396,46255
271304169,46249
271311009,46258
271317852,46248
271325460,46257
271333224,46258
271340825,46255
271348646,46256
271356245,46259
271364045,46239
271371609,46243
271379374,46239
271386965,46239
271395368,46236
271402965,46233
271410808,46234
271418401,46246
271426127,46242
271432947,46237
271440528,46236
271448273,46238
271455841,46236
271463639,46251
271471243,46238
271479045,46239
271486594,46250
271494373,46248
271501973,46256
271509752,46252
271517342,46246
271525107,46252
271532682,46250
271540477,46247
271548069,46247
271555921,46250
271563440,46247
271571246,46261
271578822,46251
271586624,46247
271594180,46250
271609477,46280
271617088,46277
271624922,46281
271632459,46282
271640180,46291
271647727,46277
271655531,46287
271663134,46295
271670993,46294
271678555,46303
271686346,46296
271700778,46295
271708398,46297
271723035,46350
271730519,46356
271737381,46365
271745118,46354
271752676,46356
271760460,46361
271768100,46368
271775920,46363
271783456,46360
271790237,46364
271798064,46371
271805628,46370
271814017,46375
271821607,46371
271829425,46373
271843798,46457
271851593,46458
271859153,46461
271866983,46457
271874524,46461
271882364,46470
271889976,46475
271897739,46477
271905349,46471
271913037,46475
271920654,46471
271928517,46476
271936116,46475
271943967,46484
271958448,46497
271966250,46503
271973817,46500
271981592,46498
271989192,46498
271997033,46495
272004625,46504
272012462,46497
272020618,46490
272027486,46500
272035238,46494
272042812,46481
272050618,46484
272058263,46484
272066059,46476
272073586,46439
272081409,46432
272089045,46435
272096904,46427
272104472,46431
272112235,46426
272119800,46426
272127633,46423
272135257,46427
272143031,46424
272149816,46428
272157429,46417
272165253,46421
272172818,46423
272180646,46416
272188253,46416
272196009,46427
272203558,46424
272211351,46428
272218950,46422
272226721,46420
272234853,46423
272242636,46424
272250180,46427
272258023,46428
272265550,46426
272273368,46426
272280941,46421
272288686,46423
272296243,46421
272304063,46429
272310885,46413
272318453,46440
272326189,46440
272333781,46436
272340613,46442
272348364,46444
272355938,46448
272363707,46450
272371279,46453
272379027,46449
272386605,46452
272394426,46448
272402015,46453
272409836,46461
272417480,46454
272425209,46465
272432042,46474
272440228,46524
272448038,46523
272455621,46526
272463428,46522
272471006,46523
272478825,46527
272486452,46524
272494221,46533
272501783,46532
272509586,46543
272517165,46533
272525010,46532
272532578,46534
272540364,46531
272547993,46539
272562636,46591
272570185,46599
272578002,46603
272585650,46598
272593496,46601
272601078,46609
272608902,46607
272616525,46601
272624292,46607
272631882,46614
272639663,46610
272647879,46608
272655651,46614
272663230,46620
272670094,46618
272677930,46661
272685479,46654
272693227,46657
272700795,46664
272708607,46652
272716168,46657
272724010,46666
272731565,46662
272739381,46663
272746985,46674
272753812,46666
272761615,46677
272769142,46679
272776993,46686
272784511,46684
272791349,46685
272799181,46731
272806783,46737
272814595,46733
272822197,46737
272830002,46728
272837552,46738
272845379,46739
272853596,46741
272861404,46743
272869016,46745
272876827,46747
272884433,46754
272892154,46746
272899708,46747
272907468,46754
272915052,46744
272922934,46727
272937114,46730
272944044,46724
272951959,46725
272959539,46723
272967333,46723
272974928,46726
272982730,46716
272989635,46722
272997201,46712
273005029,46705
273012534,46709
273020306,46716
273027121,46704
273034716,46698
273042522,46665
273050088,46652
273057960,46661
273065545,46657
273073987,46653
273081562,46647
273089332,46648
273096920,46649
273104760,46644
273111590,46643
273119192,46651
273127006,46647
273134600,46642
273142387,46640
273149986,46646
273157761,46635
273165378,46632
273173108,46637
273180696,46636
273188489,46637
273196090,46630
273203953,46632
273211522,46632
273219331,46632
273226167,46641
273232992,46623
273240532,46630
273248336,46632
273255926,46629
273263693,46636
273270560,46629
273278699,46643
273286507,46640
273294052,46643
273301852,46647
273309463,46646
273317289,46655
273324868,46657
273332634,46654
273340204,46659
273347058,46655
273354907,46654
273362432,46657
273370205,46659
273377787,46658
273385597,46657
273393213,46657
273401065,46625
273408653,46640
273416446,46638
273424014,46645
273431839,46649
273439404,46649
273447143,46656
273454690,46654
273461523,46656
273469312,46656
273476881,46658
273484671,46661
273492845,46661
273500627,46672
273508195,46674
273516032,46671
273523587,46683
273531387,46683
273539012,46690
273545822,46690
273553583,46693
273561157,46688
273569006,46694
273576568,46694
273584322,46686
273591170,46683
273598750,46686
273606543,46692
273614101,46692
273621922,46700
273629498,46694
273637251,46695
273644856,46721
273652662,46714
273660305,46720
273667149,46724
273674944,46719
273682505,46723
273690271,46723
273698518,46726
273706324,46726
273713909,46730
273721717,46732
273729332,46729
273737121,46733
273744686,46730
273752485,46730
273760019,46730
273767831,46771
273775493,46767
273782401,46771
273790146,46768
273797732,46766
273805540,46764
273813120,46765
273820964,46762
273828497,46773
273836272,46776
273843882,46771
273851669,46783
273859307,46775
273867112,46777
273874742,46776
273889341,46708
273896923,46711
273905303,46709
273912846,46711
273920610,46706
273928213,46707
273936062,46705
273942900,46692
273950459,46694
273958163,46699
273965729,46695
273973546,46692
273981137,46690
273988957,46688
273996540,46690
274004308,46644
274011882,46627
274019691,46632
274027250,46631
274035078,46631
274042646,46628
274050438,46632
274058056,46624
274065903,46628
274073496,46620
274081223,46624
274088776,46626
274096597,46620
274104189,46616
274112691,46618
274120332,46619
274128139,46588
274135717,46586
274142517,46585
274150248,46583
274157851,46590
274165674,46594
274179415,46588
274187101,46588
274194028,46583
274201919,46588
274209491,46579
274217298,46578
274224930,46589
274232672,46580
274247189,46590
274255102,46589
274262688,46587
274270505,46594
274278097,46587
274285881,46585
274293472,46584
274301237,46596
274308791,46583
274316641,46592
274324202,46588
274332700,46591
274340297,46591
274348131,46591
274355704,46594
274363461,46579
274371026,46581
274378858,46586
274386448,46590
274394166,46593
274401786,46588
274409620,46587
274416488,46598
274424084,46595
274431945,46596
274439505,46594
274447253,46586
274454869,46599
274462656,46600
274470277,46602
274478088,46590
274485584,46612
274493367,46602
274500916,46604
274508739,46607
274516342,46605
274524144,46597
274532296,46601
274540082,46604
274547646,46605
274555388,46606
274563000,46602
274570862,46610
274578451,46605
274586184,46610
274593734,46614
274608388,46645
274615949,46649
274623727,46640
274631307,46650
274639105,46642
274646624,46644
274654421,46644
274662019,46638
274669842,46646
274677432,46647
274685230,46652
274692826,46645
274700678,46647
274708278,46643
274716131,46648
274723662,46682
274731435,46671
274739512,46687
274747285,46678
274754868,46685
274762663,46679
274770328,46682
274777171,46688
274785051,46690
274791890,46683
274799455,46678
274807275,46688
274814834,46681
274822651,46674
274830209,46670
274838034,46671
274845558,46599
274853362,46590
274860949,46588
274868695,46591
274876290,46591
274884079,46590
274891670,46583
274899471,46582
274907043,46581
274914878,46576
274922459,46574
274930247,46578
274937839,46569
274945593,46564
274953831,46569
274968431,46529
274975997,46529
274982857,46531
274990661,46528
274998295,46528
275006066,46524
275013578,46526
275021389,46526
275028987,46514
275036781,46516
275044419,46516
275052251,46509
275059857,46516
275067676,46517
275075284,46509
275083096,46499
275090633,46499
275098450,46503
275106025,46500
275113885,46504
275121482,46496
275129284,46502
275136084,46503
275143631,46500
275151409,46510
275159525,46499
275167237,46503
275174791,46513
275182589,46513
275190181,46513
275198040,46511
275205592,46535
275213356,46536
275220982,46534
275228777,46542
275236402,46538
275244186,46542
275251762,46541
275259527,46535
275267119,46541
275273909,46541
275281707,46539
275289247,46545
275297058,46556
275304573,46538
275312321,46545
275319921,46545
275327741,46566
275335305,46572
275343101,46562
275350678,46574
275358483,46567
275366588,46574
275374393,46568
275381982,46569
275389764,46577
275397407,46567
275405142,46568
275419413,46580
275427286,46570
275434852,46573
275442665,46621
275450236,46620
275457120,46620
275463969,46616
275471754,46621
275479374,46621
275487160,46621
275494736,46625
275502537,46616
275510111,46627
275517939,46618
275525536,46619
275533304,46616
275540917,46614
275548673,46620
275556232,46613
275570984,46652
275579155,46654
275587038,46656
275594541,46648
275602308,46656
275609883,46658
275617690,46656
275625302,46666
275632141,46661
275639985,46668
275647556,46658
275655330,46663
275662888,46669
275670687,46673
275678270,46668
275686079,46689
275693579,46690
275701360,46680
275708977,46685
275716809,46691
275724398,46688
275732182,46687
275739752,46680
275747534,46680
275755115,46685
275762973,46681
275770536,46674
275778306,46677
275786405,46673
275794286,46677
275808686,46586
275816458,46585
275824068,46585
275831917,46579
275839491,46577
275847279,46580
275854875,46587
275862668,46576
275870286,46590
275878072,46581
275885591,46572
275893405,46568
275901034,46571
275908859,46566
275916487,46572
275924239,46512
275931822,46500
275939586,46506
275947141,46503
275954997,46501
275962545,46500
275969405,46501
275977151,46499
275984679,46496
275992466,46497
276000575,46505
276008402,46492
276015990,46494
276023792,46498
276031413,46497
276046024,46465
276053543,46469
276061304,46457
276068844,46464
276076630,46464
276084181,46461
276091997,46464
276099548,46459
276107329,46453
276114118,46459
276121691,46462
276129492,46455
276137052,46463
276144875,46455
276152483,46461
276167068,46465
276174653,46466
276182476,46472
276190080,46464
276197873,46463
276206110,46472
276213930,46471
276221574,46464
276229321,46472
276236944,46459
276244764,46466
276252409,46459
276260140,46458
276267662,46456
276282197,46425
276289784,46424
276297605,46430
276305195,46433
276313068,46431
276320610,46429
276328360,46428
276335947,46437
276343720,46438
276351326,46438
276359159,46438
276366736,46436
276374520,46440
276382171,46437
276389998,46438
276397590,46460
276405394,46474
276413523,46461
276421365,46465
276428201,46469
276435767,46464
276443594,46473
276450416,46465
276457990,46474
276465747,46467
276473324,46478
276481091,46475
276488615,46475
276496417,46475
276504032,46475
276511833,46483
276519458,46519
276527160,46520
276534741,46518
276542539,46516
276550188,46516
276558045,46519
276565563,46523
276573344,46516
276580919,46519
276588698,46520
276596247,46516
276604042,46524
276611586,46516
276620035,46527
276627611,46525
276642187,46569
276656413,46578
276663321,46578
276671113,46575
276678627,46577
276686437,46585
276694026,46580
276701808,46584
276709458,46586
276716318,46591
276724137,46590
276731668,46589
276739423,46592
276747055,46599
276754913,46519
276762496,46524
276770236,46516
276777829,46516
276785636,46515
276793163,46522
276800973,46508
276807787,46509
276815404,46508
276823145,46501
276830712,46497
276839142,46500
276846735,46488
276854526,46495
276862088,46485
276869890,46494
276877480,46415
276885201,46407
276892796,46406
276900599,46406
276908188,46397
276915992,46398
276923567,46395
276931386,46392
276938947,46392
276946760,46394
276954407,46384
276962170,46389
276969769,46386
276977643,46392
276985203,46387
276999892,46355
277007488,46357
277015207,46353
277022738,46352
277030548,46345
277038153,46346
277046529,46349
277054108,46349
277061860,46352
277069433,46356
277076238,46352
277084090,46349
277091626,46357
277099411,46356
277107009,46354
277114784,46361
277122411,46359
277130162,46358
277137692,46369
277145479,46364
277153067,46364
277160878,46367
277168448,46354
277176239,46368
277183774,46362
277191558,46373
277199130,46365
277206980,46366
277214510,46356
277222308,46361
277229871,46363
277237705,46360
277245293,46358
277253742,46351
277261326,46351
277268154,46358
277276031,46362
277283587,46358
277291354,46357
277298936,46356
277306717,46358
277314269,46356
277322090,46354
277329681,46356
277337457,46355
277345072,46358
277352855,46367
277360467,46389
277368175,46397
277375741,46393
277383507,46389
277391103,46398
277398949,46394
277405739,46388
277413341,46364
277421147,46398
277428722,46408
277436505,46405
277444081,46398
277451901,46399
277460166,46406
277467986,46400
277482427,46409
277490194,46427
277497798,46425
277505650,46419
277513188,46436
277521008,46426
277528578,46427
277536364,46436
277543933,46423
277551748,46427
277558590,46425
277566171,46431
277573998,46424
277581523,46430
277589267,46431
277596844,46480
277604677,46480
277612256,46474
277620100,46487
277627652,46490
277635493,46479
277643073,46484
277650839,46486
277658471,46493
277666920,46485
277674548,46498
277682269,46498
277689871,46504
277697709,46495
277705324,46490
277713078,46496
277720608,46430
277728350,46428
277735913,46417
277743720,46418
277750549,46412
277758116,46416
277764984,46408
277772778,46414
277780336,46406
277788111,46396
277795707,46397
277803522,46388
277811112,46391
277818910,46393
277826515,46398
277834263,46389
277841818,46306
277849601,46309
277857177,46301
277865025,46304
277873168,46297
277887663,46298
277895495,46302
277903176,46292
277911009,46296
277917816,46297
277925464,46289
277933301,46294
277940897,46290
277948715,46295
277963146,46264
277970996,46272
277978522,46260
277985351,46265
277993141,46268
278000683,46270
278008503,46264
278016083,46272
278023937,46263
278031540,46266
278039329,46269
278046880,46267
278054659,46272
278062196,46268
278070039,46263
278077557,46264
278085358,46269
278093544,46267
278101341,46273
278108837,46275
278116635,46276
278123446,46276
278131023,46271
278138845,46283
278146464,46280
278154233,46272
278161863,46277
278169698,46275
278177234,46283
278185082,46276
278192629,46279
278200426,46307
278207794,46304
278215597,46303
278223143,46310
278230943,46314
278238521,46315
278246222,46312
278253767,46310
278261582,46318
278269153,46321
278276968,46313
278284583,46311
278292377,46315
278300619,46311
278308368,46315
278322797,46388
278330661,46380
278338242,46383
278346091,46382
278353622,46380
278360463,46380
278368196,46387
278375771,46385
278383541,46388
278391152,46397
278398944,46395
278406552,46395
278414342,46398
278421883,46391
278429697,46395
278437243,46440
278445076,46446
278452601,46451
278460393,46442
278468028,46460
278475836,46451
278483449,46447
278491262,46452
278498091,46465
278506362,46463
278514188,46464
278521016,46462
278528581,46460
278536371,46460
278543949,46465
278551753,46471
278559347,46519
278567138,46512
278574765,46515
278582558,46512
278589407,46514
278596961,46519
278604739,46524
278612296,46512
278619135,46510
278626954,46515
278634544,46513
278641323,46512
278649132,46517
278656692,46522
278664458,46517
278672031,46531
278686665,46511
278694257,46511
278702075,46507
278708916,46506
278717170,46500
278723998,46495
278731826,46498
278738739,46504
278746353,46493
278754170,46492
278761023,46488
278768584,46486
278776335,46478
278783935,46475
278791740,46472
278806228,46405
278814075,46404
278821614,46405
278828471,46408
278836275,46398
278843063,46405
278850603,46405
278857398,46396
278865188,46403
278872773,46403
278879608,46400
278887350,46398
278894945,46405
278902708,46403
278910289,46402
278924942,46441
278933137,46439
278940954,46442
278947805,46449
278955360,46451
278962235,46452
278970025,46442
278976822,46454
278984428,46452
278992159,46456
278998986,46454
279006551,46451
279014337,46467
279021927,46453
279029717,46451
279044131,46491
279051879,46484
279059466,46489
279066302,46491
279074156,46493
279081014,46495
279088571,46494
279096360,46496
279103959,46511
279111702,46500
279125169,46504
279132805,46507
279140738,46519
279148962,46516
279156781,46549
279164427,46549
279172187,46552
279179743,46559
279187515,46557
279194378,46558
279201968,46564
279209758,46558
279216633,46572
279224195,46572
279231057,46568
279238855,46576
279246466,46572
279254192,46566
279261740,46574
279269543,46574
279277147,46603
279284941,46597
279292529,46612
279300361,46616
279307195,46606
279314030,46620
279321557,46613
279329307,46618
279336103,46609
279343660,46617
279350471,46618
279358848,46620
279366466,46617
279374282,46613
279381821,46622
279389661,46622
279404062,46661
279411833,46662
279419484,46662
279426321,46664
279433162,46668
279441021,46663
279448561,46670
279456304,46671
279463882,46677
279470724,46675
279478504,46677
279486132,46679
279493956,46677
279501550,46685
279509379,46680
279523746,46725
279531517,46735
279539110,46721
279545938,46729
279552775,46739
279560552,46730
279568705,46727
279576554,46732
279584118,46727
279590937,46728
279598718,46728
279606404,46730
279614190,46731
279621799,46736
279629637,46735
279637245,46791
279645071,46789
279652606,46791
279660392,46797
279667977,46789
279675774,46794
279683399,46799
279691148,46797
279698688,46799
279705532,46800
279713293,46796
279720850,46792
279728668,46794
279736244,46793
279744057,46802
279751618,46796
279759418,46739
279767040,46733
279774807,46727
279782977,46743
279790778,46728
279798362,46728
279806187,46725
279813745,46734
279820579,46729
279827400,46733
279835145,46730
279842667,46741
279850434,46727
279858013,46735
279865742,46730
279873350,46730
279881126,46713
279888636,46707
279896456,46719
279903244,46712
279910065,46709
279917608,46706
279925374,46708
279932933,46703
279940734,46712
279948293,46715
279956129,46711
279963686,46714
279971450,46706
279979004,46713
279987390,46707
279994960,46703
280002724,46681
280010299,46685
280018183,46688
280025044,46682
280032649,46679
280040458,46678
280048015,46683
280055770,46682
280062661,46687
280070237,46683
280078048,46687
280085632,46683
280093399,46684
280100976,46687
280108735,46682
280116311,46690
280124121,46695
280131685,46698
280139488,46694
280147093,46695
280154944,46692
280162528,46697
280170224,46696
280177786,46690
280184569,46690
280192387,46694
280200590,46687
280208326,46690
280215913,46685
280223698,46675
280231283,46690
280239115,46689
280246632,46692
280254379,46695
280261954,46692
280269767,46689
280277349,46689
280285207,46697
280292803,46692
280299647,46689
280307393,46694
280314980,46695
280322756,46695
280330346,46695
280338173,46702
280345749,46691
280367242,46706
280374859,46711
280381703,46707
280389495,46712
280397078,46708
280404892,46717
280413095,46715
280420887,46708
280427811,46711
280435424,46709
280443198,46716
280450784,46714
280458581,46719
280466154,46724
280473963,46728
280481588,46771
280489323,46763
280496908,46766
280503746,46769
280511556,46762
280519118,46773
280526888,46774
280534521,46773
280542335,46779
280549905,46774
280557710,46771
280565281,46778
280573091,46773
280580619,46783
280588388,46785
280595950,46796
280603779,46831
280611380,46832
280619832,46839
280627468,46843
280635214,46850
280642754,46842
280650557,46847
280658159,46850
280665968,46848
280673577,46845
280681366,46855
280688933,46844
280696758,46850
280704362,46847
280712161,46846
280719667,46849
280727491,46769
280735091,46770
280741982,46764
280749826,46765
280757469,46768
280765250,46759
280772793,46763
280780556,46757
280788200,46764
280795941,46761
280803565,46755
280811332,46763
280818869,46761
280827165,46754
280834669,46758
280849225,46731
280856803,46733
280863638,46728
280871438,46730
280879038,46720
280886810,46725
280894432,46720
280902190,46724
280908356,46723
280915937,46721
280923740,46717
280931371,46722
280939169,46720
280946763,46721
280954576,46706
280969082,46701
280976846,46695
280983068,46701
280990598,46705
280998369,46708
281005975,46708
281013778,46708
281021367,46709
281029212,46707
281037325,46711
281045121,46711
281052624,46710
281060395,46709
281067994,46714
281075790,46715
281083380,46735
281091219,46732
281098771,46733
281106519,46732
281114111,46742
281121836,46735
281129405,46735
281137209,46731
281144759,46738
281152553,46732
281160177,46737
281167976,46733
281175540,46735
281183275,46732
281190842,46733
281198610,46729
281206165,46754
281213948,46756
281220804,46760
281228380,46762
281236164,46752
281244386,46761
281252204,46764
281259761,46758
281267565,46753
281275169,46762
281283027,46765
281290641,46770
281298389,46767
281305940,46771
281313733,46779
281321292,46774
281329115,46809
281336691,46816
281343510,46819
281351269,46811
281358834,46815
281366610,46821
281374215,46827
281382070,46816
281388911,46827
281396516,46818
281404324,46825
281411923,46823
281419787,46831
281427377,46827
281435169,46821
281442665,46825
281451150,46870
281458710,46866
281466481,46871
281474083,46875
281481847,46879
281489494,46873
281497228,46888
281504772,46885
281512551,46878
281520149,46888
281527970,46883
281535576,46880
281543350,46881
281550922,46888
281558692,46892
281573065,46936
281579907,46941
281587719,46941
281602190,46939
281609837,46945
281617672,46895
281625271,46937
281632162,46938
281639957,46933
281647565,46930
281655329,46935
281663541,46930
281671329,46929
281678893,46927
281686737,46844
281694304,46840
281701146,46835
281708951,46836
281716567,46839
281724279,46837
281731864,46831
281739645,46828
281747215,46826
281754106,46829
281761873,46822
281769510,46818
281777242,46822
281784827,46821
281792660,46817
281807047,46747
281814847,46746
281821695,46754
281829245,46752
281837056,46753
281844600,46752
281852289,46750
281859869,46749
281867656,46747
281875804,46747
281883613,46743
281891163,46742
281898942,46742
281906536,46741
281914347,46747
281921932,46705
281929728,46706
281937312,46713
281945135,46709
281952651,46704
281960397,46707
281967984,46707
281975763,46712
281983345,46713
281991169,46720
281998727,46710
282006486,46722
282014094,46713
282021837,46705
282029433,46714
282037202,46716
282044749,46716
282052515,46708
282059351,46709
282066929,46711
282074736,46716
282082936,46716
282090686,46719
282098252,46712
282106077,46712
282112898,46715
282120539,46716
282128285,46710
282135868,46713
282143663,46715
282151238,46718
282159040,46711
282166599,46703
282174325,46710
282181104,46709
282188674,46708
282196493,46708
282204117,46711
282211874,46717
282219518,46712
282227243,46714
282234066,46708
282240871,46715
282248494,46713
282256267,46720
282263844,46720
282271643,46720
282286556,46731
282294373,46734
282300525,46738
282308049,46733
282315822,46737
282323403,46741
282331188,46742
282338772,46736
282346570,46729
282354180,46743
282361969,46743
282369567,46742
282377323,46741
282384904,46751
282392726,46745
282400270,46776
282408102,46779
282415628,46782
282423449,46784
282431010,46786
282438800,46791
282446398,46782
282454228,46784
282461745,46787
282469526,46793
282477124,46790
282484854,46796
282493081,46793
282500906,46790
282508517,46793
282516294,46795
282523846,46826
282531657,46838
282538493,46843
282546081,46839
282553855,46848
282561431,46846
282569201,46844
282576787,46840
282584588,46847
282592189,46846
282600026,46851
282607580,46849
282615386,46847
282622978,46853
282630759,46855
282645218,46778
282652997,46767
282660583,46765
282668315,46757
282675913,46750
282683750,46754
282691296,46751
282699131,46744
282707370,46745
282714240,46744
282722078,46743
282729648,46726
282737422,46732
282745044,46731
282752798,46731
282760338,46660
282768167,46664
282775750,46652
282782577,46653
282790397,46652
282797919,46657
282805745,46655
282813346,46649
282821201,46653
282835593,46647
282842449,46657
282850087,46643
282857878,46657
282865533,46650
282873354,46646
282880955,46620
282888729,46621
282895526,46624
282903161,46613
282910918,46611
282919181,46613
282927004,46615
282934576,46608
282942344,46616
282949929,46612
282957717,46615
282964540,46607
282972145,46618
282979976,46604
282987608,46607
282995408,46608
283003009,46600
283010808,46587
283018338,46595
283026177,46599
283033719,46590
283041561,46591
283049184,46589
283056988,46587
283064577,46596
283072283,46587
283079875,46587
283087624,46583
283095181,46593
283102976,46595
283110591,46586
283125879,46600
283133549,46610
283140472,46614
283148200,46605
283155778,46600
283163569,46603
283171147,46608
283178973,46607
283186591,46598
283194394,46601
283201978,46606
283209814,46598
283217409,46602
283225183,46602
283232695,46597
283240474,46602
283248029,46599
283254910,46603
283261723,46601
283269494,46597
283277112,46605
283284879,46597
283292506,46605
283300316,46601
283307833,46601
283314685,46597
283322540,46593
283330142,46605
283338604,46600
283346203,46598
283354029,46603
283361608,46607
283369421,46616
283377021,46622
283384817,46624
283392452,46632
283400212,46632
283407767,46633
283415512,46631
283423106,46630
283429927,46627
283437734,46621
283445318,46623
283453172,46612
283460713,46613
283468516,46614
283476094,46615
283483848,46662
283491410,46652
283499223,46661
283506804,46655
283514586,46654
283522203,46658
283530067,46662
283537655,46668
283546163,46670
283553784,46661
283561610,46659
283569176,46661
283577022,46660
283584624,46656
283592404,46656
283606802,46601
283614561,46589
283622104,46588
283629828,46590
283637420,46589
283645228,46591
283652805,46581
283660618,46582
283668190,46579
283676022,46586
283683639,46575
283691418,46585
283698964,46579
283706785,46575
283714341,46573
283722149,46540
283729654,46542
283736489,46538
283744218,46536
283752459,46531
283760282,46539
283767867,46537
283775736,46546
283783324,46540
283790192,46541
283798023,46541
283805598,46544
283813357,46544
283820962,46529
283828758,46538
283836370,46541
283844190,46535
283851792,46541
283858635,46534
283866439,46537
283874061,46533
283881810,46533
283889404,46534
283897191,46536
283904741,46531
283911534,46527
283919254,46529
283926776,46536
283934573,46542
283942145,46539
283949923,46536
283958166,46534
283966026,46558
283973633,46555
283981372,46548
283988960,46555
283996753,46556
284004328,46551
284012133,46558
284019696,46555
284026512,46553
284034297,46558
284041891,46554
284049648,46556
284057242,46560
284071727,46564
284086348,46584
284093185,46589
284100715,46585
284108518,46587
284116127,46590
284123908,46595
284131562,46597
284139365,46596
284146934,46591
284154792,46594
284162365,46605
284170191,46592
284177738,46599
284185279,46603
284193108,46597
284207539,46659
284214331,46654
284221169,46652
284228939,46659
284236562,46665
284244340,46659
284251933,46663
284259742,46657
284266599,46663
284274247,46664
284282058,46666
284289649,46662
284297352,46676
284304919,46675
284312747,46680
284327160,46729
284334982,46726
284342596,46727
284350393,46722
284357937,46721
284365717,46723
284373305,46720
284381117,46727
284389343,46732
284397217,46728
284404824,46728
284412605,46734
284420162,46740
284427999,46738
284442504,46777
284450259,46767
284457827,46767
284465591,46756
284473167,46762
284480953,46766
284488563,46747
284496323,46760
284503870,46752
284511652,46748
284519226,46755
284527060,46750
284534638,46752
284541495,46758
284549299,46753
284556830,46674
284564622,46676
284572257,46678
284580127,46674
284587723,46672
284596168,46681
284603697,46678
284611437,46679
284618972,46684
284626770,46686
284634380,46676
284642231,46683
284649803,46678
284656643,46680
284664463,46678
284672066,46675
284679824,46634
284687439,46629
284694277,46637
284702101,46628
284709656,46626
284717447,46629
284725042,46637
284732870,46627
284740411,46624
284748207,46632
284755835,46627
284763622,46633
284771207,46628
284778035,46625
284785850,46624
284793449,46636
284801959,46629
284809560,46631
284817336,46635
284824894,46631
284832719,46632
284840299,46633
284848120,46637
284855670,46635
284863431,46635
284870952,46629
284878759,46633
284886294,46635
284894120,46626
284901674,46630
284909415,46628
284923796,46632
284931557,46626
284939122,46633
284946897,46636
284954481,46636
284962249,46635
284969821,46635
284977656,46638
284985259,46645
284993094,46643
285000641,46645
285009052,46652
285016619,46656
285024400,46653
285032015,46654
285039778,46690
285047353,46698
285054221,46697
285062030,46699
285069593,46705
285077360,46704
285084898,46701
285092730,46708
285100295,46706
285108143,46707
285115736,46704
285123533,46717
285131135,46718
285138996,46708
285146556,46717
285154321,46713
285161897,46769
285169705,46770
285177255,46764
285184082,46769
285191850,46775
285199468,46776
285207262,46778
285215406,46770
285223211,46771
285230028,46783
285237641,46775
285245391,46789
285252955,46788
285259807,46785
285267596,46789
285275177,46785
285282935,46842
285290598,46835
285298389,46846
285311835,46846
285319719,46841
285327319,46850
285335133,46847
285342694,46840
285350490,46844
285358094,46853
285365848,46847
285373448,46843
285381276,46847
285388838,46848
285403492,46798
285410288,46798
285417121,46789
285424655,46786
285433136,46787
285440703,46781
285448473,46787
285456043,46777
285463879,46784
285471431,46778
285479243,46768
285486720,46777
285493547,46772
285501338,46766
285508906,46759
285523535,46729
285530413,46737
285537239,46735
285544825,46729
285552598,46738
285560194,46736
285567999,46740
285575627,46732
285583368,46731
285590218,46730
285597711,46729
285605487,46729
285612286,46736
285619883,46730
285627699,46728
285642649,46726
285649853,46730
285656704,46725
285664318,46732
285672138,46735
285679658,46732
285687412,46733
285694946,46731
285702722,46726
285709525,46733
285717090,46723
285724944,46719
285732552,46727
285740321,46723
285747878,46728
285762462,46742
285769285,46741
285776127,46742
285783674,46735
285791489,46736
285799090,46739
285806884,46742
285814464,46747
285822251,46744
285829049,46747
285836653,46743
285844422,46745
285852576,46752
285860397,46749
285867946,46750
285882582,46748
285890141,46755
285897910,46753
285905564,46756
285913290,46755
285920918,46752
285928722,46753
285936271,46757
285944114,46755
285951650,46758
285959449,46754
285967049,46753
285974870,46753
285982503,46755
285997139,46780
286004670,46783
286012449,46782
286019996,46781
286027815,46791
286035379,46784
286043205,46782
286050770,46781
286058572,46780
286066712,46781
286074481,46779
286082060,46778
286089843,46783
286097472,46784
286105304,46777
286112886,46830
286120696,46827
286127543,46835
286135180,46835
286142937,46836
286150542,46843
286158305,46836
286165850,46840
286173643,46842
286181237,46844
286189008,46849
286196617,46844
286204399,46845
286211923,46843
286219712,46850
286227289,46847
286235144,46886
286242730,46893
286250520,46902
286257337,46909
286264876,46905
286273274,46917
286280843,46913
286288708,46907
286296304,46914
286304134,46908
286310963,46914
286318573,46908
286326330,46908
286333902,46909
286341704,46911
286348508,46915
286356110,46840
286363910,46831
286371561,46840
286378376,46841
286386245,46825
286393835,46839
286401598,46841
286409188,46827
286417034,46835
286424672,46823
286431487,46825
286439301,46820
286446862,46816
286454672,46813
286462244,46813
286470048,46816
286478278,46780
286486141,46772
286493698,46776
286501447,46773
286509060,46773
286516879,46781
286524440,46775
286532266,46775
286546701,46767
286554304,46776
286562190,46782
286569745,46771
286577575,46771
286584437,46768
286598884,46736
286606693,46733
286614272,46734
286622080,46737
286629683,46739
286637437,46743
286645056,46735
286652900,46730
286660506,46734
286667341,46732
286675197,46729
286682801,46732
286690574,46730
286698740,46732
286706497,46733
286714114,46727
286721919,46726
286729552,46724
286737306,46721
286744863,46723
286752700,46721
286760289,46719
286768131,46721
286775690,46719
286783471,46719
286791069,46717
286798819,46726
286806411,46718
286814228,46719
286821830,46717
286829626,46709
286837271,46715
286844094,46713
286850890,46706
286858696,46715
286866266,46712
286874074,46714
286881638,46713
286889390,46717
286896938,46713
286904476,46710
286912340,46702
286919943,46716
286927723,46711
286935263,46708
286943052,46714
286949908,46712
286957521,46751
286964364,46749
286971224,46760
286979050,46757
286986630,46759
286994421,46755
287002008,46759
287009807,46759
287017393,46762
287024274,46753
287032147,46754
287039716,46752
287047475,46756
287055082,46760
287062898,46759
287069743,46760
287083419,46799
287090230,46796
287097725,46793
287105504,46799
287113610,46801
287121414,46808
287128983,46809
287136779,46808
287143584,46811
287151181,46818
287158988,46823
287166602,46822
287174394,46818
287181998,46825
287188865,46821
287202769,46814
287209600,46807
287217206,46805
287225035,46801
287232655,46800
287240422,46805
287248022,46789
287255838,46791
287262687,46784
287270274,46785
287278076,46783
287285659,46776
287293405,46782
287300971,46782
287307850,46774
287321805,46734
287329260,46737
287336843,46730
287344604,46734
287352162,46725
287359959,46726
287367588,46718
287375349,46733
287382212,46735
287389729,46725
287397500,46724
287405093,46725
287412838,46723
287420408,46722
287427255,46723
287441261,46724
287448103,46728
287455668,46729
287463344,46734
287470884,46729
287478681,46716
287486254,46728
287494069,46731
287501714,46719
287509487,46728
287517061,46734
287524861,46722
287532490,46726
287540865,46726
287547723,46727
287562138,46735
287568964,46744
287576789,46731
287584408,46741
287592273,46736
287599753,46730
287607506,46730
287615072,46734
287622903,46740
287630541,46738
287638279,46738
287645837,46746
287653641,46749
287661216,46737
287668032,46748
287675852,46754
287683411,46755
287691262,46758
287698790,46762
287706529,46763
287714063,46764
287721869,46767
287729472,46763
287737273,46760
287745494,46771
287753280,46779
287760845,46771
287768626,46760
287783054,46768
287790681,46801
287797529,46789
287804426,46795
287812246,46791
287819835,46794
287827638,46793
287835197,46790
287843042,46794
287850700,46786
287858502,46788
287865311,46789
287872896,46788
287880666,46798
287888227,46793
287896048,46799
287903627,46805
287911412,46839
287918979,46834
287926764,46837
287934329,46842
287942129,46844
287949667,46838
287958081,46840
287965659,46840
287973516,46850
287981139,46848
287988943,46844
287996586,46859
288004317,46851
288011835,46852
288019618,46854
288026472,46857
288034070,46889
288041903,46890
288049524,46890
288057355,46890
288064902,46887
288072649,46895
288080229,46894
288088057,46886
288095664,46891
288102473,46883
288110260,46884
288117790,46890
288125584,46885
288133175,46885
288140957,46881
288148572,46888
288156335,46792
288164482,46791
288172302,46785
288179880,46784
288187668,46778
288195239,46777
288203064,46780
288210652,46782
288218367,46774
288225965,46768
288233788,46773
288241358,46769
288249190,46770
288256768,46769
288264515,46775
288278202,46718
288285737,46719
288293531,46717
288301075,46726
288308887,46726
288316489,46712
288324280,46720
288331804,46717
288339619,46717
288347185,46711
288354962,46714
288362611,46720
288370414,46719
288378670,46711
288386474,46713
288394033,46674
288401827,46671
288409378,46676
288417252,46673
288424833,46672
288432649,46679
288440287,46681
288448119,46676
288455730,46679
288463470,46682
288471026,46685
288478813,46681
288486374,46684
288494250,46675
288501803,46684
288509590,46685
288516429,46690
288524006,46689
288531819,46688
288539416,46680
288547260,46682
288554821,46685
288562588,46679
288570221,46673
288577989,46673
288585479,46674
288593085,46682
288600861,46678
288608412,46672
288616251,46672
288623808,46669
288638412,46706
288645993,46701
288653807,46706
288661352,46701
288669185,46712
288676772,46707
288684560,46713
288692155,46715
288699969,46721
288707623,46705
288715393,46710
288722945,46706
288730722,46713
288738266,46707
288746106,46714
288753714,46721
288761444,46730
288769030,46723
288776847,46731
288784395,46728
288792824,46733
288800389,46736
288808220,46733
288815810,46736
288823596,46734
288831180,46738
288838975,46739
288846612,46743
288854322,46736
288861873,46740
288869656,46739
288876488,46766
288884030,46767
288891860,46771
288899421,46771
288907239,46762
288914777,46767
288922572,46770
288930181,46767
288937960,46771
288945603,46775
288953416,46779
288960995,46781
288968826,46781
288976386,46789
288984205,46786
288999322,46746
289006158,46749
289020521,46739
289028372,46741
289036087,46731
289043919,46737
289051563,46730
289059370,46734
289066232,46725
289073777,46724
289081551,46722
289089164,46722
289096898,46723
289104490,46720
289111322,46677
289119069,46671
289126659,46671
289134384,46675
289141959,46671
289149750,46667
289157343,46674
289165159,46663
289172725,46665
289180456,46662
289188009,46656
289195823,46658
289203402,46660
289211932,46651
289219571,46651
289227323,46655
289234874,46638
289241716,46634
289249454,46639
289257014,46634
289264820,46630
289272370,46631
289280207,46636
289287727,46639
289295519,46641
289303117,46630
289310913,46628
289318524,46631
289326280,46636
289333810,46626
289341589,46627
289349175,46627
289356952,46644
289364559,46639
289372341,46645
289379939,46638
289387706,46635
289395298,46639
289403117,46645
289410679,46645
289419115,46641
289425952,46632
289433627,46636
289441392,46633
289448961,46624
289456743,46629
289464316,46632
289471141,46633
289478964,46636
289486612,46636
289494342,46632
289501891,46632
289509688,46636
289517273,46630
289525101,46636
289532682,46634
289540417,46644
289547979,46639
289555779,46643
289563340,46641
289571181,46644
289578755,46648
289586541,46640
289600984,46649
289607836,46651
289615623,46654
289623210,46646
289631610,46658
289639204,46652
289646971,46649
289654507,46655
289662277,46643
289669791,46663
289677599,46658
289685221,46661
289693009,46658
289700624,46664
289708460,46660
289716035,46685
289722890,46678
289730623,46679
289738211,46674
289745993,46676
289753657,46677
289761490,46680
289769087,46678
289776883,46679
289784466,46689
289792251,46675
289799792,46680
289807614,46686
289815210,46682
289822985,46682
289830589,46684
289839088,46737
289846661,46734
289854406,46737
289861964,46736
289869746,46733
289877294,46742
289885110,46737
289892703,46739
289900464,46742
289907989,46736
289915752,46739
289923374,46737
289931201,46744
289938781,46735
289946568,46746
289960257,46683
289966151,46682
289973975,46684
289981589,46678
289989376,46673
289996915,46676
290004677,46678
290012270,46672
290020113,46664
290027719,46674
290035505,46669
290043615,46656
290051404,46664
290058933,46662
290066749,46657
290080400,46585
290087985,46590
290095739,46583
290103311,46582
290111118,46580
290118661,46573
290126371,46581
290133906,46572
290141688,46573
290149288,46564
290157096,46574
290164725,46571
290172527,46574
290180114,46575
290187887,46575
290195450,46559
290203279,46559
290210834,46552
290218609,46559
290226199,46551
290234000,46555
290241601,46549
290249348,46552
290264364,46547
290271245,46543
290278796,46546
290286575,46543
290294203,46548
290301990,46541
290315670,46563
290323264,46569
290331091,46562
290338686,46569
290346465,46559
290354049,46571
290361850,46570
290369464,46575
290377271,46571
290384841,46575
290391645,46573
290399437,46575
290407046,46586
290414879,46576
290422470,46580
290437209,46583
290444764,46594
290452558,46592
290460126,46592
290468483,46599
290476070,46602
290483844,46600
290491436,46601
290499260,46609
290506826,46601
290514586,46608
290522165,46608
290529943,46598
290537567,46613
290552270,46647
290559827,46643
290567634,46641
290575226,46649
290582955,46643
290590552,46643
290598337,46646
290605899,46646
290613677,46649
290621245,46656
290629016,46645
290636629,46654
290644377,46651
290651961,46655
290659778,46664
290666596,46689
290674688,46690
290682506,46684
290690099,46698
290697878,46698
290705493,46693
290713311,46700
290720811,46698
290728612,46700
290736198,46707
290744000,46696
290750872,46701
290758470,46710
290766304,46708
290773823,46710
290781587,46708
290789181,46748
290796944,46749
290804543,46754
290812285,46747
290819823,46746
290827685,46752
290835284,46747
290843139,46747
290850741,46743
290858647,46744
290866280,46741
290874136,46742
290882331,46746
290890219,46726
290897834,46737
290904654,46734
290912366,46663
290919915,46665
290927726,46666
290935284,46655
290943140,46660
290950694,46656
290958567,46656
290966139,46661
290973913,46661
290981545,46654
290989322,46655
290996903,46646
291004649,46650
291012223,46647
291020006,46643
291034470,46609
291042283,46620
291049784,46611
291057514,46613
291065122,46611
291072960,46615
291080572,46624
291088373,46612
291096643,46605
291104459,46615
291111987,46610
291119782,46607
291127349,46617
291135195,46613
291142759,46610
291150540,46604
291158115,46616
291165906,46616
291173484,46613
291181278,46616
291188832,46616
291196639,46616
291204177,46615
291211966,46610
291219599,46613
291227398,46614
291234965,46612
291242771,46607
291250373,46612
291258204,46620
291265033,46621
291272645,46645
291280396,46646
291287976,46649
291295787,46650
291303934,46651
291311717,46645
291319311,46647
291327152,46647
291334702,46655
291342422,46646
291349257,46654
291356861,46646
291364670,46652
291372214,46650
291380034,46648
291387674,46667
291395454,46671
291403021,46670
291409846,46670
291417601,46671
291424495,46679
291432067,46673
291439862,46666
291447405,46687
291455227,46677
291462761,46682
291469589,46684
291477374,46680
291484966,46677
291499369,46690
291506995,46727
291515403,46724
291522963,46720
291530762,46720
291537635,46724
291545254,46727
291553127,46725
291560762,46729
291568536,46730
291576120,46723
291582933,46731
291590730,46736
291598331,46726
291606209,46739
291613758,46732
291621583,46744
291629199,46783
291636964,46781
291644536,46780
291652334,46787
291659160,46784
291666732,46789
291674473,46790
291682094,46785
291689927,46798
291697524,46799
291704345,46790
291712216,46796
291719764,46792
291728230,46792
291735824,46800
291743647,46797
291751255,46836
291759063,46821
291766673,46822
291774458,46817
291782005,46821
291789815,46815
291797419,46815
291805231,46811
291812781,46806
291819622,46806
291827384,46806
291834923,46799
291842746,46805
291850326,46793
291858135,46795
291864968,46795
291872569,46737
291880386,46734
291887990,46728
291895786,46727
291903336,46730
291911127,46729
291918731,46728
291926529,46722
291934703,46733
291942362,46724
291949915,46722
291957722,46725
291965299,46721
291973101,46722
291980675,46718
291995328,46706
292002843,46702
292010652,46699
292018254,46701
292026029,46700
292033625,46699
292041376,46704
292048891,46700
292056696,46695
292064278,46699
292072116,46692
292079742,46691
292087519,46691
292095129,46694
292102926,46694
292110492,46713
292118319,46710
292125839,46716
292133616,46707
292141745,46715
292149539,46719
292157132,46715
292164929,46710
292172539,46718
292179396,46717
292187248,46720
292194840,46726
292202641,46730
292210251,46723
292218118,46729
292225017,46730
292232633,46758
292240388,46764
292247904,46749
292254787,46760
292261586,46749
292269388,46763
292276933,46757
292284691,46756
292292293,46754
292299107,46754
292306900,46760
292314494,46754
292322335,46761
292329868,46761
292337686,46758
292344571,46757
292359620,46782
292367376,46789
292374214,46787
292381006,46788
292388538,46789
292396348,46794
292403894,46786
292411713,46795
292418572,46793
292426171,46798
292433934,46799
292441464,46799
292449324,46799
292456869,46803
292463701,46799
292478310,46833
292485865,46836
292493633,46839
292500469,46830
292508052,46836
292515861,46835
292523463,46835
292531266,46838
292538056,46843
292545707,46839
292553517,46840
292561665,46833
292569471,46846
292577038,46845
292583917,46846
292598512,46878
292606096,46883
292613886,46895
292620731,46892
292628315,46891
292636110,46887
292643686,46890
292651413,46893
292658217,46895
292665766,46893
292673534,46895
292681146,46901
292688987,46906
292696586,46907
292704381,46908
292711924,46923
292719719,46919
292733926,46914
292741770,46916
292749376,46917
292757240,46908
292764817,46914
292771642,46915
292780098,46906
292787694,46905
292795528,46900
292803117,46890
292810971,46892
292817818,46889
292832265,46809
292840026,46810
292847640,46806
292855391,46810
292862943,46806
292870745,46796
292878326,46802
292886156,46804
292893737,46800
292901434,46797
292908995,46801
292916772,46801
292924351,46801
292932174,46796
292939772,46796
292947547,46749
292955131,46761
292962920,46755
292970546,46758
292978367,46756
292986504,46757
292994366,46759
293001907,46753
293009690,46758
293017308,46752
293025167,46752
293032734,46756
293040434,46759
293047998,46753
293055809,46760
293063388,46747
293071235,46736
293078806,46738
293086615,46738
293094162,46738
293101007,46735
293108783,46735
293116390,46732
293124254,46731
293131848,46730
293139575,46729
293147208,46737
293155012,46733
293162588,46742
293170336,46739
293177160,46742
293184736,46741
293192531,46753
293200741,46737
293208408,46757
293215986,46752
293223726,46752
293231320,46752
293239144,46749
293246730,46745
293254445,46750
293262067,46753
293269899,46741
293277477,46747
293285326,46746
293292863,46742
293300662,46745
293315084,46761
293322920,46757
293330510,46759
293338357,46761
293345926,46759
293353697,46764
293361284,46760
293369018,46762
293376613,46760
293384435,46764
293392046,46759
293399890,46766
293408145,46768
293414983,46768
293422758,46769
293430314,46783
293438103,46789
293445700,46787
293453460,46787
293461026,46787
293468874,46781
293476445,46784
293484242,46787
293491810,46784
293499581,46782
293507167,46780
293515003,46784
293522675,46785
293530430,46777
293538014,46792
293545817,46796
293553393,46825
293561229,46833
293568795,46829
293576558,46837
293584180,46826
293591984,46842
293599588,46831
293607391,46835
293614874,46835
293622452,46835
293630260,46839
293637788,46841
293645526,46849
293653117,46840
293660934,46841
293675420,46834
293683275,46829
293690786,46830
293698512,46824
293705332,46823
293712898,46821
293720701,46814
293728309,46807
293736127,46806
293743714,46814
293751450,46795
293759018,46801
293766796,46794
293774350,46796
293782142,46790
293789707,46736
293797514,46746
293805083,46740
293812903,46738
293821076,46733
293828903,46735
293836454,46730
293844303,46737
293851811,46732
293859608,46736
293867253,46728
293875126,46723
293882728,46728
293890439,46733
293897266,46718
293904845,46723
293912606,46708
293920194,46707
293928016,46701
293935664,46703
293942488,46701
293950292,46697
293957814,46700
293971557,46701
293979411,46700
293987064,46697
293994907,46704
294002484,46696
294010352,46702
294017919,46692
294033132,46710
294040747,46704
294048524,46699
294055378,46706
294062954,46704
294070732,46710
294078346,46710
294086177,46713
294093001,46711
294100608,46715
294108364,46719
294115885,46716
294123689,46715
294131276,46721
294139069,46722
294153533,46732
294161339,46736
294168842,46731
294175611,46738
294182435,46744
294190245,46740
294197809,46741
294205588,46744
294212452,46747
294219995,46745
294227794,46743
294235372,46741
294243794,46741
294251398,46739
294258269,46743
294272974,46767
294280562,46778
294288370,46765
294295138,46759
294302057,46770
294309842,46773
294317396,46762
294325246,46768
294332829,46766
294340590,46766
294348193,46769
294355960,46768
294363529,46772
294371392,46775
294378866,46776
294386641,46802
294394254,46803
294402052,46809
294409669,46806
294416462,46804
294424274,46805
294431832,46814
294439549,46815
294447117,46822
294455437,46815
294462985,46814
294470770,46821
294478381,46821
294486164,46825
294493774,46823
294501639,46820
294509241,46863
294517037,46866
294524665,46865
294531469,46867
294539301,46871
294546837,46873
294554581,46869
294562198,46863
294569991,46861
294577605,46871
294585411,46867
294592974,46870
294600717,46872
294608351,46869
294616179,46876
294623751,46878
294631477,46815
294639008,46815
294646759,46814
294653594,46809
294661774,46808
294669532,46800
294677130,46805
294684942,46804
294692487,46802
294700296,46806
294707846,46799
294715611,46803
294723218,46802
294731025,46803
294737904,46797
294745537,46795
294753336,46767
294760887,46761
294768664,46767
294776331,46769
294783109,46765
294790888,46767
294798474,46764
294806364,46763
294813876,46759
294821613,46764
294829220,46759
294837002,46759
294844605,46752
294852441,46755
294860024,46746
294875263,46721
294882815,46724
294890605,46750
294898169,46720
294905943,46715
294913569,46712
294921355,46725
294928867,46714
294936671,46724
294944283,46717
294952038,46726
294959679,46713
294967457,46714
294975018,46718
294982817,46721
294990391,46736
294998248,46732
295005799,46737
295013549,46744
295021089,46743
295028940,46743
295036502,46745
295044342,46741
295051844,46748
295058691,46750
295066452,46747
295074585,46744
295082401,46743
295089934,46746
295097749,46751
295105346,46750
295113193,46761
295120796,46759
295128608,46759
295135452,46763
295142993,46760
295150759,46765
295158347,46764
295166148,46761
295173792,46767
295181513,46779
295189100,46781
295196922,46776
295211190,46774
295218056,46777
295232689,46798
295240285,46792
295248106,46794
295254982,46794
295262592,46800
295270380,46790
295278016,46799
295285916,46802
295294069,46795
295301908,46796
295309479,46802
295317351,46803
295324924,46809
295332719,46803
295340344,46808
295348205,46839
295355797,46845
295363638,46839
295370474,46844
295378092,46845
295384955,46849
295392826,46859
295400432,46841
295408269,46850
295415860,46854
295423661,46853
295431282,46857
295439086,46859
295446740,46857
295454446,46861
295462038,46851
295469843,46890
295477403,46899
295485202,46896
295492042,46891
295500287,46894
295508093,46895
295515723,46904
295523501,46903
295531091,46903
295537906,46904
295545679,46917
295553228,46911
295560998,46913
295568545,46915
295576366,46913
295583898,46908
295591654,46873
295599286,46870
295607099,46868
295614706,46859
295622466,46852
295630031,46850
295637828,46846
295645406,46845
295653240,46836
295660847,46838
295668559,46831
295676117,46834
295683947,46821
295691545,46817
295698393,46824
295706215,46818
295714440,46759
295722278,46754
295729120,46751
295736744,46761
295744445,46753
295752018,46750
295759808,46751
295767378,46747
295775183,46750
295782783,46743
295790548,46743
295798130,46741
295805990,46741
295813608,46738
295821384,46740
295828881,46738
295836690,46694
295844260,46696
295851103,46696
295858935,46691
295866497,46698
295874312,46690
295881878,46693
295889670,46695
295897260,46688
295905051,46692
295912634,46690
295921158,46693
295928800,46688
295935606,46693
295943408,46687
295950946,46684
295958725,46695
295966337,46696
295974120,46686
295981722,46694
295988601,46697
295996444,46693
296004005,46691
296011762,46686
296019336,46684
296027100,46698
296034713,46690
296042511,46694
296050132,46695
296057002,46691
296064813,46697
296072400,46702
296080272,46721
296087816,46724
296095568,46719
296103153,46718
296109973,46719
296117771,46713
296125963,46718
296133788,46729
296141342,46721
296149153,46726
296156778,46731
296164496,46732
296171307,46727
296178898,46720
296186727,46729
296194333,46738
296202109,46745
296209727,46749
296217479,46748
296225026,46743
296232845,46742
296240415,46742
296248224,46747
296255797,46740
296263570,46751
296271156,46756
296278975,46753
296286521,46758
296294325,46749
296301891,46750
296309683,46754
296324127,46772
296331914,46771
296340116,46771
296347001,46771
296354792,46778
296362406,46769
296370224,46776
296377818,46773
296385552,46771
296393097,46770
296400906,46773
296408476,46767
296416278,46769
296423855,46768
296431621,46775
296445842,46812
296453632,46811
296461285,46813
296469074,46815
296476705,46812
296484450,46823
296492027,46822
296499793,46816
296506650,46817
296514269,46820
296522064,46822
296528923,46818
296536501,46822
296544318,46822
296552515,46830
296560368,46774
296567894,46775
296574736,46768
296582500,46761
296590078,46760
296597892,46759
296605427,46756
296613204,46755
296620768,46753
296628511,46747
296636099,46743
296643897,46747
296651529,46744
296659381,46740
296666975,46734
296674756,46707
296682330,46700
296690082,46697
296697698,46697
296704537,46699
296712398,46692
296719911,46694
296727704,46688
296735282,46688
296743061,46689
296750684,46688
296759140,46686
296766786,46690
296774509,46686
296782082,46682
296789896,46685
296797469,46686
296805314,46675
296812124,46673
296819732,46670
296827479,46678
296835039,46673
296842846,46673
296850437,46683
296858299,46676
296865122,46677
296872720,46681
296880456,46683
296887988,46673
296895789,46670
296903376,46673
296911180,46683
296918783,46672
296926579,46674
296933389,46679
296940945,46679
296947803,46675
296955586,46677
296963171,46684
296971576,46679
296979152,46686
296985941,46680
296993748,46684
297001352,46687
297009128,46682
297016760,46683
297024511,46675
297032078,46684
297046683,46685
297053534,46687
297061078,46680
297068893,46688
297076468,46692
297084297,46687
297091891,46679
297099689,46684
297107298,46684
297115086,46686
297122709,46692
297130430,46693
297137974,46696
297145806,46690
297153386,46691
297161221,46721
297168789,46720
297177136,46723
297184757,46728
297192584,46725
297200138,46727
297207927,46725
297215488,46719
297223368,46733
297230941,46729
297238737,46733
297246340,46733
297253205,46728
297261012,46731
297268540,46725
297283202,46758
297290816,46766
297298643,46755
297306295,46758
297314125,46764
297321770,46771
297329579,46768
297337148,46769
297344968,46769
297352544,46773
297360391,46776
297367912,46775
297375707,46771
297383817,46771
297391625,46781
297399179,46809
297407011,46810
297413863,46810
297421457,46808
297428336,46808
297436102,46803
297443756,46798
297451471,46813
297459019,46803
297466784,46808
297474359,46795
297482146,46796
297489743,46790
297497500,46794
297505095,46797
297512956,46784
297520534,46698
297528383,46696
297535180,46696
297542753,46693
297550482,46691
297558067,46695
297565905,46686
297573487,46689
297581306,46683
297588886,46681
297597313,46679
297604884,46684
297612632,46681
297620232,46681
297628019,46667
297635620,46665
297643440,46627
297651018,46621
297658824,46627
297666373,46624
297680706,46624
297688499,46622
297696141,46629
297703987,46627
297711555,46635
297719419,46625
297726942,46623
297733769,46625
297741568,46621
297749142,46623
297763758,46599
297771373,46597
297779153,46606
297785962,46604
297793555,46605
297801421,46609
297809658,46603
297817426,46604
297824943,46604
297831752,46608
297839551,46615
297847135,46604
297854907,46606
297862463,46601
297870294,46613
297877856,46621
297885588,46623
297892448,46627
297899984,46628
297906812,46617
297914615,46632
297922206,46631
297930073,46623
297937644,46619
297945420,46625
297952981,46624
297960831,46625
297968408,46624
297976238,46624
297983815,46629
297991643,46630
297999223,46643
298007027,46652
298015243,46648
298022091,46645
298029918,46647
298037525,46644
298045395,46650
298052973,46650
298060768,46641
298068344,46650
298076138,46648
298083754,46646
298091567,46652
298099149,46649
298106978,46655
298114575,46652
298122386,46684
298129868,46682
298137646,46688
298145205,46689
298152971,46684
298160546,46691
298168405,46689
298175950,46698
298183759,46692
298190625,46695
298198176,46688
298205922,46692
298212698,46703
298220274,46700
298228580,46692
298236192,46703
298243983,46740
298251521,46731
298259327,46732
298266891,46740
298274695,46741
298282258,46747
298290070,46739
298297639,46740
298305470,46738
298313025,46736
298320868,46742
298328445,46736
298336233,46743
298343821,46744
298351543,46746
298359154,46747
298366978,46741
298374555,46744
298382382,46734
298389939,46735
298397735,46735
298405315,46731
298413065,46721
298420683,46721
298428454,46724
298436718,46714
298444533,46712
298451337,46706
298458906,46706
298466694,46706
298474314,46699
298488942,46622
298496522,46629
298504377,46624
298511922,46625
298519712,46626
298527304,46618
298535098,46625
298542694,46623
298550484,46619
298558071,46617
298565811,46623
298573408,46610
298581236,46615
298588845,46610
298596604,46613
298604193,46591
298611975,46590
298619576,46583
298626445,46586
298634245,46582
298642484,46585
298650312,46582
298657873,46579
298665632,46583
298672419,46585
298679946,46579
298687758,46587
298695347,46580
298703153,46582
298710760,46581
298718500,46575
298726024,46582
298733832,46588
298740665,46591
298747583,46584
298755390,46588
298762903,46587
298770665,46590
298778259,46585
298786016,46591
298792828,46588
298800378,46586
298808116,46590
298814967,46592
298822562,46590
298830453,46591
298838004,46582
298853257,46592
298860090,46584
298867906,46584
298875483,46596
298883321,46587
298890881,46588
298898661,46587
298906254,46580
298919907,46587
298927528,46581
298935422,46585
298943014,46592
298950797,46590
298965239,46598
298973048,46606
298980621,46603
298988481,46607
298996013,46605
299003778,46610
299011367,46614
299019222,46606
299026085,46602
299033680,46608
299041486,46611
299049068,46611
299056835,46616
299065015,46616
299072777,46616
299080381,46633
299088142,46624
299095773,46636
299103508,46624
299111126,46638
299118914,46640
299126458,46635
299134266,46637
299141858,46633
299149594,46641
299157127,46647
299164957,46640
299172534,46643
299180378,46641
299187900,46643
299195661,46643
299203251,46671
299211033,46671
299217815,46673
299225392,46680
299233243,46673
299240825,46680
299248609,46674
299256172,46674
299264013,46673
299272272,46677
299280065,46681
299286893,46672
299294473,46690
299302346,46679
299309933,46683
299317668,46686
299325201,46683
299333008,46679
299339829,46676
299347463,46668
299355324,46669
299362880,46664
299370678,46661
299378267,46657
299386026,46657
299393666,46656
299401494,46648
299409033,46650
299416820,46650
299424423,46640
299432270,46646
299439859,46636
299447644,46560
299455204,46558
299463022,46559
299469861,46560
299478023,46552
299485881,46544
299493502,46552
299501339,46547
299508152,46542
299515744,46537
299523510,46541
299531043,46535
299538804,46540
299546397,46545
299554234,46537
299561814,46529
299569579,46497
299577127,46501
299584935,46495
299592515,46500
299600351,46499
299607926,46501
299615719,46501
299623312,46491
299631096,46498
299638691,46493
299646468,46495
299654011,46494
299661782,46494
299669387,46494
299677231,46492
299692634,46505
299699467,46506
299706993,46501
299714786,46501
299722331,46504
299730125,46509
299737735,46504
299745500,46506
299753066,46507
299760835,46510
299768404,46514
299776154,46512
299783776,46514
299791535,46518
299799073,46515
299806903,46531
299814460,46524
299821259,46525
299829085,46531
299836708,46530
299844502,46528
299852037,46530
299859810,46535
299867399,46531
299875163,46536
299882769,46538
299889591,46536
299898068,46539
299905653,46535
299913490,46539
299921064,46540
299928865,46583
299936470,46584
299944270,46574
299951089,46578
299958681,46577
299966480,46583
299974027,46585
299981795,46582
299989367,46589
299997162,46594
300004763,46588
300012489,46593
300020071,46587
300027828,46591
300035411,46590
300043168,46595
300050779,46623
300058508,46634
300066044,46633
300073829,46631
300081438,46634
300089245,46639
300096873,46634
300105267,46627
300112109,46638
300119730,46633
300127461,46634
300135027,46637
300142831,46632
300157316,46637
300171837,46690
300178663,46684
300186453,46688
300194029,46686
300201833,46692
300209410,46692
300217231,46694
300224877,46698
300232600,46694
300240165,46693
300246963,46700
300254734,46700
300262351,46699
300270078,46703
300277666,46695
300285458,46657
300292978,46649
300299805,46661
300307573,46654
300315691,46648
300323487,46650
300331020,46635
300338802,46633
300346408,46633
300354236,46631
300361861,46625
300369608,46632
300377244,46622
300385016,46626
300392568,46623
300400416,46616
300407955,46575
300415763,46566
300423361,46574
300431179,46576
300438780,46564
300446529,46566
300454124,46557
300461937,46558
300469517,46564
300477352,46563
300484922,46552
300492679,46559
300500276,46552
300508050,46555
300515610,46553
300530931,46551
300538516,46551
300546356,46553
300553195,46549
300560842,46546
300568548,46543
300576080,46552
300583865,46550
300591455,46551
300599246,46548
300606848,46553
300614608,46546
300622184,46554
300630004,46550
300637554,46552
300645380,46556
300652957,46557
300659803,46564
300667544,46571
300675110,46567
300682916,46568
300690517,46560
300698379,46563
300705924,46567
300713714,46560
300721271,46563
300728095,46565
300736510,46557
300744068,46572
300751881,46569
300759457,46575
300767246,46586
300774843,46593
300782650,46591
300790187,46594
300797983,46595
300805560,46592
300813422,46596
300820957,46592
300828753,46595
300835548,46594
300843106,46596
300850919,46603
300858489,46593
300866289,46599
300873855,46600
300881669,46606
300889284,46639
300897083,46631
300904649,46637
300912400,46638
300919942,46647
300927706,46639
300935270,46637
300943696,46642
300951316,46640
300959120,46646
300966744,46651
300974553,46650
300982131,46653
300989946,46655
300997561,46657
301005396,46650
301012973,46689
301019784,46690
301027584,46691
301035155,46691
301042971,46686
301050531,46690
301058351,46692
301065865,46690
301073638,46694
301081178,46692
301089018,46696
301096597,46699
301104458,46701
301112046,46697
301119826,46700
301127455,46695
301135283,46740
301142866,46741
301151339,46737
301158145,46738
301165767,46748
301173532,46743
301181082,46746
301188848,46748
301195705,46744
301203266,46746
301211068,46755
301218627,46752
301226465,46759
301233987,46753
301241742,46753
301249325,46697
301257106,46688
301263954,46691
301271535,46686
301279358,46687
301286943,46683
301294719,46689
301302292,46669
301310052,46675
301316870,46667
301324433,46664
301332275,46667
301339836,46658
301347660,46664
301355821,46659
301363675,46653
301371185,46602
301379029,46604
301393250,46594
301401115,46599
301408834,46594
301416601,46593
301424163,46601
301431017,46587
301438796,46590
301445639,46591
301453238,46590
301461053,46590
301468635,46591
301476471,46582
301484005,46586
301491856,46565
301498677,46561
301506263,46566
301514053,46563
301521630,46572
301529446,46555
301536990,46560
301544775,46560
301552395,46557
301560258,46565
301567838,46553
301576316,46556
301583884,46564
301591610,46552
301599224,46554
301606973,46557
301614569,46566
301622403,46571
301629912,46576
301636723,46570
301644545,46566
301652102,46574
301659914,46570
301667496,46573
301675360,46576
301682908,46569
301690680,46575
301698269,46577
301706023,46581
301713563,46578
301721381,46572
301728979,46578
301736781,46582
301744379,46589
301752182,46585
301759821,46583
301767573,46583
301775107,46594
301783527,46586
301790385,46594
301797945,46594
301804805,46595
301812602,46590
301820191,46598
301828008,46597
301835561,46599
301843386,46595
301850933,46616
301858711,46621
301866285,46619
301874076,46621
301881674,46629
301889520,46624
301897072,46620
301904870,46629
301912452,46622
301920307,46624
301927909,46623
301935625,46625
301943283,46626
301951090,46633
301958668,46622
301966524,46630
301974094,46656
301981902,46666
301990116,46654
301996955,46661
302004723,46662
302012319,46660
302020100,46664
302027679,46666
302035495,46660
302043021,46659
302050827,46668
302058448,46667
302066279,46666
302073893,46671
302081643,46668
302096053,46688
302103826,46688
302111399,46696
302118212,46700
302126022,46700
302133606,46706
302141474,46706
302149026,46700
302156787,46706
302164376,46713
302172194,46713
302179842,46717
302187626,46713
302195744,46710
302203606,46727
302211188,46684
302219013,46669
302226584,46679
302233456,46662
302241195,46668
302248844,46665
302256678,46659
302264246,46656
302272058,46660
302279701,46649
302286549,46649
302294401,46641
302301951,46634
302309734,46636
302317336,46631
302325099,46637
302332717,46577
302340519,46577
302348084,46568
302355865,46560
302363425,46561
302371194,46564
302378792,46558
302386566,46569
302394136,46563
302401937,46564
302410027,46558
302417787,46557
302425355,46553
302433144,46560
302440800,46557
302448626,46553
302456245,46536
302464102,46544
302471664,46533
302479507,46541
302487047,46534
302494755,46531
302502320,46540
302510109,46528
302516934,46533
302524561,46538
302532394,46531
302539942,46541
302547715,46540
302555293,46540
302563039,46540
302570616,46537
302578468,46557
302586020,46544
302593826,46552
302601407,46553
302609177,46551
302617426,46559
302631837,46563
302639448,46556
302647324,46560
302654916,46558
302662696,46558
302670318,46558
302678108,46563
302685712,46562
302693533,46580
302701121,46580
302707930,46577
302714737,46584
302722576,46576
302730163,46588
302737952,46585
302745559,46592
302752445,46591
302760305,46587
302767200,46596
302774819,46596
302782552,46595
302790127,46602
302797928,46593
302805535,46599
302820206,46628
302827025,46624
302834525,46631
302842081,46634
302849846,46628
302857464,46632
302865257,46634
302872155,46631
302879763,46629
302887499,46637
302895056,46639
302902831,46646
302910402,46651
302918170,46647
302925823,46648
302940463,46685
302947321,46687
302954156,46695
302961743,46695
302969498,46699
302977078,46699
302984896,46695
302991714,46701
302999309,46701
303006156,46698
303013958,46699
303021519,46704
303029381,46706
303036922,46716
303045407,46709
303059882,46761
303066738,46757
303073569,46752
303081428,46762
303088961,46763
303096740,46758
303104317,46755
303111101,46762
303118897,46761
303125742,46754
303133368,46759
303141209,46766
303148836,46753
303156596,46753
303164136,46755
303178751,46680
303185576,46683
303193158,46677
303200934,46680
303208497,46671
303216373,46667
303223909,46670
303230754,46671
303238506,46668
303245345,46660
303253513,46662
303261381,46665
303268925,46660
303276724,46668
303284287,46650
303292088,46630
303299637,46627
303307485,46629
303315024,46634
303322833,46628
303330437,46630
303338285,46632
303345910,46631
303353671,46631
303360502,46627
303368025,46629
303375791,46636
303383365,46635
303391138,46630
303398750,46630
303406541,46627
303414121,46609
303421898,46619
303429490,46622
303437277,46624
303444864,46629
303452674,46617
303460806,46624
303467690,46615
303475509,46616
303483078,46617
303490850,46625
303498467,46614
303506287,46617
303513869,46615
303521673,46618
303529310,46625
303537140,46657
303544738,46653
303552506,46662
303560046,46648
303567831,46653
303575401,46667
303583161,46663
303590752,46659
303598515,46655
303606055,46660
303613838,46662
303621428,46659
303629154,46659
303636753,46666
303644502,46662
303652081,46671
303659860,46695
303668070,46703
303675886,46699
303682736,46697
303690331,46695
303698109,46694
303705677,46701
303713487,46697
303720321,46699
303727894,46701
303735611,46695
303743166,46697
303750907,46696
303758466,46702
303766224,46699
303773833,46694
303781625,46734
303789204,46741
303796987,46741
303803837,46737
303811407,46733
303819195,46735
303826800,46733
303834585,46739
303842160,46733
303849940,46740
303857553,46736
303872025,46731
303879723,46739
303895080,46772
303902655,46775
303909529,46769
303917362,46778
303924903,46783
303932688,46780
303940316,46783
303947169,46780
303954998,46777
303962637,46782
303970450,46789
303977990,46777
303985815,46786
303993411,46783
304001204,46788
304015731,46834
304023547,46841
304031125,46843
304038946,46849
304046577,46843
304054469,46849
304062046,46842
304069936,46854
304076764,46851
304084341,46846
304092196,46847
304100433,46845
304108219,46843
304115859,46843
304123652,46848
304131246,46768
304139060,46769
304146685,46772
304154548,46761
304162141,46837
304169922,46759
304177525,46763
304185364,46754
304192951,46752
304200715,46752
304208277,46750
304216111,46754
304223650,46753
304231453,46750
304238946,46751
304253540,46696
304261109,46698
304268939,46691
304276511,46691
304283317,46694
304291107,46691
304298655,46684
304307119,46689
304314682,46682
304322513,46688
304330090,46682
304337915,46687
304345532,46682
304353330,46684
304360907,46685
304368610,46667
304376224,46666
304384028,46671
304390873,46667
304398502,46671
304406317,46674
304413894,46676
304421575,46672
304429125,46665
304436953,46671
304444553,46660
304452428,46667
304459972,46666
304467842,46658
304475427,46667
304483172,46662
304490726,46688
304498503,46693
304506069,46696
304514533,46698
304521371,46693
304528956,46697
304536745,46696
304544336,46695
304551151,46696
304558921,46704
304566538,46698
304574303,46693
304581904,46705
304589624,46693
304597211,46694
304605016,46698
304612613,46716
304620434,46716
304628022,46719
304635805,46731
304642640,46719
304650206,46721
304657995,46724
304665569,46721
304672430,46733
304679222,46727
304687017,46721
304694598,46731
304702427,46726
304710009,46737
304717796,46733
304725957,46729
304733686,46753
304741241,46755
304749027,46758
304756592,46758
304764399,46761
304771935,46758
304779735,46766
304787350,46756
304794190,46765
304802003,46763
304809556,46767
304817446,46769
304824996,46766
304832708,46772
304840283,46768
304848123,46769
304855723,46792
304863566,46792
304871157,46793
304878903,46795
304886496,46800
304894304,46797
304901886,46799
304909684,46802
304917295,46797
304925106,46803
304933328,46808
304941097,46800
304948660,46803
304956533,46806
304964067,46811
304978681,46842
304986283,46845
304994061,46844
305001647,46843
305009480,46845
305017061,46844
305024842,46850
305032421,46856
305040249,46850
305047866,46857
305055637,46861
305063245,46852
305071042,46856
305078589,46865
305086417,46853
305094001,46792
305108404,46794
305115282,46791
305122161,46784
305130001,46785
305137591,46784
305145069,46783
305152908,46774
305160458,46770
305168245,46767
305175871,46770
305183708,46765
305191285,46763
305199133,46755
305206743,46764
305214532,46712
305222064,46705
305229856,46702
305237456,46706
305244221,46704
305252071,46701
305259680,46694
305266568,46691
305274410,46693
305281938,46689
305289618,46694
305297198,46698
305305020,46700
305312587,46701
305320428,46696
305328005,46690
305335771,46652
305343361,46657
305351785,46654
305359363,46656
305367162,46655
305374775,46653
305381616,46650
305389425,46656
305396945,46656
305404660,46658
305412181,46650
305420002,46651
305427550,46653
305435353,46645
305442976,46646
305450779,46636
305458404,46642
305466192,46636
305473822,46639
305481575,46639
305489147,46635
305496925,46639
305504497,46636
305511347,46636
305519161,46639
305526799,46634
305534587,46626
305542139,46626
305549924,46637
305558102,46626
305565906,46628
305580389,46612
305588234,46611
305595868,46605
305603625,46602
305611191,46606
305618949,46609
305626536,46602
305634356,46606
305641990,46610
305649766,46606
305657380,46599
305665172,46606
305672755,46614
305680539,46607
305688071,46609
305695854,46635
305703420,46639
305711223,46649
305718064,46642
305725649,46648
305733505,46647
305741024,46639
305748829,46640
305756390,46639
305764175,46642
305772401,46646
305780200,46644
305787827,46643
305795690,46647
305803252,46639
305811117,46648
305818649,46672
305826459,46675
305833999,46680
305841798,46687
305848622,46691
305856185,46700
305864009,46699
305870790,46695
305878382,46701
305886128,46694
305893676,46694
305901480,46698
305909061,46700
305916868,46700
305924450,46702
305932252,46701
305939877,46748
305947691,46741
305955256,46747
305963060,46742
305969872,46747
305978052,46749
305984921,46748
305991739,46744
305999562,46744
306007062,46749
306014853,46747
306022459,46744
306030244,46747
306037888,46736
306045698,46737
306053269,46734
306061109,46673
306068676,46666
306076522,46657
306084064,46658
306091838,46655
306099449,46655
306106297,46655
306114079,46660
306121666,46658
306129519,46655
306137061,46654
306144834,46648
306152446,46655
306160239,46656
306167859,46654
306175615,46659
306183770,46622
306191679,46624
306199250,46626
306207013,46618
306214620,46617
306221481,46619
306229254,46624
306236871,46622
306244624,46612
306252232,46617
306260090,46628
306267676,46622
306275509,46616
306283042,46616
306290842,46623
306298453,46626
306306233,46615
306313848,46615
306321632,46624
306329178,46626
306343619,46624
306351471,46622
306359080,46624
306366910,46632
306374568,46632
306382450,46628
306390027,46623
306398448,46631
306405992,46626
306413775,46626
306421310,46655
306429119,46660
306436706,46665
306444557,46664
306451435,46666
306458263,46663
306465115,46668
306472654,46670
306480502,46662
306488052,46668
306495826,46669
306503419,46672
306511229,46663
306518867,46669
306526585,46661
306534125,46667
306548784,46695
306556351,46688
306563170,46691
306569977,46704
306576824,46697
306583664,46700
306591564,46706
306599148,46699
306606923,46703
306615048,46703
306622872,46701
306630437,46703
306638226,46705
306645841,46712
306653634,46707
306667993,46734
306675712,46736
306682519,46737
306690022,46738
306696819,46740
306704607,46740
306712187,46742
306719990,46744
306727589,46750
306735405,46752
306742978,46762
306750733,46754
306758289,46764
306766058,46757
306773666,46763
306781557,46792
306789082,46795
306796846,46795
306803655,46798
306811211,46800
306819538,46799
306827070,46796
306834836,46799
306842432,46813
306850224,46798
306857877,46805
306865641,46812
306873225,46815
306880994,46815
306888562,46818
306896409,46824
306903968,46828
306911786,46829
306918562,46827
306926154,46813
306933927,46812
306941520,46811
306949278,46809
306956892,46803
306964699,46799
306972313,46800
306980151,46800
306987719,46794
306995555,46789
307003108,46791
307010910,46788
307018467,46783
307026908,46723
307034512,46711
307042342,46710
307049943,46704
307056691,46698
307063557,46699
307071369,46689
307078934,46687
307086701,46689
307094279,46684
307102064,46692
307109612,46686
307117457,46688
307125030,46685
307132776,46676
307140326,46672
307148141,46647
307155714,46647
307163576,46649
307171128,46652
307177977,46646
307184793,46644
307192617,46648
307200159,46652
307207913,46661
307215459,46658
307223240,46657
307230886,46655
307239378,46663
307246952,46652
307254706,46653
307262239,46647
307270006,46639
307277615,46644
307285469,46645
307293053,46639
307299950,46641
307307719,46637
307315284,46635
307323095,46628
307330622,46644
307338453,46631
307346035,46633
307353821,46633
307361404,46633
307369178,46626
307376839,46627
307391471,46640
307398990,46638
307406771,46647
307413571,46650
307420436,46649
307427269,46647
307434874,46645
307442617,46652
307450893,46646
307458615,46650
307466188,46651
307473971,46650
307481547,46654
307489366,46649
307496946,46644
307511527,46677
307519086,46676
307525893,46677
307532736,46681
307540575,46683
307547361,46675
307554979,46686
307562793,46681
307570401,46687
307584768,46682
307592443,46694
307600224,46691
307607831,46688
307615576,46696
307623100,46728
307630866,46723
307638478,46727
307645334,46725
307653152,46729
307661259,46733
307669092,46724
307676628,46723
307684459,46733
307692091,46728
307699904,46731
307707488,46734
307715344,46746
307722974,46727
307730788,46732
307738394,46732
307746157,46783
307753717,46769
307761570,46777
307769150,46781
307776041,46774
307782885,46777
307790637,46788
307798198,46786
307805973,46792
307813561,46791
307821361,46786
307828950,46796
307836727,46788
307844271,46798
307852147,46799
307859770,46794
307867556,46782
307875844,46778
307882670,46780
307890472,46769
307898063,46763
307904889,46760
307912699,46761
307920276,46759
307928108,46761
307935662,46753
307943511,46755
307951112,46746
307958909,46748
307966491,46736
307974306,46745
307981888,46742
307989677,46671
307997273,46665
308004109,46664
308011940,46661
308019549,46663
308027372,46657
308034985,46654
308042736,46649
308050306,46649
308058110,46651
308065683,46641
308073481,46647
308081684,46649
308089557,46631
308097113,46641
308104915,46643
308112490,46599
308119314,46595
308127117,46591
308134674,46646
308142485,46584
308149990,46588
308157744,46588
308165331,46594
308173138,46593
308180720,46592
308188543,46595
308196125,46600
308203855,46592
308211437,46597
308219271,46589
308226917,46570
308234737,46575
308242330,46579
308250140,46584
308256958,46581
308264527,46580
308272325,46589
308279929,46578
308288296,46585
308295914,46584
308303680,46585
308311254,46572
308319065,46580
308326657,46584
308334486,46586
308348933,46581
308356711,46586
308364297,46578
308372127,46576
308379679,46581
308387512,46576
308395048,46577
308402826,46574
308410377,46582
308418155,46577
308425722,46585
308433565,46585
308441159,46577
308448935,46587
308456533,46590
308464285,46588
308471856,46593
308479599,46591
308487165,46589
308495548,46596
308503117,46587
308509993,46593
308517797,46591
308525389,46590
308533183,46587
308540784,46595
308548606,46593
308556196,46588
308563985,46591
308571574,46595
308579374,46591
308586983,46605
308594680,46607
308601517,46605
308609093,46596
308616924,46608
308624543,46609
308632367,46611
308639975,46603
308647767,46604
308655319,46604
308663126,46602
308670692,46609
308678513,46611
308686064,46602
308693907,46608
308701948,46612
308709746,46616
308717294,46614
308725098,46616
308731925,46617
308739481,46626
308747263,46629
308754931,46624
308762668,46628
308770245,46624
308778043,46628
308785618,46637
308793448,46640
308801028,46643
308808804,46641
308823016,46621
308830873,46612
308837737,46612
308845313,46615
308852180,46614
308859955,46605
308867544,46603
308875360,46604
308883003,46604
308890833,46598
308898427,46587
308906237,46586
308913902,46581
308922379,46578
308929987,46579
308944544,46553
308952107,46551
308959912,46548
308967486,46547
308975287,46547
308982924,46540
308990712,46543
308998278,46533
309006092,46535
309013665,46540
309021491,46543
309029043,46537
309036829,46536
309044446,46540
309052221,46539
309059758,46525
309067599,46523
309075141,46524
309082906,46523
309089742,46520
309097299,46523
309105109,46528
309112716,46529
309120537,46526
309128741,46532
309136573,46535
309144113,46537
309151892,46531
309159495,46539
309167329,46539
309174964,46534
309182757,46535
309190342,46544
309198145,46535
309205706,46534
309212606,46534
309220409,46535
309227996,46534
309235823,46542
309243402,46539
309251177,46541
309258746,46530
309266578,46541
309274061,46540
309281878,46539
309289476,46547
309297289,46551
309304929,46563
309312756,46553
309319592,46558
309327229,46558
309335583,46564
309343162,46562
309350971,46566
309357828,46569
309365433,46567
309373223,46576
309380795,46576
309388592,46574
309396162,46569
309403933,46574
309411500,46583
309419308,46579
309426949,46625
309434737,46617
309442305,46628
309450119,46620
309457667,46630
309465495,46625
309473008,46621
309479860,46621
309487626,46629
309495203,46630
309503010,46634
309510587,46635
309518405,46635
309526040,46636
309533754,46639
309549094,46675
309556679,46676
309564519,46676
309571430,46684
309578978,46695
309586708,46678
309594241,46685
309602083,46681
309609687,46684
309617491,46689
309625075,46684
309632866,46689
309640420,46685
309648194,46688
309655759,46692
309663587,46717
309671149,46712
309678989,46716
309686547,46711
309694390,46709
309701991,46701
309709695,46706
309717269,46698
309725040,46701
309732631,46688
309740443,46693
309748640,46691
309756528,46686
309764082,46678
309771867,46679
309779467,46675
309787278,46626
309794884,46627
309802641,46629
309809468,46631
309817018,46628
309824769,46628
309832359,46634
309840180,46627
309847745,46625
309855623,46622
309863202,46624
309871012,46620
309878572,46621
309886362,46622
309894012,46613
309901743,46608
309909315,46605
309917145,46607
309924749,46614
309932570,46611
309940113,46608
309947940,46606
309956158,46611
309963020,46607
309970834,46600
309978450,46610
309986290,46601
309993946,46605
310001717,46599
310009312,46596
310017155,46597
310024760,46594
310032611,46594
310040128,46603
310047930,46589
310062171,46599
310070009,46600
310076866,46600
310084481,46590
310092259,46599
310099869,46598
310107676,46598
310115239,46599
310123060,46599
310130607,46596
310145309,46612
310152975,46617
310159820,46611
310167634,46615
310175146,46619
310182933,46619
310190511,46617
310197328,46617
310205119,46617
310212656,46609
310220485,46615
310228052,46611
310235812,46615
310243353,46615
310251147,46622
310265526,46636
310273309,46636
310280124,46634
310286966,46638
310293841,46643
310301424,46637
310309241,46633
310316114,46643
310323692,46644
310331504,46644
310339005,46644
310346853,46640
310354441,46645
310362232,46640
310369847,46640
310385033,46674
310392639,46675
310399438,46674
310406235,46669
310413063,46678
310420857,46676
310428501,46672
310436291,46677
310443895,46684
310451676,46670
310459245,46684
310467028,46672
310474589,46681
310482397,46678
310490021,46675
310497871,46724
310505380,46729
310513183,46724
310519998,46726
310527585,46721
310535383,46730
310542990,46730
310550772,46728
310557629,46735
310565182,46732
310572930,46736
310580506,46732
310588312,46728
310596540,46735
310604316,46733
310611966,46727
310619739,46640
310627378,46634
310634182,46634
310641942,46639
310649567,46633
310657324,46626
310664923,46631
310672673,46623
310680293,46632
310688128,46632
310695706,46621
310703588,46625
310711120,46619
310718891,46627
310726465,46631
310734227,46630
310741812,46567
310749632,46564
310757204,46563
310765001,46568
310772579,46564
310780353,46565
310787975,46565
310795736,46569
310803971,46565
310811729,46567
310819296,46564
310827108,46573
310834656,46568
310842453,46568
310850028,46572
310857776,46573
310865352,46570
310873149,46564
310880778,46563
310888613,46562
310895448,46563
310903027,46568
310910745,46564
310917579,46557
310925125,46565
310932893,46566
310940435,46568
310948232,46558
310955872,46563
310963649,46568
310971212,46566
310979023,46561
310986625,46605
310994454,46606
311002045,46604
311010505,46602
311018044,46603
311025797,46614
311033375,46613
311041187,46618
311048778,46622
311056584,46616
311064232,46625
311072027,46626
311079632,46625
311087445,46625
311095052,46625
311109638,46644
311117212,46662
311124048,46653
311131795,46655
311139376,46654
311147167,46643
311154741,46653
311161621,46650
311169418,46650
311176979,46656
311184767,46662
311192317,46664
311200129,46658
311207740,46652
311215600,46657
311223861,46719
311231625,46721
311238449,46713
311245285,46722
311252856,46716
311259723,46718
311267591,46717
311275145,46729
311282941,46719
311297445,46726
311305086,46729
311312888,46723
311320484,46730
311328286,46727
311335952,46729
311343733,46765
311351272,46771
311358094,46766
311365897,46773
311372749,46773
311380293,46766
311388096,46768
311395652,46768
311403496,46770
311411071,46769
311418879,46766
311426499,46765
311434913,46754
311442514,46765
311450306,46766
311457939,46761
311465741,46716
311473335,46717
311481168,46713
311488730,46722
311496576,46711
311504143,46715
311511937,46711
311518747,46715
311526307,46714
311534126,46701
311541679,46705
311549521,46710
311557060,46700
311564881,46701
311572449,46705
311580258,46704
311587868,46671
311595670,46676
311603250,46682
311610052,46689
311617775,46683
311625351,46693
311633190,46690
311640706,46684
311648616,46690
311656193,46692
311663929,46694
311671502,46683
311679275,46682
311686879,46691
311694699,46687
311702274,46678
311710095,46637
311716960,46633
311724563,46628
311731435,46637
311739215,46631
311746771,46630
311754609,46635
311762125,46632
311769935,46628
311777499,46629
311785306,46634
311792919,46627
311800697,46622
311808297,46621
311816124,46614
311823696,46617
311831549,46601
311839083,46592
311846854,46600
311855066,46601
311862896,46599
311870524,46604
311878335,46600
311885943,46598
311893787,46599
311901393,46599
311909301,46595
311916932,46600
311924685,46597
311932265,46608
311940083,46612
311954539,46676
311962349,46675
311969955,46681
311977762,46685
311985314,46688
311993093,46691
312000680,46696
312008539,46692
312016168,46693
312024009,46691
312031572,46694
312039427,46698
312047024,46700
312054780,46703
312062970,46704
312070814,46714
312077653,46712
312084498,46712
312092055,46716
312099829,46716
312107385,46721
312115164,46719
312122750,46727
312130623,46731
312138177,46736
312145957,46726
312153597,46732
312161361,46740
312168952,46741
312176708,46733
312184258,46739
312192058,46836
312199652,46845
312207522,46846
312215097,46852
312222866,46852
312230461,46861
312238236,46865
312245007,46866
312252574,46874
312260325,46875
312268581,46881
312276423,46882
312284037,46885
312291859,46882
312299470,46885
312314131,46899
312321725,46897
312328648,46894
312336520,46893
312344096,46886
312351872,46894
312359436,46882
312366236,46890
312374016,46886
312381577,46897
312389389,46900
312396993,46903
312404734,46900
312412357,46904
312420165,46911
312434596,46927
312442336,46936
312448171,46928
312455955,46934
312463538,46939
312471360,46937
312479615,46942
312486451,46945
312494212,46955
312501774,46952
312509633,46951
312517222,46961
312531643,46955
312539491,46975
312547153,46954
312554945,46949
312561802,46950
312569362,46949
312577183,46952
312584759,46947
312592612,46957
312599399,46948
312607041,46956
312614794,46953
312622398,46955
312630179,46968
312637825,46965
312645668,46962
312653221,46972
312661048,46968
312668670,47031
312676536,47026
312684097,47026
312692535,47025
312700098,47038
312707899,47033
312715475,47033
312723281,47033
312730932,47036
312738755,47035
312746360,47043
312754187,47039
312761801,47043
312769617,47043
312777193,47048
312791868,47088
312798657,47104
312806227,47100
312814038,47098
312821668,47098
312829550,47098
312837061,47109
312844800,47101
312852396,47103
312860182,47105
312867773,47101
312875661,47109
312883202,47118
312890976,47111
312899180,47113
312906997,47153
312914594,47163
312921413,47155
312928290,47163
312936075,47154
312943704,47167
312951545,47165
312959124,47154
312966006,47167
312973717,47167
312981277,47170
312989102,47166
312996714,47166
313004594,47170
313012133,47170
313019883,47180
313027473,47205
313035252,47202
313041428,47205
313048245,47198
313055797,47212
313063624,47208
313071166,47212
313078974,47199
313085773,47197
313093330,47195
313101191,47192
313109336,47192
313117148,47195
313124738,47192
313132612,47184
313140177,47182
313154762,47117
313161589,47113
313168428,47113
313176069,47113
313183900,47110
313191465,47103
313199294,47109
313206917,47116
313214707,47113
313222278,47114
313230133,47116
313237695,47109
313245524,47106
313253049,47102
313260843,47100
313268467,47077
313276270,47075
313283120,47074
313290679,47065
313298454,47067
313306071,47068
313313845,47065
313322058,47069
313329865,47072
313337450,47071
313345235,47076
313352804,47081
313360624,47070
313368136,47073
313375934,47064
313383545,47066
313391319,47062
313398972,47058
313406752,47053
313414323,47063
313422128,47056
313429760,47061
313437600,47060
313445208,47058
313453032,47062
313460634,47063
313468493,47060
313476086,47054
313483886,47061
313491413,47064
313499211,47065
313506783,47063
313514633,47078
313520811,47080
313529008,47085
313536802,47086
313544472,47090
313552309,47087
313559945,47089
313567766,47088
313575351,47086
313583141,47088
313590729,47079
313598541,47089
313606089,47084
313613910,47076
313621520,47081
313636158,47104
313643734,47106
313651547,47104
313659108,47105
313666897,47110
313674488,47109
313682315,47110
313689881,47107
313697707,47106
313705263,47096
313713045,47104
313720677,47107
313728514,47110
313736759,47109
313744618,47110
313752170,47135
313759018,47136
313773470,47149
313781292,47138
313788916,47140
313796774,47144
313804333,47143
313811198,47136
313818976,47134
313826604,47148
313834399,47144
313842004,47143
313849702,47145
313857269,47151
313871919,47173
313878712,47178
313885574,47174
313893132,47182
313900860,47184
313908443,47181
313916207,47181
313923756,47183
313930602,47184
313938454,47189
313946063,47190
313954521,47194
313962099,47192
313969871,47196
313977415,47195
313992084,47159
313998283,47162
314005071,47149
314012690,47160
314020548,47148
314028133,47135
314035872,47149
314043428,47152
314050246,47142
314058024,47145
314065661,47135
314073518,47138
314081075,47138
314088831,47135
314096403,47129
314111005,47072
314117170,47072
314124025,47073
314131630,47074
314139379,47069
314146987,47065
314154692,47070
314162859,47064
314169710,47068
314177570,47056
314185126,47053
314192944,47062
314200548,47053
314208337,47052
314215942,47057
314230596,47021
314236722,47015
314243552,47019
314251093,47026
314258828,47018
314266393,47013
314274222,47013
314281791,47015
314289613,47005
314297116,47002
314304843,47012
314312501,47006
314320414,47013
314328037,47013
314335860,47010
314350342,47011
314357159,47010
314363971,47014
314372284,47009
314379939,47019
314387774,47007
314395326,46998
314403099,47003
314409924,47008
314417520,47005
314425311,47013
314432928,47009
314440690,47008
314448319,47006
314456135,47003
314463717,47007
314471587,47014
314479159,47015
314486953,47014
314494515,47010
314502277,47008
314509812,47008
314517626,47015
314525194,47015
314532994,47015
314540603,47004
314548381,47009
314555970,47008
314563759,47005
314571334,47015
314579737,47013
314587310,47037
314594203,47032
314602030,47041
314609606,47046
314617361,47049
314624969,47048
314632762,47059
314640317,47057
314648067,47064
314655739,47058
314663568,47061
314671116,47056
314678886,47059
314686530,47060
314694307,47065
314708699,47083
314715546,47082
314723335,47083
314731006,47091
314738763,47082
314746359,47094
314754140,47085
314761675,47096
314769486,47088
314777056,47098
314784827,47101
314793069,47091
314800834,47097
314808415,47103
314816254,47097
314823855,47164
314830765,47175
314837575,47173
314845315,47175
314852900,47175
314860750,47174
314868335,47174
314876155,47174
314883709,47173
314891564,47177
314899140,47178
314906923,47183
314914489,47181
314922304,47183
314929899,47179
314937670,47183
314951476,47114
314958313,47111
314965157,47112
314972918,47107
314980482,47114
314988263,47104
314996391,47097
315010880,47101
315018809,47095
315026459,47095
315034288,47101
315041921,47091
315049746,47089
315064153,47051
315071026,47046
315077910,47045
315085796,47050
315093381,47049
315101210,47051
315108753,47041
315116559,47045
315124133,47045
315131902,47046
315138750,47045
315146333,47043
315154170,47049
315161729,47046
315169542,47052
315183177,47037
315190009,47044
315196850,47031
315204626,47040
315212216,47045
315220660,47029
315228214,47049
315236013,47041
315243562,47040
315251335,47039
315258208,47034
315265806,47044
315273688,47040
315281261,47035
315289061,47029
315302812,47061
315309669,47053
315316506,47058
315324315,47053
315331917,47061
315339684,47057
315347215,47057
315355017,47054
315362636,47059
315370408,47057
315377281,47066
315384889,47057
315392710,47061
315400299,47060
315408074,47053
315421828,47064
315429640,47067
315436469,47064
315444060,47061
315451730,47067
315459326,47062
315467162,47062
315474738,47066
315482582,47063
315490148,47073
315496976,47066
315504704,47076
315512275,47067
315520072,47067
315527662,47068
315541584,47092
315548516,47091
315555340,47088
315562924,47095
315570728,47102
315578279,47100
315586096,47104
315593693,47100
315601513,47102
315609093,47096
315616891,47104
315624447,47101
315632234,47096
315640432,47108
315648233,47091
315662028,47122
315669746,47123
315676588,47120
315684151,47123
315691929,47124
315699516,47137
315707285,47128
315714909,47132
315722744,47128
315730337,47129
315738132,47136
315745730,47144
315753591,47131
315761141,47142
315768860,47138
315776407,47155
315784193,47160
315791045,47159
315798686,47166
315806501,47158
315814128,47154
315821937,47156
315829507,47150
315837343,47158
315845541,47151
315853341,47154
315860958,47158
315868731,47152
315876289,47160
315884096,47163
315891684,47160
315898524,47087
315906306,47079
315913842,47080
315921668,47072
315929260,47069
315937066,47067
315944657,47068
315952492,47062
315960105,47066
315967873,47061
315975453,47052
315983271,47051
315990832,47047
315998678,47042
316006294,47036
316020191,46938
316027836,46936
316035667,46930
316043247,46924
316051643,46916
316059283,46915
316067091,46919
316074652,46917
316082466,46921
316090060,46914
316097842,46911
316105408,46910
316113221,46907
316120829,46910
316128676,46901
316135537,46854
316143137,46849
316149967,46850
316157757,46859
316165343,46847
316173139,46851
316180660,46849
316188500,46849
316196096,46850
316203871,46835
316211461,46845
316219273,46843
316226825,46846
316234629,46841
316249057,46838
316256721,46839
316265156,46836
316272016,46840
316279615,46839
316287446,46833
316295073,46842
316302849,46843
316310452,46838
316318267,46837
316325839,46842
316333677,46841
316341220,46839
316348065,46836
316355783,46839
316363357,46841
316371192,46840
316378756,46858
316386583,46848
316394146,46853
316401990,46842
316409608,46846
316417461,46853
316425076,46851
316432916,46846
316440523,46844
316448329,46845
316455934,46853
316463747,46851
316471902,46853
316479754,46851
316487320,46853
316500957,46876
316508734,46881
316516269,46876
316524079,46879
316531713,46883
316539537,46889
316547124,46886
316554940,46880
316562539,46884
316570348,46890
316577948,46889
316585756,46889
316593359,46891
316601198,46890
316608799,46888
316616632,46917
316623476,46921
316631076,46930
316638821,46917
316646385,46920
316654185,46927
316661781,46916
316669612,46916
316677219,46928
316685657,46930
316693214,46921
316701035,46925
316708663,46927
316716510,46928
316724118,46930
316730983,46933
316738793,46964
316746356,46965
316753173,46968
316760935,46966
316768531,46972
316776251,46968
316783815,46974
316791662,46973
316799221,46975
316807043,46972
316814646,46974
316822433,46974
316830031,46979
316836846,46972
316844673,46977
316851514,46979
316859076,47021
316866264,47016
316873115,47015
316880687,47024
316888492,47024
316896699,47017
316904509,47019
316912154,47023
316919966,47023
316927567,47024
316935385,47028
316943016,47025
316950803,47026
316958403,47027
316966205,47024
316973796,47032
316980620,46928
316988446,46922
316996052,46918
317003862,46921
317011410,46907
317019180,46912
317026763,46905
317034586,46907
317042133,46902
317049925,46901
317057501,46892
317065283,46893
317072857,46897
317080691,46889
317088238,46888
317096035,46878
317104179,46805
317110994,46805
317118753,46792
317126330,46795
317134083,46793
317141653,46794
317149415,46796
317157035,46785
317164840,46795
317172372,46780
317180117,46793
317187734,46782
317195544,46783
317203132,46778
317210919,46775
317218522,46774
317226286,46746
317233832,46748
317241635,46750
317249243,46746
317257090,46739
317264763,46747
317272588,46746
317280173,46731
317287902,46741
317295439,46742
317303290,46745
317311466,46743
317319273,46739
317326852,46738
317333748,46740
317340587,46735
317348367,46730
317355966,46722
317363788,46724
317371377,46720
317379158,46730
317386745,46721
317394596,46724
317402156,46724
317409907,46722
317417482,46724
317425290,46725
317432865,46723
317440698,46718
317448258,46716
317456053,46713
317470465,46716
317484956,46723
317492630,46718
317500623,46722
317508268,46724
317516200,46720
317524494,46724
317532331,46729
317540001,46718
317547788,46726
317555405,46719
317562225,46719
317569044,46732
317575884,46726
317583742,46737
317590615,46745
317598160,46740
317605937,46735
317613530,46732
317621320,46734
317628938,46742
317636765,46740
317644304,46736
317652106,46750
317659667,46745
317667517,46741
317675102,46748
317681977,46741
317688827,46748
317695692,46745
317710259,46762
317717821,46772
317725646,46764
317733780,46757
317741638,46764
317749259,46765
317757032,46765
317764643,46774
317772407,46773
317780054,46774
317787941,46776
317795549,46774
317802353,46782
317809266,46772
317816105,46779
317823853,46807
317831444,46810
317839206,46810
317846762,46815
317854602,46814
317862193,46812
317869921,46813
317877539,46813
317885325,46814
317892917,46821
317900734,46817
317908272,46822
317916099,46820
317923724,46827
317930612,46826
317938399,46832
317946668,46835
317953493,46830
317961294,46827
317968870,46818
317976725,46820
317984334,46817
317992193,46819
317999766,46809
318007595,46811
318015219,46796
318022967,46798
318030542,46798
318038319,46795
318045882,46787
318053737,46792
318068120,46723
318074934,46721
318082725,46716
318090248,46726
318097981,46717
318105554,46721
318113342,46716
318120962,46721
318128738,46724
318136322,46717
318144159,46721
318152300,46711
318160101,46711
318166903,46703
318174489,46703
318189098,46690
318196725,46691
318204531,46686
318212137,46680
318219895,46691
318227497,46690
318235317,46677
318242943,46675
318250748,46686
318258304,46682
318266085,46679
318273677,46672
318281511,46670
318289105,46674
318296870,46676
318304423,46690
318312215,46694
318319776,46690
318327595,46691
318335165,46695
318342922,46688
318350567,46697
318358400,46683
318366578,46688
318374411,46692
318382042,46695
318389786,46692
318397393,46696
318404238,46700
318412009,46706
318426420,46726
318434174,46725
318441733,46724
318449585,46726
318457177,46742
318464945,46726
318472558,46733
318480344,46729
318487952,46736
318495748,46732
318503261,46733
318511060,46732
318518666,46736
318525511,46739
318532330,46739
318546976,46777
318553813,46777
318561361,46786
318569142,46782
318577346,46790
318585177,46784
318592786,46788
318600604,46783
318608190,46783
318615948,46786
318623560,46802
318631368,46791
318639004,46793
318645823,46793
318653668,46797
318661213,46834
318668982,46836
318676554,46837
318684317,46842
318691863,46835
318699641,46846
318707195,46850
318721568,46841
318729416,46852
318737106,46852
318744892,46855
318752452,46852
318759321,46857
318767073,46857
318781528,46895
318788948,46902
318796838,46911
318804390,46901
318812165,46904
318819745,46903
318827536,46913
318835077,46912
318842864,46909
318850491,46920
318858314,46925
318865890,46915
318873718,46914
318880501,46915
318888117,46926
318902741,46979
318909528,46983
318917123,46979
318924816,46971
318932395,46988
318940160,46981
318947730,46980
318955551,46979
318963147,46982
318970882,46980
318978474,46987
318986365,46985
318994588,46973
319002429,46973
319010067,46985
319017808,46911
319025368,46908
319033172,46910
319040725,46905
319048559,46902
319056149,46901
319063944,46899
319071536,46895
319079401,46886
319087003,46886
319094788,46888
319102343,46879
319110107,46884
319117722,46882
319125545,46886
319139261,46823
319146093,46826
319153649,46825
319161425,46829
319169047,46824
319176887,46813
319184502,46816
319192317,46817
319199894,46808
319208378,46815
319215983,46814
319223760,46811
319231340,46809
319239125,46807
319246701,46808
319260382,46794
319268207,46803
319275754,46793
319283576,46797
319291135,46805
319298818,46805
319306415,46796
319314236,46801
319321847,46804
319329717,46799
319337246,46811
319345009,46805
319352576,46799
319360362,46807
319367226,46801
319374846,46820
319382697,46821
319390242,46816
319398043,46824
319405572,46820
319413983,46822
319421522,46819
319429278,46823
319436870,46831
319444758,46827
319452271,46819
319460056,46825
319467613,46823
319475395,46831
319482165,46833
319489728,46827
319497563,46848
319505167,46847
319512930,46852
319520513,46859
319528303,46848
319535873,46863
319543665,46852
319551159,46856
319558837,46865
319566452,46863
319574254,46859
319581809,46863
319589641,46860
319597276,46866
319604075,46860
319618708,46908
319626189,46906
319633789,46910
319641662,46914
319649212,46910
319656994,46905
319664601,46907
319672349,46913
319679924,46914
319687739,46921
319695304,46916
319703097,46921
319710709,46913
319718560,46923
319726142,46924
319733904,46960
319740722,46953
319748206,46964
319755933,46927
319763497,46965
319771292,46969
319778890,46969
319786734,46971
319794243,46977
319802040,46930
319809622,46983
319817407,46983
319825015,46985
319833545,46992
319841157,46989
319848947,46986
319855803,47029
319863354,47033
319871117,47038
319878685,47028
319886419,47037
319893977,47039
319901798,47036
319909334,47042
319917161,47049
319924734,47051
319932529,47041
319940103,47055
319947874,47049
319961305,47053
319969140,47055
319976750,47108
319983640,47110
319991391,47107
319999028,47105
320006804,47093
320014341,47108
320022133,47104
320029742,47104
320037568,47103
320045869,47108
320053734,47102
320061262,47114
320069030,47097
320076647,47087
320083502,47094
320098115,47015
320105656,47014
320113457,47012
320121084,47012
320128813,47010
320136326,47015
320144144,47010
320151729,47004
320159542,47002
320167145,47009
320174853,47001
320182417,46991
320190229,47002
320197871,46989
320205716,46993
320213283,46938
320221061,46936
320228632,46943
320236374,46943
320243976,46934
320252447,46944
320260102,46945
320267904,46945
320275478,46937
320283271,46942
320290802,46943
320298666,46944
320306194,46939
320313965,46937
320320769,46941
320328282,46945
320336067,46925
320342150,46917
320349756,46914
320357555,46919
320365151,46920
320372932,46922
320380518,46920
320388304,46911
320395937,46919
320403767,46909
320411291,46912
320419076,46914
320426695,46906
320434297,46910
320441159,46915
320448761,46902
320461590,46920
320469186,46918
320476964,46915
320484560,46929
320492329,46915
320499899,46919
320507748,46913
320515298,46918
320523078,46919
320530658,46914
320538440,46920
320545998,46923
320553851,46924
320560642,46921
320568228,46919
320580363,46927
320587961,46940
320595803,46932
320603362,46932
320611147,46933
320618763,46934
320626578,46935
320634168,46937
320642004,46936
320649624,46940
320657432,46935
320665033,46936
320673451,46947
320680359,46947
320687983,46951
320700175,46964
320707751,46963
320715568,46962
320723221,46964
320731074,46972
320738689,46968
320746472,46962
320754086,46962
320761804,46965
320769372,46968
320777150,46970
320784742,46968
320792586,46971
320800189,46966
320807993,46972
320814798,47003
320822367,47006
320830156,47008
320837752,47012
320845567,47014
320853168,47015
320860929,47020
320868492,47010
320876344,47022
320884470,47018
320892253,47012
320899800,47015
320907689,47018
320915258,47009
320923058,47018
320929858,47025
320936676,47063
320944217,47059
320951961,47065
320959509,47068
320967344,47062
320974941,47076
320982747,47072
320990293,47075
320998106,47083
321005696,47082
321013460,47082
321021086,47089
321028830,47084
321036403,47083
321043287,47090
321050144,47084
321063111,47050
321070836,47050
321078383,47047
321086175,47048
321094374,47032
321102164,47041
321109799,47039
321117628,47032
321125185,47036
321132964,47029
321140507,47038
321148364,47029
321155934,47035
321162827,47030
321169649,47027
321182695,46989
321197083,46995
321204669,46986
321212546,46988
321220153,46993
321227945,46987
321235496,46987
321243328,46981
321250931,46978
321258783,46989
321266387,46986
321274209,46985
321281063,46979
321288607,46986
321295416,46973
321303194,46977
321311428,46978
321319236,46971
321326807,46980
321334687,46978
321342187,46977
321349914,46976
321357489,46976
321365251,46977
321372789,46977
321380655,46977
321388240,46974
321396037,46977
321403616,46978
321411400,46989
321418986,46989
321426804,46988
321434376,46990
321442165,46983
321449750,46985
321457566,46990
321465185,46997
321472960,46993
321480496,46995
321488306,46989
321495881,46992
321503723,46993
321511830,46992
321518764,46993
321525597,46993
321533349,47022
321540929,47015
321548725,47017
321556302,47017
321564053,47010
321571669,47021
321579450,47020
321587038,47022
321594848,47024
321602423,47030
321610249,47028
321617807,47032
321625694,47027
321633225,47024
321640031,47022
321646875,47035
321660560,47069
321668381,47069
321675996,47072
321683804,47070
321691365,47075
321699149,47070
321706772,47075
321714582,47074
321722830,47081
321730681,47079
321738224,47078
321745929,47087
321753468,47085
321761269,47085
321768095,47091
321775686,47111
321783474,47115
321791071,47114
321798854,47113
321806403,47117
321814169,47117
321821766,47121
321829567,47121
321837154,47120
321844918,47122
321852499,47117
321860328,47114
321867913,47119
321875736,47125
321883312,47120
321891124,47165
321898687,47167
321906481,47164
321914113,47172
321921881,47166
321930044,47173
321937862,47169
321945427,47173
321953171,47174
321960726,47175
321968515,47175
321976135,47169
321983949,47167
321991553,47175
321999320,47174
322006145,47179
322013764,47174
322020594,47173
322028383,47176
322035989,47167
322043806,47162
322051373,47157
322059185,47148
322066780,47147
322074596,47147
322082205,47146
322089931,47135
322097614,47137
322105448,47139
322113082,47142
322120909,47128
322128497,47128
322136311,47051
322144543,47047
322152390,47042
322160053,47047
322167860,47041
322175450,47043
322183300,47047
322190887,47036
322198738,47035
322206288,47030
322214046,47034
322221628,47038
322229412,47028
322237038,47028
322243904,47033
322257591,46986
322265421,46990
322273041,46982
322280836,46989
322288352,46985
322296139,46977
322303741,46980
322311566,46978
322319157,46973
322326957,46971
322334535,46974
322342342,46965
322350570,46968
322358393,46971
322365289,46959
322372868,46958
322380691,46944
322388267,46956
322396069,46954
322403669,46951
322411414,46955
322419038,46951
322433439,46955
322441241,46954
322448923,46952
322456762,46949
322464313,46956
322472074,46956
322478902,46957
322485743,46953
322493246,46955
322500073,46947
322507845,46950
322515486,46953
322523337,46944
322530921,46943
322538766,46951
322546298,46956
322554066,46942
322562199,46950
322570075,46952
322577671,46952
322585491,46954
322593125,46950
322600890,46951
322615261,46980
322623032,46984
322630623,46981
322638404,46982
322646013,46983
322653824,46985
322661418,46987
322669216,46989
322676770,46983
322684618,46983
322692210,46987
322700030,46986
322707558,46987
322715383,46987
322722996,46990
322730833,47014
322738377,47015
322746129,47022
322753741,47017
322761489,47019
322769743,47023
322777605,47027
322785193,47020
322792969,47025
322800580,47016
322808383,47019
322816004,47025
322823818,47025
322831370,47023
322838236,47032
322845034,47025
322852830,47070
322860400,47064
322868161,47064
322875735,47059
322883567,47057
322891132,47072
322898910,47065
322906467,47067
322914249,47065
322921849,47065
322929691,47070
322937248,47070
322944986,47069
322952563,47071
322959410,47083
322967233,47077
322974805,47109
322982223,47102
322989996,47113
322997618,47109
323005407,47113
323013012,47112
323020821,47109
323028377,47105
323036166,47108
323043715,47098
323051521,47094
323059162,47099
323066952,47092
323074510,47094
323082280,47084
323089851,47080
323097690,46992
323105228,46983
323112970,46984
323120555,46974
323128327,46976
323135869,46970
323143687,46970
323151256,46970
323159061,46967
323166688,46959
323174523,46961
323182143,46961
323190614,46958
323197440,46955
323205064,46951
323219741,46893
323227245,46886
323235011,46883
323242595,46881
323250469,46885
323258118,46884
323265928,46881
323273514,46890
323281318,46885
323288845,46883
323296708,46889
323304312,46888
323312118,46882
323319717,46878
323327481,46877
323335084,46847
323342804,46841
323350317,46839
323358123,46845
323365718,46836
323373522,46843
323381175,46837
323388876,46838
323397076,46837
323404840,46844
323412374,46835
323420176,46837
323427785,46838
323434720,46834
323442500,46828
323450164,46830
323457902,46816
323464693,46829
323472226,46820
323479937,46820
323487505,46824
323495329,46824
323502887,46820
323510746,46823
323518281,46823
323526073,46819
323533646,46813
323541402,46812
323548955,46823
323555877,46822
323563706,46821
323571276,46823
323579045,46826
323585853,46821
323593382,46824
323601174,46819
323609284,46825
323617080,46818
323624676,46814
323632442,46823
323640093,46828
323647901,46825
323655435,46822
323663201,46829
323677411,46831
323684300,46827
323698847,46840
323706438,46837
323714252,46840
323721876,46838
323729717,46840
323737250,46841
323744975,46835
323752554,46834
323760416,46837
323768003,46839
323775831,46840
323783400,46834
323790258,46832
323798030,46833
323805640,46829
323813469,46857
323821055,46861
323828875,46859
323836430,46859
323844223,46862
323851846,46868
323859725,46873
323867280,46876
323875053,46870
323882617,46875
323890429,46878
323898046,46880
323905856,46873
323913374,46879
323921133,46891
323928706,46887
323936441,46923
323944047,46921
323951879,46921
323959474,46919
323967312,46920
323974869,46916
323982710,46918
323990239,46922
323997987,46918
324005548,46919
324013350,46920
324020923,46912
324029399,46909
324036967,46914
324043815,46907
324051651,46905
324059225,46826
324067091,46831
324074623,46832
324082462,46833
324090069,46824
324097818,46815
324105373,46815
324113162,46809
324120712,46820
324128478,46818
324136027,46815
324143831,46813
324150709,46808
324158235,46807
324166005,46806
324173565,46806
324181368,46791
324188937,46783
324196738,46783
324204301,46777
324212090,46778
324219659,46769
324227452,46773
324235674,46770
324243433,46761
324251061,46765
324258847,46768
324266434,46756
324274221,46761
324281111,46764
324288726,46754
324296529,46758
324304159,46755
324311907,46759
324319448,46755
324327189,46756
324334784,46758
324342556,46757
324350156,46759
324357867,46759
324365446,46759
324373283,46759
324380850,46763
324388703,46761
324396251,46763
324403960,46762
324411543,46769
324419328,46757
324426900,46754
324434726,46753
324442210,46754
324449824,46764
324457659,46761
324465220,46759
324472918,46760
324480520,46766
324488339,46760
324495905,46760
324503776,46758
324510554,46765
324518206,46769
324525913,46764
324533461,46771
324541299,46801
324548905,46800
324556760,46799
324564362,46805
324572176,46800
324579745,46809
324587549,46809
324595168,46809
324602955,46809
324610520,46804
324618315,46809
324625895,46803
324633722,46802
324641264,46803
324649654,46809
324663311,46836
324670890,46843
324678723,46836
324685572,46838
324693175,46843
324700978,46846
324708560,46844
324716353,46851
324723917,46847
324731727,46846
324739268,46846
324747068,46853
324753884,46841
324760726,46851
324768277,46851
324781970,46897
324789818,46891
324797285,46888
324804059,46898
324811808,46897
324819366,46902
324827205,46906
324834803,46905
324842620,46909
324850215,46905
324857945,46908
324866169,46914
324873005,46912
324879877,46913
324887730,46914
324908060,46916
324915904,46914
324923564,46904
324931371,46902
324938938,46897
324946793,46891
324954348,46896
324962141,46890
324969755,46881
324977639,46879
324985257,46870
324992991,46870
325000566,46860
325015221,46794
325022803,46796
325030603,46790
325038194,46789
325046005,46785
325053587,46784
325061372,46781
325068908,46774
325077404,46763
325085047,46764
325092849,46765
325100361,46763
325107185,46764
325114921,46766
325122471,46763
325130261,46708
325137857,46704
325145667,46698
325153257,46697
325161027,46701
325168561,46700
325176345,46695
325183929,46698
325191785,46692
325199336,46696
325207116,46692
325214736,46692
325222533,46688
325230148,46684
325237012,46700
325244837,46690
325252435,46665
325259254,46658
325266986,46651
325274553,46674
325282405,46651
325290581,46664
325298396,46660
325305934,46653
325313748,46658
325321298,46662
325329132,46662
325336782,46662
325344635,46665
325352289,46661
325360043,46661
325367589,46657
325375385,46672
325382940,46677
325390755,46676
325398317,46680
325406091,46670
325413673,46677
325421416,46671
325429071,46666
325436871,46678
325444396,46683
325452154,46683
325459749,46679
325467562,46677
325474412,46680
325482058,46678
325489878,46684
325498182,46704
325505942,46709
325513466,46705
325521236,46706
325528820,46711
325536686,46711
325544267,46711
325552042,46714
325559629,46707
325567471,46713
325575026,46707
325582851,46716
325589750,46712
325597312,46711
325605049,46712
325619482,46748
325627267,46742
325634834,46750
325642626,46752
325650229,46756
325657989,46749
325665546,46750
325673381,46752
325680960,46751
325688817,46763
325696380,46762
325704788,46757
325712314,46764
325720100,46762
325727676,46763
325735441,46806
325742276,46803
325749840,46807
325757670,46796
325765245,46801
325773044,46799
325780605,46815
325788417,46804
325795968,46809
325803806,46814
325811332,46810
325819094,46813
325826656,46815
325834463,46818
325842074,46811
325849876,46818
325857402,46814
325865249,46822
325872885,46820
325880744,46814
325888330,46811
325896113,46801
325903692,46805
325912046,46788
325919642,46793
325927437,46790
325935046,46783
325942891,46780
325949746,46790
325957285,46775
325965060,46770
325979418,46694
325987185,46692
325994760,46697
326002608,46695
326010241,46694
326017951,46685
326025512,46683
326033345,46685
326040899,46679
326048743,46673
326056273,46675
326063998,46667
326070852,46670
326078459,46672
326086240,46655
326100667,46638
326108456,46634
326116613,46633
326124440,46633
326132051,46632
326146472,46632
326154328,46625
326161929,46627
326169773,46622
326177348,46618
326184192,46635
326190991,46637
326198837,46639
326213309,46604
326221147,46611
326228733,46610
326236522,46607
326244125,46606
326251952,46612
326259522,46610
326267371,46611
326274948,46608
326282757,46613
326290298,46615
326298074,46614
326304902,46614
326311711,46610
326319271,46610
326334529,46634
326342212,46632
326350032,46632
326357585,46637
326365394,46628
326372981,46631
326380832,46627
326387601,46632
326395195,46624
326403009,46635
326410590,46629
326418387,46625
326425963,46627
326433813,46630
326441343,46632
326449116,46665
326456696,46667
326464479,46667
326472077,46672
326479866,46670
326487413,46669
326495179,46663
326502760,46670
326510531,46670
326518149,46669
326525907,46671
326533479,46677
326541880,46675
326548704,46672
326556288,46672
326570257,46697
326577904,46698
326585716,46690
326593268,46693
326601124,46692
326608687,46694
326616312,46692
326623905,46698
326631769,46693
326639355,46696
326647175,46709
326654755,46705
326662589,46703
326669470,46708
326677077,46699
326691782,46731
326699380,46738
326707166,46735
326714770,46729
326722524,46742
326730161,46743
326737916,46740
326745509,46735
326753911,46733
326761452,46735
326769225,46734
326776790,46739
326783596,46738
326791366,46748
326798955,46742
326806785,46756
326814319,46753
326822096,46746
326829687,46748
326837489,46741
326845093,46734
326852889,46727
326860443,46725
326868228,46733
326875829,46724
326883591,46724
326891182,46714
326899019,46708
326906578,46710
326914383,46712
326928796,46642
326936633,46635
326944256,46637
326952028,46643
326960220,46637
326968005,46643
326975589,46635
326983399,46638
326990965,46634
326998835,46634
327006406,46628
327014178,46631
327021811,46626
327028592,46629
327036385,46629
327043947,46600
327051776,46607
327059346,46612
327067111,46607
327074693,46603
327082491,46599
327090087,46606
327097867,46606
327105386,46609
327113130,46602
327120713,46605
327128488,46602
327136096,46602
327143920,46602
327151475,46604
327159250,46596
327167407,46596
327175187,46600
327182759,46600
327190526,46605
327197410,46604
327204990,46599
327212894,46601
327220466,46603
327228241,46606
327235799,46602
327243531,46604
327251172,46600
327258909,46606
327265763,46603
327273305,46609
327281072,46604
327288614,46620
327296412,46615
327303977,46615
327311830,46618
327319322,46617
327327065,46625
327334618,46621
327342425,46622
327349984,46619
327357803,46625
327365361,46629
327373816,46626
327388026,46630
327395913,46633
327403489,46671
327411260,46673
327418919,46681
327426768,46675
327433629,46680
327441224,46682
327448960,46683
327456540,46690
327464362,46691
327472001,46689
327478899,46689
327486750,46692
327494309,46693
327501094,46690
327507954,46692
327515757,46694
327530149,46738
327537950,46737
327545536,46732
327552391,46733
327560189,46735
327567722,46742
327575554,46744
327583179,46747
327591588,46739
327599240,46744
327606985,46751
327614555,46751
327621383,46751
327628221,46752
327635988,46751
327650375,46795
327658159,46803
327665815,46804
327672669,46806
327680458,46811
327688032,46808
327695847,46803
327703401,46806
327711172,46808
327718803,46811
327726580,46810
327734203,46813
327741028,46816
327747921,46815
327755756,46823
327770112,46746
327777876,46743
327785450,46742
327792243,46733
327800006,46735
327808240,46737
327816010,46732
327823599,46727
327831406,46721
327838948,46721
327846768,46716
327854308,46707
327862085,46711
327869700,46714
327877491,46708
327885097,46639
327892888,46640
327900452,46635
327907283,46639
327914995,46696
327922573,46628
327930363,46633
327937976,46629
327945796,46631
327953436,46631
327961212,46628
327968812,46631
327976635,46628
327984225,46627
327991982,46636
327999534,46630
328007370,46608
328015488,46610
328023276,46615
328030859,46605
328038679,46610
328046251,46603
328054031,46604
328061598,46609
328069410,46601
328077005,46612
328084851,46606
328092345,46608
328099146,46603
328106907,46607
328114508,46602
328122282,46626
328129878,46626
328137704,46634
328145287,46632
328153116,46639
328160724,46628
328168488,46628
328176083,46625
328183879,46635
328191403,46639
328199218,46634
328206820,46637
328214613,46633
328222788,46633
328229609,46634
328237424,46636
328244969,46656
328252799,46655
328260412,46650
328267230,46657
328275043,46642
328282688,46654
328290503,46660
328298121,46660
328305903,46659
328313451,46653
328321268,46659
328328892,46663
328336741,46661
328344303,46661
328352042,46668
328359617,46664
328367393,46704
328374965,46704
328382794,46703
328390344,46703
328398055,46700
328405649,46712
328413488,46707
328421085,46712
328429561,46715
328437176,46710
328444958,46712
328452537,46711
328459373,46720
328467212,46717
328474843,46716
328489436,46755
328496972,46761
328504786,46759
328512324,46758
328520127,46773
328527734,46765
328535541,46770
328543137,46765
328550946,46769
328558497,46769
328566282,46772
328573894,46779
328581763,46780
328589313,46783
328597077,46785
328604617,46826
328619022,46820
328625899,46827
328633760,46819
328641996,46823
328649826,46823
328657404,46813
328665222,46825
328672857,46824
328680662,46814
328688326,46814
328694397,46809
328702006,46795
328708894,46800
328716699,46798
328724269,46702
328732036,46698
328739607,46689
328746438,46690
328754252,46682
328761827,46688
328769655,46672
328777249,46678
328785033,46678
328792611,46677
328800432,46684
328808016,46668
328814141,46674
328821753,46668
328828576,46669
328836387,46662
328851309,46613
328859096,46610
328865908,46612
328873412,46604
328881240,46615
328888842,46606
328896609,46613
328904209,46604
328911956,46607
328919519,46607
328927337,46607
328934170,46604
328941806,46602
328948639,46606
328956476,46609
328964024,46571
328971850,46572
328979336,46568
328987111,46567
328994710,46575
329002485,46568
329010125,46571
329017963,46571
329025515,46572
329033298,46571
329040887,46572
329048688,46571
329054894,46567
329063064,46564
329070895,46572
329078445,46565
329086247,46561
329093849,46568
329101615,46572
329109254,46561
329116970,46571
329124542,46561
329132351,46561
329139916,46562
329147756,46562
329155345,46566
329163135,46565
329169914,46566
329177421,46556
329185243,46551
329192802,46557
329200564,46562
329208198,46615
329215948,46619
329223467,46624
329231285,46614
329238854,46623
329246676,46620
329254274,46628
329262043,46630
329270224,46630
329278041,46637
329285570,46634
329293349,46627
329300911,46637
329307726,46627
329315538,46639
329323135,46645
329330920,46659
329338484,46660
329346265,46661
329353838,46657
329361611,46662
329369216,46664
329376958,46670
329384490,46674
329392273,46680
329399884,46677
329407670,46675
329415255,46673
329423026,46678
329430590,46672
329438411,46675
329452828,46711
329460614,46701
329468239,46716
329476649,46714
329484275,46709
329491990,46712
329499567,46715
329507378,46722
329514942,46720
329522784,46715
329529633,46710
329537238,46713
329544980,46714
329552530,46714
329560346,46717
329567895,46732
329575713,46723
329583324,46722
329590108,46727
329597920,46713
329605414,46717
329613209,46719
329620804,46705
329628586,46711
329636170,46701
329643978,46701
329650842,46698
329658414,46727
329666194,46699
329673040,46690
329680640,46687
329695816,46610
329703345,46600
329710160,46596
329717950,46585
329725522,46584
329733307,46582
329740901,46579
329748700,46579
329756312,46569
329764040,46561
329771581,46566
329779389,46558
329786228,46555
329793796,46543
329801598,46548
329809224,46463
329816997,46457
329824575,46453
329832379,46466
329839966,46448
329847808,46455
329862078,46445
329869988,46451
329877598,46446
329884452,46459
329892236,46441
329900345,46450
329907242,46446
329915043,46442
329922637,46447
329930447,46454
329938060,46456
329945896,46458
329953505,46453
329961299,46460
329968934,46461
329976779,46464
329984365,46465
329992152,46457
329999735,46461
330007495,46466
330015063,46458
330022884,46463
330030397,46468
330038238,46468
330052679,46496
330060489,46497
330067330,46498
330074947,46505
330082811,46504
330090339,46514
330098092,46507
330105705,46517
330114058,46514
330121629,46520
330129444,46509
330136993,46513
330143836,46517
330151607,46520
330159209,46521
330166955,46658
330174510,46655
330182312,46656
330189941,46665
330197803,46664
330205345,46670
330213114,46678
330220654,46681
330228472,46691
330236054,46698
330243864,46708
330251385,46703
330259173,46711
330266778,46718
330274586,46722
330282160,46731
330289953,46837
330297490,46840
330305279,46842
330312837,46844
330321228,46843
330328837,46855
330336678,46855
330344288,46851
330352042,46856
330359607,46860
330366494,46862
330374288,46866
330381873,46871
330388724,46864
330396537,46877
330404139,46876
330411904,46907
330419430,46908
330427208,46911
330434767,46909
330442583,46906
330450248,46915
330458019,46922
330465559,46917
330473403,46917
330480931,46921
330488727,46929
330496331,46930
330504052,46926
330511621,46925
330519408,46932
330534441,46879
330542186,46870
330549769,46860
330557575,46857
330565221,46855
330572991,46844
330580555,46837
330588358,46835
330595971,46829
330603810,46827
330611352,46821
330619056,46819
330625911,46810
330633440,46806
330641220,46810
330648819,46732
330656634,46733
330664244,46728
330671046,46727
330678825,46717
330686350,46720
330694091,46721
330701637,46721
330709447,46716
330717031,46718
330724905,46723
330733024,46718
330740905,46709
330747706,46709
330755335,46707
330763106,46703
330770763,46685
330778601,46674
330786221,46680
330794003,46684
330801590,46675
330809370,46674
330816978,46678
330824813,46670
330832404,46676
330840246,46674
330847052,46666
330854647,46674
330862416,46670
330870020,46667
330877829,46672
330885392,46670
330893147,46664
330900739,46652
330908523,46659
330916131,46660
330923926,46651
330931503,46657
330939279,46655
330947453,46653
330955235,46652
330962821,46645
330970630,46652
330978257,46658
330986020,46653
330993581,46646
331001401,46654
331015813,46663
331023561,46664
331031143,46668
331038986,46669
331046624,46674
331054436,46669
331062030,46668
331069848,46667
331077356,46664
331085066,46680
331099271,46679
331107100,46680
331113945,46670
331121516,46676
331129300,46722
331136875,46726
331144641,46731
331151471,46725
331159661,46724
331167474,46735
331175078,46736
331182901,46730
331190436,46734
331198244,46741
331205098,46744
331212667,46747
331220452,46746
331228031,46743
331235849,46746
331243370,46755
331251110,46770
331258711,46765
331266514,46777
331274076,46775
331281908,46779
331289449,46780
331297163,46771
331304749,46780
331312567,46775
331320177,46778
331327995,46776
331335588,46780
331343370,46777
331350963,46778
331358834,46786
331373883,46817
331381750,46813
331389355,46817
331397104,46812
331404640,46815
331412471,46814
331420022,46814
331427835,46813
331435394,46822
331442253,46824
331450003,46822
331457623,46823
331465438,46828
331472986,46829
331480827,46834
331495212,46850
331502982,46849
331510526,46850
331518335,46847
331525934,46849
331533804,46848
331541368,46843
331549159,46854
331556732,46845
331563607,46843
331571437,46837
331579660,46845
331587481,46843
331595138,46831
331609788,46821
331617360,46818
331625083,46823
331632633,46821
331640482,46811
331648061,46816
331655907,46827
331663424,46816
331671241,46815
331678070,46814
331685637,46809
331693476,46809
331701063,46811
331708925,46802
331714786,46807
331729425,46879
331736958,46878
331744782,46873
331752379,46876
331759175,46879
331767004,46890
331774580,46888
331782357,46882
331790457,46890
331797269,46894
331805023,46900
331812665,46893
331820458,46898
331828000,46906
331834065,46907
331848577,47061
331856367,47072
331863984,47073
331871831,47083
331878640,47094
331886263,47099
331894033,47104
331901616,47101
331909397,47109
331916233,47107
331923835,47115
331931605,47115
331939261,47122
331946984,47126
331953831,47126
331968227,47188
331976033,47183
331983619,47181
331991469,47189
331999638,47187
332007417,47182
332014976,47183
332022819,47186
332030422,47186
332038204,47186
332045785,47195
332053539,47193
332061164,47185
332068935,47195
332076481,47193
332084294,47234
332091867,47235
332099658,47235
332107273,47240
332115027,47240
332122588,47242
332130382,47241
332137930,47247
332145744,47235
332153332,47247
332161053,47249
332168641,47248
332176415,47245
332183976,47247
332190828,47254
332198622,47250
332206794,47284
332214607,47298
332222205,47290
332229985,47295
332237549,47292
332245322,47295
332252915,47298
332260719,47304
332268294,47303
332276045,47305
332283573,47315
332291361,47308
332298914,47312
332306749,47323
332314334,47316
332334920,47406
332342533,47406
332350360,47406
332357225,47406
332364815,47412
332372600,47413
332380197,47420
332388002,47427
332395649,47426
332403479,47427
332411065,47431
332419607,47438
332427237,47434
332441830,47419
332449397,47409
332457144,47408
332464747,47411
332472561,47406
332480089,47391
332487907,47395
332495433,47393
332503222,47386
332510817,47385
332518623,47386
332526241,47382
332533990,47376
332541548,47379
332549335,47372
332556947,47312
332564789,47311
332572351,47307
332580118,47308
332587699,47309
332595501,47308
332603085,47306
332610935,47313
332618430,47310
332626863,47311
332633722,47318
332641334,47311
332649052,47312
332656647,47316
332664438,47316
332672006,47335
332679850,47349
332687378,47349
332695105,47350
332702682,47348
332710515,47346
332717339,47344
332724931,47334
332732670,47345
332740282,47339
332748003,47346
332755532,47341
332763315,47337
332770905,47343
332778746,47343
332786378,47345
332794149,47345
332801754,47346
332809520,47350
332817099,47354
332824922,47353
332833031,47344
332840921,47353
332848493,47356
332856270,47351
332863853,47353
332870659,47354
332878436,47353
332885999,47353
332893856,47350
332901439,47351
332909228,47349
332916832,47349
332924646,47416
332932283,47413
332940008,47426
332947562,47423
332955367,47428
332962953,47435
332970838,47434
332978402,47435
332986166,47435
332993722,47438
333001516,47434
333009085,47441
333016886,47444
333024422,47441
333031289,47447
333046521,47479
333054332,47482
333061938,47480
333069732,47481
333077355,47484
333085201,47490
333092807,47482
333100629,47485
333108223,47488
333116011,47488
333123609,47498
333131391,47496
333138975,47500
333146792,47497
333154368,47499
333162096,47565
333169687,47565
333177469,47570
333185073,47566
333192937,47568
333199731,47571
333207338,47574
333215025,47569
333222617,47572
333230424,47576
333237987,47583
333245830,47572
333254067,47579
333261939,47572
333269447,47578
333284009,47630
333290857,47626
333298424,47625
333306232,47625
333313787,47621
333320635,47625
333328411,47625
333336004,47631
333343850,47626
333351427,47625
333359206,47628
333366804,47622
333374590,47620
333382208,47617
333389987,47625
333404410,47486
333412186,47486
333419773,47473
333427613,47478
333435211,47469
333442990,47470
333450559,47466
333458956,47465
333466528,47466
333474313,47454
333481937,47445
333489764,47450
333497419,47441
333505202,47439
333512766,47436
333520557,47222
333528098,47216
333535897,47211
333543458,47207
333551243,47203
333558091,47200
333572557,47190
333580237,47178
333588056,47182
333595617,47166
333603420,47164
333611030,47155
333618867,47144
333626440,47130
333640193,47023
333647994,47017
333655565,47022
333663333,47006
333671528,47017
333679347,47015
333686925,47016
333694732,47013
333702355,47014
333709180,47008
333717013,47005
333724580,47004
333732351,47003
333739911,47002
333747690,47009
333755308,47020
333763099,47020
333770649,47017
333778536,47026
333786169,47017
333793956,47019
333801454,47018
333809187,47013
333816714,47020
333824517,47013
333832081,47014
333839952,47014
333847568,47021
333855403,47017
333862992,47013
333870841,47016
333879004,46975
333886858,46972
333893708,46985
333901337,46978
333909103,46977
333915912,46979
333923461,46977
333931233,46977
333938832,46979
333946569,46975
333954187,46980
333962002,46982
333969567,46982
333977355,46983
333984970,46981
333999607,46964
334007216,46966
334014012,46965
334021862,46954
334029393,46954
334036163,46957
334043983,46958
334051549,46954
334059339,46958
334066914,46954
334073699,46957
334081469,46949
334089660,46952
334097593,46951
334105181,46962
334119060,46980
334126634,46977
334133477,46984
334141255,46983
334148832,46981
334155686,46985
334163491,46992
334171096,46984
334178942,46977
334186490,46996
334194326,46993
334201927,46996
334209776,47004
334217362,46993
334225176,46987
334238980,46951
334246796,46946
334253622,46945
334261228,46942
334269001,46940
334276522,46944
334284316,46937
334291862,46934
334300270,46933
334307880,46933
334315619,46933
334323221,46928
334331037,46928
334338642,46919
334346494,46925
334353381,46892
334360985,46882
334368860,46878
334376455,46883
334384215,46885
334391791,46889
334399576,46886
334407202,46886
334414984,46878
334422487,46880
334430278,46880
334437877,46880
334445648,46885
334453308,46890
334461057,46895
334468656,46893
334476444,46919
334484040,46920
334491850,46924
334499375,46923
334507814,46922
334514651,46922
334522297,46923
334530018,46920
334537625,46931
334545436,46925
334552980,46927
334560795,46931
334568371,46925
334576145,46923
334583703,46936
334598271,46961
334605832,46964
334613651,46961
334621295,46964
334629022,46976
334635822,46972
334643417,46987
334651180,46983
334658717,46982
334666528,46992
334674075,46998
334681940,47001
334689467,47000
334697233,47007
334704825,47009
334720225,47157
334727998,47160
334735574,47173
334743394,47175
334751030,47180
334758891,47181
334766487,47185
334774278,47193
334781867,47200
334789629,47199
334796409,47210
334810910,47213
334818545,47217
334833113,47386
334840739,47398
334848546,47397
334856144,47398
334863990,47406
334870805,47414
334878387,47406
334886168,47426
334893725,47435
334901528,47440
334909083,47443
334916909,47442
334924446,47445
334932904,47446
334940459,47454
334948293,47588
334955138,47592
334962738,47600
334970578,47608
334978132,47616
334985993,47607
334993521,47608
335001303,47615
335008887,47621
335016677,47622
335024334,47620
335032136,47621
335039718,47625
335047503,47625
335055059,47626
335062896,47622
335070465,47534
335078252,47526
335085862,47527
335093597,47518
335101193,47512
335108057,47506
335115891,47505
335123419,47509
335131148,47500
335139367,47506
335147098,47504
335153913,47492
335161476,47499
335169257,47494
335176848,47489
335184650,47493
335192215,47418
335200023,47412
335207546,47425
335215319,47421
335222176,47419
335229049,47421
335236585,47421
335244312,47424
335251895,47422
335259694,47431
335267328,47427
335274161,47443
335281983,47439
335289489,47443
335297279,47448
335304882,47443
335312647,47545
335319494,47544
335327023,47547
335334866,47563
335341685,47561
335349306,47564
335357101,47559
335364681,47569
335372478,47568
335380047,47568
335387882,47564
335395420,47573
335403235,47565
335410891,47567
335418716,47570
335426352,47570
335434162,47470
335441724,47468
335449526,47457
335457052,47453
335463907,47439
335471677,47443
335479303,47426
335487087,47427
335494673,47419
335502495,47401
335510101,47398
335517955,47395
335525506,47384
335533282,47387
335540875,47374
335548687,47372
335556920,47288
335564681,47278
335572327,47280
335580092,47275
335587697,47274
335595503,47268
335603123,47272
335610976,47260
335618547,47260
335626350,47257
335633214,47255
335640788,47253
335648559,47245
335656187,47241
335664043,47239
335671640,47233
335678444,47160
335686262,47160
335693851,47153
335701657,47153
335709264,47151
335717053,47146
335724639,47149
335732452,47140
335740032,47144
335747905,47145
335755419,47134
335763831,47133
335771460,47124
335779272,47135
335786874,47116
335801516,47052
335809129,47053
335816994,47045
335824572,47058
335832358,47050
335839979,47046
335847804,47051
335855362,47047
335863151,47050
335869992,47048
335877564,47044
335885347,47046
335892954,47039
335900781,47040
335908354,47045
335916145,47023
335923741,47017
335931522,47016
335939104,47015
335946992,47019
335954534,47021
335962316,47020
335970533,47006
335978340,47013
335985932,47015
335993701,47012
336001333,47014
336009114,47009
336016711,47010
336024559,47009
336032154,47005
336045886,46804
336053475,46814
336060383,46803
336067203,46800
336075058,46798
336082628,46795
336090417,46782
336098008,46785
336105800,46782
336113411,46779
336121111,46776
336128672,46765
336136447,46771
336144012,46767
336151880,46757
336159449,46679
336167217,46692
336174734,46680
336181557,46680
336189960,46682
336197469,46675
336205220,46679
336212763,46669
336220580,46672
336227416,46664
336234984,46668
336242793,46662
336250361,46663
336258168,46662
336265713,46665
336280364,46611
336287942,46608
336295715,46608
336303320,46603
336310161,46601
336317952,46598
336325466,46597
336333229,46595
336340800,46597
336347617,46595
336355459,46603
336363044,46592
336370896,46588
336378453,46585
336386164,46592
336394304,46585
336401173,46588
336409023,46579
336416582,46579
336424416,46580
336431996,46577
336439819,46586
336447382,46589
336455148,46588
336462689,46585
336470476,46584
336478055,46593
336485888,46591
336493490,46591
336501324,46582
336508888,46590
336515730,46611
336523545,46605
336531137,46605
336538996,46611
336546548,46603
336554336,46617
336561902,46619
336569682,46616
336577270,46616
336584132,46619
336591983,46617
336599477,46627
336607911,46629
336615498,46631
336623318,46640
336630905,46634
336638651,46779
336646233,46782
336654027,46787
336661590,46797
336669351,46803
336676916,46804
336684682,46809
336692310,46815
336700076,46816
336707673,46827
336715499,46834
336723036,46837
336730821,46838
336738431,46837
336746221,46854
336760632,46967
336768452,46968
336776035,46969
336783921,46967
336791464,46967
336799213,46968
336806784,46961
336815115,46966
336822700,46964
336830477,46959
336838053,46963
336845911,46959
336853467,46959
336861292,46964
336868912,46957
336876708,46803
336884349,46797
336892098,46801
336899652,46793
336906536,46795
336914327,46785
336921903,46778
336929661,46760
336937257,46765
336945052,46759
336952588,46757
336960404,46758
336967981,46760
336975787,46753
336983399,46749
336991147,46753
336998713,46576
337006508,46572
337014089,46567
337022559,46560
337030166,46538
337038002,46542
337045502,46532
337053300,46522
337060854,46522
337068699,46521
337076326,46513
337084054,46507
337091622,46500
337099394,46493
337107006,46491
337121640,46275
337129241,46264
337137034,46254
337144607,46245
337152434,46237
337159267,46233
337166835,46226
337174660,46222
337181480,46207
337189068,46206
337196914,46208
337204464,46187
337212213,46188
337219759,46186
337228046,46176
337235586,45975
337243398,45975
337250992,45978
337258856,45963
337266478,45954
337280884,45942
337288670,45941
337295607,45938
337303227,45925
337311060,45920
337318655,45920
337326490,45915
337334074,45909
337341939,45906
337356320,45825
337364110,45820
337371664,45822
337379404,45816
337386979,45815
337394731,45814
337402317,45809
337410074,45801
337417618,45798
337425414,45790
337432994,45791
337441420,45788
337449015,45790
337456808,45787
337464434,45782
337472209,45744
337479752,45731
337487542,45740
337495118,45731
337502033,45734
337509837,45731
337516659,45724
337524279,45726
337532077,45721
337539695,45731
337547507,45722
337555057,45722
337562885,45724
337570466,45725
337578260,45723
337585863,45720
337593652,45703
337601289,45700
337609085,45700
337616658,45699
337624493,45689
337632064,45695
337639925,45693
337648087,45686
337654922,45683
337662728,45684
337670369,45687
337678138,45683
337685712,45677
337693526,45679
337701116,45674
337708952,45670
337716481,45523
337724224,45516
337731776,45512
337739575,45513
337747157,45502
337754980,45496
337762596,45502
337770399,45490
337778014,45493
337785763,45493
337793401,45483
337801112,45488
337808730,45489
337816572,45484
337824153,45480
337838027,45406
337845569,45408
337853344,45404
337861516,45419
337869299,45410
337876909,45414
337884666,45416
337892257,45417
337900089,45426
337907668,45424
337915441,45418
337923058,45420
337930918,45418
337938449,45415
337946249,45449
337953827,45362
337961613,45355
337969222,45350
337977053,45363
337984590,45355
337992380,45355
337999971,45359
338007754,45367
338015343,45358
338023090,45362
338030652,45365
338038478,45370
338046013,45364
338053839,45365
338062063,45364
338069949,45364
338076837,45365
338084398,45364
338092167,45366
338099717,45360
338106527,45362
338114300,45359
338121903,45358
338129701,45362
338137303,45370
338145135,45361
338152725,45363
338160537,45362
338168091,45370
338175944,45360
338183521,45367
338197353,45366
338204956,45367
338212727,45362
338220323,45361
338227120,45366
338234927,45367
338242493,45365
338249304,45359
338257063,45362
338264612,45365
338272985,45373
338280517,45366
338288321,45365
338295859,45367
338303644,45357
338311240,45398
338319054,45406
338326543,45401
338334316,45395
338341903,45389
338349673,45398
338357300,45394
338365079,45400
338372602,45399
338380346,45387
338387931,45393
338395744,45393
338403349,45388
338411137,45396
338418713,45395
338426489,45396
338434066,45434
338441842,45433
338449464,45439
338457155,45430
338464030,45437
338471588,45433
338480028,45432
338487567,45430
338494401,45440
338502172,45439
338509763,45435
338524228,45443
338532112,45440
338539729,45436
338554390,45340
338561974,45344
338569809,45340
338577399,45334
338585190,45326
338592795,45437
338600568,45324
338608148,45322
338615984,45319
338623562,45318
338631326,45319
338638912,45307
338646656,45304
338654235,45304
338662034,45306
338669595,45227
338677412,45222
338685017,45233
338693393,45225
338700266,45220
338707805,45226
338715591,45232
338723166,45218
338729995,45224
338737825,45223
338745481,45217
338753214,45219
338760780,45218
338768562,45226
338776129,45217
338784012,45228
338791547,45209
338799302,45209
338806901,45201
338814697,45206
338821494,45202
338829069,45203
338836907,45209
338844459,45208
338851250,45203
338859064,45202
338866650,45200
338874483,45205
338882045,45215
338889852,45210
338897448,45215
338905856,45210
338913447,45262
338921214,45260
338928778,45253
338936647,45263
338944183,45257
338952023,45255
338959592,45255
338966373,45263
338974099,45258
338981691,45262
338989514,45256
338997097,45255
339004931,45266
339012504,45265
339020278,45272
339027907,45265
339035662,45328
339043272,45321
339051083,45327
339058686,45335
339066421,45336
339074018,45332
339081838,45338
339089417,45340
339097114,45343
339104631,45339
339113013,45341
339120546,45340
339128349,45346
339135933,45343
339143748,45351
339158193,45401
339166037,45410
339173593,45405
339181389,45413
339188958,45405
339196712,45412
339204382,45409
339210483,45414
339218072,45414
339225929,45414
339233460,45413
339241300,45413
339248881,45415
339256635,45414
339264185,45421
339278910,45461
339286490,45454
339294208,45453
339301025,45448
339308576,45456
339316383,45465
339324533,45464
339331367,45464
339339176,45467
339346717,45468
339354473,45468
339362098,45473
339369961,45473
339377532,45478
339385321,45482
339392902,45403
339400711,45392
339408354,45389
339416114,45388
339423644,45391
339431395,45379
339439002,45377
339446759,45368
339454362,45361
339462078,45362
339469717,45353
339477487,45352
339485077,45347
339492935,45344
339500498,45347
339508277,45335
339515865,45268
339523648,45262
339531855,45260
339538657,45261
339546436,45254
339554017,45257
339561817,45262
339568692,45257
339576299,45256
339584094,45253
339591692,45246
339599505,45247
339607085,45256
339614921,45249
339622498,45249
339630215,45241
339637781,45197
339645599,45201
339653196,45195
339661012,45198
339668565,45196
339676350,45203
339683875,45196
339691628,45190
339699200,45198
339707035,45191
339714552,45191
339722317,45193
339729931,45195
339738353,45196
339745960,45195
339760327,45213
339767965,45221
339774809,45226
339782669,45214
339790287,45219
339798093,45223
339804923,45219
339812472,45222
339820184,45218
339827785,45225
339835602,45224
339843192,45225
339851023,45225
339858590,45225
339866388,45230
339873994,45233
339881739,45232
339888579,45230
339896120,45235
339903896,45234
339911505,45239
339919284,45228
339926891,45241
339934716,45241
339942295,45241
339950753,45237
339958371,45232
339966098,45241
339973673,45249
339981467,45249
339989094,45249
339996936,45288
340003777,45302
340011410,45296
340019152,45293
340026727,45299
340034547,45298
340042107,45297
340049968,45301
340056762,45298
340064384,45293
340072149,45308
340079748,45301
340087541,45302
340095114,45308
340102947,45296
340110482,45299
340118282,45333
340125857,45326
340133650,45329
340141260,45339
340149051,45322
340157162,45329
340164058,45330
340171885,45338
340178691,45334
340186294,45336
340194098,45336
340201611,45336
340209369,45338
340216961,45343
340224758,45343
340232367,45346
340240128,45388
340247701,45380
340255509,45392
340263105,45396
340270897,45391
340278476,45397
340286300,45400
340293895,45402
340301671,45404
340309301,45400
340317122,45408
340324657,45404
340332398,45416
340339991,45403
340347759,45413
340355371,45409
340363113,45310
340371405,45297
340378223,45298
340386032,45304
340393523,45289
340401289,45293
340408837,45289
340416594,45287
340424144,45288
340431972,45284
340439552,45284
340447328,45285
340454913,45279
340462738,45270
340470374,45282
340484974,45249
340492491,45252
340500285,45249
340507901,45246
340515646,45242
340523262,45241
340531078,45251
340538616,45244
340546393,45237
340553982,45234
340561738,45236
340569354,45226
340577837,45247
340585485,45238
340593237,45240
340600779,45233
340607591,45234
340615357,45232
340622959,45228
340630773,45231
340638379,45240
340645166,45231
340653038,45233
340660571,45231
340668358,45230
340675971,45231
340683746,45229
340691347,45228
340699075,45234
340706609,45238
340714406,45239
340722004,45274
340729775,45272
340737363,45267
340745112,45278
340752673,45275
340760469,45275
340768037,45278
340775863,45276
340783409,45281
340790978,45278
340798767,45281
340806407,45282
340814112,45281
340821688,45286
340829510,45278
340837074,45288
340844945,45297
340852512,45287
340860303,45293
340867877,45284
340875671,45296
340883201,45300
340891046,45291
340898600,45293
340906397,45297
340914000,45295
340921836,45291
340929466,45297
340937247,45296
340944806,45296
340952607,45297
340967046,45315
340974904,45321
340982529,45324
340997618,45330
341005273,45322
341013120,45331
341020676,45329
341028473,45330
341036112,45300
341043974,45336
341051543,45329
341059317,45329
341066977,45330
341081606,45346
341088398,45353
341095979,45357
341102846,45353
341110665,45347
341118285,45349
341126097,45353
341133652,45351
341141443,45356
341149025,45362
341156874,45363
341164514,45366
341172271,45360
341179899,45364
341187736,45363
341202182,45392
341210660,45390
341218233,45391
341226105,45398
341233663,45403
341240522,45407
341248300,45402
341255875,45392
341263658,45401
341271272,45402
341279084,45400
341286612,45398
341294404,45369
341302002,45397
341309777,45400
341317404,45329
341325178,45320
341332705,45320
341339541,45313
341347267,45316
341354806,45310
341362618,45316
341370190,45309
341378053,45307
341385589,45301
341393378,45300
341400973,45299
341408735,45299
341416895,45290
341424723,45295
341439201,45275
341447043,45281
341454631,45277
341462381,45283
341469962,45283
341477733,45281
341485337,45283
341493103,45287
341500681,45278
341508480,45292
341516047,45287
341523866,45293
341531487,45288
341539238,45292
341546769,45286
341554527,45259
341562135,45261
341568983,45258
341576792,45254
341584393,45257
341592186,45253
341599740,45262
341607521,45247
341615094,45249
341623512,45250
341631128,45248
341638970,45255
341646574,45251
341654345,45258
341661929,45253
341669715,45252
341677308,45248
341685111,45254
341692712,45250
341700523,45253
341708090,45253
341715927,45251
341722766,45245
341730387,45246
341738153,45242
341745753,45249
341753581,45254
341761204,45240
341769072,45250
341776620,45254
341784436,45253
341792016,45248
341799792,45287
341807386,45279
341815150,45278
341822018,45277
341830143,45283
341837987,45294
341845513,45297
341853325,45289
341860935,45298
341868682,45305
341876286,45300
341884091,45305
341891637,45308
341899444,45316
341907052,45319
341921740,45349
341929306,45349
341937139,45351
341944651,45358
341952449,45359
341959288,45360
341966906,45361
341974687,45367
341982324,45361
341990110,45356
341997686,45361
342005475,45367
342013063,45363
342020874,45362
342028460,45367
342036187,45402
342044428,45407
342051344,45406
342059145,45415
342066675,45412
342074459,45412
342082079,45415
342089908,45416
342097500,45416
342105247,45412
342112832,45426
342120631,45429
342128200,45427
342136045,45423
342143536,45432
342151315,45431
342158895,45477
342166680,45491
342174302,45485
342182095,45486
342189625,45485
342197393,45488
342204987,45500
342212800,45493
342220425,45501
342234907,45497
342241788,45499
342249424,45497
342257909,45494
342265512,45495
342280075,45418
342287646,45421
342295482,45427
342302338,45413
342309914,45419
342316778,45419
342324624,45409
342332143,45411
342339972,45406
342347526,45410
342355302,45408
342362133,45407
342369699,45405
342377511,45412
342385105,45409
342399711,45386
342407299,45386
342414132,45390
342420921,45387
342428685,45387
342435494,45388
342443065,45383
342450884,45393
342458492,45392
342466927,45397
342474479,45390
342481303,45389
342489090,45396
342496647,45392
342504464,45392
342518903,45397
342526725,45414
342533503,45403
342540358,45412
342547919,45411
342554749,45411
342562536,45406
342570141,45409
342578019,45413
342585593,45411
342593350,45403
342600185,45414
342607746,45416
342615546,45418
342623152,45414
342637873,45458
342645510,45461
342652356,45457
342660130,45456
342667712,45455
342674521,45451
342682925,45456
